source,target,source_basin_PTSD,target_basin_PTSD,source_basin_label_PTSD,target_basin_label_PTSD,count_PTSD,source_total_PTSD,probability_PTSD,subject_support_count_PTSD,subject_support_prop_PTSD,most_common_source_event_PTSD,most_common_target_event_PTSD,source_basin_HC,target_basin_HC,source_basin_label_HC,target_basin_label_HC,count_HC,source_total_HC,probability_HC,subject_support_count_HC,subject_support_prop_HC,most_common_source_event_HC,most_common_target_event_HC,source_basin,target_basin,source_basin_label,target_basin_label,PTSD_minus_HC_count,PTSD_minus_HC_probability,PTSD_minus_HC_subject_support_count,PTSD_minus_HC_subject_support_prop,abs_probability_difference
31,32,4.0,4.0,Global on,Global on,18.0,65.0,0.27692307692307694,11.0,0.4782608695652174,ITI,ITI,4.0,4.0,Global on,Global on,6.0,59.0,0.1016949152542373,5.0,0.20833333333333334,ITI,CS-,4.0,4.0,Global on,Global on,12.0,0.17522816166883964,6.0,0.26992753623188404,0.17522816166883964
11,32,0.0,0.0,0,0,0.0,0.0,0.0,0.0,0.0,0,0,1.0,4.0,Global off,Global on,2.0,12.0,0.16666666666666666,1.0,0.041666666666666664,ITI,CS-,1.0,4.0,Global off,Global on,-2.0,-0.16666666666666666,-1.0,-0.041666666666666664,0.16666666666666666
22,17,4.0,1.0,Global on,Global off,2.0,14.0,0.14285714285714285,2.0,0.08695652173913043,CS-,CS-,0.0,0.0,0,0,0.0,0.0,0.0,0.0,0.0,0,0,4.0,1.0,Global on,Global off,2.0,0.14285714285714285,2.0,0.08695652173913043,0.14285714285714285
22,31,4.0,4.0,Global on,Global on,2.0,14.0,0.14285714285714285,2.0,0.08695652173913043,CS+,CS+,0.0,0.0,0,0,0.0,0.0,0.0,0.0,0.0,0,0,4.0,4.0,Global on,Global on,2.0,0.14285714285714285,2.0,0.08695652173913043,0.14285714285714285
22,1,4.0,1.0,Global on,Global off,2.0,14.0,0.14285714285714285,2.0,0.08695652173913043,ITI,CS+,0.0,0.0,0,0,0.0,0.0,0.0,0.0,0.0,0,0,4.0,1.0,Global on,Global off,2.0,0.14285714285714285,2.0,0.08695652173913043,0.14285714285714285
17,1,1.0,1.0,Global off,Global off,14.0,58.0,0.2413793103448276,8.0,0.34782608695652173,ITI,ITI,1.0,1.0,Global off,Global off,8.0,77.0,0.1038961038961039,6.0,0.25,ITI,CS+,1.0,1.0,Global off,Global off,6.0,0.1374832064487237,2.0,0.09782608695652173,0.1374832064487237
11,13,1.0,2.0,Global off,Threat-like,2.0,15.0,0.13333333333333333,2.0,0.08695652173913043,CS+,CS+,0.0,0.0,0,0,0.0,0.0,0.0,0.0,0.0,0,0,1.0,2.0,Global off,Threat-like,2.0,0.13333333333333333,2.0,0.08695652173913043,0.13333333333333333
3,16,1.0,4.0,Global off,Global on,4.0,30.0,0.13333333333333333,4.0,0.17391304347826086,ITI,CS-,0.0,0.0,0,0,0.0,0.0,0.0,0.0,0.0,0,0,1.0,4.0,Global off,Global on,4.0,0.13333333333333333,4.0,0.17391304347826086,0.13333333333333333
11,20,1.0,3.0,Global off,Safety-like,2.0,15.0,0.13333333333333333,2.0,0.08695652173913043,CS-,CS-,0.0,0.0,0,0,0.0,0.0,0.0,0.0,0.0,0,0,1.0,3.0,Global off,Safety-like,2.0,0.13333333333333333,2.0,0.08695652173913043,0.13333333333333333
23,16,0.0,0.0,0,0,0.0,0.0,0.0,0.0,0.0,0,0,4.0,4.0,Global on,Global on,4.0,30.0,0.13333333333333333,4.0,0.16666666666666666,ITI,ITI,4.0,4.0,Global on,Global on,-4.0,-0.13333333333333333,-4.0,-0.16666666666666666,0.13333333333333333
22,14,0.0,0.0,0,0,0.0,0.0,0.0,0.0,0.0,0,0,4.0,2.0,Global on,Threat-like,1.0,8.0,0.125,1.0,0.041666666666666664,ITI,ITI,4.0,2.0,Global on,Threat-like,-1.0,-0.125,-1.0,-0.041666666666666664,0.125
22,28,0.0,0.0,0,0,0.0,0.0,0.0,0.0,0.0,0,0,4.0,4.0,Global on,Global on,1.0,8.0,0.125,1.0,0.041666666666666664,CS+,ITI,4.0,4.0,Global on,Global on,-1.0,-0.125,-1.0,-0.041666666666666664,0.125
27,18,4.0,3.0,Global on,Safety-like,3.0,24.0,0.125,3.0,0.13043478260869565,ITI,ITI,0.0,0.0,0,0,0.0,0.0,0.0,0.0,0.0,0,0,4.0,3.0,Global on,Safety-like,3.0,0.125,3.0,0.13043478260869565,0.125
22,30,0.0,0.0,0,0,0.0,0.0,0.0,0.0,0.0,0,0,4.0,4.0,Global on,Global on,1.0,8.0,0.125,1.0,0.041666666666666664,CS-,ITI,4.0,4.0,Global on,Global on,-1.0,-0.125,-1.0,-0.041666666666666664,0.125
3,29,0.0,0.0,0,0,0.0,0.0,0.0,0.0,0.0,0,0,1.0,2.0,Global off,Threat-like,3.0,27.0,0.1111111111111111,3.0,0.125,ITI,ITI,1.0,2.0,Global off,Threat-like,-3.0,-0.1111111111111111,-3.0,-0.125,0.1111111111111111
7,21,0.0,0.0,0,0,0.0,0.0,0.0,0.0,0.0,0,0,1.0,1.0,Global off,Global off,2.0,18.0,0.1111111111111111,1.0,0.041666666666666664,ITI,CS+,1.0,1.0,Global off,Global off,-2.0,-0.1111111111111111,-1.0,-0.041666666666666664,0.1111111111111111
7,20,0.0,0.0,0,0,0.0,0.0,0.0,0.0,0.0,0,0,1.0,3.0,Global off,Safety-like,2.0,18.0,0.1111111111111111,2.0,0.08333333333333333,CS-,CS-,1.0,3.0,Global off,Safety-like,-2.0,-0.1111111111111111,-2.0,-0.08333333333333333,0.1111111111111111
26,29,4.0,2.0,Global on,Threat-like,3.0,14.0,0.21428571428571427,3.0,0.13043478260869565,ITI,ITI,4.0,2.0,Global on,Threat-like,2.0,19.0,0.10526315789473684,2.0,0.08333333333333333,CS-,ITI,4.0,2.0,Global on,Threat-like,1.0,0.10902255639097744,1.0,0.04710144927536232,0.10902255639097744
18,5,3.0,1.0,Safety-like,Global off,4.0,37.0,0.10810810810810811,4.0,0.17391304347826086,CS-,CS-,0.0,0.0,0,0,0.0,0.0,0.0,0.0,0.0,0,0,3.0,1.0,Safety-like,Global off,4.0,0.10810810810810811,4.0,0.17391304347826086,0.10810810810810811
30,15,4.0,2.0,Global on,Threat-like,5.0,38.0,0.13157894736842105,5.0,0.21739130434782608,ITI,CS-,4.0,2.0,Global on,Threat-like,1.0,41.0,0.024390243902439025,1.0,0.041666666666666664,ITI,ITI,4.0,2.0,Global on,Threat-like,4.0,0.10718870346598203,4.0,0.17572463768115942,0.10718870346598203
6,20,1.0,3.0,Global off,Safety-like,1.0,24.0,0.041666666666666664,1.0,0.043478260869565216,ITI,CS+,1.0,3.0,Global off,Safety-like,4.0,27.0,0.14814814814814814,4.0,0.16666666666666666,ITI,ITI,1.0,3.0,Global off,Safety-like,-3.0,-0.10648148148148148,-3.0,-0.12318840579710144,0.10648148148148148
27,20,4.0,3.0,Global on,Safety-like,3.0,24.0,0.125,3.0,0.13043478260869565,ITI,ITI,4.0,3.0,Global on,Safety-like,6.0,26.0,0.23076923076923078,5.0,0.20833333333333334,ITI,ITI,4.0,3.0,Global on,Safety-like,-3.0,-0.10576923076923078,-2.0,-0.0778985507246377,0.10576923076923078
26,13,0.0,0.0,0,0,0.0,0.0,0.0,0.0,0.0,0,0,4.0,2.0,Global on,Threat-like,2.0,19.0,0.10526315789473684,2.0,0.08333333333333333,ITI,CS-,4.0,2.0,Global on,Threat-like,-2.0,-0.10526315789473684,-2.0,-0.08333333333333333,0.10526315789473684
4,2,3.0,1.0,Safety-like,Global off,7.0,61.0,0.11475409836065574,6.0,0.2608695652173913,CS-,ITI,3.0,1.0,Safety-like,Global off,1.0,72.0,0.013888888888888888,1.0,0.041666666666666664,ITI,CS-,3.0,1.0,Safety-like,Global off,6.0,0.10086520947176686,5.0,0.21920289855072464,0.10086520947176686
23,13,0.0,0.0,0,0,0.0,0.0,0.0,0.0,0.0,0,0,4.0,2.0,Global on,Threat-like,3.0,30.0,0.1,3.0,0.125,CS+,CS+,4.0,2.0,Global on,Threat-like,-3.0,-0.1,-3.0,-0.125,0.1
13,1,2.0,1.0,Threat-like,Global off,6.0,82.0,0.07317073170731707,6.0,0.2608695652173913,ITI,ITI,2.0,1.0,Threat-like,Global off,17.0,99.0,0.1717171717171717,12.0,0.5,CS+,ITI,2.0,1.0,Threat-like,Global off,-11.0,-0.09854644000985464,-6.0,-0.2391304347826087,0.09854644000985464
29,2,2.0,1.0,Threat-like,Global off,1.0,68.0,0.014705882352941176,1.0,0.043478260869565216,ITI,ITI,2.0,1.0,Threat-like,Global off,8.0,72.0,0.1111111111111111,5.0,0.20833333333333334,ITI,ITI,2.0,1.0,Threat-like,Global off,-7.0,-0.09640522875816993,-4.0,-0.16485507246376813,0.09640522875816993
30,29,4.0,2.0,Global on,Threat-like,1.0,38.0,0.02631578947368421,1.0,0.043478260869565216,ITI,ITI,4.0,2.0,Global on,Threat-like,5.0,41.0,0.12195121951219512,5.0,0.20833333333333334,CS+,CS-,4.0,2.0,Global on,Threat-like,-4.0,-0.09563543003851091,-4.0,-0.16485507246376813,0.09563543003851091
7,12,1.0,3.0,Global off,Safety-like,2.0,21.0,0.09523809523809523,2.0,0.08695652173913043,CS+,CS+,0.0,0.0,0,0,0.0,0.0,0.0,0.0,0.0,0,0,1.0,3.0,Global off,Safety-like,2.0,0.09523809523809523,2.0,0.08695652173913043,0.09523809523809523
12,32,3.0,4.0,Safety-like,Global on,4.0,23.0,0.17391304347826086,4.0,0.17391304347826086,CS+,CS-,3.0,4.0,Safety-like,Global on,3.0,38.0,0.07894736842105263,3.0,0.125,CS-,ITI,3.0,4.0,Safety-like,Global on,1.0,0.09496567505720824,1.0,0.048913043478260865,0.09496567505720824
23,30,4.0,4.0,Global on,Global on,3.0,32.0,0.09375,3.0,0.13043478260869565,ITI,CS+,0.0,0.0,0,0,0.0,0.0,0.0,0.0,0.0,0,0,4.0,4.0,Global on,Global on,3.0,0.09375,3.0,0.13043478260869565,0.09375
24,1,4.0,1.0,Global on,Global off,7.0,53.0,0.1320754716981132,7.0,0.30434782608695654,ITI,ITI,4.0,1.0,Global on,Global off,2.0,50.0,0.04,2.0,0.08333333333333333,CS-,CS-,4.0,1.0,Global on,Global off,5.0,0.0920754716981132,5.0,0.22101449275362323,0.0920754716981132
8,5,3.0,1.0,Safety-like,Global off,3.0,34.0,0.08823529411764706,3.0,0.13043478260869565,CS-,CS-,0.0,0.0,0,0,0.0,0.0,0.0,0.0,0.0,0,0,3.0,1.0,Safety-like,Global off,3.0,0.08823529411764706,3.0,0.13043478260869565,0.08823529411764706
21,19,0.0,0.0,0,0,0.0,0.0,0.0,0.0,0.0,0,0,1.0,3.0,Global off,Safety-like,3.0,34.0,0.08823529411764706,2.0,0.08333333333333333,ITI,ITI,1.0,3.0,Global off,Safety-like,-3.0,-0.08823529411764706,-2.0,-0.08333333333333333,0.08823529411764706
21,1,0.0,0.0,0,0,0.0,0.0,0.0,0.0,0.0,0,0,1.0,1.0,Global off,Global off,3.0,34.0,0.08823529411764706,3.0,0.125,ITI,ITI,1.0,1.0,Global off,Global off,-3.0,-0.08823529411764706,-3.0,-0.125,0.08823529411764706
6,7,1.0,1.0,Global off,Global off,3.0,24.0,0.125,3.0,0.13043478260869565,ITI,ITI,1.0,1.0,Global off,Global off,1.0,27.0,0.037037037037037035,1.0,0.041666666666666664,CS+,ITI,1.0,1.0,Global off,Global off,2.0,0.08796296296296297,2.0,0.08876811594202899,0.08796296296296297
6,16,1.0,4.0,Global off,Global on,3.0,24.0,0.125,2.0,0.08695652173913043,CS+,CS+,1.0,4.0,Global off,Global on,1.0,27.0,0.037037037037037035,1.0,0.041666666666666664,ITI,CS-,1.0,4.0,Global off,Global on,2.0,0.08796296296296297,1.0,0.04528985507246377,0.08796296296296297
7,32,1.0,4.0,Global off,Global on,3.0,21.0,0.14285714285714285,3.0,0.13043478260869565,CS+,ITI,1.0,4.0,Global off,Global on,1.0,18.0,0.05555555555555555,1.0,0.041666666666666664,CS+,CS+,1.0,4.0,Global off,Global on,2.0,0.0873015873015873,2.0,0.08876811594202899,0.0873015873015873
9,19,0.0,0.0,0,0,0.0,0.0,0.0,0.0,0.0,0,0,1.0,3.0,Global off,Safety-like,4.0,46.0,0.08695652173913043,3.0,0.125,ITI,ITI,1.0,3.0,Global off,Safety-like,-4.0,-0.08695652173913043,-3.0,-0.125,0.08695652173913043
24,32,4.0,4.0,Global on,Global on,6.0,53.0,0.11320754716981132,5.0,0.21739130434782608,ITI,CS+,4.0,4.0,Global on,Global on,10.0,50.0,0.2,8.0,0.3333333333333333,ITI,ITI,4.0,4.0,Global on,Global on,-4.0,-0.08679245283018869,-3.0,-0.11594202898550723,0.08679245283018869
5,2,0.0,0.0,0,0,0.0,0.0,0.0,0.0,0.0,0,0,1.0,1.0,Global off,Global off,5.0,58.0,0.08620689655172414,4.0,0.16666666666666666,CS-,CS-,1.0,1.0,Global off,Global off,-5.0,-0.08620689655172414,-4.0,-0.16666666666666666,0.08620689655172414
10,14,1.0,2.0,Global off,Threat-like,1.0,35.0,0.02857142857142857,1.0,0.043478260869565216,ITI,CS+,1.0,2.0,Global off,Threat-like,4.0,35.0,0.11428571428571428,3.0,0.125,CS+,ITI,1.0,2.0,Global off,Threat-like,-3.0,-0.08571428571428572,-2.0,-0.08152173913043478,0.08571428571428572
4,5,3.0,1.0,Safety-like,Global off,6.0,61.0,0.09836065573770492,4.0,0.17391304347826086,ITI,ITI,3.0,1.0,Safety-like,Global off,1.0,72.0,0.013888888888888888,1.0,0.041666666666666664,ITI,CS+,3.0,1.0,Safety-like,Global off,5.0,0.08447176684881602,3.0,0.1322463768115942,0.08447176684881602
11,23,0.0,0.0,0,0,0.0,0.0,0.0,0.0,0.0,0,0,1.0,4.0,Global off,Global on,1.0,12.0,0.08333333333333333,1.0,0.041666666666666664,CS-,CS-,1.0,4.0,Global off,Global on,-1.0,-0.08333333333333333,-1.0,-0.041666666666666664,0.08333333333333333
11,27,0.0,0.0,0,0,0.0,0.0,0.0,0.0,0.0,0,0,1.0,4.0,Global off,Global on,1.0,12.0,0.08333333333333333,1.0,0.041666666666666664,ITI,ITI,1.0,4.0,Global off,Global on,-1.0,-0.08333333333333333,-1.0,-0.041666666666666664,0.08333333333333333
27,31,4.0,4.0,Global on,Global on,2.0,24.0,0.08333333333333333,1.0,0.043478260869565216,CS+,CS+,0.0,0.0,0,0,0.0,0.0,0.0,0.0,0.0,0,0,4.0,4.0,Global on,Global on,2.0,0.08333333333333333,1.0,0.043478260869565216,0.08333333333333333
11,3,0.0,0.0,0,0,0.0,0.0,0.0,0.0,0.0,0,0,1.0,1.0,Global off,Global off,1.0,12.0,0.08333333333333333,1.0,0.041666666666666664,CS+,CS+,1.0,1.0,Global off,Global off,-1.0,-0.08333333333333333,-1.0,-0.041666666666666664,0.08333333333333333
27,24,4.0,4.0,Global on,Global on,2.0,24.0,0.08333333333333333,2.0,0.08695652173913043,CS+,CS-,0.0,0.0,0,0,0.0,0.0,0.0,0.0,0.0,0,0,4.0,4.0,Global on,Global on,2.0,0.08333333333333333,2.0,0.08695652173913043,0.08333333333333333
11,2,0.0,0.0,0,0,0.0,0.0,0.0,0.0,0.0,0,0,1.0,1.0,Global off,Global off,1.0,12.0,0.08333333333333333,1.0,0.041666666666666664,CS-,CS-,1.0,1.0,Global off,Global off,-1.0,-0.08333333333333333,-1.0,-0.041666666666666664,0.08333333333333333
11,10,0.0,0.0,0,0,0.0,0.0,0.0,0.0,0.0,0,0,1.0,1.0,Global off,Global off,1.0,12.0,0.08333333333333333,1.0,0.041666666666666664,CS+,ITI,1.0,1.0,Global off,Global off,-1.0,-0.08333333333333333,-1.0,-0.041666666666666664,0.08333333333333333
11,15,0.0,0.0,0,0,0.0,0.0,0.0,0.0,0.0,0,0,1.0,2.0,Global off,Threat-like,1.0,12.0,0.08333333333333333,1.0,0.041666666666666664,CS-,CS-,1.0,2.0,Global off,Threat-like,-1.0,-0.08333333333333333,-1.0,-0.041666666666666664,0.08333333333333333
21,31,1.0,4.0,Global off,Global on,3.0,27.0,0.1111111111111111,3.0,0.13043478260869565,ITI,CS+,1.0,4.0,Global off,Global on,1.0,34.0,0.029411764705882353,1.0,0.041666666666666664,CS-,CS-,1.0,4.0,Global off,Global on,2.0,0.08169934640522875,2.0,0.08876811594202899,0.08169934640522875
18,19,3.0,3.0,Safety-like,Safety-like,3.0,37.0,0.08108108108108109,3.0,0.13043478260869565,ITI,ITI,0.0,0.0,0,0,0.0,0.0,0.0,0.0,0.0,0,0,3.0,3.0,Safety-like,Safety-like,3.0,0.08108108108108109,3.0,0.13043478260869565,0.08108108108108109
18,20,3.0,3.0,Safety-like,Safety-like,3.0,37.0,0.08108108108108109,3.0,0.13043478260869565,ITI,ITI,0.0,0.0,0,0,0.0,0.0,0.0,0.0,0.0,0,0,3.0,3.0,Safety-like,Safety-like,3.0,0.08108108108108109,3.0,0.13043478260869565,0.08108108108108109
15,16,2.0,4.0,Threat-like,Global on,2.0,30.0,0.06666666666666667,2.0,0.08695652173913043,CS+,CS+,2.0,4.0,Threat-like,Global on,6.0,41.0,0.14634146341463414,6.0,0.25,CS+,ITI,2.0,4.0,Threat-like,Global on,-4.0,-0.07967479674796747,-4.0,-0.16304347826086957,0.07967479674796747
20,17,3.0,1.0,Safety-like,Global off,2.0,84.0,0.023809523809523808,2.0,0.08695652173913043,ITI,ITI,3.0,1.0,Safety-like,Global off,10.0,97.0,0.10309278350515463,8.0,0.3333333333333333,ITI,ITI,3.0,1.0,Safety-like,Global off,-8.0,-0.07928325969563083,-6.0,-0.24637681159420288,0.07928325969563083
25,2,0.0,0.0,0,0,0.0,0.0,0.0,0.0,0.0,0,0,1.0,1.0,Global off,Global off,3.0,38.0,0.07894736842105263,3.0,0.125,ITI,CS+,1.0,1.0,Global off,Global off,-3.0,-0.07894736842105263,-3.0,-0.125,0.07894736842105263
30,16,4.0,4.0,Global on,Global on,3.0,38.0,0.07894736842105263,3.0,0.13043478260869565,ITI,CS+,0.0,0.0,0,0,0.0,0.0,0.0,0.0,0.0,0,0,4.0,4.0,Global on,Global on,3.0,0.07894736842105263,3.0,0.13043478260869565,0.07894736842105263
27,1,0.0,0.0,0,0,0.0,0.0,0.0,0.0,0.0,0,0,4.0,1.0,Global on,Global off,2.0,26.0,0.07692307692307693,2.0,0.08333333333333333,ITI,CS+,4.0,1.0,Global on,Global off,-2.0,-0.07692307692307693,-2.0,-0.08333333333333333,0.07692307692307693
27,15,0.0,0.0,0,0,0.0,0.0,0.0,0.0,0.0,0,0,4.0,2.0,Global on,Threat-like,2.0,26.0,0.07692307692307693,2.0,0.08333333333333333,CS+,CS+,4.0,2.0,Global on,Threat-like,-2.0,-0.07692307692307693,-2.0,-0.08333333333333333,0.07692307692307693
27,13,0.0,0.0,0,0,0.0,0.0,0.0,0.0,0.0,0,0,4.0,2.0,Global on,Threat-like,2.0,26.0,0.07692307692307693,2.0,0.08333333333333333,CS+,ITI,4.0,2.0,Global on,Threat-like,-2.0,-0.07692307692307693,-2.0,-0.08333333333333333,0.07692307692307693
29,31,2.0,4.0,Threat-like,Global on,9.0,68.0,0.1323529411764706,6.0,0.2608695652173913,ITI,CS+,2.0,4.0,Threat-like,Global on,4.0,72.0,0.05555555555555555,4.0,0.16666666666666666,ITI,CS+,2.0,4.0,Threat-like,Global on,5.0,0.07679738562091504,2.0,0.09420289855072464,0.07679738562091504
20,28,3.0,4.0,Safety-like,Global on,8.0,84.0,0.09523809523809523,8.0,0.34782608695652173,ITI,ITI,3.0,4.0,Safety-like,Global on,2.0,97.0,0.020618556701030927,2.0,0.08333333333333333,ITI,ITI,3.0,4.0,Safety-like,Global on,6.0,0.07461953853706431,6.0,0.2644927536231884,0.07461953853706431
3,31,0.0,0.0,0,0,0.0,0.0,0.0,0.0,0.0,0,0,1.0,4.0,Global off,Global on,2.0,27.0,0.07407407407407407,2.0,0.08333333333333333,ITI,CS-,1.0,4.0,Global off,Global on,-2.0,-0.07407407407407407,-2.0,-0.08333333333333333,0.07407407407407407
3,17,0.0,0.0,0,0,0.0,0.0,0.0,0.0,0.0,0,0,1.0,1.0,Global off,Global off,2.0,27.0,0.07407407407407407,2.0,0.08333333333333333,CS+,ITI,1.0,1.0,Global off,Global off,-2.0,-0.07407407407407407,-2.0,-0.08333333333333333,0.07407407407407407
21,22,1.0,4.0,Global off,Global on,2.0,27.0,0.07407407407407407,1.0,0.043478260869565216,CS+,CS+,0.0,0.0,0,0,0.0,0.0,0.0,0.0,0.0,0,0,1.0,4.0,Global off,Global on,2.0,0.07407407407407407,1.0,0.043478260869565216,0.07407407407407407
6,5,0.0,0.0,0,0,0.0,0.0,0.0,0.0,0.0,0,0,1.0,1.0,Global off,Global off,2.0,27.0,0.07407407407407407,2.0,0.08333333333333333,CS+,CS+,1.0,1.0,Global off,Global off,-2.0,-0.07407407407407407,-2.0,-0.08333333333333333,0.07407407407407407
6,21,0.0,0.0,0,0,0.0,0.0,0.0,0.0,0.0,0,0,1.0,1.0,Global off,Global off,2.0,27.0,0.07407407407407407,2.0,0.08333333333333333,CS-,ITI,1.0,1.0,Global off,Global off,-2.0,-0.07407407407407407,-2.0,-0.08333333333333333,0.07407407407407407
21,9,1.0,1.0,Global off,Global off,2.0,27.0,0.07407407407407407,2.0,0.08695652173913043,CS+,CS+,0.0,0.0,0,0,0.0,0.0,0.0,0.0,0.0,0,0,1.0,1.0,Global off,Global off,2.0,0.07407407407407407,2.0,0.08695652173913043,0.07407407407407407
21,23,1.0,4.0,Global off,Global on,2.0,27.0,0.07407407407407407,2.0,0.08695652173913043,CS-,CS-,0.0,0.0,0,0,0.0,0.0,0.0,0.0,0.0,0,0,1.0,4.0,Global off,Global on,2.0,0.07407407407407407,2.0,0.08695652173913043,0.07407407407407407
30,5,0.0,0.0,0,0,0.0,0.0,0.0,0.0,0.0,0,0,4.0,1.0,Global on,Global off,3.0,41.0,0.07317073170731707,3.0,0.125,ITI,ITI,4.0,1.0,Global on,Global off,-3.0,-0.07317073170731707,-3.0,-0.125,0.07317073170731707
18,27,0.0,0.0,0,0,0.0,0.0,0.0,0.0,0.0,0,0,3.0,4.0,Safety-like,Global on,2.0,28.0,0.07142857142857142,2.0,0.08333333333333333,CS-,CS-,3.0,4.0,Safety-like,Global on,-2.0,-0.07142857142857142,-2.0,-0.08333333333333333,0.07142857142857142
18,6,0.0,0.0,0,0,0.0,0.0,0.0,0.0,0.0,0,0,3.0,1.0,Safety-like,Global off,2.0,28.0,0.07142857142857142,2.0,0.08333333333333333,ITI,CS-,3.0,1.0,Safety-like,Global off,-2.0,-0.07142857142857142,-2.0,-0.08333333333333333,0.07142857142857142
26,1,4.0,1.0,Global on,Global off,1.0,14.0,0.07142857142857142,1.0,0.043478260869565216,CS+,CS+,0.0,0.0,0,0,0.0,0.0,0.0,0.0,0.0,0,0,4.0,1.0,Global on,Global off,1.0,0.07142857142857142,1.0,0.043478260869565216,0.07142857142857142
22,9,4.0,1.0,Global on,Global off,1.0,14.0,0.07142857142857142,1.0,0.043478260869565216,CS+,CS+,0.0,0.0,0,0,0.0,0.0,0.0,0.0,0.0,0,0,4.0,1.0,Global on,Global off,1.0,0.07142857142857142,1.0,0.043478260869565216,0.07142857142857142
26,23,4.0,4.0,Global on,Global on,1.0,14.0,0.07142857142857142,1.0,0.043478260869565216,CS-,CS-,0.0,0.0,0,0,0.0,0.0,0.0,0.0,0.0,0,0,4.0,4.0,Global on,Global on,1.0,0.07142857142857142,1.0,0.043478260869565216,0.07142857142857142
26,2,4.0,1.0,Global on,Global off,1.0,14.0,0.07142857142857142,1.0,0.043478260869565216,ITI,ITI,0.0,0.0,0,0,0.0,0.0,0.0,0.0,0.0,0,0,4.0,1.0,Global on,Global off,1.0,0.07142857142857142,1.0,0.043478260869565216,0.07142857142857142
26,32,4.0,4.0,Global on,Global on,1.0,14.0,0.07142857142857142,1.0,0.043478260869565216,ITI,ITI,0.0,0.0,0,0,0.0,0.0,0.0,0.0,0.0,0,0,4.0,4.0,Global on,Global on,1.0,0.07142857142857142,1.0,0.043478260869565216,0.07142857142857142
22,4,4.0,3.0,Global on,Safety-like,1.0,14.0,0.07142857142857142,1.0,0.043478260869565216,ITI,CS-,0.0,0.0,0,0,0.0,0.0,0.0,0.0,0.0,0,0,4.0,3.0,Global on,Safety-like,1.0,0.07142857142857142,1.0,0.043478260869565216,0.07142857142857142
8,31,0.0,0.0,0,0,0.0,0.0,0.0,0.0,0.0,0,0,3.0,4.0,Safety-like,Global on,2.0,28.0,0.07142857142857142,2.0,0.08333333333333333,ITI,ITI,3.0,4.0,Safety-like,Global on,-2.0,-0.07142857142857142,-2.0,-0.08333333333333333,0.07142857142857142
8,30,0.0,0.0,0,0,0.0,0.0,0.0,0.0,0.0,0,0,3.0,4.0,Safety-like,Global on,2.0,28.0,0.07142857142857142,2.0,0.08333333333333333,CS-,CS+,3.0,4.0,Safety-like,Global on,-2.0,-0.07142857142857142,-2.0,-0.08333333333333333,0.07142857142857142
22,12,4.0,3.0,Global on,Safety-like,1.0,14.0,0.07142857142857142,1.0,0.043478260869565216,ITI,ITI,0.0,0.0,0,0,0.0,0.0,0.0,0.0,0.0,0,0,4.0,3.0,Global on,Safety-like,1.0,0.07142857142857142,1.0,0.043478260869565216,0.07142857142857142
8,6,0.0,0.0,0,0,0.0,0.0,0.0,0.0,0.0,0,0,3.0,1.0,Safety-like,Global off,2.0,28.0,0.07142857142857142,2.0,0.08333333333333333,CS-,ITI,3.0,1.0,Safety-like,Global off,-2.0,-0.07142857142857142,-2.0,-0.08333333333333333,0.07142857142857142
6,32,1.0,4.0,Global off,Global on,1.0,24.0,0.041666666666666664,1.0,0.043478260869565216,CS+,ITI,1.0,4.0,Global off,Global on,3.0,27.0,0.1111111111111111,3.0,0.125,ITI,CS+,1.0,4.0,Global off,Global on,-2.0,-0.06944444444444445,-2.0,-0.08152173913043478,0.06944444444444445
17,25,1.0,1.0,Global off,Global off,2.0,58.0,0.034482758620689655,2.0,0.08695652173913043,ITI,ITI,1.0,1.0,Global off,Global off,8.0,77.0,0.1038961038961039,5.0,0.20833333333333334,ITI,ITI,1.0,1.0,Global off,Global off,-6.0,-0.06941334527541425,-3.0,-0.12137681159420291,0.06941334527541425
14,29,2.0,2.0,Threat-like,Threat-like,2.0,43.0,0.046511627906976744,1.0,0.043478260869565216,CS-,CS-,2.0,2.0,Threat-like,Threat-like,6.0,52.0,0.11538461538461539,5.0,0.20833333333333334,CS+,ITI,2.0,2.0,Threat-like,Threat-like,-4.0,-0.06887298747763865,-4.0,-0.16485507246376813,0.06887298747763865
4,29,3.0,2.0,Safety-like,Threat-like,1.0,61.0,0.01639344262295082,1.0,0.043478260869565216,ITI,CS-,3.0,2.0,Safety-like,Threat-like,6.0,72.0,0.08333333333333333,5.0,0.20833333333333334,CS+,ITI,3.0,2.0,Safety-like,Threat-like,-5.0,-0.0669398907103825,-4.0,-0.16485507246376813,0.0669398907103825
3,4,1.0,3.0,Global off,Safety-like,2.0,30.0,0.06666666666666667,2.0,0.08695652173913043,CS-,ITI,0.0,0.0,0,0,0.0,0.0,0.0,0.0,0.0,0,0,1.0,3.0,Global off,Safety-like,2.0,0.06666666666666667,2.0,0.08695652173913043,0.06666666666666667
11,29,1.0,2.0,Global off,Threat-like,1.0,15.0,0.06666666666666667,1.0,0.043478260869565216,ITI,CS-,0.0,0.0,0,0,0.0,0.0,0.0,0.0,0.0,0,0,1.0,2.0,Global off,Threat-like,1.0,0.06666666666666667,1.0,0.043478260869565216,0.06666666666666667
3,23,1.0,4.0,Global off,Global on,2.0,30.0,0.06666666666666667,2.0,0.08695652173913043,ITI,ITI,0.0,0.0,0,0,0.0,0.0,0.0,0.0,0.0,0,0,1.0,4.0,Global off,Global on,2.0,0.06666666666666667,2.0,0.08695652173913043,0.06666666666666667
15,3,2.0,1.0,Threat-like,Global off,2.0,30.0,0.06666666666666667,2.0,0.08695652173913043,CS+,ITI,0.0,0.0,0,0,0.0,0.0,0.0,0.0,0.0,0,0,2.0,1.0,Threat-like,Global off,2.0,0.06666666666666667,2.0,0.08695652173913043,0.06666666666666667
11,9,1.0,1.0,Global off,Global off,1.0,15.0,0.06666666666666667,1.0,0.043478260869565216,ITI,ITI,0.0,0.0,0,0,0.0,0.0,0.0,0.0,0.0,0,0,1.0,1.0,Global off,Global off,1.0,0.06666666666666667,1.0,0.043478260869565216,0.06666666666666667
23,28,0.0,0.0,0,0,0.0,0.0,0.0,0.0,0.0,0,0,4.0,4.0,Global on,Global on,2.0,30.0,0.06666666666666667,2.0,0.08333333333333333,CS+,CS+,4.0,4.0,Global on,Global on,-2.0,-0.06666666666666667,-2.0,-0.08333333333333333,0.06666666666666667
15,20,2.0,3.0,Threat-like,Safety-like,2.0,30.0,0.06666666666666667,2.0,0.08695652173913043,ITI,ITI,0.0,0.0,0,0,0.0,0.0,0.0,0.0,0.0,0,0,2.0,3.0,Threat-like,Safety-like,2.0,0.06666666666666667,2.0,0.08695652173913043,0.06666666666666667
11,26,1.0,4.0,Global off,Global on,1.0,15.0,0.06666666666666667,1.0,0.043478260869565216,CS-,ITI,0.0,0.0,0,0,0.0,0.0,0.0,0.0,0.0,0,0,1.0,4.0,Global off,Global on,1.0,0.06666666666666667,1.0,0.043478260869565216,0.06666666666666667
23,10,0.0,0.0,0,0,0.0,0.0,0.0,0.0,0.0,0,0,4.0,1.0,Global on,Global off,2.0,30.0,0.06666666666666667,2.0,0.08333333333333333,CS-,CS-,4.0,1.0,Global on,Global off,-2.0,-0.06666666666666667,-2.0,-0.08333333333333333,0.06666666666666667
3,30,1.0,4.0,Global off,Global on,2.0,30.0,0.06666666666666667,2.0,0.08695652173913043,ITI,ITI,0.0,0.0,0,0,0.0,0.0,0.0,0.0,0.0,0,0,1.0,4.0,Global off,Global on,2.0,0.06666666666666667,2.0,0.08695652173913043,0.06666666666666667
11,21,1.0,1.0,Global off,Global off,1.0,15.0,0.06666666666666667,1.0,0.043478260869565216,CS-,CS-,0.0,0.0,0,0,0.0,0.0,0.0,0.0,0.0,0,0,1.0,1.0,Global off,Global off,1.0,0.06666666666666667,1.0,0.043478260869565216,0.06666666666666667
5,1,1.0,1.0,Global off,Global off,10.0,59.0,0.1694915254237288,8.0,0.34782608695652173,ITI,ITI,1.0,1.0,Global off,Global off,6.0,58.0,0.10344827586206896,6.0,0.25,CS+,ITI,1.0,1.0,Global off,Global off,4.0,0.06604324956165984,2.0,0.09782608695652173,0.06604324956165984
2,32,1.0,4.0,Global off,Global on,7.0,66.0,0.10606060606060606,4.0,0.17391304347826086,ITI,ITI,1.0,4.0,Global off,Global on,3.0,73.0,0.0410958904109589,2.0,0.08333333333333333,CS-,ITI,1.0,4.0,Global off,Global on,4.0,0.06496471564964716,2.0,0.09057971014492754,0.06496471564964716
17,13,0.0,0.0,0,0,0.0,0.0,0.0,0.0,0.0,0,0,1.0,2.0,Global off,Threat-like,5.0,77.0,0.06493506493506493,5.0,0.20833333333333334,ITI,ITI,1.0,2.0,Global off,Threat-like,-5.0,-0.06493506493506493,-5.0,-0.20833333333333334,0.06493506493506493
24,20,4.0,3.0,Global on,Safety-like,4.0,53.0,0.07547169811320754,4.0,0.17391304347826086,ITI,ITI,4.0,3.0,Global on,Safety-like,7.0,50.0,0.14,6.0,0.25,ITI,ITI,4.0,3.0,Global on,Safety-like,-3.0,-0.06452830188679247,-2.0,-0.07608695652173914,0.06452830188679247
17,32,1.0,4.0,Global off,Global on,9.0,58.0,0.15517241379310345,7.0,0.30434782608695654,CS-,ITI,1.0,4.0,Global off,Global on,7.0,77.0,0.09090909090909091,6.0,0.25,ITI,ITI,1.0,4.0,Global off,Global on,2.0,0.06426332288401254,1.0,0.05434782608695654,0.06426332288401254
7,1,1.0,1.0,Global off,Global off,1.0,21.0,0.047619047619047616,1.0,0.043478260869565216,ITI,CS+,1.0,1.0,Global off,Global off,2.0,18.0,0.1111111111111111,2.0,0.08333333333333333,CS-,CS-,1.0,1.0,Global off,Global off,-1.0,-0.06349206349206349,-1.0,-0.03985507246376811,0.06349206349206349
23,4,4.0,3.0,Global on,Safety-like,2.0,32.0,0.0625,1.0,0.043478260869565216,ITI,CS+,0.0,0.0,0,0,0.0,0.0,0.0,0.0,0.0,0,0,4.0,3.0,Global on,Safety-like,2.0,0.0625,1.0,0.043478260869565216,0.0625
28,1,4.0,1.0,Global on,Global off,6.0,60.0,0.1,3.0,0.13043478260869565,CS+,CS+,4.0,1.0,Global on,Global off,2.0,53.0,0.03773584905660377,2.0,0.08333333333333333,CS+,CS+,4.0,1.0,Global on,Global off,4.0,0.06226415094339623,1.0,0.04710144927536232,0.06226415094339623
12,16,3.0,4.0,Safety-like,Global on,1.0,23.0,0.043478260869565216,1.0,0.043478260869565216,CS-,CS-,3.0,4.0,Safety-like,Global on,4.0,38.0,0.10526315789473684,3.0,0.125,ITI,CS-,3.0,4.0,Safety-like,Global on,-3.0,-0.06178489702517162,-2.0,-0.08152173913043478,0.06178489702517162
12,14,3.0,2.0,Safety-like,Threat-like,1.0,23.0,0.043478260869565216,1.0,0.043478260869565216,CS+,ITI,3.0,2.0,Safety-like,Threat-like,4.0,38.0,0.10526315789473684,4.0,0.16666666666666666,ITI,ITI,3.0,2.0,Safety-like,Threat-like,-3.0,-0.06178489702517162,-3.0,-0.12318840579710144,0.06178489702517162
31,21,4.0,1.0,Global on,Global off,4.0,65.0,0.06153846153846154,4.0,0.17391304347826086,CS+,ITI,0.0,0.0,0,0,0.0,0.0,0.0,0.0,0.0,0,0,4.0,1.0,Global on,Global off,4.0,0.06153846153846154,4.0,0.17391304347826086,0.06153846153846154
29,20,2.0,3.0,Threat-like,Safety-like,7.0,68.0,0.10294117647058823,7.0,0.30434782608695654,ITI,ITI,2.0,3.0,Threat-like,Safety-like,3.0,72.0,0.041666666666666664,3.0,0.125,ITI,ITI,2.0,3.0,Threat-like,Safety-like,4.0,0.061274509803921566,4.0,0.17934782608695654,0.061274509803921566
12,24,3.0,4.0,Safety-like,Global on,2.0,23.0,0.08695652173913043,2.0,0.08695652173913043,CS+,ITI,3.0,4.0,Safety-like,Global on,1.0,38.0,0.02631578947368421,1.0,0.041666666666666664,CS+,CS+,3.0,4.0,Safety-like,Global on,1.0,0.06064073226544622,1.0,0.04528985507246377,0.06064073226544622
23,31,4.0,4.0,Global on,Global on,3.0,32.0,0.09375,3.0,0.13043478260869565,CS-,ITI,4.0,4.0,Global on,Global on,1.0,30.0,0.03333333333333333,1.0,0.041666666666666664,ITI,ITI,4.0,4.0,Global on,Global on,2.0,0.06041666666666667,2.0,0.08876811594202899,0.06041666666666667
23,20,4.0,3.0,Global on,Safety-like,3.0,32.0,0.09375,3.0,0.13043478260869565,CS-,ITI,4.0,3.0,Global on,Safety-like,1.0,30.0,0.03333333333333333,1.0,0.041666666666666664,CS+,CS+,4.0,3.0,Global on,Safety-like,2.0,0.06041666666666667,2.0,0.08876811594202899,0.06041666666666667
24,27,0.0,0.0,0,0,0.0,0.0,0.0,0.0,0.0,0,0,4.0,4.0,Global on,Global on,3.0,50.0,0.06,3.0,0.125,ITI,ITI,4.0,4.0,Global on,Global on,-3.0,-0.06,-3.0,-0.125,0.06
20,30,3.0,4.0,Safety-like,Global on,5.0,84.0,0.05952380952380952,4.0,0.17391304347826086,ITI,CS+,0.0,0.0,0,0,0.0,0.0,0.0,0.0,0.0,0,0,3.0,4.0,Safety-like,Global on,5.0,0.05952380952380952,4.0,0.17391304347826086,0.05952380952380952
13,15,2.0,2.0,Threat-like,Threat-like,1.0,82.0,0.012195121951219513,1.0,0.043478260869565216,ITI,CS+,2.0,2.0,Threat-like,Threat-like,7.0,99.0,0.0707070707070707,5.0,0.20833333333333334,ITI,ITI,2.0,2.0,Threat-like,Threat-like,-6.0,-0.058511948755851195,-4.0,-0.16485507246376813,0.058511948755851195
14,4,0.0,0.0,0,0,0.0,0.0,0.0,0.0,0.0,0,0,2.0,3.0,Threat-like,Safety-like,3.0,52.0,0.057692307692307696,3.0,0.125,ITI,ITI,2.0,3.0,Threat-like,Safety-like,-3.0,-0.057692307692307696,-3.0,-0.125,0.057692307692307696
10,17,1.0,1.0,Global off,Global off,3.0,35.0,0.08571428571428572,3.0,0.13043478260869565,CS+,ITI,1.0,1.0,Global off,Global off,1.0,35.0,0.02857142857142857,1.0,0.041666666666666664,CS-,ITI,1.0,1.0,Global off,Global off,2.0,0.05714285714285715,2.0,0.08876811594202899,0.05714285714285715
10,19,1.0,3.0,Global off,Safety-like,2.0,35.0,0.05714285714285714,2.0,0.08695652173913043,CS+,CS-,0.0,0.0,0,0,0.0,0.0,0.0,0.0,0.0,0,0,1.0,3.0,Global off,Safety-like,2.0,0.05714285714285714,2.0,0.08695652173913043,0.05714285714285714
10,2,1.0,1.0,Global off,Global off,2.0,35.0,0.05714285714285714,2.0,0.08695652173913043,CS-,ITI,1.0,1.0,Global off,Global off,4.0,35.0,0.11428571428571428,4.0,0.16666666666666666,ITI,CS+,1.0,1.0,Global off,Global off,-2.0,-0.05714285714285714,-2.0,-0.07971014492753623,0.05714285714285714
10,13,1.0,2.0,Global off,Threat-like,5.0,35.0,0.14285714285714285,4.0,0.17391304347826086,CS+,CS+,1.0,2.0,Global off,Threat-like,3.0,35.0,0.08571428571428572,3.0,0.125,CS-,CS+,1.0,2.0,Global off,Threat-like,2.0,0.057142857142857134,1.0,0.048913043478260865,0.057142857142857134
25,28,1.0,4.0,Global off,Global on,3.0,36.0,0.08333333333333333,3.0,0.13043478260869565,CS+,CS-,1.0,4.0,Global off,Global on,1.0,38.0,0.02631578947368421,1.0,0.041666666666666664,ITI,CS+,1.0,4.0,Global off,Global on,2.0,0.05701754385964912,2.0,0.08876811594202899,0.05701754385964912
28,25,0.0,0.0,0,0,0.0,0.0,0.0,0.0,0.0,0,0,4.0,1.0,Global on,Global off,3.0,53.0,0.05660377358490566,3.0,0.125,ITI,CS+,4.0,1.0,Global on,Global off,-3.0,-0.05660377358490566,-3.0,-0.125,0.05660377358490566
30,13,4.0,2.0,Global on,Threat-like,4.0,38.0,0.10526315789473684,4.0,0.17391304347826086,CS+,CS+,4.0,2.0,Global on,Threat-like,2.0,41.0,0.04878048780487805,2.0,0.08333333333333333,CS+,CS+,4.0,2.0,Global on,Threat-like,2.0,0.056482670089858786,2.0,0.09057971014492754,0.056482670089858786
23,32,4.0,4.0,Global on,Global on,5.0,32.0,0.15625,5.0,0.21739130434782608,ITI,CS-,4.0,4.0,Global on,Global on,3.0,30.0,0.1,3.0,0.125,CS+,ITI,4.0,4.0,Global on,Global on,2.0,0.056249999999999994,2.0,0.09239130434782608,0.056249999999999994
28,20,4.0,3.0,Global on,Safety-like,9.0,60.0,0.15,8.0,0.34782608695652173,ITI,CS-,4.0,3.0,Global on,Safety-like,5.0,53.0,0.09433962264150944,5.0,0.20833333333333334,ITI,ITI,4.0,3.0,Global on,Safety-like,4.0,0.055660377358490554,3.0,0.1394927536231884,0.055660377358490554
7,18,0.0,0.0,0,0,0.0,0.0,0.0,0.0,0.0,0,0,1.0,3.0,Global off,Safety-like,1.0,18.0,0.05555555555555555,1.0,0.041666666666666664,ITI,ITI,1.0,3.0,Global off,Safety-like,-1.0,-0.05555555555555555,-1.0,-0.041666666666666664,0.05555555555555555
25,14,1.0,2.0,Global off,Threat-like,2.0,36.0,0.05555555555555555,2.0,0.08695652173913043,ITI,CS+,0.0,0.0,0,0,0.0,0.0,0.0,0.0,0.0,0,0,1.0,2.0,Global off,Threat-like,2.0,0.05555555555555555,2.0,0.08695652173913043,0.05555555555555555
7,2,0.0,0.0,0,0,0.0,0.0,0.0,0.0,0.0,0,0,1.0,1.0,Global off,Global off,1.0,18.0,0.05555555555555555,1.0,0.041666666666666664,CS-,ITI,1.0,1.0,Global off,Global off,-1.0,-0.05555555555555555,-1.0,-0.041666666666666664,0.05555555555555555
25,8,1.0,3.0,Global off,Safety-like,2.0,36.0,0.05555555555555555,2.0,0.08695652173913043,CS+,ITI,0.0,0.0,0,0,0.0,0.0,0.0,0.0,0.0,0,0,1.0,3.0,Global off,Safety-like,2.0,0.05555555555555555,2.0,0.08695652173913043,0.05555555555555555
4,21,0.0,0.0,0,0,0.0,0.0,0.0,0.0,0.0,0,0,3.0,1.0,Safety-like,Global off,4.0,72.0,0.05555555555555555,4.0,0.16666666666666666,CS-,ITI,3.0,1.0,Safety-like,Global off,-4.0,-0.05555555555555555,-4.0,-0.16666666666666666,0.05555555555555555
7,3,0.0,0.0,0,0,0.0,0.0,0.0,0.0,0.0,0,0,1.0,1.0,Global off,Global off,1.0,18.0,0.05555555555555555,1.0,0.041666666666666664,ITI,ITI,1.0,1.0,Global off,Global off,-1.0,-0.05555555555555555,-1.0,-0.041666666666666664,0.05555555555555555
15,32,2.0,4.0,Threat-like,Global on,2.0,30.0,0.06666666666666667,2.0,0.08695652173913043,CS+,ITI,2.0,4.0,Threat-like,Global on,5.0,41.0,0.12195121951219512,5.0,0.20833333333333334,CS+,CS+,2.0,4.0,Threat-like,Global on,-3.0,-0.055284552845528454,-3.0,-0.12137681159420291,0.055284552845528454
15,9,2.0,1.0,Threat-like,Global off,2.0,30.0,0.06666666666666667,2.0,0.08695652173913043,ITI,ITI,2.0,1.0,Threat-like,Global off,5.0,41.0,0.12195121951219512,5.0,0.20833333333333334,ITI,ITI,2.0,1.0,Threat-like,Global off,-3.0,-0.055284552845528454,-3.0,-0.12137681159420291,0.055284552845528454
14,16,2.0,4.0,Threat-like,Global on,4.0,43.0,0.09302325581395349,4.0,0.17391304347826086,CS-,ITI,2.0,4.0,Threat-like,Global on,2.0,52.0,0.038461538461538464,2.0,0.08333333333333333,CS+,CS+,2.0,4.0,Threat-like,Global on,2.0,0.05456171735241502,2.0,0.09057971014492754,0.05456171735241502
30,9,4.0,1.0,Global on,Global off,3.0,38.0,0.07894736842105263,2.0,0.08695652173913043,ITI,ITI,4.0,1.0,Global on,Global off,1.0,41.0,0.024390243902439025,1.0,0.041666666666666664,ITI,ITI,4.0,1.0,Global on,Global off,2.0,0.0545571245186136,1.0,0.04528985507246377,0.0545571245186136
24,16,4.0,4.0,Global on,Global on,5.0,53.0,0.09433962264150944,5.0,0.21739130434782608,ITI,CS+,4.0,4.0,Global on,Global on,2.0,50.0,0.04,2.0,0.08333333333333333,CS+,CS+,4.0,4.0,Global on,Global on,3.0,0.05433962264150944,3.0,0.13405797101449274,0.05433962264150944
18,16,3.0,4.0,Safety-like,Global on,2.0,37.0,0.05405405405405406,2.0,0.08695652173913043,ITI,ITI,0.0,0.0,0,0,0.0,0.0,0.0,0.0,0.0,0,0,3.0,4.0,Safety-like,Global on,2.0,0.05405405405405406,2.0,0.08695652173913043,0.05405405405405406
18,29,3.0,2.0,Safety-like,Threat-like,2.0,37.0,0.05405405405405406,1.0,0.043478260869565216,CS-,ITI,0.0,0.0,0,0,0.0,0.0,0.0,0.0,0.0,0,0,3.0,2.0,Safety-like,Threat-like,2.0,0.05405405405405406,1.0,0.043478260869565216,0.05405405405405406
22,20,4.0,3.0,Global on,Safety-like,1.0,14.0,0.07142857142857142,1.0,0.043478260869565216,ITI,ITI,4.0,3.0,Global on,Safety-like,1.0,8.0,0.125,1.0,0.041666666666666664,CS-,ITI,4.0,3.0,Global on,Safety-like,0.0,-0.053571428571428575,0.0,0.0018115942028985518,0.053571428571428575
22,24,4.0,4.0,Global on,Global on,1.0,14.0,0.07142857142857142,1.0,0.043478260869565216,ITI,ITI,4.0,4.0,Global on,Global on,1.0,8.0,0.125,1.0,0.041666666666666664,ITI,CS-,4.0,4.0,Global on,Global on,0.0,-0.053571428571428575,0.0,0.0018115942028985518,0.053571428571428575
22,32,4.0,4.0,Global on,Global on,1.0,14.0,0.07142857142857142,1.0,0.043478260869565216,ITI,ITI,4.0,4.0,Global on,Global on,1.0,8.0,0.125,1.0,0.041666666666666664,CS-,CS-,4.0,4.0,Global on,Global on,0.0,-0.053571428571428575,0.0,0.0018115942028985518,0.053571428571428575
22,10,4.0,1.0,Global on,Global off,1.0,14.0,0.07142857142857142,1.0,0.043478260869565216,ITI,ITI,4.0,1.0,Global on,Global off,1.0,8.0,0.125,1.0,0.041666666666666664,ITI,ITI,4.0,1.0,Global on,Global off,0.0,-0.053571428571428575,0.0,0.0018115942028985518,0.053571428571428575
22,2,4.0,1.0,Global on,Global off,1.0,14.0,0.07142857142857142,1.0,0.043478260869565216,ITI,CS+,4.0,1.0,Global on,Global off,1.0,8.0,0.125,1.0,0.041666666666666664,ITI,CS-,4.0,1.0,Global on,Global off,0.0,-0.053571428571428575,0.0,0.0018115942028985518,0.053571428571428575
2,16,1.0,4.0,Global off,Global on,1.0,66.0,0.015151515151515152,1.0,0.043478260869565216,ITI,ITI,1.0,4.0,Global off,Global on,5.0,73.0,0.0684931506849315,5.0,0.20833333333333334,CS+,CS+,1.0,4.0,Global off,Global on,-4.0,-0.05334163553341635,-4.0,-0.16485507246376813,0.05334163553341635
29,13,2.0,2.0,Threat-like,Threat-like,3.0,68.0,0.04411764705882353,3.0,0.13043478260869565,ITI,ITI,2.0,2.0,Threat-like,Threat-like,7.0,72.0,0.09722222222222222,6.0,0.25,ITI,ITI,2.0,2.0,Threat-like,Threat-like,-4.0,-0.05310457516339869,-3.0,-0.11956521739130435,0.05310457516339869
18,28,3.0,4.0,Safety-like,Global on,2.0,37.0,0.05405405405405406,2.0,0.08695652173913043,CS+,CS+,3.0,4.0,Safety-like,Global on,3.0,28.0,0.10714285714285714,3.0,0.125,ITI,ITI,3.0,4.0,Safety-like,Global on,-1.0,-0.05308880308880308,-1.0,-0.03804347826086957,0.05308880308880308
25,23,0.0,0.0,0,0,0.0,0.0,0.0,0.0,0.0,0,0,1.0,4.0,Global off,Global on,2.0,38.0,0.05263157894736842,2.0,0.08333333333333333,ITI,ITI,1.0,4.0,Global off,Global on,-2.0,-0.05263157894736842,-2.0,-0.08333333333333333,0.05263157894736842
26,8,0.0,0.0,0,0,0.0,0.0,0.0,0.0,0.0,0,0,4.0,3.0,Global on,Safety-like,1.0,19.0,0.05263157894736842,1.0,0.041666666666666664,ITI,ITI,4.0,3.0,Global on,Safety-like,-1.0,-0.05263157894736842,-1.0,-0.041666666666666664,0.05263157894736842
26,27,0.0,0.0,0,0,0.0,0.0,0.0,0.0,0.0,0,0,4.0,4.0,Global on,Global on,1.0,19.0,0.05263157894736842,1.0,0.041666666666666664,CS-,CS-,4.0,4.0,Global on,Global on,-1.0,-0.05263157894736842,-1.0,-0.041666666666666664,0.05263157894736842
26,16,0.0,0.0,0,0,0.0,0.0,0.0,0.0,0.0,0,0,4.0,4.0,Global on,Global on,1.0,19.0,0.05263157894736842,1.0,0.041666666666666664,ITI,CS+,4.0,4.0,Global on,Global on,-1.0,-0.05263157894736842,-1.0,-0.041666666666666664,0.05263157894736842
26,30,0.0,0.0,0,0,0.0,0.0,0.0,0.0,0.0,0,0,4.0,4.0,Global on,Global on,1.0,19.0,0.05263157894736842,1.0,0.041666666666666664,ITI,CS-,4.0,4.0,Global on,Global on,-1.0,-0.05263157894736842,-1.0,-0.041666666666666664,0.05263157894736842
26,15,0.0,0.0,0,0,0.0,0.0,0.0,0.0,0.0,0,0,4.0,2.0,Global on,Threat-like,1.0,19.0,0.05263157894736842,1.0,0.041666666666666664,ITI,CS-,4.0,2.0,Global on,Threat-like,-1.0,-0.05263157894736842,-1.0,-0.041666666666666664,0.05263157894736842
25,31,0.0,0.0,0,0,0.0,0.0,0.0,0.0,0.0,0,0,1.0,4.0,Global off,Global on,2.0,38.0,0.05263157894736842,2.0,0.08333333333333333,ITI,CS+,1.0,4.0,Global off,Global on,-2.0,-0.05263157894736842,-2.0,-0.08333333333333333,0.05263157894736842
26,17,0.0,0.0,0,0,0.0,0.0,0.0,0.0,0.0,0,0,4.0,1.0,Global on,Global off,1.0,19.0,0.05263157894736842,1.0,0.041666666666666664,CS-,ITI,4.0,1.0,Global on,Global off,-1.0,-0.05263157894736842,-1.0,-0.041666666666666664,0.05263157894736842
12,5,0.0,0.0,0,0,0.0,0.0,0.0,0.0,0.0,0,0,3.0,1.0,Safety-like,Global off,2.0,38.0,0.05263157894736842,2.0,0.08333333333333333,ITI,ITI,3.0,1.0,Safety-like,Global off,-2.0,-0.05263157894736842,-2.0,-0.08333333333333333,0.05263157894736842
8,16,3.0,4.0,Safety-like,Global on,3.0,34.0,0.08823529411764706,3.0,0.13043478260869565,CS-,CS-,3.0,4.0,Safety-like,Global on,1.0,28.0,0.03571428571428571,1.0,0.041666666666666664,CS-,CS-,3.0,4.0,Safety-like,Global on,2.0,0.05252100840336135,2.0,0.08876811594202899,0.05252100840336135
8,32,3.0,4.0,Safety-like,Global on,3.0,34.0,0.08823529411764706,3.0,0.13043478260869565,ITI,ITI,3.0,4.0,Safety-like,Global on,1.0,28.0,0.03571428571428571,1.0,0.041666666666666664,ITI,CS+,3.0,4.0,Safety-like,Global on,2.0,0.05252100840336135,2.0,0.08876811594202899,0.05252100840336135
8,24,3.0,4.0,Safety-like,Global on,3.0,34.0,0.08823529411764706,2.0,0.08695652173913043,CS-,ITI,3.0,4.0,Safety-like,Global on,1.0,28.0,0.03571428571428571,1.0,0.041666666666666664,ITI,ITI,3.0,4.0,Safety-like,Global on,2.0,0.05252100840336135,1.0,0.04528985507246377,0.05252100840336135
31,19,4.0,3.0,Global on,Safety-like,1.0,65.0,0.015384615384615385,1.0,0.043478260869565216,CS-,CS-,4.0,3.0,Global on,Safety-like,4.0,59.0,0.06779661016949153,4.0,0.16666666666666666,ITI,ITI,4.0,3.0,Global on,Safety-like,-3.0,-0.05241199478487614,-3.0,-0.12318840579710144,0.05241199478487614
31,4,4.0,3.0,Global on,Safety-like,1.0,65.0,0.015384615384615385,1.0,0.043478260869565216,CS+,CS+,4.0,3.0,Global on,Safety-like,4.0,59.0,0.06779661016949153,4.0,0.16666666666666666,ITI,ITI,4.0,3.0,Global on,Safety-like,-3.0,-0.05241199478487614,-3.0,-0.12318840579710144,0.05241199478487614
5,4,1.0,3.0,Global off,Safety-like,1.0,59.0,0.01694915254237288,1.0,0.043478260869565216,ITI,CS+,1.0,3.0,Global off,Safety-like,4.0,58.0,0.06896551724137931,3.0,0.125,CS-,CS-,1.0,3.0,Global off,Safety-like,-3.0,-0.05201636469900643,-2.0,-0.08152173913043478,0.05201636469900643
19,20,3.0,3.0,Safety-like,Safety-like,4.0,51.0,0.0784313725490196,3.0,0.13043478260869565,ITI,ITI,3.0,3.0,Safety-like,Safety-like,6.0,46.0,0.13043478260869565,5.0,0.20833333333333334,ITI,CS-,3.0,3.0,Safety-like,Safety-like,-2.0,-0.05200341005967604,-2.0,-0.0778985507246377,0.05200341005967604
5,7,0.0,0.0,0,0,0.0,0.0,0.0,0.0,0.0,0,0,1.0,1.0,Global off,Global off,3.0,58.0,0.05172413793103448,3.0,0.125,CS+,ITI,1.0,1.0,Global off,Global off,-3.0,-0.05172413793103448,-3.0,-0.125,0.05172413793103448
29,32,2.0,4.0,Threat-like,Global on,5.0,68.0,0.07352941176470588,5.0,0.21739130434782608,ITI,CS-,2.0,4.0,Threat-like,Global on,9.0,72.0,0.125,8.0,0.3333333333333333,ITI,CS-,2.0,4.0,Threat-like,Global on,-4.0,-0.051470588235294115,-3.0,-0.11594202898550723,0.051470588235294115
32,31,4.0,4.0,Global on,Global on,4.0,131.0,0.030534351145038167,2.0,0.08695652173913043,CS+,CS-,4.0,4.0,Global on,Global on,10.0,122.0,0.08196721311475409,8.0,0.3333333333333333,ITI,ITI,4.0,4.0,Global on,Global on,-6.0,-0.05143286196971593,-6.0,-0.24637681159420288,0.05143286196971593
6,1,1.0,1.0,Global off,Global off,3.0,24.0,0.125,3.0,0.13043478260869565,ITI,CS-,1.0,1.0,Global off,Global off,2.0,27.0,0.07407407407407407,2.0,0.08333333333333333,ITI,ITI,1.0,1.0,Global off,Global off,1.0,0.05092592592592593,1.0,0.04710144927536232,0.05092592592592593
5,24,1.0,4.0,Global off,Global on,3.0,59.0,0.05084745762711865,3.0,0.13043478260869565,ITI,ITI,0.0,0.0,0,0,0.0,0.0,0.0,0.0,0.0,0,0,1.0,4.0,Global off,Global on,3.0,0.05084745762711865,3.0,0.13043478260869565,0.05084745762711865
14,20,2.0,3.0,Threat-like,Safety-like,3.0,43.0,0.06976744186046512,1.0,0.043478260869565216,ITI,ITI,2.0,3.0,Threat-like,Safety-like,1.0,52.0,0.019230769230769232,1.0,0.041666666666666664,ITI,CS-,2.0,3.0,Threat-like,Safety-like,2.0,0.050536672629695883,0.0,0.0018115942028985518,0.050536672629695883
13,17,0.0,0.0,0,0,0.0,0.0,0.0,0.0,0.0,0,0,2.0,1.0,Threat-like,Global off,5.0,99.0,0.050505050505050504,5.0,0.20833333333333334,ITI,ITI,2.0,1.0,Threat-like,Global off,-5.0,-0.050505050505050504,-5.0,-0.20833333333333334,0.050505050505050504
11,16,1.0,4.0,Global off,Global on,2.0,15.0,0.13333333333333333,2.0,0.08695652173913043,CS+,ITI,1.0,4.0,Global off,Global on,1.0,12.0,0.08333333333333333,1.0,0.041666666666666664,ITI,CS+,1.0,4.0,Global off,Global on,1.0,0.05,1.0,0.04528985507246377,0.05
11,1,1.0,1.0,Global off,Global off,2.0,15.0,0.13333333333333333,2.0,0.08695652173913043,CS+,CS-,1.0,1.0,Global off,Global off,1.0,12.0,0.08333333333333333,1.0,0.041666666666666664,CS+,CS+,1.0,1.0,Global off,Global off,1.0,0.05,1.0,0.04528985507246377,0.05
11,31,1.0,4.0,Global off,Global on,2.0,15.0,0.13333333333333333,2.0,0.08695652173913043,ITI,ITI,1.0,4.0,Global off,Global on,1.0,12.0,0.08333333333333333,1.0,0.041666666666666664,CS+,CS+,1.0,4.0,Global off,Global on,1.0,0.05,1.0,0.04528985507246377,0.05
5,29,1.0,2.0,Global off,Threat-like,6.0,59.0,0.1016949152542373,6.0,0.2608695652173913,ITI,ITI,1.0,2.0,Global off,Threat-like,3.0,58.0,0.05172413793103448,3.0,0.125,ITI,ITI,1.0,2.0,Global off,Threat-like,3.0,0.04997077732320281,3.0,0.1358695652173913,0.04997077732320281
9,5,1.0,1.0,Global off,Global off,2.0,53.0,0.03773584905660377,2.0,0.08695652173913043,ITI,ITI,1.0,1.0,Global off,Global off,4.0,46.0,0.08695652173913043,4.0,0.16666666666666666,CS-,CS-,1.0,1.0,Global off,Global off,-2.0,-0.04922067268252666,-2.0,-0.07971014492753623,0.04922067268252666
30,17,0.0,0.0,0,0,0.0,0.0,0.0,0.0,0.0,0,0,4.0,1.0,Global on,Global off,2.0,41.0,0.04878048780487805,2.0,0.08333333333333333,CS+,ITI,4.0,1.0,Global on,Global off,-2.0,-0.04878048780487805,-2.0,-0.08333333333333333,0.04878048780487805
9,4,1.0,3.0,Global off,Safety-like,6.0,53.0,0.11320754716981132,5.0,0.21739130434782608,ITI,ITI,1.0,3.0,Global off,Safety-like,3.0,46.0,0.06521739130434782,3.0,0.125,CS+,CS+,1.0,3.0,Global off,Safety-like,3.0,0.0479901558654635,2.0,0.09239130434782608,0.0479901558654635
9,32,1.0,4.0,Global off,Global on,6.0,53.0,0.11320754716981132,5.0,0.21739130434782608,ITI,ITI,1.0,4.0,Global off,Global on,3.0,46.0,0.06521739130434782,3.0,0.125,CS+,CS+,1.0,4.0,Global off,Global on,3.0,0.0479901558654635,2.0,0.09239130434782608,0.0479901558654635
28,19,4.0,3.0,Global on,Safety-like,4.0,60.0,0.06666666666666667,3.0,0.13043478260869565,ITI,ITI,4.0,3.0,Global on,Safety-like,1.0,53.0,0.018867924528301886,1.0,0.041666666666666664,ITI,ITI,4.0,3.0,Global on,Safety-like,3.0,0.04779874213836478,2.0,0.08876811594202899,0.04779874213836478
19,28,3.0,4.0,Safety-like,Global on,2.0,51.0,0.0392156862745098,2.0,0.08695652173913043,ITI,CS-,3.0,4.0,Safety-like,Global on,4.0,46.0,0.08695652173913043,4.0,0.16666666666666666,ITI,ITI,3.0,4.0,Safety-like,Global on,-2.0,-0.04774083546462063,-2.0,-0.07971014492753623,0.04774083546462063
19,29,3.0,2.0,Safety-like,Threat-like,2.0,51.0,0.0392156862745098,2.0,0.08695652173913043,CS-,CS-,3.0,2.0,Safety-like,Threat-like,4.0,46.0,0.08695652173913043,3.0,0.125,ITI,ITI,3.0,2.0,Safety-like,Threat-like,-2.0,-0.04774083546462063,-1.0,-0.03804347826086957,0.04774083546462063
2,1,1.0,1.0,Global off,Global off,14.0,66.0,0.21212121212121213,9.0,0.391304347826087,ITI,ITI,1.0,1.0,Global off,Global off,12.0,73.0,0.1643835616438356,10.0,0.4166666666666667,ITI,ITI,1.0,1.0,Global off,Global off,2.0,0.04773765047737652,-1.0,-0.025362318840579712,0.04773765047737652
7,27,1.0,4.0,Global off,Global on,1.0,21.0,0.047619047619047616,1.0,0.043478260869565216,ITI,ITI,0.0,0.0,0,0,0.0,0.0,0.0,0.0,0.0,0,0,1.0,4.0,Global off,Global on,1.0,0.047619047619047616,1.0,0.043478260869565216,0.047619047619047616
7,13,1.0,2.0,Global off,Threat-like,1.0,21.0,0.047619047619047616,1.0,0.043478260869565216,CS-,CS-,0.0,0.0,0,0,0.0,0.0,0.0,0.0,0.0,0,0,1.0,2.0,Global off,Threat-like,1.0,0.047619047619047616,1.0,0.043478260869565216,0.047619047619047616
7,9,1.0,1.0,Global off,Global off,1.0,21.0,0.047619047619047616,1.0,0.043478260869565216,CS-,CS-,0.0,0.0,0,0,0.0,0.0,0.0,0.0,0.0,0,0,1.0,1.0,Global off,Global off,1.0,0.047619047619047616,1.0,0.043478260869565216,0.047619047619047616
7,30,1.0,4.0,Global off,Global on,1.0,21.0,0.047619047619047616,1.0,0.043478260869565216,CS+,ITI,0.0,0.0,0,0,0.0,0.0,0.0,0.0,0.0,0,0,1.0,4.0,Global off,Global on,1.0,0.047619047619047616,1.0,0.043478260869565216,0.047619047619047616
7,31,1.0,4.0,Global off,Global on,1.0,21.0,0.047619047619047616,1.0,0.043478260869565216,ITI,CS+,0.0,0.0,0,0,0.0,0.0,0.0,0.0,0.0,0,0,1.0,4.0,Global off,Global on,1.0,0.047619047619047616,1.0,0.043478260869565216,0.047619047619047616
2,6,1.0,1.0,Global off,Global off,4.0,66.0,0.06060606060606061,4.0,0.17391304347826086,CS+,ITI,1.0,1.0,Global off,Global off,1.0,73.0,0.0136986301369863,1.0,0.041666666666666664,CS+,ITI,1.0,1.0,Global off,Global off,3.0,0.04690743046907431,3.0,0.1322463768115942,0.04690743046907431
2,17,1.0,1.0,Global off,Global off,4.0,66.0,0.06060606060606061,2.0,0.08695652173913043,ITI,CS+,1.0,1.0,Global off,Global off,1.0,73.0,0.0136986301369863,1.0,0.041666666666666664,ITI,ITI,1.0,1.0,Global off,Global off,3.0,0.04690743046907431,1.0,0.04528985507246377,0.04690743046907431
30,1,4.0,1.0,Global on,Global off,1.0,38.0,0.02631578947368421,1.0,0.043478260869565216,CS-,CS-,4.0,1.0,Global on,Global off,3.0,41.0,0.07317073170731707,3.0,0.125,CS+,CS+,4.0,1.0,Global on,Global off,-2.0,-0.04685494223363286,-2.0,-0.08152173913043478,0.04685494223363286
28,32,4.0,4.0,Global on,Global on,4.0,60.0,0.06666666666666667,4.0,0.17391304347826086,ITI,CS+,4.0,4.0,Global on,Global on,6.0,53.0,0.11320754716981132,5.0,0.20833333333333334,ITI,CS+,4.0,4.0,Global on,Global on,-2.0,-0.04654088050314466,-1.0,-0.03442028985507248,0.04654088050314466
6,4,1.0,3.0,Global off,Safety-like,2.0,24.0,0.08333333333333333,2.0,0.08695652173913043,CS+,ITI,1.0,3.0,Global off,Safety-like,1.0,27.0,0.037037037037037035,1.0,0.041666666666666664,ITI,CS+,1.0,3.0,Global off,Safety-like,1.0,0.046296296296296294,1.0,0.04528985507246377,0.046296296296296294
32,30,4.0,4.0,Global on,Global on,9.0,131.0,0.06870229007633588,7.0,0.30434782608695654,ITI,ITI,4.0,4.0,Global on,Global on,14.0,122.0,0.11475409836065574,10.0,0.4166666666666667,CS-,ITI,4.0,4.0,Global on,Global on,-5.0,-0.04605180828431986,-3.0,-0.11231884057971014,0.04605180828431986
19,16,3.0,4.0,Safety-like,Global on,1.0,51.0,0.0196078431372549,1.0,0.043478260869565216,CS-,CS-,3.0,4.0,Safety-like,Global on,3.0,46.0,0.06521739130434782,3.0,0.125,ITI,ITI,3.0,4.0,Safety-like,Global on,-2.0,-0.04560954816709292,-2.0,-0.08152173913043478,0.04560954816709292
19,31,3.0,4.0,Safety-like,Global on,1.0,51.0,0.0196078431372549,1.0,0.043478260869565216,ITI,ITI,3.0,4.0,Safety-like,Global on,3.0,46.0,0.06521739130434782,3.0,0.125,CS+,CS-,3.0,4.0,Safety-like,Global on,-2.0,-0.04560954816709292,-2.0,-0.08152173913043478,0.04560954816709292
2,31,1.0,4.0,Global off,Global on,3.0,66.0,0.045454545454545456,3.0,0.13043478260869565,CS+,CS+,0.0,0.0,0,0,0.0,0.0,0.0,0.0,0.0,0,0,1.0,4.0,Global off,Global on,3.0,0.045454545454545456,3.0,0.13043478260869565,0.045454545454545456
18,9,3.0,1.0,Safety-like,Global off,3.0,37.0,0.08108108108108109,2.0,0.08695652173913043,ITI,ITI,3.0,1.0,Safety-like,Global off,1.0,28.0,0.03571428571428571,1.0,0.041666666666666664,CS-,CS-,3.0,1.0,Safety-like,Global off,2.0,0.04536679536679537,1.0,0.04528985507246377,0.04536679536679537
32,29,4.0,2.0,Global on,Threat-like,8.0,131.0,0.061068702290076333,7.0,0.30434782608695654,ITI,ITI,4.0,2.0,Global on,Threat-like,2.0,122.0,0.01639344262295082,2.0,0.08333333333333333,CS+,CS+,4.0,2.0,Global on,Threat-like,6.0,0.044675259667125516,5.0,0.22101449275362323,0.044675259667125516
31,27,4.0,4.0,Global on,Global on,4.0,65.0,0.06153846153846154,4.0,0.17391304347826086,CS+,ITI,4.0,4.0,Global on,Global on,1.0,59.0,0.01694915254237288,1.0,0.041666666666666664,CS-,ITI,4.0,4.0,Global on,Global on,3.0,0.044589308996088664,3.0,0.1322463768115942,0.044589308996088664
18,4,3.0,3.0,Safety-like,Safety-like,1.0,37.0,0.02702702702702703,1.0,0.043478260869565216,ITI,ITI,3.0,3.0,Safety-like,Safety-like,2.0,28.0,0.07142857142857142,2.0,0.08333333333333333,CS+,CS+,3.0,3.0,Safety-like,Safety-like,-1.0,-0.044401544401544396,-1.0,-0.03985507246376811,0.044401544401544396
29,14,2.0,2.0,Threat-like,Threat-like,3.0,68.0,0.04411764705882353,3.0,0.13043478260869565,ITI,ITI,0.0,0.0,0,0,0.0,0.0,0.0,0.0,0.0,0,0,2.0,2.0,Threat-like,Threat-like,3.0,0.04411764705882353,3.0,0.13043478260869565,0.04411764705882353
29,9,2.0,1.0,Threat-like,Global off,3.0,68.0,0.04411764705882353,3.0,0.13043478260869565,ITI,CS-,0.0,0.0,0,0,0.0,0.0,0.0,0.0,0.0,0,0,2.0,1.0,Threat-like,Global off,3.0,0.04411764705882353,3.0,0.13043478260869565,0.04411764705882353
16,31,4.0,4.0,Global on,Global on,2.0,78.0,0.02564102564102564,2.0,0.08695652173913043,CS+,CS+,4.0,4.0,Global on,Global on,5.0,72.0,0.06944444444444445,4.0,0.16666666666666666,CS+,ITI,4.0,4.0,Global on,Global on,-3.0,-0.04380341880341881,-2.0,-0.07971014492753623,0.04380341880341881
21,32,1.0,4.0,Global off,Global on,2.0,27.0,0.07407407407407407,2.0,0.08695652173913043,CS+,CS+,1.0,4.0,Global off,Global on,4.0,34.0,0.11764705882352941,4.0,0.16666666666666666,ITI,ITI,1.0,4.0,Global off,Global on,-2.0,-0.04357298474945534,-2.0,-0.07971014492753623,0.04357298474945534
12,17,3.0,1.0,Safety-like,Global off,1.0,23.0,0.043478260869565216,1.0,0.043478260869565216,ITI,ITI,0.0,0.0,0,0,0.0,0.0,0.0,0.0,0.0,0,0,3.0,1.0,Safety-like,Global off,1.0,0.043478260869565216,1.0,0.043478260869565216,0.043478260869565216
12,11,3.0,1.0,Safety-like,Global off,1.0,23.0,0.043478260869565216,1.0,0.043478260869565216,ITI,ITI,0.0,0.0,0,0,0.0,0.0,0.0,0.0,0.0,0,0,3.0,1.0,Safety-like,Global off,1.0,0.043478260869565216,1.0,0.043478260869565216,0.043478260869565216
12,22,3.0,4.0,Safety-like,Global on,1.0,23.0,0.043478260869565216,1.0,0.043478260869565216,ITI,ITI,0.0,0.0,0,0,0.0,0.0,0.0,0.0,0.0,0,0,3.0,4.0,Safety-like,Global on,1.0,0.043478260869565216,1.0,0.043478260869565216,0.043478260869565216
12,2,3.0,1.0,Safety-like,Global off,1.0,23.0,0.043478260869565216,1.0,0.043478260869565216,ITI,CS-,0.0,0.0,0,0,0.0,0.0,0.0,0.0,0.0,0,0,3.0,1.0,Safety-like,Global off,1.0,0.043478260869565216,1.0,0.043478260869565216,0.043478260869565216
16,12,4.0,3.0,Global on,Safety-like,1.0,78.0,0.01282051282051282,1.0,0.043478260869565216,CS+,ITI,4.0,3.0,Global on,Safety-like,4.0,72.0,0.05555555555555555,4.0,0.16666666666666666,CS-,ITI,4.0,3.0,Global on,Safety-like,-3.0,-0.042735042735042736,-3.0,-0.12318840579710144,0.042735042735042736
15,29,2.0,2.0,Threat-like,Threat-like,2.0,30.0,0.06666666666666667,2.0,0.08695652173913043,CS+,CS-,2.0,2.0,Threat-like,Threat-like,1.0,41.0,0.024390243902439025,1.0,0.041666666666666664,CS+,CS+,2.0,2.0,Threat-like,Threat-like,1.0,0.04227642276422764,1.0,0.04528985507246377,0.04227642276422764
15,7,2.0,1.0,Threat-like,Global off,2.0,30.0,0.06666666666666667,2.0,0.08695652173913043,CS+,CS+,2.0,1.0,Threat-like,Global off,1.0,41.0,0.024390243902439025,1.0,0.041666666666666664,ITI,CS+,2.0,1.0,Threat-like,Global off,1.0,0.04227642276422764,1.0,0.04528985507246377,0.04227642276422764
28,12,4.0,3.0,Global on,Safety-like,2.0,60.0,0.03333333333333333,2.0,0.08695652173913043,CS-,CS+,4.0,3.0,Global on,Safety-like,4.0,53.0,0.07547169811320754,2.0,0.08333333333333333,ITI,ITI,4.0,3.0,Global on,Safety-like,-2.0,-0.04213836477987421,0.0,0.0036231884057971037,0.04213836477987421
8,4,3.0,3.0,Safety-like,Safety-like,1.0,34.0,0.029411764705882353,1.0,0.043478260869565216,ITI,ITI,3.0,3.0,Safety-like,Safety-like,2.0,28.0,0.07142857142857142,2.0,0.08333333333333333,CS-,CS-,3.0,3.0,Safety-like,Safety-like,-1.0,-0.04201680672268907,-1.0,-0.03985507246376811,0.04201680672268907
8,15,3.0,2.0,Safety-like,Threat-like,1.0,34.0,0.029411764705882353,1.0,0.043478260869565216,CS+,ITI,3.0,2.0,Safety-like,Threat-like,2.0,28.0,0.07142857142857142,2.0,0.08333333333333333,CS-,ITI,3.0,2.0,Safety-like,Threat-like,-1.0,-0.04201680672268907,-1.0,-0.03985507246376811,0.04201680672268907
27,12,4.0,3.0,Global on,Safety-like,1.0,24.0,0.041666666666666664,1.0,0.043478260869565216,ITI,CS-,0.0,0.0,0,0,0.0,0.0,0.0,0.0,0.0,0,0,4.0,3.0,Global on,Safety-like,1.0,0.041666666666666664,1.0,0.043478260869565216,0.041666666666666664
6,3,1.0,1.0,Global off,Global off,1.0,24.0,0.041666666666666664,1.0,0.043478260869565216,CS+,CS+,0.0,0.0,0,0,0.0,0.0,0.0,0.0,0.0,0,0,1.0,1.0,Global off,Global off,1.0,0.041666666666666664,1.0,0.043478260869565216,0.041666666666666664
6,2,1.0,1.0,Global off,Global off,1.0,24.0,0.041666666666666664,1.0,0.043478260869565216,ITI,ITI,0.0,0.0,0,0,0.0,0.0,0.0,0.0,0.0,0,0,1.0,1.0,Global off,Global off,1.0,0.041666666666666664,1.0,0.043478260869565216,0.041666666666666664
27,5,4.0,1.0,Global on,Global off,1.0,24.0,0.041666666666666664,1.0,0.043478260869565216,ITI,CS+,0.0,0.0,0,0,0.0,0.0,0.0,0.0,0.0,0,0,4.0,1.0,Global on,Global off,1.0,0.041666666666666664,1.0,0.043478260869565216,0.041666666666666664
6,30,1.0,4.0,Global off,Global on,1.0,24.0,0.041666666666666664,1.0,0.043478260869565216,ITI,ITI,0.0,0.0,0,0,0.0,0.0,0.0,0.0,0.0,0,0,1.0,4.0,Global off,Global on,1.0,0.041666666666666664,1.0,0.043478260869565216,0.041666666666666664
4,6,0.0,0.0,0,0,0.0,0.0,0.0,0.0,0.0,0,0,3.0,1.0,Safety-like,Global off,3.0,72.0,0.041666666666666664,3.0,0.125,CS-,CS+,3.0,1.0,Safety-like,Global off,-3.0,-0.041666666666666664,-3.0,-0.125,0.041666666666666664
27,30,4.0,4.0,Global on,Global on,1.0,24.0,0.041666666666666664,1.0,0.043478260869565216,CS+,CS+,0.0,0.0,0,0,0.0,0.0,0.0,0.0,0.0,0,0,4.0,4.0,Global on,Global on,1.0,0.041666666666666664,1.0,0.043478260869565216,0.041666666666666664
6,24,1.0,4.0,Global off,Global on,1.0,24.0,0.041666666666666664,1.0,0.043478260869565216,ITI,ITI,0.0,0.0,0,0,0.0,0.0,0.0,0.0,0.0,0,0,1.0,4.0,Global off,Global on,1.0,0.041666666666666664,1.0,0.043478260869565216,0.041666666666666664
6,25,1.0,1.0,Global off,Global off,1.0,24.0,0.041666666666666664,1.0,0.043478260869565216,ITI,CS+,0.0,0.0,0,0,0.0,0.0,0.0,0.0,0.0,0,0,1.0,1.0,Global off,Global off,1.0,0.041666666666666664,1.0,0.043478260869565216,0.041666666666666664
27,25,4.0,1.0,Global on,Global off,1.0,24.0,0.041666666666666664,1.0,0.043478260869565216,CS-,ITI,0.0,0.0,0,0,0.0,0.0,0.0,0.0,0.0,0,0,4.0,1.0,Global on,Global off,1.0,0.041666666666666664,1.0,0.043478260869565216,0.041666666666666664
29,25,0.0,0.0,0,0,0.0,0.0,0.0,0.0,0.0,0,0,2.0,1.0,Threat-like,Global off,3.0,72.0,0.041666666666666664,3.0,0.125,CS-,ITI,2.0,1.0,Threat-like,Global off,-3.0,-0.041666666666666664,-3.0,-0.125,0.041666666666666664
27,3,4.0,1.0,Global on,Global off,1.0,24.0,0.041666666666666664,1.0,0.043478260869565216,ITI,ITI,0.0,0.0,0,0,0.0,0.0,0.0,0.0,0.0,0,0,4.0,1.0,Global on,Global off,1.0,0.041666666666666664,1.0,0.043478260869565216,0.041666666666666664
27,7,4.0,1.0,Global on,Global off,1.0,24.0,0.041666666666666664,1.0,0.043478260869565216,ITI,CS+,0.0,0.0,0,0,0.0,0.0,0.0,0.0,0.0,0,0,4.0,1.0,Global on,Global off,1.0,0.041666666666666664,1.0,0.043478260869565216,0.041666666666666664
6,10,1.0,1.0,Global off,Global off,1.0,24.0,0.041666666666666664,1.0,0.043478260869565216,ITI,CS-,0.0,0.0,0,0,0.0,0.0,0.0,0.0,0.0,0,0,1.0,1.0,Global off,Global off,1.0,0.041666666666666664,1.0,0.043478260869565216,0.041666666666666664
6,27,1.0,4.0,Global off,Global on,1.0,24.0,0.041666666666666664,1.0,0.043478260869565216,ITI,ITI,0.0,0.0,0,0,0.0,0.0,0.0,0.0,0.0,0,0,1.0,4.0,Global off,Global on,1.0,0.041666666666666664,1.0,0.043478260869565216,0.041666666666666664
20,26,0.0,0.0,0,0,0.0,0.0,0.0,0.0,0.0,0,0,3.0,4.0,Safety-like,Global on,4.0,97.0,0.041237113402061855,3.0,0.125,CS-,ITI,3.0,4.0,Safety-like,Global on,-4.0,-0.041237113402061855,-3.0,-0.125,0.041237113402061855
24,14,4.0,2.0,Global on,Threat-like,1.0,53.0,0.018867924528301886,1.0,0.043478260869565216,ITI,CS+,4.0,2.0,Global on,Threat-like,3.0,50.0,0.06,3.0,0.125,ITI,ITI,4.0,2.0,Global on,Threat-like,-2.0,-0.041132075471698115,-2.0,-0.08152173913043478,0.041132075471698115
24,2,4.0,1.0,Global on,Global off,1.0,53.0,0.018867924528301886,1.0,0.043478260869565216,ITI,ITI,4.0,1.0,Global on,Global off,3.0,50.0,0.06,3.0,0.125,ITI,ITI,4.0,1.0,Global on,Global off,-2.0,-0.041132075471698115,-2.0,-0.08152173913043478,0.041132075471698115
2,20,0.0,0.0,0,0,0.0,0.0,0.0,0.0,0.0,0,0,1.0,3.0,Global off,Safety-like,3.0,73.0,0.0410958904109589,3.0,0.125,ITI,ITI,1.0,3.0,Global off,Safety-like,-3.0,-0.0410958904109589,-3.0,-0.125,0.0410958904109589
2,8,0.0,0.0,0,0,0.0,0.0,0.0,0.0,0.0,0,0,1.0,3.0,Global off,Safety-like,3.0,73.0,0.0410958904109589,3.0,0.125,CS-,ITI,1.0,3.0,Global off,Safety-like,-3.0,-0.0410958904109589,-3.0,-0.125,0.0410958904109589
1,2,1.0,1.0,Global off,Global off,12.0,146.0,0.0821917808219178,11.0,0.4782608695652174,ITI,ITI,1.0,1.0,Global off,Global off,5.0,121.0,0.04132231404958678,3.0,0.125,CS+,CS+,1.0,1.0,Global off,Global off,7.0,0.040869466772331026,8.0,0.3532608695652174,0.040869466772331026
20,1,3.0,1.0,Safety-like,Global off,6.0,84.0,0.07142857142857142,5.0,0.21739130434782608,ITI,ITI,3.0,1.0,Safety-like,Global off,3.0,97.0,0.030927835051546393,2.0,0.08333333333333333,CS+,ITI,3.0,1.0,Safety-like,Global off,3.0,0.04050073637702503,3.0,0.13405797101449274,0.04050073637702503
31,29,4.0,2.0,Global on,Threat-like,4.0,65.0,0.06153846153846154,4.0,0.17391304347826086,ITI,ITI,4.0,2.0,Global on,Threat-like,6.0,59.0,0.1016949152542373,5.0,0.20833333333333334,ITI,ITI,4.0,2.0,Global on,Threat-like,-2.0,-0.04015645371577575,-1.0,-0.03442028985507248,0.04015645371577575
24,12,0.0,0.0,0,0,0.0,0.0,0.0,0.0,0.0,0,0,4.0,3.0,Global on,Safety-like,2.0,50.0,0.04,2.0,0.08333333333333333,ITI,ITI,4.0,3.0,Global on,Safety-like,-2.0,-0.04,-2.0,-0.08333333333333333,0.04
28,18,4.0,3.0,Global on,Safety-like,1.0,60.0,0.016666666666666666,1.0,0.043478260869565216,CS+,ITI,4.0,3.0,Global on,Safety-like,3.0,53.0,0.05660377358490566,3.0,0.125,ITI,CS+,4.0,3.0,Global on,Safety-like,-2.0,-0.039937106918239,-2.0,-0.08152173913043478,0.039937106918239
7,23,1.0,4.0,Global off,Global on,2.0,21.0,0.09523809523809523,2.0,0.08695652173913043,CS+,CS+,1.0,4.0,Global off,Global on,1.0,18.0,0.05555555555555555,1.0,0.041666666666666664,CS+,ITI,1.0,4.0,Global off,Global on,1.0,0.03968253968253968,1.0,0.04528985507246377,0.03968253968253968
7,8,1.0,3.0,Global off,Safety-like,2.0,21.0,0.09523809523809523,2.0,0.08695652173913043,CS+,CS+,1.0,3.0,Global off,Safety-like,1.0,18.0,0.05555555555555555,1.0,0.041666666666666664,CS-,CS-,1.0,3.0,Global off,Safety-like,1.0,0.03968253968253968,1.0,0.04528985507246377,0.03968253968253968
2,3,1.0,1.0,Global off,Global off,1.0,66.0,0.015151515151515152,1.0,0.043478260869565216,ITI,ITI,1.0,1.0,Global off,Global off,4.0,73.0,0.0547945205479452,3.0,0.125,ITI,ITI,1.0,1.0,Global off,Global off,-3.0,-0.03964300539643005,-2.0,-0.08152173913043478,0.03964300539643005
2,5,1.0,1.0,Global off,Global off,1.0,66.0,0.015151515151515152,1.0,0.043478260869565216,CS-,ITI,1.0,1.0,Global off,Global off,4.0,73.0,0.0547945205479452,3.0,0.125,ITI,CS-,1.0,1.0,Global off,Global off,-3.0,-0.03964300539643005,-2.0,-0.08152173913043478,0.03964300539643005
9,1,1.0,1.0,Global off,Global off,9.0,53.0,0.16981132075471697,8.0,0.34782608695652173,CS+,CS+,1.0,1.0,Global off,Global off,6.0,46.0,0.13043478260869565,5.0,0.20833333333333334,ITI,ITI,1.0,1.0,Global off,Global off,3.0,0.03937653814602132,3.0,0.1394927536231884,0.03937653814602132
19,10,3.0,1.0,Safety-like,Global off,2.0,51.0,0.0392156862745098,2.0,0.08695652173913043,ITI,CS+,0.0,0.0,0,0,0.0,0.0,0.0,0.0,0.0,0,0,3.0,1.0,Safety-like,Global off,2.0,0.0392156862745098,2.0,0.08695652173913043,0.0392156862745098
19,23,3.0,4.0,Safety-like,Global on,2.0,51.0,0.0392156862745098,1.0,0.043478260869565216,CS-,CS+,0.0,0.0,0,0,0.0,0.0,0.0,0.0,0.0,0,0,3.0,4.0,Safety-like,Global on,2.0,0.0392156862745098,1.0,0.043478260869565216,0.0392156862745098
19,14,3.0,2.0,Safety-like,Threat-like,2.0,51.0,0.0392156862745098,2.0,0.08695652173913043,ITI,CS+,0.0,0.0,0,0,0.0,0.0,0.0,0.0,0.0,0,0,3.0,2.0,Safety-like,Threat-like,2.0,0.0392156862745098,2.0,0.08695652173913043,0.0392156862745098
19,3,3.0,1.0,Safety-like,Global off,2.0,51.0,0.0392156862745098,2.0,0.08695652173913043,CS-,CS+,0.0,0.0,0,0,0.0,0.0,0.0,0.0,0.0,0,0,3.0,1.0,Safety-like,Global off,2.0,0.0392156862745098,2.0,0.08695652173913043,0.0392156862745098
17,19,0.0,0.0,0,0,0.0,0.0,0.0,0.0,0.0,0,0,1.0,3.0,Global off,Safety-like,3.0,77.0,0.03896103896103896,2.0,0.08333333333333333,ITI,ITI,1.0,3.0,Global off,Safety-like,-3.0,-0.03896103896103896,-2.0,-0.08333333333333333,0.03896103896103896
27,4,0.0,0.0,0,0,0.0,0.0,0.0,0.0,0.0,0,0,4.0,3.0,Global on,Safety-like,1.0,26.0,0.038461538461538464,1.0,0.041666666666666664,ITI,ITI,4.0,3.0,Global on,Safety-like,-1.0,-0.038461538461538464,-1.0,-0.041666666666666664,0.038461538461538464
14,24,0.0,0.0,0,0,0.0,0.0,0.0,0.0,0.0,0,0,2.0,4.0,Threat-like,Global on,2.0,52.0,0.038461538461538464,2.0,0.08333333333333333,CS+,CS-,2.0,4.0,Threat-like,Global on,-2.0,-0.038461538461538464,-2.0,-0.08333333333333333,0.038461538461538464
27,23,0.0,0.0,0,0,0.0,0.0,0.0,0.0,0.0,0,0,4.0,4.0,Global on,Global on,1.0,26.0,0.038461538461538464,1.0,0.041666666666666664,ITI,CS+,4.0,4.0,Global on,Global on,-1.0,-0.038461538461538464,-1.0,-0.041666666666666664,0.038461538461538464
27,17,0.0,0.0,0,0,0.0,0.0,0.0,0.0,0.0,0,0,4.0,1.0,Global on,Global off,1.0,26.0,0.038461538461538464,1.0,0.041666666666666664,ITI,ITI,4.0,1.0,Global on,Global off,-1.0,-0.038461538461538464,-1.0,-0.041666666666666664,0.038461538461538464
27,11,0.0,0.0,0,0,0.0,0.0,0.0,0.0,0.0,0,0,4.0,1.0,Global on,Global off,1.0,26.0,0.038461538461538464,1.0,0.041666666666666664,ITI,CS-,4.0,1.0,Global on,Global off,-1.0,-0.038461538461538464,-1.0,-0.041666666666666664,0.038461538461538464
13,6,2.0,1.0,Threat-like,Global off,1.0,82.0,0.012195121951219513,1.0,0.043478260869565216,CS-,ITI,2.0,1.0,Threat-like,Global off,5.0,99.0,0.050505050505050504,4.0,0.16666666666666666,CS+,ITI,2.0,1.0,Threat-like,Global off,-4.0,-0.03830992855383099,-3.0,-0.12318840579710144,0.03830992855383099
4,17,3.0,1.0,Safety-like,Global off,4.0,61.0,0.06557377049180328,4.0,0.17391304347826086,ITI,ITI,3.0,1.0,Safety-like,Global off,2.0,72.0,0.027777777777777776,2.0,0.08333333333333333,CS-,CS+,3.0,1.0,Safety-like,Global off,2.0,0.037795992714025506,2.0,0.09057971014492754,0.037795992714025506
24,17,4.0,1.0,Global on,Global off,2.0,53.0,0.03773584905660377,1.0,0.043478260869565216,ITI,ITI,0.0,0.0,0,0,0.0,0.0,0.0,0.0,0.0,0,0,4.0,1.0,Global on,Global off,2.0,0.03773584905660377,1.0,0.043478260869565216,0.03773584905660377
24,23,4.0,4.0,Global on,Global on,2.0,53.0,0.03773584905660377,2.0,0.08695652173913043,CS+,CS-,0.0,0.0,0,0,0.0,0.0,0.0,0.0,0.0,0,0,4.0,4.0,Global on,Global on,2.0,0.03773584905660377,2.0,0.08695652173913043,0.03773584905660377
9,25,1.0,1.0,Global off,Global off,2.0,53.0,0.03773584905660377,2.0,0.08695652173913043,ITI,ITI,0.0,0.0,0,0,0.0,0.0,0.0,0.0,0.0,0,0,1.0,1.0,Global off,Global off,2.0,0.03773584905660377,2.0,0.08695652173913043,0.03773584905660377
9,7,1.0,1.0,Global off,Global off,2.0,53.0,0.03773584905660377,2.0,0.08695652173913043,ITI,CS+,0.0,0.0,0,0,0.0,0.0,0.0,0.0,0.0,0,0,1.0,1.0,Global off,Global off,2.0,0.03773584905660377,2.0,0.08695652173913043,0.03773584905660377
9,29,1.0,2.0,Global off,Threat-like,2.0,53.0,0.03773584905660377,1.0,0.043478260869565216,ITI,CS+,0.0,0.0,0,0,0.0,0.0,0.0,0.0,0.0,0,0,1.0,2.0,Global off,Threat-like,2.0,0.03773584905660377,1.0,0.043478260869565216,0.03773584905660377
24,11,4.0,1.0,Global on,Global off,2.0,53.0,0.03773584905660377,1.0,0.043478260869565216,CS-,CS-,0.0,0.0,0,0,0.0,0.0,0.0,0.0,0.0,0,0,4.0,1.0,Global on,Global off,2.0,0.03773584905660377,1.0,0.043478260869565216,0.03773584905660377
19,8,3.0,3.0,Safety-like,Safety-like,3.0,51.0,0.058823529411764705,3.0,0.13043478260869565,ITI,ITI,3.0,3.0,Safety-like,Safety-like,1.0,46.0,0.021739130434782608,1.0,0.041666666666666664,ITI,ITI,3.0,3.0,Safety-like,Safety-like,2.0,0.0370843989769821,2.0,0.08876811594202899,0.0370843989769821
19,18,3.0,3.0,Safety-like,Safety-like,3.0,51.0,0.058823529411764705,3.0,0.13043478260869565,ITI,ITI,3.0,3.0,Safety-like,Safety-like,1.0,46.0,0.021739130434782608,1.0,0.041666666666666664,ITI,ITI,3.0,3.0,Safety-like,Safety-like,2.0,0.0370843989769821,2.0,0.08876811594202899,0.0370843989769821
6,12,0.0,0.0,0,0,0.0,0.0,0.0,0.0,0.0,0,0,1.0,3.0,Global off,Safety-like,1.0,27.0,0.037037037037037035,1.0,0.041666666666666664,ITI,ITI,1.0,3.0,Global off,Safety-like,-1.0,-0.037037037037037035,-1.0,-0.041666666666666664,0.037037037037037035
6,15,0.0,0.0,0,0,0.0,0.0,0.0,0.0,0.0,0,0,1.0,2.0,Global off,Threat-like,1.0,27.0,0.037037037037037035,1.0,0.041666666666666664,ITI,ITI,1.0,2.0,Global off,Threat-like,-1.0,-0.037037037037037035,-1.0,-0.041666666666666664,0.037037037037037035
3,10,0.0,0.0,0,0,0.0,0.0,0.0,0.0,0.0,0,0,1.0,1.0,Global off,Global off,1.0,27.0,0.037037037037037035,1.0,0.041666666666666664,ITI,CS-,1.0,1.0,Global off,Global off,-1.0,-0.037037037037037035,-1.0,-0.041666666666666664,0.037037037037037035
3,27,0.0,0.0,0,0,0.0,0.0,0.0,0.0,0.0,0,0,1.0,4.0,Global off,Global on,1.0,27.0,0.037037037037037035,1.0,0.041666666666666664,ITI,ITI,1.0,4.0,Global off,Global on,-1.0,-0.037037037037037035,-1.0,-0.041666666666666664,0.037037037037037035
3,20,0.0,0.0,0,0,0.0,0.0,0.0,0.0,0.0,0,0,1.0,3.0,Global off,Safety-like,1.0,27.0,0.037037037037037035,1.0,0.041666666666666664,CS-,CS-,1.0,3.0,Global off,Safety-like,-1.0,-0.037037037037037035,-1.0,-0.041666666666666664,0.037037037037037035
3,18,0.0,0.0,0,0,0.0,0.0,0.0,0.0,0.0,0,0,1.0,3.0,Global off,Safety-like,1.0,27.0,0.037037037037037035,1.0,0.041666666666666664,CS-,CS-,1.0,3.0,Global off,Safety-like,-1.0,-0.037037037037037035,-1.0,-0.041666666666666664,0.037037037037037035
3,6,0.0,0.0,0,0,0.0,0.0,0.0,0.0,0.0,0,0,1.0,1.0,Global off,Global off,1.0,27.0,0.037037037037037035,1.0,0.041666666666666664,CS-,ITI,1.0,1.0,Global off,Global off,-1.0,-0.037037037037037035,-1.0,-0.041666666666666664,0.037037037037037035
21,10,1.0,1.0,Global off,Global off,1.0,27.0,0.037037037037037035,1.0,0.043478260869565216,ITI,ITI,0.0,0.0,0,0,0.0,0.0,0.0,0.0,0.0,0,0,1.0,1.0,Global off,Global off,1.0,0.037037037037037035,1.0,0.043478260869565216,0.037037037037037035
21,3,1.0,1.0,Global off,Global off,1.0,27.0,0.037037037037037035,1.0,0.043478260869565216,ITI,ITI,0.0,0.0,0,0,0.0,0.0,0.0,0.0,0.0,0,0,1.0,1.0,Global off,Global off,1.0,0.037037037037037035,1.0,0.043478260869565216,0.037037037037037035
6,11,0.0,0.0,0,0,0.0,0.0,0.0,0.0,0.0,0,0,1.0,1.0,Global off,Global off,1.0,27.0,0.037037037037037035,1.0,0.041666666666666664,ITI,ITI,1.0,1.0,Global off,Global off,-1.0,-0.037037037037037035,-1.0,-0.041666666666666664,0.037037037037037035
6,8,0.0,0.0,0,0,0.0,0.0,0.0,0.0,0.0,0,0,1.0,3.0,Global off,Safety-like,1.0,27.0,0.037037037037037035,1.0,0.041666666666666664,ITI,CS-,1.0,3.0,Global off,Safety-like,-1.0,-0.037037037037037035,-1.0,-0.041666666666666664,0.037037037037037035
6,19,0.0,0.0,0,0,0.0,0.0,0.0,0.0,0.0,0,0,1.0,3.0,Global off,Safety-like,1.0,27.0,0.037037037037037035,1.0,0.041666666666666664,ITI,ITI,1.0,3.0,Global off,Safety-like,-1.0,-0.037037037037037035,-1.0,-0.041666666666666664,0.037037037037037035
31,9,4.0,1.0,Global on,Global off,2.0,65.0,0.03076923076923077,2.0,0.08695652173913043,CS+,CS+,4.0,1.0,Global on,Global off,4.0,59.0,0.06779661016949153,3.0,0.125,CS+,CS+,4.0,1.0,Global on,Global off,-2.0,-0.037027379400260754,-1.0,-0.03804347826086957,0.037027379400260754
24,13,4.0,2.0,Global on,Threat-like,3.0,53.0,0.05660377358490566,3.0,0.13043478260869565,ITI,ITI,4.0,2.0,Global on,Threat-like,1.0,50.0,0.02,1.0,0.041666666666666664,CS+,ITI,4.0,2.0,Global on,Threat-like,2.0,0.03660377358490566,2.0,0.08876811594202899,0.03660377358490566
16,17,4.0,1.0,Global on,Global off,5.0,78.0,0.0641025641025641,5.0,0.21739130434782608,CS-,ITI,4.0,1.0,Global on,Global off,2.0,72.0,0.027777777777777776,2.0,0.08333333333333333,CS+,CS+,4.0,1.0,Global on,Global off,3.0,0.03632478632478632,3.0,0.13405797101449274,0.03632478632478632
18,25,0.0,0.0,0,0,0.0,0.0,0.0,0.0,0.0,0,0,3.0,1.0,Safety-like,Global off,1.0,28.0,0.03571428571428571,1.0,0.041666666666666664,ITI,CS-,3.0,1.0,Safety-like,Global off,-1.0,-0.03571428571428571,-1.0,-0.041666666666666664,0.03571428571428571
18,14,0.0,0.0,0,0,0.0,0.0,0.0,0.0,0.0,0,0,3.0,2.0,Safety-like,Threat-like,1.0,28.0,0.03571428571428571,1.0,0.041666666666666664,ITI,ITI,3.0,2.0,Safety-like,Threat-like,-1.0,-0.03571428571428571,-1.0,-0.041666666666666664,0.03571428571428571
18,23,0.0,0.0,0,0,0.0,0.0,0.0,0.0,0.0,0,0,3.0,4.0,Safety-like,Global on,1.0,28.0,0.03571428571428571,1.0,0.041666666666666664,CS-,CS-,3.0,4.0,Safety-like,Global on,-1.0,-0.03571428571428571,-1.0,-0.041666666666666664,0.03571428571428571
18,15,0.0,0.0,0,0,0.0,0.0,0.0,0.0,0.0,0,0,3.0,2.0,Safety-like,Threat-like,1.0,28.0,0.03571428571428571,1.0,0.041666666666666664,ITI,ITI,3.0,2.0,Safety-like,Threat-like,-1.0,-0.03571428571428571,-1.0,-0.041666666666666664,0.03571428571428571
8,19,0.0,0.0,0,0,0.0,0.0,0.0,0.0,0.0,0,0,3.0,3.0,Safety-like,Safety-like,1.0,28.0,0.03571428571428571,1.0,0.041666666666666664,CS-,ITI,3.0,3.0,Safety-like,Safety-like,-1.0,-0.03571428571428571,-1.0,-0.041666666666666664,0.03571428571428571
8,29,0.0,0.0,0,0,0.0,0.0,0.0,0.0,0.0,0,0,3.0,2.0,Safety-like,Threat-like,1.0,28.0,0.03571428571428571,1.0,0.041666666666666664,ITI,ITI,3.0,2.0,Safety-like,Threat-like,-1.0,-0.03571428571428571,-1.0,-0.041666666666666664,0.03571428571428571
8,17,0.0,0.0,0,0,0.0,0.0,0.0,0.0,0.0,0,0,3.0,1.0,Safety-like,Global off,1.0,28.0,0.03571428571428571,1.0,0.041666666666666664,CS-,ITI,3.0,1.0,Safety-like,Global off,-1.0,-0.03571428571428571,-1.0,-0.041666666666666664,0.03571428571428571
18,7,0.0,0.0,0,0,0.0,0.0,0.0,0.0,0.0,0,0,3.0,1.0,Safety-like,Global off,1.0,28.0,0.03571428571428571,1.0,0.041666666666666664,ITI,CS-,3.0,1.0,Safety-like,Global off,-1.0,-0.03571428571428571,-1.0,-0.041666666666666664,0.03571428571428571
18,12,0.0,0.0,0,0,0.0,0.0,0.0,0.0,0.0,0,0,3.0,3.0,Safety-like,Safety-like,1.0,28.0,0.03571428571428571,1.0,0.041666666666666664,ITI,CS-,3.0,3.0,Safety-like,Safety-like,-1.0,-0.03571428571428571,-1.0,-0.041666666666666664,0.03571428571428571
12,4,3.0,3.0,Safety-like,Safety-like,1.0,23.0,0.043478260869565216,1.0,0.043478260869565216,CS-,ITI,3.0,3.0,Safety-like,Safety-like,3.0,38.0,0.07894736842105263,2.0,0.08333333333333333,CS-,CS-,3.0,3.0,Safety-like,Safety-like,-2.0,-0.03546910755148741,-1.0,-0.03985507246376811,0.03546910755148741
31,13,4.0,2.0,Global on,Threat-like,1.0,65.0,0.015384615384615385,1.0,0.043478260869565216,CS+,CS+,4.0,2.0,Global on,Threat-like,3.0,59.0,0.05084745762711865,3.0,0.125,CS+,CS+,4.0,2.0,Global on,Threat-like,-2.0,-0.03546284224250326,-2.0,-0.08152173913043478,0.03546284224250326
31,17,4.0,1.0,Global on,Global off,1.0,65.0,0.015384615384615385,1.0,0.043478260869565216,ITI,ITI,4.0,1.0,Global on,Global off,3.0,59.0,0.05084745762711865,3.0,0.125,CS+,ITI,4.0,1.0,Global on,Global off,-2.0,-0.03546284224250326,-2.0,-0.08152173913043478,0.03546284224250326
23,17,4.0,1.0,Global on,Global off,1.0,32.0,0.03125,1.0,0.043478260869565216,CS+,CS+,4.0,1.0,Global on,Global off,2.0,30.0,0.06666666666666667,2.0,0.08333333333333333,ITI,ITI,4.0,1.0,Global on,Global off,-1.0,-0.035416666666666666,-1.0,-0.03985507246376811,0.035416666666666666
4,18,3.0,3.0,Safety-like,Safety-like,3.0,61.0,0.04918032786885246,3.0,0.13043478260869565,ITI,ITI,3.0,3.0,Safety-like,Safety-like,1.0,72.0,0.013888888888888888,1.0,0.041666666666666664,ITI,ITI,3.0,3.0,Safety-like,Safety-like,2.0,0.03529143897996357,2.0,0.08876811594202899,0.03529143897996357
27,2,4.0,1.0,Global on,Global off,1.0,24.0,0.041666666666666664,1.0,0.043478260869565216,ITI,ITI,4.0,1.0,Global on,Global off,2.0,26.0,0.07692307692307693,2.0,0.08333333333333333,ITI,CS-,4.0,1.0,Global on,Global off,-1.0,-0.03525641025641026,-1.0,-0.03985507246376811,0.03525641025641026
27,29,4.0,2.0,Global on,Threat-like,1.0,24.0,0.041666666666666664,1.0,0.043478260869565216,ITI,ITI,4.0,2.0,Global on,Threat-like,2.0,26.0,0.07692307692307693,2.0,0.08333333333333333,ITI,ITI,4.0,2.0,Global on,Threat-like,-1.0,-0.03525641025641026,-1.0,-0.03985507246376811,0.03525641025641026
5,6,1.0,1.0,Global off,Global off,2.0,59.0,0.03389830508474576,2.0,0.08695652173913043,CS+,CS+,1.0,1.0,Global off,Global off,4.0,58.0,0.06896551724137931,4.0,0.16666666666666666,CS-,ITI,1.0,1.0,Global off,Global off,-2.0,-0.03506721215663355,-2.0,-0.07971014492753623,0.03506721215663355
19,1,3.0,1.0,Safety-like,Global off,4.0,51.0,0.0784313725490196,4.0,0.17391304347826086,ITI,CS+,3.0,1.0,Safety-like,Global off,2.0,46.0,0.043478260869565216,2.0,0.08333333333333333,CS+,CS+,3.0,1.0,Safety-like,Global off,2.0,0.03495311167945439,2.0,0.09057971014492754,0.03495311167945439
9,13,1.0,2.0,Global off,Threat-like,3.0,53.0,0.05660377358490566,2.0,0.08695652173913043,CS+,ITI,1.0,2.0,Global off,Threat-like,1.0,46.0,0.021739130434782608,1.0,0.041666666666666664,ITI,CS-,1.0,2.0,Global off,Threat-like,2.0,0.034864643150123054,1.0,0.04528985507246377,0.034864643150123054
13,29,2.0,2.0,Threat-like,Threat-like,7.0,82.0,0.08536585365853659,5.0,0.21739130434782608,ITI,ITI,2.0,2.0,Threat-like,Threat-like,5.0,99.0,0.050505050505050504,5.0,0.20833333333333334,CS+,ITI,2.0,2.0,Threat-like,Threat-like,2.0,0.03486080315348609,0.0,0.009057971014492738,0.03486080315348609
17,6,1.0,1.0,Global off,Global off,2.0,58.0,0.034482758620689655,2.0,0.08695652173913043,CS-,ITI,0.0,0.0,0,0,0.0,0.0,0.0,0.0,0.0,0,0,1.0,1.0,Global off,Global off,2.0,0.034482758620689655,2.0,0.08695652173913043,0.034482758620689655
14,32,2.0,4.0,Threat-like,Global on,1.0,43.0,0.023255813953488372,1.0,0.043478260869565216,ITI,ITI,2.0,4.0,Threat-like,Global on,3.0,52.0,0.057692307692307696,3.0,0.125,ITI,ITI,2.0,4.0,Threat-like,Global on,-2.0,-0.034436493738819324,-2.0,-0.08152173913043478,0.034436493738819324
31,2,0.0,0.0,0,0,0.0,0.0,0.0,0.0,0.0,0,0,4.0,1.0,Global on,Global off,2.0,59.0,0.03389830508474576,2.0,0.08333333333333333,CS+,CS+,4.0,1.0,Global on,Global off,-2.0,-0.03389830508474576,-2.0,-0.08333333333333333,0.03389830508474576
5,19,1.0,3.0,Global off,Safety-like,2.0,59.0,0.03389830508474576,2.0,0.08695652173913043,CS-,CS-,0.0,0.0,0,0,0.0,0.0,0.0,0.0,0.0,0,0,1.0,3.0,Global off,Safety-like,2.0,0.03389830508474576,2.0,0.08695652173913043,0.03389830508474576
26,28,4.0,4.0,Global on,Global on,1.0,14.0,0.07142857142857142,1.0,0.043478260869565216,CS+,CS+,4.0,4.0,Global on,Global on,2.0,19.0,0.10526315789473684,2.0,0.08333333333333333,ITI,ITI,4.0,4.0,Global on,Global on,-1.0,-0.03383458646616541,-1.0,-0.03985507246376811,0.03383458646616541
26,12,4.0,3.0,Global on,Safety-like,1.0,14.0,0.07142857142857142,1.0,0.043478260869565216,ITI,ITI,4.0,3.0,Global on,Safety-like,2.0,19.0,0.10526315789473684,2.0,0.08333333333333333,ITI,CS+,4.0,3.0,Global on,Safety-like,-1.0,-0.03383458646616541,-1.0,-0.03985507246376811,0.03383458646616541
5,15,1.0,2.0,Global off,Threat-like,3.0,59.0,0.05084745762711865,3.0,0.13043478260869565,ITI,ITI,1.0,2.0,Global off,Threat-like,1.0,58.0,0.017241379310344827,1.0,0.041666666666666664,ITI,ITI,1.0,2.0,Global off,Threat-like,2.0,0.03360607831677382,2.0,0.08876811594202899,0.03360607831677382
15,27,2.0,4.0,Threat-like,Global on,1.0,30.0,0.03333333333333333,1.0,0.043478260869565216,CS+,CS+,0.0,0.0,0,0,0.0,0.0,0.0,0.0,0.0,0,0,2.0,4.0,Threat-like,Global on,1.0,0.03333333333333333,1.0,0.043478260869565216,0.03333333333333333
28,16,4.0,4.0,Global on,Global on,2.0,60.0,0.03333333333333333,2.0,0.08695652173913043,CS+,CS+,0.0,0.0,0,0,0.0,0.0,0.0,0.0,0.0,0,0,4.0,4.0,Global on,Global on,2.0,0.03333333333333333,2.0,0.08695652173913043,0.03333333333333333
15,21,2.0,1.0,Threat-like,Global off,1.0,30.0,0.03333333333333333,1.0,0.043478260869565216,ITI,CS+,0.0,0.0,0,0,0.0,0.0,0.0,0.0,0.0,0,0,2.0,1.0,Threat-like,Global off,1.0,0.03333333333333333,1.0,0.043478260869565216,0.03333333333333333
23,3,0.0,0.0,0,0,0.0,0.0,0.0,0.0,0.0,0,0,4.0,1.0,Global on,Global off,1.0,30.0,0.03333333333333333,1.0,0.041666666666666664,ITI,ITI,4.0,1.0,Global on,Global off,-1.0,-0.03333333333333333,-1.0,-0.041666666666666664,0.03333333333333333
3,13,1.0,2.0,Global off,Threat-like,1.0,30.0,0.03333333333333333,1.0,0.043478260869565216,ITI,ITI,0.0,0.0,0,0,0.0,0.0,0.0,0.0,0.0,0,0,1.0,2.0,Global off,Threat-like,1.0,0.03333333333333333,1.0,0.043478260869565216,0.03333333333333333
15,5,2.0,1.0,Threat-like,Global off,1.0,30.0,0.03333333333333333,1.0,0.043478260869565216,ITI,ITI,0.0,0.0,0,0,0.0,0.0,0.0,0.0,0.0,0,0,2.0,1.0,Threat-like,Global off,1.0,0.03333333333333333,1.0,0.043478260869565216,0.03333333333333333
3,24,1.0,4.0,Global off,Global on,1.0,30.0,0.03333333333333333,1.0,0.043478260869565216,ITI,ITI,0.0,0.0,0,0,0.0,0.0,0.0,0.0,0.0,0,0,1.0,4.0,Global off,Global on,1.0,0.03333333333333333,1.0,0.043478260869565216,0.03333333333333333
3,15,1.0,2.0,Global off,Threat-like,1.0,30.0,0.03333333333333333,1.0,0.043478260869565216,ITI,ITI,0.0,0.0,0,0,0.0,0.0,0.0,0.0,0.0,0,0,1.0,2.0,Global off,Threat-like,1.0,0.03333333333333333,1.0,0.043478260869565216,0.03333333333333333
3,5,1.0,1.0,Global off,Global off,1.0,30.0,0.03333333333333333,1.0,0.043478260869565216,CS+,CS+,0.0,0.0,0,0,0.0,0.0,0.0,0.0,0.0,0,0,1.0,1.0,Global off,Global off,1.0,0.03333333333333333,1.0,0.043478260869565216,0.03333333333333333
28,5,4.0,1.0,Global on,Global off,2.0,60.0,0.03333333333333333,2.0,0.08695652173913043,CS+,CS+,0.0,0.0,0,0,0.0,0.0,0.0,0.0,0.0,0,0,4.0,1.0,Global on,Global off,2.0,0.03333333333333333,2.0,0.08695652173913043,0.03333333333333333
1,14,0.0,0.0,0,0,0.0,0.0,0.0,0.0,0.0,0,0,1.0,2.0,Global off,Threat-like,4.0,121.0,0.03305785123966942,4.0,0.16666666666666666,ITI,CS+,1.0,2.0,Global off,Threat-like,-4.0,-0.03305785123966942,-4.0,-0.16666666666666666,0.03305785123966942
19,32,3.0,4.0,Safety-like,Global on,5.0,51.0,0.09803921568627451,5.0,0.21739130434782608,ITI,ITI,3.0,4.0,Safety-like,Global on,3.0,46.0,0.06521739130434782,3.0,0.125,ITI,CS-,3.0,4.0,Safety-like,Global on,2.0,0.032821824381926684,2.0,0.09239130434782608,0.032821824381926684
13,14,2.0,2.0,Threat-like,Threat-like,6.0,82.0,0.07317073170731707,5.0,0.21739130434782608,ITI,ITI,2.0,2.0,Threat-like,Threat-like,4.0,99.0,0.04040404040404041,4.0,0.16666666666666666,CS+,CS+,2.0,2.0,Threat-like,Threat-like,2.0,0.03276669130327666,1.0,0.050724637681159424,0.03276669130327666
6,14,1.0,2.0,Global off,Threat-like,1.0,24.0,0.041666666666666664,1.0,0.043478260869565216,ITI,CS-,1.0,2.0,Global off,Threat-like,2.0,27.0,0.07407407407407407,2.0,0.08333333333333333,CS+,ITI,1.0,2.0,Global off,Threat-like,-1.0,-0.032407407407407406,-1.0,-0.03985507246376811,0.032407407407407406
6,13,1.0,2.0,Global off,Threat-like,1.0,24.0,0.041666666666666664,1.0,0.043478260869565216,ITI,CS+,1.0,2.0,Global off,Threat-like,2.0,27.0,0.07407407407407407,2.0,0.08333333333333333,CS+,CS+,1.0,2.0,Global off,Threat-like,-1.0,-0.032407407407407406,-1.0,-0.03985507246376811,0.032407407407407406
30,31,4.0,4.0,Global on,Global on,4.0,38.0,0.10526315789473684,4.0,0.17391304347826086,CS+,ITI,4.0,4.0,Global on,Global on,3.0,41.0,0.07317073170731707,3.0,0.125,CS+,CS+,4.0,4.0,Global on,Global on,1.0,0.03209242618741977,1.0,0.048913043478260865,0.03209242618741977
16,29,4.0,2.0,Global on,Threat-like,4.0,78.0,0.05128205128205128,4.0,0.17391304347826086,CS-,CS-,4.0,2.0,Global on,Threat-like,6.0,72.0,0.08333333333333333,6.0,0.25,CS+,ITI,4.0,2.0,Global on,Threat-like,-2.0,-0.03205128205128205,-2.0,-0.07608695652173914,0.03205128205128205
2,28,1.0,4.0,Global off,Global on,3.0,66.0,0.045454545454545456,2.0,0.08695652173913043,CS+,CS+,1.0,4.0,Global off,Global on,1.0,73.0,0.0136986301369863,1.0,0.041666666666666664,CS-,CS-,1.0,4.0,Global off,Global on,2.0,0.031755915317559155,1.0,0.04528985507246377,0.031755915317559155
4,20,3.0,3.0,Safety-like,Safety-like,4.0,61.0,0.06557377049180328,4.0,0.17391304347826086,ITI,CS-,3.0,3.0,Safety-like,Safety-like,7.0,72.0,0.09722222222222222,7.0,0.2916666666666667,ITI,ITI,3.0,3.0,Safety-like,Safety-like,-3.0,-0.03164845173041894,-3.0,-0.11775362318840582,0.03164845173041894
4,1,3.0,1.0,Safety-like,Global off,7.0,61.0,0.11475409836065574,7.0,0.30434782608695654,ITI,ITI,3.0,1.0,Safety-like,Global off,6.0,72.0,0.08333333333333333,5.0,0.20833333333333334,CS+,ITI,3.0,1.0,Safety-like,Global off,1.0,0.03142076502732241,2.0,0.0960144927536232,0.03142076502732241
14,1,2.0,1.0,Threat-like,Global off,3.0,43.0,0.06976744186046512,2.0,0.08695652173913043,ITI,CS+,2.0,1.0,Threat-like,Global off,2.0,52.0,0.038461538461538464,2.0,0.08333333333333333,ITI,ITI,2.0,1.0,Threat-like,Global off,1.0,0.03130590339892665,0.0,0.0036231884057971037,0.03130590339892665
14,30,2.0,4.0,Threat-like,Global on,3.0,43.0,0.06976744186046512,3.0,0.13043478260869565,CS+,ITI,2.0,4.0,Threat-like,Global on,2.0,52.0,0.038461538461538464,2.0,0.08333333333333333,CS+,CS-,2.0,4.0,Threat-like,Global on,1.0,0.03130590339892665,1.0,0.04710144927536232,0.03130590339892665
23,11,4.0,1.0,Global on,Global off,1.0,32.0,0.03125,1.0,0.043478260869565216,ITI,CS-,0.0,0.0,0,0,0.0,0.0,0.0,0.0,0.0,0,0,4.0,1.0,Global on,Global off,1.0,0.03125,1.0,0.043478260869565216,0.03125
23,21,4.0,1.0,Global on,Global off,1.0,32.0,0.03125,1.0,0.043478260869565216,CS-,ITI,0.0,0.0,0,0,0.0,0.0,0.0,0.0,0.0,0,0,4.0,1.0,Global on,Global off,1.0,0.03125,1.0,0.043478260869565216,0.03125
23,15,4.0,2.0,Global on,Threat-like,1.0,32.0,0.03125,1.0,0.043478260869565216,ITI,ITI,0.0,0.0,0,0,0.0,0.0,0.0,0.0,0.0,0,0,4.0,2.0,Global on,Threat-like,1.0,0.03125,1.0,0.043478260869565216,0.03125
29,28,2.0,4.0,Threat-like,Global on,4.0,68.0,0.058823529411764705,4.0,0.17391304347826086,CS-,ITI,2.0,4.0,Threat-like,Global on,2.0,72.0,0.027777777777777776,2.0,0.08333333333333333,CS+,ITI,2.0,4.0,Threat-like,Global on,2.0,0.03104575163398693,2.0,0.09057971014492754,0.03104575163398693
16,14,4.0,2.0,Global on,Threat-like,3.0,78.0,0.038461538461538464,3.0,0.13043478260869565,CS+,CS+,4.0,2.0,Global on,Threat-like,5.0,72.0,0.06944444444444445,4.0,0.16666666666666666,CS+,CS+,4.0,2.0,Global on,Threat-like,-2.0,-0.030982905982905984,-1.0,-0.03623188405797101,0.030982905982905984
16,5,4.0,1.0,Global on,Global off,3.0,78.0,0.038461538461538464,3.0,0.13043478260869565,CS+,ITI,4.0,1.0,Global on,Global off,5.0,72.0,0.06944444444444445,5.0,0.20833333333333334,ITI,ITI,4.0,1.0,Global on,Global off,-2.0,-0.030982905982905984,-2.0,-0.0778985507246377,0.030982905982905984
25,9,1.0,1.0,Global off,Global off,3.0,36.0,0.08333333333333333,3.0,0.13043478260869565,ITI,ITI,1.0,1.0,Global off,Global off,2.0,38.0,0.05263157894736842,2.0,0.08333333333333333,ITI,ITI,1.0,1.0,Global off,Global off,1.0,0.03070175438596491,1.0,0.04710144927536232,0.03070175438596491
17,20,1.0,3.0,Global off,Safety-like,5.0,58.0,0.08620689655172414,3.0,0.13043478260869565,ITI,ITI,1.0,3.0,Global off,Safety-like,9.0,77.0,0.11688311688311688,9.0,0.375,ITI,ITI,1.0,3.0,Global off,Safety-like,-4.0,-0.030676220331392737,-6.0,-0.24456521739130435,0.030676220331392737
13,31,2.0,4.0,Threat-like,Global on,5.0,82.0,0.06097560975609756,5.0,0.21739130434782608,CS+,CS+,2.0,4.0,Threat-like,Global on,3.0,99.0,0.030303030303030304,3.0,0.125,ITI,ITI,2.0,4.0,Threat-like,Global on,2.0,0.030672579453067256,2.0,0.09239130434782608,0.030672579453067256
2,27,1.0,4.0,Global off,Global on,2.0,66.0,0.030303030303030304,1.0,0.043478260869565216,CS-,CS-,0.0,0.0,0,0,0.0,0.0,0.0,0.0,0.0,0,0,1.0,4.0,Global off,Global on,2.0,0.030303030303030304,1.0,0.043478260869565216,0.030303030303030304
19,24,3.0,4.0,Safety-like,Global on,4.0,51.0,0.0784313725490196,3.0,0.13043478260869565,ITI,ITI,3.0,4.0,Safety-like,Global on,5.0,46.0,0.10869565217391304,5.0,0.20833333333333334,ITI,ITI,3.0,4.0,Safety-like,Global on,-1.0,-0.030264279624893434,-2.0,-0.0778985507246377,0.030264279624893434
19,17,3.0,1.0,Safety-like,Global off,4.0,51.0,0.0784313725490196,3.0,0.13043478260869565,CS+,ITI,3.0,1.0,Safety-like,Global off,5.0,46.0,0.10869565217391304,4.0,0.16666666666666666,ITI,ITI,3.0,1.0,Safety-like,Global off,-1.0,-0.030264279624893434,-1.0,-0.03623188405797101,0.030264279624893434
1,19,1.0,3.0,Global off,Safety-like,8.0,146.0,0.0547945205479452,7.0,0.30434782608695654,ITI,ITI,1.0,3.0,Global off,Safety-like,3.0,121.0,0.024793388429752067,3.0,0.125,ITI,ITI,1.0,3.0,Global off,Safety-like,5.0,0.030001132118193136,4.0,0.17934782608695654,0.030001132118193136
29,8,2.0,3.0,Threat-like,Safety-like,2.0,68.0,0.029411764705882353,2.0,0.08695652173913043,CS-,ITI,0.0,0.0,0,0,0.0,0.0,0.0,0.0,0.0,0,0,2.0,3.0,Threat-like,Safety-like,2.0,0.029411764705882353,2.0,0.08695652173913043,0.029411764705882353
29,11,2.0,1.0,Threat-like,Global off,2.0,68.0,0.029411764705882353,2.0,0.08695652173913043,ITI,ITI,0.0,0.0,0,0,0.0,0.0,0.0,0.0,0.0,0,0,2.0,1.0,Threat-like,Global off,2.0,0.029411764705882353,2.0,0.08695652173913043,0.029411764705882353
8,25,3.0,1.0,Safety-like,Global off,1.0,34.0,0.029411764705882353,1.0,0.043478260869565216,ITI,ITI,0.0,0.0,0,0,0.0,0.0,0.0,0.0,0.0,0,0,3.0,1.0,Safety-like,Global off,1.0,0.029411764705882353,1.0,0.043478260869565216,0.029411764705882353
8,23,3.0,4.0,Safety-like,Global on,1.0,34.0,0.029411764705882353,1.0,0.043478260869565216,ITI,ITI,0.0,0.0,0,0,0.0,0.0,0.0,0.0,0.0,0,0,3.0,4.0,Safety-like,Global on,1.0,0.029411764705882353,1.0,0.043478260869565216,0.029411764705882353
8,10,3.0,1.0,Safety-like,Global off,1.0,34.0,0.029411764705882353,1.0,0.043478260869565216,CS-,CS-,0.0,0.0,0,0,0.0,0.0,0.0,0.0,0.0,0,0,3.0,1.0,Safety-like,Global off,1.0,0.029411764705882353,1.0,0.043478260869565216,0.029411764705882353
8,11,3.0,1.0,Safety-like,Global off,1.0,34.0,0.029411764705882353,1.0,0.043478260869565216,CS-,ITI,0.0,0.0,0,0,0.0,0.0,0.0,0.0,0.0,0,0,3.0,1.0,Safety-like,Global off,1.0,0.029411764705882353,1.0,0.043478260869565216,0.029411764705882353
8,21,3.0,1.0,Safety-like,Global off,1.0,34.0,0.029411764705882353,1.0,0.043478260869565216,ITI,CS+,0.0,0.0,0,0,0.0,0.0,0.0,0.0,0.0,0,0,3.0,1.0,Safety-like,Global off,1.0,0.029411764705882353,1.0,0.043478260869565216,0.029411764705882353
21,28,0.0,0.0,0,0,0.0,0.0,0.0,0.0,0.0,0,0,1.0,4.0,Global off,Global on,1.0,34.0,0.029411764705882353,1.0,0.041666666666666664,ITI,ITI,1.0,4.0,Global off,Global on,-1.0,-0.029411764705882353,-1.0,-0.041666666666666664,0.029411764705882353
21,7,0.0,0.0,0,0,0.0,0.0,0.0,0.0,0.0,0,0,1.0,1.0,Global off,Global off,1.0,34.0,0.029411764705882353,1.0,0.041666666666666664,ITI,CS-,1.0,1.0,Global off,Global off,-1.0,-0.029411764705882353,-1.0,-0.041666666666666664,0.029411764705882353
21,11,0.0,0.0,0,0,0.0,0.0,0.0,0.0,0.0,0,0,1.0,1.0,Global off,Global off,1.0,34.0,0.029411764705882353,1.0,0.041666666666666664,ITI,CS+,1.0,1.0,Global off,Global off,-1.0,-0.029411764705882353,-1.0,-0.041666666666666664,0.029411764705882353
21,27,0.0,0.0,0,0,0.0,0.0,0.0,0.0,0.0,0,0,1.0,4.0,Global off,Global on,1.0,34.0,0.029411764705882353,1.0,0.041666666666666664,ITI,ITI,1.0,4.0,Global off,Global on,-1.0,-0.029411764705882353,-1.0,-0.041666666666666664,0.029411764705882353
21,2,0.0,0.0,0,0,0.0,0.0,0.0,0.0,0.0,0,0,1.0,1.0,Global off,Global off,1.0,34.0,0.029411764705882353,1.0,0.041666666666666664,CS+,CS+,1.0,1.0,Global off,Global off,-1.0,-0.029411764705882353,-1.0,-0.041666666666666664,0.029411764705882353
21,8,0.0,0.0,0,0,0.0,0.0,0.0,0.0,0.0,0,0,1.0,3.0,Global off,Safety-like,1.0,34.0,0.029411764705882353,1.0,0.041666666666666664,ITI,CS+,1.0,3.0,Global off,Safety-like,-1.0,-0.029411764705882353,-1.0,-0.041666666666666664,0.029411764705882353
32,14,4.0,2.0,Global on,Threat-like,6.0,131.0,0.04580152671755725,6.0,0.2608695652173913,CS+,ITI,4.0,2.0,Global on,Threat-like,2.0,122.0,0.01639344262295082,2.0,0.08333333333333333,CS-,CS-,4.0,2.0,Global on,Threat-like,4.0,0.02940808409460643,4.0,0.17753623188405798,0.02940808409460643
20,27,3.0,4.0,Safety-like,Global on,1.0,84.0,0.011904761904761904,1.0,0.043478260869565216,CS+,CS+,3.0,4.0,Safety-like,Global on,4.0,97.0,0.041237113402061855,4.0,0.16666666666666666,CS-,ITI,3.0,4.0,Safety-like,Global on,-3.0,-0.02933235149729995,-3.0,-0.12318840579710144,0.02933235149729995
20,23,3.0,4.0,Safety-like,Global on,1.0,84.0,0.011904761904761904,1.0,0.043478260869565216,ITI,ITI,3.0,4.0,Safety-like,Global on,4.0,97.0,0.041237113402061855,4.0,0.16666666666666666,CS-,CS-,3.0,4.0,Safety-like,Global on,-3.0,-0.02933235149729995,-3.0,-0.12318840579710144,0.02933235149729995
25,29,1.0,2.0,Global off,Threat-like,2.0,36.0,0.05555555555555555,2.0,0.08695652173913043,ITI,ITI,1.0,2.0,Global off,Threat-like,1.0,38.0,0.02631578947368421,1.0,0.041666666666666664,ITI,CS+,1.0,2.0,Global off,Threat-like,1.0,0.029239766081871343,1.0,0.04528985507246377,0.029239766081871343
9,2,1.0,1.0,Global off,Global off,5.0,53.0,0.09433962264150944,4.0,0.17391304347826086,ITI,CS+,1.0,1.0,Global off,Global off,3.0,46.0,0.06521739130434782,3.0,0.125,CS-,CS-,1.0,1.0,Global off,Global off,2.0,0.029122231337161616,1.0,0.048913043478260865,0.029122231337161616
1,10,1.0,1.0,Global off,Global off,3.0,146.0,0.02054794520547945,3.0,0.13043478260869565,CS+,CS+,1.0,1.0,Global off,Global off,6.0,121.0,0.049586776859504134,5.0,0.20833333333333334,CS+,ITI,1.0,1.0,Global off,Global off,-3.0,-0.029038831654024683,-2.0,-0.0778985507246377,0.029038831654024683
32,19,4.0,3.0,Global on,Safety-like,7.0,131.0,0.05343511450381679,6.0,0.2608695652173913,CS-,ITI,4.0,3.0,Global on,Safety-like,3.0,122.0,0.02459016393442623,3.0,0.125,CS+,ITI,4.0,3.0,Global on,Safety-like,4.0,0.028844950569390564,3.0,0.1358695652173913,0.028844950569390564
10,32,1.0,4.0,Global off,Global on,2.0,35.0,0.05714285714285714,2.0,0.08695652173913043,CS+,CS+,1.0,4.0,Global off,Global on,3.0,35.0,0.08571428571428572,3.0,0.125,ITI,ITI,1.0,4.0,Global off,Global on,-1.0,-0.028571428571428574,-1.0,-0.03804347826086957,0.028571428571428574
10,25,1.0,1.0,Global off,Global off,1.0,35.0,0.02857142857142857,1.0,0.043478260869565216,ITI,ITI,0.0,0.0,0,0,0.0,0.0,0.0,0.0,0.0,0,0,1.0,1.0,Global off,Global off,1.0,0.02857142857142857,1.0,0.043478260869565216,0.02857142857142857
10,23,1.0,4.0,Global off,Global on,1.0,35.0,0.02857142857142857,1.0,0.043478260869565216,CS-,CS-,0.0,0.0,0,0,0.0,0.0,0.0,0.0,0.0,0,0,1.0,4.0,Global off,Global on,1.0,0.02857142857142857,1.0,0.043478260869565216,0.02857142857142857
10,24,0.0,0.0,0,0,0.0,0.0,0.0,0.0,0.0,0,0,1.0,4.0,Global off,Global on,1.0,35.0,0.02857142857142857,1.0,0.041666666666666664,CS+,ITI,1.0,4.0,Global off,Global on,-1.0,-0.02857142857142857,-1.0,-0.041666666666666664,0.02857142857142857
10,9,1.0,1.0,Global off,Global off,1.0,35.0,0.02857142857142857,1.0,0.043478260869565216,CS+,CS+,0.0,0.0,0,0,0.0,0.0,0.0,0.0,0.0,0,0,1.0,1.0,Global off,Global off,1.0,0.02857142857142857,1.0,0.043478260869565216,0.02857142857142857
10,7,0.0,0.0,0,0,0.0,0.0,0.0,0.0,0.0,0,0,1.0,1.0,Global off,Global off,1.0,35.0,0.02857142857142857,1.0,0.041666666666666664,CS+,CS+,1.0,1.0,Global off,Global off,-1.0,-0.02857142857142857,-1.0,-0.041666666666666664,0.02857142857142857
10,4,1.0,3.0,Global off,Safety-like,1.0,35.0,0.02857142857142857,1.0,0.043478260869565216,CS-,CS-,0.0,0.0,0,0,0.0,0.0,0.0,0.0,0.0,0,0,1.0,3.0,Global off,Safety-like,1.0,0.02857142857142857,1.0,0.043478260869565216,0.02857142857142857
10,31,1.0,4.0,Global off,Global on,1.0,35.0,0.02857142857142857,1.0,0.043478260869565216,CS-,ITI,1.0,4.0,Global off,Global on,2.0,35.0,0.05714285714285714,2.0,0.08333333333333333,CS+,ITI,1.0,4.0,Global off,Global on,-1.0,-0.02857142857142857,-1.0,-0.03985507246376811,0.02857142857142857
10,18,1.0,3.0,Global off,Safety-like,1.0,35.0,0.02857142857142857,1.0,0.043478260869565216,ITI,ITI,0.0,0.0,0,0,0.0,0.0,0.0,0.0,0.0,0,0,1.0,3.0,Global off,Safety-like,1.0,0.02857142857142857,1.0,0.043478260869565216,0.02857142857142857
10,27,1.0,4.0,Global off,Global on,2.0,35.0,0.05714285714285714,2.0,0.08695652173913043,ITI,ITI,1.0,4.0,Global off,Global on,1.0,35.0,0.02857142857142857,1.0,0.041666666666666664,CS-,ITI,1.0,4.0,Global off,Global on,1.0,0.02857142857142857,1.0,0.04528985507246377,0.02857142857142857
10,28,1.0,4.0,Global off,Global on,2.0,35.0,0.05714285714285714,2.0,0.08695652173913043,CS-,CS-,1.0,4.0,Global off,Global on,1.0,35.0,0.02857142857142857,1.0,0.041666666666666664,ITI,ITI,1.0,4.0,Global off,Global on,1.0,0.02857142857142857,1.0,0.04528985507246377,0.02857142857142857
10,21,0.0,0.0,0,0,0.0,0.0,0.0,0.0,0.0,0,0,1.0,1.0,Global off,Global off,1.0,35.0,0.02857142857142857,1.0,0.041666666666666664,ITI,ITI,1.0,1.0,Global off,Global off,-1.0,-0.02857142857142857,-1.0,-0.041666666666666664,0.02857142857142857
10,29,0.0,0.0,0,0,0.0,0.0,0.0,0.0,0.0,0,0,1.0,2.0,Global off,Threat-like,1.0,35.0,0.02857142857142857,1.0,0.041666666666666664,ITI,ITI,1.0,2.0,Global off,Threat-like,-1.0,-0.02857142857142857,-1.0,-0.041666666666666664,0.02857142857142857
10,15,0.0,0.0,0,0,0.0,0.0,0.0,0.0,0.0,0,0,1.0,2.0,Global off,Threat-like,1.0,35.0,0.02857142857142857,1.0,0.041666666666666664,ITI,ITI,1.0,2.0,Global off,Threat-like,-1.0,-0.02857142857142857,-1.0,-0.041666666666666664,0.02857142857142857
10,20,1.0,3.0,Global off,Safety-like,1.0,35.0,0.02857142857142857,1.0,0.043478260869565216,CS+,ITI,0.0,0.0,0,0,0.0,0.0,0.0,0.0,0.0,0,0,1.0,3.0,Global off,Safety-like,1.0,0.02857142857142857,1.0,0.043478260869565216,0.02857142857142857
10,16,1.0,4.0,Global off,Global on,1.0,35.0,0.02857142857142857,1.0,0.043478260869565216,ITI,ITI,1.0,4.0,Global off,Global on,2.0,35.0,0.05714285714285714,2.0,0.08333333333333333,CS-,CS-,1.0,4.0,Global off,Global on,-1.0,-0.02857142857142857,-1.0,-0.03985507246376811,0.02857142857142857
10,12,0.0,0.0,0,0,0.0,0.0,0.0,0.0,0.0,0,0,1.0,3.0,Global off,Safety-like,1.0,35.0,0.02857142857142857,1.0,0.041666666666666664,CS-,CS-,1.0,3.0,Global off,Safety-like,-1.0,-0.02857142857142857,-1.0,-0.041666666666666664,0.02857142857142857
32,13,4.0,2.0,Global on,Threat-like,7.0,131.0,0.05343511450381679,6.0,0.2608695652173913,ITI,ITI,4.0,2.0,Global on,Threat-like,10.0,122.0,0.08196721311475409,8.0,0.3333333333333333,CS+,CS+,4.0,2.0,Global on,Threat-like,-3.0,-0.0285320986109373,-2.0,-0.07246376811594202,0.0285320986109373
32,16,4.0,4.0,Global on,Global on,8.0,131.0,0.061068702290076333,8.0,0.34782608695652173,CS+,ITI,4.0,4.0,Global on,Global on,4.0,122.0,0.03278688524590164,4.0,0.16666666666666666,ITI,CS+,4.0,4.0,Global on,Global on,4.0,0.028281817044174692,4.0,0.18115942028985507,0.028281817044174692
30,28,4.0,4.0,Global on,Global on,2.0,38.0,0.05263157894736842,2.0,0.08695652173913043,CS-,CS-,4.0,4.0,Global on,Global on,1.0,41.0,0.024390243902439025,1.0,0.041666666666666664,ITI,ITI,4.0,4.0,Global on,Global on,1.0,0.028241335044929393,1.0,0.04528985507246377,0.028241335044929393
29,12,0.0,0.0,0,0,0.0,0.0,0.0,0.0,0.0,0,0,2.0,3.0,Threat-like,Safety-like,2.0,72.0,0.027777777777777776,2.0,0.08333333333333333,CS+,CS+,2.0,3.0,Threat-like,Safety-like,-2.0,-0.027777777777777776,-2.0,-0.08333333333333333,0.027777777777777776
25,7,1.0,1.0,Global off,Global off,1.0,36.0,0.027777777777777776,1.0,0.043478260869565216,CS+,CS+,0.0,0.0,0,0,0.0,0.0,0.0,0.0,0.0,0,0,1.0,1.0,Global off,Global off,1.0,0.027777777777777776,1.0,0.043478260869565216,0.027777777777777776
25,10,1.0,1.0,Global off,Global off,1.0,36.0,0.027777777777777776,1.0,0.043478260869565216,ITI,ITI,0.0,0.0,0,0,0.0,0.0,0.0,0.0,0.0,0,0,1.0,1.0,Global off,Global off,1.0,0.027777777777777776,1.0,0.043478260869565216,0.027777777777777776
25,3,1.0,1.0,Global off,Global off,1.0,36.0,0.027777777777777776,1.0,0.043478260869565216,CS+,ITI,0.0,0.0,0,0,0.0,0.0,0.0,0.0,0.0,0,0,1.0,1.0,Global off,Global off,1.0,0.027777777777777776,1.0,0.043478260869565216,0.027777777777777776
31,25,4.0,1.0,Global on,Global off,4.0,65.0,0.06153846153846154,4.0,0.17391304347826086,ITI,ITI,4.0,1.0,Global on,Global off,2.0,59.0,0.03389830508474576,2.0,0.08333333333333333,ITI,ITI,4.0,1.0,Global on,Global off,2.0,0.02764015645371578,2.0,0.09057971014492754,0.02764015645371578
1,12,1.0,3.0,Global off,Safety-like,2.0,146.0,0.0136986301369863,2.0,0.08695652173913043,CS+,CS+,1.0,3.0,Global off,Safety-like,5.0,121.0,0.04132231404958678,5.0,0.20833333333333334,ITI,ITI,1.0,3.0,Global off,Safety-like,-3.0,-0.027623683912600477,-3.0,-0.12137681159420291,0.027623683912600477
9,23,1.0,4.0,Global off,Global on,2.0,53.0,0.03773584905660377,2.0,0.08695652173913043,CS-,CS+,1.0,4.0,Global off,Global on,3.0,46.0,0.06521739130434782,3.0,0.125,ITI,ITI,1.0,4.0,Global off,Global on,-1.0,-0.027481542247744052,-1.0,-0.03804347826086957,0.027481542247744052
1,25,1.0,1.0,Global off,Global off,4.0,146.0,0.0273972602739726,4.0,0.17391304347826086,ITI,ITI,0.0,0.0,0,0,0.0,0.0,0.0,0.0,0.0,0,0,1.0,1.0,Global off,Global off,4.0,0.0273972602739726,4.0,0.17391304347826086,0.0273972602739726
14,9,2.0,1.0,Threat-like,Global off,2.0,43.0,0.046511627906976744,2.0,0.08695652173913043,CS+,CS+,2.0,1.0,Threat-like,Global off,1.0,52.0,0.019230769230769232,1.0,0.041666666666666664,ITI,CS+,2.0,1.0,Threat-like,Global off,1.0,0.02728085867620751,1.0,0.04528985507246377,0.02728085867620751
18,30,3.0,4.0,Safety-like,Global on,1.0,37.0,0.02702702702702703,1.0,0.043478260869565216,ITI,ITI,0.0,0.0,0,0,0.0,0.0,0.0,0.0,0.0,0,0,3.0,4.0,Safety-like,Global on,1.0,0.02702702702702703,1.0,0.043478260869565216,0.02702702702702703
18,32,3.0,4.0,Safety-like,Global on,1.0,37.0,0.02702702702702703,1.0,0.043478260869565216,CS-,ITI,0.0,0.0,0,0,0.0,0.0,0.0,0.0,0.0,0,0,3.0,4.0,Safety-like,Global on,1.0,0.02702702702702703,1.0,0.043478260869565216,0.02702702702702703
18,21,3.0,1.0,Safety-like,Global off,1.0,37.0,0.02702702702702703,1.0,0.043478260869565216,CS+,ITI,0.0,0.0,0,0,0.0,0.0,0.0,0.0,0.0,0,0,3.0,1.0,Safety-like,Global off,1.0,0.02702702702702703,1.0,0.043478260869565216,0.02702702702702703
29,17,2.0,1.0,Threat-like,Global off,1.0,68.0,0.014705882352941176,1.0,0.043478260869565216,CS-,CS-,2.0,1.0,Threat-like,Global off,3.0,72.0,0.041666666666666664,3.0,0.125,ITI,CS-,2.0,1.0,Threat-like,Global off,-2.0,-0.026960784313725488,-2.0,-0.08152173913043478,0.026960784313725488
29,27,2.0,4.0,Threat-like,Global on,1.0,68.0,0.014705882352941176,1.0,0.043478260869565216,ITI,ITI,2.0,4.0,Threat-like,Global on,3.0,72.0,0.041666666666666664,3.0,0.125,CS+,ITI,2.0,4.0,Threat-like,Global on,-2.0,-0.026960784313725488,-2.0,-0.08152173913043478,0.026960784313725488
32,17,4.0,1.0,Global on,Global off,4.0,131.0,0.030534351145038167,4.0,0.17391304347826086,ITI,ITI,4.0,1.0,Global on,Global off,7.0,122.0,0.05737704918032787,6.0,0.25,ITI,ITI,4.0,1.0,Global on,Global off,-3.0,-0.026842698035289703,-2.0,-0.07608695652173914,0.026842698035289703
15,1,2.0,1.0,Threat-like,Global off,3.0,30.0,0.1,3.0,0.13043478260869565,ITI,ITI,2.0,1.0,Threat-like,Global off,3.0,41.0,0.07317073170731707,3.0,0.125,CS+,CS+,2.0,1.0,Threat-like,Global off,0.0,0.026829268292682937,0.0,0.0054347826086956486,0.026829268292682937
13,3,2.0,1.0,Threat-like,Global off,3.0,82.0,0.036585365853658534,3.0,0.13043478260869565,CS+,ITI,2.0,1.0,Threat-like,Global off,1.0,99.0,0.010101010101010102,1.0,0.041666666666666664,ITI,ITI,2.0,1.0,Threat-like,Global off,2.0,0.02648435575264843,2.0,0.08876811594202899,0.02648435575264843
1,4,1.0,3.0,Global off,Safety-like,7.0,146.0,0.04794520547945205,5.0,0.21739130434782608,ITI,ITI,1.0,3.0,Global off,Safety-like,9.0,121.0,0.0743801652892562,8.0,0.3333333333333333,ITI,ITI,1.0,3.0,Global off,Safety-like,-2.0,-0.02643495980980415,-3.0,-0.11594202898550723,0.02643495980980415
12,30,0.0,0.0,0,0,0.0,0.0,0.0,0.0,0.0,0,0,3.0,4.0,Safety-like,Global on,1.0,38.0,0.02631578947368421,1.0,0.041666666666666664,CS+,ITI,3.0,4.0,Safety-like,Global on,-1.0,-0.02631578947368421,-1.0,-0.041666666666666664,0.02631578947368421
12,26,0.0,0.0,0,0,0.0,0.0,0.0,0.0,0.0,0,0,3.0,4.0,Safety-like,Global on,1.0,38.0,0.02631578947368421,1.0,0.041666666666666664,CS-,ITI,3.0,4.0,Safety-like,Global on,-1.0,-0.02631578947368421,-1.0,-0.041666666666666664,0.02631578947368421
12,8,0.0,0.0,0,0,0.0,0.0,0.0,0.0,0.0,0,0,3.0,3.0,Safety-like,Safety-like,1.0,38.0,0.02631578947368421,1.0,0.041666666666666664,ITI,CS-,3.0,3.0,Safety-like,Safety-like,-1.0,-0.02631578947368421,-1.0,-0.041666666666666664,0.02631578947368421
12,9,0.0,0.0,0,0,0.0,0.0,0.0,0.0,0.0,0,0,3.0,1.0,Safety-like,Global off,1.0,38.0,0.02631578947368421,1.0,0.041666666666666664,ITI,CS+,3.0,1.0,Safety-like,Global off,-1.0,-0.02631578947368421,-1.0,-0.041666666666666664,0.02631578947368421
12,10,0.0,0.0,0,0,0.0,0.0,0.0,0.0,0.0,0,0,3.0,1.0,Safety-like,Global off,1.0,38.0,0.02631578947368421,1.0,0.041666666666666664,ITI,ITI,3.0,1.0,Safety-like,Global off,-1.0,-0.02631578947368421,-1.0,-0.041666666666666664,0.02631578947368421
25,15,0.0,0.0,0,0,0.0,0.0,0.0,0.0,0.0,0,0,1.0,2.0,Global off,Threat-like,1.0,38.0,0.02631578947368421,1.0,0.041666666666666664,ITI,ITI,1.0,2.0,Global off,Threat-like,-1.0,-0.02631578947368421,-1.0,-0.041666666666666664,0.02631578947368421
25,24,0.0,0.0,0,0,0.0,0.0,0.0,0.0,0.0,0,0,1.0,4.0,Global off,Global on,1.0,38.0,0.02631578947368421,1.0,0.041666666666666664,ITI,CS+,1.0,4.0,Global off,Global on,-1.0,-0.02631578947368421,-1.0,-0.041666666666666664,0.02631578947368421
30,8,4.0,3.0,Global on,Safety-like,1.0,38.0,0.02631578947368421,1.0,0.043478260869565216,CS-,CS-,0.0,0.0,0,0,0.0,0.0,0.0,0.0,0.0,0,0,4.0,3.0,Global on,Safety-like,1.0,0.02631578947368421,1.0,0.043478260869565216,0.02631578947368421
30,18,4.0,3.0,Global on,Safety-like,1.0,38.0,0.02631578947368421,1.0,0.043478260869565216,ITI,ITI,0.0,0.0,0,0,0.0,0.0,0.0,0.0,0.0,0,0,4.0,3.0,Global on,Safety-like,1.0,0.02631578947368421,1.0,0.043478260869565216,0.02631578947368421
30,3,4.0,1.0,Global on,Global off,1.0,38.0,0.02631578947368421,1.0,0.043478260869565216,CS-,ITI,0.0,0.0,0,0,0.0,0.0,0.0,0.0,0.0,0,0,4.0,1.0,Global on,Global off,1.0,0.02631578947368421,1.0,0.043478260869565216,0.02631578947368421
12,21,0.0,0.0,0,0,0.0,0.0,0.0,0.0,0.0,0,0,3.0,1.0,Safety-like,Global off,1.0,38.0,0.02631578947368421,1.0,0.041666666666666664,ITI,ITI,3.0,1.0,Safety-like,Global off,-1.0,-0.02631578947368421,-1.0,-0.041666666666666664,0.02631578947368421
1,11,1.0,1.0,Global off,Global off,1.0,146.0,0.00684931506849315,1.0,0.043478260869565216,CS+,CS+,1.0,1.0,Global off,Global off,4.0,121.0,0.03305785123966942,3.0,0.125,ITI,CS+,1.0,1.0,Global off,Global off,-3.0,-0.026208536171176272,-2.0,-0.08152173913043478,0.026208536171176272
29,5,2.0,1.0,Threat-like,Global off,2.0,68.0,0.029411764705882353,2.0,0.08695652173913043,ITI,ITI,2.0,1.0,Threat-like,Global off,4.0,72.0,0.05555555555555555,4.0,0.16666666666666666,ITI,CS+,2.0,1.0,Threat-like,Global off,-2.0,-0.0261437908496732,-2.0,-0.07971014492753623,0.0261437908496732
17,9,0.0,0.0,0,0,0.0,0.0,0.0,0.0,0.0,0,0,1.0,1.0,Global off,Global off,2.0,77.0,0.025974025974025976,2.0,0.08333333333333333,ITI,CS+,1.0,1.0,Global off,Global off,-2.0,-0.025974025974025976,-2.0,-0.08333333333333333,0.025974025974025976
17,26,0.0,0.0,0,0,0.0,0.0,0.0,0.0,0.0,0,0,1.0,4.0,Global off,Global on,2.0,77.0,0.025974025974025976,2.0,0.08333333333333333,CS-,CS-,1.0,4.0,Global off,Global on,-2.0,-0.025974025974025976,-2.0,-0.08333333333333333,0.025974025974025976
17,28,0.0,0.0,0,0,0.0,0.0,0.0,0.0,0.0,0,0,1.0,4.0,Global off,Global on,2.0,77.0,0.025974025974025976,2.0,0.08333333333333333,CS-,CS-,1.0,4.0,Global off,Global on,-2.0,-0.025974025974025976,-2.0,-0.08333333333333333,0.025974025974025976
17,30,0.0,0.0,0,0,0.0,0.0,0.0,0.0,0.0,0,0,1.0,4.0,Global off,Global on,2.0,77.0,0.025974025974025976,2.0,0.08333333333333333,ITI,CS+,1.0,4.0,Global off,Global on,-2.0,-0.025974025974025976,-2.0,-0.08333333333333333,0.025974025974025976
2,24,1.0,4.0,Global off,Global on,1.0,66.0,0.015151515151515152,1.0,0.043478260869565216,ITI,CS+,1.0,4.0,Global off,Global on,3.0,73.0,0.0410958904109589,3.0,0.125,CS-,ITI,1.0,4.0,Global off,Global on,-2.0,-0.02594437525944375,-2.0,-0.08152173913043478,0.02594437525944375
2,18,1.0,3.0,Global off,Safety-like,1.0,66.0,0.015151515151515152,1.0,0.043478260869565216,CS-,CS-,1.0,3.0,Global off,Safety-like,3.0,73.0,0.0410958904109589,3.0,0.125,ITI,ITI,1.0,3.0,Global off,Safety-like,-2.0,-0.02594437525944375,-2.0,-0.08152173913043478,0.02594437525944375
2,15,1.0,2.0,Global off,Threat-like,1.0,66.0,0.015151515151515152,1.0,0.043478260869565216,ITI,CS+,1.0,2.0,Global off,Threat-like,3.0,73.0,0.0410958904109589,2.0,0.08333333333333333,CS+,CS+,1.0,2.0,Global off,Threat-like,-2.0,-0.02594437525944375,-1.0,-0.03985507246376811,0.02594437525944375
17,16,1.0,4.0,Global off,Global on,3.0,58.0,0.05172413793103448,3.0,0.13043478260869565,ITI,CS+,1.0,4.0,Global off,Global on,2.0,77.0,0.025974025974025976,2.0,0.08333333333333333,ITI,CS+,1.0,4.0,Global off,Global on,1.0,0.025750111957008506,1.0,0.04710144927536232,0.025750111957008506
16,28,4.0,4.0,Global on,Global on,2.0,78.0,0.02564102564102564,2.0,0.08695652173913043,ITI,ITI,0.0,0.0,0,0,0.0,0.0,0.0,0.0,0.0,0,0,4.0,4.0,Global on,Global on,2.0,0.02564102564102564,2.0,0.08695652173913043,0.02564102564102564
14,13,2.0,2.0,Threat-like,Threat-like,8.0,43.0,0.18604651162790697,7.0,0.30434782608695654,CS+,CS+,2.0,2.0,Threat-like,Threat-like,11.0,52.0,0.21153846153846154,10.0,0.4166666666666667,CS+,ITI,2.0,2.0,Threat-like,Threat-like,-3.0,-0.025491949910554562,-3.0,-0.11231884057971014,0.025491949910554562
28,4,4.0,3.0,Global on,Safety-like,3.0,60.0,0.05,3.0,0.13043478260869565,ITI,ITI,4.0,3.0,Global on,Safety-like,4.0,53.0,0.07547169811320754,4.0,0.16666666666666666,ITI,ITI,4.0,3.0,Global on,Safety-like,-1.0,-0.02547169811320754,-1.0,-0.03623188405797101,0.02547169811320754
32,28,4.0,4.0,Global on,Global on,13.0,131.0,0.09923664122137404,9.0,0.391304347826087,ITI,ITI,4.0,4.0,Global on,Global on,9.0,122.0,0.07377049180327869,8.0,0.3333333333333333,ITI,ITI,4.0,4.0,Global on,Global on,4.0,0.025466149418095357,1.0,0.05797101449275366,0.025466149418095357
20,10,3.0,1.0,Safety-like,Global off,3.0,84.0,0.03571428571428571,3.0,0.13043478260869565,CS+,ITI,3.0,1.0,Safety-like,Global off,1.0,97.0,0.010309278350515464,1.0,0.041666666666666664,CS-,ITI,3.0,1.0,Safety-like,Global off,2.0,0.02540500736377025,2.0,0.08876811594202899,0.02540500736377025
4,23,3.0,4.0,Safety-like,Global on,1.0,61.0,0.01639344262295082,1.0,0.043478260869565216,CS-,ITI,3.0,4.0,Safety-like,Global on,3.0,72.0,0.041666666666666664,2.0,0.08333333333333333,ITI,CS-,3.0,4.0,Safety-like,Global on,-2.0,-0.025273224043715844,-1.0,-0.03985507246376811,0.025273224043715844
4,14,3.0,2.0,Safety-like,Threat-like,1.0,61.0,0.01639344262295082,1.0,0.043478260869565216,ITI,CS+,3.0,2.0,Safety-like,Threat-like,3.0,72.0,0.041666666666666664,3.0,0.125,CS+,ITI,3.0,2.0,Safety-like,Threat-like,-2.0,-0.025273224043715844,-2.0,-0.08152173913043478,0.025273224043715844
4,9,3.0,1.0,Safety-like,Global off,1.0,61.0,0.01639344262295082,1.0,0.043478260869565216,ITI,ITI,3.0,1.0,Safety-like,Global off,3.0,72.0,0.041666666666666664,3.0,0.125,ITI,CS-,3.0,1.0,Safety-like,Global off,-2.0,-0.025273224043715844,-2.0,-0.08152173913043478,0.025273224043715844
32,21,4.0,1.0,Global on,Global off,1.0,131.0,0.007633587786259542,1.0,0.043478260869565216,CS-,CS-,4.0,1.0,Global on,Global off,4.0,122.0,0.03278688524590164,3.0,0.125,ITI,CS+,4.0,1.0,Global on,Global off,-3.0,-0.0251532974596421,-2.0,-0.08152173913043478,0.0251532974596421
1,17,1.0,1.0,Global off,Global off,6.0,146.0,0.0410958904109589,6.0,0.2608695652173913,ITI,ITI,1.0,1.0,Global off,Global off,8.0,121.0,0.06611570247933884,6.0,0.25,ITI,ITI,1.0,1.0,Global off,Global off,-2.0,-0.025019812068379943,0.0,0.010869565217391297,0.025019812068379943
23,24,4.0,4.0,Global on,Global on,4.0,32.0,0.125,4.0,0.17391304347826086,CS+,CS+,4.0,4.0,Global on,Global on,3.0,30.0,0.1,2.0,0.08333333333333333,ITI,ITI,4.0,4.0,Global on,Global on,1.0,0.024999999999999994,2.0,0.09057971014492754,0.024999999999999994
25,26,1.0,4.0,Global off,Global on,1.0,36.0,0.027777777777777776,1.0,0.043478260869565216,ITI,CS+,1.0,4.0,Global off,Global on,2.0,38.0,0.05263157894736842,2.0,0.08333333333333333,ITI,CS+,1.0,4.0,Global off,Global on,-1.0,-0.024853801169590642,-1.0,-0.03985507246376811,0.024853801169590642
1,30,0.0,0.0,0,0,0.0,0.0,0.0,0.0,0.0,0,0,1.0,4.0,Global off,Global on,3.0,121.0,0.024793388429752067,3.0,0.125,ITI,ITI,1.0,4.0,Global off,Global on,-3.0,-0.024793388429752067,-3.0,-0.125,0.024793388429752067
9,28,1.0,4.0,Global off,Global on,1.0,53.0,0.018867924528301886,1.0,0.043478260869565216,ITI,ITI,1.0,4.0,Global off,Global on,2.0,46.0,0.043478260869565216,2.0,0.08333333333333333,CS+,ITI,1.0,4.0,Global off,Global on,-1.0,-0.02461033634126333,-1.0,-0.03985507246376811,0.02461033634126333
9,15,1.0,2.0,Global off,Threat-like,1.0,53.0,0.018867924528301886,1.0,0.043478260869565216,ITI,ITI,1.0,2.0,Global off,Threat-like,2.0,46.0,0.043478260869565216,2.0,0.08333333333333333,CS+,CS+,1.0,2.0,Global off,Threat-like,-1.0,-0.02461033634126333,-1.0,-0.03985507246376811,0.02461033634126333
9,17,1.0,1.0,Global off,Global off,1.0,53.0,0.018867924528301886,1.0,0.043478260869565216,CS-,ITI,1.0,1.0,Global off,Global off,2.0,46.0,0.043478260869565216,2.0,0.08333333333333333,ITI,CS-,1.0,1.0,Global off,Global off,-1.0,-0.02461033634126333,-1.0,-0.03985507246376811,0.02461033634126333
9,20,1.0,3.0,Global off,Safety-like,1.0,53.0,0.018867924528301886,1.0,0.043478260869565216,CS+,ITI,1.0,3.0,Global off,Safety-like,2.0,46.0,0.043478260869565216,2.0,0.08333333333333333,CS-,CS-,1.0,3.0,Global off,Safety-like,-1.0,-0.02461033634126333,-1.0,-0.03985507246376811,0.02461033634126333
16,30,4.0,4.0,Global on,Global on,3.0,78.0,0.038461538461538464,3.0,0.13043478260869565,CS-,CS-,4.0,4.0,Global on,Global on,1.0,72.0,0.013888888888888888,1.0,0.041666666666666664,ITI,ITI,4.0,4.0,Global on,Global on,2.0,0.024572649572649576,2.0,0.08876811594202899,0.024572649572649576
16,18,4.0,3.0,Global on,Safety-like,3.0,78.0,0.038461538461538464,3.0,0.13043478260869565,CS+,CS+,4.0,3.0,Global on,Safety-like,1.0,72.0,0.013888888888888888,1.0,0.041666666666666664,ITI,ITI,4.0,3.0,Global on,Safety-like,2.0,0.024572649572649576,2.0,0.08876811594202899,0.024572649572649576
16,2,4.0,1.0,Global on,Global off,3.0,78.0,0.038461538461538464,3.0,0.13043478260869565,CS+,CS+,4.0,1.0,Global on,Global off,1.0,72.0,0.013888888888888888,1.0,0.041666666666666664,ITI,ITI,4.0,1.0,Global on,Global off,2.0,0.024572649572649576,2.0,0.08876811594202899,0.024572649572649576
15,17,0.0,0.0,0,0,0.0,0.0,0.0,0.0,0.0,0,0,2.0,1.0,Threat-like,Global off,1.0,41.0,0.024390243902439025,1.0,0.041666666666666664,ITI,ITI,2.0,1.0,Threat-like,Global off,-1.0,-0.024390243902439025,-1.0,-0.041666666666666664,0.024390243902439025
30,22,0.0,0.0,0,0,0.0,0.0,0.0,0.0,0.0,0,0,4.0,4.0,Global on,Global on,1.0,41.0,0.024390243902439025,1.0,0.041666666666666664,ITI,ITI,4.0,4.0,Global on,Global on,-1.0,-0.024390243902439025,-1.0,-0.041666666666666664,0.024390243902439025
30,12,0.0,0.0,0,0,0.0,0.0,0.0,0.0,0.0,0,0,4.0,3.0,Global on,Safety-like,1.0,41.0,0.024390243902439025,1.0,0.041666666666666664,CS+,CS+,4.0,3.0,Global on,Safety-like,-1.0,-0.024390243902439025,-1.0,-0.041666666666666664,0.024390243902439025
30,14,0.0,0.0,0,0,0.0,0.0,0.0,0.0,0.0,0,0,4.0,2.0,Global on,Threat-like,1.0,41.0,0.024390243902439025,1.0,0.041666666666666664,CS+,ITI,4.0,2.0,Global on,Threat-like,-1.0,-0.024390243902439025,-1.0,-0.041666666666666664,0.024390243902439025
15,14,0.0,0.0,0,0,0.0,0.0,0.0,0.0,0.0,0,0,2.0,2.0,Threat-like,Threat-like,1.0,41.0,0.024390243902439025,1.0,0.041666666666666664,ITI,ITI,2.0,2.0,Threat-like,Threat-like,-1.0,-0.024390243902439025,-1.0,-0.041666666666666664,0.024390243902439025
15,22,0.0,0.0,0,0,0.0,0.0,0.0,0.0,0.0,0,0,2.0,4.0,Threat-like,Global on,1.0,41.0,0.024390243902439025,1.0,0.041666666666666664,CS-,ITI,2.0,4.0,Threat-like,Global on,-1.0,-0.024390243902439025,-1.0,-0.041666666666666664,0.024390243902439025
15,25,0.0,0.0,0,0,0.0,0.0,0.0,0.0,0.0,0,0,2.0,1.0,Threat-like,Global off,1.0,41.0,0.024390243902439025,1.0,0.041666666666666664,CS-,CS-,2.0,1.0,Threat-like,Global off,-1.0,-0.024390243902439025,-1.0,-0.041666666666666664,0.024390243902439025
13,28,2.0,4.0,Threat-like,Global on,2.0,82.0,0.024390243902439025,2.0,0.08695652173913043,CS+,CS-,0.0,0.0,0,0,0.0,0.0,0.0,0.0,0.0,0,0,2.0,4.0,Threat-like,Global on,2.0,0.024390243902439025,2.0,0.08695652173913043,0.024390243902439025
15,18,0.0,0.0,0,0,0.0,0.0,0.0,0.0,0.0,0,0,2.0,3.0,Threat-like,Safety-like,1.0,41.0,0.024390243902439025,1.0,0.041666666666666664,ITI,CS-,2.0,3.0,Threat-like,Safety-like,-1.0,-0.024390243902439025,-1.0,-0.041666666666666664,0.024390243902439025
15,30,0.0,0.0,0,0,0.0,0.0,0.0,0.0,0.0,0,0,2.0,4.0,Threat-like,Global on,1.0,41.0,0.024390243902439025,1.0,0.041666666666666664,CS+,CS+,2.0,4.0,Threat-like,Global on,-1.0,-0.024390243902439025,-1.0,-0.041666666666666664,0.024390243902439025
15,23,0.0,0.0,0,0,0.0,0.0,0.0,0.0,0.0,0,0,2.0,4.0,Threat-like,Global on,1.0,41.0,0.024390243902439025,1.0,0.041666666666666664,CS+,CS+,2.0,4.0,Threat-like,Global on,-1.0,-0.024390243902439025,-1.0,-0.041666666666666664,0.024390243902439025
30,4,0.0,0.0,0,0,0.0,0.0,0.0,0.0,0.0,0,0,4.0,3.0,Global on,Safety-like,1.0,41.0,0.024390243902439025,1.0,0.041666666666666664,ITI,ITI,4.0,3.0,Global on,Safety-like,-1.0,-0.024390243902439025,-1.0,-0.041666666666666664,0.024390243902439025
30,21,0.0,0.0,0,0,0.0,0.0,0.0,0.0,0.0,0,0,4.0,1.0,Global on,Global off,1.0,41.0,0.024390243902439025,1.0,0.041666666666666664,ITI,ITI,4.0,1.0,Global on,Global off,-1.0,-0.024390243902439025,-1.0,-0.041666666666666664,0.024390243902439025
19,2,3.0,1.0,Safety-like,Global off,1.0,51.0,0.0196078431372549,1.0,0.043478260869565216,ITI,ITI,3.0,1.0,Safety-like,Global off,2.0,46.0,0.043478260869565216,2.0,0.08333333333333333,CS-,ITI,3.0,1.0,Safety-like,Global off,-1.0,-0.023870417732310314,-1.0,-0.03985507246376811,0.023870417732310314
20,22,3.0,4.0,Safety-like,Global on,2.0,84.0,0.023809523809523808,2.0,0.08695652173913043,ITI,ITI,0.0,0.0,0,0,0.0,0.0,0.0,0.0,0.0,0,0,3.0,4.0,Safety-like,Global on,2.0,0.023809523809523808,2.0,0.08695652173913043,0.023809523809523808
1,20,1.0,3.0,Global off,Safety-like,5.0,146.0,0.03424657534246575,5.0,0.21739130434782608,CS-,ITI,1.0,3.0,Global off,Safety-like,7.0,121.0,0.05785123966942149,6.0,0.25,CS-,ITI,1.0,3.0,Global off,Safety-like,-2.0,-0.023604664326955738,-1.0,-0.03260869565217392,0.023604664326955738
25,17,1.0,1.0,Global off,Global off,2.0,36.0,0.05555555555555555,2.0,0.08695652173913043,ITI,CS-,1.0,1.0,Global off,Global off,3.0,38.0,0.07894736842105263,3.0,0.125,ITI,ITI,1.0,1.0,Global off,Global off,-1.0,-0.023391812865497075,-1.0,-0.03804347826086957,0.023391812865497075
25,20,1.0,3.0,Global off,Safety-like,2.0,36.0,0.05555555555555555,2.0,0.08695652173913043,ITI,ITI,1.0,3.0,Global off,Safety-like,3.0,38.0,0.07894736842105263,3.0,0.125,CS+,CS-,1.0,3.0,Global off,Safety-like,-1.0,-0.023391812865497075,-1.0,-0.03804347826086957,0.023391812865497075
28,13,4.0,2.0,Global on,Threat-like,2.0,60.0,0.03333333333333333,1.0,0.043478260869565216,CS+,CS+,4.0,2.0,Global on,Threat-like,3.0,53.0,0.05660377358490566,2.0,0.08333333333333333,ITI,CS+,4.0,2.0,Global on,Threat-like,-1.0,-0.02327044025157233,-1.0,-0.03985507246376811,0.02327044025157233
14,11,2.0,1.0,Threat-like,Global off,1.0,43.0,0.023255813953488372,1.0,0.043478260869565216,CS+,CS+,0.0,0.0,0,0,0.0,0.0,0.0,0.0,0.0,0,0,2.0,1.0,Threat-like,Global off,1.0,0.023255813953488372,1.0,0.043478260869565216,0.023255813953488372
14,3,2.0,1.0,Threat-like,Global off,1.0,43.0,0.023255813953488372,1.0,0.043478260869565216,ITI,ITI,0.0,0.0,0,0,0.0,0.0,0.0,0.0,0.0,0,0,2.0,1.0,Threat-like,Global off,1.0,0.023255813953488372,1.0,0.043478260869565216,0.023255813953488372
1,9,1.0,1.0,Global off,Global off,7.0,146.0,0.04794520547945205,7.0,0.30434782608695654,ITI,ITI,1.0,1.0,Global off,Global off,3.0,121.0,0.024793388429752067,2.0,0.08333333333333333,ITI,ITI,1.0,1.0,Global off,Global off,4.0,0.023151817049699985,5.0,0.22101449275362323,0.023151817049699985
8,9,3.0,1.0,Safety-like,Global off,2.0,34.0,0.058823529411764705,2.0,0.08695652173913043,CS+,CS-,3.0,1.0,Safety-like,Global off,1.0,28.0,0.03571428571428571,1.0,0.041666666666666664,CS+,CS+,3.0,1.0,Safety-like,Global off,1.0,0.023109243697478993,1.0,0.04528985507246377,0.023109243697478993
30,2,4.0,1.0,Global on,Global off,1.0,38.0,0.02631578947368421,1.0,0.043478260869565216,ITI,ITI,4.0,1.0,Global on,Global off,2.0,41.0,0.04878048780487805,2.0,0.08333333333333333,ITI,CS+,4.0,1.0,Global on,Global off,-1.0,-0.02246469833119384,-1.0,-0.03985507246376811,0.02246469833119384
30,10,4.0,1.0,Global on,Global off,1.0,38.0,0.02631578947368421,1.0,0.043478260869565216,ITI,CS-,4.0,1.0,Global on,Global off,2.0,41.0,0.04878048780487805,2.0,0.08333333333333333,CS-,ITI,4.0,1.0,Global on,Global off,-1.0,-0.02246469833119384,-1.0,-0.03985507246376811,0.02246469833119384
30,23,4.0,4.0,Global on,Global on,1.0,38.0,0.02631578947368421,1.0,0.043478260869565216,ITI,ITI,4.0,4.0,Global on,Global on,2.0,41.0,0.04878048780487805,2.0,0.08333333333333333,CS+,ITI,4.0,4.0,Global on,Global on,-1.0,-0.02246469833119384,-1.0,-0.03985507246376811,0.02246469833119384
16,15,4.0,2.0,Global on,Threat-like,5.0,78.0,0.0641025641025641,4.0,0.17391304347826086,CS+,CS+,4.0,2.0,Global on,Threat-like,3.0,72.0,0.041666666666666664,3.0,0.125,ITI,ITI,4.0,2.0,Global on,Threat-like,2.0,0.022435897435897433,1.0,0.048913043478260865,0.022435897435897433
21,17,1.0,1.0,Global off,Global off,1.0,27.0,0.037037037037037035,1.0,0.043478260869565216,ITI,ITI,1.0,1.0,Global off,Global off,2.0,34.0,0.058823529411764705,1.0,0.041666666666666664,CS+,CS+,1.0,1.0,Global off,Global off,-1.0,-0.02178649237472767,0.0,0.0018115942028985518,0.02178649237472767
21,5,1.0,1.0,Global off,Global off,1.0,27.0,0.037037037037037035,1.0,0.043478260869565216,CS+,CS+,1.0,1.0,Global off,Global off,2.0,34.0,0.058823529411764705,2.0,0.08333333333333333,CS-,CS-,1.0,1.0,Global off,Global off,-1.0,-0.02178649237472767,-1.0,-0.03985507246376811,0.02178649237472767
21,18,1.0,3.0,Global off,Safety-like,1.0,27.0,0.037037037037037035,1.0,0.043478260869565216,ITI,ITI,1.0,3.0,Global off,Safety-like,2.0,34.0,0.058823529411764705,2.0,0.08333333333333333,CS+,CS+,1.0,3.0,Global off,Safety-like,-1.0,-0.02178649237472767,-1.0,-0.03985507246376811,0.02178649237472767
9,11,0.0,0.0,0,0,0.0,0.0,0.0,0.0,0.0,0,0,1.0,1.0,Global off,Global off,1.0,46.0,0.021739130434782608,1.0,0.041666666666666664,CS+,CS+,1.0,1.0,Global off,Global off,-1.0,-0.021739130434782608,-1.0,-0.041666666666666664,0.021739130434782608
9,31,0.0,0.0,0,0,0.0,0.0,0.0,0.0,0.0,0,0,1.0,4.0,Global off,Global on,1.0,46.0,0.021739130434782608,1.0,0.041666666666666664,CS+,ITI,1.0,4.0,Global off,Global on,-1.0,-0.021739130434782608,-1.0,-0.041666666666666664,0.021739130434782608
9,24,0.0,0.0,0,0,0.0,0.0,0.0,0.0,0.0,0,0,1.0,4.0,Global off,Global on,1.0,46.0,0.021739130434782608,1.0,0.041666666666666664,CS+,ITI,1.0,4.0,Global off,Global on,-1.0,-0.021739130434782608,-1.0,-0.041666666666666664,0.021739130434782608
19,15,0.0,0.0,0,0,0.0,0.0,0.0,0.0,0.0,0,0,3.0,2.0,Safety-like,Threat-like,1.0,46.0,0.021739130434782608,1.0,0.041666666666666664,ITI,CS+,3.0,2.0,Safety-like,Threat-like,-1.0,-0.021739130434782608,-1.0,-0.041666666666666664,0.021739130434782608
19,9,0.0,0.0,0,0,0.0,0.0,0.0,0.0,0.0,0,0,3.0,1.0,Safety-like,Global off,1.0,46.0,0.021739130434782608,1.0,0.041666666666666664,CS+,CS+,3.0,1.0,Safety-like,Global off,-1.0,-0.021739130434782608,-1.0,-0.041666666666666664,0.021739130434782608
9,21,0.0,0.0,0,0,0.0,0.0,0.0,0.0,0.0,0,0,1.0,1.0,Global off,Global off,1.0,46.0,0.021739130434782608,1.0,0.041666666666666664,ITI,ITI,1.0,1.0,Global off,Global off,-1.0,-0.021739130434782608,-1.0,-0.041666666666666664,0.021739130434782608
9,22,0.0,0.0,0,0,0.0,0.0,0.0,0.0,0.0,0,0,1.0,4.0,Global off,Global on,1.0,46.0,0.021739130434782608,1.0,0.041666666666666664,ITI,ITI,1.0,4.0,Global off,Global on,-1.0,-0.021739130434782608,-1.0,-0.041666666666666664,0.021739130434782608
9,30,0.0,0.0,0,0,0.0,0.0,0.0,0.0,0.0,0,0,1.0,4.0,Global off,Global on,1.0,46.0,0.021739130434782608,1.0,0.041666666666666664,CS+,CS+,1.0,4.0,Global off,Global on,-1.0,-0.021739130434782608,-1.0,-0.041666666666666664,0.021739130434782608
1,8,1.0,3.0,Global off,Safety-like,8.0,146.0,0.0547945205479452,4.0,0.17391304347826086,ITI,ITI,1.0,3.0,Global off,Safety-like,4.0,121.0,0.03305785123966942,4.0,0.16666666666666666,CS+,ITI,1.0,3.0,Global off,Safety-like,4.0,0.02173666930827578,0.0,0.007246376811594207,0.02173666930827578
17,3,1.0,1.0,Global off,Global off,1.0,58.0,0.017241379310344827,1.0,0.043478260869565216,ITI,ITI,1.0,1.0,Global off,Global off,3.0,77.0,0.03896103896103896,3.0,0.125,ITI,ITI,1.0,1.0,Global off,Global off,-2.0,-0.021719659650694133,-2.0,-0.08152173913043478,0.021719659650694133
17,8,1.0,3.0,Global off,Safety-like,2.0,58.0,0.034482758620689655,2.0,0.08695652173913043,ITI,CS-,1.0,3.0,Global off,Safety-like,1.0,77.0,0.012987012987012988,1.0,0.041666666666666664,ITI,CS-,1.0,3.0,Global off,Safety-like,1.0,0.021495745633676667,1.0,0.04528985507246377,0.021495745633676667
17,18,1.0,3.0,Global off,Safety-like,2.0,58.0,0.034482758620689655,2.0,0.08695652173913043,ITI,ITI,1.0,3.0,Global off,Safety-like,1.0,77.0,0.012987012987012988,1.0,0.041666666666666664,CS+,ITI,1.0,3.0,Global off,Safety-like,1.0,0.021495745633676667,1.0,0.04528985507246377,0.021495745633676667
32,20,4.0,3.0,Global on,Safety-like,9.0,131.0,0.06870229007633588,7.0,0.30434782608695654,ITI,ITI,4.0,3.0,Global on,Safety-like,11.0,122.0,0.09016393442622951,9.0,0.375,ITI,ITI,4.0,3.0,Global on,Safety-like,-2.0,-0.02146164434989363,-2.0,-0.07065217391304346,0.02146164434989363
16,1,4.0,1.0,Global on,Global off,6.0,78.0,0.07692307692307693,5.0,0.21739130434782608,ITI,CS-,4.0,1.0,Global on,Global off,4.0,72.0,0.05555555555555555,4.0,0.16666666666666666,ITI,ITI,4.0,1.0,Global on,Global off,2.0,0.021367521367521375,1.0,0.050724637681159424,0.021367521367521375
24,30,4.0,4.0,Global on,Global on,1.0,53.0,0.018867924528301886,1.0,0.043478260869565216,ITI,ITI,4.0,4.0,Global on,Global on,2.0,50.0,0.04,1.0,0.041666666666666664,ITI,CS+,4.0,4.0,Global on,Global on,-1.0,-0.021132075471698115,0.0,0.0018115942028985518,0.021132075471698115
24,28,4.0,4.0,Global on,Global on,1.0,53.0,0.018867924528301886,1.0,0.043478260869565216,ITI,ITI,4.0,4.0,Global on,Global on,2.0,50.0,0.04,2.0,0.08333333333333333,ITI,CS+,4.0,4.0,Global on,Global on,-1.0,-0.021132075471698115,-1.0,-0.03985507246376811,0.021132075471698115
28,26,4.0,4.0,Global on,Global on,1.0,60.0,0.016666666666666666,1.0,0.043478260869565216,CS-,CS-,4.0,4.0,Global on,Global on,2.0,53.0,0.03773584905660377,2.0,0.08333333333333333,ITI,ITI,4.0,4.0,Global on,Global on,-1.0,-0.021069182389937106,-1.0,-0.03985507246376811,0.021069182389937106
28,10,4.0,1.0,Global on,Global off,1.0,60.0,0.016666666666666666,1.0,0.043478260869565216,CS-,ITI,4.0,1.0,Global on,Global off,2.0,53.0,0.03773584905660377,1.0,0.041666666666666664,ITI,CS+,4.0,1.0,Global on,Global off,-1.0,-0.021069182389937106,0.0,0.0018115942028985518,0.021069182389937106
2,4,1.0,3.0,Global off,Safety-like,5.0,66.0,0.07575757575757576,4.0,0.17391304347826086,ITI,ITI,1.0,3.0,Global off,Safety-like,4.0,73.0,0.0547945205479452,4.0,0.16666666666666666,CS+,ITI,1.0,3.0,Global off,Safety-like,1.0,0.020963055209630557,0.0,0.007246376811594207,0.020963055209630557
20,15,0.0,0.0,0,0,0.0,0.0,0.0,0.0,0.0,0,0,3.0,2.0,Safety-like,Threat-like,2.0,97.0,0.020618556701030927,2.0,0.08333333333333333,CS-,CS-,3.0,2.0,Safety-like,Threat-like,-2.0,-0.020618556701030927,-2.0,-0.08333333333333333,0.020618556701030927
13,16,2.0,4.0,Threat-like,Global on,5.0,82.0,0.06097560975609756,5.0,0.21739130434782608,CS+,ITI,2.0,4.0,Threat-like,Global on,4.0,99.0,0.04040404040404041,4.0,0.16666666666666666,ITI,ITI,2.0,4.0,Threat-like,Global on,1.0,0.020571569352057152,1.0,0.050724637681159424,0.020571569352057152
13,32,2.0,4.0,Threat-like,Global on,5.0,82.0,0.06097560975609756,5.0,0.21739130434782608,ITI,ITI,2.0,4.0,Threat-like,Global on,4.0,99.0,0.04040404040404041,4.0,0.16666666666666666,ITI,CS+,2.0,4.0,Threat-like,Global on,1.0,0.020571569352057152,1.0,0.050724637681159424,0.020571569352057152
25,1,1.0,1.0,Global off,Global off,4.0,36.0,0.1111111111111111,4.0,0.17391304347826086,ITI,ITI,1.0,1.0,Global off,Global off,5.0,38.0,0.13157894736842105,4.0,0.16666666666666666,CS-,CS-,1.0,1.0,Global off,Global off,-1.0,-0.02046783625730994,0.0,0.007246376811594207,0.02046783625730994
24,8,0.0,0.0,0,0,0.0,0.0,0.0,0.0,0.0,0,0,4.0,3.0,Global on,Safety-like,1.0,50.0,0.02,1.0,0.041666666666666664,CS-,ITI,4.0,3.0,Global on,Safety-like,-1.0,-0.02,-1.0,-0.041666666666666664,0.02
24,15,0.0,0.0,0,0,0.0,0.0,0.0,0.0,0.0,0,0,4.0,2.0,Global on,Threat-like,1.0,50.0,0.02,1.0,0.041666666666666664,ITI,CS+,4.0,2.0,Global on,Threat-like,-1.0,-0.02,-1.0,-0.041666666666666664,0.02
19,11,3.0,1.0,Safety-like,Global off,1.0,51.0,0.0196078431372549,1.0,0.043478260869565216,ITI,ITI,0.0,0.0,0,0,0.0,0.0,0.0,0.0,0.0,0,0,3.0,1.0,Safety-like,Global off,1.0,0.0196078431372549,1.0,0.043478260869565216,0.0196078431372549
19,26,3.0,4.0,Safety-like,Global on,1.0,51.0,0.0196078431372549,1.0,0.043478260869565216,ITI,CS+,0.0,0.0,0,0,0.0,0.0,0.0,0.0,0.0,0,0,3.0,4.0,Safety-like,Global on,1.0,0.0196078431372549,1.0,0.043478260869565216,0.0196078431372549
19,27,3.0,4.0,Safety-like,Global on,1.0,51.0,0.0196078431372549,1.0,0.043478260869565216,ITI,CS-,0.0,0.0,0,0,0.0,0.0,0.0,0.0,0.0,0,0,3.0,4.0,Safety-like,Global on,1.0,0.0196078431372549,1.0,0.043478260869565216,0.0196078431372549
1,13,1.0,2.0,Global off,Threat-like,8.0,146.0,0.0547945205479452,7.0,0.30434782608695654,ITI,CS+,1.0,2.0,Global off,Threat-like,9.0,121.0,0.0743801652892562,8.0,0.3333333333333333,CS-,ITI,1.0,2.0,Global off,Threat-like,-1.0,-0.019585644741310998,-1.0,-0.028985507246376774,0.019585644741310998
14,6,0.0,0.0,0,0,0.0,0.0,0.0,0.0,0.0,0,0,2.0,1.0,Threat-like,Global off,1.0,52.0,0.019230769230769232,1.0,0.041666666666666664,ITI,ITI,2.0,1.0,Threat-like,Global off,-1.0,-0.019230769230769232,-1.0,-0.041666666666666664,0.019230769230769232
14,28,0.0,0.0,0,0,0.0,0.0,0.0,0.0,0.0,0,0,2.0,4.0,Threat-like,Global on,1.0,52.0,0.019230769230769232,1.0,0.041666666666666664,ITI,ITI,2.0,4.0,Threat-like,Global on,-1.0,-0.019230769230769232,-1.0,-0.041666666666666664,0.019230769230769232
16,13,4.0,2.0,Global on,Threat-like,5.0,78.0,0.0641025641025641,4.0,0.17391304347826086,CS+,CS-,4.0,2.0,Global on,Threat-like,6.0,72.0,0.08333333333333333,6.0,0.25,CS+,CS+,4.0,2.0,Global on,Threat-like,-1.0,-0.019230769230769232,-2.0,-0.07608695652173914,0.019230769230769232
14,12,0.0,0.0,0,0,0.0,0.0,0.0,0.0,0.0,0,0,2.0,3.0,Threat-like,Safety-like,1.0,52.0,0.019230769230769232,1.0,0.041666666666666664,ITI,ITI,2.0,3.0,Threat-like,Safety-like,-1.0,-0.019230769230769232,-1.0,-0.041666666666666664,0.019230769230769232
1,6,1.0,1.0,Global off,Global off,4.0,146.0,0.0273972602739726,4.0,0.17391304347826086,ITI,ITI,1.0,1.0,Global off,Global off,1.0,121.0,0.008264462809917356,1.0,0.041666666666666664,ITI,ITI,1.0,1.0,Global off,Global off,3.0,0.019132797464055246,3.0,0.1322463768115942,0.019132797464055246
1,29,1.0,2.0,Global off,Threat-like,4.0,146.0,0.0273972602739726,4.0,0.17391304347826086,CS+,ITI,1.0,2.0,Global off,Threat-like,1.0,121.0,0.008264462809917356,1.0,0.041666666666666664,CS+,CS+,1.0,2.0,Global off,Threat-like,3.0,0.019132797464055246,3.0,0.1322463768115942,0.019132797464055246
20,16,3.0,4.0,Safety-like,Global on,1.0,84.0,0.011904761904761904,1.0,0.043478260869565216,ITI,ITI,3.0,4.0,Safety-like,Global on,3.0,97.0,0.030927835051546393,3.0,0.125,ITI,CS+,3.0,4.0,Safety-like,Global on,-2.0,-0.01902307314678449,-2.0,-0.08152173913043478,0.01902307314678449
32,1,4.0,1.0,Global on,Global off,10.0,131.0,0.07633587786259542,5.0,0.21739130434782608,ITI,ITI,4.0,1.0,Global on,Global off,7.0,122.0,0.05737704918032787,5.0,0.20833333333333334,CS-,ITI,4.0,1.0,Global on,Global off,3.0,0.018958828682267552,0.0,0.009057971014492738,0.018958828682267552
8,1,3.0,1.0,Safety-like,Global off,3.0,34.0,0.08823529411764706,2.0,0.08695652173913043,CS+,ITI,3.0,1.0,Safety-like,Global off,3.0,28.0,0.10714285714285714,3.0,0.125,ITI,ITI,3.0,1.0,Safety-like,Global off,0.0,-0.018907563025210072,-1.0,-0.03804347826086957,0.018907563025210072
4,8,3.0,3.0,Safety-like,Safety-like,2.0,61.0,0.03278688524590164,2.0,0.08695652173913043,CS+,ITI,3.0,3.0,Safety-like,Safety-like,1.0,72.0,0.013888888888888888,1.0,0.041666666666666664,CS+,ITI,3.0,3.0,Safety-like,Safety-like,1.0,0.018897996357012753,1.0,0.04528985507246377,0.018897996357012753
28,3,0.0,0.0,0,0,0.0,0.0,0.0,0.0,0.0,0,0,4.0,1.0,Global on,Global off,1.0,53.0,0.018867924528301886,1.0,0.041666666666666664,ITI,ITI,4.0,1.0,Global on,Global off,-1.0,-0.018867924528301886,-1.0,-0.041666666666666664,0.018867924528301886
28,7,0.0,0.0,0,0,0.0,0.0,0.0,0.0,0.0,0,0,4.0,1.0,Global on,Global off,1.0,53.0,0.018867924528301886,1.0,0.041666666666666664,CS-,CS-,4.0,1.0,Global on,Global off,-1.0,-0.018867924528301886,-1.0,-0.041666666666666664,0.018867924528301886
24,21,4.0,1.0,Global on,Global off,1.0,53.0,0.018867924528301886,1.0,0.043478260869565216,CS-,ITI,0.0,0.0,0,0,0.0,0.0,0.0,0.0,0.0,0,0,4.0,1.0,Global on,Global off,1.0,0.018867924528301886,1.0,0.043478260869565216,0.018867924528301886
9,12,1.0,3.0,Global off,Safety-like,1.0,53.0,0.018867924528301886,1.0,0.043478260869565216,ITI,CS+,0.0,0.0,0,0,0.0,0.0,0.0,0.0,0.0,0,0,1.0,3.0,Global off,Safety-like,1.0,0.018867924528301886,1.0,0.043478260869565216,0.018867924528301886
9,6,1.0,1.0,Global off,Global off,1.0,53.0,0.018867924528301886,1.0,0.043478260869565216,ITI,ITI,0.0,0.0,0,0,0.0,0.0,0.0,0.0,0.0,0,0,1.0,1.0,Global off,Global off,1.0,0.018867924528301886,1.0,0.043478260869565216,0.018867924528301886
28,22,0.0,0.0,0,0,0.0,0.0,0.0,0.0,0.0,0,0,4.0,4.0,Global on,Global on,1.0,53.0,0.018867924528301886,1.0,0.041666666666666664,CS-,ITI,4.0,4.0,Global on,Global on,-1.0,-0.018867924528301886,-1.0,-0.041666666666666664,0.018867924528301886
28,30,0.0,0.0,0,0,0.0,0.0,0.0,0.0,0.0,0,0,4.0,4.0,Global on,Global on,1.0,53.0,0.018867924528301886,1.0,0.041666666666666664,ITI,CS+,4.0,4.0,Global on,Global on,-1.0,-0.018867924528301886,-1.0,-0.041666666666666664,0.018867924528301886
9,3,1.0,1.0,Global off,Global off,1.0,53.0,0.018867924528301886,1.0,0.043478260869565216,CS-,CS-,0.0,0.0,0,0,0.0,0.0,0.0,0.0,0.0,0,0,1.0,1.0,Global off,Global off,1.0,0.018867924528301886,1.0,0.043478260869565216,0.018867924528301886
24,6,4.0,1.0,Global on,Global off,1.0,53.0,0.018867924528301886,1.0,0.043478260869565216,ITI,ITI,0.0,0.0,0,0,0.0,0.0,0.0,0.0,0.0,0,0,4.0,1.0,Global on,Global off,1.0,0.018867924528301886,1.0,0.043478260869565216,0.018867924528301886
24,7,4.0,1.0,Global on,Global off,1.0,53.0,0.018867924528301886,1.0,0.043478260869565216,ITI,CS+,0.0,0.0,0,0,0.0,0.0,0.0,0.0,0.0,0,0,4.0,1.0,Global on,Global off,1.0,0.018867924528301886,1.0,0.043478260869565216,0.018867924528301886
26,25,4.0,1.0,Global on,Global off,1.0,14.0,0.07142857142857142,1.0,0.043478260869565216,CS-,CS-,4.0,1.0,Global on,Global off,1.0,19.0,0.05263157894736842,1.0,0.041666666666666664,CS+,CS+,4.0,1.0,Global on,Global off,0.0,0.018796992481203006,0.0,0.0018115942028985518,0.018796992481203006
26,24,4.0,4.0,Global on,Global on,1.0,14.0,0.07142857142857142,1.0,0.043478260869565216,CS-,ITI,4.0,4.0,Global on,Global on,1.0,19.0,0.05263157894736842,1.0,0.041666666666666664,ITI,ITI,4.0,4.0,Global on,Global on,0.0,0.018796992481203006,0.0,0.0018115942028985518,0.018796992481203006
26,9,4.0,1.0,Global on,Global off,1.0,14.0,0.07142857142857142,1.0,0.043478260869565216,ITI,ITI,4.0,1.0,Global on,Global off,1.0,19.0,0.05263157894736842,1.0,0.041666666666666664,ITI,ITI,4.0,1.0,Global on,Global off,0.0,0.018796992481203006,0.0,0.0018115942028985518,0.018796992481203006
26,20,4.0,3.0,Global on,Safety-like,1.0,14.0,0.07142857142857142,1.0,0.043478260869565216,ITI,ITI,4.0,3.0,Global on,Safety-like,1.0,19.0,0.05263157894736842,1.0,0.041666666666666664,ITI,CS-,4.0,3.0,Global on,Safety-like,0.0,0.018796992481203006,0.0,0.0018115942028985518,0.018796992481203006
26,5,4.0,1.0,Global on,Global off,1.0,14.0,0.07142857142857142,1.0,0.043478260869565216,ITI,ITI,4.0,1.0,Global on,Global off,1.0,19.0,0.05263157894736842,1.0,0.041666666666666664,ITI,CS+,4.0,1.0,Global on,Global off,0.0,0.018796992481203006,0.0,0.0018115942028985518,0.018796992481203006
3,1,1.0,1.0,Global off,Global off,5.0,30.0,0.16666666666666666,4.0,0.17391304347826086,ITI,ITI,1.0,1.0,Global off,Global off,4.0,27.0,0.14814814814814814,3.0,0.125,ITI,ITI,1.0,1.0,Global off,Global off,1.0,0.018518518518518517,1.0,0.048913043478260865,0.018518518518518517
31,3,4.0,1.0,Global on,Global off,1.0,65.0,0.015384615384615385,1.0,0.043478260869565216,CS-,CS-,4.0,1.0,Global on,Global off,2.0,59.0,0.03389830508474576,2.0,0.08333333333333333,CS-,CS-,4.0,1.0,Global on,Global off,-1.0,-0.018513689700130377,-1.0,-0.03985507246376811,0.018513689700130377
31,8,4.0,3.0,Global on,Safety-like,1.0,65.0,0.015384615384615385,1.0,0.043478260869565216,CS-,CS-,4.0,3.0,Global on,Safety-like,2.0,59.0,0.03389830508474576,2.0,0.08333333333333333,ITI,CS+,4.0,3.0,Global on,Safety-like,-1.0,-0.018513689700130377,-1.0,-0.03985507246376811,0.018513689700130377
31,23,4.0,4.0,Global on,Global on,1.0,65.0,0.015384615384615385,1.0,0.043478260869565216,ITI,ITI,4.0,4.0,Global on,Global on,2.0,59.0,0.03389830508474576,2.0,0.08333333333333333,CS+,CS+,4.0,4.0,Global on,Global on,-1.0,-0.018513689700130377,-1.0,-0.03985507246376811,0.018513689700130377
31,30,4.0,4.0,Global on,Global on,1.0,65.0,0.015384615384615385,1.0,0.043478260869565216,ITI,ITI,4.0,4.0,Global on,Global on,2.0,59.0,0.03389830508474576,2.0,0.08333333333333333,CS+,CS+,4.0,4.0,Global on,Global on,-1.0,-0.018513689700130377,-1.0,-0.03985507246376811,0.018513689700130377
13,10,2.0,1.0,Threat-like,Global off,4.0,82.0,0.04878048780487805,4.0,0.17391304347826086,CS-,ITI,2.0,1.0,Threat-like,Global off,3.0,99.0,0.030303030303030304,3.0,0.125,ITI,ITI,2.0,1.0,Threat-like,Global off,1.0,0.018477457501847747,1.0,0.048913043478260865,0.018477457501847747
13,21,2.0,1.0,Threat-like,Global off,4.0,82.0,0.04878048780487805,3.0,0.13043478260869565,CS+,ITI,2.0,1.0,Threat-like,Global off,3.0,99.0,0.030303030303030304,2.0,0.08333333333333333,ITI,CS+,2.0,1.0,Threat-like,Global off,1.0,0.018477457501847747,1.0,0.04710144927536232,0.018477457501847747
12,13,3.0,2.0,Safety-like,Threat-like,2.0,23.0,0.08695652173913043,2.0,0.08695652173913043,CS+,CS+,3.0,2.0,Safety-like,Threat-like,4.0,38.0,0.10526315789473684,3.0,0.125,ITI,ITI,3.0,2.0,Safety-like,Threat-like,-2.0,-0.018306636155606404,-1.0,-0.03804347826086957,0.018306636155606404
5,9,1.0,1.0,Global off,Global off,2.0,59.0,0.03389830508474576,2.0,0.08695652173913043,ITI,ITI,1.0,1.0,Global off,Global off,3.0,58.0,0.05172413793103448,3.0,0.125,ITI,CS+,1.0,1.0,Global off,Global off,-1.0,-0.01782583284628872,-1.0,-0.03804347826086957,0.01782583284628872
13,5,2.0,1.0,Threat-like,Global off,6.0,82.0,0.07317073170731707,6.0,0.2608695652173913,ITI,ITI,2.0,1.0,Threat-like,Global off,9.0,99.0,0.09090909090909091,7.0,0.2916666666666667,ITI,ITI,2.0,1.0,Threat-like,Global off,-3.0,-0.017738359201773843,-1.0,-0.030797101449275388,0.017738359201773843
24,22,4.0,4.0,Global on,Global on,2.0,53.0,0.03773584905660377,2.0,0.08695652173913043,ITI,ITI,4.0,4.0,Global on,Global on,1.0,50.0,0.02,1.0,0.041666666666666664,ITI,CS-,4.0,4.0,Global on,Global on,1.0,0.01773584905660377,1.0,0.04528985507246377,0.01773584905660377
24,29,4.0,2.0,Global on,Threat-like,2.0,53.0,0.03773584905660377,2.0,0.08695652173913043,ITI,ITI,4.0,2.0,Global on,Threat-like,1.0,50.0,0.02,1.0,0.041666666666666664,CS-,CS-,4.0,2.0,Global on,Threat-like,1.0,0.01773584905660377,1.0,0.04528985507246377,0.01773584905660377
24,5,4.0,1.0,Global on,Global off,2.0,53.0,0.03773584905660377,2.0,0.08695652173913043,ITI,CS-,4.0,1.0,Global on,Global off,1.0,50.0,0.02,1.0,0.041666666666666664,ITI,CS-,4.0,1.0,Global on,Global off,1.0,0.01773584905660377,1.0,0.04528985507246377,0.01773584905660377
1,24,1.0,4.0,Global off,Global on,5.0,146.0,0.03424657534246575,4.0,0.17391304347826086,CS+,ITI,1.0,4.0,Global off,Global on,2.0,121.0,0.01652892561983471,2.0,0.08333333333333333,CS-,CS-,1.0,4.0,Global off,Global on,3.0,0.01771764972263104,2.0,0.09057971014492754,0.01771764972263104
5,20,1.0,3.0,Global off,Safety-like,1.0,59.0,0.01694915254237288,1.0,0.043478260869565216,CS+,ITI,1.0,3.0,Global off,Safety-like,2.0,58.0,0.034482758620689655,2.0,0.08333333333333333,CS-,CS-,1.0,3.0,Global off,Safety-like,-1.0,-0.017533606078316773,-1.0,-0.03985507246376811,0.017533606078316773
20,2,3.0,1.0,Safety-like,Global off,2.0,84.0,0.023809523809523808,2.0,0.08695652173913043,ITI,ITI,3.0,1.0,Safety-like,Global off,4.0,97.0,0.041237113402061855,4.0,0.16666666666666666,ITI,ITI,3.0,1.0,Safety-like,Global off,-2.0,-0.017427589592538047,-2.0,-0.07971014492753623,0.017427589592538047
18,24,3.0,4.0,Safety-like,Global on,2.0,37.0,0.05405405405405406,2.0,0.08695652173913043,ITI,ITI,3.0,4.0,Safety-like,Global on,2.0,28.0,0.07142857142857142,2.0,0.08333333333333333,CS+,ITI,3.0,4.0,Safety-like,Global on,0.0,-0.017374517374517368,0.0,0.0036231884057971037,0.017374517374517368
18,31,3.0,4.0,Safety-like,Global on,2.0,37.0,0.05405405405405406,2.0,0.08695652173913043,ITI,CS+,3.0,4.0,Safety-like,Global on,2.0,28.0,0.07142857142857142,2.0,0.08333333333333333,CS+,ITI,3.0,4.0,Safety-like,Global on,0.0,-0.017374517374517368,0.0,0.0036231884057971037,0.017374517374517368
18,1,3.0,1.0,Safety-like,Global off,2.0,37.0,0.05405405405405406,2.0,0.08695652173913043,CS+,CS+,3.0,1.0,Safety-like,Global off,2.0,28.0,0.07142857142857142,2.0,0.08333333333333333,CS+,ITI,3.0,1.0,Safety-like,Global off,0.0,-0.017374517374517368,0.0,0.0036231884057971037,0.017374517374517368
5,12,0.0,0.0,0,0,0.0,0.0,0.0,0.0,0.0,0,0,1.0,3.0,Global off,Safety-like,1.0,58.0,0.017241379310344827,1.0,0.041666666666666664,CS-,CS-,1.0,3.0,Global off,Safety-like,-1.0,-0.017241379310344827,-1.0,-0.041666666666666664,0.017241379310344827
17,22,1.0,4.0,Global off,Global on,1.0,58.0,0.017241379310344827,1.0,0.043478260869565216,ITI,ITI,0.0,0.0,0,0,0.0,0.0,0.0,0.0,0.0,0,0,1.0,4.0,Global off,Global on,1.0,0.017241379310344827,1.0,0.043478260869565216,0.017241379310344827
17,23,1.0,4.0,Global off,Global on,1.0,58.0,0.017241379310344827,1.0,0.043478260869565216,CS-,CS-,0.0,0.0,0,0,0.0,0.0,0.0,0.0,0.0,0,0,1.0,4.0,Global off,Global on,1.0,0.017241379310344827,1.0,0.043478260869565216,0.017241379310344827
5,21,0.0,0.0,0,0,0.0,0.0,0.0,0.0,0.0,0,0,1.0,1.0,Global off,Global off,1.0,58.0,0.017241379310344827,1.0,0.041666666666666664,ITI,ITI,1.0,1.0,Global off,Global off,-1.0,-0.017241379310344827,-1.0,-0.041666666666666664,0.017241379310344827
5,17,0.0,0.0,0,0,0.0,0.0,0.0,0.0,0.0,0,0,1.0,1.0,Global off,Global off,1.0,58.0,0.017241379310344827,1.0,0.041666666666666664,ITI,ITI,1.0,1.0,Global off,Global off,-1.0,-0.017241379310344827,-1.0,-0.041666666666666664,0.017241379310344827
17,12,1.0,3.0,Global off,Safety-like,1.0,58.0,0.017241379310344827,1.0,0.043478260869565216,ITI,CS-,0.0,0.0,0,0,0.0,0.0,0.0,0.0,0.0,0,0,1.0,3.0,Global off,Safety-like,1.0,0.017241379310344827,1.0,0.043478260869565216,0.017241379310344827
5,26,0.0,0.0,0,0,0.0,0.0,0.0,0.0,0.0,0,0,1.0,4.0,Global off,Global on,1.0,58.0,0.017241379310344827,1.0,0.041666666666666664,CS+,ITI,1.0,4.0,Global off,Global on,-1.0,-0.017241379310344827,-1.0,-0.041666666666666664,0.017241379310344827
5,27,0.0,0.0,0,0,0.0,0.0,0.0,0.0,0.0,0,0,1.0,4.0,Global off,Global on,1.0,58.0,0.017241379310344827,1.0,0.041666666666666664,CS+,ITI,1.0,4.0,Global off,Global on,-1.0,-0.017241379310344827,-1.0,-0.041666666666666664,0.017241379310344827
5,28,0.0,0.0,0,0,0.0,0.0,0.0,0.0,0.0,0,0,1.0,4.0,Global off,Global on,1.0,58.0,0.017241379310344827,1.0,0.041666666666666664,ITI,ITI,1.0,4.0,Global off,Global on,-1.0,-0.017241379310344827,-1.0,-0.041666666666666664,0.017241379310344827
12,28,3.0,4.0,Safety-like,Global on,1.0,23.0,0.043478260869565216,1.0,0.043478260869565216,ITI,ITI,3.0,4.0,Safety-like,Global on,1.0,38.0,0.02631578947368421,1.0,0.041666666666666664,CS+,ITI,3.0,4.0,Safety-like,Global on,0.0,0.017162471395881007,0.0,0.0018115942028985518,0.017162471395881007
12,29,3.0,2.0,Safety-like,Threat-like,1.0,23.0,0.043478260869565216,1.0,0.043478260869565216,CS+,ITI,3.0,2.0,Safety-like,Threat-like,1.0,38.0,0.02631578947368421,1.0,0.041666666666666664,CS+,CS+,3.0,2.0,Safety-like,Threat-like,0.0,0.017162471395881007,0.0,0.0018115942028985518,0.017162471395881007
12,7,3.0,1.0,Safety-like,Global off,1.0,23.0,0.043478260869565216,1.0,0.043478260869565216,CS+,CS+,3.0,1.0,Safety-like,Global off,1.0,38.0,0.02631578947368421,1.0,0.041666666666666664,CS-,ITI,3.0,1.0,Safety-like,Global off,0.0,0.017162471395881007,0.0,0.0018115942028985518,0.017162471395881007
17,2,1.0,1.0,Global off,Global off,4.0,58.0,0.06896551724137931,4.0,0.17391304347826086,ITI,ITI,1.0,1.0,Global off,Global off,4.0,77.0,0.05194805194805195,4.0,0.16666666666666666,ITI,ITI,1.0,1.0,Global off,Global off,0.0,0.017017465293327358,0.0,0.007246376811594207,0.017017465293327358
32,12,4.0,3.0,Global on,Safety-like,1.0,131.0,0.007633587786259542,1.0,0.043478260869565216,ITI,ITI,4.0,3.0,Global on,Safety-like,3.0,122.0,0.02459016393442623,3.0,0.125,ITI,ITI,4.0,3.0,Global on,Safety-like,-2.0,-0.016956576148166688,-2.0,-0.08152173913043478,0.016956576148166688
5,10,1.0,1.0,Global off,Global off,1.0,59.0,0.01694915254237288,1.0,0.043478260869565216,CS-,ITI,0.0,0.0,0,0,0.0,0.0,0.0,0.0,0.0,0,0,1.0,1.0,Global off,Global off,1.0,0.01694915254237288,1.0,0.043478260869565216,0.01694915254237288
5,22,1.0,4.0,Global off,Global on,1.0,59.0,0.01694915254237288,1.0,0.043478260869565216,CS+,ITI,0.0,0.0,0,0,0.0,0.0,0.0,0.0,0.0,0,0,1.0,4.0,Global off,Global on,1.0,0.01694915254237288,1.0,0.043478260869565216,0.01694915254237288
5,3,1.0,1.0,Global off,Global off,1.0,59.0,0.01694915254237288,1.0,0.043478260869565216,ITI,CS+,0.0,0.0,0,0,0.0,0.0,0.0,0.0,0.0,0,0,1.0,1.0,Global off,Global off,1.0,0.01694915254237288,1.0,0.043478260869565216,0.01694915254237288
31,22,0.0,0.0,0,0,0.0,0.0,0.0,0.0,0.0,0,0,4.0,4.0,Global on,Global on,1.0,59.0,0.01694915254237288,1.0,0.041666666666666664,CS+,CS+,4.0,4.0,Global on,Global on,-1.0,-0.01694915254237288,-1.0,-0.041666666666666664,0.01694915254237288
5,18,1.0,3.0,Global off,Safety-like,1.0,59.0,0.01694915254237288,1.0,0.043478260869565216,CS-,ITI,0.0,0.0,0,0,0.0,0.0,0.0,0.0,0.0,0,0,1.0,3.0,Global off,Safety-like,1.0,0.01694915254237288,1.0,0.043478260869565216,0.01694915254237288
5,25,1.0,1.0,Global off,Global off,1.0,59.0,0.01694915254237288,1.0,0.043478260869565216,ITI,ITI,0.0,0.0,0,0,0.0,0.0,0.0,0.0,0.0,0,0,1.0,1.0,Global off,Global off,1.0,0.01694915254237288,1.0,0.043478260869565216,0.01694915254237288
5,30,1.0,4.0,Global off,Global on,1.0,59.0,0.01694915254237288,1.0,0.043478260869565216,CS-,CS-,0.0,0.0,0,0,0.0,0.0,0.0,0.0,0.0,0,0,1.0,4.0,Global off,Global on,1.0,0.01694915254237288,1.0,0.043478260869565216,0.01694915254237288
8,2,3.0,1.0,Safety-like,Global off,3.0,34.0,0.08823529411764706,3.0,0.13043478260869565,ITI,CS+,3.0,1.0,Safety-like,Global off,2.0,28.0,0.07142857142857142,2.0,0.08333333333333333,ITI,ITI,3.0,1.0,Safety-like,Global off,1.0,0.01680672268907564,1.0,0.04710144927536232,0.01680672268907564
28,23,4.0,4.0,Global on,Global on,1.0,60.0,0.016666666666666666,1.0,0.043478260869565216,ITI,ITI,0.0,0.0,0,0,0.0,0.0,0.0,0.0,0.0,0,0,4.0,4.0,Global on,Global on,1.0,0.016666666666666666,1.0,0.043478260869565216,0.016666666666666666
28,24,4.0,4.0,Global on,Global on,1.0,60.0,0.016666666666666666,1.0,0.043478260869565216,ITI,ITI,0.0,0.0,0,0,0.0,0.0,0.0,0.0,0.0,0,0,4.0,4.0,Global on,Global on,1.0,0.016666666666666666,1.0,0.043478260869565216,0.016666666666666666
28,6,4.0,1.0,Global on,Global off,1.0,60.0,0.016666666666666666,1.0,0.043478260869565216,CS-,CS-,0.0,0.0,0,0,0.0,0.0,0.0,0.0,0.0,0,0,4.0,1.0,Global on,Global off,1.0,0.016666666666666666,1.0,0.043478260869565216,0.016666666666666666
11,17,1.0,1.0,Global off,Global off,1.0,15.0,0.06666666666666667,1.0,0.043478260869565216,ITI,ITI,1.0,1.0,Global off,Global off,1.0,12.0,0.08333333333333333,1.0,0.041666666666666664,CS+,CS+,1.0,1.0,Global off,Global off,0.0,-0.016666666666666663,0.0,0.0018115942028985518,0.016666666666666663
2,23,1.0,4.0,Global off,Global on,2.0,66.0,0.030303030303030304,2.0,0.08695652173913043,CS-,CS-,1.0,4.0,Global off,Global on,1.0,73.0,0.0136986301369863,1.0,0.041666666666666664,CS+,ITI,1.0,4.0,Global off,Global on,1.0,0.016604400166044003,1.0,0.04528985507246377,0.016604400166044003
24,19,4.0,3.0,Global on,Safety-like,3.0,53.0,0.05660377358490566,3.0,0.13043478260869565,ITI,ITI,4.0,3.0,Global on,Safety-like,2.0,50.0,0.04,2.0,0.08333333333333333,ITI,ITI,4.0,3.0,Global on,Safety-like,1.0,0.01660377358490566,1.0,0.04710144927536232,0.01660377358490566
4,15,3.0,2.0,Safety-like,Threat-like,1.0,61.0,0.01639344262295082,1.0,0.043478260869565216,CS-,ITI,0.0,0.0,0,0,0.0,0.0,0.0,0.0,0.0,0,0,3.0,2.0,Safety-like,Threat-like,1.0,0.01639344262295082,1.0,0.043478260869565216,0.01639344262295082
13,8,2.0,3.0,Threat-like,Safety-like,3.0,82.0,0.036585365853658534,3.0,0.13043478260869565,CS-,CS-,2.0,3.0,Threat-like,Safety-like,2.0,99.0,0.020202020202020204,2.0,0.08333333333333333,CS+,CS+,2.0,3.0,Threat-like,Safety-like,1.0,0.01638334565163833,1.0,0.04710144927536232,0.01638334565163833
5,14,1.0,2.0,Global off,Threat-like,3.0,59.0,0.05084745762711865,3.0,0.13043478260869565,CS+,CS+,1.0,2.0,Global off,Threat-like,2.0,58.0,0.034482758620689655,2.0,0.08333333333333333,ITI,ITI,1.0,2.0,Global off,Threat-like,1.0,0.016364699006428993,1.0,0.04710144927536232,0.016364699006428993
5,8,1.0,3.0,Global off,Safety-like,3.0,59.0,0.05084745762711865,3.0,0.13043478260869565,CS+,CS-,1.0,3.0,Global off,Safety-like,2.0,58.0,0.034482758620689655,2.0,0.08333333333333333,ITI,CS-,1.0,3.0,Global off,Safety-like,1.0,0.016364699006428993,1.0,0.04710144927536232,0.016364699006428993
12,1,3.0,1.0,Safety-like,Global off,4.0,23.0,0.17391304347826086,3.0,0.13043478260869565,ITI,CS-,3.0,1.0,Safety-like,Global off,6.0,38.0,0.15789473684210525,6.0,0.25,ITI,ITI,3.0,1.0,Safety-like,Global off,-2.0,0.01601830663615561,-3.0,-0.11956521739130435,0.01601830663615561
9,10,1.0,1.0,Global off,Global off,2.0,53.0,0.03773584905660377,2.0,0.08695652173913043,CS+,CS-,1.0,1.0,Global off,Global off,1.0,46.0,0.021739130434782608,1.0,0.041666666666666664,CS+,CS+,1.0,1.0,Global off,Global off,1.0,0.015996718621821164,1.0,0.04528985507246377,0.015996718621821164
9,18,1.0,3.0,Global off,Safety-like,2.0,53.0,0.03773584905660377,2.0,0.08695652173913043,ITI,CS-,1.0,3.0,Global off,Safety-like,1.0,46.0,0.021739130434782608,1.0,0.041666666666666664,ITI,ITI,1.0,3.0,Global off,Safety-like,1.0,0.015996718621821164,1.0,0.04528985507246377,0.015996718621821164
20,32,3.0,4.0,Safety-like,Global on,10.0,84.0,0.11904761904761904,8.0,0.34782608695652173,ITI,CS+,3.0,4.0,Safety-like,Global on,10.0,97.0,0.10309278350515463,7.0,0.2916666666666667,ITI,ITI,3.0,4.0,Safety-like,Global on,0.0,0.015954835542464407,1.0,0.056159420289855044,0.015954835542464407
7,16,1.0,4.0,Global off,Global on,2.0,21.0,0.09523809523809523,2.0,0.08695652173913043,CS-,CS-,1.0,4.0,Global off,Global on,2.0,18.0,0.1111111111111111,2.0,0.08333333333333333,CS-,CS-,1.0,4.0,Global off,Global on,0.0,-0.015873015873015872,0.0,0.0036231884057971037,0.015873015873015872
7,5,1.0,1.0,Global off,Global off,2.0,21.0,0.09523809523809523,2.0,0.08695652173913043,ITI,ITI,1.0,1.0,Global off,Global off,2.0,18.0,0.1111111111111111,2.0,0.08333333333333333,ITI,CS+,1.0,1.0,Global off,Global off,0.0,-0.015873015873015872,0.0,0.0036231884057971037,0.015873015873015872
29,15,2.0,2.0,Threat-like,Threat-like,2.0,68.0,0.029411764705882353,2.0,0.08695652173913043,CS+,CS+,2.0,2.0,Threat-like,Threat-like,1.0,72.0,0.013888888888888888,1.0,0.041666666666666664,ITI,CS-,2.0,2.0,Threat-like,Threat-like,1.0,0.015522875816993464,1.0,0.04528985507246377,0.015522875816993464
29,23,2.0,4.0,Threat-like,Global on,2.0,68.0,0.029411764705882353,2.0,0.08695652173913043,CS-,CS-,2.0,4.0,Threat-like,Global on,1.0,72.0,0.013888888888888888,1.0,0.041666666666666664,ITI,ITI,2.0,4.0,Threat-like,Global on,1.0,0.015522875816993464,1.0,0.04528985507246377,0.015522875816993464
29,26,2.0,4.0,Threat-like,Global on,2.0,68.0,0.029411764705882353,2.0,0.08695652173913043,CS-,CS-,2.0,4.0,Threat-like,Global on,1.0,72.0,0.013888888888888888,1.0,0.041666666666666664,ITI,ITI,2.0,4.0,Threat-like,Global on,1.0,0.015522875816993464,1.0,0.04528985507246377,0.015522875816993464
29,10,2.0,1.0,Threat-like,Global off,2.0,68.0,0.029411764705882353,2.0,0.08695652173913043,CS+,CS+,2.0,1.0,Threat-like,Global off,1.0,72.0,0.013888888888888888,1.0,0.041666666666666664,CS+,ITI,2.0,1.0,Threat-like,Global off,1.0,0.015522875816993464,1.0,0.04528985507246377,0.015522875816993464
15,28,2.0,4.0,Threat-like,Global on,1.0,30.0,0.03333333333333333,1.0,0.043478260869565216,ITI,CS+,2.0,4.0,Threat-like,Global on,2.0,41.0,0.04878048780487805,2.0,0.08333333333333333,ITI,ITI,2.0,4.0,Threat-like,Global on,-1.0,-0.015447154471544718,-1.0,-0.03985507246376811,0.015447154471544718
31,6,4.0,1.0,Global on,Global off,1.0,65.0,0.015384615384615385,1.0,0.043478260869565216,CS+,CS+,0.0,0.0,0,0,0.0,0.0,0.0,0.0,0.0,0,0,4.0,1.0,Global on,Global off,1.0,0.015384615384615385,1.0,0.043478260869565216,0.015384615384615385
19,4,3.0,3.0,Safety-like,Safety-like,3.0,51.0,0.058823529411764705,3.0,0.13043478260869565,CS-,ITI,3.0,3.0,Safety-like,Safety-like,2.0,46.0,0.043478260869565216,2.0,0.08333333333333333,CS-,ITI,3.0,3.0,Safety-like,Safety-like,1.0,0.015345268542199489,1.0,0.04710144927536232,0.015345268542199489
32,27,4.0,4.0,Global on,Global on,2.0,131.0,0.015267175572519083,2.0,0.08695652173913043,ITI,ITI,0.0,0.0,0,0,0.0,0.0,0.0,0.0,0.0,0,0,4.0,4.0,Global on,Global on,2.0,0.015267175572519083,2.0,0.08695652173913043,0.015267175572519083
21,20,1.0,3.0,Global off,Safety-like,2.0,27.0,0.07407407407407407,2.0,0.08695652173913043,CS-,CS-,1.0,3.0,Global off,Safety-like,2.0,34.0,0.058823529411764705,1.0,0.041666666666666664,ITI,CS+,1.0,3.0,Global off,Safety-like,0.0,0.015250544662309365,1.0,0.04528985507246377,0.015250544662309365
21,24,1.0,4.0,Global off,Global on,2.0,27.0,0.07407407407407407,2.0,0.08695652173913043,CS-,ITI,1.0,4.0,Global off,Global on,2.0,34.0,0.058823529411764705,2.0,0.08333333333333333,CS-,CS-,1.0,4.0,Global off,Global on,0.0,0.015250544662309365,0.0,0.0036231884057971037,0.015250544662309365
21,16,1.0,4.0,Global off,Global on,2.0,27.0,0.07407407407407407,2.0,0.08695652173913043,CS+,CS-,1.0,4.0,Global off,Global on,2.0,34.0,0.058823529411764705,2.0,0.08333333333333333,CS-,CS+,1.0,4.0,Global off,Global on,0.0,0.015250544662309365,0.0,0.0036231884057971037,0.015250544662309365
14,8,2.0,3.0,Threat-like,Safety-like,1.0,43.0,0.023255813953488372,1.0,0.043478260869565216,CS-,CS-,2.0,3.0,Threat-like,Safety-like,2.0,52.0,0.038461538461538464,2.0,0.08333333333333333,ITI,CS-,2.0,3.0,Threat-like,Safety-like,-1.0,-0.015205724508050092,-1.0,-0.03985507246376811,0.015205724508050092
16,11,4.0,1.0,Global on,Global off,1.0,78.0,0.01282051282051282,1.0,0.043478260869565216,ITI,CS-,4.0,1.0,Global on,Global off,2.0,72.0,0.027777777777777776,2.0,0.08333333333333333,CS-,CS+,4.0,1.0,Global on,Global off,-1.0,-0.014957264957264956,-1.0,-0.03985507246376811,0.014957264957264956
3,2,1.0,1.0,Global off,Global off,4.0,30.0,0.13333333333333333,4.0,0.17391304347826086,ITI,ITI,1.0,1.0,Global off,Global off,4.0,27.0,0.14814814814814814,3.0,0.125,ITI,CS+,1.0,1.0,Global off,Global off,0.0,-0.014814814814814808,1.0,0.048913043478260865,0.014814814814814808
29,18,2.0,3.0,Threat-like,Safety-like,1.0,68.0,0.014705882352941176,1.0,0.043478260869565216,ITI,ITI,0.0,0.0,0,0,0.0,0.0,0.0,0.0,0.0,0,0,2.0,3.0,Threat-like,Safety-like,1.0,0.014705882352941176,1.0,0.043478260869565216,0.014705882352941176
1,5,1.0,1.0,Global off,Global off,13.0,146.0,0.08904109589041095,12.0,0.5217391304347826,ITI,ITI,1.0,1.0,Global off,Global off,9.0,121.0,0.0743801652892562,9.0,0.375,CS-,ITI,1.0,1.0,Global off,Global off,4.0,0.014660930601154754,3.0,0.1467391304347826,0.014660930601154754
28,14,4.0,2.0,Global on,Threat-like,2.0,60.0,0.03333333333333333,2.0,0.08695652173913043,CS+,CS+,4.0,2.0,Global on,Threat-like,1.0,53.0,0.018867924528301886,1.0,0.041666666666666664,CS+,CS+,4.0,2.0,Global on,Threat-like,1.0,0.014465408805031447,1.0,0.04528985507246377,0.014465408805031447
28,27,4.0,4.0,Global on,Global on,2.0,60.0,0.03333333333333333,2.0,0.08695652173913043,CS+,CS+,4.0,4.0,Global on,Global on,1.0,53.0,0.018867924528301886,1.0,0.041666666666666664,CS-,CS-,4.0,4.0,Global on,Global on,1.0,0.014465408805031447,1.0,0.04528985507246377,0.014465408805031447
28,31,4.0,4.0,Global on,Global on,2.0,60.0,0.03333333333333333,2.0,0.08695652173913043,CS-,CS-,4.0,4.0,Global on,Global on,1.0,53.0,0.018867924528301886,1.0,0.041666666666666664,CS-,ITI,4.0,4.0,Global on,Global on,1.0,0.014465408805031447,1.0,0.04528985507246377,0.014465408805031447
28,8,4.0,3.0,Global on,Safety-like,2.0,60.0,0.03333333333333333,2.0,0.08695652173913043,CS+,CS+,4.0,3.0,Global on,Safety-like,1.0,53.0,0.018867924528301886,1.0,0.041666666666666664,CS-,CS-,4.0,3.0,Global on,Safety-like,1.0,0.014465408805031447,1.0,0.04528985507246377,0.014465408805031447
13,7,2.0,1.0,Threat-like,Global off,2.0,82.0,0.024390243902439025,2.0,0.08695652173913043,CS+,CS-,2.0,1.0,Threat-like,Global off,1.0,99.0,0.010101010101010102,1.0,0.041666666666666664,ITI,ITI,2.0,1.0,Threat-like,Global off,1.0,0.014289233801428923,1.0,0.04528985507246377,0.014289233801428923
13,19,2.0,3.0,Threat-like,Safety-like,2.0,82.0,0.024390243902439025,2.0,0.08695652173913043,CS+,CS+,2.0,3.0,Threat-like,Safety-like,1.0,99.0,0.010101010101010102,1.0,0.041666666666666664,CS+,CS+,2.0,3.0,Threat-like,Safety-like,1.0,0.014289233801428923,1.0,0.04528985507246377,0.014289233801428923
13,4,2.0,3.0,Threat-like,Safety-like,3.0,82.0,0.036585365853658534,3.0,0.13043478260869565,ITI,ITI,2.0,3.0,Threat-like,Safety-like,5.0,99.0,0.050505050505050504,4.0,0.16666666666666666,CS+,ITI,2.0,3.0,Threat-like,Safety-like,-2.0,-0.01391968465139197,-1.0,-0.03623188405797101,0.01391968465139197
4,27,0.0,0.0,0,0,0.0,0.0,0.0,0.0,0.0,0,0,3.0,4.0,Safety-like,Global on,1.0,72.0,0.013888888888888888,1.0,0.041666666666666664,ITI,ITI,3.0,4.0,Safety-like,Global on,-1.0,-0.013888888888888888,-1.0,-0.041666666666666664,0.013888888888888888
29,6,0.0,0.0,0,0,0.0,0.0,0.0,0.0,0.0,0,0,2.0,1.0,Threat-like,Global off,1.0,72.0,0.013888888888888888,1.0,0.041666666666666664,ITI,ITI,2.0,1.0,Threat-like,Global off,-1.0,-0.013888888888888888,-1.0,-0.041666666666666664,0.013888888888888888
16,6,0.0,0.0,0,0,0.0,0.0,0.0,0.0,0.0,0,0,4.0,1.0,Global on,Global off,1.0,72.0,0.013888888888888888,1.0,0.041666666666666664,CS+,CS+,4.0,1.0,Global on,Global off,-1.0,-0.013888888888888888,-1.0,-0.041666666666666664,0.013888888888888888
31,16,4.0,4.0,Global on,Global on,2.0,65.0,0.03076923076923077,2.0,0.08695652173913043,CS+,CS+,4.0,4.0,Global on,Global on,1.0,59.0,0.01694915254237288,1.0,0.041666666666666664,ITI,ITI,4.0,4.0,Global on,Global on,1.0,0.01382007822685789,1.0,0.04528985507246377,0.01382007822685789
31,28,4.0,4.0,Global on,Global on,2.0,65.0,0.03076923076923077,2.0,0.08695652173913043,ITI,ITI,4.0,4.0,Global on,Global on,1.0,59.0,0.01694915254237288,1.0,0.041666666666666664,ITI,CS-,4.0,4.0,Global on,Global on,1.0,0.01382007822685789,1.0,0.04528985507246377,0.01382007822685789
31,15,4.0,2.0,Global on,Threat-like,2.0,65.0,0.03076923076923077,2.0,0.08695652173913043,CS-,CS+,4.0,2.0,Global on,Threat-like,1.0,59.0,0.01694915254237288,1.0,0.041666666666666664,CS-,CS-,4.0,2.0,Global on,Threat-like,1.0,0.01382007822685789,1.0,0.04528985507246377,0.01382007822685789
2,25,0.0,0.0,0,0,0.0,0.0,0.0,0.0,0.0,0,0,1.0,1.0,Global off,Global off,1.0,73.0,0.0136986301369863,1.0,0.041666666666666664,CS-,ITI,1.0,1.0,Global off,Global off,-1.0,-0.0136986301369863,-1.0,-0.041666666666666664,0.0136986301369863
2,12,0.0,0.0,0,0,0.0,0.0,0.0,0.0,0.0,0,0,1.0,3.0,Global off,Safety-like,1.0,73.0,0.0136986301369863,1.0,0.041666666666666664,CS-,CS-,1.0,3.0,Global off,Safety-like,-1.0,-0.0136986301369863,-1.0,-0.041666666666666664,0.0136986301369863
1,22,1.0,4.0,Global off,Global on,2.0,146.0,0.0136986301369863,2.0,0.08695652173913043,CS+,ITI,0.0,0.0,0,0,0.0,0.0,0.0,0.0,0.0,0,0,1.0,4.0,Global off,Global on,2.0,0.0136986301369863,2.0,0.08695652173913043,0.0136986301369863
2,21,0.0,0.0,0,0,0.0,0.0,0.0,0.0,0.0,0,0,1.0,1.0,Global off,Global off,1.0,73.0,0.0136986301369863,1.0,0.041666666666666664,CS-,ITI,1.0,1.0,Global off,Global off,-1.0,-0.0136986301369863,-1.0,-0.041666666666666664,0.0136986301369863
20,6,3.0,1.0,Safety-like,Global off,2.0,84.0,0.023809523809523808,1.0,0.043478260869565216,ITI,CS+,3.0,1.0,Safety-like,Global off,1.0,97.0,0.010309278350515464,1.0,0.041666666666666664,ITI,CS+,3.0,1.0,Safety-like,Global off,1.0,0.013500245459008344,0.0,0.0018115942028985518,0.013500245459008344
29,30,2.0,4.0,Threat-like,Global on,1.0,68.0,0.014705882352941176,1.0,0.043478260869565216,ITI,ITI,2.0,4.0,Threat-like,Global on,2.0,72.0,0.027777777777777776,2.0,0.08333333333333333,CS-,CS-,2.0,4.0,Threat-like,Global on,-1.0,-0.0130718954248366,-1.0,-0.03985507246376811,0.0130718954248366
29,19,2.0,3.0,Threat-like,Safety-like,1.0,68.0,0.014705882352941176,1.0,0.043478260869565216,ITI,ITI,2.0,3.0,Threat-like,Safety-like,2.0,72.0,0.027777777777777776,2.0,0.08333333333333333,ITI,CS+,2.0,3.0,Threat-like,Safety-like,-1.0,-0.0130718954248366,-1.0,-0.03985507246376811,0.0130718954248366
17,5,0.0,0.0,0,0,0.0,0.0,0.0,0.0,0.0,0,0,1.0,1.0,Global off,Global off,1.0,77.0,0.012987012987012988,1.0,0.041666666666666664,ITI,CS+,1.0,1.0,Global off,Global off,-1.0,-0.012987012987012988,-1.0,-0.041666666666666664,0.012987012987012988
17,15,0.0,0.0,0,0,0.0,0.0,0.0,0.0,0.0,0,0,1.0,2.0,Global off,Threat-like,1.0,77.0,0.012987012987012988,1.0,0.041666666666666664,ITI,ITI,1.0,2.0,Global off,Threat-like,-1.0,-0.012987012987012988,-1.0,-0.041666666666666664,0.012987012987012988
17,14,0.0,0.0,0,0,0.0,0.0,0.0,0.0,0.0,0,0,1.0,2.0,Global off,Threat-like,1.0,77.0,0.012987012987012988,1.0,0.041666666666666664,ITI,ITI,1.0,2.0,Global off,Threat-like,-1.0,-0.012987012987012988,-1.0,-0.041666666666666664,0.012987012987012988
16,20,4.0,3.0,Global on,Safety-like,1.0,78.0,0.01282051282051282,1.0,0.043478260869565216,ITI,ITI,0.0,0.0,0,0,0.0,0.0,0.0,0.0,0.0,0,0,4.0,3.0,Global on,Safety-like,1.0,0.01282051282051282,1.0,0.043478260869565216,0.01282051282051282
16,26,4.0,4.0,Global on,Global on,1.0,78.0,0.01282051282051282,1.0,0.043478260869565216,CS+,ITI,0.0,0.0,0,0,0.0,0.0,0.0,0.0,0.0,0,0,4.0,4.0,Global on,Global on,1.0,0.01282051282051282,1.0,0.043478260869565216,0.01282051282051282
16,22,4.0,4.0,Global on,Global on,1.0,78.0,0.01282051282051282,1.0,0.043478260869565216,ITI,ITI,0.0,0.0,0,0,0.0,0.0,0.0,0.0,0.0,0,0,4.0,4.0,Global on,Global on,1.0,0.01282051282051282,1.0,0.043478260869565216,0.01282051282051282
28,29,4.0,2.0,Global on,Threat-like,3.0,60.0,0.05,3.0,0.13043478260869565,CS-,CS+,4.0,2.0,Global on,Threat-like,2.0,53.0,0.03773584905660377,2.0,0.08333333333333333,CS-,CS-,4.0,2.0,Global on,Threat-like,1.0,0.01226415094339623,1.0,0.04710144927536232,0.01226415094339623
31,12,4.0,3.0,Global on,Safety-like,3.0,65.0,0.046153846153846156,3.0,0.13043478260869565,CS+,ITI,4.0,3.0,Global on,Safety-like,2.0,59.0,0.03389830508474576,2.0,0.08333333333333333,ITI,ITI,4.0,3.0,Global on,Safety-like,1.0,0.012255541069100394,1.0,0.04710144927536232,0.012255541069100394
31,24,4.0,4.0,Global on,Global on,3.0,65.0,0.046153846153846156,3.0,0.13043478260869565,CS+,ITI,4.0,4.0,Global on,Global on,2.0,59.0,0.03389830508474576,2.0,0.08333333333333333,ITI,CS+,4.0,4.0,Global on,Global on,1.0,0.012255541069100394,1.0,0.04710144927536232,0.012255541069100394
2,14,1.0,2.0,Global off,Threat-like,1.0,66.0,0.015151515151515152,1.0,0.043478260869565216,CS+,CS+,1.0,2.0,Global off,Threat-like,2.0,73.0,0.0273972602739726,2.0,0.08333333333333333,ITI,ITI,1.0,2.0,Global off,Threat-like,-1.0,-0.01224574512245745,-1.0,-0.03985507246376811,0.01224574512245745
13,12,2.0,3.0,Threat-like,Safety-like,1.0,82.0,0.012195121951219513,1.0,0.043478260869565216,ITI,ITI,0.0,0.0,0,0,0.0,0.0,0.0,0.0,0.0,0,0,2.0,3.0,Threat-like,Safety-like,1.0,0.012195121951219513,1.0,0.043478260869565216,0.012195121951219513
14,5,2.0,1.0,Threat-like,Global off,3.0,43.0,0.06976744186046512,2.0,0.08695652173913043,ITI,ITI,2.0,1.0,Threat-like,Global off,3.0,52.0,0.057692307692307696,3.0,0.125,CS+,ITI,2.0,1.0,Threat-like,Global off,0.0,0.01207513416815742,-1.0,-0.03804347826086957,0.01207513416815742
14,31,2.0,4.0,Threat-like,Global on,3.0,43.0,0.06976744186046512,2.0,0.08695652173913043,ITI,CS+,2.0,4.0,Threat-like,Global on,3.0,52.0,0.057692307692307696,3.0,0.125,ITI,CS+,2.0,4.0,Threat-like,Global on,0.0,0.01207513416815742,-1.0,-0.03804347826086957,0.01207513416815742
16,19,4.0,3.0,Global on,Safety-like,2.0,78.0,0.02564102564102564,2.0,0.08695652173913043,CS-,ITI,4.0,3.0,Global on,Safety-like,1.0,72.0,0.013888888888888888,1.0,0.041666666666666664,CS-,CS-,4.0,3.0,Global on,Safety-like,1.0,0.011752136752136752,1.0,0.04528985507246377,0.011752136752136752
32,24,4.0,4.0,Global on,Global on,6.0,131.0,0.04580152671755725,5.0,0.21739130434782608,ITI,ITI,4.0,4.0,Global on,Global on,7.0,122.0,0.05737704918032787,7.0,0.2916666666666667,ITI,ITI,4.0,4.0,Global on,Global on,-1.0,-0.011575522462770618,-2.0,-0.0742753623188406,0.011575522462770618
29,21,2.0,1.0,Threat-like,Global off,3.0,68.0,0.04411764705882353,3.0,0.13043478260869565,ITI,ITI,2.0,1.0,Threat-like,Global off,4.0,72.0,0.05555555555555555,2.0,0.08333333333333333,CS-,CS-,2.0,1.0,Threat-like,Global off,-1.0,-0.01143790849673202,1.0,0.04710144927536232,0.01143790849673202
4,10,3.0,1.0,Safety-like,Global off,1.0,61.0,0.01639344262295082,1.0,0.043478260869565216,ITI,ITI,3.0,1.0,Safety-like,Global off,2.0,72.0,0.027777777777777776,2.0,0.08333333333333333,CS-,ITI,3.0,1.0,Safety-like,Global off,-1.0,-0.011384335154826956,-1.0,-0.03985507246376811,0.011384335154826956
4,28,3.0,4.0,Safety-like,Global on,1.0,61.0,0.01639344262295082,1.0,0.043478260869565216,ITI,CS-,3.0,4.0,Safety-like,Global on,2.0,72.0,0.027777777777777776,2.0,0.08333333333333333,CS-,CS-,3.0,4.0,Safety-like,Global on,-1.0,-0.011384335154826956,-1.0,-0.03985507246376811,0.011384335154826956
4,16,3.0,4.0,Safety-like,Global on,1.0,61.0,0.01639344262295082,1.0,0.043478260869565216,CS+,ITI,3.0,4.0,Safety-like,Global on,2.0,72.0,0.027777777777777776,2.0,0.08333333333333333,CS+,CS+,3.0,4.0,Safety-like,Global on,-1.0,-0.011384335154826956,-1.0,-0.03985507246376811,0.011384335154826956
4,31,3.0,4.0,Safety-like,Global on,1.0,61.0,0.01639344262295082,1.0,0.043478260869565216,ITI,ITI,3.0,4.0,Safety-like,Global on,2.0,72.0,0.027777777777777776,2.0,0.08333333333333333,CS+,ITI,3.0,4.0,Safety-like,Global on,-1.0,-0.011384335154826956,-1.0,-0.03985507246376811,0.011384335154826956
15,13,2.0,2.0,Threat-like,Threat-like,4.0,30.0,0.13333333333333333,4.0,0.17391304347826086,CS-,CS-,2.0,2.0,Threat-like,Threat-like,5.0,41.0,0.12195121951219512,2.0,0.08333333333333333,CS+,ITI,2.0,2.0,Threat-like,Threat-like,-1.0,0.011382113821138212,2.0,0.09057971014492754,0.011382113821138212
20,18,3.0,3.0,Safety-like,Safety-like,7.0,84.0,0.08333333333333333,5.0,0.21739130434782608,ITI,CS-,3.0,3.0,Safety-like,Safety-like,7.0,97.0,0.07216494845360824,6.0,0.25,ITI,ITI,3.0,3.0,Safety-like,Safety-like,0.0,0.011168384879725088,-1.0,-0.03260869565217392,0.011168384879725088
3,32,1.0,4.0,Global off,Global on,3.0,30.0,0.1,3.0,0.13043478260869565,ITI,ITI,1.0,4.0,Global off,Global on,3.0,27.0,0.1111111111111111,2.0,0.08333333333333333,ITI,ITI,1.0,4.0,Global off,Global on,0.0,-0.0111111111111111,1.0,0.04710144927536232,0.0111111111111111
1,23,1.0,4.0,Global off,Global on,4.0,146.0,0.0273972602739726,4.0,0.17391304347826086,ITI,CS-,1.0,4.0,Global off,Global on,2.0,121.0,0.01652892561983471,2.0,0.08333333333333333,CS+,CS+,1.0,4.0,Global off,Global on,2.0,0.01086833465413789,2.0,0.09057971014492754,0.01086833465413789
2,10,1.0,1.0,Global off,Global off,2.0,66.0,0.030303030303030304,2.0,0.08695652173913043,ITI,CS+,1.0,1.0,Global off,Global off,3.0,73.0,0.0410958904109589,3.0,0.125,CS+,CS+,1.0,1.0,Global off,Global off,-1.0,-0.010792860107928598,-1.0,-0.03804347826086957,0.010792860107928598
2,30,1.0,4.0,Global off,Global on,2.0,66.0,0.030303030303030304,2.0,0.08695652173913043,ITI,CS-,1.0,4.0,Global off,Global on,3.0,73.0,0.0410958904109589,3.0,0.125,ITI,CS+,1.0,4.0,Global off,Global on,-1.0,-0.010792860107928598,-1.0,-0.03804347826086957,0.010792860107928598
16,21,4.0,1.0,Global on,Global off,3.0,78.0,0.038461538461538464,2.0,0.08695652173913043,CS+,CS+,4.0,1.0,Global on,Global off,2.0,72.0,0.027777777777777776,1.0,0.041666666666666664,CS+,ITI,4.0,1.0,Global on,Global off,1.0,0.010683760683760687,1.0,0.04528985507246377,0.010683760683760687
8,13,3.0,2.0,Safety-like,Threat-like,4.0,34.0,0.11764705882352941,4.0,0.17391304347826086,ITI,ITI,3.0,2.0,Safety-like,Threat-like,3.0,28.0,0.10714285714285714,3.0,0.125,CS-,ITI,3.0,2.0,Safety-like,Threat-like,1.0,0.010504201680672273,1.0,0.048913043478260865,0.010504201680672273
20,3,0.0,0.0,0,0,0.0,0.0,0.0,0.0,0.0,0,0,3.0,1.0,Safety-like,Global off,1.0,97.0,0.010309278350515464,1.0,0.041666666666666664,ITI,ITI,3.0,1.0,Safety-like,Global off,-1.0,-0.010309278350515464,-1.0,-0.041666666666666664,0.010309278350515464
20,7,0.0,0.0,0,0,0.0,0.0,0.0,0.0,0.0,0,0,3.0,1.0,Safety-like,Global off,1.0,97.0,0.010309278350515464,1.0,0.041666666666666664,ITI,CS-,3.0,1.0,Safety-like,Global off,-1.0,-0.010309278350515464,-1.0,-0.041666666666666664,0.010309278350515464
13,30,0.0,0.0,0,0,0.0,0.0,0.0,0.0,0.0,0,0,2.0,4.0,Threat-like,Global on,1.0,99.0,0.010101010101010102,1.0,0.041666666666666664,ITI,ITI,2.0,4.0,Threat-like,Global on,-1.0,-0.010101010101010102,-1.0,-0.041666666666666664,0.010101010101010102
32,4,4.0,3.0,Global on,Safety-like,3.0,131.0,0.022900763358778626,3.0,0.13043478260869565,ITI,ITI,4.0,3.0,Global on,Safety-like,4.0,122.0,0.03278688524590164,3.0,0.125,ITI,CS-,4.0,3.0,Global on,Safety-like,-1.0,-0.009886121887123015,0.0,0.0054347826086956486,0.009886121887123015
1,15,1.0,2.0,Global off,Threat-like,1.0,146.0,0.00684931506849315,1.0,0.043478260869565216,CS+,ITI,1.0,2.0,Global off,Threat-like,2.0,121.0,0.01652892561983471,2.0,0.08333333333333333,ITI,CS+,1.0,2.0,Global off,Threat-like,-1.0,-0.009679610551341561,-1.0,-0.03985507246376811,0.009679610551341561
18,2,3.0,1.0,Safety-like,Global off,3.0,37.0,0.08108108108108109,3.0,0.13043478260869565,ITI,ITI,3.0,1.0,Safety-like,Global off,2.0,28.0,0.07142857142857142,2.0,0.08333333333333333,ITI,CS-,3.0,1.0,Safety-like,Global off,1.0,0.009652509652509661,1.0,0.04710144927536232,0.009652509652509661
16,4,4.0,3.0,Global on,Safety-like,4.0,78.0,0.05128205128205128,3.0,0.13043478260869565,CS+,CS+,4.0,3.0,Global on,Safety-like,3.0,72.0,0.041666666666666664,3.0,0.125,CS+,ITI,4.0,3.0,Global on,Safety-like,1.0,0.009615384615384616,0.0,0.0054347826086956486,0.009615384615384616
27,28,4.0,4.0,Global on,Global on,3.0,24.0,0.125,3.0,0.13043478260869565,ITI,ITI,4.0,4.0,Global on,Global on,3.0,26.0,0.11538461538461539,3.0,0.125,ITI,ITI,4.0,4.0,Global on,Global on,0.0,0.009615384615384609,0.0,0.0054347826086956486,0.009615384615384609
16,32,4.0,4.0,Global on,Global on,9.0,78.0,0.11538461538461539,7.0,0.30434782608695654,ITI,ITI,4.0,4.0,Global on,Global on,9.0,72.0,0.125,8.0,0.3333333333333333,ITI,ITI,4.0,4.0,Global on,Global on,0.0,-0.009615384615384609,-1.0,-0.028985507246376774,0.009615384615384609
1,31,1.0,4.0,Global off,Global on,5.0,146.0,0.03424657534246575,4.0,0.17391304347826086,CS-,CS+,1.0,4.0,Global off,Global on,3.0,121.0,0.024793388429752067,3.0,0.125,ITI,ITI,1.0,4.0,Global off,Global on,2.0,0.009453186912713685,1.0,0.048913043478260865,0.009453186912713685
12,20,3.0,3.0,Safety-like,Safety-like,1.0,23.0,0.043478260869565216,1.0,0.043478260869565216,ITI,ITI,3.0,3.0,Safety-like,Safety-like,2.0,38.0,0.05263157894736842,2.0,0.08333333333333333,CS+,CS-,3.0,3.0,Safety-like,Safety-like,-1.0,-0.009153318077803202,-1.0,-0.03985507246376811,0.009153318077803202
15,31,2.0,4.0,Threat-like,Global on,1.0,30.0,0.03333333333333333,1.0,0.043478260869565216,CS+,CS+,2.0,4.0,Threat-like,Global on,1.0,41.0,0.024390243902439025,1.0,0.041666666666666664,ITI,CS-,2.0,4.0,Threat-like,Global on,0.0,0.008943089430894308,0.0,0.0018115942028985518,0.008943089430894308
15,4,2.0,3.0,Threat-like,Safety-like,1.0,30.0,0.03333333333333333,1.0,0.043478260869565216,CS-,ITI,2.0,3.0,Threat-like,Safety-like,1.0,41.0,0.024390243902439025,1.0,0.041666666666666664,ITI,ITI,2.0,3.0,Threat-like,Safety-like,0.0,0.008943089430894308,0.0,0.0018115942028985518,0.008943089430894308
15,10,2.0,1.0,Threat-like,Global off,1.0,30.0,0.03333333333333333,1.0,0.043478260869565216,CS-,ITI,2.0,1.0,Threat-like,Global off,1.0,41.0,0.024390243902439025,1.0,0.041666666666666664,CS-,CS-,2.0,1.0,Threat-like,Global off,0.0,0.008943089430894308,0.0,0.0018115942028985518,0.008943089430894308
4,12,3.0,3.0,Safety-like,Safety-like,2.0,61.0,0.03278688524590164,2.0,0.08695652173913043,CS+,CS+,3.0,3.0,Safety-like,Safety-like,3.0,72.0,0.041666666666666664,3.0,0.125,CS+,CS+,3.0,3.0,Safety-like,Safety-like,-1.0,-0.008879781420765023,-1.0,-0.03804347826086957,0.008879781420765023
32,8,4.0,3.0,Global on,Safety-like,1.0,131.0,0.007633587786259542,1.0,0.043478260869565216,ITI,ITI,4.0,3.0,Global on,Safety-like,2.0,122.0,0.01639344262295082,2.0,0.08333333333333333,CS-,CS-,4.0,3.0,Global on,Safety-like,-1.0,-0.00875985483669128,-1.0,-0.03985507246376811,0.00875985483669128
17,4,1.0,3.0,Global off,Safety-like,1.0,58.0,0.017241379310344827,1.0,0.043478260869565216,CS+,CS+,1.0,3.0,Global off,Safety-like,2.0,77.0,0.025974025974025976,1.0,0.041666666666666664,CS+,ITI,1.0,3.0,Global off,Safety-like,-1.0,-0.008732646663681148,0.0,0.0018115942028985518,0.008732646663681148
17,21,1.0,1.0,Global off,Global off,1.0,58.0,0.017241379310344827,1.0,0.043478260869565216,ITI,CS+,1.0,1.0,Global off,Global off,2.0,77.0,0.025974025974025976,1.0,0.041666666666666664,CS-,CS-,1.0,1.0,Global off,Global off,-1.0,-0.008732646663681148,0.0,0.0018115942028985518,0.008732646663681148
17,24,1.0,4.0,Global off,Global on,1.0,58.0,0.017241379310344827,1.0,0.043478260869565216,CS+,CS+,1.0,4.0,Global off,Global on,2.0,77.0,0.025974025974025976,2.0,0.08333333333333333,ITI,ITI,1.0,4.0,Global off,Global on,-1.0,-0.008732646663681148,-1.0,-0.03985507246376811,0.008732646663681148
20,12,3.0,3.0,Safety-like,Safety-like,1.0,84.0,0.011904761904761904,1.0,0.043478260869565216,ITI,ITI,3.0,3.0,Safety-like,Safety-like,2.0,97.0,0.020618556701030927,2.0,0.08333333333333333,ITI,CS+,3.0,3.0,Safety-like,Safety-like,-1.0,-0.008713794796269023,-1.0,-0.03985507246376811,0.008713794796269023
18,3,3.0,1.0,Safety-like,Global off,1.0,37.0,0.02702702702702703,1.0,0.043478260869565216,ITI,ITI,3.0,1.0,Safety-like,Global off,1.0,28.0,0.03571428571428571,1.0,0.041666666666666664,ITI,ITI,3.0,1.0,Safety-like,Global off,0.0,-0.008687258687258684,0.0,0.0018115942028985518,0.008687258687258684
32,22,0.0,0.0,0,0,0.0,0.0,0.0,0.0,0.0,0,0,4.0,4.0,Global on,Global on,1.0,122.0,0.00819672131147541,1.0,0.041666666666666664,CS-,CS-,4.0,4.0,Global on,Global on,-1.0,-0.00819672131147541,-1.0,-0.041666666666666664,0.00819672131147541
14,17,2.0,1.0,Threat-like,Global off,2.0,43.0,0.046511627906976744,2.0,0.08695652173913043,CS+,ITI,2.0,1.0,Threat-like,Global off,2.0,52.0,0.038461538461538464,2.0,0.08333333333333333,CS-,ITI,2.0,1.0,Threat-like,Global off,0.0,0.00805008944543828,0.0,0.0036231884057971037,0.00805008944543828
14,25,2.0,1.0,Threat-like,Global off,2.0,43.0,0.046511627906976744,2.0,0.08695652173913043,CS+,CS+,2.0,1.0,Threat-like,Global off,2.0,52.0,0.038461538461538464,2.0,0.08333333333333333,ITI,ITI,2.0,1.0,Threat-like,Global off,0.0,0.00805008944543828,0.0,0.0036231884057971037,0.00805008944543828
1,32,1.0,4.0,Global off,Global on,6.0,146.0,0.0410958904109589,3.0,0.13043478260869565,ITI,ITI,1.0,4.0,Global off,Global on,4.0,121.0,0.03305785123966942,4.0,0.16666666666666666,ITI,CS+,1.0,4.0,Global off,Global on,2.0,0.00803803917128948,-1.0,-0.03623188405797101,0.00803803917128948
13,23,2.0,4.0,Threat-like,Global on,1.0,82.0,0.012195121951219513,1.0,0.043478260869565216,ITI,ITI,2.0,4.0,Threat-like,Global on,2.0,99.0,0.020202020202020204,2.0,0.08333333333333333,CS-,ITI,2.0,4.0,Threat-like,Global on,-1.0,-0.008006898250800691,-1.0,-0.03985507246376811,0.008006898250800691
20,31,3.0,4.0,Safety-like,Global on,5.0,84.0,0.05952380952380952,4.0,0.17391304347826086,ITI,CS+,3.0,4.0,Safety-like,Global on,5.0,97.0,0.05154639175257732,4.0,0.16666666666666666,ITI,ITI,3.0,4.0,Safety-like,Global on,0.0,0.007977417771232204,0.0,0.007246376811594207,0.007977417771232204
7,17,1.0,1.0,Global off,Global off,1.0,21.0,0.047619047619047616,1.0,0.043478260869565216,CS-,CS-,1.0,1.0,Global off,Global off,1.0,18.0,0.05555555555555555,1.0,0.041666666666666664,ITI,ITI,1.0,1.0,Global off,Global off,0.0,-0.007936507936507936,0.0,0.0018115942028985518,0.007936507936507936
7,15,1.0,2.0,Global off,Threat-like,1.0,21.0,0.047619047619047616,1.0,0.043478260869565216,CS+,ITI,1.0,2.0,Global off,Threat-like,1.0,18.0,0.05555555555555555,1.0,0.041666666666666664,CS+,CS+,1.0,2.0,Global off,Threat-like,0.0,-0.007936507936507936,0.0,0.0018115942028985518,0.007936507936507936
31,20,4.0,3.0,Global on,Safety-like,5.0,65.0,0.07692307692307693,5.0,0.21739130434782608,ITI,ITI,4.0,3.0,Global on,Safety-like,5.0,59.0,0.0847457627118644,4.0,0.16666666666666666,ITI,ITI,4.0,3.0,Global on,Safety-like,0.0,-0.007822685788787476,1.0,0.050724637681159424,0.007822685788787476
32,11,4.0,1.0,Global on,Global off,1.0,131.0,0.007633587786259542,1.0,0.043478260869565216,CS-,ITI,0.0,0.0,0,0,0.0,0.0,0.0,0.0,0.0,0,0,4.0,1.0,Global on,Global off,1.0,0.007633587786259542,1.0,0.043478260869565216,0.007633587786259542
21,14,1.0,2.0,Global off,Threat-like,1.0,27.0,0.037037037037037035,1.0,0.043478260869565216,CS+,CS+,1.0,2.0,Global off,Threat-like,1.0,34.0,0.029411764705882353,1.0,0.041666666666666664,CS+,CS+,1.0,2.0,Global off,Threat-like,0.0,0.0076252723311546824,0.0,0.0018115942028985518,0.0076252723311546824
21,12,1.0,3.0,Global off,Safety-like,1.0,27.0,0.037037037037037035,1.0,0.043478260869565216,ITI,CS+,1.0,3.0,Global off,Safety-like,1.0,34.0,0.029411764705882353,1.0,0.041666666666666664,ITI,CS-,1.0,3.0,Global off,Safety-like,0.0,0.0076252723311546824,0.0,0.0018115942028985518,0.0076252723311546824
21,13,1.0,2.0,Global off,Threat-like,1.0,27.0,0.037037037037037035,1.0,0.043478260869565216,ITI,CS-,1.0,2.0,Global off,Threat-like,1.0,34.0,0.029411764705882353,1.0,0.041666666666666664,CS-,ITI,1.0,2.0,Global off,Threat-like,0.0,0.0076252723311546824,0.0,0.0018115942028985518,0.0076252723311546824
21,25,1.0,1.0,Global off,Global off,1.0,27.0,0.037037037037037035,1.0,0.043478260869565216,ITI,CS+,1.0,1.0,Global off,Global off,1.0,34.0,0.029411764705882353,1.0,0.041666666666666664,ITI,ITI,1.0,1.0,Global off,Global off,0.0,0.0076252723311546824,0.0,0.0018115942028985518,0.0076252723311546824
21,29,1.0,2.0,Global off,Threat-like,1.0,27.0,0.037037037037037035,1.0,0.043478260869565216,ITI,ITI,1.0,2.0,Global off,Threat-like,1.0,34.0,0.029411764705882353,1.0,0.041666666666666664,ITI,ITI,1.0,2.0,Global off,Threat-like,0.0,0.0076252723311546824,0.0,0.0018115942028985518,0.0076252723311546824
4,13,3.0,2.0,Safety-like,Threat-like,3.0,61.0,0.04918032786885246,2.0,0.08695652173913043,ITI,ITI,3.0,2.0,Safety-like,Threat-like,3.0,72.0,0.041666666666666664,3.0,0.125,ITI,CS+,3.0,2.0,Safety-like,Threat-like,0.0,0.007513661202185794,-1.0,-0.03804347826086957,0.007513661202185794
20,13,3.0,2.0,Safety-like,Threat-like,2.0,84.0,0.023809523809523808,1.0,0.043478260869565216,CS+,CS+,3.0,2.0,Safety-like,Threat-like,3.0,97.0,0.030927835051546393,3.0,0.125,ITI,CS+,3.0,2.0,Safety-like,Threat-like,-1.0,-0.007118311242022585,-2.0,-0.08152173913043478,0.007118311242022585
20,25,3.0,1.0,Safety-like,Global off,2.0,84.0,0.023809523809523808,2.0,0.08695652173913043,CS-,CS+,3.0,1.0,Safety-like,Global off,3.0,97.0,0.030927835051546393,3.0,0.125,ITI,ITI,3.0,1.0,Safety-like,Global off,-1.0,-0.007118311242022585,-1.0,-0.03804347826086957,0.007118311242022585
1,3,1.0,1.0,Global off,Global off,5.0,146.0,0.03424657534246575,4.0,0.17391304347826086,CS-,ITI,1.0,1.0,Global off,Global off,5.0,121.0,0.04132231404958678,5.0,0.20833333333333334,ITI,ITI,1.0,1.0,Global off,Global off,0.0,-0.0070757387071210265,-1.0,-0.03442028985507248,0.0070757387071210265
1,28,1.0,4.0,Global off,Global on,5.0,146.0,0.03424657534246575,5.0,0.21739130434782608,ITI,CS+,1.0,4.0,Global off,Global on,5.0,121.0,0.04132231404958678,5.0,0.20833333333333334,ITI,CS+,1.0,4.0,Global off,Global on,0.0,-0.0070757387071210265,0.0,0.009057971014492738,0.0070757387071210265
32,5,4.0,1.0,Global on,Global off,2.0,131.0,0.015267175572519083,2.0,0.08695652173913043,CS+,CS+,4.0,1.0,Global on,Global off,1.0,122.0,0.00819672131147541,1.0,0.041666666666666664,CS+,CS-,4.0,1.0,Global on,Global off,1.0,0.007070454261043673,1.0,0.04528985507246377,0.007070454261043673
32,26,4.0,4.0,Global on,Global on,2.0,131.0,0.015267175572519083,2.0,0.08695652173913043,CS+,CS-,4.0,4.0,Global on,Global on,1.0,122.0,0.00819672131147541,1.0,0.041666666666666664,CS-,ITI,4.0,4.0,Global on,Global on,1.0,0.007070454261043673,1.0,0.04528985507246377,0.007070454261043673
1,27,1.0,4.0,Global off,Global on,1.0,146.0,0.00684931506849315,1.0,0.043478260869565216,ITI,ITI,0.0,0.0,0,0,0.0,0.0,0.0,0.0,0.0,0,0,1.0,4.0,Global off,Global on,1.0,0.00684931506849315,1.0,0.043478260869565216,0.00684931506849315
32,10,4.0,1.0,Global on,Global off,3.0,131.0,0.022900763358778626,3.0,0.13043478260869565,CS+,CS+,4.0,1.0,Global on,Global off,2.0,122.0,0.01639344262295082,2.0,0.08333333333333333,ITI,CS+,4.0,1.0,Global on,Global off,1.0,0.006507320735827805,1.0,0.04710144927536232,0.006507320735827805
32,25,4.0,1.0,Global on,Global off,3.0,131.0,0.022900763358778626,3.0,0.13043478260869565,ITI,ITI,4.0,1.0,Global on,Global off,2.0,122.0,0.01639344262295082,2.0,0.08333333333333333,CS+,CS-,4.0,1.0,Global on,Global off,1.0,0.006507320735827805,1.0,0.04710144927536232,0.006507320735827805
32,15,4.0,2.0,Global on,Threat-like,3.0,131.0,0.022900763358778626,3.0,0.13043478260869565,CS+,CS+,4.0,2.0,Global on,Threat-like,2.0,122.0,0.01639344262295082,2.0,0.08333333333333333,CS+,CS+,4.0,2.0,Global on,Threat-like,1.0,0.006507320735827805,1.0,0.04710144927536232,0.006507320735827805
32,18,4.0,3.0,Global on,Safety-like,3.0,131.0,0.022900763358778626,2.0,0.08695652173913043,CS+,ITI,4.0,3.0,Global on,Safety-like,2.0,122.0,0.01639344262295082,2.0,0.08333333333333333,ITI,ITI,4.0,3.0,Global on,Safety-like,1.0,0.006507320735827805,0.0,0.0036231884057971037,0.006507320735827805
32,6,4.0,1.0,Global on,Global off,3.0,131.0,0.022900763358778626,3.0,0.13043478260869565,ITI,ITI,4.0,1.0,Global on,Global off,2.0,122.0,0.01639344262295082,2.0,0.08333333333333333,ITI,ITI,4.0,1.0,Global on,Global off,1.0,0.006507320735827805,1.0,0.04710144927536232,0.006507320735827805
15,2,2.0,1.0,Threat-like,Global off,2.0,30.0,0.06666666666666667,2.0,0.08695652173913043,CS+,CS+,2.0,1.0,Threat-like,Global off,3.0,41.0,0.07317073170731707,3.0,0.125,ITI,ITI,2.0,1.0,Threat-like,Global off,-1.0,-0.006504065040650403,-1.0,-0.03804347826086957,0.006504065040650403
20,19,3.0,3.0,Safety-like,Safety-like,4.0,84.0,0.047619047619047616,4.0,0.17391304347826086,ITI,CS+,3.0,3.0,Safety-like,Safety-like,4.0,97.0,0.041237113402061855,4.0,0.16666666666666666,ITI,CS-,3.0,3.0,Safety-like,Safety-like,0.0,0.0063819342169857615,0.0,0.007246376811594207,0.0063819342169857615
20,29,3.0,2.0,Safety-like,Threat-like,4.0,84.0,0.047619047619047616,4.0,0.17391304347826086,ITI,ITI,3.0,2.0,Safety-like,Threat-like,4.0,97.0,0.041237113402061855,3.0,0.125,ITI,ITI,3.0,2.0,Safety-like,Threat-like,0.0,0.0063819342169857615,1.0,0.048913043478260865,0.0063819342169857615
4,19,3.0,3.0,Safety-like,Safety-like,3.0,61.0,0.04918032786885246,2.0,0.08695652173913043,ITI,ITI,3.0,3.0,Safety-like,Safety-like,4.0,72.0,0.05555555555555555,3.0,0.125,ITI,ITI,3.0,3.0,Safety-like,Safety-like,-1.0,-0.006375227686703094,-1.0,-0.03804347826086957,0.006375227686703094
8,3,3.0,1.0,Safety-like,Global off,1.0,34.0,0.029411764705882353,1.0,0.043478260869565216,CS-,CS-,3.0,1.0,Safety-like,Global off,1.0,28.0,0.03571428571428571,1.0,0.041666666666666664,CS+,ITI,3.0,1.0,Safety-like,Global off,0.0,-0.00630252100840336,0.0,0.0018115942028985518,0.00630252100840336
8,14,3.0,2.0,Safety-like,Threat-like,1.0,34.0,0.029411764705882353,1.0,0.043478260869565216,CS-,ITI,3.0,2.0,Safety-like,Threat-like,1.0,28.0,0.03571428571428571,1.0,0.041666666666666664,CS-,CS-,3.0,2.0,Safety-like,Threat-like,0.0,-0.00630252100840336,0.0,0.0018115942028985518,0.00630252100840336
8,28,3.0,4.0,Safety-like,Global on,1.0,34.0,0.029411764705882353,1.0,0.043478260869565216,ITI,ITI,3.0,4.0,Safety-like,Global on,1.0,28.0,0.03571428571428571,1.0,0.041666666666666664,ITI,ITI,3.0,4.0,Safety-like,Global on,0.0,-0.00630252100840336,0.0,0.0018115942028985518,0.00630252100840336
13,20,2.0,3.0,Threat-like,Safety-like,3.0,82.0,0.036585365853658534,3.0,0.13043478260869565,CS-,ITI,2.0,3.0,Threat-like,Safety-like,3.0,99.0,0.030303030303030304,2.0,0.08333333333333333,ITI,ITI,2.0,3.0,Threat-like,Safety-like,0.0,0.0062823355506282305,1.0,0.04710144927536232,0.0062823355506282305
13,24,2.0,4.0,Threat-like,Global on,3.0,82.0,0.036585365853658534,3.0,0.13043478260869565,CS-,ITI,2.0,4.0,Threat-like,Global on,3.0,99.0,0.030303030303030304,2.0,0.08333333333333333,CS+,ITI,2.0,4.0,Threat-like,Global on,0.0,0.0062823355506282305,1.0,0.04710144927536232,0.0062823355506282305
13,25,2.0,1.0,Threat-like,Global off,3.0,82.0,0.036585365853658534,3.0,0.13043478260869565,CS+,ITI,2.0,1.0,Threat-like,Global off,3.0,99.0,0.030303030303030304,3.0,0.125,CS+,ITI,2.0,1.0,Threat-like,Global off,0.0,0.0062823355506282305,0.0,0.0054347826086956486,0.0062823355506282305
32,9,4.0,1.0,Global on,Global off,4.0,131.0,0.030534351145038167,4.0,0.17391304347826086,ITI,CS+,4.0,1.0,Global on,Global off,3.0,122.0,0.02459016393442623,3.0,0.125,CS+,ITI,4.0,1.0,Global on,Global off,1.0,0.005944187210611938,1.0,0.048913043478260865,0.005944187210611938
32,2,4.0,1.0,Global on,Global off,4.0,131.0,0.030534351145038167,3.0,0.13043478260869565,ITI,ITI,4.0,1.0,Global on,Global off,3.0,122.0,0.02459016393442623,3.0,0.125,CS-,CS-,4.0,1.0,Global on,Global off,1.0,0.005944187210611938,0.0,0.0054347826086956486,0.005944187210611938
13,2,2.0,1.0,Threat-like,Global off,2.0,82.0,0.024390243902439025,2.0,0.08695652173913043,CS-,CS-,2.0,1.0,Threat-like,Global off,3.0,99.0,0.030303030303030304,2.0,0.08333333333333333,ITI,ITI,2.0,1.0,Threat-like,Global off,-1.0,-0.005912786400591279,0.0,0.0036231884057971037,0.005912786400591279
9,16,1.0,4.0,Global off,Global on,2.0,53.0,0.03773584905660377,2.0,0.08695652173913043,CS+,CS+,1.0,4.0,Global off,Global on,2.0,46.0,0.043478260869565216,2.0,0.08333333333333333,CS+,CS+,1.0,4.0,Global off,Global on,0.0,-0.005742411812961444,0.0,0.0036231884057971037,0.005742411812961444
28,17,4.0,1.0,Global on,Global off,6.0,60.0,0.1,5.0,0.21739130434782608,ITI,ITI,4.0,1.0,Global on,Global off,5.0,53.0,0.09433962264150944,5.0,0.20833333333333334,CS-,ITI,4.0,1.0,Global on,Global off,1.0,0.005660377358490565,0.0,0.009057971014492738,0.005660377358490565
20,24,3.0,4.0,Safety-like,Global on,3.0,84.0,0.03571428571428571,3.0,0.13043478260869565,ITI,ITI,3.0,4.0,Safety-like,Global on,4.0,97.0,0.041237113402061855,3.0,0.125,ITI,ITI,3.0,4.0,Safety-like,Global on,-1.0,-0.005522827687776143,0.0,0.0054347826086956486,0.005522827687776143
6,29,1.0,2.0,Global off,Threat-like,1.0,24.0,0.041666666666666664,1.0,0.043478260869565216,CS+,ITI,1.0,2.0,Global off,Threat-like,1.0,27.0,0.037037037037037035,1.0,0.041666666666666664,ITI,ITI,1.0,2.0,Global off,Threat-like,0.0,0.004629629629629629,0.0,0.0018115942028985518,0.004629629629629629
6,9,1.0,1.0,Global off,Global off,1.0,24.0,0.041666666666666664,1.0,0.043478260869565216,CS-,CS-,1.0,1.0,Global off,Global off,1.0,27.0,0.037037037037037035,1.0,0.041666666666666664,ITI,CS+,1.0,1.0,Global off,Global off,0.0,0.004629629629629629,0.0,0.0018115942028985518,0.004629629629629629
2,19,1.0,3.0,Global off,Safety-like,3.0,66.0,0.045454545454545456,3.0,0.13043478260869565,ITI,ITI,1.0,3.0,Global off,Safety-like,3.0,73.0,0.0410958904109589,2.0,0.08333333333333333,ITI,ITI,1.0,3.0,Global off,Safety-like,0.0,0.004358655043586554,1.0,0.04710144927536232,0.004358655043586554
2,13,1.0,2.0,Global off,Threat-like,3.0,66.0,0.045454545454545456,3.0,0.13043478260869565,CS-,CS-,1.0,2.0,Global off,Threat-like,3.0,73.0,0.0410958904109589,3.0,0.125,CS+,ITI,1.0,2.0,Global off,Threat-like,0.0,0.004358655043586554,0.0,0.0054347826086956486,0.004358655043586554
17,27,1.0,4.0,Global off,Global on,1.0,58.0,0.017241379310344827,1.0,0.043478260869565216,ITI,CS+,1.0,4.0,Global off,Global on,1.0,77.0,0.012987012987012988,1.0,0.041666666666666664,CS+,CS+,1.0,4.0,Global off,Global on,0.0,0.0042543663233318395,0.0,0.0018115942028985518,0.0042543663233318395
17,11,1.0,1.0,Global off,Global off,1.0,58.0,0.017241379310344827,1.0,0.043478260869565216,ITI,CS+,1.0,1.0,Global off,Global off,1.0,77.0,0.012987012987012988,1.0,0.041666666666666664,ITI,CS-,1.0,1.0,Global off,Global off,0.0,0.0042543663233318395,0.0,0.0018115942028985518,0.0042543663233318395
17,10,1.0,1.0,Global off,Global off,1.0,58.0,0.017241379310344827,1.0,0.043478260869565216,CS-,CS-,1.0,1.0,Global off,Global off,1.0,77.0,0.012987012987012988,1.0,0.041666666666666664,ITI,ITI,1.0,1.0,Global off,Global off,0.0,0.0042543663233318395,0.0,0.0018115942028985518,0.0042543663233318395
17,31,1.0,4.0,Global off,Global on,1.0,58.0,0.017241379310344827,1.0,0.043478260869565216,CS+,ITI,1.0,4.0,Global off,Global on,1.0,77.0,0.012987012987012988,1.0,0.041666666666666664,ITI,ITI,1.0,4.0,Global off,Global on,0.0,0.0042543663233318395,0.0,0.0018115942028985518,0.0042543663233318395
1,26,1.0,4.0,Global off,Global on,3.0,146.0,0.02054794520547945,3.0,0.13043478260869565,CS-,ITI,1.0,4.0,Global off,Global on,3.0,121.0,0.024793388429752067,3.0,0.125,ITI,ITI,1.0,4.0,Global off,Global on,0.0,-0.004245443224272616,0.0,0.0054347826086956486,0.004245443224272616
23,19,4.0,3.0,Global on,Safety-like,2.0,32.0,0.0625,1.0,0.043478260869565216,ITI,ITI,4.0,3.0,Global on,Safety-like,2.0,30.0,0.06666666666666667,2.0,0.08333333333333333,ITI,ITI,4.0,3.0,Global on,Safety-like,0.0,-0.004166666666666666,-1.0,-0.03985507246376811,0.004166666666666666
17,29,1.0,2.0,Global off,Threat-like,4.0,58.0,0.06896551724137931,4.0,0.17391304347826086,ITI,CS-,1.0,2.0,Global off,Threat-like,5.0,77.0,0.06493506493506493,4.0,0.16666666666666666,ITI,CS-,1.0,2.0,Global off,Threat-like,-1.0,0.0040304523063143805,0.0,0.007246376811594207,0.0040304523063143805
14,2,2.0,1.0,Threat-like,Global off,1.0,43.0,0.023255813953488372,1.0,0.043478260869565216,CS-,CS-,2.0,1.0,Threat-like,Global off,1.0,52.0,0.019230769230769232,1.0,0.041666666666666664,ITI,CS-,2.0,1.0,Threat-like,Global off,0.0,0.00402504472271914,0.0,0.0018115942028985518,0.00402504472271914
14,10,2.0,1.0,Threat-like,Global off,1.0,43.0,0.023255813953488372,1.0,0.043478260869565216,ITI,ITI,2.0,1.0,Threat-like,Global off,1.0,52.0,0.019230769230769232,1.0,0.041666666666666664,CS+,ITI,2.0,1.0,Threat-like,Global off,0.0,0.00402504472271914,0.0,0.0018115942028985518,0.00402504472271914
14,21,2.0,1.0,Threat-like,Global off,1.0,43.0,0.023255813953488372,1.0,0.043478260869565216,CS+,CS+,2.0,1.0,Threat-like,Global off,1.0,52.0,0.019230769230769232,1.0,0.041666666666666664,CS+,ITI,2.0,1.0,Threat-like,Global off,0.0,0.00402504472271914,0.0,0.0018115942028985518,0.00402504472271914
14,15,2.0,2.0,Threat-like,Threat-like,1.0,43.0,0.023255813953488372,1.0,0.043478260869565216,CS-,ITI,2.0,2.0,Threat-like,Threat-like,1.0,52.0,0.019230769230769232,1.0,0.041666666666666664,CS-,CS-,2.0,2.0,Threat-like,Threat-like,0.0,0.00402504472271914,0.0,0.0018115942028985518,0.00402504472271914
20,14,3.0,2.0,Safety-like,Threat-like,4.0,84.0,0.047619047619047616,3.0,0.13043478260869565,ITI,ITI,3.0,2.0,Safety-like,Threat-like,5.0,97.0,0.05154639175257732,4.0,0.16666666666666666,ITI,CS-,3.0,2.0,Safety-like,Threat-like,-1.0,-0.0039273441335297005,-1.0,-0.03623188405797101,0.0039273441335297005
30,20,4.0,3.0,Global on,Safety-like,2.0,38.0,0.05263157894736842,2.0,0.08695652173913043,ITI,ITI,4.0,3.0,Global on,Safety-like,2.0,41.0,0.04878048780487805,2.0,0.08333333333333333,CS+,CS-,4.0,3.0,Global on,Safety-like,0.0,0.0038510911424903677,0.0,0.0036231884057971037,0.0038510911424903677
30,32,4.0,4.0,Global on,Global on,2.0,38.0,0.05263157894736842,2.0,0.08695652173913043,CS-,CS-,4.0,4.0,Global on,Global on,2.0,41.0,0.04878048780487805,2.0,0.08333333333333333,CS+,CS+,4.0,4.0,Global on,Global on,0.0,0.0038510911424903677,0.0,0.0036231884057971037,0.0038510911424903677
30,19,4.0,3.0,Global on,Safety-like,2.0,38.0,0.05263157894736842,2.0,0.08695652173913043,ITI,ITI,4.0,3.0,Global on,Safety-like,2.0,41.0,0.04878048780487805,2.0,0.08333333333333333,CS+,CS-,4.0,3.0,Global on,Safety-like,0.0,0.0038510911424903677,0.0,0.0036231884057971037,0.0038510911424903677
13,9,2.0,1.0,Threat-like,Global off,3.0,82.0,0.036585365853658534,3.0,0.13043478260869565,ITI,ITI,2.0,1.0,Threat-like,Global off,4.0,99.0,0.04040404040404041,4.0,0.16666666666666666,ITI,ITI,2.0,1.0,Threat-like,Global off,-1.0,-0.003818674550381873,-1.0,-0.03623188405797101,0.003818674550381873
3,7,1.0,1.0,Global off,Global off,1.0,30.0,0.03333333333333333,1.0,0.043478260869565216,ITI,ITI,1.0,1.0,Global off,Global off,1.0,27.0,0.037037037037037035,1.0,0.041666666666666664,CS-,CS-,1.0,1.0,Global off,Global off,0.0,-0.003703703703703702,0.0,0.0018115942028985518,0.003703703703703702
3,9,1.0,1.0,Global off,Global off,1.0,30.0,0.03333333333333333,1.0,0.043478260869565216,ITI,ITI,1.0,1.0,Global off,Global off,1.0,27.0,0.037037037037037035,1.0,0.041666666666666664,ITI,CS+,1.0,1.0,Global off,Global off,0.0,-0.003703703703703702,0.0,0.0018115942028985518,0.003703703703703702
3,19,1.0,3.0,Global off,Safety-like,1.0,30.0,0.03333333333333333,1.0,0.043478260869565216,ITI,ITI,1.0,3.0,Global off,Safety-like,1.0,27.0,0.037037037037037035,1.0,0.041666666666666664,ITI,ITI,1.0,3.0,Global off,Safety-like,0.0,-0.003703703703703702,0.0,0.0018115942028985518,0.003703703703703702
3,14,1.0,2.0,Global off,Threat-like,1.0,30.0,0.03333333333333333,1.0,0.043478260869565216,CS-,ITI,1.0,2.0,Global off,Threat-like,1.0,27.0,0.037037037037037035,1.0,0.041666666666666664,CS+,CS+,1.0,2.0,Global off,Threat-like,0.0,-0.003703703703703702,0.0,0.0018115942028985518,0.003703703703703702
24,4,4.0,3.0,Global on,Safety-like,3.0,53.0,0.05660377358490566,3.0,0.13043478260869565,ITI,ITI,4.0,3.0,Global on,Safety-like,3.0,50.0,0.06,3.0,0.125,CS-,ITI,4.0,3.0,Global on,Safety-like,0.0,-0.003396226415094336,0.0,0.0054347826086956486,0.003396226415094336
29,16,2.0,4.0,Threat-like,Global on,4.0,68.0,0.058823529411764705,3.0,0.13043478260869565,ITI,CS+,2.0,4.0,Threat-like,Global on,4.0,72.0,0.05555555555555555,4.0,0.16666666666666666,ITI,CS+,2.0,4.0,Threat-like,Global on,0.0,0.0032679738562091526,-1.0,-0.03623188405797101,0.0032679738562091526
27,32,4.0,4.0,Global on,Global on,1.0,24.0,0.041666666666666664,1.0,0.043478260869565216,ITI,ITI,4.0,4.0,Global on,Global on,1.0,26.0,0.038461538461538464,1.0,0.041666666666666664,CS-,ITI,4.0,4.0,Global on,Global on,0.0,0.0032051282051282007,0.0,0.0018115942028985518,0.0032051282051282007
16,25,4.0,1.0,Global on,Global off,3.0,78.0,0.038461538461538464,2.0,0.08695652173913043,ITI,ITI,4.0,1.0,Global on,Global off,3.0,72.0,0.041666666666666664,3.0,0.125,ITI,ITI,4.0,1.0,Global on,Global off,0.0,-0.0032051282051282007,-1.0,-0.03804347826086957,0.0032051282051282007
27,26,4.0,4.0,Global on,Global on,1.0,24.0,0.041666666666666664,1.0,0.043478260869565216,CS+,ITI,4.0,4.0,Global on,Global on,1.0,26.0,0.038461538461538464,1.0,0.041666666666666664,ITI,ITI,4.0,4.0,Global on,Global on,0.0,0.0032051282051282007,0.0,0.0018115942028985518,0.0032051282051282007
27,14,4.0,2.0,Global on,Threat-like,1.0,24.0,0.041666666666666664,1.0,0.043478260869565216,CS+,ITI,4.0,2.0,Global on,Threat-like,1.0,26.0,0.038461538461538464,1.0,0.041666666666666664,CS+,ITI,4.0,2.0,Global on,Threat-like,0.0,0.0032051282051282007,0.0,0.0018115942028985518,0.0032051282051282007
16,9,4.0,1.0,Global on,Global off,3.0,78.0,0.038461538461538464,3.0,0.13043478260869565,ITI,ITI,4.0,1.0,Global on,Global off,3.0,72.0,0.041666666666666664,3.0,0.125,CS+,ITI,4.0,1.0,Global on,Global off,0.0,-0.0032051282051282007,0.0,0.0054347826086956486,0.0032051282051282007
20,9,3.0,1.0,Safety-like,Global off,2.0,84.0,0.023809523809523808,2.0,0.08695652173913043,CS-,CS+,3.0,1.0,Safety-like,Global off,2.0,97.0,0.020618556701030927,2.0,0.08333333333333333,CS-,ITI,3.0,1.0,Safety-like,Global off,0.0,0.0031909671084928808,0.0,0.0036231884057971037,0.0031909671084928808
1,16,1.0,4.0,Global off,Global on,8.0,146.0,0.0547945205479452,8.0,0.34782608695652173,CS+,ITI,1.0,4.0,Global off,Global on,7.0,121.0,0.05785123966942149,7.0,0.2916666666666667,ITI,CS-,1.0,4.0,Global off,Global on,1.0,-0.0030567191214762868,1.0,0.056159420289855044,0.0030567191214762868
25,19,1.0,3.0,Global off,Safety-like,2.0,36.0,0.05555555555555555,2.0,0.08695652173913043,ITI,CS-,1.0,3.0,Global off,Safety-like,2.0,38.0,0.05263157894736842,2.0,0.08333333333333333,CS-,ITI,1.0,3.0,Global off,Safety-like,0.0,0.0029239766081871343,0.0,0.0036231884057971037,0.0029239766081871343
25,13,1.0,2.0,Global off,Threat-like,2.0,36.0,0.05555555555555555,2.0,0.08695652173913043,CS-,CS+,1.0,2.0,Global off,Threat-like,2.0,38.0,0.05263157894736842,2.0,0.08333333333333333,ITI,CS+,1.0,2.0,Global off,Threat-like,0.0,0.0029239766081871343,0.0,0.0036231884057971037,0.0029239766081871343
25,32,1.0,4.0,Global off,Global on,2.0,36.0,0.05555555555555555,2.0,0.08695652173913043,ITI,ITI,1.0,4.0,Global off,Global on,2.0,38.0,0.05263157894736842,2.0,0.08333333333333333,CS-,CS-,1.0,4.0,Global off,Global on,0.0,0.0029239766081871343,0.0,0.0036231884057971037,0.0029239766081871343
2,29,1.0,2.0,Global off,Threat-like,2.0,66.0,0.030303030303030304,2.0,0.08695652173913043,ITI,CS-,1.0,2.0,Global off,Threat-like,2.0,73.0,0.0273972602739726,2.0,0.08333333333333333,CS+,CS-,1.0,2.0,Global off,Threat-like,0.0,0.0029057700290577027,0.0,0.0036231884057971037,0.0029057700290577027
9,27,1.0,4.0,Global off,Global on,1.0,53.0,0.018867924528301886,1.0,0.043478260869565216,ITI,CS+,1.0,4.0,Global off,Global on,1.0,46.0,0.021739130434782608,1.0,0.041666666666666664,CS-,ITI,1.0,4.0,Global off,Global on,0.0,-0.002871205906480722,0.0,0.0018115942028985518,0.002871205906480722
1,7,1.0,1.0,Global off,Global off,4.0,146.0,0.0273972602739726,4.0,0.17391304347826086,ITI,ITI,1.0,1.0,Global off,Global off,3.0,121.0,0.024793388429752067,2.0,0.08333333333333333,CS+,ITI,1.0,1.0,Global off,Global off,1.0,0.0026038718442205344,2.0,0.09057971014492754,0.0026038718442205344
1,21,1.0,1.0,Global off,Global off,4.0,146.0,0.0273972602739726,3.0,0.13043478260869565,CS-,ITI,1.0,1.0,Global off,Global off,3.0,121.0,0.024793388429752067,3.0,0.125,CS+,CS-,1.0,1.0,Global off,Global off,1.0,0.0026038718442205344,0.0,0.0054347826086956486,0.0026038718442205344
4,30,3.0,4.0,Safety-like,Global on,1.0,61.0,0.01639344262295082,1.0,0.043478260869565216,ITI,CS+,3.0,4.0,Safety-like,Global on,1.0,72.0,0.013888888888888888,1.0,0.041666666666666664,CS-,ITI,3.0,4.0,Safety-like,Global on,0.0,0.0025045537340619324,0.0,0.0018115942028985518,0.0025045537340619324
4,25,3.0,1.0,Safety-like,Global off,1.0,61.0,0.01639344262295082,1.0,0.043478260869565216,ITI,ITI,3.0,1.0,Safety-like,Global off,1.0,72.0,0.013888888888888888,1.0,0.041666666666666664,ITI,ITI,3.0,1.0,Safety-like,Global off,0.0,0.0025045537340619324,0.0,0.0018115942028985518,0.0025045537340619324
4,24,3.0,4.0,Safety-like,Global on,1.0,61.0,0.01639344262295082,1.0,0.043478260869565216,CS-,ITI,3.0,4.0,Safety-like,Global on,1.0,72.0,0.013888888888888888,1.0,0.041666666666666664,ITI,ITI,3.0,4.0,Safety-like,Global on,0.0,0.0025045537340619324,0.0,0.0018115942028985518,0.0025045537340619324
4,11,3.0,1.0,Safety-like,Global off,1.0,61.0,0.01639344262295082,1.0,0.043478260869565216,ITI,CS-,3.0,1.0,Safety-like,Global off,1.0,72.0,0.013888888888888888,1.0,0.041666666666666664,ITI,ITI,3.0,1.0,Safety-like,Global off,0.0,0.0025045537340619324,0.0,0.0018115942028985518,0.0025045537340619324
4,3,3.0,1.0,Safety-like,Global off,1.0,61.0,0.01639344262295082,1.0,0.043478260869565216,CS-,ITI,3.0,1.0,Safety-like,Global off,1.0,72.0,0.013888888888888888,1.0,0.041666666666666664,ITI,ITI,3.0,1.0,Safety-like,Global off,0.0,0.0025045537340619324,0.0,0.0018115942028985518,0.0025045537340619324
29,1,2.0,1.0,Threat-like,Global off,3.0,68.0,0.04411764705882353,3.0,0.13043478260869565,CS-,ITI,2.0,1.0,Threat-like,Global off,3.0,72.0,0.041666666666666664,3.0,0.125,ITI,ITI,2.0,1.0,Threat-like,Global off,0.0,0.002450980392156868,0.0,0.0054347826086956486,0.002450980392156868
28,2,4.0,1.0,Global on,Global off,1.0,60.0,0.016666666666666666,1.0,0.043478260869565216,CS+,ITI,4.0,1.0,Global on,Global off,1.0,53.0,0.018867924528301886,1.0,0.041666666666666664,ITI,ITI,4.0,1.0,Global on,Global off,0.0,-0.0022012578616352196,0.0,0.0018115942028985518,0.0022012578616352196
28,15,4.0,2.0,Global on,Threat-like,1.0,60.0,0.016666666666666666,1.0,0.043478260869565216,CS-,ITI,4.0,2.0,Global on,Threat-like,1.0,53.0,0.018867924528301886,1.0,0.041666666666666664,ITI,CS+,4.0,2.0,Global on,Threat-like,0.0,-0.0022012578616352196,0.0,0.0018115942028985518,0.0022012578616352196
28,9,4.0,1.0,Global on,Global off,1.0,60.0,0.016666666666666666,1.0,0.043478260869565216,ITI,ITI,4.0,1.0,Global on,Global off,1.0,53.0,0.018867924528301886,1.0,0.041666666666666664,CS+,CS+,4.0,1.0,Global on,Global off,0.0,-0.0022012578616352196,0.0,0.0018115942028985518,0.0022012578616352196
16,10,4.0,1.0,Global on,Global off,2.0,78.0,0.02564102564102564,2.0,0.08695652173913043,CS+,CS+,4.0,1.0,Global on,Global off,2.0,72.0,0.027777777777777776,2.0,0.08333333333333333,CS-,CS-,4.0,1.0,Global on,Global off,0.0,-0.002136752136752136,0.0,0.0036231884057971037,0.002136752136752136
16,3,4.0,1.0,Global on,Global off,2.0,78.0,0.02564102564102564,2.0,0.08695652173913043,CS+,CS+,4.0,1.0,Global on,Global off,2.0,72.0,0.027777777777777776,2.0,0.08333333333333333,ITI,CS+,4.0,1.0,Global on,Global off,0.0,-0.002136752136752136,0.0,0.0036231884057971037,0.002136752136752136
19,25,3.0,1.0,Safety-like,Global off,1.0,51.0,0.0196078431372549,1.0,0.043478260869565216,ITI,CS-,3.0,1.0,Safety-like,Global off,1.0,46.0,0.021739130434782608,1.0,0.041666666666666664,CS-,CS-,3.0,1.0,Safety-like,Global off,0.0,-0.0021312872975277064,0.0,0.0018115942028985518,0.0021312872975277064
19,5,3.0,1.0,Safety-like,Global off,1.0,51.0,0.0196078431372549,1.0,0.043478260869565216,CS-,CS-,3.0,1.0,Safety-like,Global off,1.0,46.0,0.021739130434782608,1.0,0.041666666666666664,ITI,CS+,3.0,1.0,Safety-like,Global off,0.0,-0.0021312872975277064,0.0,0.0018115942028985518,0.0021312872975277064
19,12,3.0,3.0,Safety-like,Safety-like,1.0,51.0,0.0196078431372549,1.0,0.043478260869565216,ITI,ITI,3.0,3.0,Safety-like,Safety-like,1.0,46.0,0.021739130434782608,1.0,0.041666666666666664,ITI,ITI,3.0,3.0,Safety-like,Safety-like,0.0,-0.0021312872975277064,0.0,0.0018115942028985518,0.0021312872975277064
13,27,2.0,4.0,Threat-like,Global on,1.0,82.0,0.012195121951219513,1.0,0.043478260869565216,CS-,ITI,2.0,4.0,Threat-like,Global on,1.0,99.0,0.010101010101010102,1.0,0.041666666666666664,ITI,ITI,2.0,4.0,Threat-like,Global on,0.0,0.0020941118502094107,0.0,0.0018115942028985518,0.0020941118502094107
23,27,4.0,4.0,Global on,Global on,1.0,32.0,0.03125,1.0,0.043478260869565216,CS+,ITI,4.0,4.0,Global on,Global on,1.0,30.0,0.03333333333333333,1.0,0.041666666666666664,CS-,CS-,4.0,4.0,Global on,Global on,0.0,-0.002083333333333333,0.0,0.0018115942028985518,0.002083333333333333
23,1,4.0,1.0,Global on,Global off,1.0,32.0,0.03125,1.0,0.043478260869565216,ITI,ITI,4.0,1.0,Global on,Global off,1.0,30.0,0.03333333333333333,1.0,0.041666666666666664,CS+,CS+,4.0,1.0,Global on,Global off,0.0,-0.002083333333333333,0.0,0.0018115942028985518,0.002083333333333333
23,2,4.0,1.0,Global on,Global off,1.0,32.0,0.03125,1.0,0.043478260869565216,CS-,CS-,4.0,1.0,Global on,Global off,1.0,30.0,0.03333333333333333,1.0,0.041666666666666664,CS+,CS+,4.0,1.0,Global on,Global off,0.0,-0.002083333333333333,0.0,0.0018115942028985518,0.002083333333333333
23,5,4.0,1.0,Global on,Global off,1.0,32.0,0.03125,1.0,0.043478260869565216,CS-,CS-,4.0,1.0,Global on,Global off,1.0,30.0,0.03333333333333333,1.0,0.041666666666666664,CS-,CS-,4.0,1.0,Global on,Global off,0.0,-0.002083333333333333,0.0,0.0018115942028985518,0.002083333333333333
23,18,4.0,3.0,Global on,Safety-like,1.0,32.0,0.03125,1.0,0.043478260869565216,ITI,CS-,4.0,3.0,Global on,Safety-like,1.0,30.0,0.03333333333333333,1.0,0.041666666666666664,ITI,ITI,4.0,3.0,Global on,Safety-like,0.0,-0.002083333333333333,0.0,0.0018115942028985518,0.002083333333333333
23,29,4.0,2.0,Global on,Threat-like,1.0,32.0,0.03125,1.0,0.043478260869565216,ITI,ITI,4.0,2.0,Global on,Threat-like,1.0,30.0,0.03333333333333333,1.0,0.041666666666666664,ITI,ITI,4.0,2.0,Global on,Threat-like,0.0,-0.002083333333333333,0.0,0.0018115942028985518,0.002083333333333333
30,25,4.0,1.0,Global on,Global off,1.0,38.0,0.02631578947368421,1.0,0.043478260869565216,CS-,ITI,4.0,1.0,Global on,Global off,1.0,41.0,0.024390243902439025,1.0,0.041666666666666664,ITI,ITI,4.0,1.0,Global on,Global off,0.0,0.0019255455712451838,0.0,0.0018115942028985518,0.0019255455712451838
30,27,4.0,4.0,Global on,Global on,1.0,38.0,0.02631578947368421,1.0,0.043478260869565216,ITI,ITI,4.0,4.0,Global on,Global on,1.0,41.0,0.024390243902439025,1.0,0.041666666666666664,ITI,ITI,4.0,4.0,Global on,Global on,0.0,0.0019255455712451838,0.0,0.0018115942028985518,0.0019255455712451838
30,24,4.0,4.0,Global on,Global on,1.0,38.0,0.02631578947368421,1.0,0.043478260869565216,ITI,ITI,4.0,4.0,Global on,Global on,1.0,41.0,0.024390243902439025,1.0,0.041666666666666664,ITI,ITI,4.0,4.0,Global on,Global on,0.0,0.0019255455712451838,0.0,0.0018115942028985518,0.0019255455712451838
5,16,1.0,4.0,Global off,Global on,6.0,59.0,0.1016949152542373,6.0,0.2608695652173913,ITI,CS+,1.0,4.0,Global off,Global on,6.0,58.0,0.10344827586206896,5.0,0.20833333333333334,ITI,ITI,1.0,4.0,Global off,Global on,0.0,-0.0017533606078316694,1.0,0.052536231884057955,0.0017533606078316694
5,13,1.0,2.0,Global off,Threat-like,6.0,59.0,0.1016949152542373,6.0,0.2608695652173913,ITI,CS+,1.0,2.0,Global off,Threat-like,6.0,58.0,0.10344827586206896,6.0,0.25,ITI,ITI,1.0,2.0,Global off,Threat-like,0.0,-0.0017533606078316694,0.0,0.010869565217391297,0.0017533606078316694
29,24,2.0,4.0,Threat-like,Global on,2.0,68.0,0.029411764705882353,2.0,0.08695652173913043,CS-,CS-,2.0,4.0,Threat-like,Global on,2.0,72.0,0.027777777777777776,2.0,0.08333333333333333,ITI,CS-,2.0,4.0,Threat-like,Global on,0.0,0.0016339869281045763,0.0,0.0036231884057971037,0.0016339869281045763
29,4,2.0,3.0,Threat-like,Safety-like,2.0,68.0,0.029411764705882353,2.0,0.08695652173913043,CS+,CS+,2.0,3.0,Threat-like,Safety-like,2.0,72.0,0.027777777777777776,2.0,0.08333333333333333,CS+,CS+,2.0,3.0,Threat-like,Safety-like,0.0,0.0016339869281045763,0.0,0.0036231884057971037,0.0016339869281045763
31,11,4.0,1.0,Global on,Global off,1.0,65.0,0.015384615384615385,1.0,0.043478260869565216,CS+,ITI,4.0,1.0,Global on,Global off,1.0,59.0,0.01694915254237288,1.0,0.041666666666666664,ITI,ITI,4.0,1.0,Global on,Global off,0.0,-0.0015645371577574958,0.0,0.0018115942028985518,0.0015645371577574958
31,1,4.0,1.0,Global on,Global off,1.0,65.0,0.015384615384615385,1.0,0.043478260869565216,CS-,CS-,4.0,1.0,Global on,Global off,1.0,59.0,0.01694915254237288,1.0,0.041666666666666664,CS-,ITI,4.0,1.0,Global on,Global off,0.0,-0.0015645371577574958,0.0,0.0018115942028985518,0.0015645371577574958
31,14,4.0,2.0,Global on,Threat-like,1.0,65.0,0.015384615384615385,1.0,0.043478260869565216,CS+,ITI,4.0,2.0,Global on,Threat-like,1.0,59.0,0.01694915254237288,1.0,0.041666666666666664,CS-,CS-,4.0,2.0,Global on,Threat-like,0.0,-0.0015645371577574958,0.0,0.0018115942028985518,0.0015645371577574958
25,27,1.0,4.0,Global off,Global on,1.0,36.0,0.027777777777777776,1.0,0.043478260869565216,CS-,ITI,1.0,4.0,Global off,Global on,1.0,38.0,0.02631578947368421,1.0,0.041666666666666664,CS+,ITI,1.0,4.0,Global off,Global on,0.0,0.0014619883040935672,0.0,0.0018115942028985518,0.0014619883040935672
25,4,1.0,3.0,Global off,Safety-like,1.0,36.0,0.027777777777777776,1.0,0.043478260869565216,ITI,CS+,1.0,3.0,Global off,Safety-like,1.0,38.0,0.02631578947368421,1.0,0.041666666666666664,CS+,CS+,1.0,3.0,Global off,Safety-like,0.0,0.0014619883040935672,0.0,0.0018115942028985518,0.0014619883040935672
25,6,1.0,1.0,Global off,Global off,1.0,36.0,0.027777777777777776,1.0,0.043478260869565216,ITI,CS+,1.0,1.0,Global off,Global off,1.0,38.0,0.02631578947368421,1.0,0.041666666666666664,ITI,ITI,1.0,1.0,Global off,Global off,0.0,0.0014619883040935672,0.0,0.0018115942028985518,0.0014619883040935672
25,16,1.0,4.0,Global off,Global on,1.0,36.0,0.027777777777777776,1.0,0.043478260869565216,ITI,ITI,1.0,4.0,Global off,Global on,1.0,38.0,0.02631578947368421,1.0,0.041666666666666664,ITI,CS+,1.0,4.0,Global off,Global on,0.0,0.0014619883040935672,0.0,0.0018115942028985518,0.0014619883040935672
25,30,1.0,4.0,Global off,Global on,1.0,36.0,0.027777777777777776,1.0,0.043478260869565216,CS+,ITI,1.0,4.0,Global off,Global on,1.0,38.0,0.02631578947368421,1.0,0.041666666666666664,ITI,CS-,1.0,4.0,Global off,Global on,0.0,0.0014619883040935672,0.0,0.0018115942028985518,0.0014619883040935672
25,18,1.0,3.0,Global off,Safety-like,1.0,36.0,0.027777777777777776,1.0,0.043478260869565216,CS+,ITI,1.0,3.0,Global off,Safety-like,1.0,38.0,0.02631578947368421,1.0,0.041666666666666664,CS-,ITI,1.0,3.0,Global off,Safety-like,0.0,0.0014619883040935672,0.0,0.0018115942028985518,0.0014619883040935672
2,7,1.0,1.0,Global off,Global off,1.0,66.0,0.015151515151515152,1.0,0.043478260869565216,ITI,ITI,1.0,1.0,Global off,Global off,1.0,73.0,0.0136986301369863,1.0,0.041666666666666664,ITI,CS+,1.0,1.0,Global off,Global off,0.0,0.0014528850145288513,0.0,0.0018115942028985518,0.0014528850145288513
2,22,1.0,4.0,Global off,Global on,1.0,66.0,0.015151515151515152,1.0,0.043478260869565216,ITI,CS+,1.0,4.0,Global off,Global on,1.0,73.0,0.0136986301369863,1.0,0.041666666666666664,CS-,CS-,1.0,4.0,Global off,Global on,0.0,0.0014528850145288513,0.0,0.0018115942028985518,0.0014528850145288513
2,9,1.0,1.0,Global off,Global off,1.0,66.0,0.015151515151515152,1.0,0.043478260869565216,CS+,ITI,1.0,1.0,Global off,Global off,1.0,73.0,0.0136986301369863,1.0,0.041666666666666664,CS+,CS+,1.0,1.0,Global off,Global off,0.0,0.0014528850145288513,0.0,0.0018115942028985518,0.0014528850145288513
1,18,1.0,3.0,Global off,Safety-like,1.0,146.0,0.00684931506849315,1.0,0.043478260869565216,CS-,ITI,1.0,3.0,Global off,Safety-like,1.0,121.0,0.008264462809917356,1.0,0.041666666666666664,CS+,CS+,1.0,3.0,Global off,Safety-like,0.0,-0.0014151477414242053,0.0,0.0018115942028985518,0.0014151477414242053
4,32,3.0,4.0,Safety-like,Global on,6.0,61.0,0.09836065573770492,5.0,0.21739130434782608,ITI,CS+,3.0,4.0,Safety-like,Global on,7.0,72.0,0.09722222222222222,6.0,0.25,ITI,ITI,3.0,4.0,Safety-like,Global on,-1.0,0.0011384335154826924,-1.0,-0.03260869565217392,0.0011384335154826924
24,25,4.0,1.0,Global on,Global off,1.0,53.0,0.018867924528301886,1.0,0.043478260869565216,ITI,ITI,4.0,1.0,Global on,Global off,1.0,50.0,0.02,1.0,0.041666666666666664,CS+,ITI,4.0,1.0,Global on,Global off,0.0,-0.0011320754716981143,0.0,0.0018115942028985518,0.0011320754716981143
24,31,4.0,4.0,Global on,Global on,1.0,53.0,0.018867924528301886,1.0,0.043478260869565216,ITI,ITI,4.0,4.0,Global on,Global on,1.0,50.0,0.02,1.0,0.041666666666666664,ITI,CS+,4.0,4.0,Global on,Global on,0.0,-0.0011320754716981143,0.0,0.0018115942028985518,0.0011320754716981143
24,9,4.0,1.0,Global on,Global off,1.0,53.0,0.018867924528301886,1.0,0.043478260869565216,ITI,ITI,4.0,1.0,Global on,Global off,1.0,50.0,0.02,1.0,0.041666666666666664,CS+,CS+,4.0,1.0,Global on,Global off,0.0,-0.0011320754716981143,0.0,0.0018115942028985518,0.0011320754716981143
32,23,4.0,4.0,Global on,Global on,2.0,131.0,0.015267175572519083,2.0,0.08695652173913043,CS+,CS+,4.0,4.0,Global on,Global on,2.0,122.0,0.01639344262295082,2.0,0.08333333333333333,CS+,CS+,4.0,4.0,Global on,Global on,0.0,-0.0011262670504317372,0.0,0.0036231884057971037,0.0011262670504317372
16,8,4.0,3.0,Global on,Safety-like,1.0,78.0,0.01282051282051282,1.0,0.043478260869565216,ITI,ITI,4.0,3.0,Global on,Safety-like,1.0,72.0,0.013888888888888888,1.0,0.041666666666666664,CS-,CS-,4.0,3.0,Global on,Safety-like,0.0,-0.001068376068376068,0.0,0.0018115942028985518,0.001068376068376068
18,17,3.0,1.0,Safety-like,Global off,4.0,37.0,0.10810810810810811,4.0,0.17391304347826086,ITI,ITI,3.0,1.0,Safety-like,Global off,3.0,28.0,0.10714285714285714,3.0,0.125,ITI,ITI,3.0,1.0,Safety-like,Global off,1.0,0.0009652509652509772,1.0,0.048913043478260865,0.0009652509652509772
5,32,1.0,4.0,Global off,Global on,3.0,59.0,0.05084745762711865,3.0,0.13043478260869565,CS+,ITI,1.0,4.0,Global off,Global on,3.0,58.0,0.05172413793103448,3.0,0.125,CS-,ITI,1.0,4.0,Global off,Global on,0.0,-0.0008766803039158347,0.0,0.0054347826086956486,0.0008766803039158347
20,4,3.0,3.0,Safety-like,Safety-like,7.0,84.0,0.08333333333333333,5.0,0.21739130434782608,ITI,ITI,3.0,3.0,Safety-like,Safety-like,8.0,97.0,0.08247422680412371,8.0,0.3333333333333333,CS-,ITI,3.0,3.0,Safety-like,Safety-like,-1.0,0.0008591065292096189,-3.0,-0.11594202898550723,0.0008591065292096189
32,3,4.0,1.0,Global on,Global off,1.0,131.0,0.007633587786259542,1.0,0.043478260869565216,ITI,ITI,4.0,1.0,Global on,Global off,1.0,122.0,0.00819672131147541,1.0,0.041666666666666664,ITI,ITI,4.0,1.0,Global on,Global off,0.0,-0.0005631335252158686,0.0,0.0018115942028985518,0.0005631335252158686
32,7,4.0,1.0,Global on,Global off,1.0,131.0,0.007633587786259542,1.0,0.043478260869565216,ITI,ITI,4.0,1.0,Global on,Global off,1.0,122.0,0.00819672131147541,1.0,0.041666666666666664,ITI,ITI,4.0,1.0,Global on,Global off,0.0,-0.0005631335252158686,0.0,0.0018115942028985518,0.0005631335252158686
5,31,1.0,4.0,Global off,Global on,1.0,59.0,0.01694915254237288,1.0,0.043478260869565216,CS-,ITI,1.0,4.0,Global off,Global on,1.0,58.0,0.017241379310344827,1.0,0.041666666666666664,ITI,ITI,1.0,4.0,Global off,Global on,0.0,-0.00029222676797194605,0.0,0.0018115942028985518,0.00029222676797194605
5,23,1.0,4.0,Global off,Global on,1.0,59.0,0.01694915254237288,1.0,0.043478260869565216,ITI,ITI,1.0,4.0,Global off,Global on,1.0,58.0,0.017241379310344827,1.0,0.041666666666666664,CS+,CS+,1.0,4.0,Global off,Global on,0.0,-0.00029222676797194605,0.0,0.0018115942028985518,0.00029222676797194605
10,6,1.0,1.0,Global off,Global off,1.0,35.0,0.02857142857142857,1.0,0.043478260869565216,ITI,ITI,1.0,1.0,Global off,Global off,1.0,35.0,0.02857142857142857,1.0,0.041666666666666664,ITI,ITI,1.0,1.0,Global off,Global off,0.0,0.0,0.0,0.0018115942028985518,0.0
10,5,1.0,1.0,Global off,Global off,1.0,35.0,0.02857142857142857,1.0,0.043478260869565216,CS+,CS-,1.0,1.0,Global off,Global off,1.0,35.0,0.02857142857142857,1.0,0.041666666666666664,CS+,ITI,1.0,1.0,Global off,Global off,0.0,0.0,0.0,0.0018115942028985518,0.0
10,3,1.0,1.0,Global off,Global off,1.0,35.0,0.02857142857142857,1.0,0.043478260869565216,ITI,ITI,1.0,1.0,Global off,Global off,1.0,35.0,0.02857142857142857,1.0,0.041666666666666664,ITI,ITI,1.0,1.0,Global off,Global off,0.0,0.0,0.0,0.0018115942028985518,0.0
10,1,1.0,1.0,Global off,Global off,5.0,35.0,0.14285714285714285,4.0,0.17391304347826086,ITI,ITI,1.0,1.0,Global off,Global off,5.0,35.0,0.14285714285714285,5.0,0.20833333333333334,ITI,ITI,1.0,1.0,Global off,Global off,0.0,0.0,-1.0,-0.03442028985507248,0.0
