subset,clinical_variable,feature,n,spearman_rho,p_value,correction_method,p_corrected,reject_corrected,file_name,path,rank_in_file,sort_col,sort_value,formula,term,beta,t,r_squared,adj_r_squared,analysis,test,n_group1,n_group2,group1,group2,mean_group1,mean_group2,median_group1,median_group2,delta_mean_group1_minus_group2,statistic,cohen_d_group1_minus_group2,cliffs_delta_group1_minus_group2,result_type,task_scope,task,clinical_scope,p_bonferroni,reject_bonferroni,p_holm,reject_holm,n_tests_in_scope,family,hypothesis,manuscript_note,matched_pattern,feature_task_scope,source
all,BAI_pre,traveling_score_TR_AA_over_TR_PP,45.0,0.5541476450784698,7.836299381394723e-05,holm,0.0061906765113018,True,clinical_spearman_confirmatory.csv,/mnt/d/Thesis Masters/thesis-runs/ELA_run_5ROI/_merged_fit_runs_ela_5ROI/merge_renewal_ela_5ROI/ELA_features/confirmatory_analysis/clinical_spearman_confirmatory.csv,1,p_value,7.836299381394723e-05,,,,,,,,,,,,,,,,,,,,,,,,,,,,,,,,,,,
all,BAI_pre,event_trial_type_hrf2__CSminus_freq_B4,48.0,0.4713484395693212,0.0007207226755686,holm,0.0562163686943564,False,clinical_spearman_confirmatory.csv,/mnt/d/Thesis Masters/thesis-runs/ELA_run_5ROI/_merged_fit_runs_ela_5ROI/merge_renewal_ela_5ROI/ELA_features/confirmatory_analysis/clinical_spearman_confirmatory.csv,2,p_value,0.0007207226755686,,,,,,,,,,,,,,,,,,,,,,,,,,,,,,,,,,,
all,BAI_pre,event_trial_type_onset__CSminus_freq_B4,48.0,0.4474389279946329,0.0014296201619999,holm,0.1100807524739981,False,clinical_spearman_confirmatory.csv,/mnt/d/Thesis Masters/thesis-runs/ELA_run_5ROI/_merged_fit_runs_ela_5ROI/merge_renewal_ela_5ROI/ELA_features/confirmatory_analysis/clinical_spearman_confirmatory.csv,3,p_value,0.0014296201619999,,,,,,,,,,,,,,,,,,,,,,,,,,,,,,,,,,,
PTSD,BAI_pre,dyn_Frequency_of_B4,24.0,0.6023528304842956,0.0018412095897985,holm,0.1454555575940817,False,clinical_spearman_confirmatory.csv,/mnt/d/Thesis Masters/thesis-runs/ELA_run_5ROI/_merged_fit_runs_ela_5ROI/merge_renewal_ela_5ROI/ELA_features/confirmatory_analysis/clinical_spearman_confirmatory.csv,4,p_value,0.0018412095897985,,,,,,,,,,,,,,,,,,,,,,,,,,,,,,,,,,,
PTSD,BAI_pre,obs_freq_B4,24.0,0.6023528304842956,0.0018412095897985,holm,0.1454555575940817,False,clinical_spearman_confirmatory.csv,/mnt/d/Thesis Masters/thesis-runs/ELA_run_5ROI/_merged_fit_runs_ela_5ROI/merge_renewal_ela_5ROI/ELA_features/confirmatory_analysis/clinical_spearman_confirmatory.csv,5,p_value,0.0018412095897985,,,,,,,,,,,,,,,,,,,,,,,,,,,,,,,,,,,
PTSD,BAI_pre,event_trial_type_hrf2__ITI_freq_B1,24.0,0.5968205586912365,0.0020791354672695,holm,0.1600934309797582,False,clinical_spearman_confirmatory.csv,/mnt/d/Thesis Masters/thesis-runs/ELA_run_5ROI/_merged_fit_runs_ela_5ROI/merge_renewal_ela_5ROI/ELA_features/confirmatory_analysis/clinical_spearman_confirmatory.csv,6,p_value,0.0020791354672695,,,,,,,,,,,,,,,,,,,,,,,,,,,,,,,,,,,
all,BAI_pre,peripheral_transition_rate_TR_P_to_Pprime,48.0,-0.4255034160177794,0.0025698246438365,holm,0.1953066729315808,False,clinical_spearman_confirmatory.csv,/mnt/d/Thesis Masters/thesis-runs/ELA_run_5ROI/_merged_fit_runs_ela_5ROI/merge_renewal_ela_5ROI/ELA_features/confirmatory_analysis/clinical_spearman_confirmatory.csv,7,p_value,0.0025698246438365,,,,,,,,,,,,,,,,,,,,,,,,,,,,,,,,,,,
all,BAI_pre,dyn_Frequency_of_B2,48.0,-0.4232164928668622,0.0027258548902813,holm,0.2044391167710998,False,clinical_spearman_confirmatory.csv,/mnt/d/Thesis Masters/thesis-runs/ELA_run_5ROI/_merged_fit_runs_ela_5ROI/merge_renewal_ela_5ROI/ELA_features/confirmatory_analysis/clinical_spearman_confirmatory.csv,8,p_value,0.0027258548902813,,,,,,,,,,,,,,,,,,,,,,,,,,,,,,,,,,,
all,BAI_pre,obs_freq_B2,48.0,-0.4232164928668622,0.0027258548902813,holm,0.2044391167710998,False,clinical_spearman_confirmatory.csv,/mnt/d/Thesis Masters/thesis-runs/ELA_run_5ROI/_merged_fit_runs_ela_5ROI/merge_renewal_ela_5ROI/ELA_features/confirmatory_analysis/clinical_spearman_confirmatory.csv,9,p_value,0.0027258548902813,,,,,,,,,,,,,,,,,,,,,,,,,,,,,,,,,,,
PTSD,BAI_pre,traveling_score_TR_AA_over_TR_PP,21.0,0.6194662771153647,0.002746688000354,holm,0.2087482880269044,False,clinical_spearman_confirmatory.csv,/mnt/d/Thesis Masters/thesis-runs/ELA_run_5ROI/_merged_fit_runs_ela_5ROI/merge_renewal_ela_5ROI/ELA_features/confirmatory_analysis/clinical_spearman_confirmatory.csv,10,p_value,0.002746688000354,,,,,,,,,,,,,,,,,,,,,,,,,,,,,,,,,,,
PTSD,BAI_pre,event_trial_type_hrf2__CSminus_freq_B4,24.0,0.574946024987202,0.0032933867079979,holm,0.2470040030998429,False,clinical_spearman_confirmatory.csv,/mnt/d/Thesis Masters/thesis-runs/ELA_run_5ROI/_merged_fit_runs_ela_5ROI/merge_renewal_ela_5ROI/ELA_features/confirmatory_analysis/clinical_spearman_confirmatory.csv,11,p_value,0.0032933867079979,,,,,,,,,,,,,,,,,,,,,,,,,,,,,,,,,,,
all,BAI_pre,event_trial_type_hrf6__CSplus_freq_B1,47.0,0.4091436844905982,0.0042958678258751,holm,0.3135983512888852,False,clinical_spearman_confirmatory.csv,/mnt/d/Thesis Masters/thesis-runs/ELA_run_5ROI/_merged_fit_runs_ela_5ROI/merge_renewal_ela_5ROI/ELA_features/confirmatory_analysis/clinical_spearman_confirmatory.csv,12,p_value,0.0042958678258751,,,,,,,,,,,,,,,,,,,,,,,,,,,,,,,,,,,
HC,BAI_pre,dyn_Direct_transitions_from_B3_to_B4,24.0,0.5438315790173375,0.0060156822864541,holm,0.4752389006298771,False,clinical_spearman_confirmatory.csv,/mnt/d/Thesis Masters/thesis-runs/ELA_run_5ROI/_merged_fit_runs_ela_5ROI/merge_renewal_ela_5ROI/ELA_features/confirmatory_analysis/clinical_spearman_confirmatory.csv,13,p_value,0.0060156822864541,,,,,,,,,,,,,,,,,,,,,,,,,,,,,,,,,,,
PTSD,BAI_pre,event_trial_type_hrf6__CSplus_freq_B1,23.0,0.5466699845689349,0.0069512345026245,holm,0.5143913531942179,False,clinical_spearman_confirmatory.csv,/mnt/d/Thesis Masters/thesis-runs/ELA_run_5ROI/_merged_fit_runs_ela_5ROI/merge_renewal_ela_5ROI/ELA_features/confirmatory_analysis/clinical_spearman_confirmatory.csv,14,p_value,0.0069512345026245,,,,,,,,,,,,,,,,,,,,,,,,,,,,,,,,,,,
all,IUS,event_trial_type_onset__CSminus_freq_B3,47.0,-0.3818120353166109,0.0080910561373749,holm,0.6391934348526195,False,clinical_spearman_confirmatory.csv,/mnt/d/Thesis Masters/thesis-runs/ELA_run_5ROI/_merged_fit_runs_ela_5ROI/merge_renewal_ela_5ROI/ELA_features/confirmatory_analysis/clinical_spearman_confirmatory.csv,15,p_value,0.0080910561373749,,,,,,,,,,,,,,,,,,,,,,,,,,,,,,,,,,,
all,BAI_pre,event_trial_type_hrf2__ITI_freq_B2,48.0,-0.3738789304599437,0.0088519821616656,holm,0.6373427156399286,False,clinical_spearman_confirmatory.csv,/mnt/d/Thesis Masters/thesis-runs/ELA_run_5ROI/_merged_fit_runs_ela_5ROI/merge_renewal_ela_5ROI/ELA_features/confirmatory_analysis/clinical_spearman_confirmatory.csv,16,p_value,0.0088519821616656,,,,,,,,,,,,,,,,,,,,,,,,,,,,,,,,,,,
PTSD,BAI_pre,dyn_Frequency_of_B2,24.0,-0.5138320065520537,0.010217034285097,holm,0.7458435028120868,False,clinical_spearman_confirmatory.csv,/mnt/d/Thesis Masters/thesis-runs/ELA_run_5ROI/_merged_fit_runs_ela_5ROI/merge_renewal_ela_5ROI/ELA_features/confirmatory_analysis/clinical_spearman_confirmatory.csv,17,p_value,0.010217034285097,,,,,,,,,,,,,,,,,,,,,,,,,,,,,,,,,,,
PTSD,BAI_pre,obs_freq_B2,24.0,-0.5138320065520537,0.010217034285097,holm,0.7458435028120868,False,clinical_spearman_confirmatory.csv,/mnt/d/Thesis Masters/thesis-runs/ELA_run_5ROI/_merged_fit_runs_ela_5ROI/merge_renewal_ela_5ROI/ELA_features/confirmatory_analysis/clinical_spearman_confirmatory.csv,18,p_value,0.010217034285097,,,,,,,,,,,,,,,,,,,,,,,,,,,,,,,,,,,
PTSD,SAI_pre,event_trial_type_hrf4__CSplus_freq_B4,23.0,0.524175954536858,0.0102441720751768,holm,0.80928959393897,False,clinical_spearman_confirmatory.csv,/mnt/d/Thesis Masters/thesis-runs/ELA_run_5ROI/_merged_fit_runs_ela_5ROI/merge_renewal_ela_5ROI/ELA_features/confirmatory_analysis/clinical_spearman_confirmatory.csv,19,p_value,0.0102441720751768,,,,,,,,,,,,,,,,,,,,,,,,,,,,,,,,,,,
HC,SAI_pre,event_trial_type_onset__CSminus_freq_B1,24.0,-0.5118610212057937,0.0105617955858062,holm,0.834381851278693,False,clinical_spearman_confirmatory.csv,/mnt/d/Thesis Masters/thesis-runs/ELA_run_5ROI/_merged_fit_runs_ela_5ROI/merge_renewal_ela_5ROI/ELA_features/confirmatory_analysis/clinical_spearman_confirmatory.csv,20,p_value,0.0105617955858062,,,,,,,,,,,,,,,,,,,,,,,,,,,,,,,,,,,
,,dyn_Transitions_from_B2_to_B1,48.0,,0.0017406488994849,holm,0.137511263059313,False,covariate_models_confirmatory.csv,/mnt/d/Thesis Masters/thesis-runs/ELA_run_5ROI/_merged_fit_runs_ela_5ROI/merge_renewal_ela_5ROI/ELA_features/confirmatory_analysis/covariate_models_confirmatory.csv,1,p_value,0.0017406488994849,dyn_Transitions_from_B2_to_B1 ~ C(group) + age + C(sex),C(group)[T.PTSD],-0.0261208063328165,-3.3347433797126427,0.2496948710786496,0.1985377031976485,,,,,,,,,,,,,,,,,,,,,,,,,,,,,
,,dyn_Transitions_from_B1_to_B2,48.0,,0.0047478382611371,holm,0.3703313843686938,False,covariate_models_confirmatory.csv,/mnt/d/Thesis Masters/thesis-runs/ELA_run_5ROI/_merged_fit_runs_ela_5ROI/merge_renewal_ela_5ROI/ELA_features/confirmatory_analysis/covariate_models_confirmatory.csv,2,p_value,0.0047478382611371,dyn_Transitions_from_B1_to_B2 ~ C(group) + age + C(sex),C(group)[T.PTSD],-0.0240991596910624,-2.974687248470469,0.2193495159672653,0.1661233466013971,,,,,,,,,,,,,,,,,,,,,,,,,,,,,
,,dyn_Direct_transitions_from_B2_to_B1,48.0,,0.0065773764398506,holm,0.5064579858684994,False,covariate_models_confirmatory.csv,/mnt/d/Thesis Masters/thesis-runs/ELA_run_5ROI/_merged_fit_runs_ela_5ROI/merge_renewal_ela_5ROI/ELA_features/confirmatory_analysis/covariate_models_confirmatory.csv,3,p_value,0.0065773764398506,dyn_Direct_transitions_from_B2_to_B1 ~ C(group) + age + C(sex),C(group)[T.PTSD],-0.0162257513167247,-2.852942739492288,0.1907888383433589,0.1356153500485879,,,,,,,,,,,,,,,,,,,,,,,,,,,,,
,,dyn_Transitions_from_B3_to_B4,48.0,,0.0379119046288954,holm,1.0,False,covariate_models_confirmatory.csv,/mnt/d/Thesis Masters/thesis-runs/ELA_run_5ROI/_merged_fit_runs_ela_5ROI/merge_renewal_ela_5ROI/ELA_features/confirmatory_analysis/covariate_models_confirmatory.csv,4,p_value,0.0379119046288954,dyn_Transitions_from_B3_to_B4 ~ C(group) + age + C(sex),C(group)[T.PTSD],-0.0187482302422221,-2.1403041581687594,0.0960046727323467,0.0343686276913703,,,,,,,,,,,,,,,,,,,,,,,,,,,,,
,,event_trial_type_hrf2__CSplus_freq_B1,47.0,,0.0494566761278799,holm,1.0,False,covariate_models_confirmatory.csv,/mnt/d/Thesis Masters/thesis-runs/ELA_run_5ROI/_merged_fit_runs_ela_5ROI/merge_renewal_ela_5ROI/ELA_features/confirmatory_analysis/covariate_models_confirmatory.csv,5,p_value,0.0494566761278799,event_trial_type_hrf2__CSplus_freq_B1 ~ C(group) + age + C(sex),C(group)[T.PTSD],-0.0760001340656238,-2.0217175634575804,0.1073404221530112,0.0450618469543842,,,,,,,,,,,,,,,,,,,,,,,,,,,,,
,,basin_entropy,48.0,,0.0754623748284254,holm,1.0,False,covariate_models_confirmatory.csv,/mnt/d/Thesis Masters/thesis-runs/ELA_run_5ROI/_merged_fit_runs_ela_5ROI/merge_renewal_ela_5ROI/ELA_features/confirmatory_analysis/covariate_models_confirmatory.csv,6,p_value,0.0754623748284254,basin_entropy ~ C(group) + age + C(sex),C(group)[T.PTSD],-0.0355827230370913,-1.820668615398659,0.0823067148699742,0.0197367181565634,,,,,,,,,,,,,,,,,,,,,,,,,,,,,
,,event_trial_type_hrf4__CSplus_freq_B4,47.0,,0.0854776618676049,holm,1.0,False,covariate_models_confirmatory.csv,/mnt/d/Thesis Masters/thesis-runs/ELA_run_5ROI/_merged_fit_runs_ela_5ROI/merge_renewal_ela_5ROI/ELA_features/confirmatory_analysis/covariate_models_confirmatory.csv,7,p_value,0.0854776618676049,event_trial_type_hrf4__CSplus_freq_B4 ~ C(group) + age + C(sex),C(group)[T.PTSD],0.0604376179174692,1.760248166478117,0.1551723514211362,0.0962308875667969,,,,,,,,,,,,,,,,,,,,,,,,,,,,,
,,event_trial_type_hrf2__CSplus_freq_B4,47.0,,0.0905608157763305,holm,1.0,False,covariate_models_confirmatory.csv,/mnt/d/Thesis Masters/thesis-runs/ELA_run_5ROI/_merged_fit_runs_ela_5ROI/merge_renewal_ela_5ROI/ELA_features/confirmatory_analysis/covariate_models_confirmatory.csv,8,p_value,0.0905608157763305,event_trial_type_hrf2__CSplus_freq_B4 ~ C(group) + age + C(sex),C(group)[T.PTSD],0.0625921640214719,1.7313428143907423,0.07502977401803,0.0104969675541717,,,,,,,,,,,,,,,,,,,,,,,,,,,,,
,,event_trial_type_onset__CSminus_freq_B1,48.0,,0.0928489471174728,holm,1.0,False,covariate_models_confirmatory.csv,/mnt/d/Thesis Masters/thesis-runs/ELA_run_5ROI/_merged_fit_runs_ela_5ROI/merge_renewal_ela_5ROI/ELA_features/confirmatory_analysis/covariate_models_confirmatory.csv,9,p_value,0.0928489471174728,event_trial_type_onset__CSminus_freq_B1 ~ C(group) + age + C(sex),C(group)[T.PTSD],0.0523495646893949,1.7178832217729467,0.2162286734170114,0.1627897193318077,,,,,,,,,,,,,,,,,,,,,,,,,,,,,
,,event_trial_type_hrf4__CSminus_freq_B2,48.0,,0.1160142572012905,holm,1.0,False,covariate_models_confirmatory.csv,/mnt/d/Thesis Masters/thesis-runs/ELA_run_5ROI/_merged_fit_runs_ela_5ROI/merge_renewal_ela_5ROI/ELA_features/confirmatory_analysis/covariate_models_confirmatory.csv,10,p_value,0.1160142572012905,event_trial_type_hrf4__CSminus_freq_B2 ~ C(group) + age + C(sex),C(group)[T.PTSD],-0.046576833226139,-1.6033430013616383,0.1816703053314607,0.1258750988767877,,,,,,,,,,,,,,,,,,,,,,,,,,,,,
,,event_trial_type_onset__CSminus_freq_B3,48.0,,0.1421966998847089,holm,1.0,False,covariate_models_confirmatory.csv,/mnt/d/Thesis Masters/thesis-runs/ELA_run_5ROI/_merged_fit_runs_ela_5ROI/merge_renewal_ela_5ROI/ELA_features/confirmatory_analysis/covariate_models_confirmatory.csv,11,p_value,0.1421966998847089,event_trial_type_onset__CSminus_freq_B3 ~ C(group) + age + C(sex),C(group)[T.PTSD],-0.0473108570543824,-1.494446335604724,0.1145616717671927,0.0541908766604105,,,,,,,,,,,,,,,,,,,,,,,,,,,,,
,,event_trial_type_hrf6__CSminus_freq_B2,48.0,,0.1524537217646791,holm,1.0,False,covariate_models_confirmatory.csv,/mnt/d/Thesis Masters/thesis-runs/ELA_run_5ROI/_merged_fit_runs_ela_5ROI/merge_renewal_ela_5ROI/ELA_features/confirmatory_analysis/covariate_models_confirmatory.csv,12,p_value,0.1524537217646791,event_trial_type_hrf6__CSminus_freq_B2 ~ C(group) + age + C(sex),C(group)[T.PTSD],-0.0416111683111326,-1.4561372572645763,0.0628145699188815,-0.0010844366775581,,,,,,,,,,,,,,,,,,,,,,,,,,,,,
,,peripheral_to_major_rate,48.0,,0.1591771426555722,holm,1.0,False,covariate_models_confirmatory.csv,/mnt/d/Thesis Masters/thesis-runs/ELA_run_5ROI/_merged_fit_runs_ela_5ROI/merge_renewal_ela_5ROI/ELA_features/confirmatory_analysis/covariate_models_confirmatory.csv,13,p_value,0.1591771426555722,peripheral_to_major_rate ~ C(group) + age + C(sex),C(group)[T.PTSD],-0.0176298248649036,-1.4321147838149964,0.0981385501357803,0.0366479967359472,,,,,,,,,,,,,,,,,,,,,,,,,,,,,
,,state_entropy,48.0,,0.1665331266957249,holm,1.0,False,covariate_models_confirmatory.csv,/mnt/d/Thesis Masters/thesis-runs/ELA_run_5ROI/_merged_fit_runs_ela_5ROI/merge_renewal_ela_5ROI/ELA_features/confirmatory_analysis/covariate_models_confirmatory.csv,14,p_value,0.1665331266957249,state_entropy ~ C(group) + age + C(sex),C(group)[T.PTSD],-0.0350914157456117,-1.4067252068256402,0.0474219995829884,-0.0175265004454441,,,,,,,,,,,,,,,,,,,,,,,,,,,,,
,,event_trial_type_hrf4__ITI_freq_B1,48.0,,0.1680082113806425,holm,1.0,False,covariate_models_confirmatory.csv,/mnt/d/Thesis Masters/thesis-runs/ELA_run_5ROI/_merged_fit_runs_ela_5ROI/merge_renewal_ela_5ROI/ELA_features/confirmatory_analysis/covariate_models_confirmatory.csv,15,p_value,0.1680082113806425,event_trial_type_hrf4__ITI_freq_B1 ~ C(group) + age + C(sex),C(group)[T.PTSD],0.034364224718839,1.4017394386527176,0.069808436037128,0.0063862839487505,,,,,,,,,,,,,,,,,,,,,,,,,,,,,
,,event_trial_type_hrf4__CSplus_freq_B1,47.0,,0.1688056537682579,holm,1.0,False,covariate_models_confirmatory.csv,/mnt/d/Thesis Masters/thesis-runs/ELA_run_5ROI/_merged_fit_runs_ela_5ROI/merge_renewal_ela_5ROI/ELA_features/confirmatory_analysis/covariate_models_confirmatory.csv,16,p_value,0.1688056537682579,event_trial_type_hrf4__CSplus_freq_B1 ~ C(group) + age + C(sex),C(group)[T.PTSD],-0.0603237999814048,-1.399602517550066,0.0502314989721185,-0.0160314197042452,,,,,,,,,,,,,,,,,,,,,,,,,,,,,
,,event_trial_type_hrf2__CSminus_freq_B2,48.0,,0.203115630329437,holm,1.0,False,covariate_models_confirmatory.csv,/mnt/d/Thesis Masters/thesis-runs/ELA_run_5ROI/_merged_fit_runs_ela_5ROI/merge_renewal_ela_5ROI/ELA_features/confirmatory_analysis/covariate_models_confirmatory.csv,17,p_value,0.203115630329437,event_trial_type_hrf2__CSminus_freq_B2 ~ C(group) + age + C(sex),C(group)[T.PTSD],-0.0387855457738168,-1.2919608469083426,0.1024202172972946,0.041221595749383,,,,,,,,,,,,,,,,,,,,,,,,,,,,,
,,dyn_Frequency_of_B2,48.0,,0.2078569132170471,holm,1.0,False,covariate_models_confirmatory.csv,/mnt/d/Thesis Masters/thesis-runs/ELA_run_5ROI/_merged_fit_runs_ela_5ROI/merge_renewal_ela_5ROI/ELA_features/confirmatory_analysis/covariate_models_confirmatory.csv,18,p_value,0.2078569132170471,dyn_Frequency_of_B2 ~ C(group) + age + C(sex),C(group)[T.PTSD],-0.0210823957675679,-1.2782684808812486,0.0762724898561045,0.0132910687099299,,,,,,,,,,,,,,,,,,,,,,,,,,,,,
,,obs_freq_B2,48.0,,0.2078583016141154,holm,1.0,False,covariate_models_confirmatory.csv,/mnt/d/Thesis Masters/thesis-runs/ELA_run_5ROI/_merged_fit_runs_ela_5ROI/merge_renewal_ela_5ROI/ELA_features/confirmatory_analysis/covariate_models_confirmatory.csv,19,p_value,0.2078583016141154,obs_freq_B2 ~ C(group) + age + C(sex),C(group)[T.PTSD],-0.021082343621013,-1.2782645058510145,0.0762719184328951,0.0132904583260471,,,,,,,,,,,,,,,,,,,,,,,,,,,,,
,,major_basin_transition_rate_TR_A_to_Aprime,48.0,,0.2242783877723706,holm,1.0,False,covariate_models_confirmatory.csv,/mnt/d/Thesis Masters/thesis-runs/ELA_run_5ROI/_merged_fit_runs_ela_5ROI/merge_renewal_ela_5ROI/ELA_features/confirmatory_analysis/covariate_models_confirmatory.csv,20,p_value,0.2242783877723706,major_basin_transition_rate_TR_A_to_Aprime ~ C(group) + age + C(sex),C(group)[T.PTSD],0.0315216954436854,1.2325791663013534,0.042684055583361,-0.0225874860814097,,,,,,,,,,,,,,,,,,,,,,,,,,,,,
,,event_trial_type_onset__CSminus_freq_B3,,,0.0062634239848438,holm,0.494810494802662,False,group_tests_confirmatory.csv,/mnt/d/Thesis Masters/thesis-runs/ELA_run_5ROI/_merged_fit_runs_ela_5ROI/merge_renewal_ela_5ROI/ELA_features/confirmatory_analysis/group_tests_confirmatory.csv,1,p_value,0.0062634239848438,,,,,,,group_overall,mannwhitney_u,24.0,24.0,HC,PTSD,0.2539487537722795,0.1978196239447192,0.2546296296296296,0.1726190476190475,0.0561291298275602,421.0,0.6403040261756398,0.4618055555555556,,,,,,,,,,,,,,,
,,event_trial_type_onset__CSminus_freq_B1,,,0.0071173538619583,holm,0.5551536012327524,False,group_tests_confirmatory.csv,/mnt/d/Thesis Masters/thesis-runs/ELA_run_5ROI/_merged_fit_runs_ela_5ROI/merge_renewal_ela_5ROI/ELA_features/confirmatory_analysis/group_tests_confirmatory.csv,2,p_value,0.0071173538619583,,,,,,,group_overall,mannwhitney_u,24.0,24.0,HC,PTSD,0.3438191380292204,0.4211106769921606,0.3670033670033669,0.4082491582491582,-0.0772915389629401,157.0,-0.9018245496539744,-0.4548611111111111,,,,,,,,,,,,,,,
,,dyn_Transitions_from_B1_to_B2,,,0.0303513338018874,holm,1.0,False,group_tests_confirmatory.csv,/mnt/d/Thesis Masters/thesis-runs/ELA_run_5ROI/_merged_fit_runs_ela_5ROI/merge_renewal_ela_5ROI/ELA_features/confirmatory_analysis/group_tests_confirmatory.csv,3,p_value,0.0303513338018874,,,,,,,group_overall,mannwhitney_u,24.0,24.0,HC,PTSD,0.098267125,0.0825335833333333,0.1,0.0886925,0.0157335416666666,393.5,0.6606031733839205,0.3663194444444444,,,,,,,,,,,,,,,
,,event_trial_type_hrf4__CSplus_freq_B4,,,0.032378204796279,holm,1.0,False,group_tests_confirmatory.csv,/mnt/d/Thesis Masters/thesis-runs/ELA_run_5ROI/_merged_fit_runs_ela_5ROI/merge_renewal_ela_5ROI/ELA_features/confirmatory_analysis/group_tests_confirmatory.csv,4,p_value,0.032378204796279,,,,,,,group_overall,mannwhitney_u,24.0,23.0,HC,PTSD,0.2957396425601293,0.3654487168440317,0.2958333333333333,0.3846153846153846,-0.0697090742839023,175.0,-0.7443763259952534,-0.3659420289855072,,,,,,,,,,,,,,,
,,dyn_Direct_transitions_from_B2_to_B1,,,0.0382240713622033,holm,1.0,False,group_tests_confirmatory.csv,/mnt/d/Thesis Masters/thesis-runs/ELA_run_5ROI/_merged_fit_runs_ela_5ROI/merge_renewal_ela_5ROI/ELA_features/confirmatory_analysis/group_tests_confirmatory.csv,5,p_value,0.0382240713622033,,,,,,,group_overall,mannwhitney_u,24.0,24.0,HC,PTSD,0.0560351666666666,0.0451115,0.05303,0.045921,0.0109236666666666,389.0,0.6656983020702546,0.3506944444444444,,,,,,,,,,,,,,,
,,dyn_Transitions_from_B2_to_B1,,,0.0465419610116598,holm,1.0,False,group_tests_confirmatory.csv,/mnt/d/Thesis Masters/thesis-runs/ELA_run_5ROI/_merged_fit_runs_ela_5ROI/merge_renewal_ela_5ROI/ELA_features/confirmatory_analysis/group_tests_confirmatory.csv,6,p_value,0.0465419610116598,,,,,,,group_overall,mannwhitney_u,24.0,24.0,HC,PTSD,0.0966287083333333,0.0807046666666666,0.0985075,0.0895575,0.0159240416666666,385.0,0.6800071560008871,0.3368055555555556,,,,,,,,,,,,,,,
,,event_trial_type_hrf2__ITI_basin_switch_rate_nextTR,,,0.0525225041924564,holm,1.0,False,group_tests_confirmatory.csv,/mnt/d/Thesis Masters/thesis-runs/ELA_run_5ROI/_merged_fit_runs_ela_5ROI/merge_renewal_ela_5ROI/ELA_features/confirmatory_analysis/group_tests_confirmatory.csv,7,p_value,0.0525225041924564,,,,,,,group_overall,mannwhitney_u,24.0,24.0,HC,PTSD,0.6464640590838263,0.6169170709052448,0.643389423076923,0.5986111111111111,0.0295469881785814,382.5,0.3265324746746726,0.328125,,,,,,,,,,,,,,,
,,event_trial_type_onset__ITI_freq_B4,,,0.0550591985936638,holm,1.0,False,group_tests_confirmatory.csv,/mnt/d/Thesis Masters/thesis-runs/ELA_run_5ROI/_merged_fit_runs_ela_5ROI/merge_renewal_ela_5ROI/ELA_features/confirmatory_analysis/group_tests_confirmatory.csv,8,p_value,0.0550591985936638,,,,,,,group_overall,mannwhitney_u,24.0,24.0,HC,PTSD,0.3055405272359446,0.334309398137594,0.2900932400932401,0.3354166666666667,-0.0287688709016493,194.5,-0.5937518975879477,-0.3246527777777778,,,,,,,,,,,,,,,
,,event_trial_type_hrf6__CSminus_traveling_score_TR_AA_over_TR_PP,,,0.0586583392460725,holm,1.0,False,group_tests_confirmatory.csv,/mnt/d/Thesis Masters/thesis-runs/ELA_run_5ROI/_merged_fit_runs_ela_5ROI/merge_renewal_ela_5ROI/ELA_features/confirmatory_analysis/group_tests_confirmatory.csv,9,p_value,0.0586583392460725,,,,,,,group_overall,mannwhitney_u,11.0,10.0,HC,PTSD,2.709090909090909,1.6833333333333331,3.0,1.5,1.025757575757576,81.5,0.9439897874468152,0.4818181818181818,,,,,,,,,,,,,,,
,,event_trial_type_hrf4__ITI_basin_switch_rate_nextTR,,,0.0814370909033834,holm,1.0,False,group_tests_confirmatory.csv,/mnt/d/Thesis Masters/thesis-runs/ELA_run_5ROI/_merged_fit_runs_ela_5ROI/merge_renewal_ela_5ROI/ELA_features/confirmatory_analysis/group_tests_confirmatory.csv,10,p_value,0.0814370909033834,,,,,,,group_overall,mannwhitney_u,24.0,24.0,HC,PTSD,0.6402341110086933,0.6156615236057098,0.6493506493506493,0.5932430023177037,0.0245725874029835,373.0,0.2614372842849103,0.2951388888888889,,,,,,,,,,,,,,,
,,event_trial_type_hrf6__CSplus_freq_B4,,,0.0827075524279211,holm,1.0,False,group_tests_confirmatory.csv,/mnt/d/Thesis Masters/thesis-runs/ELA_run_5ROI/_merged_fit_runs_ela_5ROI/merge_renewal_ela_5ROI/ELA_features/confirmatory_analysis/group_tests_confirmatory.csv,11,p_value,0.0827075524279211,,,,,,,group_overall,mannwhitney_u,24.0,23.0,HC,PTSD,0.2857917045584183,0.3305536372237403,0.2746153846153846,0.3076923076923077,-0.044761932665322,194.0,-0.4315658358784222,-0.2971014492753623,,,,,,,,,,,,,,,
,,event_trial_type_hrf4__CSminus_freq_B4,,,0.096784092613948,holm,1.0,False,group_tests_confirmatory.csv,/mnt/d/Thesis Masters/thesis-runs/ELA_run_5ROI/_merged_fit_runs_ela_5ROI/merge_renewal_ela_5ROI/ELA_features/confirmatory_analysis/group_tests_confirmatory.csv,12,p_value,0.096784092613948,,,,,,,group_overall,mannwhitney_u,24.0,24.0,HC,PTSD,0.2929287961510589,0.3450299325052572,0.2797270955165691,0.333076923076923,-0.0521011363541983,207.0,-0.4855640115901609,-0.28125,,,,,,,,,,,,,,,
,,event_trial_type_hrf4__ITI_freq_B1,,,0.0969019321492444,holm,1.0,False,group_tests_confirmatory.csv,/mnt/d/Thesis Masters/thesis-runs/ELA_run_5ROI/_merged_fit_runs_ela_5ROI/merge_renewal_ela_5ROI/ELA_features/confirmatory_analysis/group_tests_confirmatory.csv,13,p_value,0.0969019321492444,,,,,,,group_overall,mannwhitney_u,24.0,24.0,HC,PTSD,0.3549694201303429,0.390862371509806,0.3591044776119403,0.3840885142255005,-0.0358929513794631,207.0,-0.533907612827903,-0.28125,,,,,,,,,,,,,,,
,,dyn_Transitions_from_B3_to_B4,,,0.1032949873428967,holm,1.0,False,group_tests_confirmatory.csv,/mnt/d/Thesis Masters/thesis-runs/ELA_run_5ROI/_merged_fit_runs_ela_5ROI/merge_renewal_ela_5ROI/ELA_features/confirmatory_analysis/group_tests_confirmatory.csv,14,p_value,0.1032949873428967,,,,,,,group_overall,mannwhitney_u,24.0,24.0,HC,PTSD,0.1098518333333333,0.0972966666666666,0.1094769999999999,0.0929475,0.0125551666666666,367.5,0.5139556478143643,0.2760416666666667,,,,,,,,,,,,,,,
,,event_trial_type_hrf4__ITI_freq_B2,,,0.1767924466847785,holm,1.0,False,group_tests_confirmatory.csv,/mnt/d/Thesis Masters/thesis-runs/ELA_run_5ROI/_merged_fit_runs_ela_5ROI/merge_renewal_ela_5ROI/ELA_features/confirmatory_analysis/group_tests_confirmatory.csv,15,p_value,0.1767924466847785,,,,,,,group_overall,mannwhitney_u,24.0,24.0,HC,PTSD,0.1363612004545701,0.1203561210543056,0.1440422322775263,0.1275946275946275,0.0160050794002644,354.0,0.3501211571775606,0.2291666666666666,,,,,,,,,,,,,,,
,,event_trial_type_hrf2__CSminus_freq_B3,,,0.2008940041781424,holm,1.0,False,group_tests_confirmatory.csv,/mnt/d/Thesis Masters/thesis-runs/ELA_run_5ROI/_merged_fit_runs_ela_5ROI/merge_renewal_ela_5ROI/ELA_features/confirmatory_analysis/group_tests_confirmatory.csv,16,p_value,0.2008940041781424,,,,,,,group_overall,mannwhitney_u,24.0,24.0,HC,PTSD,0.2133737254442691,0.1817681040717683,0.2003205128205127,0.1519230769230768,0.0316056213725007,350.5,0.326744584917903,0.2170138888888889,,,,,,,,,,,,,,,
,,event_trial_type_hrf2__CSplus_freq_B4,,,0.2013299622478443,holm,1.0,False,group_tests_confirmatory.csv,/mnt/d/Thesis Masters/thesis-runs/ELA_run_5ROI/_merged_fit_runs_ela_5ROI/merge_renewal_ela_5ROI/ELA_features/confirmatory_analysis/group_tests_confirmatory.csv,17,p_value,0.2013299622478443,,,,,,,group_overall,mannwhitney_u,24.0,23.0,HC,PTSD,0.289308729639699,0.3295954930896213,0.2996794871794872,0.3333333333333333,-0.0402867634499223,215.5,-0.4081833916454166,-0.2192028985507246,,,,,,,,,,,,,,,
,,peripheral_transition_rate_TR_P_to_Pprime,,,0.2159208684179424,holm,1.0,False,group_tests_confirmatory.csv,/mnt/d/Thesis Masters/thesis-runs/ELA_run_5ROI/_merged_fit_runs_ela_5ROI/merge_renewal_ela_5ROI/ELA_features/confirmatory_analysis/group_tests_confirmatory.csv,18,p_value,0.2159208684179424,,,,,,,group_overall,mannwhitney_u,24.0,24.0,HC,PTSD,0.0390512390384054,0.0364267828241342,0.0373155109997214,0.0261154657823333,0.0026244562142711,348.5,0.0942735140980761,0.2100694444444444,,,,,,,,,,,,,,,
,,dyn_Frequency_of_B4,,,0.2237592928512525,holm,1.0,False,group_tests_confirmatory.csv,/mnt/d/Thesis Masters/thesis-runs/ELA_run_5ROI/_merged_fit_runs_ela_5ROI/merge_renewal_ela_5ROI/ELA_features/confirmatory_analysis/group_tests_confirmatory.csv,19,p_value,0.2237592928512525,,,,,,,group_overall,mannwhitney_u,24.0,24.0,HC,PTSD,0.2944431249999999,0.3052768333333333,0.2900534999999999,0.305406,-0.0108337083333333,228.5,-0.2213473434136073,-0.2065972222222222,,,,,,,,,,,,,,,
,,obs_freq_B4,,,0.2237592928512525,holm,1.0,False,group_tests_confirmatory.csv,/mnt/d/Thesis Masters/thesis-runs/ELA_run_5ROI/_merged_fit_runs_ela_5ROI/merge_renewal_ela_5ROI/ELA_features/confirmatory_analysis/group_tests_confirmatory.csv,20,p_value,0.2237592928512525,,,,,,,group_overall,mannwhitney_u,24.0,24.0,HC,PTSD,0.2944430977473415,0.3052768471957578,0.2900536380597015,0.3054062126642771,-0.0108337494484163,228.5,-0.2213485758677836,-0.2065972222222222,,,,,,,,,,,,,,,
,BAI_pre,traveling_score_TR_AA_over_TR_PP,45.0,0.5541476450784698,7.836299381394723e-05,holm,0.0001567259876278,True,primary_results_for_manuscript.csv,/mnt/d/Thesis Masters/thesis-runs/ELA_run_5ROI/_merged_fit_runs_ela_5ROI/merge_renewal_ela_5ROI/ELA_features/confirmatory_analysis/primary_results_for_manuscript.csv,1,p_value,7.836299381394723e-05,,,,,,,,,,,,,,,,,,,,,clinical_spearman,all_tasks,all,all,0.0001567259876278,True,0.0001567259876278,True,2.0,summary_scores,Generalized traveling score,corrected_significant,,,
,BAI_pre,peripheral_transition_rate_TR_P_to_Pprime,48.0,-0.4255034160177794,0.0025698246438365,holm,0.0077094739315097,True,primary_results_for_manuscript.csv,/mnt/d/Thesis Masters/thesis-runs/ELA_run_5ROI/_merged_fit_runs_ela_5ROI/merge_renewal_ela_5ROI/ELA_features/confirmatory_analysis/primary_results_for_manuscript.csv,2,p_value,0.0025698246438365,,,,,,,,,,,,,,,,,,,,,clinical_spearman,all_tasks,all,all,0.0077094739315097,True,0.0077094739315097,True,3.0,major_peripheral_dynamics,Movement among peripheral threat/safety basins,corrected_significant,,,
,BAI_pre,traveling_score_TR_AA_over_TR_PP,21.0,0.6194662771153647,0.002746688000354,holm,0.005493376000708,True,primary_results_for_manuscript.csv,/mnt/d/Thesis Masters/thesis-runs/ELA_run_5ROI/_merged_fit_runs_ela_5ROI/merge_renewal_ela_5ROI/ELA_features/confirmatory_analysis/primary_results_for_manuscript.csv,3,p_value,0.002746688000354,,,,,,,,,,,,,,,,,,,,,clinical_spearman,all_tasks,all,PTSD,0.005493376000708,True,0.005493376000708,True,2.0,summary_scores,Generalized traveling score,corrected_significant,,,
,BAI_pre,dyn_Direct_transitions_from_B3_to_B4,24.0,0.5438315790173375,0.0060156822864541,holm,0.0120313645729082,True,primary_results_for_manuscript.csv,/mnt/d/Thesis Masters/thesis-runs/ELA_run_5ROI/_merged_fit_runs_ela_5ROI/merge_renewal_ela_5ROI/ELA_features/confirmatory_analysis/primary_results_for_manuscript.csv,4,p_value,0.0060156822864541,,,,,,,,,,,,,,,,,,,,,clinical_spearman,all_tasks,all,HC,0.0120313645729082,True,0.0120313645729082,True,2.0,peripheral_to_major_edges,Safety-like B3 to all-on B4 return route,corrected_significant,,,
,,event_trial_type_onset__CSminus_freq_B3,,,0.0062634239848438,holm,0.0125268479696876,True,primary_results_for_manuscript.csv,/mnt/d/Thesis Masters/thesis-runs/ELA_run_5ROI/_merged_fit_runs_ela_5ROI/merge_renewal_ela_5ROI/ELA_features/confirmatory_analysis/primary_results_for_manuscript.csv,5,p_value,0.0062634239848438,,,,,,,group_within_task:renewal,mannwhitney_u,24.0,24.0,,,0.2539487537722795,0.1978196239447192,0.2546296296296296,0.1726190476190475,0.0561291298275602,421.0,0.6403040261756398,0.4618055555555556,group_test_by_task,renewal,renewal,,0.0125268479696876,True,0.0125268479696876,True,2.0,renewal_safety_retrieval,CS− safety-like B3 occupancy during renewal,corrected_significant,,,
,,event_trial_type_onset__CSminus_freq_B3,,,0.0062634239848438,holm,0.0125268479696876,True,primary_results_for_manuscript.csv,/mnt/d/Thesis Masters/thesis-runs/ELA_run_5ROI/_merged_fit_runs_ela_5ROI/merge_renewal_ela_5ROI/ELA_features/confirmatory_analysis/primary_results_for_manuscript.csv,6,p_value,0.0062634239848438,,,,,,,group_overall,mannwhitney_u,24.0,24.0,,,0.2539487537722795,0.1978196239447192,0.2546296296296296,0.1726190476190475,0.0561291298275602,421.0,0.6403040261756398,0.4618055555555556,overall_group_test,renewal,,,0.0125268479696876,True,0.0125268479696876,True,2.0,renewal_safety_retrieval,CS− safety-like B3 occupancy during renewal,corrected_significant,,,
,,dyn_Direct_transitions_from_B2_to_B1,48.0,,0.0065773764398506,holm,0.0131547528797012,True,primary_results_for_manuscript.csv,/mnt/d/Thesis Masters/thesis-runs/ELA_run_5ROI/_merged_fit_runs_ela_5ROI/merge_renewal_ela_5ROI/ELA_features/confirmatory_analysis/primary_results_for_manuscript.csv,7,p_value,0.0065773764398506,,C(group)[T.PTSD],-0.0162257513167247,-2.852942739492288,,,,,,,,,,,,,,,,,covariate_model,all,,,0.0131547528797012,True,0.0131547528797012,True,2.0,peripheral_to_major_edges,Threat-like B2 to all-off B1 return route,corrected_significant,,,
,,event_trial_type_onset__CSminus_freq_B1,,,0.0071173538619583,holm,0.0125268479696876,True,primary_results_for_manuscript.csv,/mnt/d/Thesis Masters/thesis-runs/ELA_run_5ROI/_merged_fit_runs_ela_5ROI/merge_renewal_ela_5ROI/ELA_features/confirmatory_analysis/primary_results_for_manuscript.csv,8,p_value,0.0071173538619583,,,,,,,group_overall,mannwhitney_u,24.0,24.0,,,0.3438191380292204,0.4211106769921606,0.3670033670033669,0.4082491582491582,-0.0772915389629401,157.0,-0.9018245496539744,-0.4548611111111111,overall_group_test,renewal,,,0.0142347077239167,True,0.0125268479696876,True,2.0,renewal_safety_retrieval,CS− all-off occupancy during renewal,corrected_significant,,,
,,event_trial_type_onset__CSminus_freq_B1,,,0.0071173538619583,holm,0.0125268479696876,True,primary_results_for_manuscript.csv,/mnt/d/Thesis Masters/thesis-runs/ELA_run_5ROI/_merged_fit_runs_ela_5ROI/merge_renewal_ela_5ROI/ELA_features/confirmatory_analysis/primary_results_for_manuscript.csv,9,p_value,0.0071173538619583,,,,,,,group_within_task:renewal,mannwhitney_u,24.0,24.0,,,0.3438191380292204,0.4211106769921606,0.3670033670033669,0.4082491582491582,-0.0772915389629401,157.0,-0.9018245496539744,-0.4548611111111111,group_test_by_task,renewal,renewal,,0.0142347077239167,True,0.0125268479696876,True,2.0,renewal_safety_retrieval,CS− all-off occupancy during renewal,corrected_significant,,,
,IUS,event_trial_type_onset__CSminus_freq_B3,47.0,-0.3818120353166109,0.0080910561373749,holm,0.0161821122747498,True,primary_results_for_manuscript.csv,/mnt/d/Thesis Masters/thesis-runs/ELA_run_5ROI/_merged_fit_runs_ela_5ROI/merge_renewal_ela_5ROI/ELA_features/confirmatory_analysis/primary_results_for_manuscript.csv,10,p_value,0.0080910561373749,,,,,,,,,,,,,,,,,,,,,clinical_spearman,all_tasks,all,all,0.0161821122747498,True,0.0161821122747498,True,2.0,renewal_safety_retrieval,CS− safety-like B3 occupancy during renewal,corrected_significant,,,
,SAI_pre,event_trial_type_hrf4__CSplus_freq_B4,23.0,0.524175954536858,0.0102441720751768,holm,0.0102441720751768,True,primary_results_for_manuscript.csv,/mnt/d/Thesis Masters/thesis-runs/ELA_run_5ROI/_merged_fit_runs_ela_5ROI/merge_renewal_ela_5ROI/ELA_features/confirmatory_analysis/primary_results_for_manuscript.csv,11,p_value,0.0102441720751768,,,,,,,,,,,,,,,,,,,,,clinical_spearman,all_tasks,all,PTSD,0.0102441720751768,True,0.0102441720751768,True,1.0,global_locking,CS+ all-on/global locking,corrected_significant,,,
,SAI_pre,event_trial_type_onset__CSminus_freq_B1,24.0,-0.5118610212057937,0.0105617955858062,holm,0.0211235911716124,True,primary_results_for_manuscript.csv,/mnt/d/Thesis Masters/thesis-runs/ELA_run_5ROI/_merged_fit_runs_ela_5ROI/merge_renewal_ela_5ROI/ELA_features/confirmatory_analysis/primary_results_for_manuscript.csv,12,p_value,0.0105617955858062,,,,,,,,,,,,,,,,,,,,,clinical_spearman,all_tasks,all,HC,0.0211235911716124,True,0.0211235911716124,True,2.0,renewal_safety_retrieval,CS− all-off occupancy during renewal,corrected_significant,,,
,BAI_pre,basin_entropy,48.0,-0.360335371068299,0.0118757366435913,holm,0.0118757366435913,True,primary_results_for_manuscript.csv,/mnt/d/Thesis Masters/thesis-runs/ELA_run_5ROI/_merged_fit_runs_ela_5ROI/merge_renewal_ela_5ROI/ELA_features/confirmatory_analysis/primary_results_for_manuscript.csv,13,p_value,0.0118757366435913,,,,,,,,,,,,,,,,,,,,,clinical_spearman,all_tasks,all,all,0.0118757366435913,True,0.0118757366435913,True,1.0,flexibility,Basin repertoire/flexibility,corrected_significant,,,
,BAI_pre,event_trial_type_hrf4__CSplus_freq_B2,23.0,-0.5074223167490685,0.0134541891955426,holm,0.0269083783910852,True,primary_results_for_manuscript.csv,/mnt/d/Thesis Masters/thesis-runs/ELA_run_5ROI/_merged_fit_runs_ela_5ROI/merge_renewal_ela_5ROI/ELA_features/confirmatory_analysis/primary_results_for_manuscript.csv,14,p_value,0.0134541891955426,,,,,,,,,,,,,,,,,,,,,clinical_spearman,all_tasks,all,PTSD,0.0269083783910852,True,0.0269083783910852,True,2.0,event_threat_safety,CS+ recruitment of threat-like B2,corrected_significant,,,
,SAI_pre,event_trial_type_onset__CSminus_freq_B3,24.0,0.4843002278309323,0.0164774489944557,holm,0.0211235911716124,True,primary_results_for_manuscript.csv,/mnt/d/Thesis Masters/thesis-runs/ELA_run_5ROI/_merged_fit_runs_ela_5ROI/merge_renewal_ela_5ROI/ELA_features/confirmatory_analysis/primary_results_for_manuscript.csv,15,p_value,0.0164774489944557,,,,,,,,,,,,,,,,,,,,,clinical_spearman,all_tasks,all,HC,0.0329548979889114,True,0.0211235911716124,True,2.0,renewal_safety_retrieval,CS− safety-like B3 occupancy during renewal,corrected_significant,,,
,BAI_pre,event_trial_type_hrf4__CSplus_within_peripheral_rate_including_stay,47.0,-0.3448755991937112,0.0175953368953993,holm,0.0351906737907986,True,primary_results_for_manuscript.csv,/mnt/d/Thesis Masters/thesis-runs/ELA_run_5ROI/_merged_fit_runs_ela_5ROI/merge_renewal_ela_5ROI/ELA_features/confirmatory_analysis/primary_results_for_manuscript.csv,16,p_value,0.0175953368953993,,,,,,,,,,,,,,,,,,,,,clinical_spearman,all_tasks,all,all,0.0351906737907986,True,0.0351906737907986,True,2.0,extinction_peripheral_dynamics,CS+ retention within peripheral basin space,corrected_significant,,,
,BAI_pre,traveling_score_TR_AA_over_TR_PP,24.0,0.4792678371680615,0.0178048504687351,holm,0.0356097009374702,True,primary_results_for_manuscript.csv,/mnt/d/Thesis Masters/thesis-runs/ELA_run_5ROI/_merged_fit_runs_ela_5ROI/merge_renewal_ela_5ROI/ELA_features/confirmatory_analysis/primary_results_for_manuscript.csv,17,p_value,0.0178048504687351,,,,,,,,,,,,,,,,,,,,,clinical_spearman,all_tasks,all,HC,0.0356097009374702,True,0.0356097009374702,True,2.0,summary_scores,Generalized traveling score,corrected_significant,,,
,BAI_pre,event_trial_type_hrf4__CSplus_within_peripheral_rate_including_stay,23.0,-0.47425748385667,0.0222333658135802,holm,0.0444667316271605,True,primary_results_for_manuscript.csv,/mnt/d/Thesis Masters/thesis-runs/ELA_run_5ROI/_merged_fit_runs_ela_5ROI/merge_renewal_ela_5ROI/ELA_features/confirmatory_analysis/primary_results_for_manuscript.csv,18,p_value,0.0222333658135802,,,,,,,,,,,,,,,,,,,,,clinical_spearman,all_tasks,all,PTSD,0.0444667316271605,True,0.0444667316271605,True,2.0,extinction_peripheral_dynamics,CS+ retention within peripheral basin space,corrected_significant,,,
,BAI_pre,basin_entropy,24.0,-0.4577533079096129,0.0244965692452401,holm,0.0244965692452401,True,primary_results_for_manuscript.csv,/mnt/d/Thesis Masters/thesis-runs/ELA_run_5ROI/_merged_fit_runs_ela_5ROI/merge_renewal_ela_5ROI/ELA_features/confirmatory_analysis/primary_results_for_manuscript.csv,19,p_value,0.0244965692452401,,,,,,,,,,,,,,,,,,,,,clinical_spearman,all_tasks,all,PTSD,0.0244965692452401,True,0.0244965692452401,True,1.0,flexibility,Basin repertoire/flexibility,corrected_significant,,,
,,event_trial_type_hrf4__CSplus_freq_B4,,,0.032378204796279,holm,0.032378204796279,True,primary_results_for_manuscript.csv,/mnt/d/Thesis Masters/thesis-runs/ELA_run_5ROI/_merged_fit_runs_ela_5ROI/merge_renewal_ela_5ROI/ELA_features/confirmatory_analysis/primary_results_for_manuscript.csv,20,p_value,0.032378204796279,,,,,,,group_within_task:renewal,mannwhitney_u,24.0,23.0,,,0.2957396425601293,0.3654487168440317,0.2958333333333333,0.3846153846153846,-0.0697090742839023,175.0,-0.7443763259952534,-0.3659420289855072,group_test_by_task,all,renewal,,0.032378204796279,True,0.032378204796279,True,1.0,global_locking,CS+ all-on/global locking,corrected_significant,,,
all,BAI_pre,traveling_score_TR_AA_over_TR_PP,45.0,0.5541476450784698,7.836299381394723e-05,holm,0.0001567259876278,True,clinical_spearman_confirmatory.csv,/mnt/d/Thesis Masters/thesis-runs/ELA_run_5ROI/_merged_fit_runs_ela_5ROI/merge_renewal_ela_5ROI/ELA_features/confirmatory_analysis_v3/clinical_spearman_confirmatory.csv,1,p_value,7.836299381394723e-05,,,,,,,,,,,,,,,,,,,,,,all_tasks,all,all,0.0001567259876278,True,0.0001567259876278,True,2.0,summary_scores,Generalized traveling score,,traveling_score_TR_AA_over_TR_PP,all,/mnt/d/Thesis Masters/thesis-runs/codebase/ela_primary_feature_list_template.csv
all,BAI_pre,peripheral_transition_rate_TR_P_to_Pprime,48.0,-0.4255034160177794,0.0025698246438365,holm,0.0077094739315097,True,clinical_spearman_confirmatory.csv,/mnt/d/Thesis Masters/thesis-runs/ELA_run_5ROI/_merged_fit_runs_ela_5ROI/merge_renewal_ela_5ROI/ELA_features/confirmatory_analysis_v3/clinical_spearman_confirmatory.csv,2,p_value,0.0025698246438365,,,,,,,,,,,,,,,,,,,,,,all_tasks,all,all,0.0077094739315097,True,0.0077094739315097,True,3.0,major_peripheral_dynamics,Movement among peripheral threat/safety basins,,peripheral_transition_rate_TR_P_to_Pprime,all,/mnt/d/Thesis Masters/thesis-runs/codebase/ela_primary_feature_list_template.csv
PTSD,BAI_pre,traveling_score_TR_AA_over_TR_PP,21.0,0.6194662771153647,0.002746688000354,holm,0.005493376000708,True,clinical_spearman_confirmatory.csv,/mnt/d/Thesis Masters/thesis-runs/ELA_run_5ROI/_merged_fit_runs_ela_5ROI/merge_renewal_ela_5ROI/ELA_features/confirmatory_analysis_v3/clinical_spearman_confirmatory.csv,3,p_value,0.002746688000354,,,,,,,,,,,,,,,,,,,,,,all_tasks,all,PTSD,0.005493376000708,True,0.005493376000708,True,2.0,summary_scores,Generalized traveling score,,traveling_score_TR_AA_over_TR_PP,all,/mnt/d/Thesis Masters/thesis-runs/codebase/ela_primary_feature_list_template.csv
HC,BAI_pre,dyn_Direct_transitions_from_B3_to_B4,24.0,0.5438315790173375,0.0060156822864541,holm,0.0120313645729082,True,clinical_spearman_confirmatory.csv,/mnt/d/Thesis Masters/thesis-runs/ELA_run_5ROI/_merged_fit_runs_ela_5ROI/merge_renewal_ela_5ROI/ELA_features/confirmatory_analysis_v3/clinical_spearman_confirmatory.csv,4,p_value,0.0060156822864541,,,,,,,,,,,,,,,,,,,,,,all_tasks,all,HC,0.0120313645729082,True,0.0120313645729082,True,2.0,peripheral_to_major_edges,Safety-like B3 to all-on B4 return route,,dyn_Direct_transitions_from_B3_to_B4,all,/mnt/d/Thesis Masters/thesis-runs/codebase/ela_primary_feature_list_template.csv
all,IUS,event_trial_type_onset__CSminus_freq_B3,47.0,-0.3818120353166109,0.0080910561373749,holm,0.0161821122747498,True,clinical_spearman_confirmatory.csv,/mnt/d/Thesis Masters/thesis-runs/ELA_run_5ROI/_merged_fit_runs_ela_5ROI/merge_renewal_ela_5ROI/ELA_features/confirmatory_analysis_v3/clinical_spearman_confirmatory.csv,5,p_value,0.0080910561373749,,,,,,,,,,,,,,,,,,,,,,all_tasks,all,all,0.0161821122747498,True,0.0161821122747498,True,2.0,renewal_safety_retrieval,CS− safety-like B3 occupancy during renewal,,event_trial_type_onset__CSminus_freq_B3,renewal,/mnt/d/Thesis Masters/thesis-runs/codebase/ela_primary_feature_list_template.csv
PTSD,SAI_pre,event_trial_type_hrf4__CSplus_freq_B4,23.0,0.524175954536858,0.0102441720751768,holm,0.0102441720751768,True,clinical_spearman_confirmatory.csv,/mnt/d/Thesis Masters/thesis-runs/ELA_run_5ROI/_merged_fit_runs_ela_5ROI/merge_renewal_ela_5ROI/ELA_features/confirmatory_analysis_v3/clinical_spearman_confirmatory.csv,6,p_value,0.0102441720751768,,,,,,,,,,,,,,,,,,,,,,all_tasks,all,PTSD,0.0102441720751768,True,0.0102441720751768,True,1.0,global_locking,CS+ all-on/global locking,,event_trial_type_hrf4__CSplus_freq_B4,all,/mnt/d/Thesis Masters/thesis-runs/codebase/ela_primary_feature_list_template.csv
HC,SAI_pre,event_trial_type_onset__CSminus_freq_B1,24.0,-0.5118610212057937,0.0105617955858062,holm,0.0211235911716124,True,clinical_spearman_confirmatory.csv,/mnt/d/Thesis Masters/thesis-runs/ELA_run_5ROI/_merged_fit_runs_ela_5ROI/merge_renewal_ela_5ROI/ELA_features/confirmatory_analysis_v3/clinical_spearman_confirmatory.csv,7,p_value,0.0105617955858062,,,,,,,,,,,,,,,,,,,,,,all_tasks,all,HC,0.0211235911716124,True,0.0211235911716124,True,2.0,renewal_safety_retrieval,CS− all-off occupancy during renewal,,event_trial_type_onset__CSminus_freq_B1,renewal,/mnt/d/Thesis Masters/thesis-runs/codebase/ela_primary_feature_list_template.csv
all,BAI_pre,basin_entropy,48.0,-0.360335371068299,0.0118757366435913,holm,0.0118757366435913,True,clinical_spearman_confirmatory.csv,/mnt/d/Thesis Masters/thesis-runs/ELA_run_5ROI/_merged_fit_runs_ela_5ROI/merge_renewal_ela_5ROI/ELA_features/confirmatory_analysis_v3/clinical_spearman_confirmatory.csv,8,p_value,0.0118757366435913,,,,,,,,,,,,,,,,,,,,,,all_tasks,all,all,0.0118757366435913,True,0.0118757366435913,True,1.0,flexibility,Basin repertoire/flexibility,,basin_entropy,all,/mnt/d/Thesis Masters/thesis-runs/codebase/ela_primary_feature_list_template.csv
PTSD,BAI_pre,event_trial_type_hrf4__CSplus_freq_B2,23.0,-0.5074223167490685,0.0134541891955426,holm,0.0269083783910852,True,clinical_spearman_confirmatory.csv,/mnt/d/Thesis Masters/thesis-runs/ELA_run_5ROI/_merged_fit_runs_ela_5ROI/merge_renewal_ela_5ROI/ELA_features/confirmatory_analysis_v3/clinical_spearman_confirmatory.csv,9,p_value,0.0134541891955426,,,,,,,,,,,,,,,,,,,,,,all_tasks,all,PTSD,0.0269083783910852,True,0.0269083783910852,True,2.0,event_threat_safety,CS+ recruitment of threat-like B2,,event_trial_type_hrf4__CSplus_freq_B2,all,/mnt/d/Thesis Masters/thesis-runs/codebase/ela_primary_feature_list_template.csv
HC,SAI_pre,event_trial_type_onset__CSminus_freq_B3,24.0,0.4843002278309323,0.0164774489944557,holm,0.0211235911716124,True,clinical_spearman_confirmatory.csv,/mnt/d/Thesis Masters/thesis-runs/ELA_run_5ROI/_merged_fit_runs_ela_5ROI/merge_renewal_ela_5ROI/ELA_features/confirmatory_analysis_v3/clinical_spearman_confirmatory.csv,10,p_value,0.0164774489944557,,,,,,,,,,,,,,,,,,,,,,all_tasks,all,HC,0.0329548979889114,True,0.0211235911716124,True,2.0,renewal_safety_retrieval,CS− safety-like B3 occupancy during renewal,,event_trial_type_onset__CSminus_freq_B3,renewal,/mnt/d/Thesis Masters/thesis-runs/codebase/ela_primary_feature_list_template.csv
HC,BAI_pre,traveling_score_TR_AA_over_TR_PP,24.0,0.4792678371680615,0.0178048504687351,holm,0.0356097009374702,True,clinical_spearman_confirmatory.csv,/mnt/d/Thesis Masters/thesis-runs/ELA_run_5ROI/_merged_fit_runs_ela_5ROI/merge_renewal_ela_5ROI/ELA_features/confirmatory_analysis_v3/clinical_spearman_confirmatory.csv,11,p_value,0.0178048504687351,,,,,,,,,,,,,,,,,,,,,,all_tasks,all,HC,0.0356097009374702,True,0.0356097009374702,True,2.0,summary_scores,Generalized traveling score,,traveling_score_TR_AA_over_TR_PP,all,/mnt/d/Thesis Masters/thesis-runs/codebase/ela_primary_feature_list_template.csv
PTSD,BAI_pre,basin_entropy,24.0,-0.4577533079096129,0.0244965692452401,holm,0.0244965692452401,True,clinical_spearman_confirmatory.csv,/mnt/d/Thesis Masters/thesis-runs/ELA_run_5ROI/_merged_fit_runs_ela_5ROI/merge_renewal_ela_5ROI/ELA_features/confirmatory_analysis_v3/clinical_spearman_confirmatory.csv,12,p_value,0.0244965692452401,,,,,,,,,,,,,,,,,,,,,,all_tasks,all,PTSD,0.0244965692452401,True,0.0244965692452401,True,1.0,flexibility,Basin repertoire/flexibility,,basin_entropy,all,/mnt/d/Thesis Masters/thesis-runs/codebase/ela_primary_feature_list_template.csv
HC,BAI_pre,event_trial_type_hrf4__CSplus_freq_B4,24.0,-0.4228342585077422,0.039535241649397,holm,0.039535241649397,True,clinical_spearman_confirmatory.csv,/mnt/d/Thesis Masters/thesis-runs/ELA_run_5ROI/_merged_fit_runs_ela_5ROI/merge_renewal_ela_5ROI/ELA_features/confirmatory_analysis_v3/clinical_spearman_confirmatory.csv,13,p_value,0.039535241649397,,,,,,,,,,,,,,,,,,,,,,all_tasks,all,HC,0.039535241649397,True,0.039535241649397,True,1.0,global_locking,CS+ all-on/global locking,,event_trial_type_hrf4__CSplus_freq_B4,all,/mnt/d/Thesis Masters/thesis-runs/codebase/ela_primary_feature_list_template.csv
HC,SAI_pre,traveling_score_TR_AA_over_TR_PP,24.0,-0.4216946299120516,0.0401269087574743,holm,0.0802538175149486,False,clinical_spearman_confirmatory.csv,/mnt/d/Thesis Masters/thesis-runs/ELA_run_5ROI/_merged_fit_runs_ela_5ROI/merge_renewal_ela_5ROI/ELA_features/confirmatory_analysis_v3/clinical_spearman_confirmatory.csv,14,p_value,0.0401269087574743,,,,,,,,,,,,,,,,,,,,,,all_tasks,all,HC,0.0802538175149486,False,0.0802538175149486,False,2.0,summary_scores,Generalized traveling score,,traveling_score_TR_AA_over_TR_PP,all,/mnt/d/Thesis Masters/thesis-runs/codebase/ela_primary_feature_list_template.csv
HC,BDI,event_trial_type_onset__CSminus_freq_B1,23.0,-0.4281854004736354,0.0415136694005431,holm,0.0830273388010862,False,clinical_spearman_confirmatory.csv,/mnt/d/Thesis Masters/thesis-runs/ELA_run_5ROI/_merged_fit_runs_ela_5ROI/merge_renewal_ela_5ROI/ELA_features/confirmatory_analysis_v3/clinical_spearman_confirmatory.csv,15,p_value,0.0415136694005431,,,,,,,,,,,,,,,,,,,,,,all_tasks,all,HC,0.0830273388010862,False,0.0830273388010862,False,2.0,renewal_safety_retrieval,CS− all-off occupancy during renewal,,event_trial_type_onset__CSminus_freq_B1,renewal,/mnt/d/Thesis Masters/thesis-runs/codebase/ela_primary_feature_list_template.csv
HC,BAI_pre,peripheral_transition_rate_TR_P_to_Pprime,24.0,-0.4076352263019661,0.0480155569860502,holm,0.1440466709581508,False,clinical_spearman_confirmatory.csv,/mnt/d/Thesis Masters/thesis-runs/ELA_run_5ROI/_merged_fit_runs_ela_5ROI/merge_renewal_ela_5ROI/ELA_features/confirmatory_analysis_v3/clinical_spearman_confirmatory.csv,16,p_value,0.0480155569860502,,,,,,,,,,,,,,,,,,,,,,all_tasks,all,HC,0.1440466709581508,False,0.1440466709581508,False,3.0,major_peripheral_dynamics,Movement among peripheral threat/safety basins,,peripheral_transition_rate_TR_P_to_Pprime,all,/mnt/d/Thesis Masters/thesis-runs/codebase/ela_primary_feature_list_template.csv
PTSD,IUS,traveling_score_TR_AA_over_TR_PP,20.0,0.4284099472494347,0.0594861585234485,holm,0.1189723170468971,False,clinical_spearman_confirmatory.csv,/mnt/d/Thesis Masters/thesis-runs/ELA_run_5ROI/_merged_fit_runs_ela_5ROI/merge_renewal_ela_5ROI/ELA_features/confirmatory_analysis_v3/clinical_spearman_confirmatory.csv,17,p_value,0.0594861585234485,,,,,,,,,,,,,,,,,,,,,,all_tasks,all,PTSD,0.1189723170468971,False,0.1189723170468971,False,2.0,summary_scores,Generalized traveling score,,traveling_score_TR_AA_over_TR_PP,all,/mnt/d/Thesis Masters/thesis-runs/codebase/ela_primary_feature_list_template.csv
all,SAI_pre,event_trial_type_hrf4__CSplus_freq_B4,47.0,0.2674503259120347,0.0691497680345344,holm,0.0691497680345344,False,clinical_spearman_confirmatory.csv,/mnt/d/Thesis Masters/thesis-runs/ELA_run_5ROI/_merged_fit_runs_ela_5ROI/merge_renewal_ela_5ROI/ELA_features/confirmatory_analysis_v3/clinical_spearman_confirmatory.csv,18,p_value,0.0691497680345344,,,,,,,,,,,,,,,,,,,,,,all_tasks,all,all,0.0691497680345344,False,0.0691497680345344,False,1.0,global_locking,CS+ all-on/global locking,,event_trial_type_hrf4__CSplus_freq_B4,all,/mnt/d/Thesis Masters/thesis-runs/codebase/ela_primary_feature_list_template.csv
PTSD,BAI_pre,peripheral_transition_rate_TR_P_to_Pprime,24.0,-0.3744552425740907,0.0714261668430876,holm,0.2142785005292628,False,clinical_spearman_confirmatory.csv,/mnt/d/Thesis Masters/thesis-runs/ELA_run_5ROI/_merged_fit_runs_ela_5ROI/merge_renewal_ela_5ROI/ELA_features/confirmatory_analysis_v3/clinical_spearman_confirmatory.csv,19,p_value,0.0714261668430876,,,,,,,,,,,,,,,,,,,,,,all_tasks,all,PTSD,0.2142785005292628,False,0.2142785005292628,False,3.0,major_peripheral_dynamics,Movement among peripheral threat/safety basins,,peripheral_transition_rate_TR_P_to_Pprime,all,/mnt/d/Thesis Masters/thesis-runs/codebase/ela_primary_feature_list_template.csv
PTSD,IUS,peripheral_transition_rate_TR_P_to_Pprime,23.0,-0.3767326732673267,0.0764043992261517,holm,0.2292131976784552,False,clinical_spearman_confirmatory.csv,/mnt/d/Thesis Masters/thesis-runs/ELA_run_5ROI/_merged_fit_runs_ela_5ROI/merge_renewal_ela_5ROI/ELA_features/confirmatory_analysis_v3/clinical_spearman_confirmatory.csv,20,p_value,0.0764043992261517,,,,,,,,,,,,,,,,,,,,,,all_tasks,all,PTSD,0.2292131976784552,False,0.2292131976784552,False,3.0,major_peripheral_dynamics,Movement among peripheral threat/safety basins,,peripheral_transition_rate_TR_P_to_Pprime,all,/mnt/d/Thesis Masters/thesis-runs/codebase/ela_primary_feature_list_template.csv
,,dyn_Direct_transitions_from_B2_to_B1,48.0,,0.0065773764398506,holm,0.0131547528797012,True,covariate_models_confirmatory.csv,/mnt/d/Thesis Masters/thesis-runs/ELA_run_5ROI/_merged_fit_runs_ela_5ROI/merge_renewal_ela_5ROI/ELA_features/confirmatory_analysis_v3/covariate_models_confirmatory.csv,1,p_value,0.0065773764398506,dyn_Direct_transitions_from_B2_to_B1 ~ C(group) + age + C(sex),C(group)[T.PTSD],-0.0162257513167247,-2.852942739492288,0.1907888383433589,0.1356153500485879,,,,,,,,,,,,,,,,all,,,0.0131547528797012,True,0.0131547528797012,True,2.0,peripheral_to_major_edges,Threat-like B2 to all-off B1 return route,,dyn_Direct_transitions_from_B2_to_B1,,/mnt/d/Thesis Masters/thesis-runs/codebase/ela_primary_feature_list_template.csv
,,basin_entropy,48.0,,0.0754623748284254,holm,0.0754623748284254,False,covariate_models_confirmatory.csv,/mnt/d/Thesis Masters/thesis-runs/ELA_run_5ROI/_merged_fit_runs_ela_5ROI/merge_renewal_ela_5ROI/ELA_features/confirmatory_analysis_v3/covariate_models_confirmatory.csv,2,p_value,0.0754623748284254,basin_entropy ~ C(group) + age + C(sex),C(group)[T.PTSD],-0.0355827230370913,-1.820668615398659,0.0823067148699742,0.0197367181565634,,,,,,,,,,,,,,,,all,,,0.0754623748284254,False,0.0754623748284254,False,1.0,flexibility,Basin repertoire/flexibility,,basin_entropy,,/mnt/d/Thesis Masters/thesis-runs/codebase/ela_primary_feature_list_template.csv
,,event_trial_type_hrf4__CSplus_freq_B4,47.0,,0.0854776618676049,holm,0.0854776618676049,False,covariate_models_confirmatory.csv,/mnt/d/Thesis Masters/thesis-runs/ELA_run_5ROI/_merged_fit_runs_ela_5ROI/merge_renewal_ela_5ROI/ELA_features/confirmatory_analysis_v3/covariate_models_confirmatory.csv,3,p_value,0.0854776618676049,event_trial_type_hrf4__CSplus_freq_B4 ~ C(group) + age + C(sex),C(group)[T.PTSD],0.0604376179174692,1.760248166478117,0.1551723514211362,0.0962308875667969,,,,,,,,,,,,,,,,all,,,0.0854776618676049,False,0.0854776618676049,False,1.0,global_locking,CS+ all-on/global locking,,event_trial_type_hrf4__CSplus_freq_B4,,/mnt/d/Thesis Masters/thesis-runs/codebase/ela_primary_feature_list_template.csv
,,event_trial_type_onset__CSminus_freq_B1,48.0,,0.0928489471174728,holm,0.1856978942349456,False,covariate_models_confirmatory.csv,/mnt/d/Thesis Masters/thesis-runs/ELA_run_5ROI/_merged_fit_runs_ela_5ROI/merge_renewal_ela_5ROI/ELA_features/confirmatory_analysis_v3/covariate_models_confirmatory.csv,4,p_value,0.0928489471174728,event_trial_type_onset__CSminus_freq_B1 ~ C(group) + age + C(sex),C(group)[T.PTSD],0.0523495646893949,1.7178832217729467,0.2162286734170114,0.1627897193318077,,,,,,,,,,,,,,,,renewal,,,0.1856978942349456,False,0.1856978942349456,False,2.0,renewal_safety_retrieval,CS− all-off occupancy during renewal,,event_trial_type_onset__CSminus_freq_B1,,/mnt/d/Thesis Masters/thesis-runs/codebase/ela_primary_feature_list_template.csv
,,event_trial_type_onset__CSminus_freq_B3,48.0,,0.1421966998847089,holm,0.1856978942349456,False,covariate_models_confirmatory.csv,/mnt/d/Thesis Masters/thesis-runs/ELA_run_5ROI/_merged_fit_runs_ela_5ROI/merge_renewal_ela_5ROI/ELA_features/confirmatory_analysis_v3/covariate_models_confirmatory.csv,5,p_value,0.1421966998847089,event_trial_type_onset__CSminus_freq_B3 ~ C(group) + age + C(sex),C(group)[T.PTSD],-0.0473108570543824,-1.494446335604724,0.1145616717671927,0.0541908766604105,,,,,,,,,,,,,,,,renewal,,,0.2843933997694179,False,0.1856978942349456,False,2.0,renewal_safety_retrieval,CS− safety-like B3 occupancy during renewal,,event_trial_type_onset__CSminus_freq_B3,,/mnt/d/Thesis Masters/thesis-runs/codebase/ela_primary_feature_list_template.csv
,,peripheral_to_major_rate,48.0,,0.1591771426555722,holm,0.4775314279667166,False,covariate_models_confirmatory.csv,/mnt/d/Thesis Masters/thesis-runs/ELA_run_5ROI/_merged_fit_runs_ela_5ROI/merge_renewal_ela_5ROI/ELA_features/confirmatory_analysis_v3/covariate_models_confirmatory.csv,6,p_value,0.1591771426555722,peripheral_to_major_rate ~ C(group) + age + C(sex),C(group)[T.PTSD],-0.0176298248649036,-1.4321147838149964,0.0981385501357803,0.0366479967359472,,,,,,,,,,,,,,,,all,,,0.4775314279667166,False,0.4775314279667166,False,3.0,major_peripheral_dynamics,Summary return from peripheral to major basins,,peripheral_to_major_rate,,/mnt/d/Thesis Masters/thesis-runs/codebase/ela_primary_feature_list_template.csv
,,traveling_score_TR_AA_over_TR_PP,45.0,,0.2670954510542062,holm,0.5341909021084124,False,covariate_models_confirmatory.csv,/mnt/d/Thesis Masters/thesis-runs/ELA_run_5ROI/_merged_fit_runs_ela_5ROI/merge_renewal_ela_5ROI/ELA_features/confirmatory_analysis_v3/covariate_models_confirmatory.csv,7,p_value,0.2670954510542062,traveling_score_TR_AA_over_TR_PP ~ C(group) + age + C(sex),C(group)[T.PTSD],2.5519397813601667,1.1250873592837338,0.1126956613568489,0.0477709536512525,,,,,,,,,,,,,,,,all,,,0.5341909021084124,False,0.5341909021084124,False,2.0,summary_scores,Generalized traveling score,,traveling_score_TR_AA_over_TR_PP,,/mnt/d/Thesis Masters/thesis-runs/codebase/ela_primary_feature_list_template.csv
,,dyn_Direct_transitions_from_B3_to_B4,48.0,,0.413124271539724,holm,0.413124271539724,False,covariate_models_confirmatory.csv,/mnt/d/Thesis Masters/thesis-runs/ELA_run_5ROI/_merged_fit_runs_ela_5ROI/merge_renewal_ela_5ROI/ELA_features/confirmatory_analysis_v3/covariate_models_confirmatory.csv,8,p_value,0.413124271539724,dyn_Direct_transitions_from_B3_to_B4 ~ C(group) + age + C(sex),C(group)[T.PTSD],-0.0057614962657823,-0.8262429985604078,0.0450581468561582,-0.0200515249491035,,,,,,,,,,,,,,,,all,,,0.826248543079448,False,0.413124271539724,False,2.0,peripheral_to_major_edges,Safety-like B3 to all-on B4 return route,,dyn_Direct_transitions_from_B3_to_B4,,/mnt/d/Thesis Masters/thesis-runs/codebase/ela_primary_feature_list_template.csv
,,peripheral_transition_rate_TR_P_to_Pprime,48.0,,0.5051690424852535,holm,1.0,False,covariate_models_confirmatory.csv,/mnt/d/Thesis Masters/thesis-runs/ELA_run_5ROI/_merged_fit_runs_ela_5ROI/merge_renewal_ela_5ROI/ELA_features/confirmatory_analysis_v3/covariate_models_confirmatory.csv,9,p_value,0.5051690424852535,peripheral_transition_rate_TR_P_to_Pprime ~ C(group) + age + C(sex),C(group)[T.PTSD],-0.0067219306632166,-0.6718860061932085,0.031671288431342,-0.0343511237210663,,,,,,,,,,,,,,,,all,,,1.0,False,1.0,False,3.0,major_peripheral_dynamics,Movement among peripheral threat/safety basins,,peripheral_transition_rate_TR_P_to_Pprime,,/mnt/d/Thesis Masters/thesis-runs/codebase/ela_primary_feature_list_template.csv
,,event_trial_type_hrf4__CSminus_freq_B3,48.0,,0.794376085673052,holm,1.0,False,covariate_models_confirmatory.csv,/mnt/d/Thesis Masters/thesis-runs/ELA_run_5ROI/_merged_fit_runs_ela_5ROI/merge_renewal_ela_5ROI/ELA_features/confirmatory_analysis_v3/covariate_models_confirmatory.csv,10,p_value,0.794376085673052,event_trial_type_hrf4__CSminus_freq_B3 ~ C(group) + age + C(sex),C(group)[T.PTSD],-0.0107747965161002,-0.2622194031772989,0.0869758037808321,0.0247241540386161,,,,,,,,,,,,,,,,all,,,1.0,False,1.0,False,2.0,event_threat_safety,CS− recruitment of safety-like B3,,event_trial_type_hrf4__CSminus_freq_B3,,/mnt/d/Thesis Masters/thesis-runs/codebase/ela_primary_feature_list_template.csv
,,event_trial_type_hrf4__CSplus_freq_B2,47.0,,0.8144101011316859,holm,1.0,False,covariate_models_confirmatory.csv,/mnt/d/Thesis Masters/thesis-runs/ELA_run_5ROI/_merged_fit_runs_ela_5ROI/merge_renewal_ela_5ROI/ELA_features/confirmatory_analysis_v3/covariate_models_confirmatory.csv,11,p_value,0.8144101011316859,event_trial_type_hrf4__CSplus_freq_B2 ~ C(group) + age + C(sex),C(group)[T.PTSD],0.0096321365824479,0.2361855836454862,0.1037796102093959,0.0412526062705167,,,,,,,,,,,,,,,,all,,,1.0,False,1.0,False,2.0,event_threat_safety,CS+ recruitment of threat-like B2,,event_trial_type_hrf4__CSplus_freq_B2,,/mnt/d/Thesis Masters/thesis-runs/codebase/ela_primary_feature_list_template.csv
,,lingering_score_SR_AA_plus_SR_PP,48.0,,0.8301512350344236,holm,0.8301512350344236,False,covariate_models_confirmatory.csv,/mnt/d/Thesis Masters/thesis-runs/ELA_run_5ROI/_merged_fit_runs_ela_5ROI/merge_renewal_ela_5ROI/ELA_features/confirmatory_analysis_v3/covariate_models_confirmatory.csv,12,p_value,0.8301512350344236,lingering_score_SR_AA_plus_SR_PP ~ C(group) + age + C(sex),C(group)[T.PTSD],0.0070946950382615,0.215786712639452,0.0259803416605668,-0.040430089589849,,,,,,,,,,,,,,,,all,,,1.0,False,0.8301512350344236,False,2.0,summary_scores,Generalized lingering score,,lingering_score_SR_AA_plus_SR_PP,,/mnt/d/Thesis Masters/thesis-runs/codebase/ela_primary_feature_list_template.csv
,,staying_rate_major_SR_A_to_A,48.0,,0.9262782905432134,holm,1.0,False,covariate_models_confirmatory.csv,/mnt/d/Thesis Masters/thesis-runs/ELA_run_5ROI/_merged_fit_runs_ela_5ROI/merge_renewal_ela_5ROI/ELA_features/confirmatory_analysis_v3/covariate_models_confirmatory.csv,13,p_value,0.9262782905432134,staying_rate_major_SR_A_to_A ~ C(group) + age + C(sex),C(group)[T.PTSD],0.0031171263229046,0.0930600711662,0.0538936619086625,-0.0106135884157467,,,,,,,,,,,,,,,,all,,,1.0,False,1.0,False,3.0,major_peripheral_dynamics,Major-basin staying/locking,,staying_rate_major_SR_A_to_A,,/mnt/d/Thesis Masters/thesis-runs/codebase/ela_primary_feature_list_template.csv
,,event_trial_type_onset__CSminus_freq_B3,,,0.0062634239848438,holm,0.0125268479696876,True,group_tests_confirmatory.csv,/mnt/d/Thesis Masters/thesis-runs/ELA_run_5ROI/_merged_fit_runs_ela_5ROI/merge_renewal_ela_5ROI/ELA_features/confirmatory_analysis_v3/group_tests_confirmatory.csv,1,p_value,0.0062634239848438,,,,,,,group_overall,mannwhitney_u,24.0,24.0,HC,PTSD,0.2539487537722795,0.1978196239447192,0.2546296296296296,0.1726190476190475,0.0561291298275602,421.0,0.6403040261756398,0.4618055555555556,,renewal,,,0.0125268479696876,True,0.0125268479696876,True,2.0,renewal_safety_retrieval,CS− safety-like B3 occupancy during renewal,,event_trial_type_onset__CSminus_freq_B3,,/mnt/d/Thesis Masters/thesis-runs/codebase/ela_primary_feature_list_template.csv
,,event_trial_type_onset__CSminus_freq_B1,,,0.0071173538619583,holm,0.0125268479696876,True,group_tests_confirmatory.csv,/mnt/d/Thesis Masters/thesis-runs/ELA_run_5ROI/_merged_fit_runs_ela_5ROI/merge_renewal_ela_5ROI/ELA_features/confirmatory_analysis_v3/group_tests_confirmatory.csv,2,p_value,0.0071173538619583,,,,,,,group_overall,mannwhitney_u,24.0,24.0,HC,PTSD,0.3438191380292204,0.4211106769921606,0.3670033670033669,0.4082491582491582,-0.0772915389629401,157.0,-0.9018245496539744,-0.4548611111111111,,renewal,,,0.0142347077239167,True,0.0125268479696876,True,2.0,renewal_safety_retrieval,CS− all-off occupancy during renewal,,event_trial_type_onset__CSminus_freq_B1,,/mnt/d/Thesis Masters/thesis-runs/codebase/ela_primary_feature_list_template.csv
,,event_trial_type_hrf4__CSplus_freq_B4,,,0.032378204796279,holm,0.032378204796279,True,group_tests_confirmatory.csv,/mnt/d/Thesis Masters/thesis-runs/ELA_run_5ROI/_merged_fit_runs_ela_5ROI/merge_renewal_ela_5ROI/ELA_features/confirmatory_analysis_v3/group_tests_confirmatory.csv,3,p_value,0.032378204796279,,,,,,,group_overall,mannwhitney_u,24.0,23.0,HC,PTSD,0.2957396425601293,0.3654487168440317,0.2958333333333333,0.3846153846153846,-0.0697090742839023,175.0,-0.7443763259952534,-0.3659420289855072,,all,,,0.032378204796279,True,0.032378204796279,True,1.0,global_locking,CS+ all-on/global locking,,event_trial_type_hrf4__CSplus_freq_B4,,/mnt/d/Thesis Masters/thesis-runs/codebase/ela_primary_feature_list_template.csv
,,dyn_Direct_transitions_from_B2_to_B1,,,0.0382240713622033,holm,0.0764481427244066,False,group_tests_confirmatory.csv,/mnt/d/Thesis Masters/thesis-runs/ELA_run_5ROI/_merged_fit_runs_ela_5ROI/merge_renewal_ela_5ROI/ELA_features/confirmatory_analysis_v3/group_tests_confirmatory.csv,4,p_value,0.0382240713622033,,,,,,,group_overall,mannwhitney_u,24.0,24.0,HC,PTSD,0.0560351666666666,0.0451115,0.05303,0.045921,0.0109236666666666,389.0,0.6656983020702546,0.3506944444444444,,all,,,0.0764481427244066,False,0.0764481427244066,False,2.0,peripheral_to_major_edges,Threat-like B2 to all-off B1 return route,,dyn_Direct_transitions_from_B2_to_B1,,/mnt/d/Thesis Masters/thesis-runs/codebase/ela_primary_feature_list_template.csv
,,peripheral_transition_rate_TR_P_to_Pprime,,,0.2159208684179424,holm,0.6477626052538273,False,group_tests_confirmatory.csv,/mnt/d/Thesis Masters/thesis-runs/ELA_run_5ROI/_merged_fit_runs_ela_5ROI/merge_renewal_ela_5ROI/ELA_features/confirmatory_analysis_v3/group_tests_confirmatory.csv,5,p_value,0.2159208684179424,,,,,,,group_overall,mannwhitney_u,24.0,24.0,HC,PTSD,0.0390512390384054,0.0364267828241342,0.0373155109997214,0.0261154657823333,0.0026244562142711,348.5,0.0942735140980761,0.2100694444444444,,all,,,0.6477626052538273,False,0.6477626052538273,False,3.0,major_peripheral_dynamics,Movement among peripheral threat/safety basins,,peripheral_transition_rate_TR_P_to_Pprime,,/mnt/d/Thesis Masters/thesis-runs/codebase/ela_primary_feature_list_template.csv
,,dyn_Direct_transitions_from_B3_to_B4,,,0.2439892008367257,holm,0.2439892008367257,False,group_tests_confirmatory.csv,/mnt/d/Thesis Masters/thesis-runs/ELA_run_5ROI/_merged_fit_runs_ela_5ROI/merge_renewal_ela_5ROI/ELA_features/confirmatory_analysis_v3/group_tests_confirmatory.csv,6,p_value,0.2439892008367257,,,,,,,group_overall,mannwhitney_u,24.0,24.0,HC,PTSD,0.0559593333333333,0.0489412083333333,0.057902,0.051136,0.0070181249999999,345.0,0.3649498773622842,0.1979166666666666,,all,,,0.4879784016734514,False,0.2439892008367257,False,2.0,peripheral_to_major_edges,Safety-like B3 to all-on B4 return route,,dyn_Direct_transitions_from_B3_to_B4,,/mnt/d/Thesis Masters/thesis-runs/codebase/ela_primary_feature_list_template.csv
,,event_trial_type_hrf4__CSminus_freq_B3,,,0.2610454478032313,holm,0.5220908956064627,False,group_tests_confirmatory.csv,/mnt/d/Thesis Masters/thesis-runs/ELA_run_5ROI/_merged_fit_runs_ela_5ROI/merge_renewal_ela_5ROI/ELA_features/confirmatory_analysis_v3/group_tests_confirmatory.csv,7,p_value,0.2610454478032313,,,,,,,group_overall,mannwhitney_u,24.0,24.0,HC,PTSD,0.2151220771462411,0.177688859636948,0.2041666666666666,0.1574074074074073,0.037433217509293,343.0,0.3217930003850199,0.1909722222222222,,all,,,0.5220908956064627,False,0.5220908956064627,False,2.0,event_threat_safety,CS− recruitment of safety-like B3,,event_trial_type_hrf4__CSminus_freq_B3,,/mnt/d/Thesis Masters/thesis-runs/codebase/ela_primary_feature_list_template.csv
,,peripheral_to_major_rate,,,0.375166331935324,holm,0.750332663870648,False,group_tests_confirmatory.csv,/mnt/d/Thesis Masters/thesis-runs/ELA_run_5ROI/_merged_fit_runs_ela_5ROI/merge_renewal_ela_5ROI/ELA_features/confirmatory_analysis_v3/group_tests_confirmatory.csv,8,p_value,0.375166331935324,,,,,,,group_overall,mannwhitney_u,24.0,24.0,HC,PTSD,0.2169249024524772,0.2049595892442767,0.2124060150375938,0.2116204690831556,0.0119653132082005,331.5,0.3418043478819201,0.1510416666666666,,all,,,1.0,False,0.750332663870648,False,3.0,major_peripheral_dynamics,Summary return from peripheral to major basins,,peripheral_to_major_rate,,/mnt/d/Thesis Masters/thesis-runs/codebase/ela_primary_feature_list_template.csv
,,staying_rate_major_SR_A_to_A,,,0.3808478181551693,holm,0.750332663870648,False,group_tests_confirmatory.csv,/mnt/d/Thesis Masters/thesis-runs/ELA_run_5ROI/_merged_fit_runs_ela_5ROI/merge_renewal_ela_5ROI/ELA_features/confirmatory_analysis_v3/group_tests_confirmatory.csv,9,p_value,0.3808478181551693,,,,,,,group_overall,mannwhitney_u,24.0,24.0,HC,PTSD,0.2647281345215639,0.2745273650445319,0.2459413459020685,0.26800460917995,-0.009799230522968,245.0,-0.1039481286665122,-0.1493055555555555,,all,,,1.0,False,0.750332663870648,False,3.0,major_peripheral_dynamics,Major-basin staying/locking,,staying_rate_major_SR_A_to_A,,/mnt/d/Thesis Masters/thesis-runs/codebase/ela_primary_feature_list_template.csv
,,basin_entropy,,,0.3921551216382412,holm,0.3921551216382412,False,group_tests_confirmatory.csv,/mnt/d/Thesis Masters/thesis-runs/ELA_run_5ROI/_merged_fit_runs_ela_5ROI/merge_renewal_ela_5ROI/ELA_features/confirmatory_analysis_v3/group_tests_confirmatory.csv,10,p_value,0.3921551216382412,,,,,,,group_overall,mannwhitney_u,24.0,24.0,HC,PTSD,0.9556473589044212,0.9304664478219818,0.9626721687330584,0.957316951672198,0.0251809110824394,330.0,0.462641574926849,0.1458333333333333,,all,,,0.3921551216382412,False,0.3921551216382412,False,1.0,flexibility,Basin repertoire/flexibility,,basin_entropy,,/mnt/d/Thesis Masters/thesis-runs/codebase/ela_primary_feature_list_template.csv
,,lingering_score_SR_AA_plus_SR_PP,,,0.4641699943597949,holm,0.9283399887195898,False,group_tests_confirmatory.csv,/mnt/d/Thesis Masters/thesis-runs/ELA_run_5ROI/_merged_fit_runs_ela_5ROI/merge_renewal_ela_5ROI/ELA_features/confirmatory_analysis_v3/group_tests_confirmatory.csv,11,p_value,0.4641699943597949,,,,,,,group_overall,mannwhitney_u,24.0,24.0,HC,PTSD,0.359884106958455,0.3660301242894659,0.3478395061728395,0.3788801735647529,-0.0061460173310109,252.0,-0.0673379423194207,-0.125,,all,,,0.9283399887195898,False,0.9283399887195898,False,2.0,summary_scores,Generalized lingering score,,lingering_score_SR_AA_plus_SR_PP,,/mnt/d/Thesis Masters/thesis-runs/codebase/ela_primary_feature_list_template.csv
,,traveling_score_TR_AA_over_TR_PP,,,0.5616362772902412,holm,0.9283399887195898,False,group_tests_confirmatory.csv,/mnt/d/Thesis Masters/thesis-runs/ELA_run_5ROI/_merged_fit_runs_ela_5ROI/merge_renewal_ela_5ROI/ELA_features/confirmatory_analysis_v3/group_tests_confirmatory.csv,12,p_value,0.5616362772902412,,,,,,,group_overall,mannwhitney_u,24.0,21.0,HC,PTSD,6.269907407407408,8.244480519480518,4.4,6.0,-1.9745731120731105,226.0,-0.3177069579956287,-0.1031746031746031,,all,,,1.0,False,0.9283399887195898,False,2.0,summary_scores,Generalized traveling score,,traveling_score_TR_AA_over_TR_PP,,/mnt/d/Thesis Masters/thesis-runs/codebase/ela_primary_feature_list_template.csv
,,event_trial_type_hrf4__CSplus_freq_B2,,,0.6471708964046265,holm,0.6471708964046265,False,group_tests_confirmatory.csv,/mnt/d/Thesis Masters/thesis-runs/ELA_run_5ROI/_merged_fit_runs_ela_5ROI/merge_renewal_ela_5ROI/ELA_features/confirmatory_analysis_v3/group_tests_confirmatory.csv,13,p_value,0.6471708964046265,,,,,,,group_overall,mannwhitney_u,24.0,23.0,HC,PTSD,0.2283829538712483,0.2053496678221615,0.2291666666666666,0.217391304347826,0.0230332860490867,298.0,0.2003922619336833,0.0797101449275362,,all,,,1.0,False,0.6471708964046265,False,2.0,event_threat_safety,CS+ recruitment of threat-like B2,,event_trial_type_hrf4__CSplus_freq_B2,,/mnt/d/Thesis Masters/thesis-runs/codebase/ela_primary_feature_list_template.csv
,BAI_pre,traveling_score_TR_AA_over_TR_PP,45.0,0.5541476450784698,7.836299381394723e-05,holm,0.0001567259876278,True,primary_results_for_manuscript.csv,/mnt/d/Thesis Masters/thesis-runs/ELA_run_5ROI/_merged_fit_runs_ela_5ROI/merge_renewal_ela_5ROI/ELA_features/confirmatory_analysis_v3/primary_results_for_manuscript.csv,1,p_value,7.836299381394723e-05,,,,,,,,,,,,,,,,,,,,,clinical_spearman,all_tasks,all,all,0.0001567259876278,True,0.0001567259876278,True,2.0,summary_scores,Generalized traveling score,corrected_significant,,,
,BAI_pre,peripheral_transition_rate_TR_P_to_Pprime,48.0,-0.4255034160177794,0.0025698246438365,holm,0.0077094739315097,True,primary_results_for_manuscript.csv,/mnt/d/Thesis Masters/thesis-runs/ELA_run_5ROI/_merged_fit_runs_ela_5ROI/merge_renewal_ela_5ROI/ELA_features/confirmatory_analysis_v3/primary_results_for_manuscript.csv,2,p_value,0.0025698246438365,,,,,,,,,,,,,,,,,,,,,clinical_spearman,all_tasks,all,all,0.0077094739315097,True,0.0077094739315097,True,3.0,major_peripheral_dynamics,Movement among peripheral threat/safety basins,corrected_significant,,,
,BAI_pre,traveling_score_TR_AA_over_TR_PP,21.0,0.6194662771153647,0.002746688000354,holm,0.005493376000708,True,primary_results_for_manuscript.csv,/mnt/d/Thesis Masters/thesis-runs/ELA_run_5ROI/_merged_fit_runs_ela_5ROI/merge_renewal_ela_5ROI/ELA_features/confirmatory_analysis_v3/primary_results_for_manuscript.csv,3,p_value,0.002746688000354,,,,,,,,,,,,,,,,,,,,,clinical_spearman,all_tasks,all,PTSD,0.005493376000708,True,0.005493376000708,True,2.0,summary_scores,Generalized traveling score,corrected_significant,,,
,BAI_pre,dyn_Direct_transitions_from_B3_to_B4,24.0,0.5438315790173375,0.0060156822864541,holm,0.0120313645729082,True,primary_results_for_manuscript.csv,/mnt/d/Thesis Masters/thesis-runs/ELA_run_5ROI/_merged_fit_runs_ela_5ROI/merge_renewal_ela_5ROI/ELA_features/confirmatory_analysis_v3/primary_results_for_manuscript.csv,4,p_value,0.0060156822864541,,,,,,,,,,,,,,,,,,,,,clinical_spearman,all_tasks,all,HC,0.0120313645729082,True,0.0120313645729082,True,2.0,peripheral_to_major_edges,Safety-like B3 to all-on B4 return route,corrected_significant,,,
,,event_trial_type_onset__CSminus_freq_B3,,,0.0062634239848438,holm,0.0125268479696876,True,primary_results_for_manuscript.csv,/mnt/d/Thesis Masters/thesis-runs/ELA_run_5ROI/_merged_fit_runs_ela_5ROI/merge_renewal_ela_5ROI/ELA_features/confirmatory_analysis_v3/primary_results_for_manuscript.csv,5,p_value,0.0062634239848438,,,,,,,group_overall,mannwhitney_u,24.0,24.0,,,0.2539487537722795,0.1978196239447192,0.2546296296296296,0.1726190476190475,0.0561291298275602,421.0,0.6403040261756398,0.4618055555555556,overall_group_test,renewal,,,0.0125268479696876,True,0.0125268479696876,True,2.0,renewal_safety_retrieval,CS− safety-like B3 occupancy during renewal,corrected_significant,,,
,,dyn_Direct_transitions_from_B2_to_B1,48.0,,0.0065773764398506,holm,0.0131547528797012,True,primary_results_for_manuscript.csv,/mnt/d/Thesis Masters/thesis-runs/ELA_run_5ROI/_merged_fit_runs_ela_5ROI/merge_renewal_ela_5ROI/ELA_features/confirmatory_analysis_v3/primary_results_for_manuscript.csv,6,p_value,0.0065773764398506,,C(group)[T.PTSD],-0.0162257513167247,-2.852942739492288,,,,,,,,,,,,,,,,,covariate_model,all,,,0.0131547528797012,True,0.0131547528797012,True,2.0,peripheral_to_major_edges,Threat-like B2 to all-off B1 return route,corrected_significant,,,
,,event_trial_type_onset__CSminus_freq_B1,,,0.0071173538619583,holm,0.0125268479696876,True,primary_results_for_manuscript.csv,/mnt/d/Thesis Masters/thesis-runs/ELA_run_5ROI/_merged_fit_runs_ela_5ROI/merge_renewal_ela_5ROI/ELA_features/confirmatory_analysis_v3/primary_results_for_manuscript.csv,7,p_value,0.0071173538619583,,,,,,,group_overall,mannwhitney_u,24.0,24.0,,,0.3438191380292204,0.4211106769921606,0.3670033670033669,0.4082491582491582,-0.0772915389629401,157.0,-0.9018245496539744,-0.4548611111111111,overall_group_test,renewal,,,0.0142347077239167,True,0.0125268479696876,True,2.0,renewal_safety_retrieval,CS− all-off occupancy during renewal,corrected_significant,,,
,IUS,event_trial_type_onset__CSminus_freq_B3,47.0,-0.3818120353166109,0.0080910561373749,holm,0.0161821122747498,True,primary_results_for_manuscript.csv,/mnt/d/Thesis Masters/thesis-runs/ELA_run_5ROI/_merged_fit_runs_ela_5ROI/merge_renewal_ela_5ROI/ELA_features/confirmatory_analysis_v3/primary_results_for_manuscript.csv,8,p_value,0.0080910561373749,,,,,,,,,,,,,,,,,,,,,clinical_spearman,all_tasks,all,all,0.0161821122747498,True,0.0161821122747498,True,2.0,renewal_safety_retrieval,CS− safety-like B3 occupancy during renewal,corrected_significant,,,
,SAI_pre,event_trial_type_hrf4__CSplus_freq_B4,23.0,0.524175954536858,0.0102441720751768,holm,0.0102441720751768,True,primary_results_for_manuscript.csv,/mnt/d/Thesis Masters/thesis-runs/ELA_run_5ROI/_merged_fit_runs_ela_5ROI/merge_renewal_ela_5ROI/ELA_features/confirmatory_analysis_v3/primary_results_for_manuscript.csv,9,p_value,0.0102441720751768,,,,,,,,,,,,,,,,,,,,,clinical_spearman,all_tasks,all,PTSD,0.0102441720751768,True,0.0102441720751768,True,1.0,global_locking,CS+ all-on/global locking,corrected_significant,,,
,SAI_pre,event_trial_type_onset__CSminus_freq_B1,24.0,-0.5118610212057937,0.0105617955858062,holm,0.0211235911716124,True,primary_results_for_manuscript.csv,/mnt/d/Thesis Masters/thesis-runs/ELA_run_5ROI/_merged_fit_runs_ela_5ROI/merge_renewal_ela_5ROI/ELA_features/confirmatory_analysis_v3/primary_results_for_manuscript.csv,10,p_value,0.0105617955858062,,,,,,,,,,,,,,,,,,,,,clinical_spearman,all_tasks,all,HC,0.0211235911716124,True,0.0211235911716124,True,2.0,renewal_safety_retrieval,CS− all-off occupancy during renewal,corrected_significant,,,
,BAI_pre,basin_entropy,48.0,-0.360335371068299,0.0118757366435913,holm,0.0118757366435913,True,primary_results_for_manuscript.csv,/mnt/d/Thesis Masters/thesis-runs/ELA_run_5ROI/_merged_fit_runs_ela_5ROI/merge_renewal_ela_5ROI/ELA_features/confirmatory_analysis_v3/primary_results_for_manuscript.csv,11,p_value,0.0118757366435913,,,,,,,,,,,,,,,,,,,,,clinical_spearman,all_tasks,all,all,0.0118757366435913,True,0.0118757366435913,True,1.0,flexibility,Basin repertoire/flexibility,corrected_significant,,,
,BAI_pre,event_trial_type_hrf4__CSplus_freq_B2,23.0,-0.5074223167490685,0.0134541891955426,holm,0.0269083783910852,True,primary_results_for_manuscript.csv,/mnt/d/Thesis Masters/thesis-runs/ELA_run_5ROI/_merged_fit_runs_ela_5ROI/merge_renewal_ela_5ROI/ELA_features/confirmatory_analysis_v3/primary_results_for_manuscript.csv,12,p_value,0.0134541891955426,,,,,,,,,,,,,,,,,,,,,clinical_spearman,all_tasks,all,PTSD,0.0269083783910852,True,0.0269083783910852,True,2.0,event_threat_safety,CS+ recruitment of threat-like B2,corrected_significant,,,
,SAI_pre,event_trial_type_onset__CSminus_freq_B3,24.0,0.4843002278309323,0.0164774489944557,holm,0.0211235911716124,True,primary_results_for_manuscript.csv,/mnt/d/Thesis Masters/thesis-runs/ELA_run_5ROI/_merged_fit_runs_ela_5ROI/merge_renewal_ela_5ROI/ELA_features/confirmatory_analysis_v3/primary_results_for_manuscript.csv,13,p_value,0.0164774489944557,,,,,,,,,,,,,,,,,,,,,clinical_spearman,all_tasks,all,HC,0.0329548979889114,True,0.0211235911716124,True,2.0,renewal_safety_retrieval,CS− safety-like B3 occupancy during renewal,corrected_significant,,,
,BAI_pre,traveling_score_TR_AA_over_TR_PP,24.0,0.4792678371680615,0.0178048504687351,holm,0.0356097009374702,True,primary_results_for_manuscript.csv,/mnt/d/Thesis Masters/thesis-runs/ELA_run_5ROI/_merged_fit_runs_ela_5ROI/merge_renewal_ela_5ROI/ELA_features/confirmatory_analysis_v3/primary_results_for_manuscript.csv,14,p_value,0.0178048504687351,,,,,,,,,,,,,,,,,,,,,clinical_spearman,all_tasks,all,HC,0.0356097009374702,True,0.0356097009374702,True,2.0,summary_scores,Generalized traveling score,corrected_significant,,,
,BAI_pre,basin_entropy,24.0,-0.4577533079096129,0.0244965692452401,holm,0.0244965692452401,True,primary_results_for_manuscript.csv,/mnt/d/Thesis Masters/thesis-runs/ELA_run_5ROI/_merged_fit_runs_ela_5ROI/merge_renewal_ela_5ROI/ELA_features/confirmatory_analysis_v3/primary_results_for_manuscript.csv,15,p_value,0.0244965692452401,,,,,,,,,,,,,,,,,,,,,clinical_spearman,all_tasks,all,PTSD,0.0244965692452401,True,0.0244965692452401,True,1.0,flexibility,Basin repertoire/flexibility,corrected_significant,,,
,,event_trial_type_hrf4__CSplus_freq_B4,,,0.032378204796279,holm,0.032378204796279,True,primary_results_for_manuscript.csv,/mnt/d/Thesis Masters/thesis-runs/ELA_run_5ROI/_merged_fit_runs_ela_5ROI/merge_renewal_ela_5ROI/ELA_features/confirmatory_analysis_v3/primary_results_for_manuscript.csv,16,p_value,0.032378204796279,,,,,,,group_overall,mannwhitney_u,24.0,23.0,,,0.2957396425601293,0.3654487168440317,0.2958333333333333,0.3846153846153846,-0.0697090742839023,175.0,-0.7443763259952534,-0.3659420289855072,overall_group_test,all,,,0.032378204796279,True,0.032378204796279,True,1.0,global_locking,CS+ all-on/global locking,corrected_significant,,,
,BAI_pre,event_trial_type_hrf4__CSplus_freq_B4,24.0,-0.4228342585077422,0.039535241649397,holm,0.039535241649397,True,primary_results_for_manuscript.csv,/mnt/d/Thesis Masters/thesis-runs/ELA_run_5ROI/_merged_fit_runs_ela_5ROI/merge_renewal_ela_5ROI/ELA_features/confirmatory_analysis_v3/primary_results_for_manuscript.csv,17,p_value,0.039535241649397,,,,,,,,,,,,,,,,,,,,,clinical_spearman,all_tasks,all,HC,0.039535241649397,True,0.039535241649397,True,1.0,global_locking,CS+ all-on/global locking,corrected_significant,,,
all,BAI_pre,traveling_score_TR_AA_over_TR_PP,45.0,0.5541476450784698,7.836299381394723e-05,holm,0.0001567259876278,True,clinical_spearman_confirmatory.csv,/mnt/d/Thesis Masters/thesis-runs/ELA_run_5ROI/_merged_fit_runs_ela_5ROI/merge_renewal_ela_5ROI/ELA_features/confirmatory_analysis_v3_notaskfilter/clinical_spearman_confirmatory.csv,1,p_value,7.836299381394723e-05,,,,,,,,,,,,,,,,,,,,,,all_tasks,all,all,0.0001567259876278,True,0.0001567259876278,True,2.0,summary_scores,Generalized traveling score,,traveling_score_TR_AA_over_TR_PP,all,/mnt/d/Thesis Masters/thesis-runs/codebase/ela_primary_feature_list_template.csv
all,BAI_pre,peripheral_transition_rate_TR_P_to_Pprime,48.0,-0.4255034160177794,0.0025698246438365,holm,0.0077094739315097,True,clinical_spearman_confirmatory.csv,/mnt/d/Thesis Masters/thesis-runs/ELA_run_5ROI/_merged_fit_runs_ela_5ROI/merge_renewal_ela_5ROI/ELA_features/confirmatory_analysis_v3_notaskfilter/clinical_spearman_confirmatory.csv,2,p_value,0.0025698246438365,,,,,,,,,,,,,,,,,,,,,,all_tasks,all,all,0.0077094739315097,True,0.0077094739315097,True,3.0,major_peripheral_dynamics,Movement among peripheral threat/safety basins,,peripheral_transition_rate_TR_P_to_Pprime,all,/mnt/d/Thesis Masters/thesis-runs/codebase/ela_primary_feature_list_template.csv
PTSD,BAI_pre,traveling_score_TR_AA_over_TR_PP,21.0,0.6194662771153647,0.002746688000354,holm,0.005493376000708,True,clinical_spearman_confirmatory.csv,/mnt/d/Thesis Masters/thesis-runs/ELA_run_5ROI/_merged_fit_runs_ela_5ROI/merge_renewal_ela_5ROI/ELA_features/confirmatory_analysis_v3_notaskfilter/clinical_spearman_confirmatory.csv,3,p_value,0.002746688000354,,,,,,,,,,,,,,,,,,,,,,all_tasks,all,PTSD,0.005493376000708,True,0.005493376000708,True,2.0,summary_scores,Generalized traveling score,,traveling_score_TR_AA_over_TR_PP,all,/mnt/d/Thesis Masters/thesis-runs/codebase/ela_primary_feature_list_template.csv
HC,BAI_pre,dyn_Direct_transitions_from_B3_to_B4,24.0,0.5438315790173375,0.0060156822864541,holm,0.0120313645729082,True,clinical_spearman_confirmatory.csv,/mnt/d/Thesis Masters/thesis-runs/ELA_run_5ROI/_merged_fit_runs_ela_5ROI/merge_renewal_ela_5ROI/ELA_features/confirmatory_analysis_v3_notaskfilter/clinical_spearman_confirmatory.csv,4,p_value,0.0060156822864541,,,,,,,,,,,,,,,,,,,,,,all_tasks,all,HC,0.0120313645729082,True,0.0120313645729082,True,2.0,peripheral_to_major_edges,Safety-like B3 to all-on B4 return route,,dyn_Direct_transitions_from_B3_to_B4,all,/mnt/d/Thesis Masters/thesis-runs/codebase/ela_primary_feature_list_template.csv
all,IUS,event_trial_type_onset__CSminus_freq_B3,47.0,-0.3818120353166109,0.0080910561373749,holm,0.0161821122747498,True,clinical_spearman_confirmatory.csv,/mnt/d/Thesis Masters/thesis-runs/ELA_run_5ROI/_merged_fit_runs_ela_5ROI/merge_renewal_ela_5ROI/ELA_features/confirmatory_analysis_v3_notaskfilter/clinical_spearman_confirmatory.csv,5,p_value,0.0080910561373749,,,,,,,,,,,,,,,,,,,,,,all_tasks,all,all,0.0161821122747498,True,0.0161821122747498,True,2.0,renewal_safety_retrieval,CS− safety-like B3 occupancy during renewal,,event_trial_type_onset__CSminus_freq_B3,renewal,/mnt/d/Thesis Masters/thesis-runs/codebase/ela_primary_feature_list_template.csv
PTSD,SAI_pre,event_trial_type_hrf4__CSplus_freq_B4,23.0,0.524175954536858,0.0102441720751768,holm,0.0102441720751768,True,clinical_spearman_confirmatory.csv,/mnt/d/Thesis Masters/thesis-runs/ELA_run_5ROI/_merged_fit_runs_ela_5ROI/merge_renewal_ela_5ROI/ELA_features/confirmatory_analysis_v3_notaskfilter/clinical_spearman_confirmatory.csv,6,p_value,0.0102441720751768,,,,,,,,,,,,,,,,,,,,,,all_tasks,all,PTSD,0.0102441720751768,True,0.0102441720751768,True,1.0,global_locking,CS+ all-on/global locking,,event_trial_type_hrf4__CSplus_freq_B4,all,/mnt/d/Thesis Masters/thesis-runs/codebase/ela_primary_feature_list_template.csv
HC,SAI_pre,event_trial_type_onset__CSminus_freq_B1,24.0,-0.5118610212057937,0.0105617955858062,holm,0.0211235911716124,True,clinical_spearman_confirmatory.csv,/mnt/d/Thesis Masters/thesis-runs/ELA_run_5ROI/_merged_fit_runs_ela_5ROI/merge_renewal_ela_5ROI/ELA_features/confirmatory_analysis_v3_notaskfilter/clinical_spearman_confirmatory.csv,7,p_value,0.0105617955858062,,,,,,,,,,,,,,,,,,,,,,all_tasks,all,HC,0.0211235911716124,True,0.0211235911716124,True,2.0,renewal_safety_retrieval,CS− all-off occupancy during renewal,,event_trial_type_onset__CSminus_freq_B1,renewal,/mnt/d/Thesis Masters/thesis-runs/codebase/ela_primary_feature_list_template.csv
all,BAI_pre,basin_entropy,48.0,-0.360335371068299,0.0118757366435913,holm,0.0118757366435913,True,clinical_spearman_confirmatory.csv,/mnt/d/Thesis Masters/thesis-runs/ELA_run_5ROI/_merged_fit_runs_ela_5ROI/merge_renewal_ela_5ROI/ELA_features/confirmatory_analysis_v3_notaskfilter/clinical_spearman_confirmatory.csv,8,p_value,0.0118757366435913,,,,,,,,,,,,,,,,,,,,,,all_tasks,all,all,0.0118757366435913,True,0.0118757366435913,True,1.0,flexibility,Basin repertoire/flexibility,,basin_entropy,all,/mnt/d/Thesis Masters/thesis-runs/codebase/ela_primary_feature_list_template.csv
PTSD,BAI_pre,event_trial_type_hrf4__CSplus_freq_B2,23.0,-0.5074223167490685,0.0134541891955426,holm,0.0269083783910852,True,clinical_spearman_confirmatory.csv,/mnt/d/Thesis Masters/thesis-runs/ELA_run_5ROI/_merged_fit_runs_ela_5ROI/merge_renewal_ela_5ROI/ELA_features/confirmatory_analysis_v3_notaskfilter/clinical_spearman_confirmatory.csv,9,p_value,0.0134541891955426,,,,,,,,,,,,,,,,,,,,,,all_tasks,all,PTSD,0.0269083783910852,True,0.0269083783910852,True,2.0,event_threat_safety,CS+ recruitment of threat-like B2,,event_trial_type_hrf4__CSplus_freq_B2,all,/mnt/d/Thesis Masters/thesis-runs/codebase/ela_primary_feature_list_template.csv
HC,SAI_pre,event_trial_type_onset__CSminus_freq_B3,24.0,0.4843002278309323,0.0164774489944557,holm,0.0211235911716124,True,clinical_spearman_confirmatory.csv,/mnt/d/Thesis Masters/thesis-runs/ELA_run_5ROI/_merged_fit_runs_ela_5ROI/merge_renewal_ela_5ROI/ELA_features/confirmatory_analysis_v3_notaskfilter/clinical_spearman_confirmatory.csv,10,p_value,0.0164774489944557,,,,,,,,,,,,,,,,,,,,,,all_tasks,all,HC,0.0329548979889114,True,0.0211235911716124,True,2.0,renewal_safety_retrieval,CS− safety-like B3 occupancy during renewal,,event_trial_type_onset__CSminus_freq_B3,renewal,/mnt/d/Thesis Masters/thesis-runs/codebase/ela_primary_feature_list_template.csv
all,BAI_pre,event_trial_type_hrf4__CSplus_within_peripheral_rate_including_stay,47.0,-0.3448755991937112,0.0175953368953993,holm,0.0351906737907986,True,clinical_spearman_confirmatory.csv,/mnt/d/Thesis Masters/thesis-runs/ELA_run_5ROI/_merged_fit_runs_ela_5ROI/merge_renewal_ela_5ROI/ELA_features/confirmatory_analysis_v3_notaskfilter/clinical_spearman_confirmatory.csv,11,p_value,0.0175953368953993,,,,,,,,,,,,,,,,,,,,,,all_tasks,all,all,0.0351906737907986,True,0.0351906737907986,True,2.0,extinction_peripheral_dynamics,CS+ retention within peripheral basin space,,event_trial_type_hrf4__CSplus_within_peripheral_rate_including_stay,extinction,/mnt/d/Thesis Masters/thesis-runs/codebase/ela_primary_feature_list_template.csv
HC,BAI_pre,traveling_score_TR_AA_over_TR_PP,24.0,0.4792678371680615,0.0178048504687351,holm,0.0356097009374702,True,clinical_spearman_confirmatory.csv,/mnt/d/Thesis Masters/thesis-runs/ELA_run_5ROI/_merged_fit_runs_ela_5ROI/merge_renewal_ela_5ROI/ELA_features/confirmatory_analysis_v3_notaskfilter/clinical_spearman_confirmatory.csv,12,p_value,0.0178048504687351,,,,,,,,,,,,,,,,,,,,,,all_tasks,all,HC,0.0356097009374702,True,0.0356097009374702,True,2.0,summary_scores,Generalized traveling score,,traveling_score_TR_AA_over_TR_PP,all,/mnt/d/Thesis Masters/thesis-runs/codebase/ela_primary_feature_list_template.csv
PTSD,BAI_pre,event_trial_type_hrf4__CSplus_within_peripheral_rate_including_stay,23.0,-0.47425748385667,0.0222333658135802,holm,0.0444667316271605,True,clinical_spearman_confirmatory.csv,/mnt/d/Thesis Masters/thesis-runs/ELA_run_5ROI/_merged_fit_runs_ela_5ROI/merge_renewal_ela_5ROI/ELA_features/confirmatory_analysis_v3_notaskfilter/clinical_spearman_confirmatory.csv,13,p_value,0.0222333658135802,,,,,,,,,,,,,,,,,,,,,,all_tasks,all,PTSD,0.0444667316271605,True,0.0444667316271605,True,2.0,extinction_peripheral_dynamics,CS+ retention within peripheral basin space,,event_trial_type_hrf4__CSplus_within_peripheral_rate_including_stay,extinction,/mnt/d/Thesis Masters/thesis-runs/codebase/ela_primary_feature_list_template.csv
PTSD,BAI_pre,basin_entropy,24.0,-0.4577533079096129,0.0244965692452401,holm,0.0244965692452401,True,clinical_spearman_confirmatory.csv,/mnt/d/Thesis Masters/thesis-runs/ELA_run_5ROI/_merged_fit_runs_ela_5ROI/merge_renewal_ela_5ROI/ELA_features/confirmatory_analysis_v3_notaskfilter/clinical_spearman_confirmatory.csv,14,p_value,0.0244965692452401,,,,,,,,,,,,,,,,,,,,,,all_tasks,all,PTSD,0.0244965692452401,True,0.0244965692452401,True,1.0,flexibility,Basin repertoire/flexibility,,basin_entropy,all,/mnt/d/Thesis Masters/thesis-runs/codebase/ela_primary_feature_list_template.csv
HC,BAI_pre,event_trial_type_hrf4__CSplus_freq_B4,24.0,-0.4228342585077422,0.039535241649397,holm,0.039535241649397,True,clinical_spearman_confirmatory.csv,/mnt/d/Thesis Masters/thesis-runs/ELA_run_5ROI/_merged_fit_runs_ela_5ROI/merge_renewal_ela_5ROI/ELA_features/confirmatory_analysis_v3_notaskfilter/clinical_spearman_confirmatory.csv,15,p_value,0.039535241649397,,,,,,,,,,,,,,,,,,,,,,all_tasks,all,HC,0.039535241649397,True,0.039535241649397,True,1.0,global_locking,CS+ all-on/global locking,,event_trial_type_hrf4__CSplus_freq_B4,all,/mnt/d/Thesis Masters/thesis-runs/codebase/ela_primary_feature_list_template.csv
HC,SAI_pre,traveling_score_TR_AA_over_TR_PP,24.0,-0.4216946299120516,0.0401269087574743,holm,0.0802538175149486,False,clinical_spearman_confirmatory.csv,/mnt/d/Thesis Masters/thesis-runs/ELA_run_5ROI/_merged_fit_runs_ela_5ROI/merge_renewal_ela_5ROI/ELA_features/confirmatory_analysis_v3_notaskfilter/clinical_spearman_confirmatory.csv,16,p_value,0.0401269087574743,,,,,,,,,,,,,,,,,,,,,,all_tasks,all,HC,0.0802538175149486,False,0.0802538175149486,False,2.0,summary_scores,Generalized traveling score,,traveling_score_TR_AA_over_TR_PP,all,/mnt/d/Thesis Masters/thesis-runs/codebase/ela_primary_feature_list_template.csv
HC,BDI,event_trial_type_onset__CSminus_freq_B1,23.0,-0.4281854004736354,0.0415136694005431,holm,0.0830273388010862,False,clinical_spearman_confirmatory.csv,/mnt/d/Thesis Masters/thesis-runs/ELA_run_5ROI/_merged_fit_runs_ela_5ROI/merge_renewal_ela_5ROI/ELA_features/confirmatory_analysis_v3_notaskfilter/clinical_spearman_confirmatory.csv,17,p_value,0.0415136694005431,,,,,,,,,,,,,,,,,,,,,,all_tasks,all,HC,0.0830273388010862,False,0.0830273388010862,False,2.0,renewal_safety_retrieval,CS− all-off occupancy during renewal,,event_trial_type_onset__CSminus_freq_B1,renewal,/mnt/d/Thesis Masters/thesis-runs/codebase/ela_primary_feature_list_template.csv
HC,BAI_pre,peripheral_transition_rate_TR_P_to_Pprime,24.0,-0.4076352263019661,0.0480155569860502,holm,0.1440466709581508,False,clinical_spearman_confirmatory.csv,/mnt/d/Thesis Masters/thesis-runs/ELA_run_5ROI/_merged_fit_runs_ela_5ROI/merge_renewal_ela_5ROI/ELA_features/confirmatory_analysis_v3_notaskfilter/clinical_spearman_confirmatory.csv,18,p_value,0.0480155569860502,,,,,,,,,,,,,,,,,,,,,,all_tasks,all,HC,0.1440466709581508,False,0.1440466709581508,False,3.0,major_peripheral_dynamics,Movement among peripheral threat/safety basins,,peripheral_transition_rate_TR_P_to_Pprime,all,/mnt/d/Thesis Masters/thesis-runs/codebase/ela_primary_feature_list_template.csv
PTSD,BAI_pre,dwell_max_B4,24.0,0.4029857149613269,0.0508749558868778,holm,0.1017499117737556,False,clinical_spearman_confirmatory.csv,/mnt/d/Thesis Masters/thesis-runs/ELA_run_5ROI/_merged_fit_runs_ela_5ROI/merge_renewal_ela_5ROI/ELA_features/confirmatory_analysis_v3_notaskfilter/clinical_spearman_confirmatory.csv,19,p_value,0.0508749558868778,,,,,,,,,,,,,,,,,,,,,,all_tasks,all,PTSD,0.1017499117737556,False,0.1017499117737556,False,2.0,baseline_control,Baseline max dwell in all-on basin,,dwell_max_B4,baseline,/mnt/d/Thesis Masters/thesis-runs/codebase/ela_primary_feature_list_template.csv
all,BAI_pre,event_trial_type_hrf4__CSplus_peripheral_transition_rate_TR_P_to_Pprime,47.0,-0.2770692352806324,0.0593704449758931,holm,0.0593704449758931,False,clinical_spearman_confirmatory.csv,/mnt/d/Thesis Masters/thesis-runs/ELA_run_5ROI/_merged_fit_runs_ela_5ROI/merge_renewal_ela_5ROI/ELA_features/confirmatory_analysis_v3_notaskfilter/clinical_spearman_confirmatory.csv,20,p_value,0.0593704449758931,,,,,,,,,,,,,,,,,,,,,,all_tasks,all,all,0.1187408899517862,False,0.0593704449758931,False,2.0,extinction_peripheral_dynamics,CS+ peripheral movement during extinction,,event_trial_type_hrf4__CSplus_peripheral_transition_rate_TR_P_to_Pprime,extinction,/mnt/d/Thesis Masters/thesis-runs/codebase/ela_primary_feature_list_template.csv
,,dyn_Direct_transitions_from_B2_to_B1,48.0,,0.0065773764398506,holm,0.0131547528797012,True,covariate_models_confirmatory.csv,/mnt/d/Thesis Masters/thesis-runs/ELA_run_5ROI/_merged_fit_runs_ela_5ROI/merge_renewal_ela_5ROI/ELA_features/confirmatory_analysis_v3_notaskfilter/covariate_models_confirmatory.csv,1,p_value,0.0065773764398506,dyn_Direct_transitions_from_B2_to_B1 ~ C(group) + age + C(sex),C(group)[T.PTSD],-0.0162257513167247,-2.852942739492288,0.1907888383433589,0.1356153500485879,,,,,,,,,,,,,,,,all,,,0.0131547528797012,True,0.0131547528797012,True,2.0,peripheral_to_major_edges,Threat-like B2 to all-off B1 return route,,dyn_Direct_transitions_from_B2_to_B1,,/mnt/d/Thesis Masters/thesis-runs/codebase/ela_primary_feature_list_template.csv
,,dwell_max_B1,48.0,,0.0649205781787776,holm,0.1298411563575552,False,covariate_models_confirmatory.csv,/mnt/d/Thesis Masters/thesis-runs/ELA_run_5ROI/_merged_fit_runs_ela_5ROI/merge_renewal_ela_5ROI/ELA_features/confirmatory_analysis_v3_notaskfilter/covariate_models_confirmatory.csv,2,p_value,0.0649205781787776,dwell_max_B1 ~ C(group) + age + C(sex),C(group)[T.PTSD],-0.900822494769758,-1.8931925092152435,0.1461801753366322,0.0879651872914025,,,,,,,,,,,,,,,,baseline,,,0.1298411563575552,False,0.1298411563575552,False,2.0,baseline_control,Baseline max dwell in all-off basin,,dwell_max_B1,,/mnt/d/Thesis Masters/thesis-runs/codebase/ela_primary_feature_list_template.csv
,,basin_entropy,48.0,,0.0754623748284254,holm,0.0754623748284254,False,covariate_models_confirmatory.csv,/mnt/d/Thesis Masters/thesis-runs/ELA_run_5ROI/_merged_fit_runs_ela_5ROI/merge_renewal_ela_5ROI/ELA_features/confirmatory_analysis_v3_notaskfilter/covariate_models_confirmatory.csv,3,p_value,0.0754623748284254,basin_entropy ~ C(group) + age + C(sex),C(group)[T.PTSD],-0.0355827230370913,-1.820668615398659,0.0823067148699742,0.0197367181565634,,,,,,,,,,,,,,,,all,,,0.0754623748284254,False,0.0754623748284254,False,1.0,flexibility,Basin repertoire/flexibility,,basin_entropy,,/mnt/d/Thesis Masters/thesis-runs/codebase/ela_primary_feature_list_template.csv
,,event_trial_type_hrf4__CSplus_freq_B4,47.0,,0.0854776618676049,holm,0.0854776618676049,False,covariate_models_confirmatory.csv,/mnt/d/Thesis Masters/thesis-runs/ELA_run_5ROI/_merged_fit_runs_ela_5ROI/merge_renewal_ela_5ROI/ELA_features/confirmatory_analysis_v3_notaskfilter/covariate_models_confirmatory.csv,4,p_value,0.0854776618676049,event_trial_type_hrf4__CSplus_freq_B4 ~ C(group) + age + C(sex),C(group)[T.PTSD],0.0604376179174692,1.760248166478117,0.1551723514211362,0.0962308875667969,,,,,,,,,,,,,,,,all,,,0.0854776618676049,False,0.0854776618676049,False,1.0,global_locking,CS+ all-on/global locking,,event_trial_type_hrf4__CSplus_freq_B4,,/mnt/d/Thesis Masters/thesis-runs/codebase/ela_primary_feature_list_template.csv
,,event_trial_type_onset__CSminus_freq_B1,48.0,,0.0928489471174728,holm,0.1856978942349456,False,covariate_models_confirmatory.csv,/mnt/d/Thesis Masters/thesis-runs/ELA_run_5ROI/_merged_fit_runs_ela_5ROI/merge_renewal_ela_5ROI/ELA_features/confirmatory_analysis_v3_notaskfilter/covariate_models_confirmatory.csv,5,p_value,0.0928489471174728,event_trial_type_onset__CSminus_freq_B1 ~ C(group) + age + C(sex),C(group)[T.PTSD],0.0523495646893949,1.7178832217729467,0.2162286734170114,0.1627897193318077,,,,,,,,,,,,,,,,renewal,,,0.1856978942349456,False,0.1856978942349456,False,2.0,renewal_safety_retrieval,CS− all-off occupancy during renewal,,event_trial_type_onset__CSminus_freq_B1,,/mnt/d/Thesis Masters/thesis-runs/codebase/ela_primary_feature_list_template.csv
,,event_trial_type_onset__CSminus_freq_B3,48.0,,0.1421966998847089,holm,0.1856978942349456,False,covariate_models_confirmatory.csv,/mnt/d/Thesis Masters/thesis-runs/ELA_run_5ROI/_merged_fit_runs_ela_5ROI/merge_renewal_ela_5ROI/ELA_features/confirmatory_analysis_v3_notaskfilter/covariate_models_confirmatory.csv,6,p_value,0.1421966998847089,event_trial_type_onset__CSminus_freq_B3 ~ C(group) + age + C(sex),C(group)[T.PTSD],-0.0473108570543824,-1.494446335604724,0.1145616717671927,0.0541908766604105,,,,,,,,,,,,,,,,renewal,,,0.2843933997694179,False,0.1856978942349456,False,2.0,renewal_safety_retrieval,CS− safety-like B3 occupancy during renewal,,event_trial_type_onset__CSminus_freq_B3,,/mnt/d/Thesis Masters/thesis-runs/codebase/ela_primary_feature_list_template.csv
,,peripheral_to_major_rate,48.0,,0.1591771426555722,holm,0.4775314279667166,False,covariate_models_confirmatory.csv,/mnt/d/Thesis Masters/thesis-runs/ELA_run_5ROI/_merged_fit_runs_ela_5ROI/merge_renewal_ela_5ROI/ELA_features/confirmatory_analysis_v3_notaskfilter/covariate_models_confirmatory.csv,7,p_value,0.1591771426555722,peripheral_to_major_rate ~ C(group) + age + C(sex),C(group)[T.PTSD],-0.0176298248649036,-1.4321147838149964,0.0981385501357803,0.0366479967359472,,,,,,,,,,,,,,,,all,,,0.4775314279667166,False,0.4775314279667166,False,3.0,major_peripheral_dynamics,Summary return from peripheral to major basins,,peripheral_to_major_rate,,/mnt/d/Thesis Masters/thesis-runs/codebase/ela_primary_feature_list_template.csv
,,traveling_score_TR_AA_over_TR_PP,45.0,,0.2670954510542062,holm,0.5341909021084124,False,covariate_models_confirmatory.csv,/mnt/d/Thesis Masters/thesis-runs/ELA_run_5ROI/_merged_fit_runs_ela_5ROI/merge_renewal_ela_5ROI/ELA_features/confirmatory_analysis_v3_notaskfilter/covariate_models_confirmatory.csv,8,p_value,0.2670954510542062,traveling_score_TR_AA_over_TR_PP ~ C(group) + age + C(sex),C(group)[T.PTSD],2.5519397813601667,1.1250873592837338,0.1126956613568489,0.0477709536512525,,,,,,,,,,,,,,,,all,,,0.5341909021084124,False,0.5341909021084124,False,2.0,summary_scores,Generalized traveling score,,traveling_score_TR_AA_over_TR_PP,,/mnt/d/Thesis Masters/thesis-runs/codebase/ela_primary_feature_list_template.csv
,,event_trial_type_hrf4__CSplus_staying_rate_major_SR_A_to_A,47.0,,0.2892930954638104,holm,0.5785861909276208,False,covariate_models_confirmatory.csv,/mnt/d/Thesis Masters/thesis-runs/ELA_run_5ROI/_merged_fit_runs_ela_5ROI/merge_renewal_ela_5ROI/ELA_features/confirmatory_analysis_v3_notaskfilter/covariate_models_confirmatory.csv,9,p_value,0.2892930954638104,event_trial_type_hrf4__CSplus_staying_rate_major_SR_A_to_A ~ C(group) + age + C(sex),C(group)[T.PTSD],0.0478614549877351,1.0729165849732594,0.0637845171169935,-0.0015328421539138,,,,,,,,,,,,,,,,acquisition,,,0.5785861909276208,False,0.5785861909276208,False,2.0,acquisition_threat_learning,CS+ major-basin staying during acquisition,,event_trial_type_hrf4__CSplus_staying_rate_major_SR_A_to_A,,/mnt/d/Thesis Masters/thesis-runs/codebase/ela_primary_feature_list_template.csv
,,dyn_Direct_transitions_from_B3_to_B4,48.0,,0.413124271539724,holm,0.413124271539724,False,covariate_models_confirmatory.csv,/mnt/d/Thesis Masters/thesis-runs/ELA_run_5ROI/_merged_fit_runs_ela_5ROI/merge_renewal_ela_5ROI/ELA_features/confirmatory_analysis_v3_notaskfilter/covariate_models_confirmatory.csv,10,p_value,0.413124271539724,dyn_Direct_transitions_from_B3_to_B4 ~ C(group) + age + C(sex),C(group)[T.PTSD],-0.0057614962657823,-0.8262429985604078,0.0450581468561582,-0.0200515249491035,,,,,,,,,,,,,,,,all,,,0.826248543079448,False,0.413124271539724,False,2.0,peripheral_to_major_edges,Safety-like B3 to all-on B4 return route,,dyn_Direct_transitions_from_B3_to_B4,,/mnt/d/Thesis Masters/thesis-runs/codebase/ela_primary_feature_list_template.csv
,,event_trial_type_hrf4__CSplus_peripheral_transition_rate_TR_P_to_Pprime,47.0,,0.4519469542456586,holm,0.9038939084913172,False,covariate_models_confirmatory.csv,/mnt/d/Thesis Masters/thesis-runs/ELA_run_5ROI/_merged_fit_runs_ela_5ROI/merge_renewal_ela_5ROI/ELA_features/confirmatory_analysis_v3_notaskfilter/covariate_models_confirmatory.csv,11,p_value,0.4519469542456586,event_trial_type_hrf4__CSplus_peripheral_transition_rate_TR_P_to_Pprime ~ C(group) + age + C(sex),C(group)[T.PTSD],0.0135892034994901,0.7590782476493703,0.0181337485681253,-0.0503685480434006,,,,,,,,,,,,,,,,extinction,,,0.9038939084913172,False,0.9038939084913172,False,2.0,extinction_peripheral_dynamics,CS+ peripheral movement during extinction,,event_trial_type_hrf4__CSplus_peripheral_transition_rate_TR_P_to_Pprime,,/mnt/d/Thesis Masters/thesis-runs/codebase/ela_primary_feature_list_template.csv
,,peripheral_transition_rate_TR_P_to_Pprime,48.0,,0.5051690424852535,holm,1.0,False,covariate_models_confirmatory.csv,/mnt/d/Thesis Masters/thesis-runs/ELA_run_5ROI/_merged_fit_runs_ela_5ROI/merge_renewal_ela_5ROI/ELA_features/confirmatory_analysis_v3_notaskfilter/covariate_models_confirmatory.csv,12,p_value,0.5051690424852535,peripheral_transition_rate_TR_P_to_Pprime ~ C(group) + age + C(sex),C(group)[T.PTSD],-0.0067219306632166,-0.6718860061932085,0.031671288431342,-0.0343511237210663,,,,,,,,,,,,,,,,all,,,1.0,False,1.0,False,3.0,major_peripheral_dynamics,Movement among peripheral threat/safety basins,,peripheral_transition_rate_TR_P_to_Pprime,,/mnt/d/Thesis Masters/thesis-runs/codebase/ela_primary_feature_list_template.csv
,,event_trial_type_hrf4__CSplus_major_to_peripheral_rate,47.0,,0.6455140276281384,holm,0.6455140276281384,False,covariate_models_confirmatory.csv,/mnt/d/Thesis Masters/thesis-runs/ELA_run_5ROI/_merged_fit_runs_ela_5ROI/merge_renewal_ela_5ROI/ELA_features/confirmatory_analysis_v3_notaskfilter/covariate_models_confirmatory.csv,13,p_value,0.6455140276281384,event_trial_type_hrf4__CSplus_major_to_peripheral_rate ~ C(group) + age + C(sex),C(group)[T.PTSD],-0.0127247605039362,-0.4632603780577942,0.1374252455338934,0.0772456115013744,,,,,,,,,,,,,,,,acquisition,,,1.0,False,0.6455140276281384,False,2.0,acquisition_threat_learning,CS+ movement from global to peripheral basins during acquisition,,event_trial_type_hrf4__CSplus_major_to_peripheral_rate,,/mnt/d/Thesis Masters/thesis-runs/codebase/ela_primary_feature_list_template.csv
,,event_trial_type_hrf4__CSplus_within_peripheral_rate_including_stay,47.0,,0.7709976976247104,holm,0.9038939084913172,False,covariate_models_confirmatory.csv,/mnt/d/Thesis Masters/thesis-runs/ELA_run_5ROI/_merged_fit_runs_ela_5ROI/merge_renewal_ela_5ROI/ELA_features/confirmatory_analysis_v3_notaskfilter/covariate_models_confirmatory.csv,14,p_value,0.7709976976247104,event_trial_type_hrf4__CSplus_within_peripheral_rate_including_stay ~ C(group) + age + C(sex),C(group)[T.PTSD],0.0107921701930233,0.2929128246685348,0.0286325907377538,-0.0391372285131004,,,,,,,,,,,,,,,,extinction,,,1.0,False,0.9038939084913172,False,2.0,extinction_peripheral_dynamics,CS+ retention within peripheral basin space,,event_trial_type_hrf4__CSplus_within_peripheral_rate_including_stay,,/mnt/d/Thesis Masters/thesis-runs/codebase/ela_primary_feature_list_template.csv
,,event_trial_type_hrf4__CSminus_freq_B3,48.0,,0.794376085673052,holm,1.0,False,covariate_models_confirmatory.csv,/mnt/d/Thesis Masters/thesis-runs/ELA_run_5ROI/_merged_fit_runs_ela_5ROI/merge_renewal_ela_5ROI/ELA_features/confirmatory_analysis_v3_notaskfilter/covariate_models_confirmatory.csv,15,p_value,0.794376085673052,event_trial_type_hrf4__CSminus_freq_B3 ~ C(group) + age + C(sex),C(group)[T.PTSD],-0.0107747965161002,-0.2622194031772989,0.0869758037808321,0.0247241540386161,,,,,,,,,,,,,,,,all,,,1.0,False,1.0,False,2.0,event_threat_safety,CS− recruitment of safety-like B3,,event_trial_type_hrf4__CSminus_freq_B3,,/mnt/d/Thesis Masters/thesis-runs/codebase/ela_primary_feature_list_template.csv
,,event_trial_type_hrf4__CSplus_freq_B2,47.0,,0.8144101011316859,holm,1.0,False,covariate_models_confirmatory.csv,/mnt/d/Thesis Masters/thesis-runs/ELA_run_5ROI/_merged_fit_runs_ela_5ROI/merge_renewal_ela_5ROI/ELA_features/confirmatory_analysis_v3_notaskfilter/covariate_models_confirmatory.csv,16,p_value,0.8144101011316859,event_trial_type_hrf4__CSplus_freq_B2 ~ C(group) + age + C(sex),C(group)[T.PTSD],0.0096321365824479,0.2361855836454862,0.1037796102093959,0.0412526062705167,,,,,,,,,,,,,,,,all,,,1.0,False,1.0,False,2.0,event_threat_safety,CS+ recruitment of threat-like B2,,event_trial_type_hrf4__CSplus_freq_B2,,/mnt/d/Thesis Masters/thesis-runs/codebase/ela_primary_feature_list_template.csv
,,lingering_score_SR_AA_plus_SR_PP,48.0,,0.8301512350344236,holm,0.8301512350344236,False,covariate_models_confirmatory.csv,/mnt/d/Thesis Masters/thesis-runs/ELA_run_5ROI/_merged_fit_runs_ela_5ROI/merge_renewal_ela_5ROI/ELA_features/confirmatory_analysis_v3_notaskfilter/covariate_models_confirmatory.csv,17,p_value,0.8301512350344236,lingering_score_SR_AA_plus_SR_PP ~ C(group) + age + C(sex),C(group)[T.PTSD],0.0070946950382615,0.215786712639452,0.0259803416605668,-0.040430089589849,,,,,,,,,,,,,,,,all,,,1.0,False,0.8301512350344236,False,2.0,summary_scores,Generalized lingering score,,lingering_score_SR_AA_plus_SR_PP,,/mnt/d/Thesis Masters/thesis-runs/codebase/ela_primary_feature_list_template.csv
,,staying_rate_major_SR_A_to_A,48.0,,0.9262782905432134,holm,1.0,False,covariate_models_confirmatory.csv,/mnt/d/Thesis Masters/thesis-runs/ELA_run_5ROI/_merged_fit_runs_ela_5ROI/merge_renewal_ela_5ROI/ELA_features/confirmatory_analysis_v3_notaskfilter/covariate_models_confirmatory.csv,18,p_value,0.9262782905432134,staying_rate_major_SR_A_to_A ~ C(group) + age + C(sex),C(group)[T.PTSD],0.0031171263229046,0.0930600711662,0.0538936619086625,-0.0106135884157467,,,,,,,,,,,,,,,,all,,,1.0,False,1.0,False,3.0,major_peripheral_dynamics,Major-basin staying/locking,,staying_rate_major_SR_A_to_A,,/mnt/d/Thesis Masters/thesis-runs/codebase/ela_primary_feature_list_template.csv
,,dwell_max_B4,48.0,,0.977331359726139,holm,0.977331359726139,False,covariate_models_confirmatory.csv,/mnt/d/Thesis Masters/thesis-runs/ELA_run_5ROI/_merged_fit_runs_ela_5ROI/merge_renewal_ela_5ROI/ELA_features/confirmatory_analysis_v3_notaskfilter/covariate_models_confirmatory.csv,19,p_value,0.977331359726139,dwell_max_B4 ~ C(group) + age + C(sex),C(group)[T.PTSD],-0.0166602738532513,-0.0285767758790131,0.0524439426924692,-0.0121621521239532,,,,,,,,,,,,,,,,baseline,,,1.0,False,0.977331359726139,False,2.0,baseline_control,Baseline max dwell in all-on basin,,dwell_max_B4,,/mnt/d/Thesis Masters/thesis-runs/codebase/ela_primary_feature_list_template.csv
,,event_trial_type_onset__CSminus_freq_B3,,,0.0062634239848438,holm,0.0125268479696876,True,group_tests_confirmatory.csv,/mnt/d/Thesis Masters/thesis-runs/ELA_run_5ROI/_merged_fit_runs_ela_5ROI/merge_renewal_ela_5ROI/ELA_features/confirmatory_analysis_v3_notaskfilter/group_tests_confirmatory.csv,1,p_value,0.0062634239848438,,,,,,,group_overall,mannwhitney_u,24.0,24.0,HC,PTSD,0.2539487537722795,0.1978196239447192,0.2546296296296296,0.1726190476190475,0.0561291298275602,421.0,0.6403040261756398,0.4618055555555556,,renewal,,,0.0125268479696876,True,0.0125268479696876,True,2.0,renewal_safety_retrieval,CS− safety-like B3 occupancy during renewal,,event_trial_type_onset__CSminus_freq_B3,,/mnt/d/Thesis Masters/thesis-runs/codebase/ela_primary_feature_list_template.csv
,,event_trial_type_onset__CSminus_freq_B1,,,0.0071173538619583,holm,0.0125268479696876,True,group_tests_confirmatory.csv,/mnt/d/Thesis Masters/thesis-runs/ELA_run_5ROI/_merged_fit_runs_ela_5ROI/merge_renewal_ela_5ROI/ELA_features/confirmatory_analysis_v3_notaskfilter/group_tests_confirmatory.csv,2,p_value,0.0071173538619583,,,,,,,group_overall,mannwhitney_u,24.0,24.0,HC,PTSD,0.3438191380292204,0.4211106769921606,0.3670033670033669,0.4082491582491582,-0.0772915389629401,157.0,-0.9018245496539744,-0.4548611111111111,,renewal,,,0.0142347077239167,True,0.0125268479696876,True,2.0,renewal_safety_retrieval,CS− all-off occupancy during renewal,,event_trial_type_onset__CSminus_freq_B1,,/mnt/d/Thesis Masters/thesis-runs/codebase/ela_primary_feature_list_template.csv
,,event_trial_type_hrf4__CSplus_freq_B4,,,0.032378204796279,holm,0.032378204796279,True,group_tests_confirmatory.csv,/mnt/d/Thesis Masters/thesis-runs/ELA_run_5ROI/_merged_fit_runs_ela_5ROI/merge_renewal_ela_5ROI/ELA_features/confirmatory_analysis_v3_notaskfilter/group_tests_confirmatory.csv,3,p_value,0.032378204796279,,,,,,,group_overall,mannwhitney_u,24.0,23.0,HC,PTSD,0.2957396425601293,0.3654487168440317,0.2958333333333333,0.3846153846153846,-0.0697090742839023,175.0,-0.7443763259952534,-0.3659420289855072,,all,,,0.032378204796279,True,0.032378204796279,True,1.0,global_locking,CS+ all-on/global locking,,event_trial_type_hrf4__CSplus_freq_B4,,/mnt/d/Thesis Masters/thesis-runs/codebase/ela_primary_feature_list_template.csv
,,dyn_Direct_transitions_from_B2_to_B1,,,0.0382240713622033,holm,0.0764481427244066,False,group_tests_confirmatory.csv,/mnt/d/Thesis Masters/thesis-runs/ELA_run_5ROI/_merged_fit_runs_ela_5ROI/merge_renewal_ela_5ROI/ELA_features/confirmatory_analysis_v3_notaskfilter/group_tests_confirmatory.csv,4,p_value,0.0382240713622033,,,,,,,group_overall,mannwhitney_u,24.0,24.0,HC,PTSD,0.0560351666666666,0.0451115,0.05303,0.045921,0.0109236666666666,389.0,0.6656983020702546,0.3506944444444444,,all,,,0.0764481427244066,False,0.0764481427244066,False,2.0,peripheral_to_major_edges,Threat-like B2 to all-off B1 return route,,dyn_Direct_transitions_from_B2_to_B1,,/mnt/d/Thesis Masters/thesis-runs/codebase/ela_primary_feature_list_template.csv
,,peripheral_transition_rate_TR_P_to_Pprime,,,0.2159208684179424,holm,0.6477626052538273,False,group_tests_confirmatory.csv,/mnt/d/Thesis Masters/thesis-runs/ELA_run_5ROI/_merged_fit_runs_ela_5ROI/merge_renewal_ela_5ROI/ELA_features/confirmatory_analysis_v3_notaskfilter/group_tests_confirmatory.csv,5,p_value,0.2159208684179424,,,,,,,group_overall,mannwhitney_u,24.0,24.0,HC,PTSD,0.0390512390384054,0.0364267828241342,0.0373155109997214,0.0261154657823333,0.0026244562142711,348.5,0.0942735140980761,0.2100694444444444,,all,,,0.6477626052538273,False,0.6477626052538273,False,3.0,major_peripheral_dynamics,Movement among peripheral threat/safety basins,,peripheral_transition_rate_TR_P_to_Pprime,,/mnt/d/Thesis Masters/thesis-runs/codebase/ela_primary_feature_list_template.csv
,,event_trial_type_hrf4__CSplus_staying_rate_major_SR_A_to_A,,,0.229060542531342,holm,0.458121085062684,False,group_tests_confirmatory.csv,/mnt/d/Thesis Masters/thesis-runs/ELA_run_5ROI/_merged_fit_runs_ela_5ROI/merge_renewal_ela_5ROI/ELA_features/confirmatory_analysis_v3_notaskfilter/group_tests_confirmatory.csv,6,p_value,0.229060542531342,,,,,,,group_overall,mannwhitney_u,24.0,23.0,HC,PTSD,0.2285046344672781,0.2770391279867776,0.244047619047619,0.3043478260869565,-0.0485344935194995,219.0,-0.4006385702326807,-0.2065217391304347,,acquisition,,,0.458121085062684,False,0.458121085062684,False,2.0,acquisition_threat_learning,CS+ major-basin staying during acquisition,,event_trial_type_hrf4__CSplus_staying_rate_major_SR_A_to_A,,/mnt/d/Thesis Masters/thesis-runs/codebase/ela_primary_feature_list_template.csv
,,dyn_Direct_transitions_from_B3_to_B4,,,0.2439892008367257,holm,0.2439892008367257,False,group_tests_confirmatory.csv,/mnt/d/Thesis Masters/thesis-runs/ELA_run_5ROI/_merged_fit_runs_ela_5ROI/merge_renewal_ela_5ROI/ELA_features/confirmatory_analysis_v3_notaskfilter/group_tests_confirmatory.csv,7,p_value,0.2439892008367257,,,,,,,group_overall,mannwhitney_u,24.0,24.0,HC,PTSD,0.0559593333333333,0.0489412083333333,0.057902,0.051136,0.0070181249999999,345.0,0.3649498773622842,0.1979166666666666,,all,,,0.4879784016734514,False,0.2439892008367257,False,2.0,peripheral_to_major_edges,Safety-like B3 to all-on B4 return route,,dyn_Direct_transitions_from_B3_to_B4,,/mnt/d/Thesis Masters/thesis-runs/codebase/ela_primary_feature_list_template.csv
,,event_trial_type_hrf4__CSminus_freq_B3,,,0.2610454478032313,holm,0.5220908956064627,False,group_tests_confirmatory.csv,/mnt/d/Thesis Masters/thesis-runs/ELA_run_5ROI/_merged_fit_runs_ela_5ROI/merge_renewal_ela_5ROI/ELA_features/confirmatory_analysis_v3_notaskfilter/group_tests_confirmatory.csv,8,p_value,0.2610454478032313,,,,,,,group_overall,mannwhitney_u,24.0,24.0,HC,PTSD,0.2151220771462411,0.177688859636948,0.2041666666666666,0.1574074074074073,0.037433217509293,343.0,0.3217930003850199,0.1909722222222222,,all,,,0.5220908956064627,False,0.5220908956064627,False,2.0,event_threat_safety,CS− recruitment of safety-like B3,,event_trial_type_hrf4__CSminus_freq_B3,,/mnt/d/Thesis Masters/thesis-runs/codebase/ela_primary_feature_list_template.csv
,,dwell_max_B4,,,0.3066920668860926,holm,0.6133841337721853,False,group_tests_confirmatory.csv,/mnt/d/Thesis Masters/thesis-runs/ELA_run_5ROI/_merged_fit_runs_ela_5ROI/merge_renewal_ela_5ROI/ELA_features/confirmatory_analysis_v3_notaskfilter/group_tests_confirmatory.csv,9,p_value,0.3066920668860926,,,,,,,group_overall,mannwhitney_u,24.0,24.0,HC,PTSD,3.7916666666666665,4.208333333333333,3.0,4.0,-0.4166666666666665,239.5,-0.255938802778767,-0.1684027777777778,,baseline,,,0.6133841337721853,False,0.6133841337721853,False,2.0,baseline_control,Baseline max dwell in all-on basin,,dwell_max_B4,,/mnt/d/Thesis Masters/thesis-runs/codebase/ela_primary_feature_list_template.csv
,,peripheral_to_major_rate,,,0.375166331935324,holm,0.750332663870648,False,group_tests_confirmatory.csv,/mnt/d/Thesis Masters/thesis-runs/ELA_run_5ROI/_merged_fit_runs_ela_5ROI/merge_renewal_ela_5ROI/ELA_features/confirmatory_analysis_v3_notaskfilter/group_tests_confirmatory.csv,10,p_value,0.375166331935324,,,,,,,group_overall,mannwhitney_u,24.0,24.0,HC,PTSD,0.2169249024524772,0.2049595892442767,0.2124060150375938,0.2116204690831556,0.0119653132082005,331.5,0.3418043478819201,0.1510416666666666,,all,,,1.0,False,0.750332663870648,False,3.0,major_peripheral_dynamics,Summary return from peripheral to major basins,,peripheral_to_major_rate,,/mnt/d/Thesis Masters/thesis-runs/codebase/ela_primary_feature_list_template.csv
,,staying_rate_major_SR_A_to_A,,,0.3808478181551693,holm,0.750332663870648,False,group_tests_confirmatory.csv,/mnt/d/Thesis Masters/thesis-runs/ELA_run_5ROI/_merged_fit_runs_ela_5ROI/merge_renewal_ela_5ROI/ELA_features/confirmatory_analysis_v3_notaskfilter/group_tests_confirmatory.csv,11,p_value,0.3808478181551693,,,,,,,group_overall,mannwhitney_u,24.0,24.0,HC,PTSD,0.2647281345215639,0.2745273650445319,0.2459413459020685,0.26800460917995,-0.009799230522968,245.0,-0.1039481286665122,-0.1493055555555555,,all,,,1.0,False,0.750332663870648,False,3.0,major_peripheral_dynamics,Major-basin staying/locking,,staying_rate_major_SR_A_to_A,,/mnt/d/Thesis Masters/thesis-runs/codebase/ela_primary_feature_list_template.csv
,,basin_entropy,,,0.3921551216382412,holm,0.3921551216382412,False,group_tests_confirmatory.csv,/mnt/d/Thesis Masters/thesis-runs/ELA_run_5ROI/_merged_fit_runs_ela_5ROI/merge_renewal_ela_5ROI/ELA_features/confirmatory_analysis_v3_notaskfilter/group_tests_confirmatory.csv,12,p_value,0.3921551216382412,,,,,,,group_overall,mannwhitney_u,24.0,24.0,HC,PTSD,0.9556473589044212,0.9304664478219818,0.9626721687330584,0.957316951672198,0.0251809110824394,330.0,0.462641574926849,0.1458333333333333,,all,,,0.3921551216382412,False,0.3921551216382412,False,1.0,flexibility,Basin repertoire/flexibility,,basin_entropy,,/mnt/d/Thesis Masters/thesis-runs/codebase/ela_primary_feature_list_template.csv
,,lingering_score_SR_AA_plus_SR_PP,,,0.4641699943597949,holm,0.9283399887195898,False,group_tests_confirmatory.csv,/mnt/d/Thesis Masters/thesis-runs/ELA_run_5ROI/_merged_fit_runs_ela_5ROI/merge_renewal_ela_5ROI/ELA_features/confirmatory_analysis_v3_notaskfilter/group_tests_confirmatory.csv,13,p_value,0.4641699943597949,,,,,,,group_overall,mannwhitney_u,24.0,24.0,HC,PTSD,0.359884106958455,0.3660301242894659,0.3478395061728395,0.3788801735647529,-0.0061460173310109,252.0,-0.0673379423194207,-0.125,,all,,,0.9283399887195898,False,0.9283399887195898,False,2.0,summary_scores,Generalized lingering score,,lingering_score_SR_AA_plus_SR_PP,,/mnt/d/Thesis Masters/thesis-runs/codebase/ela_primary_feature_list_template.csv
,,traveling_score_TR_AA_over_TR_PP,,,0.5616362772902412,holm,0.9283399887195898,False,group_tests_confirmatory.csv,/mnt/d/Thesis Masters/thesis-runs/ELA_run_5ROI/_merged_fit_runs_ela_5ROI/merge_renewal_ela_5ROI/ELA_features/confirmatory_analysis_v3_notaskfilter/group_tests_confirmatory.csv,14,p_value,0.5616362772902412,,,,,,,group_overall,mannwhitney_u,24.0,21.0,HC,PTSD,6.269907407407408,8.244480519480518,4.4,6.0,-1.9745731120731105,226.0,-0.3177069579956287,-0.1031746031746031,,all,,,1.0,False,0.9283399887195898,False,2.0,summary_scores,Generalized traveling score,,traveling_score_TR_AA_over_TR_PP,,/mnt/d/Thesis Masters/thesis-runs/codebase/ela_primary_feature_list_template.csv
,,event_trial_type_hrf4__CSplus_freq_B2,,,0.6471708964046265,holm,0.6471708964046265,False,group_tests_confirmatory.csv,/mnt/d/Thesis Masters/thesis-runs/ELA_run_5ROI/_merged_fit_runs_ela_5ROI/merge_renewal_ela_5ROI/ELA_features/confirmatory_analysis_v3_notaskfilter/group_tests_confirmatory.csv,15,p_value,0.6471708964046265,,,,,,,group_overall,mannwhitney_u,24.0,23.0,HC,PTSD,0.2283829538712483,0.2053496678221615,0.2291666666666666,0.217391304347826,0.0230332860490867,298.0,0.2003922619336833,0.0797101449275362,,all,,,1.0,False,0.6471708964046265,False,2.0,event_threat_safety,CS+ recruitment of threat-like B2,,event_trial_type_hrf4__CSplus_freq_B2,,/mnt/d/Thesis Masters/thesis-runs/codebase/ela_primary_feature_list_template.csv
,,event_trial_type_hrf4__CSplus_major_to_peripheral_rate,,,0.6702082319638307,holm,0.6702082319638307,False,group_tests_confirmatory.csv,/mnt/d/Thesis Masters/thesis-runs/ELA_run_5ROI/_merged_fit_runs_ela_5ROI/merge_renewal_ela_5ROI/ELA_features/confirmatory_analysis_v3_notaskfilter/group_tests_confirmatory.csv,16,p_value,0.6702082319638307,,,,,,,group_overall,mannwhitney_u,24.0,23.0,HC,PTSD,0.240140696870117,0.221667727296143,0.2136363636363636,0.217391304347826,0.0184729695739739,296.5,0.2345465642660995,0.0742753623188405,,acquisition,,,1.0,False,0.6702082319638307,False,2.0,acquisition_threat_learning,CS+ movement from global to peripheral basins during acquisition,,event_trial_type_hrf4__CSplus_major_to_peripheral_rate,,/mnt/d/Thesis Masters/thesis-runs/codebase/ela_primary_feature_list_template.csv
,,event_trial_type_hrf4__CSplus_within_peripheral_rate_including_stay,,,0.814747726578697,holm,1.0,False,group_tests_confirmatory.csv,/mnt/d/Thesis Masters/thesis-runs/ELA_run_5ROI/_merged_fit_runs_ela_5ROI/merge_renewal_ela_5ROI/ELA_features/confirmatory_analysis_v3_notaskfilter/group_tests_confirmatory.csv,17,p_value,0.814747726578697,,,,,,,group_overall,mannwhitney_u,24.0,23.0,HC,PTSD,0.1386522724170627,0.1294009600297017,0.1249999999999999,0.1153846153846153,0.009251312387361,287.5,0.0923699262114991,0.0416666666666666,,extinction,,,1.0,False,1.0,False,2.0,extinction_peripheral_dynamics,CS+ retention within peripheral basin space,,event_trial_type_hrf4__CSplus_within_peripheral_rate_including_stay,,/mnt/d/Thesis Masters/thesis-runs/codebase/ela_primary_feature_list_template.csv
,,dwell_max_B1,,,0.957414487788932,holm,0.957414487788932,False,group_tests_confirmatory.csv,/mnt/d/Thesis Masters/thesis-runs/ELA_run_5ROI/_merged_fit_runs_ela_5ROI/merge_renewal_ela_5ROI/ELA_features/confirmatory_analysis_v3_notaskfilter/group_tests_confirmatory.csv,18,p_value,0.957414487788932,,,,,,,group_overall,mannwhitney_u,24.0,24.0,HC,PTSD,4.666666666666667,4.5,4.5,4.0,0.1666666666666669,291.0,0.1182804617842808,0.0104166666666666,,baseline,,,1.0,False,0.957414487788932,False,2.0,baseline_control,Baseline max dwell in all-off basin,,dwell_max_B1,,/mnt/d/Thesis Masters/thesis-runs/codebase/ela_primary_feature_list_template.csv
,,event_trial_type_hrf4__CSplus_peripheral_transition_rate_TR_P_to_Pprime,,,0.9826652836765905,holm,1.0,False,group_tests_confirmatory.csv,/mnt/d/Thesis Masters/thesis-runs/ELA_run_5ROI/_merged_fit_runs_ela_5ROI/merge_renewal_ela_5ROI/ELA_features/confirmatory_analysis_v3_notaskfilter/group_tests_confirmatory.csv,19,p_value,0.9826652836765905,,,,,,,group_overall,mannwhitney_u,24.0,23.0,HC,PTSD,0.041165029486953,0.0472380808710183,0.0416666666666666,0.04,-0.0060730513840653,277.5,-0.1255858039670505,0.0054347826086956,,extinction,,,1.0,False,1.0,False,2.0,extinction_peripheral_dynamics,CS+ peripheral movement during extinction,,event_trial_type_hrf4__CSplus_peripheral_transition_rate_TR_P_to_Pprime,,/mnt/d/Thesis Masters/thesis-runs/codebase/ela_primary_feature_list_template.csv
,BAI_pre,traveling_score_TR_AA_over_TR_PP,45.0,0.5541476450784698,7.836299381394723e-05,holm,0.0001567259876278,True,primary_results_for_manuscript.csv,/mnt/d/Thesis Masters/thesis-runs/ELA_run_5ROI/_merged_fit_runs_ela_5ROI/merge_renewal_ela_5ROI/ELA_features/confirmatory_analysis_v3_notaskfilter/primary_results_for_manuscript.csv,1,p_value,7.836299381394723e-05,,,,,,,,,,,,,,,,,,,,,clinical_spearman,all_tasks,all,all,0.0001567259876278,True,0.0001567259876278,True,2.0,summary_scores,Generalized traveling score,corrected_significant,,,
,BAI_pre,peripheral_transition_rate_TR_P_to_Pprime,48.0,-0.4255034160177794,0.0025698246438365,holm,0.0077094739315097,True,primary_results_for_manuscript.csv,/mnt/d/Thesis Masters/thesis-runs/ELA_run_5ROI/_merged_fit_runs_ela_5ROI/merge_renewal_ela_5ROI/ELA_features/confirmatory_analysis_v3_notaskfilter/primary_results_for_manuscript.csv,2,p_value,0.0025698246438365,,,,,,,,,,,,,,,,,,,,,clinical_spearman,all_tasks,all,all,0.0077094739315097,True,0.0077094739315097,True,3.0,major_peripheral_dynamics,Movement among peripheral threat/safety basins,corrected_significant,,,
,BAI_pre,traveling_score_TR_AA_over_TR_PP,21.0,0.6194662771153647,0.002746688000354,holm,0.005493376000708,True,primary_results_for_manuscript.csv,/mnt/d/Thesis Masters/thesis-runs/ELA_run_5ROI/_merged_fit_runs_ela_5ROI/merge_renewal_ela_5ROI/ELA_features/confirmatory_analysis_v3_notaskfilter/primary_results_for_manuscript.csv,3,p_value,0.002746688000354,,,,,,,,,,,,,,,,,,,,,clinical_spearman,all_tasks,all,PTSD,0.005493376000708,True,0.005493376000708,True,2.0,summary_scores,Generalized traveling score,corrected_significant,,,
,BAI_pre,dyn_Direct_transitions_from_B3_to_B4,24.0,0.5438315790173375,0.0060156822864541,holm,0.0120313645729082,True,primary_results_for_manuscript.csv,/mnt/d/Thesis Masters/thesis-runs/ELA_run_5ROI/_merged_fit_runs_ela_5ROI/merge_renewal_ela_5ROI/ELA_features/confirmatory_analysis_v3_notaskfilter/primary_results_for_manuscript.csv,4,p_value,0.0060156822864541,,,,,,,,,,,,,,,,,,,,,clinical_spearman,all_tasks,all,HC,0.0120313645729082,True,0.0120313645729082,True,2.0,peripheral_to_major_edges,Safety-like B3 to all-on B4 return route,corrected_significant,,,
,,event_trial_type_onset__CSminus_freq_B3,,,0.0062634239848438,holm,0.0125268479696876,True,primary_results_for_manuscript.csv,/mnt/d/Thesis Masters/thesis-runs/ELA_run_5ROI/_merged_fit_runs_ela_5ROI/merge_renewal_ela_5ROI/ELA_features/confirmatory_analysis_v3_notaskfilter/primary_results_for_manuscript.csv,5,p_value,0.0062634239848438,,,,,,,group_overall,mannwhitney_u,24.0,24.0,,,0.2539487537722795,0.1978196239447192,0.2546296296296296,0.1726190476190475,0.0561291298275602,421.0,0.6403040261756398,0.4618055555555556,overall_group_test,renewal,,,0.0125268479696876,True,0.0125268479696876,True,2.0,renewal_safety_retrieval,CS− safety-like B3 occupancy during renewal,corrected_significant,,,
,,dyn_Direct_transitions_from_B2_to_B1,48.0,,0.0065773764398506,holm,0.0131547528797012,True,primary_results_for_manuscript.csv,/mnt/d/Thesis Masters/thesis-runs/ELA_run_5ROI/_merged_fit_runs_ela_5ROI/merge_renewal_ela_5ROI/ELA_features/confirmatory_analysis_v3_notaskfilter/primary_results_for_manuscript.csv,6,p_value,0.0065773764398506,,C(group)[T.PTSD],-0.0162257513167247,-2.852942739492288,,,,,,,,,,,,,,,,,covariate_model,all,,,0.0131547528797012,True,0.0131547528797012,True,2.0,peripheral_to_major_edges,Threat-like B2 to all-off B1 return route,corrected_significant,,,
,,event_trial_type_onset__CSminus_freq_B1,,,0.0071173538619583,holm,0.0125268479696876,True,primary_results_for_manuscript.csv,/mnt/d/Thesis Masters/thesis-runs/ELA_run_5ROI/_merged_fit_runs_ela_5ROI/merge_renewal_ela_5ROI/ELA_features/confirmatory_analysis_v3_notaskfilter/primary_results_for_manuscript.csv,7,p_value,0.0071173538619583,,,,,,,group_overall,mannwhitney_u,24.0,24.0,,,0.3438191380292204,0.4211106769921606,0.3670033670033669,0.4082491582491582,-0.0772915389629401,157.0,-0.9018245496539744,-0.4548611111111111,overall_group_test,renewal,,,0.0142347077239167,True,0.0125268479696876,True,2.0,renewal_safety_retrieval,CS− all-off occupancy during renewal,corrected_significant,,,
,IUS,event_trial_type_onset__CSminus_freq_B3,47.0,-0.3818120353166109,0.0080910561373749,holm,0.0161821122747498,True,primary_results_for_manuscript.csv,/mnt/d/Thesis Masters/thesis-runs/ELA_run_5ROI/_merged_fit_runs_ela_5ROI/merge_renewal_ela_5ROI/ELA_features/confirmatory_analysis_v3_notaskfilter/primary_results_for_manuscript.csv,8,p_value,0.0080910561373749,,,,,,,,,,,,,,,,,,,,,clinical_spearman,all_tasks,all,all,0.0161821122747498,True,0.0161821122747498,True,2.0,renewal_safety_retrieval,CS− safety-like B3 occupancy during renewal,corrected_significant,,,
,SAI_pre,event_trial_type_hrf4__CSplus_freq_B4,23.0,0.524175954536858,0.0102441720751768,holm,0.0102441720751768,True,primary_results_for_manuscript.csv,/mnt/d/Thesis Masters/thesis-runs/ELA_run_5ROI/_merged_fit_runs_ela_5ROI/merge_renewal_ela_5ROI/ELA_features/confirmatory_analysis_v3_notaskfilter/primary_results_for_manuscript.csv,9,p_value,0.0102441720751768,,,,,,,,,,,,,,,,,,,,,clinical_spearman,all_tasks,all,PTSD,0.0102441720751768,True,0.0102441720751768,True,1.0,global_locking,CS+ all-on/global locking,corrected_significant,,,
,SAI_pre,event_trial_type_onset__CSminus_freq_B1,24.0,-0.5118610212057937,0.0105617955858062,holm,0.0211235911716124,True,primary_results_for_manuscript.csv,/mnt/d/Thesis Masters/thesis-runs/ELA_run_5ROI/_merged_fit_runs_ela_5ROI/merge_renewal_ela_5ROI/ELA_features/confirmatory_analysis_v3_notaskfilter/primary_results_for_manuscript.csv,10,p_value,0.0105617955858062,,,,,,,,,,,,,,,,,,,,,clinical_spearman,all_tasks,all,HC,0.0211235911716124,True,0.0211235911716124,True,2.0,renewal_safety_retrieval,CS− all-off occupancy during renewal,corrected_significant,,,
,BAI_pre,basin_entropy,48.0,-0.360335371068299,0.0118757366435913,holm,0.0118757366435913,True,primary_results_for_manuscript.csv,/mnt/d/Thesis Masters/thesis-runs/ELA_run_5ROI/_merged_fit_runs_ela_5ROI/merge_renewal_ela_5ROI/ELA_features/confirmatory_analysis_v3_notaskfilter/primary_results_for_manuscript.csv,11,p_value,0.0118757366435913,,,,,,,,,,,,,,,,,,,,,clinical_spearman,all_tasks,all,all,0.0118757366435913,True,0.0118757366435913,True,1.0,flexibility,Basin repertoire/flexibility,corrected_significant,,,
,BAI_pre,event_trial_type_hrf4__CSplus_freq_B2,23.0,-0.5074223167490685,0.0134541891955426,holm,0.0269083783910852,True,primary_results_for_manuscript.csv,/mnt/d/Thesis Masters/thesis-runs/ELA_run_5ROI/_merged_fit_runs_ela_5ROI/merge_renewal_ela_5ROI/ELA_features/confirmatory_analysis_v3_notaskfilter/primary_results_for_manuscript.csv,12,p_value,0.0134541891955426,,,,,,,,,,,,,,,,,,,,,clinical_spearman,all_tasks,all,PTSD,0.0269083783910852,True,0.0269083783910852,True,2.0,event_threat_safety,CS+ recruitment of threat-like B2,corrected_significant,,,
,SAI_pre,event_trial_type_onset__CSminus_freq_B3,24.0,0.4843002278309323,0.0164774489944557,holm,0.0211235911716124,True,primary_results_for_manuscript.csv,/mnt/d/Thesis Masters/thesis-runs/ELA_run_5ROI/_merged_fit_runs_ela_5ROI/merge_renewal_ela_5ROI/ELA_features/confirmatory_analysis_v3_notaskfilter/primary_results_for_manuscript.csv,13,p_value,0.0164774489944557,,,,,,,,,,,,,,,,,,,,,clinical_spearman,all_tasks,all,HC,0.0329548979889114,True,0.0211235911716124,True,2.0,renewal_safety_retrieval,CS− safety-like B3 occupancy during renewal,corrected_significant,,,
,BAI_pre,event_trial_type_hrf4__CSplus_within_peripheral_rate_including_stay,47.0,-0.3448755991937112,0.0175953368953993,holm,0.0351906737907986,True,primary_results_for_manuscript.csv,/mnt/d/Thesis Masters/thesis-runs/ELA_run_5ROI/_merged_fit_runs_ela_5ROI/merge_renewal_ela_5ROI/ELA_features/confirmatory_analysis_v3_notaskfilter/primary_results_for_manuscript.csv,14,p_value,0.0175953368953993,,,,,,,,,,,,,,,,,,,,,clinical_spearman,all_tasks,all,all,0.0351906737907986,True,0.0351906737907986,True,2.0,extinction_peripheral_dynamics,CS+ retention within peripheral basin space,corrected_significant,,,
,BAI_pre,traveling_score_TR_AA_over_TR_PP,24.0,0.4792678371680615,0.0178048504687351,holm,0.0356097009374702,True,primary_results_for_manuscript.csv,/mnt/d/Thesis Masters/thesis-runs/ELA_run_5ROI/_merged_fit_runs_ela_5ROI/merge_renewal_ela_5ROI/ELA_features/confirmatory_analysis_v3_notaskfilter/primary_results_for_manuscript.csv,15,p_value,0.0178048504687351,,,,,,,,,,,,,,,,,,,,,clinical_spearman,all_tasks,all,HC,0.0356097009374702,True,0.0356097009374702,True,2.0,summary_scores,Generalized traveling score,corrected_significant,,,
,BAI_pre,event_trial_type_hrf4__CSplus_within_peripheral_rate_including_stay,23.0,-0.47425748385667,0.0222333658135802,holm,0.0444667316271605,True,primary_results_for_manuscript.csv,/mnt/d/Thesis Masters/thesis-runs/ELA_run_5ROI/_merged_fit_runs_ela_5ROI/merge_renewal_ela_5ROI/ELA_features/confirmatory_analysis_v3_notaskfilter/primary_results_for_manuscript.csv,16,p_value,0.0222333658135802,,,,,,,,,,,,,,,,,,,,,clinical_spearman,all_tasks,all,PTSD,0.0444667316271605,True,0.0444667316271605,True,2.0,extinction_peripheral_dynamics,CS+ retention within peripheral basin space,corrected_significant,,,
,BAI_pre,basin_entropy,24.0,-0.4577533079096129,0.0244965692452401,holm,0.0244965692452401,True,primary_results_for_manuscript.csv,/mnt/d/Thesis Masters/thesis-runs/ELA_run_5ROI/_merged_fit_runs_ela_5ROI/merge_renewal_ela_5ROI/ELA_features/confirmatory_analysis_v3_notaskfilter/primary_results_for_manuscript.csv,17,p_value,0.0244965692452401,,,,,,,,,,,,,,,,,,,,,clinical_spearman,all_tasks,all,PTSD,0.0244965692452401,True,0.0244965692452401,True,1.0,flexibility,Basin repertoire/flexibility,corrected_significant,,,
,,event_trial_type_hrf4__CSplus_freq_B4,,,0.032378204796279,holm,0.032378204796279,True,primary_results_for_manuscript.csv,/mnt/d/Thesis Masters/thesis-runs/ELA_run_5ROI/_merged_fit_runs_ela_5ROI/merge_renewal_ela_5ROI/ELA_features/confirmatory_analysis_v3_notaskfilter/primary_results_for_manuscript.csv,18,p_value,0.032378204796279,,,,,,,group_overall,mannwhitney_u,24.0,23.0,,,0.2957396425601293,0.3654487168440317,0.2958333333333333,0.3846153846153846,-0.0697090742839023,175.0,-0.7443763259952534,-0.3659420289855072,overall_group_test,all,,,0.032378204796279,True,0.032378204796279,True,1.0,global_locking,CS+ all-on/global locking,corrected_significant,,,
,BAI_pre,event_trial_type_hrf4__CSplus_freq_B4,24.0,-0.4228342585077422,0.039535241649397,holm,0.039535241649397,True,primary_results_for_manuscript.csv,/mnt/d/Thesis Masters/thesis-runs/ELA_run_5ROI/_merged_fit_runs_ela_5ROI/merge_renewal_ela_5ROI/ELA_features/confirmatory_analysis_v3_notaskfilter/primary_results_for_manuscript.csv,19,p_value,0.039535241649397,,,,,,,,,,,,,,,,,,,,,clinical_spearman,all_tasks,all,HC,0.039535241649397,True,0.039535241649397,True,1.0,global_locking,CS+ all-on/global locking,corrected_significant,,,
