cohort,source,target,count,source_basin,target_basin,most_common_source_event,most_common_target_event,source_total,probability,subject_support_count,n_subjects_in_cohort,subject_support_prop,source_basin_label,target_basin_label
merged,14,13,19,2,2,CS+,CS+,95,0.2,17,47,0.3617021276595745,Threat-like,Threat-like
merged,31,32,24,4,4,ITI,ITI,124,0.1935483870967742,16,47,0.3404255319148936,Global on,Global on
merged,2,1,26,1,1,ITI,ITI,139,0.18705035971223022,19,47,0.40425531914893614,Global off,Global off
merged,27,20,9,4,3,ITI,ITI,50,0.18,8,47,0.1702127659574468,Global on,Safety-like
merged,12,1,10,3,1,ITI,ITI,61,0.16393442622950818,9,47,0.19148936170212766,Safety-like,Global off
merged,17,1,22,1,1,ITI,ITI,135,0.16296296296296298,14,47,0.2978723404255319,Global off,Global off
merged,3,1,9,1,1,ITI,ITI,57,0.15789473684210525,7,47,0.14893617021276595,Global off,Global off
merged,24,32,16,4,4,ITI,CS+,103,0.1553398058252427,13,47,0.2765957446808511,Global on,Global on
merged,9,1,15,1,1,ITI,ITI,99,0.15151515151515152,13,47,0.2765957446808511,Global off,Global off
merged,26,29,5,4,2,ITI,ITI,33,0.15151515151515152,5,47,0.10638297872340426,Global on,Threat-like
merged,10,1,10,1,1,ITI,ITI,70,0.14285714285714285,9,47,0.19148936170212766,Global off,Global off
merged,3,2,8,1,1,ITI,ITI,57,0.14035087719298245,7,47,0.14893617021276595,Global off,Global off
merged,5,1,16,1,1,ITI,ITI,117,0.13675213675213677,14,47,0.2978723404255319,Global off,Global off
merged,23,32,8,4,4,ITI,ITI,62,0.12903225806451613,8,47,0.1702127659574468,Global on,Global on
merged,13,1,23,2,1,CS+,ITI,181,0.1270718232044199,18,47,0.3829787234042553,Threat-like,Global off
merged,15,13,9,2,2,CS-,ITI,71,0.1267605633802817,6,47,0.1276595744680851,Threat-like,Threat-like
merged,28,20,14,4,3,ITI,ITI,113,0.12389380530973451,13,47,0.2765957446808511,Global on,Safety-like
merged,25,1,9,1,1,ITI,ITI,74,0.12162162162162163,8,47,0.1702127659574468,Global off,Global off
merged,16,32,18,4,4,ITI,ITI,150,0.12,15,47,0.3191489361702128,Global on,Global on
merged,27,28,6,4,4,ITI,ITI,50,0.12,6,47,0.1276595744680851,Global on,Global on
merged,17,32,16,1,4,ITI,ITI,135,0.11851851851851852,13,47,0.2765957446808511,Global off,Global on
merged,12,32,7,3,4,ITI,CS-,61,0.11475409836065574,7,47,0.14893617021276595,Safety-like,Global on
merged,10,13,8,1,2,CS-,CS+,70,0.11428571428571428,7,47,0.14893617021276595,Global off,Threat-like
merged,8,13,7,3,2,CS-,ITI,62,0.11290322580645161,7,47,0.14893617021276595,Safety-like,Threat-like
merged,23,24,7,4,4,CS+,ITI,62,0.11290322580645161,6,47,0.1276595744680851,Global on,Global on
merged,15,16,8,2,4,CS+,ITI,71,0.11267605633802817,8,47,0.1702127659574468,Threat-like,Global on
merged,11,1,3,1,1,CS+,CS+,27,0.1111111111111111,3,47,0.06382978723404255,Global off,Global off
merged,11,16,3,1,4,ITI,ITI,27,0.1111111111111111,3,47,0.06382978723404255,Global off,Global on
merged,11,31,3,1,4,ITI,ITI,27,0.1111111111111111,3,47,0.06382978723404255,Global off,Global on
merged,20,32,20,3,4,ITI,ITI,181,0.11049723756906077,15,47,0.3191489361702128,Safety-like,Global on
merged,18,17,7,3,1,ITI,ITI,65,0.1076923076923077,7,47,0.14893617021276595,Safety-like,Global off
merged,24,20,11,4,3,ITI,ITI,103,0.10679611650485436,10,47,0.2127659574468085,Global on,Safety-like
merged,3,32,6,1,4,ITI,ITI,57,0.10526315789473684,5,47,0.10638297872340426,Global off,Global on
merged,17,20,14,1,3,ITI,ITI,135,0.1037037037037037,12,47,0.2553191489361702,Global off,Safety-like
merged,19,20,10,3,3,ITI,ITI,97,0.10309278350515463,8,47,0.1702127659574468,Safety-like,Safety-like
merged,5,13,12,1,2,ITI,ITI,117,0.10256410256410256,12,47,0.2553191489361702,Global off,Threat-like
merged,5,16,12,1,4,ITI,ITI,117,0.10256410256410256,11,47,0.23404255319148937,Global off,Global on
merged,7,5,4,1,1,ITI,ITI,39,0.10256410256410256,4,47,0.0851063829787234,Global off,Global off
merged,7,16,4,1,4,CS-,CS-,39,0.10256410256410256,4,47,0.0851063829787234,Global off,Global on
merged,7,32,4,1,4,CS+,CS+,39,0.10256410256410256,4,47,0.0851063829787234,Global off,Global on
merged,29,32,14,2,4,ITI,CS-,140,0.1,13,47,0.2765957446808511,Threat-like,Global on
merged,15,9,7,2,1,ITI,ITI,71,0.09859154929577464,7,47,0.14893617021276595,Threat-like,Global off
merged,15,32,7,2,4,CS+,ITI,71,0.09859154929577464,7,47,0.14893617021276595,Threat-like,Global on
merged,12,13,6,3,2,ITI,CS+,61,0.09836065573770492,5,47,0.10638297872340426,Safety-like,Threat-like
merged,21,32,6,1,4,ITI,ITI,61,0.09836065573770492,6,47,0.1276595744680851,Global off,Global on
merged,6,1,5,1,1,ITI,ITI,51,0.09803921568627451,5,47,0.10638297872340426,Global off,Global off
merged,6,20,5,1,3,ITI,ITI,51,0.09803921568627451,5,47,0.10638297872340426,Global off,Safety-like
merged,4,1,13,3,1,ITI,ITI,133,0.09774436090225563,12,47,0.2553191489361702,Safety-like,Global off
merged,4,32,13,3,4,ITI,ITI,133,0.09774436090225563,11,47,0.23404255319148937,Safety-like,Global on
merged,28,17,11,4,1,ITI,ITI,113,0.09734513274336283,10,47,0.2127659574468085,Global on,Global off
merged,8,1,6,3,1,ITI,ITI,62,0.0967741935483871,5,47,0.10638297872340426,Safety-like,Global off
merged,29,31,13,2,4,ITI,CS+,140,0.09285714285714286,10,47,0.2127659574468085,Threat-like,Global on
merged,19,17,9,3,1,ITI,ITI,97,0.09278350515463918,7,47,0.14893617021276595,Safety-like,Global off
merged,19,24,9,3,4,ITI,ITI,97,0.09278350515463918,8,47,0.1702127659574468,Safety-like,Global on
merged,32,30,23,4,4,ITI,ITI,253,0.09090909090909091,17,47,0.3617021276595745,Global on,Global on
merged,9,4,9,1,3,ITI,ITI,99,0.09090909090909091,8,47,0.1702127659574468,Global off,Safety-like
merged,9,32,9,1,4,ITI,ITI,99,0.09090909090909091,8,47,0.1702127659574468,Global off,Global on
merged,26,12,3,4,3,ITI,ITI,33,0.09090909090909091,3,47,0.06382978723404255,Global on,Safety-like
merged,26,28,3,4,4,ITI,ITI,33,0.09090909090909091,3,47,0.06382978723404255,Global on,Global on
merged,22,1,2,4,1,ITI,CS+,22,0.09090909090909091,2,47,0.0425531914893617,Global on,Global off
merged,22,2,2,4,1,ITI,CS+,22,0.09090909090909091,2,47,0.0425531914893617,Global on,Global off
merged,22,10,2,4,1,ITI,ITI,22,0.09090909090909091,2,47,0.0425531914893617,Global on,Global off
merged,22,17,2,4,1,CS-,CS-,22,0.09090909090909091,2,47,0.0425531914893617,Global on,Global off
merged,22,20,2,4,3,CS-,ITI,22,0.09090909090909091,2,47,0.0425531914893617,Global on,Safety-like
merged,22,24,2,4,4,ITI,CS-,22,0.09090909090909091,2,47,0.0425531914893617,Global on,Global on
merged,22,31,2,4,4,CS+,CS+,22,0.09090909090909091,2,47,0.0425531914893617,Global on,Global on
merged,22,32,2,4,4,CS-,CS-,22,0.09090909090909091,2,47,0.0425531914893617,Global on,Global on
merged,30,31,7,4,4,CS+,ITI,79,0.08860759493670886,7,47,0.14893617021276595,Global on,Global on
merged,28,32,10,4,4,ITI,CS+,113,0.08849557522123894,9,47,0.19148936170212766,Global on,Global on
merged,24,1,9,4,1,ITI,ITI,103,0.08737864077669903,9,47,0.19148936170212766,Global on,Global off
merged,32,28,22,4,4,ITI,ITI,253,0.08695652173913043,17,47,0.3617021276595745,Global on,Global on
merged,10,2,6,1,1,ITI,ITI,70,0.08571428571428572,6,47,0.1276595744680851,Global off,Global off
merged,15,1,6,2,1,ITI,ITI,71,0.08450704225352113,6,47,0.1276595744680851,Threat-like,Global off
merged,14,29,8,2,2,CS+,ITI,95,0.08421052631578947,6,47,0.1276595744680851,Threat-like,Threat-like
merged,13,5,15,2,1,ITI,ITI,181,0.08287292817679558,13,47,0.2765957446808511,Threat-like,Global off
merged,20,4,15,3,3,CS-,ITI,181,0.08287292817679558,13,47,0.2765957446808511,Safety-like,Safety-like
merged,4,20,11,3,3,ITI,ITI,133,0.08270676691729323,11,47,0.23404255319148937,Safety-like,Safety-like
merged,19,32,8,3,4,ITI,ITI,97,0.08247422680412371,8,47,0.1702127659574468,Safety-like,Global on
merged,1,5,22,1,1,ITI,ITI,267,0.08239700374531835,21,47,0.44680851063829785,Global off,Global off
merged,12,14,5,3,2,ITI,ITI,61,0.08196721311475409,5,47,0.10638297872340426,Safety-like,Threat-like
merged,12,16,5,3,4,ITI,CS-,61,0.08196721311475409,4,47,0.0851063829787234,Safety-like,Global on
merged,9,2,8,1,1,ITI,CS-,99,0.08080808080808081,7,47,0.14893617021276595,Global off,Global off
merged,31,20,10,4,3,ITI,ITI,124,0.08064516129032258,9,47,0.19148936170212766,Global on,Safety-like
merged,31,29,10,4,2,ITI,ITI,124,0.08064516129032258,9,47,0.19148936170212766,Global on,Threat-like
merged,8,2,5,3,1,ITI,ITI,62,0.08064516129032258,5,47,0.10638297872340426,Safety-like,Global off
merged,32,20,20,4,3,ITI,ITI,253,0.07905138339920949,16,47,0.3404255319148936,Global on,Safety-like
merged,6,7,4,1,1,ITI,ITI,51,0.0784313725490196,4,47,0.0851063829787234,Global off,Global off
merged,6,16,4,1,4,ITI,CS+,51,0.0784313725490196,3,47,0.06382978723404255,Global off,Global on
merged,6,32,4,1,4,ITI,ITI,51,0.0784313725490196,4,47,0.0851063829787234,Global off,Global on
merged,20,18,14,3,3,ITI,CS-,181,0.07734806629834254,11,47,0.23404255319148937,Safety-like,Safety-like
merged,5,29,9,1,2,ITI,ITI,117,0.07692307692307693,9,47,0.19148936170212766,Global off,Threat-like
merged,18,2,5,3,1,ITI,ITI,65,0.07692307692307693,5,47,0.10638297872340426,Safety-like,Global off
merged,18,28,5,3,4,ITI,ITI,65,0.07692307692307693,5,47,0.10638297872340426,Safety-like,Global on
merged,7,1,3,1,1,ITI,CS+,39,0.07692307692307693,3,47,0.06382978723404255,Global off,Global off
merged,7,8,3,1,3,CS+,CS+,39,0.07692307692307693,3,47,0.06382978723404255,Global off,Safety-like
merged,7,23,3,1,4,CS+,ITI,39,0.07692307692307693,3,47,0.06382978723404255,Global off,Global on
merged,30,13,6,4,2,CS+,CS+,79,0.0759493670886076,6,47,0.1276595744680851,Global on,Threat-like
merged,30,15,6,4,2,ITI,ITI,79,0.0759493670886076,6,47,0.1276595744680851,Global on,Threat-like
merged,30,29,6,4,2,CS+,ITI,79,0.0759493670886076,6,47,0.1276595744680851,Global on,Threat-like
merged,17,25,10,1,1,ITI,ITI,135,0.07407407407407407,7,47,0.14893617021276595,Global off,Global off
merged,11,13,2,1,2,CS+,CS+,27,0.07407407407407407,2,47,0.0425531914893617,Global off,Threat-like
merged,11,17,2,1,1,CS+,CS+,27,0.07407407407407407,2,47,0.0425531914893617,Global off,Global off
merged,11,20,2,1,3,CS-,CS-,27,0.07407407407407407,2,47,0.0425531914893617,Global off,Safety-like
merged,11,32,2,1,4,ITI,CS-,27,0.07407407407407407,1,47,0.02127659574468085,Global off,Global on
merged,16,13,11,4,2,CS+,CS+,150,0.07333333333333333,10,47,0.2127659574468085,Global on,Threat-like
merged,2,32,10,1,4,ITI,ITI,139,0.07194244604316546,6,47,0.1276595744680851,Global off,Global on
merged,29,13,10,2,2,ITI,ITI,140,0.07142857142857142,9,47,0.19148936170212766,Threat-like,Threat-like
merged,29,20,10,2,3,ITI,ITI,140,0.07142857142857142,10,47,0.2127659574468085,Threat-like,Safety-like
merged,10,14,5,1,2,ITI,ITI,70,0.07142857142857142,4,47,0.0851063829787234,Global off,Threat-like
merged,10,32,5,1,4,ITI,ITI,70,0.07142857142857142,5,47,0.10638297872340426,Global off,Global on
merged,28,1,8,4,1,CS+,CS+,113,0.07079646017699115,5,47,0.10638297872340426,Global on,Global off
merged,15,2,5,2,1,ITI,ITI,71,0.07042253521126761,5,47,0.10638297872340426,Threat-like,Global off
merged,3,16,4,1,4,ITI,CS-,57,0.07017543859649122,4,47,0.0851063829787234,Global off,Global on
merged,24,16,7,4,4,ITI,CS+,103,0.06796116504854369,7,47,0.14893617021276595,Global on,Global on
merged,25,9,5,1,1,ITI,ITI,74,0.06756756756756757,5,47,0.10638297872340426,Global off,Global off
merged,25,17,5,1,1,ITI,ITI,74,0.06756756756756757,5,47,0.10638297872340426,Global off,Global off
merged,25,20,5,1,3,ITI,ITI,74,0.06756756756756757,5,47,0.10638297872340426,Global off,Safety-like
merged,32,1,17,4,1,ITI,ITI,253,0.06719367588932806,10,47,0.2127659574468085,Global on,Global off
merged,32,13,17,4,2,ITI,ITI,253,0.06719367588932806,14,47,0.2978723404255319,Global on,Threat-like
merged,16,1,10,4,1,ITI,ITI,150,0.06666666666666667,9,47,0.19148936170212766,Global on,Global off
merged,16,29,10,4,2,CS-,ITI,150,0.06666666666666667,10,47,0.2127659574468085,Global on,Threat-like
merged,17,29,9,1,2,ITI,CS-,135,0.06666666666666667,8,47,0.1702127659574468,Global off,Threat-like
merged,13,29,12,2,2,ITI,ITI,181,0.06629834254143646,10,47,0.2127659574468085,Threat-like,Threat-like
merged,20,17,12,3,1,ITI,ITI,181,0.06629834254143646,10,47,0.2127659574468085,Safety-like,Global off
merged,12,4,4,3,3,CS-,CS-,61,0.06557377049180328,3,47,0.06382978723404255,Safety-like,Safety-like
merged,21,16,4,1,4,CS-,ITI,61,0.06557377049180328,4,47,0.0851063829787234,Global off,Global on
merged,21,20,4,1,3,ITI,ITI,61,0.06557377049180328,3,47,0.06382978723404255,Global off,Safety-like
merged,21,24,4,1,4,CS-,ITI,61,0.06557377049180328,4,47,0.0851063829787234,Global off,Global on
merged,21,31,4,1,4,CS-,CS-,61,0.06557377049180328,4,47,0.0851063829787234,Global off,Global on
merged,2,4,9,1,3,ITI,ITI,139,0.06474820143884892,8,47,0.1702127659574468,Global off,Safety-like
merged,8,16,4,3,4,CS-,CS-,62,0.06451612903225806,4,47,0.0851063829787234,Safety-like,Global on
merged,8,24,4,3,4,CS-,ITI,62,0.06451612903225806,3,47,0.06382978723404255,Safety-like,Global on
merged,8,32,4,3,4,ITI,ITI,62,0.06451612903225806,4,47,0.0851063829787234,Safety-like,Global on
merged,23,16,4,4,4,ITI,ITI,62,0.06451612903225806,4,47,0.0851063829787234,Global on,Global on
merged,23,19,4,4,3,ITI,ITI,62,0.06451612903225806,3,47,0.06382978723404255,Global on,Safety-like
merged,23,20,4,4,3,CS-,ITI,62,0.06451612903225806,4,47,0.0851063829787234,Global on,Safety-like
merged,23,31,4,4,4,CS-,ITI,62,0.06451612903225806,4,47,0.0851063829787234,Global on,Global on
merged,29,2,9,2,1,ITI,ITI,140,0.06428571428571428,6,47,0.1276595744680851,Threat-like,Global off
merged,1,2,17,1,1,ITI,ITI,267,0.06367041198501873,14,47,0.2978723404255319,Global off,Global off
merged,1,13,17,1,2,ITI,ITI,267,0.06367041198501873,15,47,0.3191489361702128,Global off,Threat-like
merged,14,5,6,2,1,ITI,ITI,95,0.06315789473684211,5,47,0.10638297872340426,Threat-like,Global off
merged,14,16,6,2,4,CS+,ITI,95,0.06315789473684211,6,47,0.1276595744680851,Threat-like,Global on
merged,14,31,6,2,4,ITI,CS+,95,0.06315789473684211,5,47,0.10638297872340426,Threat-like,Global on
merged,28,4,7,4,3,ITI,ITI,113,0.061946902654867256,7,47,0.14893617021276595,Global on,Safety-like
merged,19,1,6,3,1,ITI,CS+,97,0.061855670103092786,6,47,0.1276595744680851,Safety-like,Global off
merged,19,28,6,3,4,ITI,ITI,97,0.061855670103092786,6,47,0.1276595744680851,Safety-like,Global on
merged,19,29,6,3,2,ITI,ITI,97,0.061855670103092786,5,47,0.10638297872340426,Safety-like,Threat-like
merged,18,1,4,3,1,CS+,ITI,65,0.06153846153846154,4,47,0.0851063829787234,Safety-like,Global off
merged,18,5,4,3,1,CS-,CS-,65,0.06153846153846154,4,47,0.0851063829787234,Safety-like,Global off
merged,18,9,4,3,1,CS-,CS-,65,0.06153846153846154,3,47,0.06382978723404255,Safety-like,Global off
merged,18,24,4,3,4,ITI,ITI,65,0.06153846153846154,4,47,0.0851063829787234,Safety-like,Global on
merged,18,31,4,3,4,ITI,ITI,65,0.06153846153846154,4,47,0.0851063829787234,Safety-like,Global on
merged,9,5,6,1,1,ITI,ITI,99,0.06060606060606061,6,47,0.1276595744680851,Global off,Global off
merged,26,5,2,4,1,ITI,CS+,33,0.06060606060606061,2,47,0.0425531914893617,Global on,Global off
merged,26,9,2,4,1,ITI,ITI,33,0.06060606060606061,2,47,0.0425531914893617,Global on,Global off
merged,26,13,2,4,2,ITI,CS-,33,0.06060606060606061,2,47,0.0425531914893617,Global on,Threat-like
merged,26,20,2,4,3,ITI,CS-,33,0.06060606060606061,2,47,0.0425531914893617,Global on,Safety-like
merged,26,24,2,4,4,CS-,ITI,33,0.06060606060606061,2,47,0.0425531914893617,Global on,Global on
merged,26,25,2,4,1,CS+,CS+,33,0.06060606060606061,2,47,0.0425531914893617,Global on,Global off
merged,4,2,8,3,1,ITI,ITI,133,0.06015037593984962,7,47,0.14893617021276595,Safety-like,Global off
merged,27,2,3,4,1,ITI,ITI,50,0.06,3,47,0.06382978723404255,Global on,Global off
merged,27,18,3,4,3,ITI,ITI,50,0.06,3,47,0.06382978723404255,Global on,Safety-like
merged,27,29,3,4,2,ITI,ITI,50,0.06,3,47,0.06382978723404255,Global on,Threat-like
merged,1,4,16,1,3,ITI,ITI,267,0.0599250936329588,13,47,0.2765957446808511,Global off,Safety-like
merged,17,2,8,1,1,ITI,ITI,135,0.05925925925925926,8,47,0.1702127659574468,Global off,Global off
merged,6,4,3,1,3,ITI,ITI,51,0.058823529411764705,3,47,0.06382978723404255,Global off,Safety-like
merged,6,13,3,1,2,ITI,CS+,51,0.058823529411764705,3,47,0.06382978723404255,Global off,Threat-like
merged,6,14,3,1,2,ITI,ITI,51,0.058823529411764705,3,47,0.06382978723404255,Global off,Threat-like
merged,24,4,6,4,3,CS-,ITI,103,0.05825242718446602,6,47,0.1276595744680851,Global on,Safety-like
merged,29,16,8,2,4,ITI,CS+,140,0.05714285714285714,7,47,0.14893617021276595,Threat-like,Global on
merged,10,17,4,1,1,CS+,ITI,70,0.05714285714285714,4,47,0.0851063829787234,Global off,Global off
merged,1,16,15,1,4,ITI,ITI,267,0.056179775280898875,15,47,0.3191489361702128,Global off,Global on
merged,32,31,14,4,4,ITI,ITI,253,0.05533596837944664,10,47,0.2127659574468085,Global on,Global on
merged,13,14,10,2,2,ITI,ITI,181,0.055248618784530384,9,47,0.19148936170212766,Threat-like,Threat-like
merged,20,28,10,3,4,ITI,ITI,181,0.055248618784530384,10,47,0.2127659574468085,Safety-like,Global on
merged,20,31,10,3,4,ITI,ITI,181,0.055248618784530384,8,47,0.1702127659574468,Safety-like,Global on
merged,25,13,4,1,2,ITI,CS+,74,0.05405405405405406,4,47,0.0851063829787234,Global off,Threat-like
merged,25,19,4,1,3,CS-,ITI,74,0.05405405405405406,4,47,0.0851063829787234,Global off,Safety-like
merged,25,28,4,1,4,ITI,CS+,74,0.05405405405405406,4,47,0.0851063829787234,Global off,Global on
merged,25,32,4,1,4,ITI,ITI,74,0.05405405405405406,4,47,0.0851063829787234,Global off,Global on
merged,16,5,8,4,1,ITI,ITI,150,0.05333333333333334,8,47,0.1702127659574468,Global on,Global off
merged,16,14,8,4,2,CS+,CS+,150,0.05333333333333334,7,47,0.14893617021276595,Global on,Threat-like
merged,16,15,8,4,2,CS+,CS+,150,0.05333333333333334,7,47,0.14893617021276595,Global on,Threat-like
merged,28,12,6,4,3,ITI,ITI,113,0.05309734513274336,4,47,0.0851063829787234,Global on,Safety-like
merged,4,5,7,3,1,ITI,ITI,133,0.05263157894736842,5,47,0.10638297872340426,Safety-like,Global off
merged,4,19,7,3,3,ITI,ITI,133,0.05263157894736842,5,47,0.10638297872340426,Safety-like,Safety-like
merged,4,29,7,3,2,ITI,ITI,133,0.05263157894736842,6,47,0.1276595744680851,Safety-like,Threat-like
merged,14,1,5,2,1,ITI,ITI,95,0.05263157894736842,4,47,0.0851063829787234,Threat-like,Global off
merged,14,30,5,2,4,CS+,ITI,95,0.05263157894736842,5,47,0.10638297872340426,Threat-like,Global on
merged,3,29,3,1,2,ITI,ITI,57,0.05263157894736842,3,47,0.06382978723404255,Global off,Threat-like
merged,1,17,14,1,1,ITI,ITI,267,0.052434456928838954,12,47,0.2553191489361702,Global off,Global off
merged,19,4,5,3,3,CS-,ITI,97,0.05154639175257732,5,47,0.10638297872340426,Safety-like,Safety-like
merged,32,24,13,4,4,ITI,ITI,253,0.05138339920948617,12,47,0.2553191489361702,Global on,Global on
merged,5,6,6,1,1,ITI,ITI,117,0.05128205128205128,6,47,0.1276595744680851,Global off,Global off
merged,5,32,6,1,4,CS-,ITI,117,0.05128205128205128,6,47,0.1276595744680851,Global off,Global on
merged,7,12,2,1,3,CS+,CS+,39,0.05128205128205128,2,47,0.0425531914893617,Global off,Safety-like
merged,7,15,2,1,2,CS+,CS+,39,0.05128205128205128,2,47,0.0425531914893617,Global off,Threat-like
merged,7,17,2,1,1,CS-,CS-,39,0.05128205128205128,2,47,0.0425531914893617,Global off,Global off
merged,7,20,2,1,3,CS-,CS-,39,0.05128205128205128,2,47,0.0425531914893617,Global off,Safety-like
merged,7,21,2,1,1,ITI,CS+,39,0.05128205128205128,1,47,0.02127659574468085,Global off,Global off
merged,30,1,4,4,1,CS+,CS+,79,0.05063291139240506,4,47,0.0851063829787234,Global on,Global off
merged,30,9,4,4,1,ITI,ITI,79,0.05063291139240506,3,47,0.06382978723404255,Global on,Global off
merged,30,19,4,4,3,ITI,ITI,79,0.05063291139240506,4,47,0.0851063829787234,Global on,Safety-like
merged,30,20,4,4,3,ITI,ITI,79,0.05063291139240506,4,47,0.0851063829787234,Global on,Safety-like
merged,30,32,4,4,4,ITI,CS-,79,0.05063291139240506,4,47,0.0851063829787234,Global on,Global on
merged,9,23,5,1,4,ITI,ITI,99,0.050505050505050504,5,47,0.10638297872340426,Global off,Global on
merged,29,21,7,2,1,ITI,ITI,140,0.05,5,47,0.10638297872340426,Threat-like,Global off
merged,13,16,9,2,4,ITI,ITI,181,0.049723756906077346,9,47,0.19148936170212766,Threat-like,Global on
merged,13,32,9,2,4,ITI,ITI,181,0.049723756906077346,9,47,0.19148936170212766,Threat-like,Global on
merged,20,1,9,3,1,ITI,ITI,181,0.049723756906077346,7,47,0.14893617021276595,Safety-like,Global off
merged,20,14,9,3,2,ITI,ITI,181,0.049723756906077346,7,47,0.14893617021276595,Safety-like,Threat-like
merged,12,20,3,3,3,CS+,ITI,61,0.04918032786885246,3,47,0.06382978723404255,Safety-like,Safety-like
merged,12,24,3,3,4,CS+,ITI,61,0.04918032786885246,3,47,0.06382978723404255,Safety-like,Global on
merged,21,1,3,1,1,ITI,ITI,61,0.04918032786885246,3,47,0.06382978723404255,Global off,Global off
merged,21,5,3,1,1,CS+,CS+,61,0.04918032786885246,3,47,0.06382978723404255,Global off,Global off
merged,21,17,3,1,1,ITI,CS+,61,0.04918032786885246,2,47,0.0425531914893617,Global off,Global off
merged,21,18,3,1,3,CS+,ITI,61,0.04918032786885246,3,47,0.06382978723404255,Global off,Safety-like
merged,21,19,3,1,3,ITI,ITI,61,0.04918032786885246,2,47,0.0425531914893617,Global off,Safety-like
merged,24,19,5,4,3,ITI,ITI,103,0.04854368932038835,5,47,0.10638297872340426,Global on,Safety-like
merged,31,9,6,4,1,CS+,CS+,124,0.04838709677419355,5,47,0.10638297872340426,Global on,Global off
merged,31,25,6,4,1,ITI,ITI,124,0.04838709677419355,6,47,0.1276595744680851,Global on,Global off
merged,8,4,3,3,3,ITI,ITI,62,0.04838709677419355,3,47,0.06382978723404255,Safety-like,Safety-like
merged,8,5,3,3,1,CS-,CS-,62,0.04838709677419355,3,47,0.06382978723404255,Safety-like,Global off
merged,8,9,3,3,1,CS+,CS+,62,0.04838709677419355,3,47,0.06382978723404255,Safety-like,Global off
merged,8,15,3,3,2,CS+,ITI,62,0.04838709677419355,3,47,0.06382978723404255,Safety-like,Threat-like
merged,23,13,3,4,2,CS+,CS+,62,0.04838709677419355,3,47,0.06382978723404255,Global on,Threat-like
merged,23,17,3,4,1,ITI,ITI,62,0.04838709677419355,3,47,0.06382978723404255,Global on,Global off
merged,23,30,3,4,4,ITI,CS+,62,0.04838709677419355,3,47,0.06382978723404255,Global on,Global on
merged,32,16,12,4,4,ITI,ITI,253,0.04743083003952569,12,47,0.2553191489361702,Global on,Global on
merged,16,4,7,4,3,CS+,ITI,150,0.04666666666666667,6,47,0.1276595744680851,Global on,Safety-like
merged,16,17,7,4,1,CS-,ITI,150,0.04666666666666667,7,47,0.14893617021276595,Global on,Global off
merged,16,31,7,4,4,CS+,ITI,150,0.04666666666666667,6,47,0.1276595744680851,Global on,Global on
merged,18,4,3,3,3,ITI,CS+,65,0.046153846153846156,3,47,0.06382978723404255,Safety-like,Safety-like
merged,18,19,3,3,3,ITI,ITI,65,0.046153846153846156,3,47,0.06382978723404255,Safety-like,Safety-like
merged,18,20,3,3,3,ITI,ITI,65,0.046153846153846156,3,47,0.06382978723404255,Safety-like,Safety-like
merged,22,4,1,4,3,ITI,CS-,22,0.045454545454545456,1,47,0.02127659574468085,Global on,Safety-like
merged,22,9,1,4,1,CS+,CS+,22,0.045454545454545456,1,47,0.02127659574468085,Global on,Global off
merged,22,12,1,4,3,ITI,ITI,22,0.045454545454545456,1,47,0.02127659574468085,Global on,Safety-like
merged,22,14,1,4,2,ITI,ITI,22,0.045454545454545456,1,47,0.02127659574468085,Global on,Threat-like
merged,22,28,1,4,4,CS+,ITI,22,0.045454545454545456,1,47,0.02127659574468085,Global on,Global on
merged,22,30,1,4,4,CS-,ITI,22,0.045454545454545456,1,47,0.02127659574468085,Global on,Global on
merged,4,13,6,3,2,ITI,CS+,133,0.045112781954887216,5,47,0.10638297872340426,Safety-like,Threat-like
merged,4,17,6,3,1,ITI,ITI,133,0.045112781954887216,6,47,0.1276595744680851,Safety-like,Global off
merged,1,8,12,1,3,ITI,ITI,267,0.0449438202247191,8,47,0.1702127659574468,Global off,Safety-like
merged,1,20,12,1,3,CS-,ITI,267,0.0449438202247191,11,47,0.23404255319148937,Global off,Safety-like
merged,28,13,5,4,2,ITI,CS+,113,0.04424778761061947,3,47,0.06382978723404255,Global on,Threat-like
merged,28,19,5,4,3,ITI,ITI,113,0.04424778761061947,4,47,0.0851063829787234,Global on,Safety-like
merged,28,29,5,4,2,CS-,CS-,113,0.04424778761061947,5,47,0.10638297872340426,Global on,Threat-like
merged,13,4,8,2,3,CS+,ITI,181,0.04419889502762431,7,47,0.14893617021276595,Threat-like,Safety-like
merged,13,15,8,2,2,ITI,ITI,181,0.04419889502762431,6,47,0.1276595744680851,Threat-like,Threat-like
merged,13,31,8,2,4,CS+,CS+,181,0.04419889502762431,8,47,0.1702127659574468,Threat-like,Global on
merged,20,19,8,3,3,ITI,ITI,181,0.04419889502762431,8,47,0.1702127659574468,Safety-like,Safety-like
merged,20,29,8,3,2,ITI,ITI,181,0.04419889502762431,7,47,0.14893617021276595,Safety-like,Threat-like
merged,32,17,11,4,1,ITI,ITI,253,0.043478260869565216,10,47,0.2127659574468085,Global on,Global off
merged,2,13,6,1,2,CS+,ITI,139,0.04316546762589928,6,47,0.1276595744680851,Global off,Threat-like
merged,2,16,6,1,4,CS+,ITI,139,0.04316546762589928,6,47,0.1276595744680851,Global off,Global on
merged,2,19,6,1,3,ITI,ITI,139,0.04316546762589928,5,47,0.10638297872340426,Global off,Safety-like
merged,29,1,6,2,1,ITI,ITI,140,0.04285714285714286,6,47,0.1276595744680851,Threat-like,Global off
merged,29,5,6,2,1,ITI,CS+,140,0.04285714285714286,6,47,0.1276595744680851,Threat-like,Global off
merged,29,28,6,2,4,ITI,ITI,140,0.04285714285714286,6,47,0.1276595744680851,Threat-like,Global on
merged,10,16,3,1,4,ITI,ITI,70,0.04285714285714286,3,47,0.06382978723404255,Global off,Global on
merged,10,27,3,1,4,ITI,ITI,70,0.04285714285714286,3,47,0.06382978723404255,Global off,Global on
merged,10,28,3,1,4,CS-,ITI,70,0.04285714285714286,3,47,0.06382978723404255,Global off,Global on
merged,10,31,3,1,4,CS+,ITI,70,0.04285714285714286,3,47,0.06382978723404255,Global off,Global on
merged,5,2,5,1,1,CS-,CS-,117,0.042735042735042736,4,47,0.0851063829787234,Global off,Global off
merged,5,4,5,1,3,CS-,CS-,117,0.042735042735042736,4,47,0.0851063829787234,Global off,Safety-like
merged,5,8,5,1,3,ITI,CS-,117,0.042735042735042736,5,47,0.10638297872340426,Global off,Safety-like
merged,5,9,5,1,1,ITI,ITI,117,0.042735042735042736,5,47,0.10638297872340426,Global off,Global off
merged,5,14,5,1,2,CS+,ITI,117,0.042735042735042736,5,47,0.10638297872340426,Global off,Threat-like
merged,15,7,3,2,1,CS+,CS+,71,0.04225352112676056,3,47,0.06382978723404255,Threat-like,Global off
merged,15,28,3,2,4,ITI,ITI,71,0.04225352112676056,3,47,0.06382978723404255,Threat-like,Global on
merged,15,29,3,2,2,CS+,CS+,71,0.04225352112676056,3,47,0.06382978723404255,Threat-like,Threat-like
merged,14,17,4,2,1,CS+,ITI,95,0.042105263157894736,4,47,0.0851063829787234,Threat-like,Global off
merged,14,20,4,2,3,ITI,ITI,95,0.042105263157894736,2,47,0.0425531914893617,Threat-like,Safety-like
merged,14,25,4,2,1,CS+,ITI,95,0.042105263157894736,4,47,0.0851063829787234,Threat-like,Global off
merged,14,32,4,2,4,ITI,ITI,95,0.042105263157894736,4,47,0.0851063829787234,Threat-like,Global on
merged,19,8,4,3,3,ITI,ITI,97,0.041237113402061855,4,47,0.0851063829787234,Safety-like,Safety-like
merged,19,16,4,3,4,ITI,ITI,97,0.041237113402061855,4,47,0.0851063829787234,Safety-like,Global on
merged,19,18,4,3,3,ITI,ITI,97,0.041237113402061855,4,47,0.0851063829787234,Safety-like,Safety-like
merged,19,31,4,3,4,ITI,CS-,97,0.041237113402061855,4,47,0.0851063829787234,Safety-like,Global on
merged,1,19,11,1,3,ITI,ITI,267,0.04119850187265917,10,47,0.2127659574468085,Global off,Safety-like
merged,25,2,3,1,1,ITI,CS+,74,0.04054054054054054,3,47,0.06382978723404255,Global off,Global off
merged,25,26,3,1,4,ITI,CS+,74,0.04054054054054054,3,47,0.06382978723404255,Global off,Global on
merged,25,29,3,1,2,ITI,ITI,74,0.04054054054054054,3,47,0.06382978723404255,Global off,Threat-like
merged,9,13,4,1,2,ITI,ITI,99,0.04040404040404041,3,47,0.06382978723404255,Global off,Threat-like
merged,9,16,4,1,4,CS+,CS+,99,0.04040404040404041,4,47,0.0851063829787234,Global off,Global on
merged,9,19,4,1,3,ITI,ITI,99,0.04040404040404041,3,47,0.06382978723404255,Global off,Safety-like
merged,31,4,5,4,3,ITI,CS+,124,0.04032258064516129,5,47,0.10638297872340426,Global on,Safety-like
merged,31,12,5,4,3,CS+,ITI,124,0.04032258064516129,5,47,0.10638297872340426,Global on,Safety-like
merged,31,19,5,4,3,CS-,CS-,124,0.04032258064516129,5,47,0.10638297872340426,Global on,Safety-like
merged,31,24,5,4,4,CS+,CS+,124,0.04032258064516129,5,47,0.10638297872340426,Global on,Global on
merged,31,27,5,4,4,CS+,ITI,124,0.04032258064516129,5,47,0.10638297872340426,Global on,Global on
merged,16,9,6,4,1,ITI,ITI,150,0.04,6,47,0.1276595744680851,Global on,Global off
merged,16,25,6,4,1,ITI,ITI,150,0.04,5,47,0.10638297872340426,Global on,Global off
merged,27,1,2,4,1,ITI,CS+,50,0.04,2,47,0.0425531914893617,Global on,Global off
merged,27,13,2,4,2,CS+,ITI,50,0.04,2,47,0.0425531914893617,Global on,Threat-like
merged,27,14,2,4,2,CS+,ITI,50,0.04,2,47,0.0425531914893617,Global on,Threat-like
merged,27,15,2,4,2,CS+,CS+,50,0.04,2,47,0.0425531914893617,Global on,Threat-like
merged,27,24,2,4,4,CS+,CS-,50,0.04,2,47,0.0425531914893617,Global on,Global on
merged,27,26,2,4,4,CS+,ITI,50,0.04,2,47,0.0425531914893617,Global on,Global on
merged,27,31,2,4,4,CS+,CS+,50,0.04,1,47,0.02127659574468085,Global on,Global on
merged,27,32,2,4,4,CS-,ITI,50,0.04,2,47,0.0425531914893617,Global on,Global on
merged,32,19,10,4,3,CS-,ITI,253,0.039525691699604744,9,47,0.19148936170212766,Global on,Safety-like
merged,32,29,10,4,2,ITI,CS-,253,0.039525691699604744,9,47,0.19148936170212766,Global on,Threat-like
merged,6,5,2,1,1,CS+,CS+,51,0.0392156862745098,2,47,0.0425531914893617,Global off,Global off
merged,6,9,2,1,1,CS-,CS+,51,0.0392156862745098,2,47,0.0425531914893617,Global off,Global off
merged,6,21,2,1,1,CS-,ITI,51,0.0392156862745098,2,47,0.0425531914893617,Global off,Global off
merged,6,29,2,1,2,CS+,ITI,51,0.0392156862745098,2,47,0.0425531914893617,Global off,Threat-like
merged,24,2,4,4,1,ITI,ITI,103,0.038834951456310676,4,47,0.0851063829787234,Global on,Global off
merged,24,13,4,4,2,CS+,ITI,103,0.038834951456310676,4,47,0.0851063829787234,Global on,Threat-like
merged,24,14,4,4,2,ITI,ITI,103,0.038834951456310676,4,47,0.0851063829787234,Global on,Threat-like
merged,13,9,7,2,1,ITI,ITI,181,0.03867403314917127,7,47,0.14893617021276595,Threat-like,Global off
merged,13,10,7,2,1,ITI,ITI,181,0.03867403314917127,7,47,0.14893617021276595,Threat-like,Global off
merged,13,21,7,2,1,CS+,ITI,181,0.03867403314917127,5,47,0.10638297872340426,Threat-like,Global off
merged,20,24,7,3,4,ITI,ITI,181,0.03867403314917127,6,47,0.1276595744680851,Safety-like,Global on
merged,30,2,3,4,1,ITI,ITI,79,0.0379746835443038,3,47,0.06382978723404255,Global on,Global off
merged,30,5,3,4,1,ITI,ITI,79,0.0379746835443038,3,47,0.06382978723404255,Global on,Global off
merged,30,10,3,4,1,ITI,ITI,79,0.0379746835443038,3,47,0.06382978723404255,Global on,Global off
merged,30,16,3,4,4,ITI,CS+,79,0.0379746835443038,3,47,0.06382978723404255,Global on,Global on
merged,30,23,3,4,4,CS+,ITI,79,0.0379746835443038,3,47,0.06382978723404255,Global on,Global on
merged,30,28,3,4,4,CS-,ITI,79,0.0379746835443038,3,47,0.06382978723404255,Global on,Global on
merged,4,12,5,3,3,CS+,CS+,133,0.03759398496240601,5,47,0.10638297872340426,Safety-like,Safety-like
merged,1,3,10,1,1,ITI,ITI,267,0.03745318352059925,9,47,0.19148936170212766,Global off,Global off
merged,1,9,10,1,1,ITI,ITI,267,0.03745318352059925,9,47,0.19148936170212766,Global off,Global off
merged,1,28,10,1,4,ITI,CS+,267,0.03745318352059925,10,47,0.2127659574468085,Global off,Global on
merged,1,32,10,1,4,ITI,ITI,267,0.03745318352059925,7,47,0.14893617021276595,Global off,Global on
merged,17,13,5,1,2,ITI,ITI,135,0.037037037037037035,5,47,0.10638297872340426,Global off,Threat-like
merged,17,16,5,1,4,ITI,CS+,135,0.037037037037037035,5,47,0.10638297872340426,Global off,Global on
merged,11,2,1,1,1,CS-,CS-,27,0.037037037037037035,1,47,0.02127659574468085,Global off,Global off
merged,11,3,1,1,1,CS+,CS+,27,0.037037037037037035,1,47,0.02127659574468085,Global off,Global off
merged,11,9,1,1,1,ITI,ITI,27,0.037037037037037035,1,47,0.02127659574468085,Global off,Global off
merged,11,10,1,1,1,CS+,ITI,27,0.037037037037037035,1,47,0.02127659574468085,Global off,Global off
merged,11,15,1,1,2,CS-,CS-,27,0.037037037037037035,1,47,0.02127659574468085,Global off,Threat-like
merged,11,21,1,1,1,CS-,CS-,27,0.037037037037037035,1,47,0.02127659574468085,Global off,Global off
merged,11,23,1,1,4,CS-,CS-,27,0.037037037037037035,1,47,0.02127659574468085,Global off,Global on
merged,11,26,1,1,4,CS-,ITI,27,0.037037037037037035,1,47,0.02127659574468085,Global off,Global on
merged,11,27,1,1,4,ITI,ITI,27,0.037037037037037035,1,47,0.02127659574468085,Global off,Global on
merged,11,29,1,1,2,ITI,CS-,27,0.037037037037037035,1,47,0.02127659574468085,Global off,Threat-like
merged,2,3,5,1,1,ITI,ITI,139,0.03597122302158273,4,47,0.0851063829787234,Global off,Global off
merged,2,5,5,1,1,ITI,ITI,139,0.03597122302158273,4,47,0.0851063829787234,Global off,Global off
merged,2,6,5,1,1,CS+,ITI,139,0.03597122302158273,5,47,0.10638297872340426,Global off,Global off
merged,2,10,5,1,1,ITI,CS+,139,0.03597122302158273,5,47,0.10638297872340426,Global off,Global off
merged,2,17,5,1,1,ITI,CS+,139,0.03597122302158273,3,47,0.06382978723404255,Global off,Global off
merged,2,30,5,1,4,ITI,CS+,139,0.03597122302158273,5,47,0.10638297872340426,Global off,Global on
merged,28,18,4,4,3,ITI,ITI,113,0.035398230088495575,4,47,0.0851063829787234,Global on,Safety-like
merged,3,4,2,1,3,CS-,ITI,57,0.03508771929824561,2,47,0.0425531914893617,Global off,Safety-like
merged,3,7,2,1,1,CS-,CS-,57,0.03508771929824561,2,47,0.0425531914893617,Global off,Global off
merged,3,9,2,1,1,ITI,CS+,57,0.03508771929824561,2,47,0.0425531914893617,Global off,Global off
merged,3,14,2,1,2,CS+,CS+,57,0.03508771929824561,2,47,0.0425531914893617,Global off,Threat-like
merged,3,17,2,1,1,CS+,ITI,57,0.03508771929824561,2,47,0.0425531914893617,Global off,Global off
merged,3,19,2,1,3,ITI,ITI,57,0.03508771929824561,2,47,0.0425531914893617,Global off,Safety-like
merged,3,23,2,1,4,ITI,ITI,57,0.03508771929824561,2,47,0.0425531914893617,Global off,Global on
merged,3,30,2,1,4,ITI,ITI,57,0.03508771929824561,2,47,0.0425531914893617,Global off,Global on
merged,3,31,2,1,4,ITI,CS-,57,0.03508771929824561,2,47,0.0425531914893617,Global off,Global on
merged,5,15,4,1,2,ITI,ITI,117,0.03418803418803419,4,47,0.0851063829787234,Global off,Threat-like
merged,1,10,9,1,1,CS+,ITI,267,0.033707865168539325,8,47,0.1702127659574468,Global off,Global off
merged,16,12,5,4,3,CS-,ITI,150,0.03333333333333333,5,47,0.10638297872340426,Global on,Safety-like
merged,16,21,5,4,1,CS+,ITI,150,0.03333333333333333,3,47,0.06382978723404255,Global on,Global off
merged,13,6,6,2,1,CS+,ITI,181,0.03314917127071823,5,47,0.10638297872340426,Threat-like,Global off
merged,13,20,6,2,3,CS-,ITI,181,0.03314917127071823,5,47,0.10638297872340426,Threat-like,Safety-like
merged,13,24,6,2,4,CS-,ITI,181,0.03314917127071823,5,47,0.10638297872340426,Threat-like,Global on
merged,13,25,6,2,1,CS+,ITI,181,0.03314917127071823,6,47,0.1276595744680851,Threat-like,Global off
merged,20,2,6,3,1,ITI,ITI,181,0.03314917127071823,6,47,0.1276595744680851,Safety-like,Global off
merged,12,5,2,3,1,ITI,ITI,61,0.03278688524590164,2,47,0.0425531914893617,Safety-like,Global off
merged,12,7,2,3,1,CS+,CS+,61,0.03278688524590164,2,47,0.0425531914893617,Safety-like,Global off
merged,12,28,2,3,4,CS+,ITI,61,0.03278688524590164,2,47,0.0425531914893617,Safety-like,Global on
merged,12,29,2,3,2,CS+,CS+,61,0.03278688524590164,2,47,0.0425531914893617,Safety-like,Threat-like
merged,21,9,2,1,1,CS+,CS+,61,0.03278688524590164,2,47,0.0425531914893617,Global off,Global off
merged,21,12,2,1,3,ITI,CS+,61,0.03278688524590164,2,47,0.0425531914893617,Global off,Safety-like
merged,21,13,2,1,2,CS-,CS-,61,0.03278688524590164,2,47,0.0425531914893617,Global off,Threat-like
merged,21,14,2,1,2,CS+,CS+,61,0.03278688524590164,2,47,0.0425531914893617,Global off,Threat-like
merged,21,22,2,1,4,CS+,CS+,61,0.03278688524590164,1,47,0.02127659574468085,Global off,Global on
merged,21,23,2,1,4,CS-,CS-,61,0.03278688524590164,2,47,0.0425531914893617,Global off,Global on
merged,21,25,2,1,1,ITI,CS+,61,0.03278688524590164,2,47,0.0425531914893617,Global off,Global off
merged,21,29,2,1,2,ITI,ITI,61,0.03278688524590164,2,47,0.0425531914893617,Global off,Threat-like
merged,31,13,4,4,2,CS+,CS+,124,0.03225806451612903,4,47,0.0851063829787234,Global on,Threat-like
merged,31,17,4,4,1,ITI,ITI,124,0.03225806451612903,4,47,0.0851063829787234,Global on,Global off
merged,31,21,4,4,1,CS+,ITI,124,0.03225806451612903,4,47,0.0851063829787234,Global on,Global off
merged,8,3,2,3,1,CS+,CS-,62,0.03225806451612903,2,47,0.0425531914893617,Safety-like,Global off
merged,8,6,2,3,1,CS-,ITI,62,0.03225806451612903,2,47,0.0425531914893617,Safety-like,Global off
merged,8,14,2,3,2,CS-,CS-,62,0.03225806451612903,2,47,0.0425531914893617,Safety-like,Threat-like
merged,8,28,2,3,4,ITI,ITI,62,0.03225806451612903,2,47,0.0425531914893617,Safety-like,Global on
merged,8,30,2,3,4,CS-,CS+,62,0.03225806451612903,2,47,0.0425531914893617,Safety-like,Global on
merged,8,31,2,3,4,ITI,ITI,62,0.03225806451612903,2,47,0.0425531914893617,Safety-like,Global on
merged,23,1,2,4,1,CS+,CS+,62,0.03225806451612903,2,47,0.0425531914893617,Global on,Global off
merged,23,2,2,4,1,CS+,CS+,62,0.03225806451612903,2,47,0.0425531914893617,Global on,Global off
merged,23,4,2,4,3,ITI,CS+,62,0.03225806451612903,1,47,0.02127659574468085,Global on,Safety-like
merged,23,5,2,4,1,CS-,CS-,62,0.03225806451612903,2,47,0.0425531914893617,Global on,Global off
merged,23,10,2,4,1,CS-,CS-,62,0.03225806451612903,2,47,0.0425531914893617,Global on,Global off
merged,23,18,2,4,3,ITI,CS-,62,0.03225806451612903,2,47,0.0425531914893617,Global on,Safety-like
merged,23,27,2,4,4,CS+,CS-,62,0.03225806451612903,2,47,0.0425531914893617,Global on,Global on
merged,23,28,2,4,4,CS+,CS+,62,0.03225806451612903,2,47,0.0425531914893617,Global on,Global on
merged,23,29,2,4,2,ITI,ITI,62,0.03225806451612903,2,47,0.0425531914893617,Global on,Threat-like
merged,32,14,8,4,2,CS+,ITI,253,0.03162055335968379,8,47,0.1702127659574468,Global on,Threat-like
merged,14,4,3,2,3,ITI,ITI,95,0.031578947368421054,3,47,0.06382978723404255,Threat-like,Safety-like
merged,14,8,3,2,3,ITI,CS-,95,0.031578947368421054,3,47,0.06382978723404255,Threat-like,Safety-like
merged,14,9,3,2,1,CS+,CS+,95,0.031578947368421054,3,47,0.06382978723404255,Threat-like,Global off
merged,19,2,3,3,1,ITI,ITI,97,0.030927835051546393,3,47,0.06382978723404255,Safety-like,Global off
merged,18,3,2,3,1,ITI,ITI,65,0.03076923076923077,2,47,0.0425531914893617,Safety-like,Global off
merged,18,6,2,3,1,ITI,CS-,65,0.03076923076923077,2,47,0.0425531914893617,Safety-like,Global off
merged,18,16,2,3,4,ITI,ITI,65,0.03076923076923077,2,47,0.0425531914893617,Safety-like,Global on
merged,18,27,2,3,4,CS-,CS-,65,0.03076923076923077,2,47,0.0425531914893617,Safety-like,Global on
merged,18,29,2,3,2,CS-,ITI,65,0.03076923076923077,1,47,0.02127659574468085,Safety-like,Threat-like
merged,9,10,3,1,1,CS+,CS-,99,0.030303030303030304,3,47,0.06382978723404255,Global off,Global off
merged,9,15,3,1,2,CS+,CS+,99,0.030303030303030304,3,47,0.06382978723404255,Global off,Threat-like
merged,9,17,3,1,1,ITI,ITI,99,0.030303030303030304,3,47,0.06382978723404255,Global off,Global off
merged,9,18,3,1,3,ITI,CS-,99,0.030303030303030304,3,47,0.06382978723404255,Global off,Safety-like
merged,9,20,3,1,3,CS-,CS-,99,0.030303030303030304,3,47,0.06382978723404255,Global off,Safety-like
merged,9,28,3,1,4,CS+,ITI,99,0.030303030303030304,3,47,0.06382978723404255,Global off,Global on
merged,26,1,1,4,1,CS+,CS+,33,0.030303030303030304,1,47,0.02127659574468085,Global on,Global off
merged,26,2,1,4,1,ITI,ITI,33,0.030303030303030304,1,47,0.02127659574468085,Global on,Global off
merged,26,8,1,4,3,ITI,ITI,33,0.030303030303030304,1,47,0.02127659574468085,Global on,Safety-like
merged,26,15,1,4,2,ITI,CS-,33,0.030303030303030304,1,47,0.02127659574468085,Global on,Threat-like
merged,26,16,1,4,4,ITI,CS+,33,0.030303030303030304,1,47,0.02127659574468085,Global on,Global on
merged,26,17,1,4,1,CS-,ITI,33,0.030303030303030304,1,47,0.02127659574468085,Global on,Global off
merged,26,23,1,4,4,CS-,CS-,33,0.030303030303030304,1,47,0.02127659574468085,Global on,Global on
merged,26,27,1,4,4,CS-,CS-,33,0.030303030303030304,1,47,0.02127659574468085,Global on,Global on
merged,26,30,1,4,4,ITI,CS-,33,0.030303030303030304,1,47,0.02127659574468085,Global on,Global on
merged,26,32,1,4,4,ITI,ITI,33,0.030303030303030304,1,47,0.02127659574468085,Global on,Global on
merged,4,9,4,3,1,ITI,CS-,133,0.03007518796992481,4,47,0.0851063829787234,Safety-like,Global off
merged,4,14,4,3,2,ITI,CS+,133,0.03007518796992481,4,47,0.0851063829787234,Safety-like,Threat-like
merged,4,18,4,3,3,ITI,ITI,133,0.03007518796992481,4,47,0.0851063829787234,Safety-like,Safety-like
merged,4,21,4,3,1,CS-,ITI,133,0.03007518796992481,4,47,0.0851063829787234,Safety-like,Global off
merged,4,23,4,3,4,CS-,CS-,133,0.03007518796992481,3,47,0.06382978723404255,Safety-like,Global on
merged,1,31,8,1,4,ITI,CS-,267,0.0299625468164794,7,47,0.14893617021276595,Global off,Global on
merged,17,3,4,1,1,ITI,ITI,135,0.02962962962962963,4,47,0.0851063829787234,Global off,Global off
merged,24,5,3,4,1,ITI,CS-,103,0.02912621359223301,3,47,0.06382978723404255,Global on,Global off
merged,24,22,3,4,4,ITI,ITI,103,0.02912621359223301,3,47,0.06382978723404255,Global on,Global on
merged,24,27,3,4,4,ITI,ITI,103,0.02912621359223301,3,47,0.06382978723404255,Global on,Global on
merged,24,28,3,4,4,ITI,ITI,103,0.02912621359223301,3,47,0.06382978723404255,Global on,Global on
merged,24,29,3,4,2,ITI,ITI,103,0.02912621359223301,3,47,0.06382978723404255,Global on,Threat-like
merged,24,30,3,4,4,ITI,ITI,103,0.02912621359223301,2,47,0.0425531914893617,Global on,Global on
merged,2,15,4,1,2,CS+,CS+,139,0.02877697841726619,3,47,0.06382978723404255,Global off,Threat-like
merged,2,18,4,1,3,ITI,ITI,139,0.02877697841726619,4,47,0.0851063829787234,Global off,Safety-like
merged,2,24,4,1,4,CS-,ITI,139,0.02877697841726619,4,47,0.0851063829787234,Global off,Global on
merged,2,28,4,1,4,CS-,CS-,139,0.02877697841726619,3,47,0.06382978723404255,Global off,Global on
merged,2,29,4,1,2,ITI,CS-,139,0.02877697841726619,4,47,0.0851063829787234,Global off,Threat-like
merged,29,4,4,2,3,CS+,CS+,140,0.02857142857142857,4,47,0.0851063829787234,Threat-like,Safety-like
merged,29,17,4,2,1,CS-,CS-,140,0.02857142857142857,4,47,0.0851063829787234,Threat-like,Global off
merged,29,24,4,2,4,CS-,CS-,140,0.02857142857142857,4,47,0.0851063829787234,Threat-like,Global on
merged,29,27,4,2,4,CS+,ITI,140,0.02857142857142857,4,47,0.0851063829787234,Threat-like,Global on
merged,10,3,2,1,1,ITI,ITI,70,0.02857142857142857,2,47,0.0425531914893617,Global off,Global off
merged,10,5,2,1,1,CS+,CS-,70,0.02857142857142857,2,47,0.0425531914893617,Global off,Global off
merged,10,6,2,1,1,ITI,ITI,70,0.02857142857142857,2,47,0.0425531914893617,Global off,Global off
merged,10,19,2,1,3,CS+,CS-,70,0.02857142857142857,2,47,0.0425531914893617,Global off,Safety-like
merged,15,3,2,2,1,CS+,ITI,71,0.028169014084507043,2,47,0.0425531914893617,Threat-like,Global off
merged,15,4,2,2,3,CS-,ITI,71,0.028169014084507043,2,47,0.0425531914893617,Threat-like,Safety-like
merged,15,10,2,2,1,CS-,CS-,71,0.028169014084507043,2,47,0.0425531914893617,Threat-like,Global off
merged,15,20,2,2,3,ITI,ITI,71,0.028169014084507043,2,47,0.0425531914893617,Threat-like,Safety-like
merged,15,31,2,2,4,CS+,CS+,71,0.028169014084507043,2,47,0.0425531914893617,Threat-like,Global on
merged,32,2,7,4,1,CS-,CS-,253,0.02766798418972332,6,47,0.1276595744680851,Global on,Global off
merged,32,4,7,4,3,ITI,ITI,253,0.02766798418972332,6,47,0.1276595744680851,Global on,Safety-like
merged,32,9,7,4,1,ITI,ITI,253,0.02766798418972332,7,47,0.14893617021276595,Global on,Global off
merged,13,2,5,2,1,ITI,ITI,181,0.027624309392265192,4,47,0.0851063829787234,Threat-like,Global off
merged,13,8,5,2,3,CS-,CS-,181,0.027624309392265192,5,47,0.10638297872340426,Threat-like,Safety-like
merged,13,17,5,2,1,ITI,ITI,181,0.027624309392265192,5,47,0.10638297872340426,Threat-like,Global off
merged,20,13,5,3,2,ITI,CS+,181,0.027624309392265192,4,47,0.0851063829787234,Safety-like,Threat-like
merged,20,23,5,3,4,ITI,ITI,181,0.027624309392265192,5,47,0.10638297872340426,Safety-like,Global on
merged,20,25,5,3,1,ITI,ITI,181,0.027624309392265192,5,47,0.10638297872340426,Safety-like,Global off
merged,20,27,5,3,4,CS-,ITI,181,0.027624309392265192,5,47,0.10638297872340426,Safety-like,Global on
merged,20,30,5,3,4,ITI,CS+,181,0.027624309392265192,4,47,0.0851063829787234,Safety-like,Global on
merged,25,4,2,1,3,CS+,CS+,74,0.02702702702702703,2,47,0.0425531914893617,Global off,Safety-like
merged,25,6,2,1,1,ITI,CS+,74,0.02702702702702703,2,47,0.0425531914893617,Global off,Global off
merged,25,8,2,1,3,CS+,ITI,74,0.02702702702702703,2,47,0.0425531914893617,Global off,Safety-like
merged,25,14,2,1,2,ITI,CS+,74,0.02702702702702703,2,47,0.0425531914893617,Global off,Threat-like
merged,25,16,2,1,4,ITI,CS+,74,0.02702702702702703,2,47,0.0425531914893617,Global off,Global on
merged,25,18,2,1,3,CS+,ITI,74,0.02702702702702703,2,47,0.0425531914893617,Global off,Safety-like
merged,25,23,2,1,4,ITI,ITI,74,0.02702702702702703,2,47,0.0425531914893617,Global off,Global on
merged,25,27,2,1,4,CS+,ITI,74,0.02702702702702703,2,47,0.0425531914893617,Global off,Global on
merged,25,30,2,1,4,CS+,CS-,74,0.02702702702702703,2,47,0.0425531914893617,Global off,Global on
merged,25,31,2,1,4,ITI,CS+,74,0.02702702702702703,2,47,0.0425531914893617,Global off,Global on
merged,16,2,4,4,1,CS+,CS+,150,0.02666666666666667,4,47,0.0851063829787234,Global on,Global off
merged,16,3,4,4,1,ITI,CS+,150,0.02666666666666667,4,47,0.0851063829787234,Global on,Global off
merged,16,10,4,4,1,CS+,ITI,150,0.02666666666666667,4,47,0.0851063829787234,Global on,Global off
merged,16,18,4,4,3,ITI,CS+,150,0.02666666666666667,4,47,0.0851063829787234,Global on,Safety-like
merged,16,30,4,4,4,CS-,CS-,150,0.02666666666666667,4,47,0.0851063829787234,Global on,Global on
merged,28,8,3,4,3,CS+,CS+,113,0.02654867256637168,3,47,0.06382978723404255,Global on,Safety-like
merged,28,10,3,4,1,ITI,ITI,113,0.02654867256637168,2,47,0.0425531914893617,Global on,Global off
merged,28,14,3,4,2,CS+,CS+,113,0.02654867256637168,3,47,0.06382978723404255,Global on,Threat-like
merged,28,25,3,4,1,ITI,CS+,113,0.02654867256637168,3,47,0.06382978723404255,Global on,Global off
merged,28,26,3,4,4,ITI,ITI,113,0.02654867256637168,3,47,0.06382978723404255,Global on,Global on
merged,28,27,3,4,4,CS+,CS+,113,0.02654867256637168,3,47,0.06382978723404255,Global on,Global on
merged,28,31,3,4,4,CS-,ITI,113,0.02654867256637168,3,47,0.06382978723404255,Global on,Global on
merged,1,7,7,1,1,ITI,ITI,267,0.026217228464419477,6,47,0.1276595744680851,Global off,Global off
merged,1,12,7,1,3,ITI,ITI,267,0.026217228464419477,7,47,0.14893617021276595,Global off,Safety-like
merged,1,21,7,1,1,CS-,CS-,267,0.026217228464419477,6,47,0.1276595744680851,Global off,Global off
merged,1,24,7,1,4,ITI,ITI,267,0.026217228464419477,6,47,0.1276595744680851,Global off,Global on
merged,5,7,3,1,1,CS+,ITI,117,0.02564102564102564,3,47,0.06382978723404255,Global off,Global off
merged,5,20,3,1,3,CS-,ITI,117,0.02564102564102564,3,47,0.06382978723404255,Global off,Safety-like
merged,5,24,3,1,4,ITI,ITI,117,0.02564102564102564,3,47,0.06382978723404255,Global off,Global on
merged,7,2,1,1,1,CS-,ITI,39,0.02564102564102564,1,47,0.02127659574468085,Global off,Global off
merged,7,3,1,1,1,ITI,ITI,39,0.02564102564102564,1,47,0.02127659574468085,Global off,Global off
merged,7,9,1,1,1,CS-,CS-,39,0.02564102564102564,1,47,0.02127659574468085,Global off,Global off
merged,7,13,1,1,2,CS-,CS-,39,0.02564102564102564,1,47,0.02127659574468085,Global off,Threat-like
merged,7,18,1,1,3,ITI,ITI,39,0.02564102564102564,1,47,0.02127659574468085,Global off,Safety-like
merged,7,27,1,1,4,ITI,ITI,39,0.02564102564102564,1,47,0.02127659574468085,Global off,Global on
merged,7,30,1,1,4,CS+,ITI,39,0.02564102564102564,1,47,0.02127659574468085,Global off,Global on
merged,7,31,1,1,4,ITI,CS+,39,0.02564102564102564,1,47,0.02127659574468085,Global off,Global on
merged,30,17,2,4,1,CS+,ITI,79,0.02531645569620253,2,47,0.0425531914893617,Global on,Global off
merged,30,24,2,4,4,ITI,ITI,79,0.02531645569620253,2,47,0.0425531914893617,Global on,Global on
merged,30,25,2,4,1,CS-,ITI,79,0.02531645569620253,2,47,0.0425531914893617,Global on,Global off
merged,30,27,2,4,4,ITI,ITI,79,0.02531645569620253,2,47,0.0425531914893617,Global on,Global on
merged,31,3,3,4,1,CS-,CS-,124,0.024193548387096774,3,47,0.06382978723404255,Global on,Global off
merged,31,8,3,4,3,ITI,CS-,124,0.024193548387096774,3,47,0.06382978723404255,Global on,Safety-like
merged,31,15,3,4,2,CS-,CS+,124,0.024193548387096774,3,47,0.06382978723404255,Global on,Threat-like
merged,31,16,3,4,4,ITI,ITI,124,0.024193548387096774,3,47,0.06382978723404255,Global on,Global on
merged,31,23,3,4,4,ITI,ITI,124,0.024193548387096774,3,47,0.06382978723404255,Global on,Global on
merged,31,28,3,4,4,ITI,ITI,124,0.024193548387096774,3,47,0.06382978723404255,Global on,Global on
merged,31,30,3,4,4,ITI,ITI,124,0.024193548387096774,3,47,0.06382978723404255,Global on,Global on
merged,4,6,3,3,1,CS-,CS+,133,0.022556390977443608,3,47,0.06382978723404255,Safety-like,Global off
merged,4,8,3,3,3,CS+,ITI,133,0.022556390977443608,3,47,0.06382978723404255,Safety-like,Safety-like
merged,4,10,3,3,1,CS-,ITI,133,0.022556390977443608,3,47,0.06382978723404255,Safety-like,Global off
merged,4,16,3,3,4,CS+,ITI,133,0.022556390977443608,3,47,0.06382978723404255,Safety-like,Global on
merged,4,28,3,3,4,ITI,CS-,133,0.022556390977443608,3,47,0.06382978723404255,Safety-like,Global on
merged,4,31,3,3,4,ITI,ITI,133,0.022556390977443608,3,47,0.06382978723404255,Safety-like,Global on
merged,1,23,6,1,4,ITI,CS-,267,0.02247191011235955,6,47,0.1276595744680851,Global off,Global on
merged,1,26,6,1,4,ITI,ITI,267,0.02247191011235955,6,47,0.1276595744680851,Global off,Global on
merged,17,4,3,1,3,CS+,ITI,135,0.022222222222222223,2,47,0.0425531914893617,Global off,Safety-like
merged,17,8,3,1,3,ITI,CS-,135,0.022222222222222223,3,47,0.06382978723404255,Global off,Safety-like
merged,17,18,3,1,3,ITI,ITI,135,0.022222222222222223,3,47,0.06382978723404255,Global off,Safety-like
merged,17,19,3,1,3,ITI,ITI,135,0.022222222222222223,2,47,0.0425531914893617,Global off,Safety-like
merged,17,21,3,1,1,ITI,CS+,135,0.022222222222222223,2,47,0.0425531914893617,Global off,Global off
merged,17,24,3,1,4,ITI,ITI,135,0.022222222222222223,3,47,0.06382978723404255,Global off,Global on
merged,13,3,4,2,1,CS+,ITI,181,0.022099447513812154,4,47,0.0851063829787234,Threat-like,Global off
merged,20,9,4,3,1,CS-,ITI,181,0.022099447513812154,4,47,0.0851063829787234,Safety-like,Global off
merged,20,10,4,3,1,CS+,ITI,181,0.022099447513812154,4,47,0.0851063829787234,Safety-like,Global off
merged,20,16,4,3,4,ITI,CS+,181,0.022099447513812154,4,47,0.0851063829787234,Safety-like,Global on
merged,20,26,4,3,4,CS-,ITI,181,0.022099447513812154,3,47,0.06382978723404255,Safety-like,Global on
merged,2,8,3,1,3,CS-,ITI,139,0.02158273381294964,3,47,0.06382978723404255,Global off,Safety-like
merged,2,14,3,1,2,ITI,ITI,139,0.02158273381294964,3,47,0.06382978723404255,Global off,Threat-like
merged,2,20,3,1,3,ITI,ITI,139,0.02158273381294964,3,47,0.06382978723404255,Global off,Safety-like
merged,2,23,3,1,4,CS+,ITI,139,0.02158273381294964,3,47,0.06382978723404255,Global off,Global on
merged,2,31,3,1,4,CS+,CS+,139,0.02158273381294964,3,47,0.06382978723404255,Global off,Global on
merged,29,9,3,2,1,ITI,CS-,140,0.02142857142857143,3,47,0.06382978723404255,Threat-like,Global off
merged,29,10,3,2,1,CS+,CS+,140,0.02142857142857143,3,47,0.06382978723404255,Threat-like,Global off
merged,29,14,3,2,2,ITI,ITI,140,0.02142857142857143,3,47,0.06382978723404255,Threat-like,Threat-like
merged,29,15,3,2,2,ITI,CS+,140,0.02142857142857143,3,47,0.06382978723404255,Threat-like,Threat-like
merged,29,19,3,2,3,ITI,ITI,140,0.02142857142857143,3,47,0.06382978723404255,Threat-like,Safety-like
merged,29,23,3,2,4,CS-,ITI,140,0.02142857142857143,3,47,0.06382978723404255,Threat-like,Global on
merged,29,25,3,2,1,CS-,ITI,140,0.02142857142857143,3,47,0.06382978723404255,Threat-like,Global off
merged,29,26,3,2,4,ITI,ITI,140,0.02142857142857143,3,47,0.06382978723404255,Threat-like,Global on
merged,29,30,3,2,4,ITI,ITI,140,0.02142857142857143,3,47,0.06382978723404255,Threat-like,Global on
merged,14,2,2,2,1,CS-,CS-,95,0.021052631578947368,2,47,0.0425531914893617,Threat-like,Global off
merged,14,10,2,2,1,CS+,ITI,95,0.021052631578947368,2,47,0.0425531914893617,Threat-like,Global off
merged,14,15,2,2,2,CS-,CS-,95,0.021052631578947368,2,47,0.0425531914893617,Threat-like,Threat-like
merged,14,21,2,2,1,CS+,CS+,95,0.021052631578947368,2,47,0.0425531914893617,Threat-like,Global off
merged,14,24,2,2,4,CS+,CS-,95,0.021052631578947368,2,47,0.0425531914893617,Threat-like,Global on
merged,19,3,2,3,1,CS-,CS+,97,0.020618556701030927,2,47,0.0425531914893617,Safety-like,Global off
merged,19,5,2,3,1,CS-,CS+,97,0.020618556701030927,2,47,0.0425531914893617,Safety-like,Global off
merged,19,10,2,3,1,ITI,CS+,97,0.020618556701030927,2,47,0.0425531914893617,Safety-like,Global off
merged,19,12,2,3,3,ITI,ITI,97,0.020618556701030927,2,47,0.0425531914893617,Safety-like,Safety-like
merged,19,14,2,3,2,ITI,CS+,97,0.020618556701030927,2,47,0.0425531914893617,Safety-like,Threat-like
merged,19,23,2,3,4,CS-,CS+,97,0.020618556701030927,1,47,0.02127659574468085,Safety-like,Global on
merged,19,25,2,3,1,CS-,CS-,97,0.020618556701030927,2,47,0.0425531914893617,Safety-like,Global off
merged,9,7,2,1,1,ITI,CS+,99,0.020202020202020204,2,47,0.0425531914893617,Global off,Global off
merged,9,25,2,1,1,ITI,ITI,99,0.020202020202020204,2,47,0.0425531914893617,Global off,Global off
merged,9,27,2,1,4,CS-,CS+,99,0.020202020202020204,2,47,0.0425531914893617,Global off,Global on
merged,9,29,2,1,2,ITI,CS+,99,0.020202020202020204,1,47,0.02127659574468085,Global off,Threat-like
merged,16,11,3,4,1,ITI,CS-,150,0.02,3,47,0.06382978723404255,Global on,Global off
merged,16,19,3,4,3,CS-,ITI,150,0.02,3,47,0.06382978723404255,Global on,Safety-like
merged,27,3,1,4,1,ITI,ITI,50,0.02,1,47,0.02127659574468085,Global on,Global off
merged,27,4,1,4,3,ITI,ITI,50,0.02,1,47,0.02127659574468085,Global on,Safety-like
merged,27,5,1,4,1,ITI,CS+,50,0.02,1,47,0.02127659574468085,Global on,Global off
merged,27,7,1,4,1,ITI,CS+,50,0.02,1,47,0.02127659574468085,Global on,Global off
merged,27,11,1,4,1,ITI,CS-,50,0.02,1,47,0.02127659574468085,Global on,Global off
merged,27,12,1,4,3,ITI,CS-,50,0.02,1,47,0.02127659574468085,Global on,Safety-like
merged,27,17,1,4,1,ITI,ITI,50,0.02,1,47,0.02127659574468085,Global on,Global off
merged,27,23,1,4,4,ITI,CS+,50,0.02,1,47,0.02127659574468085,Global on,Global on
merged,27,25,1,4,1,CS-,ITI,50,0.02,1,47,0.02127659574468085,Global on,Global off
merged,27,30,1,4,4,CS+,CS+,50,0.02,1,47,0.02127659574468085,Global on,Global on
merged,32,6,5,4,1,ITI,ITI,253,0.019762845849802372,5,47,0.10638297872340426,Global on,Global off
merged,32,10,5,4,1,ITI,CS+,253,0.019762845849802372,5,47,0.10638297872340426,Global on,Global off
merged,32,15,5,4,2,CS+,CS+,253,0.019762845849802372,5,47,0.10638297872340426,Global on,Threat-like
merged,32,18,5,4,3,ITI,ITI,253,0.019762845849802372,4,47,0.0851063829787234,Global on,Safety-like
merged,32,21,5,4,1,ITI,CS+,253,0.019762845849802372,4,47,0.0851063829787234,Global on,Global off
merged,32,25,5,4,1,CS+,ITI,253,0.019762845849802372,5,47,0.10638297872340426,Global on,Global off
merged,6,2,1,1,1,ITI,ITI,51,0.0196078431372549,1,47,0.02127659574468085,Global off,Global off
merged,6,3,1,1,1,CS+,CS+,51,0.0196078431372549,1,47,0.02127659574468085,Global off,Global off
merged,6,8,1,1,3,ITI,CS-,51,0.0196078431372549,1,47,0.02127659574468085,Global off,Safety-like
merged,6,10,1,1,1,ITI,CS-,51,0.0196078431372549,1,47,0.02127659574468085,Global off,Global off
merged,6,11,1,1,1,ITI,ITI,51,0.0196078431372549,1,47,0.02127659574468085,Global off,Global off
merged,6,12,1,1,3,ITI,ITI,51,0.0196078431372549,1,47,0.02127659574468085,Global off,Safety-like
merged,6,15,1,1,2,ITI,ITI,51,0.0196078431372549,1,47,0.02127659574468085,Global off,Threat-like
merged,6,19,1,1,3,ITI,ITI,51,0.0196078431372549,1,47,0.02127659574468085,Global off,Safety-like
merged,6,24,1,1,4,ITI,ITI,51,0.0196078431372549,1,47,0.02127659574468085,Global off,Global on
merged,6,25,1,1,1,ITI,CS+,51,0.0196078431372549,1,47,0.02127659574468085,Global off,Global off
merged,6,27,1,1,4,ITI,ITI,51,0.0196078431372549,1,47,0.02127659574468085,Global off,Global on
merged,6,30,1,1,4,ITI,ITI,51,0.0196078431372549,1,47,0.02127659574468085,Global off,Global on
merged,24,9,2,4,1,CS+,CS+,103,0.019417475728155338,2,47,0.0425531914893617,Global on,Global off
merged,24,11,2,4,1,CS-,CS-,103,0.019417475728155338,1,47,0.02127659574468085,Global on,Global off
merged,24,12,2,4,3,ITI,ITI,103,0.019417475728155338,2,47,0.0425531914893617,Global on,Safety-like
merged,24,17,2,4,1,ITI,ITI,103,0.019417475728155338,1,47,0.02127659574468085,Global on,Global off
merged,24,23,2,4,4,CS+,CS-,103,0.019417475728155338,2,47,0.0425531914893617,Global on,Global on
merged,24,25,2,4,1,CS+,ITI,103,0.019417475728155338,2,47,0.0425531914893617,Global on,Global off
merged,24,31,2,4,4,ITI,CS+,103,0.019417475728155338,2,47,0.0425531914893617,Global on,Global on
merged,1,6,5,1,1,ITI,ITI,267,0.018726591760299626,5,47,0.10638297872340426,Global off,Global off
merged,1,11,5,1,1,ITI,CS+,267,0.018726591760299626,4,47,0.0851063829787234,Global off,Global off
merged,1,29,5,1,2,CS+,ITI,267,0.018726591760299626,5,47,0.10638297872340426,Global off,Threat-like
merged,28,2,2,4,1,CS+,ITI,113,0.017699115044247787,2,47,0.0425531914893617,Global on,Global off
merged,28,5,2,4,1,CS+,CS+,113,0.017699115044247787,2,47,0.0425531914893617,Global on,Global off
merged,28,9,2,4,1,CS+,CS+,113,0.017699115044247787,2,47,0.0425531914893617,Global on,Global off
merged,28,15,2,4,2,CS-,CS+,113,0.017699115044247787,2,47,0.0425531914893617,Global on,Threat-like
merged,28,16,2,4,4,CS+,CS+,113,0.017699115044247787,2,47,0.0425531914893617,Global on,Global on
merged,3,5,1,1,1,CS+,CS+,57,0.017543859649122806,1,47,0.02127659574468085,Global off,Global off
merged,3,6,1,1,1,CS-,ITI,57,0.017543859649122806,1,47,0.02127659574468085,Global off,Global off
merged,3,10,1,1,1,ITI,CS-,57,0.017543859649122806,1,47,0.02127659574468085,Global off,Global off
merged,3,13,1,1,2,ITI,ITI,57,0.017543859649122806,1,47,0.02127659574468085,Global off,Threat-like
merged,3,15,1,1,2,ITI,ITI,57,0.017543859649122806,1,47,0.02127659574468085,Global off,Threat-like
merged,3,18,1,1,3,CS-,CS-,57,0.017543859649122806,1,47,0.02127659574468085,Global off,Safety-like
merged,3,20,1,1,3,CS-,CS-,57,0.017543859649122806,1,47,0.02127659574468085,Global off,Safety-like
merged,3,24,1,1,4,ITI,ITI,57,0.017543859649122806,1,47,0.02127659574468085,Global off,Global on
merged,3,27,1,1,4,ITI,ITI,57,0.017543859649122806,1,47,0.02127659574468085,Global off,Global on
merged,5,19,2,1,3,CS-,CS-,117,0.017094017094017096,2,47,0.0425531914893617,Global off,Safety-like
merged,5,23,2,1,4,CS+,CS+,117,0.017094017094017096,2,47,0.0425531914893617,Global off,Global on
merged,5,31,2,1,4,CS-,ITI,117,0.017094017094017096,2,47,0.0425531914893617,Global off,Global on
merged,13,7,3,2,1,CS+,ITI,181,0.016574585635359115,3,47,0.06382978723404255,Threat-like,Global off
merged,13,19,3,2,3,CS+,CS+,181,0.016574585635359115,3,47,0.06382978723404255,Threat-like,Safety-like
merged,13,23,3,2,4,ITI,ITI,181,0.016574585635359115,3,47,0.06382978723404255,Threat-like,Global on
merged,20,6,3,3,1,ITI,CS+,181,0.016574585635359115,2,47,0.0425531914893617,Safety-like,Global off
merged,20,12,3,3,3,ITI,CS+,181,0.016574585635359115,3,47,0.06382978723404255,Safety-like,Safety-like
merged,12,2,1,3,1,ITI,CS-,61,0.01639344262295082,1,47,0.02127659574468085,Safety-like,Global off
merged,12,8,1,3,3,ITI,CS-,61,0.01639344262295082,1,47,0.02127659574468085,Safety-like,Safety-like
merged,12,9,1,3,1,ITI,CS+,61,0.01639344262295082,1,47,0.02127659574468085,Safety-like,Global off
merged,12,10,1,3,1,ITI,ITI,61,0.01639344262295082,1,47,0.02127659574468085,Safety-like,Global off
merged,12,11,1,3,1,ITI,ITI,61,0.01639344262295082,1,47,0.02127659574468085,Safety-like,Global off
merged,12,17,1,3,1,ITI,ITI,61,0.01639344262295082,1,47,0.02127659574468085,Safety-like,Global off
merged,12,21,1,3,1,ITI,ITI,61,0.01639344262295082,1,47,0.02127659574468085,Safety-like,Global off
merged,12,22,1,3,4,ITI,ITI,61,0.01639344262295082,1,47,0.02127659574468085,Safety-like,Global on
merged,12,26,1,3,4,CS-,ITI,61,0.01639344262295082,1,47,0.02127659574468085,Safety-like,Global on
merged,12,30,1,3,4,CS+,ITI,61,0.01639344262295082,1,47,0.02127659574468085,Safety-like,Global on
merged,21,2,1,1,1,CS+,CS+,61,0.01639344262295082,1,47,0.02127659574468085,Global off,Global off
merged,21,3,1,1,1,ITI,ITI,61,0.01639344262295082,1,47,0.02127659574468085,Global off,Global off
merged,21,7,1,1,1,ITI,CS-,61,0.01639344262295082,1,47,0.02127659574468085,Global off,Global off
merged,21,8,1,1,3,ITI,CS+,61,0.01639344262295082,1,47,0.02127659574468085,Global off,Safety-like
merged,21,10,1,1,1,ITI,ITI,61,0.01639344262295082,1,47,0.02127659574468085,Global off,Global off
merged,21,11,1,1,1,ITI,CS+,61,0.01639344262295082,1,47,0.02127659574468085,Global off,Global off
merged,21,27,1,1,4,ITI,ITI,61,0.01639344262295082,1,47,0.02127659574468085,Global off,Global on
merged,21,28,1,1,4,ITI,ITI,61,0.01639344262295082,1,47,0.02127659574468085,Global off,Global on
merged,31,1,2,4,1,CS-,CS-,124,0.016129032258064516,2,47,0.0425531914893617,Global on,Global off
merged,31,2,2,4,1,CS+,CS+,124,0.016129032258064516,2,47,0.0425531914893617,Global on,Global off
merged,31,11,2,4,1,CS+,ITI,124,0.016129032258064516,2,47,0.0425531914893617,Global on,Global off
merged,31,14,2,4,2,CS+,CS-,124,0.016129032258064516,2,47,0.0425531914893617,Global on,Threat-like
merged,8,10,1,3,1,CS-,CS-,62,0.016129032258064516,1,47,0.02127659574468085,Safety-like,Global off
merged,8,11,1,3,1,CS-,ITI,62,0.016129032258064516,1,47,0.02127659574468085,Safety-like,Global off
merged,8,17,1,3,1,CS-,ITI,62,0.016129032258064516,1,47,0.02127659574468085,Safety-like,Global off
merged,8,19,1,3,3,CS-,ITI,62,0.016129032258064516,1,47,0.02127659574468085,Safety-like,Safety-like
merged,8,21,1,3,1,ITI,CS+,62,0.016129032258064516,1,47,0.02127659574468085,Safety-like,Global off
merged,8,23,1,3,4,ITI,ITI,62,0.016129032258064516,1,47,0.02127659574468085,Safety-like,Global on
merged,8,25,1,3,1,ITI,ITI,62,0.016129032258064516,1,47,0.02127659574468085,Safety-like,Global off
merged,8,29,1,3,2,ITI,ITI,62,0.016129032258064516,1,47,0.02127659574468085,Safety-like,Threat-like
merged,23,3,1,4,1,ITI,ITI,62,0.016129032258064516,1,47,0.02127659574468085,Global on,Global off
merged,23,11,1,4,1,ITI,CS-,62,0.016129032258064516,1,47,0.02127659574468085,Global on,Global off
merged,23,15,1,4,2,ITI,ITI,62,0.016129032258064516,1,47,0.02127659574468085,Global on,Threat-like
merged,23,21,1,4,1,CS-,ITI,62,0.016129032258064516,1,47,0.02127659574468085,Global on,Global off
merged,32,12,4,4,3,ITI,ITI,253,0.015810276679841896,4,47,0.0851063829787234,Global on,Safety-like
merged,32,23,4,4,4,CS+,CS+,253,0.015810276679841896,4,47,0.0851063829787234,Global on,Global on
merged,18,7,1,3,1,ITI,CS-,65,0.015384615384615385,1,47,0.02127659574468085,Safety-like,Global off
merged,18,12,1,3,3,ITI,CS-,65,0.015384615384615385,1,47,0.02127659574468085,Safety-like,Safety-like
merged,18,14,1,3,2,ITI,ITI,65,0.015384615384615385,1,47,0.02127659574468085,Safety-like,Threat-like
merged,18,15,1,3,2,ITI,ITI,65,0.015384615384615385,1,47,0.02127659574468085,Safety-like,Threat-like
merged,18,21,1,3,1,CS+,ITI,65,0.015384615384615385,1,47,0.02127659574468085,Safety-like,Global off
merged,18,23,1,3,4,CS-,CS-,65,0.015384615384615385,1,47,0.02127659574468085,Safety-like,Global on
merged,18,25,1,3,1,ITI,CS-,65,0.015384615384615385,1,47,0.02127659574468085,Safety-like,Global off
merged,18,30,1,3,4,ITI,ITI,65,0.015384615384615385,1,47,0.02127659574468085,Safety-like,Global on
merged,18,32,1,3,4,CS-,ITI,65,0.015384615384615385,1,47,0.02127659574468085,Safety-like,Global on
merged,4,3,2,3,1,CS-,ITI,133,0.015037593984962405,2,47,0.0425531914893617,Safety-like,Global off
merged,4,11,2,3,1,ITI,CS-,133,0.015037593984962405,2,47,0.0425531914893617,Safety-like,Global off
merged,4,24,2,3,4,CS-,ITI,133,0.015037593984962405,2,47,0.0425531914893617,Safety-like,Global on
merged,4,25,2,3,1,ITI,ITI,133,0.015037593984962405,2,47,0.0425531914893617,Safety-like,Global off
merged,4,30,2,3,4,CS-,CS+,133,0.015037593984962405,2,47,0.0425531914893617,Safety-like,Global on
merged,1,14,4,1,2,ITI,CS+,267,0.0149812734082397,4,47,0.0851063829787234,Global off,Threat-like
merged,1,25,4,1,1,ITI,ITI,267,0.0149812734082397,4,47,0.0851063829787234,Global off,Global off
merged,17,6,2,1,1,CS-,ITI,135,0.014814814814814815,2,47,0.0425531914893617,Global off,Global off
merged,17,9,2,1,1,ITI,CS+,135,0.014814814814814815,2,47,0.0425531914893617,Global off,Global off
merged,17,10,2,1,1,CS-,CS-,135,0.014814814814814815,2,47,0.0425531914893617,Global off,Global off
merged,17,11,2,1,1,ITI,CS+,135,0.014814814814814815,2,47,0.0425531914893617,Global off,Global off
merged,17,26,2,1,4,CS-,CS-,135,0.014814814814814815,2,47,0.0425531914893617,Global off,Global on
merged,17,27,2,1,4,CS+,CS+,135,0.014814814814814815,2,47,0.0425531914893617,Global off,Global on
merged,17,28,2,1,4,CS-,CS-,135,0.014814814814814815,2,47,0.0425531914893617,Global off,Global on
merged,17,30,2,1,4,ITI,CS+,135,0.014814814814814815,2,47,0.0425531914893617,Global off,Global on
merged,17,31,2,1,4,CS+,ITI,135,0.014814814814814815,2,47,0.0425531914893617,Global off,Global on
merged,2,7,2,1,1,ITI,CS+,139,0.014388489208633094,2,47,0.0425531914893617,Global off,Global off
merged,2,9,2,1,1,CS+,CS+,139,0.014388489208633094,2,47,0.0425531914893617,Global off,Global off
merged,2,22,2,1,4,CS-,CS+,139,0.014388489208633094,2,47,0.0425531914893617,Global off,Global on
merged,2,27,2,1,4,CS-,CS-,139,0.014388489208633094,1,47,0.02127659574468085,Global off,Global on
merged,29,8,2,2,3,CS-,ITI,140,0.014285714285714285,2,47,0.0425531914893617,Threat-like,Safety-like
merged,29,11,2,2,1,ITI,ITI,140,0.014285714285714285,2,47,0.0425531914893617,Threat-like,Global off
merged,29,12,2,2,3,CS+,CS+,140,0.014285714285714285,2,47,0.0425531914893617,Threat-like,Safety-like
merged,10,4,1,1,3,CS-,CS-,70,0.014285714285714285,1,47,0.02127659574468085,Global off,Safety-like
merged,10,7,1,1,1,CS+,CS+,70,0.014285714285714285,1,47,0.02127659574468085,Global off,Global off
merged,10,9,1,1,1,CS+,CS+,70,0.014285714285714285,1,47,0.02127659574468085,Global off,Global off
merged,10,12,1,1,3,CS-,CS-,70,0.014285714285714285,1,47,0.02127659574468085,Global off,Safety-like
merged,10,15,1,1,2,ITI,ITI,70,0.014285714285714285,1,47,0.02127659574468085,Global off,Threat-like
merged,10,18,1,1,3,ITI,ITI,70,0.014285714285714285,1,47,0.02127659574468085,Global off,Safety-like
merged,10,20,1,1,3,CS+,ITI,70,0.014285714285714285,1,47,0.02127659574468085,Global off,Safety-like
merged,10,21,1,1,1,ITI,ITI,70,0.014285714285714285,1,47,0.02127659574468085,Global off,Global off
merged,10,23,1,1,4,CS-,CS-,70,0.014285714285714285,1,47,0.02127659574468085,Global off,Global on
merged,10,24,1,1,4,CS+,ITI,70,0.014285714285714285,1,47,0.02127659574468085,Global off,Global on
merged,10,25,1,1,1,ITI,ITI,70,0.014285714285714285,1,47,0.02127659574468085,Global off,Global off
merged,10,29,1,1,2,ITI,ITI,70,0.014285714285714285,1,47,0.02127659574468085,Global off,Threat-like
merged,15,5,1,2,1,ITI,ITI,71,0.014084507042253521,1,47,0.02127659574468085,Threat-like,Global off
merged,15,14,1,2,2,ITI,ITI,71,0.014084507042253521,1,47,0.02127659574468085,Threat-like,Threat-like
merged,15,17,1,2,1,ITI,ITI,71,0.014084507042253521,1,47,0.02127659574468085,Threat-like,Global off
merged,15,18,1,2,3,ITI,CS-,71,0.014084507042253521,1,47,0.02127659574468085,Threat-like,Safety-like
merged,15,21,1,2,1,ITI,CS+,71,0.014084507042253521,1,47,0.02127659574468085,Threat-like,Global off
merged,15,22,1,2,4,CS-,ITI,71,0.014084507042253521,1,47,0.02127659574468085,Threat-like,Global on
merged,15,23,1,2,4,CS+,CS+,71,0.014084507042253521,1,47,0.02127659574468085,Threat-like,Global on
merged,15,25,1,2,1,CS-,CS-,71,0.014084507042253521,1,47,0.02127659574468085,Threat-like,Global off
merged,15,27,1,2,4,CS+,CS+,71,0.014084507042253521,1,47,0.02127659574468085,Threat-like,Global on
merged,15,30,1,2,4,CS+,CS+,71,0.014084507042253521,1,47,0.02127659574468085,Threat-like,Global on
merged,25,3,1,1,1,CS+,ITI,74,0.013513513513513514,1,47,0.02127659574468085,Global off,Global off
merged,25,7,1,1,1,CS+,CS+,74,0.013513513513513514,1,47,0.02127659574468085,Global off,Global off
merged,25,10,1,1,1,ITI,ITI,74,0.013513513513513514,1,47,0.02127659574468085,Global off,Global off
merged,25,15,1,1,2,ITI,ITI,74,0.013513513513513514,1,47,0.02127659574468085,Global off,Threat-like
merged,25,24,1,1,4,ITI,CS+,74,0.013513513513513514,1,47,0.02127659574468085,Global off,Global on
merged,16,8,2,4,3,CS-,CS-,150,0.013333333333333334,2,47,0.0425531914893617,Global on,Safety-like
merged,16,28,2,4,4,ITI,ITI,150,0.013333333333333334,2,47,0.0425531914893617,Global on,Global on
merged,30,3,1,4,1,CS-,ITI,79,0.012658227848101266,1,47,0.02127659574468085,Global on,Global off
merged,30,4,1,4,3,ITI,ITI,79,0.012658227848101266,1,47,0.02127659574468085,Global on,Safety-like
merged,30,8,1,4,3,CS-,CS-,79,0.012658227848101266,1,47,0.02127659574468085,Global on,Safety-like
merged,30,12,1,4,3,CS+,CS+,79,0.012658227848101266,1,47,0.02127659574468085,Global on,Safety-like
merged,30,14,1,4,2,CS+,ITI,79,0.012658227848101266,1,47,0.02127659574468085,Global on,Threat-like
merged,30,18,1,4,3,ITI,ITI,79,0.012658227848101266,1,47,0.02127659574468085,Global on,Safety-like
merged,30,21,1,4,1,ITI,ITI,79,0.012658227848101266,1,47,0.02127659574468085,Global on,Global off
merged,30,22,1,4,4,ITI,ITI,79,0.012658227848101266,1,47,0.02127659574468085,Global on,Global on
merged,32,5,3,4,1,CS+,CS+,253,0.011857707509881422,3,47,0.06382978723404255,Global on,Global off
merged,32,8,3,4,3,ITI,ITI,253,0.011857707509881422,3,47,0.06382978723404255,Global on,Safety-like
merged,32,26,3,4,4,CS-,ITI,253,0.011857707509881422,3,47,0.06382978723404255,Global on,Global on
merged,1,15,3,1,2,ITI,CS+,267,0.011235955056179775,3,47,0.06382978723404255,Global off,Threat-like
merged,1,30,3,1,4,ITI,ITI,267,0.011235955056179775,3,47,0.06382978723404255,Global off,Global on
merged,13,27,2,2,4,CS-,ITI,181,0.011049723756906077,2,47,0.0425531914893617,Threat-like,Global on
merged,13,28,2,2,4,CS+,CS-,181,0.011049723756906077,2,47,0.0425531914893617,Threat-like,Global on
merged,20,15,2,3,2,CS-,CS-,181,0.011049723756906077,2,47,0.0425531914893617,Safety-like,Threat-like
merged,20,22,2,3,4,ITI,ITI,181,0.011049723756906077,2,47,0.0425531914893617,Safety-like,Global on
merged,14,3,1,2,1,ITI,ITI,95,0.010526315789473684,1,47,0.02127659574468085,Threat-like,Global off
merged,14,6,1,2,1,ITI,ITI,95,0.010526315789473684,1,47,0.02127659574468085,Threat-like,Global off
merged,14,11,1,2,1,CS+,CS+,95,0.010526315789473684,1,47,0.02127659574468085,Threat-like,Global off
merged,14,12,1,2,3,ITI,ITI,95,0.010526315789473684,1,47,0.02127659574468085,Threat-like,Safety-like
merged,14,28,1,2,4,ITI,ITI,95,0.010526315789473684,1,47,0.02127659574468085,Threat-like,Global on
merged,19,9,1,3,1,CS+,CS+,97,0.010309278350515464,1,47,0.02127659574468085,Safety-like,Global off
merged,19,11,1,3,1,ITI,ITI,97,0.010309278350515464,1,47,0.02127659574468085,Safety-like,Global off
merged,19,15,1,3,2,ITI,CS+,97,0.010309278350515464,1,47,0.02127659574468085,Safety-like,Threat-like
merged,19,26,1,3,4,ITI,CS+,97,0.010309278350515464,1,47,0.02127659574468085,Safety-like,Global on
merged,19,27,1,3,4,ITI,CS-,97,0.010309278350515464,1,47,0.02127659574468085,Safety-like,Global on
merged,9,3,1,1,1,CS-,CS-,99,0.010101010101010102,1,47,0.02127659574468085,Global off,Global off
merged,9,6,1,1,1,ITI,ITI,99,0.010101010101010102,1,47,0.02127659574468085,Global off,Global off
merged,9,11,1,1,1,CS+,CS+,99,0.010101010101010102,1,47,0.02127659574468085,Global off,Global off
merged,9,12,1,1,3,ITI,CS+,99,0.010101010101010102,1,47,0.02127659574468085,Global off,Safety-like
merged,9,21,1,1,1,ITI,ITI,99,0.010101010101010102,1,47,0.02127659574468085,Global off,Global off
merged,9,22,1,1,4,ITI,ITI,99,0.010101010101010102,1,47,0.02127659574468085,Global off,Global on
merged,9,24,1,1,4,CS+,ITI,99,0.010101010101010102,1,47,0.02127659574468085,Global off,Global on
merged,9,30,1,1,4,CS+,CS+,99,0.010101010101010102,1,47,0.02127659574468085,Global off,Global on
merged,9,31,1,1,4,CS+,ITI,99,0.010101010101010102,1,47,0.02127659574468085,Global off,Global on
merged,24,6,1,4,1,ITI,ITI,103,0.009708737864077669,1,47,0.02127659574468085,Global on,Global off
merged,24,7,1,4,1,ITI,CS+,103,0.009708737864077669,1,47,0.02127659574468085,Global on,Global off
merged,24,8,1,4,3,CS-,ITI,103,0.009708737864077669,1,47,0.02127659574468085,Global on,Safety-like
merged,24,15,1,4,2,ITI,CS+,103,0.009708737864077669,1,47,0.02127659574468085,Global on,Threat-like
merged,24,21,1,4,1,CS-,ITI,103,0.009708737864077669,1,47,0.02127659574468085,Global on,Global off
merged,28,3,1,4,1,ITI,ITI,113,0.008849557522123894,1,47,0.02127659574468085,Global on,Global off
merged,28,6,1,4,1,CS-,CS-,113,0.008849557522123894,1,47,0.02127659574468085,Global on,Global off
merged,28,7,1,4,1,CS-,CS-,113,0.008849557522123894,1,47,0.02127659574468085,Global on,Global off
merged,28,22,1,4,4,CS-,ITI,113,0.008849557522123894,1,47,0.02127659574468085,Global on,Global on
merged,28,23,1,4,4,ITI,ITI,113,0.008849557522123894,1,47,0.02127659574468085,Global on,Global on
merged,28,24,1,4,4,ITI,ITI,113,0.008849557522123894,1,47,0.02127659574468085,Global on,Global on
merged,28,30,1,4,4,ITI,CS+,113,0.008849557522123894,1,47,0.02127659574468085,Global on,Global on
merged,5,3,1,1,1,ITI,CS+,117,0.008547008547008548,1,47,0.02127659574468085,Global off,Global off
merged,5,10,1,1,1,CS-,ITI,117,0.008547008547008548,1,47,0.02127659574468085,Global off,Global off
merged,5,12,1,1,3,CS-,CS-,117,0.008547008547008548,1,47,0.02127659574468085,Global off,Safety-like
merged,5,17,1,1,1,ITI,ITI,117,0.008547008547008548,1,47,0.02127659574468085,Global off,Global off
merged,5,18,1,1,3,CS-,ITI,117,0.008547008547008548,1,47,0.02127659574468085,Global off,Safety-like
merged,5,21,1,1,1,ITI,ITI,117,0.008547008547008548,1,47,0.02127659574468085,Global off,Global off
merged,5,22,1,1,4,CS+,ITI,117,0.008547008547008548,1,47,0.02127659574468085,Global off,Global on
merged,5,25,1,1,1,ITI,ITI,117,0.008547008547008548,1,47,0.02127659574468085,Global off,Global off
merged,5,26,1,1,4,CS+,ITI,117,0.008547008547008548,1,47,0.02127659574468085,Global off,Global on
merged,5,27,1,1,4,CS+,ITI,117,0.008547008547008548,1,47,0.02127659574468085,Global off,Global on
merged,5,28,1,1,4,ITI,ITI,117,0.008547008547008548,1,47,0.02127659574468085,Global off,Global on
merged,5,30,1,1,4,CS-,CS-,117,0.008547008547008548,1,47,0.02127659574468085,Global off,Global on
merged,31,6,1,4,1,CS+,CS+,124,0.008064516129032258,1,47,0.02127659574468085,Global on,Global off
merged,31,22,1,4,4,CS+,CS+,124,0.008064516129032258,1,47,0.02127659574468085,Global on,Global on
merged,32,3,2,4,1,ITI,ITI,253,0.007905138339920948,2,47,0.0425531914893617,Global on,Global off
merged,32,7,2,4,1,ITI,ITI,253,0.007905138339920948,2,47,0.0425531914893617,Global on,Global off
merged,32,27,2,4,4,ITI,ITI,253,0.007905138339920948,2,47,0.0425531914893617,Global on,Global on
merged,4,15,1,3,2,CS-,ITI,133,0.007518796992481203,1,47,0.02127659574468085,Safety-like,Threat-like
merged,4,27,1,3,4,ITI,ITI,133,0.007518796992481203,1,47,0.02127659574468085,Safety-like,Global on
merged,1,18,2,1,3,CS+,CS+,267,0.00749063670411985,2,47,0.0425531914893617,Global off,Safety-like
merged,1,22,2,1,4,CS+,ITI,267,0.00749063670411985,2,47,0.0425531914893617,Global off,Global on
merged,17,5,1,1,1,ITI,CS+,135,0.007407407407407408,1,47,0.02127659574468085,Global off,Global off
merged,17,12,1,1,3,ITI,CS-,135,0.007407407407407408,1,47,0.02127659574468085,Global off,Safety-like
merged,17,14,1,1,2,ITI,ITI,135,0.007407407407407408,1,47,0.02127659574468085,Global off,Threat-like
merged,17,15,1,1,2,ITI,ITI,135,0.007407407407407408,1,47,0.02127659574468085,Global off,Threat-like
merged,17,22,1,1,4,ITI,ITI,135,0.007407407407407408,1,47,0.02127659574468085,Global off,Global on
merged,17,23,1,1,4,CS-,CS-,135,0.007407407407407408,1,47,0.02127659574468085,Global off,Global on
merged,2,12,1,1,3,CS-,CS-,139,0.007194244604316547,1,47,0.02127659574468085,Global off,Safety-like
merged,2,21,1,1,1,CS-,ITI,139,0.007194244604316547,1,47,0.02127659574468085,Global off,Global off
merged,2,25,1,1,1,CS-,ITI,139,0.007194244604316547,1,47,0.02127659574468085,Global off,Global off
merged,29,6,1,2,1,ITI,ITI,140,0.007142857142857143,1,47,0.02127659574468085,Threat-like,Global off
merged,29,18,1,2,3,ITI,ITI,140,0.007142857142857143,1,47,0.02127659574468085,Threat-like,Safety-like
merged,16,6,1,4,1,CS+,CS+,150,0.006666666666666667,1,47,0.02127659574468085,Global on,Global off
merged,16,20,1,4,3,ITI,ITI,150,0.006666666666666667,1,47,0.02127659574468085,Global on,Safety-like
merged,16,22,1,4,4,ITI,ITI,150,0.006666666666666667,1,47,0.02127659574468085,Global on,Global on
merged,16,26,1,4,4,CS+,ITI,150,0.006666666666666667,1,47,0.02127659574468085,Global on,Global on
merged,13,12,1,2,3,ITI,ITI,181,0.0055248618784530384,1,47,0.02127659574468085,Threat-like,Safety-like
merged,13,30,1,2,4,ITI,ITI,181,0.0055248618784530384,1,47,0.02127659574468085,Threat-like,Global on
merged,20,3,1,3,1,ITI,ITI,181,0.0055248618784530384,1,47,0.02127659574468085,Safety-like,Global off
merged,20,7,1,3,1,ITI,CS-,181,0.0055248618784530384,1,47,0.02127659574468085,Safety-like,Global off
merged,32,11,1,4,1,CS-,ITI,253,0.003952569169960474,1,47,0.02127659574468085,Global on,Global off
merged,32,22,1,4,4,CS-,CS-,253,0.003952569169960474,1,47,0.02127659574468085,Global on,Global on
merged,1,27,1,1,4,ITI,ITI,267,0.003745318352059925,1,47,0.02127659574468085,Global off,Global on
HC,27,20,6,4,3,ITI,ITI,26,0.23076923076923078,5,24,0.20833333333333334,Global on,Safety-like
HC,14,13,11,2,2,CS+,ITI,52,0.21153846153846154,10,24,0.4166666666666667,Threat-like,Threat-like
HC,24,32,10,4,4,ITI,ITI,50,0.2,8,24,0.3333333333333333,Global on,Global on
HC,13,1,17,2,1,CS+,ITI,99,0.1717171717171717,12,24,0.5,Threat-like,Global off
HC,11,32,2,1,4,ITI,CS-,12,0.16666666666666666,1,24,0.041666666666666664,Global off,Global on
HC,2,1,12,1,1,ITI,ITI,73,0.1643835616438356,10,24,0.4166666666666667,Global off,Global off
HC,12,1,6,3,1,ITI,ITI,38,0.15789473684210525,6,24,0.25,Safety-like,Global off
HC,3,1,4,1,1,ITI,ITI,27,0.14814814814814814,3,24,0.125,Global off,Global off
HC,3,2,4,1,1,ITI,CS+,27,0.14814814814814814,3,24,0.125,Global off,Global off
HC,6,20,4,1,3,ITI,ITI,27,0.14814814814814814,4,24,0.16666666666666666,Global off,Safety-like
HC,15,16,6,2,4,CS+,ITI,41,0.14634146341463414,6,24,0.25,Threat-like,Global on
HC,10,1,5,1,1,ITI,ITI,35,0.14285714285714285,5,24,0.20833333333333334,Global off,Global off
HC,24,20,7,4,3,ITI,ITI,50,0.14,6,24,0.25,Global on,Safety-like
HC,23,16,4,4,4,ITI,ITI,30,0.13333333333333333,4,24,0.16666666666666666,Global on,Global on
HC,25,1,5,1,1,CS-,CS-,38,0.13157894736842105,4,24,0.16666666666666666,Global off,Global off
HC,9,1,6,1,1,ITI,ITI,46,0.13043478260869565,5,24,0.20833333333333334,Global off,Global off
HC,19,20,6,3,3,ITI,CS-,46,0.13043478260869565,5,24,0.20833333333333334,Safety-like,Safety-like
HC,16,32,9,4,4,ITI,ITI,72,0.125,8,24,0.3333333333333333,Global on,Global on
HC,29,32,9,2,4,ITI,CS-,72,0.125,8,24,0.3333333333333333,Threat-like,Global on
HC,22,2,1,4,1,ITI,CS-,8,0.125,1,24,0.041666666666666664,Global on,Global off
HC,22,10,1,4,1,ITI,ITI,8,0.125,1,24,0.041666666666666664,Global on,Global off
HC,22,14,1,4,2,ITI,ITI,8,0.125,1,24,0.041666666666666664,Global on,Threat-like
HC,22,20,1,4,3,CS-,ITI,8,0.125,1,24,0.041666666666666664,Global on,Safety-like
HC,22,24,1,4,4,ITI,CS-,8,0.125,1,24,0.041666666666666664,Global on,Global on
HC,22,28,1,4,4,CS+,ITI,8,0.125,1,24,0.041666666666666664,Global on,Global on
HC,22,30,1,4,4,CS-,ITI,8,0.125,1,24,0.041666666666666664,Global on,Global on
HC,22,32,1,4,4,CS-,CS-,8,0.125,1,24,0.041666666666666664,Global on,Global on
HC,15,9,5,2,1,ITI,ITI,41,0.12195121951219512,5,24,0.20833333333333334,Threat-like,Global off
HC,15,13,5,2,2,CS+,ITI,41,0.12195121951219512,2,24,0.08333333333333333,Threat-like,Threat-like
HC,15,32,5,2,4,CS+,CS+,41,0.12195121951219512,5,24,0.20833333333333334,Threat-like,Global on
HC,30,29,5,4,2,CS+,CS-,41,0.12195121951219512,5,24,0.20833333333333334,Global on,Threat-like
HC,21,32,4,1,4,ITI,ITI,34,0.11764705882352941,4,24,0.16666666666666666,Global off,Global on
HC,17,20,9,1,3,ITI,ITI,77,0.11688311688311688,9,24,0.375,Global off,Safety-like
HC,14,29,6,2,2,CS+,ITI,52,0.11538461538461539,5,24,0.20833333333333334,Threat-like,Threat-like
HC,27,28,3,4,4,ITI,ITI,26,0.11538461538461539,3,24,0.125,Global on,Global on
HC,32,30,14,4,4,CS-,ITI,122,0.11475409836065574,10,24,0.4166666666666667,Global on,Global on
HC,10,2,4,1,1,ITI,CS+,35,0.11428571428571428,4,24,0.16666666666666666,Global off,Global off
HC,10,14,4,1,2,CS+,ITI,35,0.11428571428571428,3,24,0.125,Global off,Threat-like
HC,28,32,6,4,4,ITI,CS+,53,0.11320754716981132,5,24,0.20833333333333334,Global on,Global on
HC,29,2,8,2,1,ITI,ITI,72,0.1111111111111111,5,24,0.20833333333333334,Threat-like,Global off
HC,3,29,3,1,2,ITI,ITI,27,0.1111111111111111,3,24,0.125,Global off,Threat-like
HC,3,32,3,1,4,ITI,ITI,27,0.1111111111111111,2,24,0.08333333333333333,Global off,Global on
HC,6,32,3,1,4,ITI,CS+,27,0.1111111111111111,3,24,0.125,Global off,Global on
HC,7,1,2,1,1,CS-,CS-,18,0.1111111111111111,2,24,0.08333333333333333,Global off,Global off
HC,7,5,2,1,1,ITI,CS+,18,0.1111111111111111,2,24,0.08333333333333333,Global off,Global off
HC,7,16,2,1,4,CS-,CS-,18,0.1111111111111111,2,24,0.08333333333333333,Global off,Global on
HC,7,20,2,1,3,CS-,CS-,18,0.1111111111111111,2,24,0.08333333333333333,Global off,Safety-like
HC,7,21,2,1,1,ITI,CS+,18,0.1111111111111111,1,24,0.041666666666666664,Global off,Global off
HC,19,17,5,3,1,ITI,ITI,46,0.10869565217391304,4,24,0.16666666666666666,Safety-like,Global off
HC,19,24,5,3,4,ITI,ITI,46,0.10869565217391304,5,24,0.20833333333333334,Safety-like,Global on
HC,8,1,3,3,1,ITI,ITI,28,0.10714285714285714,3,24,0.125,Safety-like,Global off
HC,8,13,3,3,2,CS-,ITI,28,0.10714285714285714,3,24,0.125,Safety-like,Threat-like
HC,18,17,3,3,1,ITI,ITI,28,0.10714285714285714,3,24,0.125,Safety-like,Global off
HC,18,28,3,3,4,ITI,ITI,28,0.10714285714285714,3,24,0.125,Safety-like,Global on
HC,12,13,4,3,2,ITI,ITI,38,0.10526315789473684,3,24,0.125,Safety-like,Threat-like
HC,12,14,4,3,2,ITI,ITI,38,0.10526315789473684,4,24,0.16666666666666666,Safety-like,Threat-like
HC,12,16,4,3,4,ITI,CS-,38,0.10526315789473684,3,24,0.125,Safety-like,Global on
HC,26,12,2,4,3,ITI,CS+,19,0.10526315789473684,2,24,0.08333333333333333,Global on,Safety-like
HC,26,13,2,4,2,ITI,CS-,19,0.10526315789473684,2,24,0.08333333333333333,Global on,Threat-like
HC,26,28,2,4,4,ITI,ITI,19,0.10526315789473684,2,24,0.08333333333333333,Global on,Global on
HC,26,29,2,4,2,CS-,ITI,19,0.10526315789473684,2,24,0.08333333333333333,Global on,Threat-like
HC,17,1,8,1,1,ITI,CS+,77,0.1038961038961039,6,24,0.25,Global off,Global off
HC,17,25,8,1,1,ITI,ITI,77,0.1038961038961039,5,24,0.20833333333333334,Global off,Global off
HC,5,1,6,1,1,CS+,ITI,58,0.10344827586206896,6,24,0.25,Global off,Global off
HC,5,13,6,1,2,ITI,ITI,58,0.10344827586206896,6,24,0.25,Global off,Threat-like
HC,5,16,6,1,4,ITI,ITI,58,0.10344827586206896,5,24,0.20833333333333334,Global off,Global on
HC,20,17,10,3,1,ITI,ITI,97,0.10309278350515463,8,24,0.3333333333333333,Safety-like,Global off
HC,20,32,10,3,4,ITI,ITI,97,0.10309278350515463,7,24,0.2916666666666667,Safety-like,Global on
HC,31,29,6,4,2,ITI,ITI,59,0.1016949152542373,5,24,0.20833333333333334,Global on,Threat-like
HC,31,32,6,4,4,ITI,CS-,59,0.1016949152542373,5,24,0.20833333333333334,Global on,Global on
HC,23,13,3,4,2,CS+,CS+,30,0.1,3,24,0.125,Global on,Threat-like
HC,23,24,3,4,4,ITI,ITI,30,0.1,2,24,0.08333333333333333,Global on,Global on
HC,23,32,3,4,4,CS+,ITI,30,0.1,3,24,0.125,Global on,Global on
HC,4,20,7,3,3,ITI,ITI,72,0.09722222222222222,7,24,0.2916666666666667,Safety-like,Safety-like
HC,4,32,7,3,4,ITI,ITI,72,0.09722222222222222,6,24,0.25,Safety-like,Global on
HC,29,13,7,2,2,ITI,ITI,72,0.09722222222222222,6,24,0.25,Threat-like,Threat-like
HC,28,17,5,4,1,CS-,ITI,53,0.09433962264150944,5,24,0.20833333333333334,Global on,Global off
HC,28,20,5,4,3,ITI,ITI,53,0.09433962264150944,5,24,0.20833333333333334,Global on,Safety-like
HC,13,5,9,2,1,ITI,ITI,99,0.09090909090909091,7,24,0.2916666666666667,Threat-like,Global off
HC,17,32,7,1,4,ITI,ITI,77,0.09090909090909091,6,24,0.25,Global off,Global on
HC,32,20,11,4,3,ITI,ITI,122,0.09016393442622951,9,24,0.375,Global on,Safety-like
HC,21,1,3,1,1,ITI,ITI,34,0.08823529411764706,3,24,0.125,Global off,Global off
HC,21,19,3,1,3,ITI,ITI,34,0.08823529411764706,2,24,0.08333333333333333,Global off,Safety-like
HC,9,5,4,1,1,CS-,CS-,46,0.08695652173913043,4,24,0.16666666666666666,Global off,Global off
HC,9,19,4,1,3,ITI,ITI,46,0.08695652173913043,3,24,0.125,Global off,Safety-like
HC,19,28,4,3,4,ITI,ITI,46,0.08695652173913043,4,24,0.16666666666666666,Safety-like,Global on
HC,19,29,4,3,2,ITI,ITI,46,0.08695652173913043,3,24,0.125,Safety-like,Threat-like
HC,5,2,5,1,1,CS-,CS-,58,0.08620689655172414,4,24,0.16666666666666666,Global off,Global off
HC,10,13,3,1,2,CS-,CS+,35,0.08571428571428572,3,24,0.125,Global off,Threat-like
HC,10,32,3,1,4,ITI,ITI,35,0.08571428571428572,3,24,0.125,Global off,Global on
HC,31,20,5,4,3,ITI,ITI,59,0.0847457627118644,4,24,0.16666666666666666,Global on,Safety-like
HC,4,1,6,3,1,CS+,ITI,72,0.08333333333333333,5,24,0.20833333333333334,Safety-like,Global off
HC,4,29,6,3,2,CS+,ITI,72,0.08333333333333333,5,24,0.20833333333333334,Safety-like,Threat-like
HC,16,13,6,4,2,CS+,CS+,72,0.08333333333333333,6,24,0.25,Global on,Threat-like
HC,16,29,6,4,2,CS+,ITI,72,0.08333333333333333,6,24,0.25,Global on,Threat-like
HC,11,1,1,1,1,CS+,CS+,12,0.08333333333333333,1,24,0.041666666666666664,Global off,Global off
HC,11,2,1,1,1,CS-,CS-,12,0.08333333333333333,1,24,0.041666666666666664,Global off,Global off
HC,11,3,1,1,1,CS+,CS+,12,0.08333333333333333,1,24,0.041666666666666664,Global off,Global off
HC,11,10,1,1,1,CS+,ITI,12,0.08333333333333333,1,24,0.041666666666666664,Global off,Global off
HC,11,15,1,1,2,CS-,CS-,12,0.08333333333333333,1,24,0.041666666666666664,Global off,Threat-like
HC,11,16,1,1,4,ITI,CS+,12,0.08333333333333333,1,24,0.041666666666666664,Global off,Global on
HC,11,17,1,1,1,CS+,CS+,12,0.08333333333333333,1,24,0.041666666666666664,Global off,Global off
HC,11,23,1,1,4,CS-,CS-,12,0.08333333333333333,1,24,0.041666666666666664,Global off,Global on
HC,11,27,1,1,4,ITI,ITI,12,0.08333333333333333,1,24,0.041666666666666664,Global off,Global on
HC,11,31,1,1,4,CS+,CS+,12,0.08333333333333333,1,24,0.041666666666666664,Global off,Global on
HC,20,4,8,3,3,CS-,ITI,97,0.08247422680412371,8,24,0.3333333333333333,Safety-like,Safety-like
HC,32,13,10,4,2,CS+,CS+,122,0.08196721311475409,8,24,0.3333333333333333,Global on,Threat-like
HC,32,31,10,4,4,ITI,ITI,122,0.08196721311475409,8,24,0.3333333333333333,Global on,Global on
HC,12,4,3,3,3,CS-,CS-,38,0.07894736842105263,2,24,0.08333333333333333,Safety-like,Safety-like
HC,12,32,3,3,4,CS-,ITI,38,0.07894736842105263,3,24,0.125,Safety-like,Global on
HC,25,2,3,1,1,ITI,CS+,38,0.07894736842105263,3,24,0.125,Global off,Global off
HC,25,17,3,1,1,ITI,ITI,38,0.07894736842105263,3,24,0.125,Global off,Global off
HC,25,20,3,1,3,CS+,CS-,38,0.07894736842105263,3,24,0.125,Global off,Safety-like
HC,27,1,2,4,1,ITI,CS+,26,0.07692307692307693,2,24,0.08333333333333333,Global on,Global off
HC,27,2,2,4,1,ITI,CS-,26,0.07692307692307693,2,24,0.08333333333333333,Global on,Global off
HC,27,13,2,4,2,CS+,ITI,26,0.07692307692307693,2,24,0.08333333333333333,Global on,Threat-like
HC,27,15,2,4,2,CS+,CS+,26,0.07692307692307693,2,24,0.08333333333333333,Global on,Threat-like
HC,27,29,2,4,2,ITI,ITI,26,0.07692307692307693,2,24,0.08333333333333333,Global on,Threat-like
HC,28,4,4,4,3,ITI,ITI,53,0.07547169811320754,4,24,0.16666666666666666,Global on,Safety-like
HC,28,12,4,4,3,ITI,ITI,53,0.07547169811320754,2,24,0.08333333333333333,Global on,Safety-like
HC,1,4,9,1,3,ITI,ITI,121,0.0743801652892562,8,24,0.3333333333333333,Global off,Safety-like
HC,1,5,9,1,1,CS-,ITI,121,0.0743801652892562,9,24,0.375,Global off,Global off
HC,1,13,9,1,2,CS-,ITI,121,0.0743801652892562,8,24,0.3333333333333333,Global off,Threat-like
HC,3,17,2,1,1,CS+,ITI,27,0.07407407407407407,2,24,0.08333333333333333,Global off,Global off
HC,3,31,2,1,4,ITI,CS-,27,0.07407407407407407,2,24,0.08333333333333333,Global off,Global on
HC,6,1,2,1,1,ITI,ITI,27,0.07407407407407407,2,24,0.08333333333333333,Global off,Global off
HC,6,5,2,1,1,CS+,CS+,27,0.07407407407407407,2,24,0.08333333333333333,Global off,Global off
HC,6,13,2,1,2,CS+,CS+,27,0.07407407407407407,2,24,0.08333333333333333,Global off,Threat-like
HC,6,14,2,1,2,CS+,ITI,27,0.07407407407407407,2,24,0.08333333333333333,Global off,Threat-like
HC,6,21,2,1,1,CS-,ITI,27,0.07407407407407407,2,24,0.08333333333333333,Global off,Global off
HC,32,28,9,4,4,ITI,ITI,122,0.07377049180327869,8,24,0.3333333333333333,Global on,Global on
HC,15,1,3,2,1,CS+,CS+,41,0.07317073170731707,3,24,0.125,Threat-like,Global off
HC,15,2,3,2,1,ITI,ITI,41,0.07317073170731707,3,24,0.125,Threat-like,Global off
HC,30,1,3,4,1,CS+,CS+,41,0.07317073170731707,3,24,0.125,Global on,Global off
HC,30,5,3,4,1,ITI,ITI,41,0.07317073170731707,3,24,0.125,Global on,Global off
HC,30,31,3,4,4,CS+,CS+,41,0.07317073170731707,3,24,0.125,Global on,Global on
HC,20,18,7,3,3,ITI,ITI,97,0.07216494845360824,6,24,0.25,Safety-like,Safety-like
HC,8,2,2,3,1,ITI,ITI,28,0.07142857142857142,2,24,0.08333333333333333,Safety-like,Global off
HC,8,4,2,3,3,CS-,CS-,28,0.07142857142857142,2,24,0.08333333333333333,Safety-like,Safety-like
HC,8,6,2,3,1,CS-,ITI,28,0.07142857142857142,2,24,0.08333333333333333,Safety-like,Global off
HC,8,15,2,3,2,CS-,ITI,28,0.07142857142857142,2,24,0.08333333333333333,Safety-like,Threat-like
HC,8,30,2,3,4,CS-,CS+,28,0.07142857142857142,2,24,0.08333333333333333,Safety-like,Global on
HC,8,31,2,3,4,ITI,ITI,28,0.07142857142857142,2,24,0.08333333333333333,Safety-like,Global on
HC,18,1,2,3,1,CS+,ITI,28,0.07142857142857142,2,24,0.08333333333333333,Safety-like,Global off
HC,18,2,2,3,1,ITI,CS-,28,0.07142857142857142,2,24,0.08333333333333333,Safety-like,Global off
HC,18,4,2,3,3,CS+,CS+,28,0.07142857142857142,2,24,0.08333333333333333,Safety-like,Safety-like
HC,18,6,2,3,1,ITI,CS-,28,0.07142857142857142,2,24,0.08333333333333333,Safety-like,Global off
HC,18,24,2,3,4,CS+,ITI,28,0.07142857142857142,2,24,0.08333333333333333,Safety-like,Global on
HC,18,27,2,3,4,CS-,CS-,28,0.07142857142857142,2,24,0.08333333333333333,Safety-like,Global on
HC,18,31,2,3,4,CS+,ITI,28,0.07142857142857142,2,24,0.08333333333333333,Safety-like,Global on
HC,13,15,7,2,2,ITI,ITI,99,0.0707070707070707,5,24,0.20833333333333334,Threat-like,Threat-like
HC,16,5,5,4,1,ITI,ITI,72,0.06944444444444445,5,24,0.20833333333333334,Global on,Global off
HC,16,14,5,4,2,CS+,CS+,72,0.06944444444444445,4,24,0.16666666666666666,Global on,Threat-like
HC,16,31,5,4,4,CS+,ITI,72,0.06944444444444445,4,24,0.16666666666666666,Global on,Global on
HC,5,4,4,1,3,CS-,CS-,58,0.06896551724137931,3,24,0.125,Global off,Safety-like
HC,5,6,4,1,1,CS-,ITI,58,0.06896551724137931,4,24,0.16666666666666666,Global off,Global off
HC,2,16,5,1,4,CS+,CS+,73,0.0684931506849315,5,24,0.20833333333333334,Global off,Global on
HC,31,4,4,4,3,ITI,ITI,59,0.06779661016949153,4,24,0.16666666666666666,Global on,Safety-like
HC,31,9,4,4,1,CS+,CS+,59,0.06779661016949153,3,24,0.125,Global on,Global off
HC,31,19,4,4,3,ITI,ITI,59,0.06779661016949153,4,24,0.16666666666666666,Global on,Safety-like
HC,23,10,2,4,1,CS-,CS-,30,0.06666666666666667,2,24,0.08333333333333333,Global on,Global off
HC,23,17,2,4,1,ITI,ITI,30,0.06666666666666667,2,24,0.08333333333333333,Global on,Global off
HC,23,19,2,4,3,ITI,ITI,30,0.06666666666666667,2,24,0.08333333333333333,Global on,Safety-like
HC,23,28,2,4,4,CS+,CS+,30,0.06666666666666667,2,24,0.08333333333333333,Global on,Global on
HC,1,17,8,1,1,ITI,ITI,121,0.06611570247933884,6,24,0.25,Global off,Global off
HC,9,2,3,1,1,CS-,CS-,46,0.06521739130434782,3,24,0.125,Global off,Global off
HC,9,4,3,1,3,CS+,CS+,46,0.06521739130434782,3,24,0.125,Global off,Safety-like
HC,9,23,3,1,4,ITI,ITI,46,0.06521739130434782,3,24,0.125,Global off,Global on
HC,9,32,3,1,4,CS+,CS+,46,0.06521739130434782,3,24,0.125,Global off,Global on
HC,19,16,3,3,4,ITI,ITI,46,0.06521739130434782,3,24,0.125,Safety-like,Global on
HC,19,31,3,3,4,CS+,CS-,46,0.06521739130434782,3,24,0.125,Safety-like,Global on
HC,19,32,3,3,4,ITI,CS-,46,0.06521739130434782,3,24,0.125,Safety-like,Global on
HC,17,13,5,1,2,ITI,ITI,77,0.06493506493506493,5,24,0.20833333333333334,Global off,Threat-like
HC,17,29,5,1,2,ITI,CS-,77,0.06493506493506493,4,24,0.16666666666666666,Global off,Threat-like
HC,24,2,3,4,1,ITI,ITI,50,0.06,3,24,0.125,Global on,Global off
HC,24,4,3,4,3,CS-,ITI,50,0.06,3,24,0.125,Global on,Safety-like
HC,24,14,3,4,2,ITI,ITI,50,0.06,3,24,0.125,Global on,Threat-like
HC,24,27,3,4,4,ITI,ITI,50,0.06,3,24,0.125,Global on,Global on
HC,21,5,2,1,1,CS-,CS-,34,0.058823529411764705,2,24,0.08333333333333333,Global off,Global off
HC,21,16,2,1,4,CS-,CS+,34,0.058823529411764705,2,24,0.08333333333333333,Global off,Global on
HC,21,17,2,1,1,CS+,CS+,34,0.058823529411764705,1,24,0.041666666666666664,Global off,Global off
HC,21,18,2,1,3,CS+,CS+,34,0.058823529411764705,2,24,0.08333333333333333,Global off,Safety-like
HC,21,20,2,1,3,ITI,CS+,34,0.058823529411764705,1,24,0.041666666666666664,Global off,Safety-like
HC,21,24,2,1,4,CS-,CS-,34,0.058823529411764705,2,24,0.08333333333333333,Global off,Global on
HC,1,16,7,1,4,ITI,CS-,121,0.05785123966942149,7,24,0.2916666666666667,Global off,Global on
HC,1,20,7,1,3,CS-,ITI,121,0.05785123966942149,6,24,0.25,Global off,Safety-like
HC,14,4,3,2,3,ITI,ITI,52,0.057692307692307696,3,24,0.125,Threat-like,Safety-like
HC,14,5,3,2,1,CS+,ITI,52,0.057692307692307696,3,24,0.125,Threat-like,Global off
HC,14,31,3,2,4,ITI,CS+,52,0.057692307692307696,3,24,0.125,Threat-like,Global on
HC,14,32,3,2,4,ITI,ITI,52,0.057692307692307696,3,24,0.125,Threat-like,Global on
HC,32,1,7,4,1,CS-,ITI,122,0.05737704918032787,5,24,0.20833333333333334,Global on,Global off
HC,32,17,7,4,1,ITI,ITI,122,0.05737704918032787,6,24,0.25,Global on,Global off
HC,32,24,7,4,4,ITI,ITI,122,0.05737704918032787,7,24,0.2916666666666667,Global on,Global on
HC,10,16,2,1,4,CS-,CS-,35,0.05714285714285714,2,24,0.08333333333333333,Global off,Global on
HC,10,31,2,1,4,CS+,ITI,35,0.05714285714285714,2,24,0.08333333333333333,Global off,Global on
HC,28,13,3,4,2,ITI,CS+,53,0.05660377358490566,2,24,0.08333333333333333,Global on,Threat-like
HC,28,18,3,4,3,ITI,CS+,53,0.05660377358490566,3,24,0.125,Global on,Safety-like
HC,28,25,3,4,1,ITI,CS+,53,0.05660377358490566,3,24,0.125,Global on,Global off
HC,4,19,4,3,3,ITI,ITI,72,0.05555555555555555,3,24,0.125,Safety-like,Safety-like
HC,4,21,4,3,1,CS-,ITI,72,0.05555555555555555,4,24,0.16666666666666666,Safety-like,Global off
HC,16,1,4,4,1,ITI,ITI,72,0.05555555555555555,4,24,0.16666666666666666,Global on,Global off
HC,16,12,4,4,3,CS-,ITI,72,0.05555555555555555,4,24,0.16666666666666666,Global on,Safety-like
HC,29,5,4,2,1,ITI,CS+,72,0.05555555555555555,4,24,0.16666666666666666,Threat-like,Global off
HC,29,16,4,2,4,ITI,CS+,72,0.05555555555555555,4,24,0.16666666666666666,Threat-like,Global on
HC,29,21,4,2,1,CS-,CS-,72,0.05555555555555555,2,24,0.08333333333333333,Threat-like,Global off
HC,29,31,4,2,4,ITI,CS+,72,0.05555555555555555,4,24,0.16666666666666666,Threat-like,Global on
HC,7,2,1,1,1,CS-,ITI,18,0.05555555555555555,1,24,0.041666666666666664,Global off,Global off
HC,7,3,1,1,1,ITI,ITI,18,0.05555555555555555,1,24,0.041666666666666664,Global off,Global off
HC,7,8,1,1,3,CS-,CS-,18,0.05555555555555555,1,24,0.041666666666666664,Global off,Safety-like
HC,7,15,1,1,2,CS+,CS+,18,0.05555555555555555,1,24,0.041666666666666664,Global off,Threat-like
HC,7,17,1,1,1,ITI,ITI,18,0.05555555555555555,1,24,0.041666666666666664,Global off,Global off
HC,7,18,1,1,3,ITI,ITI,18,0.05555555555555555,1,24,0.041666666666666664,Global off,Safety-like
HC,7,23,1,1,4,CS+,ITI,18,0.05555555555555555,1,24,0.041666666666666664,Global off,Global on
HC,7,32,1,1,4,CS+,CS+,18,0.05555555555555555,1,24,0.041666666666666664,Global off,Global on
HC,2,3,4,1,1,ITI,ITI,73,0.0547945205479452,3,24,0.125,Global off,Global off
HC,2,4,4,1,3,CS+,ITI,73,0.0547945205479452,4,24,0.16666666666666666,Global off,Safety-like
HC,2,5,4,1,1,ITI,CS-,73,0.0547945205479452,3,24,0.125,Global off,Global off
HC,12,5,2,3,1,ITI,ITI,38,0.05263157894736842,2,24,0.08333333333333333,Safety-like,Global off
HC,12,20,2,3,3,CS+,CS-,38,0.05263157894736842,2,24,0.08333333333333333,Safety-like,Safety-like
HC,25,9,2,1,1,ITI,ITI,38,0.05263157894736842,2,24,0.08333333333333333,Global off,Global off
HC,25,13,2,1,2,ITI,CS+,38,0.05263157894736842,2,24,0.08333333333333333,Global off,Threat-like
HC,25,19,2,1,3,CS-,ITI,38,0.05263157894736842,2,24,0.08333333333333333,Global off,Safety-like
HC,25,23,2,1,4,ITI,ITI,38,0.05263157894736842,2,24,0.08333333333333333,Global off,Global on
HC,25,26,2,1,4,ITI,CS+,38,0.05263157894736842,2,24,0.08333333333333333,Global off,Global on
HC,25,31,2,1,4,ITI,CS+,38,0.05263157894736842,2,24,0.08333333333333333,Global off,Global on
HC,25,32,2,1,4,CS-,CS-,38,0.05263157894736842,2,24,0.08333333333333333,Global off,Global on
HC,26,5,1,4,1,ITI,CS+,19,0.05263157894736842,1,24,0.041666666666666664,Global on,Global off
HC,26,8,1,4,3,ITI,ITI,19,0.05263157894736842,1,24,0.041666666666666664,Global on,Safety-like
HC,26,9,1,4,1,ITI,ITI,19,0.05263157894736842,1,24,0.041666666666666664,Global on,Global off
HC,26,15,1,4,2,ITI,CS-,19,0.05263157894736842,1,24,0.041666666666666664,Global on,Threat-like
HC,26,16,1,4,4,ITI,CS+,19,0.05263157894736842,1,24,0.041666666666666664,Global on,Global on
HC,26,17,1,4,1,CS-,ITI,19,0.05263157894736842,1,24,0.041666666666666664,Global on,Global off
HC,26,20,1,4,3,ITI,CS-,19,0.05263157894736842,1,24,0.041666666666666664,Global on,Safety-like
HC,26,24,1,4,4,ITI,ITI,19,0.05263157894736842,1,24,0.041666666666666664,Global on,Global on
HC,26,25,1,4,1,CS+,CS+,19,0.05263157894736842,1,24,0.041666666666666664,Global on,Global off
HC,26,27,1,4,4,CS-,CS-,19,0.05263157894736842,1,24,0.041666666666666664,Global on,Global on
HC,26,30,1,4,4,ITI,CS-,19,0.05263157894736842,1,24,0.041666666666666664,Global on,Global on
HC,17,2,4,1,1,ITI,ITI,77,0.05194805194805195,4,24,0.16666666666666666,Global off,Global off
HC,5,7,3,1,1,CS+,ITI,58,0.05172413793103448,3,24,0.125,Global off,Global off
HC,5,9,3,1,1,ITI,CS+,58,0.05172413793103448,3,24,0.125,Global off,Global off
HC,5,29,3,1,2,ITI,ITI,58,0.05172413793103448,3,24,0.125,Global off,Threat-like
HC,5,32,3,1,4,CS-,ITI,58,0.05172413793103448,3,24,0.125,Global off,Global on
HC,20,14,5,3,2,ITI,CS-,97,0.05154639175257732,4,24,0.16666666666666666,Safety-like,Threat-like
HC,20,31,5,3,4,ITI,ITI,97,0.05154639175257732,4,24,0.16666666666666666,Safety-like,Global on
HC,31,13,3,4,2,CS+,CS+,59,0.05084745762711865,3,24,0.125,Global on,Threat-like
HC,31,17,3,4,1,CS+,ITI,59,0.05084745762711865,3,24,0.125,Global on,Global off
HC,13,4,5,2,3,CS+,ITI,99,0.050505050505050504,4,24,0.16666666666666666,Threat-like,Safety-like
HC,13,6,5,2,1,CS+,ITI,99,0.050505050505050504,4,24,0.16666666666666666,Threat-like,Global off
HC,13,17,5,2,1,ITI,ITI,99,0.050505050505050504,5,24,0.20833333333333334,Threat-like,Global off
HC,13,29,5,2,2,CS+,ITI,99,0.050505050505050504,5,24,0.20833333333333334,Threat-like,Threat-like
HC,1,10,6,1,1,CS+,ITI,121,0.049586776859504134,5,24,0.20833333333333334,Global off,Global off
HC,15,28,2,2,4,ITI,ITI,41,0.04878048780487805,2,24,0.08333333333333333,Threat-like,Global on
HC,30,2,2,4,1,ITI,CS+,41,0.04878048780487805,2,24,0.08333333333333333,Global on,Global off
HC,30,10,2,4,1,CS-,ITI,41,0.04878048780487805,2,24,0.08333333333333333,Global on,Global off
HC,30,13,2,4,2,CS+,CS+,41,0.04878048780487805,2,24,0.08333333333333333,Global on,Threat-like
HC,30,17,2,4,1,CS+,ITI,41,0.04878048780487805,2,24,0.08333333333333333,Global on,Global off
HC,30,19,2,4,3,CS+,CS-,41,0.04878048780487805,2,24,0.08333333333333333,Global on,Safety-like
HC,30,20,2,4,3,CS+,CS-,41,0.04878048780487805,2,24,0.08333333333333333,Global on,Safety-like
HC,30,23,2,4,4,CS+,ITI,41,0.04878048780487805,2,24,0.08333333333333333,Global on,Global on
HC,30,32,2,4,4,CS+,CS+,41,0.04878048780487805,2,24,0.08333333333333333,Global on,Global on
HC,9,15,2,1,2,CS+,CS+,46,0.043478260869565216,2,24,0.08333333333333333,Global off,Threat-like
HC,9,16,2,1,4,CS+,CS+,46,0.043478260869565216,2,24,0.08333333333333333,Global off,Global on
HC,9,17,2,1,1,ITI,CS-,46,0.043478260869565216,2,24,0.08333333333333333,Global off,Global off
HC,9,20,2,1,3,CS-,CS-,46,0.043478260869565216,2,24,0.08333333333333333,Global off,Safety-like
HC,9,28,2,1,4,CS+,ITI,46,0.043478260869565216,2,24,0.08333333333333333,Global off,Global on
HC,19,1,2,3,1,CS+,CS+,46,0.043478260869565216,2,24,0.08333333333333333,Safety-like,Global off
HC,19,2,2,3,1,CS-,ITI,46,0.043478260869565216,2,24,0.08333333333333333,Safety-like,Global off
HC,19,4,2,3,3,CS-,ITI,46,0.043478260869565216,2,24,0.08333333333333333,Safety-like,Safety-like
HC,4,6,3,3,1,CS-,CS+,72,0.041666666666666664,3,24,0.125,Safety-like,Global off
HC,4,9,3,3,1,ITI,CS-,72,0.041666666666666664,3,24,0.125,Safety-like,Global off
HC,4,12,3,3,3,CS+,CS+,72,0.041666666666666664,3,24,0.125,Safety-like,Safety-like
HC,4,13,3,3,2,ITI,CS+,72,0.041666666666666664,3,24,0.125,Safety-like,Threat-like
HC,4,14,3,3,2,CS+,ITI,72,0.041666666666666664,3,24,0.125,Safety-like,Threat-like
HC,4,23,3,3,4,ITI,CS-,72,0.041666666666666664,2,24,0.08333333333333333,Safety-like,Global on
HC,16,4,3,4,3,CS+,ITI,72,0.041666666666666664,3,24,0.125,Global on,Safety-like
HC,16,9,3,4,1,CS+,ITI,72,0.041666666666666664,3,24,0.125,Global on,Global off
HC,16,15,3,4,2,ITI,ITI,72,0.041666666666666664,3,24,0.125,Global on,Threat-like
HC,16,25,3,4,1,ITI,ITI,72,0.041666666666666664,3,24,0.125,Global on,Global off
HC,29,1,3,2,1,ITI,ITI,72,0.041666666666666664,3,24,0.125,Threat-like,Global off
HC,29,17,3,2,1,ITI,CS-,72,0.041666666666666664,3,24,0.125,Threat-like,Global off
HC,29,20,3,2,3,ITI,ITI,72,0.041666666666666664,3,24,0.125,Threat-like,Safety-like
HC,29,25,3,2,1,CS-,ITI,72,0.041666666666666664,3,24,0.125,Threat-like,Global off
HC,29,27,3,2,4,CS+,ITI,72,0.041666666666666664,3,24,0.125,Threat-like,Global on
HC,1,2,5,1,1,CS+,CS+,121,0.04132231404958678,3,24,0.125,Global off,Global off
HC,1,3,5,1,1,ITI,ITI,121,0.04132231404958678,5,24,0.20833333333333334,Global off,Global off
HC,1,12,5,1,3,ITI,ITI,121,0.04132231404958678,5,24,0.20833333333333334,Global off,Safety-like
HC,1,28,5,1,4,ITI,CS+,121,0.04132231404958678,5,24,0.20833333333333334,Global off,Global on
HC,20,2,4,3,1,ITI,ITI,97,0.041237113402061855,4,24,0.16666666666666666,Safety-like,Global off
HC,20,19,4,3,3,ITI,CS-,97,0.041237113402061855,4,24,0.16666666666666666,Safety-like,Safety-like
HC,20,23,4,3,4,CS-,CS-,97,0.041237113402061855,4,24,0.16666666666666666,Safety-like,Global on
HC,20,24,4,3,4,ITI,ITI,97,0.041237113402061855,3,24,0.125,Safety-like,Global on
HC,20,26,4,3,4,CS-,ITI,97,0.041237113402061855,3,24,0.125,Safety-like,Global on
HC,20,27,4,3,4,CS-,ITI,97,0.041237113402061855,4,24,0.16666666666666666,Safety-like,Global on
HC,20,29,4,3,2,ITI,ITI,97,0.041237113402061855,3,24,0.125,Safety-like,Threat-like
HC,2,8,3,1,3,CS-,ITI,73,0.0410958904109589,3,24,0.125,Global off,Safety-like
HC,2,10,3,1,1,CS+,CS+,73,0.0410958904109589,3,24,0.125,Global off,Global off
HC,2,13,3,1,2,CS+,ITI,73,0.0410958904109589,3,24,0.125,Global off,Threat-like
HC,2,15,3,1,2,CS+,CS+,73,0.0410958904109589,2,24,0.08333333333333333,Global off,Threat-like
HC,2,18,3,1,3,ITI,ITI,73,0.0410958904109589,3,24,0.125,Global off,Safety-like
HC,2,19,3,1,3,ITI,ITI,73,0.0410958904109589,2,24,0.08333333333333333,Global off,Safety-like
HC,2,20,3,1,3,ITI,ITI,73,0.0410958904109589,3,24,0.125,Global off,Safety-like
HC,2,24,3,1,4,CS-,ITI,73,0.0410958904109589,3,24,0.125,Global off,Global on
HC,2,30,3,1,4,ITI,CS+,73,0.0410958904109589,3,24,0.125,Global off,Global on
HC,2,32,3,1,4,CS-,ITI,73,0.0410958904109589,2,24,0.08333333333333333,Global off,Global on
HC,13,9,4,2,1,ITI,ITI,99,0.04040404040404041,4,24,0.16666666666666666,Threat-like,Global off
HC,13,14,4,2,2,CS+,CS+,99,0.04040404040404041,4,24,0.16666666666666666,Threat-like,Threat-like
HC,13,16,4,2,4,ITI,ITI,99,0.04040404040404041,4,24,0.16666666666666666,Threat-like,Global on
HC,13,32,4,2,4,ITI,CS+,99,0.04040404040404041,4,24,0.16666666666666666,Threat-like,Global on
HC,24,1,2,4,1,CS-,CS-,50,0.04,2,24,0.08333333333333333,Global on,Global off
HC,24,12,2,4,3,ITI,ITI,50,0.04,2,24,0.08333333333333333,Global on,Safety-like
HC,24,16,2,4,4,CS+,CS+,50,0.04,2,24,0.08333333333333333,Global on,Global on
HC,24,19,2,4,3,ITI,ITI,50,0.04,2,24,0.08333333333333333,Global on,Safety-like
HC,24,28,2,4,4,ITI,CS+,50,0.04,2,24,0.08333333333333333,Global on,Global on
HC,24,30,2,4,4,ITI,CS+,50,0.04,1,24,0.041666666666666664,Global on,Global on
HC,17,3,3,1,1,ITI,ITI,77,0.03896103896103896,3,24,0.125,Global off,Global off
HC,17,19,3,1,3,ITI,ITI,77,0.03896103896103896,2,24,0.08333333333333333,Global off,Safety-like
HC,14,1,2,2,1,ITI,ITI,52,0.038461538461538464,2,24,0.08333333333333333,Threat-like,Global off
HC,14,8,2,2,3,ITI,CS-,52,0.038461538461538464,2,24,0.08333333333333333,Threat-like,Safety-like
HC,14,16,2,2,4,CS+,CS+,52,0.038461538461538464,2,24,0.08333333333333333,Threat-like,Global on
HC,14,17,2,2,1,CS-,ITI,52,0.038461538461538464,2,24,0.08333333333333333,Threat-like,Global off
HC,14,24,2,2,4,CS+,CS-,52,0.038461538461538464,2,24,0.08333333333333333,Threat-like,Global on
HC,14,25,2,2,1,ITI,ITI,52,0.038461538461538464,2,24,0.08333333333333333,Threat-like,Global off
HC,14,30,2,2,4,CS+,CS-,52,0.038461538461538464,2,24,0.08333333333333333,Threat-like,Global on
HC,27,4,1,4,3,ITI,ITI,26,0.038461538461538464,1,24,0.041666666666666664,Global on,Safety-like
HC,27,11,1,4,1,ITI,CS-,26,0.038461538461538464,1,24,0.041666666666666664,Global on,Global off
HC,27,14,1,4,2,CS+,ITI,26,0.038461538461538464,1,24,0.041666666666666664,Global on,Threat-like
HC,27,17,1,4,1,ITI,ITI,26,0.038461538461538464,1,24,0.041666666666666664,Global on,Global off
HC,27,23,1,4,4,ITI,CS+,26,0.038461538461538464,1,24,0.041666666666666664,Global on,Global on
HC,27,26,1,4,4,ITI,ITI,26,0.038461538461538464,1,24,0.041666666666666664,Global on,Global on
HC,27,32,1,4,4,CS-,ITI,26,0.038461538461538464,1,24,0.041666666666666664,Global on,Global on
HC,28,1,2,4,1,CS+,CS+,53,0.03773584905660377,2,24,0.08333333333333333,Global on,Global off
HC,28,10,2,4,1,ITI,CS+,53,0.03773584905660377,1,24,0.041666666666666664,Global on,Global off
HC,28,26,2,4,4,ITI,ITI,53,0.03773584905660377,2,24,0.08333333333333333,Global on,Global on
HC,28,29,2,4,2,CS-,CS-,53,0.03773584905660377,2,24,0.08333333333333333,Global on,Threat-like
HC,3,6,1,1,1,CS-,ITI,27,0.037037037037037035,1,24,0.041666666666666664,Global off,Global off
HC,3,7,1,1,1,CS-,CS-,27,0.037037037037037035,1,24,0.041666666666666664,Global off,Global off
HC,3,9,1,1,1,ITI,CS+,27,0.037037037037037035,1,24,0.041666666666666664,Global off,Global off
HC,3,10,1,1,1,ITI,CS-,27,0.037037037037037035,1,24,0.041666666666666664,Global off,Global off
HC,3,14,1,1,2,CS+,CS+,27,0.037037037037037035,1,24,0.041666666666666664,Global off,Threat-like
HC,3,18,1,1,3,CS-,CS-,27,0.037037037037037035,1,24,0.041666666666666664,Global off,Safety-like
HC,3,19,1,1,3,ITI,ITI,27,0.037037037037037035,1,24,0.041666666666666664,Global off,Safety-like
HC,3,20,1,1,3,CS-,CS-,27,0.037037037037037035,1,24,0.041666666666666664,Global off,Safety-like
HC,3,27,1,1,4,ITI,ITI,27,0.037037037037037035,1,24,0.041666666666666664,Global off,Global on
HC,6,4,1,1,3,ITI,CS+,27,0.037037037037037035,1,24,0.041666666666666664,Global off,Safety-like
HC,6,7,1,1,1,CS+,ITI,27,0.037037037037037035,1,24,0.041666666666666664,Global off,Global off
HC,6,8,1,1,3,ITI,CS-,27,0.037037037037037035,1,24,0.041666666666666664,Global off,Safety-like
HC,6,9,1,1,1,ITI,CS+,27,0.037037037037037035,1,24,0.041666666666666664,Global off,Global off
HC,6,11,1,1,1,ITI,ITI,27,0.037037037037037035,1,24,0.041666666666666664,Global off,Global off
HC,6,12,1,1,3,ITI,ITI,27,0.037037037037037035,1,24,0.041666666666666664,Global off,Safety-like
HC,6,15,1,1,2,ITI,ITI,27,0.037037037037037035,1,24,0.041666666666666664,Global off,Threat-like
HC,6,16,1,1,4,ITI,CS-,27,0.037037037037037035,1,24,0.041666666666666664,Global off,Global on
HC,6,19,1,1,3,ITI,ITI,27,0.037037037037037035,1,24,0.041666666666666664,Global off,Safety-like
HC,6,29,1,1,2,ITI,ITI,27,0.037037037037037035,1,24,0.041666666666666664,Global off,Threat-like
HC,8,3,1,3,1,CS+,ITI,28,0.03571428571428571,1,24,0.041666666666666664,Safety-like,Global off
HC,8,9,1,3,1,CS+,CS+,28,0.03571428571428571,1,24,0.041666666666666664,Safety-like,Global off
HC,8,14,1,3,2,CS-,CS-,28,0.03571428571428571,1,24,0.041666666666666664,Safety-like,Threat-like
HC,8,16,1,3,4,CS-,CS-,28,0.03571428571428571,1,24,0.041666666666666664,Safety-like,Global on
HC,8,17,1,3,1,CS-,ITI,28,0.03571428571428571,1,24,0.041666666666666664,Safety-like,Global off
HC,8,19,1,3,3,CS-,ITI,28,0.03571428571428571,1,24,0.041666666666666664,Safety-like,Safety-like
HC,8,24,1,3,4,ITI,ITI,28,0.03571428571428571,1,24,0.041666666666666664,Safety-like,Global on
HC,8,28,1,3,4,ITI,ITI,28,0.03571428571428571,1,24,0.041666666666666664,Safety-like,Global on
HC,8,29,1,3,2,ITI,ITI,28,0.03571428571428571,1,24,0.041666666666666664,Safety-like,Threat-like
HC,8,32,1,3,4,ITI,CS+,28,0.03571428571428571,1,24,0.041666666666666664,Safety-like,Global on
HC,18,3,1,3,1,ITI,ITI,28,0.03571428571428571,1,24,0.041666666666666664,Safety-like,Global off
HC,18,7,1,3,1,ITI,CS-,28,0.03571428571428571,1,24,0.041666666666666664,Safety-like,Global off
HC,18,9,1,3,1,CS-,CS-,28,0.03571428571428571,1,24,0.041666666666666664,Safety-like,Global off
HC,18,12,1,3,3,ITI,CS-,28,0.03571428571428571,1,24,0.041666666666666664,Safety-like,Safety-like
HC,18,14,1,3,2,ITI,ITI,28,0.03571428571428571,1,24,0.041666666666666664,Safety-like,Threat-like
HC,18,15,1,3,2,ITI,ITI,28,0.03571428571428571,1,24,0.041666666666666664,Safety-like,Threat-like
HC,18,23,1,3,4,CS-,CS-,28,0.03571428571428571,1,24,0.041666666666666664,Safety-like,Global on
HC,18,25,1,3,1,ITI,CS-,28,0.03571428571428571,1,24,0.041666666666666664,Safety-like,Global off
HC,5,8,2,1,3,ITI,CS-,58,0.034482758620689655,2,24,0.08333333333333333,Global off,Safety-like
HC,5,14,2,1,2,ITI,ITI,58,0.034482758620689655,2,24,0.08333333333333333,Global off,Threat-like
HC,5,20,2,1,3,CS-,CS-,58,0.034482758620689655,2,24,0.08333333333333333,Global off,Safety-like
HC,31,2,2,4,1,CS+,CS+,59,0.03389830508474576,2,24,0.08333333333333333,Global on,Global off
HC,31,3,2,4,1,CS-,CS-,59,0.03389830508474576,2,24,0.08333333333333333,Global on,Global off
HC,31,8,2,4,3,ITI,CS+,59,0.03389830508474576,2,24,0.08333333333333333,Global on,Safety-like
HC,31,12,2,4,3,ITI,ITI,59,0.03389830508474576,2,24,0.08333333333333333,Global on,Safety-like
HC,31,23,2,4,4,CS+,CS+,59,0.03389830508474576,2,24,0.08333333333333333,Global on,Global on
HC,31,24,2,4,4,ITI,CS+,59,0.03389830508474576,2,24,0.08333333333333333,Global on,Global on
HC,31,25,2,4,1,ITI,ITI,59,0.03389830508474576,2,24,0.08333333333333333,Global on,Global off
HC,31,30,2,4,4,CS+,CS+,59,0.03389830508474576,2,24,0.08333333333333333,Global on,Global on
HC,23,1,1,4,1,CS+,CS+,30,0.03333333333333333,1,24,0.041666666666666664,Global on,Global off
HC,23,2,1,4,1,CS+,CS+,30,0.03333333333333333,1,24,0.041666666666666664,Global on,Global off
HC,23,3,1,4,1,ITI,ITI,30,0.03333333333333333,1,24,0.041666666666666664,Global on,Global off
HC,23,5,1,4,1,CS-,CS-,30,0.03333333333333333,1,24,0.041666666666666664,Global on,Global off
HC,23,18,1,4,3,ITI,ITI,30,0.03333333333333333,1,24,0.041666666666666664,Global on,Safety-like
HC,23,20,1,4,3,CS+,CS+,30,0.03333333333333333,1,24,0.041666666666666664,Global on,Safety-like
HC,23,27,1,4,4,CS-,CS-,30,0.03333333333333333,1,24,0.041666666666666664,Global on,Global on
HC,23,29,1,4,2,ITI,ITI,30,0.03333333333333333,1,24,0.041666666666666664,Global on,Threat-like
HC,23,31,1,4,4,ITI,ITI,30,0.03333333333333333,1,24,0.041666666666666664,Global on,Global on
HC,1,8,4,1,3,CS+,ITI,121,0.03305785123966942,4,24,0.16666666666666666,Global off,Safety-like
HC,1,11,4,1,1,ITI,CS+,121,0.03305785123966942,3,24,0.125,Global off,Global off
HC,1,14,4,1,2,ITI,CS+,121,0.03305785123966942,4,24,0.16666666666666666,Global off,Threat-like
HC,1,32,4,1,4,ITI,CS+,121,0.03305785123966942,4,24,0.16666666666666666,Global off,Global on
HC,32,4,4,4,3,ITI,CS-,122,0.03278688524590164,3,24,0.125,Global on,Safety-like
HC,32,16,4,4,4,ITI,CS+,122,0.03278688524590164,4,24,0.16666666666666666,Global on,Global on
HC,32,21,4,4,1,ITI,CS+,122,0.03278688524590164,3,24,0.125,Global on,Global off
HC,20,1,3,3,1,CS+,ITI,97,0.030927835051546393,2,24,0.08333333333333333,Safety-like,Global off
HC,20,13,3,3,2,ITI,CS+,97,0.030927835051546393,3,24,0.125,Safety-like,Threat-like
HC,20,16,3,3,4,ITI,CS+,97,0.030927835051546393,3,24,0.125,Safety-like,Global on
HC,20,25,3,3,1,ITI,ITI,97,0.030927835051546393,3,24,0.125,Safety-like,Global off
HC,13,2,3,2,1,ITI,ITI,99,0.030303030303030304,2,24,0.08333333333333333,Threat-like,Global off
HC,13,10,3,2,1,ITI,ITI,99,0.030303030303030304,3,24,0.125,Threat-like,Global off
HC,13,20,3,2,3,ITI,ITI,99,0.030303030303030304,2,24,0.08333333333333333,Threat-like,Safety-like
HC,13,21,3,2,1,ITI,CS+,99,0.030303030303030304,2,24,0.08333333333333333,Threat-like,Global off
HC,13,24,3,2,4,CS+,ITI,99,0.030303030303030304,2,24,0.08333333333333333,Threat-like,Global on
HC,13,25,3,2,1,CS+,ITI,99,0.030303030303030304,3,24,0.125,Threat-like,Global off
HC,13,31,3,2,4,ITI,ITI,99,0.030303030303030304,3,24,0.125,Threat-like,Global on
HC,21,2,1,1,1,CS+,CS+,34,0.029411764705882353,1,24,0.041666666666666664,Global off,Global off
HC,21,7,1,1,1,ITI,CS-,34,0.029411764705882353,1,24,0.041666666666666664,Global off,Global off
HC,21,8,1,1,3,ITI,CS+,34,0.029411764705882353,1,24,0.041666666666666664,Global off,Safety-like
HC,21,11,1,1,1,ITI,CS+,34,0.029411764705882353,1,24,0.041666666666666664,Global off,Global off
HC,21,12,1,1,3,ITI,CS-,34,0.029411764705882353,1,24,0.041666666666666664,Global off,Safety-like
HC,21,13,1,1,2,CS-,ITI,34,0.029411764705882353,1,24,0.041666666666666664,Global off,Threat-like
HC,21,14,1,1,2,CS+,CS+,34,0.029411764705882353,1,24,0.041666666666666664,Global off,Threat-like
HC,21,25,1,1,1,ITI,ITI,34,0.029411764705882353,1,24,0.041666666666666664,Global off,Global off
HC,21,27,1,1,4,ITI,ITI,34,0.029411764705882353,1,24,0.041666666666666664,Global off,Global on
HC,21,28,1,1,4,ITI,ITI,34,0.029411764705882353,1,24,0.041666666666666664,Global off,Global on
HC,21,29,1,1,2,ITI,ITI,34,0.029411764705882353,1,24,0.041666666666666664,Global off,Threat-like
HC,21,31,1,1,4,CS-,CS-,34,0.029411764705882353,1,24,0.041666666666666664,Global off,Global on
HC,10,3,1,1,1,ITI,ITI,35,0.02857142857142857,1,24,0.041666666666666664,Global off,Global off
HC,10,5,1,1,1,CS+,ITI,35,0.02857142857142857,1,24,0.041666666666666664,Global off,Global off
HC,10,6,1,1,1,ITI,ITI,35,0.02857142857142857,1,24,0.041666666666666664,Global off,Global off
HC,10,7,1,1,1,CS+,CS+,35,0.02857142857142857,1,24,0.041666666666666664,Global off,Global off
HC,10,12,1,1,3,CS-,CS-,35,0.02857142857142857,1,24,0.041666666666666664,Global off,Safety-like
HC,10,15,1,1,2,ITI,ITI,35,0.02857142857142857,1,24,0.041666666666666664,Global off,Threat-like
HC,10,17,1,1,1,CS-,ITI,35,0.02857142857142857,1,24,0.041666666666666664,Global off,Global off
HC,10,21,1,1,1,ITI,ITI,35,0.02857142857142857,1,24,0.041666666666666664,Global off,Global off
HC,10,24,1,1,4,CS+,ITI,35,0.02857142857142857,1,24,0.041666666666666664,Global off,Global on
HC,10,27,1,1,4,CS-,ITI,35,0.02857142857142857,1,24,0.041666666666666664,Global off,Global on
HC,10,28,1,1,4,ITI,ITI,35,0.02857142857142857,1,24,0.041666666666666664,Global off,Global on
HC,10,29,1,1,2,ITI,ITI,35,0.02857142857142857,1,24,0.041666666666666664,Global off,Threat-like
HC,4,10,2,3,1,CS-,ITI,72,0.027777777777777776,2,24,0.08333333333333333,Safety-like,Global off
HC,4,16,2,3,4,CS+,CS+,72,0.027777777777777776,2,24,0.08333333333333333,Safety-like,Global on
HC,4,17,2,3,1,CS-,CS+,72,0.027777777777777776,2,24,0.08333333333333333,Safety-like,Global off
HC,4,28,2,3,4,CS-,CS-,72,0.027777777777777776,2,24,0.08333333333333333,Safety-like,Global on
HC,4,31,2,3,4,CS+,ITI,72,0.027777777777777776,2,24,0.08333333333333333,Safety-like,Global on
HC,16,3,2,4,1,ITI,CS+,72,0.027777777777777776,2,24,0.08333333333333333,Global on,Global off
HC,16,10,2,4,1,CS-,CS-,72,0.027777777777777776,2,24,0.08333333333333333,Global on,Global off
HC,16,11,2,4,1,CS-,CS+,72,0.027777777777777776,2,24,0.08333333333333333,Global on,Global off
HC,16,17,2,4,1,CS+,CS+,72,0.027777777777777776,2,24,0.08333333333333333,Global on,Global off
HC,16,21,2,4,1,CS+,ITI,72,0.027777777777777776,1,24,0.041666666666666664,Global on,Global off
HC,29,4,2,2,3,CS+,CS+,72,0.027777777777777776,2,24,0.08333333333333333,Threat-like,Safety-like
HC,29,12,2,2,3,CS+,CS+,72,0.027777777777777776,2,24,0.08333333333333333,Threat-like,Safety-like
HC,29,19,2,2,3,ITI,CS+,72,0.027777777777777776,2,24,0.08333333333333333,Threat-like,Safety-like
HC,29,24,2,2,4,ITI,CS-,72,0.027777777777777776,2,24,0.08333333333333333,Threat-like,Global on
HC,29,28,2,2,4,CS+,ITI,72,0.027777777777777776,2,24,0.08333333333333333,Threat-like,Global on
HC,29,30,2,2,4,CS-,CS-,72,0.027777777777777776,2,24,0.08333333333333333,Threat-like,Global on
HC,2,14,2,1,2,ITI,ITI,73,0.0273972602739726,2,24,0.08333333333333333,Global off,Threat-like
HC,2,29,2,1,2,CS+,CS-,73,0.0273972602739726,2,24,0.08333333333333333,Global off,Threat-like
HC,12,7,1,3,1,CS-,ITI,38,0.02631578947368421,1,24,0.041666666666666664,Safety-like,Global off
HC,12,8,1,3,3,ITI,CS-,38,0.02631578947368421,1,24,0.041666666666666664,Safety-like,Safety-like
HC,12,9,1,3,1,ITI,CS+,38,0.02631578947368421,1,24,0.041666666666666664,Safety-like,Global off
HC,12,10,1,3,1,ITI,ITI,38,0.02631578947368421,1,24,0.041666666666666664,Safety-like,Global off
HC,12,21,1,3,1,ITI,ITI,38,0.02631578947368421,1,24,0.041666666666666664,Safety-like,Global off
HC,12,24,1,3,4,CS+,CS+,38,0.02631578947368421,1,24,0.041666666666666664,Safety-like,Global on
HC,12,26,1,3,4,CS-,ITI,38,0.02631578947368421,1,24,0.041666666666666664,Safety-like,Global on
HC,12,28,1,3,4,CS+,ITI,38,0.02631578947368421,1,24,0.041666666666666664,Safety-like,Global on
HC,12,29,1,3,2,CS+,CS+,38,0.02631578947368421,1,24,0.041666666666666664,Safety-like,Threat-like
HC,12,30,1,3,4,CS+,ITI,38,0.02631578947368421,1,24,0.041666666666666664,Safety-like,Global on
HC,25,4,1,1,3,CS+,CS+,38,0.02631578947368421,1,24,0.041666666666666664,Global off,Safety-like
HC,25,6,1,1,1,ITI,ITI,38,0.02631578947368421,1,24,0.041666666666666664,Global off,Global off
HC,25,15,1,1,2,ITI,ITI,38,0.02631578947368421,1,24,0.041666666666666664,Global off,Threat-like
HC,25,16,1,1,4,ITI,CS+,38,0.02631578947368421,1,24,0.041666666666666664,Global off,Global on
HC,25,18,1,1,3,CS-,ITI,38,0.02631578947368421,1,24,0.041666666666666664,Global off,Safety-like
HC,25,24,1,1,4,ITI,CS+,38,0.02631578947368421,1,24,0.041666666666666664,Global off,Global on
HC,25,27,1,1,4,CS+,ITI,38,0.02631578947368421,1,24,0.041666666666666664,Global off,Global on
HC,25,28,1,1,4,ITI,CS+,38,0.02631578947368421,1,24,0.041666666666666664,Global off,Global on
HC,25,29,1,1,2,ITI,CS+,38,0.02631578947368421,1,24,0.041666666666666664,Global off,Threat-like
HC,25,30,1,1,4,ITI,CS-,38,0.02631578947368421,1,24,0.041666666666666664,Global off,Global on
HC,17,4,2,1,3,CS+,ITI,77,0.025974025974025976,1,24,0.041666666666666664,Global off,Safety-like
HC,17,9,2,1,1,ITI,CS+,77,0.025974025974025976,2,24,0.08333333333333333,Global off,Global off
HC,17,16,2,1,4,ITI,CS+,77,0.025974025974025976,2,24,0.08333333333333333,Global off,Global on
HC,17,21,2,1,1,CS-,CS-,77,0.025974025974025976,1,24,0.041666666666666664,Global off,Global off
HC,17,24,2,1,4,ITI,ITI,77,0.025974025974025976,2,24,0.08333333333333333,Global off,Global on
HC,17,26,2,1,4,CS-,CS-,77,0.025974025974025976,2,24,0.08333333333333333,Global off,Global on
HC,17,28,2,1,4,CS-,CS-,77,0.025974025974025976,2,24,0.08333333333333333,Global off,Global on
HC,17,30,2,1,4,ITI,CS+,77,0.025974025974025976,2,24,0.08333333333333333,Global off,Global on
HC,1,7,3,1,1,CS+,ITI,121,0.024793388429752067,2,24,0.08333333333333333,Global off,Global off
HC,1,9,3,1,1,ITI,ITI,121,0.024793388429752067,2,24,0.08333333333333333,Global off,Global off
HC,1,19,3,1,3,ITI,ITI,121,0.024793388429752067,3,24,0.125,Global off,Safety-like
HC,1,21,3,1,1,CS+,CS-,121,0.024793388429752067,3,24,0.125,Global off,Global off
HC,1,26,3,1,4,ITI,ITI,121,0.024793388429752067,3,24,0.125,Global off,Global on
HC,1,30,3,1,4,ITI,ITI,121,0.024793388429752067,3,24,0.125,Global off,Global on
HC,1,31,3,1,4,ITI,ITI,121,0.024793388429752067,3,24,0.125,Global off,Global on
HC,32,2,3,4,1,CS-,CS-,122,0.02459016393442623,3,24,0.125,Global on,Global off
HC,32,9,3,4,1,CS+,ITI,122,0.02459016393442623,3,24,0.125,Global on,Global off
HC,32,12,3,4,3,ITI,ITI,122,0.02459016393442623,3,24,0.125,Global on,Safety-like
HC,32,19,3,4,3,CS+,ITI,122,0.02459016393442623,3,24,0.125,Global on,Safety-like
HC,15,4,1,2,3,ITI,ITI,41,0.024390243902439025,1,24,0.041666666666666664,Threat-like,Safety-like
HC,15,7,1,2,1,ITI,CS+,41,0.024390243902439025,1,24,0.041666666666666664,Threat-like,Global off
HC,15,10,1,2,1,CS-,CS-,41,0.024390243902439025,1,24,0.041666666666666664,Threat-like,Global off
HC,15,14,1,2,2,ITI,ITI,41,0.024390243902439025,1,24,0.041666666666666664,Threat-like,Threat-like
HC,15,17,1,2,1,ITI,ITI,41,0.024390243902439025,1,24,0.041666666666666664,Threat-like,Global off
HC,15,18,1,2,3,ITI,CS-,41,0.024390243902439025,1,24,0.041666666666666664,Threat-like,Safety-like
HC,15,22,1,2,4,CS-,ITI,41,0.024390243902439025,1,24,0.041666666666666664,Threat-like,Global on
HC,15,23,1,2,4,CS+,CS+,41,0.024390243902439025,1,24,0.041666666666666664,Threat-like,Global on
HC,15,25,1,2,1,CS-,CS-,41,0.024390243902439025,1,24,0.041666666666666664,Threat-like,Global off
HC,15,29,1,2,2,CS+,CS+,41,0.024390243902439025,1,24,0.041666666666666664,Threat-like,Threat-like
HC,15,30,1,2,4,CS+,CS+,41,0.024390243902439025,1,24,0.041666666666666664,Threat-like,Global on
HC,15,31,1,2,4,ITI,CS-,41,0.024390243902439025,1,24,0.041666666666666664,Threat-like,Global on
HC,30,4,1,4,3,ITI,ITI,41,0.024390243902439025,1,24,0.041666666666666664,Global on,Safety-like
HC,30,9,1,4,1,ITI,ITI,41,0.024390243902439025,1,24,0.041666666666666664,Global on,Global off
HC,30,12,1,4,3,CS+,CS+,41,0.024390243902439025,1,24,0.041666666666666664,Global on,Safety-like
HC,30,14,1,4,2,CS+,ITI,41,0.024390243902439025,1,24,0.041666666666666664,Global on,Threat-like
HC,30,15,1,4,2,ITI,ITI,41,0.024390243902439025,1,24,0.041666666666666664,Global on,Threat-like
HC,30,21,1,4,1,ITI,ITI,41,0.024390243902439025,1,24,0.041666666666666664,Global on,Global off
HC,30,22,1,4,4,ITI,ITI,41,0.024390243902439025,1,24,0.041666666666666664,Global on,Global on
HC,30,24,1,4,4,ITI,ITI,41,0.024390243902439025,1,24,0.041666666666666664,Global on,Global on
HC,30,25,1,4,1,ITI,ITI,41,0.024390243902439025,1,24,0.041666666666666664,Global on,Global off
HC,30,27,1,4,4,ITI,ITI,41,0.024390243902439025,1,24,0.041666666666666664,Global on,Global on
HC,30,28,1,4,4,ITI,ITI,41,0.024390243902439025,1,24,0.041666666666666664,Global on,Global on
HC,9,10,1,1,1,CS+,CS+,46,0.021739130434782608,1,24,0.041666666666666664,Global off,Global off
HC,9,11,1,1,1,CS+,CS+,46,0.021739130434782608,1,24,0.041666666666666664,Global off,Global off
HC,9,13,1,1,2,ITI,CS-,46,0.021739130434782608,1,24,0.041666666666666664,Global off,Threat-like
HC,9,18,1,1,3,ITI,ITI,46,0.021739130434782608,1,24,0.041666666666666664,Global off,Safety-like
HC,9,21,1,1,1,ITI,ITI,46,0.021739130434782608,1,24,0.041666666666666664,Global off,Global off
HC,9,22,1,1,4,ITI,ITI,46,0.021739130434782608,1,24,0.041666666666666664,Global off,Global on
HC,9,24,1,1,4,CS+,ITI,46,0.021739130434782608,1,24,0.041666666666666664,Global off,Global on
HC,9,27,1,1,4,CS-,ITI,46,0.021739130434782608,1,24,0.041666666666666664,Global off,Global on
HC,9,30,1,1,4,CS+,CS+,46,0.021739130434782608,1,24,0.041666666666666664,Global off,Global on
HC,9,31,1,1,4,CS+,ITI,46,0.021739130434782608,1,24,0.041666666666666664,Global off,Global on
HC,19,5,1,3,1,ITI,CS+,46,0.021739130434782608,1,24,0.041666666666666664,Safety-like,Global off
HC,19,8,1,3,3,ITI,ITI,46,0.021739130434782608,1,24,0.041666666666666664,Safety-like,Safety-like
HC,19,9,1,3,1,CS+,CS+,46,0.021739130434782608,1,24,0.041666666666666664,Safety-like,Global off
HC,19,12,1,3,3,ITI,ITI,46,0.021739130434782608,1,24,0.041666666666666664,Safety-like,Safety-like
HC,19,15,1,3,2,ITI,CS+,46,0.021739130434782608,1,24,0.041666666666666664,Safety-like,Threat-like
HC,19,18,1,3,3,ITI,ITI,46,0.021739130434782608,1,24,0.041666666666666664,Safety-like,Safety-like
HC,19,25,1,3,1,CS-,CS-,46,0.021739130434782608,1,24,0.041666666666666664,Safety-like,Global off
HC,20,9,2,3,1,CS-,ITI,97,0.020618556701030927,2,24,0.08333333333333333,Safety-like,Global off
HC,20,12,2,3,3,ITI,CS+,97,0.020618556701030927,2,24,0.08333333333333333,Safety-like,Safety-like
HC,20,15,2,3,2,CS-,CS-,97,0.020618556701030927,2,24,0.08333333333333333,Safety-like,Threat-like
HC,20,28,2,3,4,ITI,ITI,97,0.020618556701030927,2,24,0.08333333333333333,Safety-like,Global on
HC,13,8,2,2,3,CS+,CS+,99,0.020202020202020204,2,24,0.08333333333333333,Threat-like,Safety-like
HC,13,23,2,2,4,CS-,ITI,99,0.020202020202020204,2,24,0.08333333333333333,Threat-like,Global on
HC,24,5,1,4,1,ITI,CS-,50,0.02,1,24,0.041666666666666664,Global on,Global off
HC,24,8,1,4,3,CS-,ITI,50,0.02,1,24,0.041666666666666664,Global on,Safety-like
HC,24,9,1,4,1,CS+,CS+,50,0.02,1,24,0.041666666666666664,Global on,Global off
HC,24,13,1,4,2,CS+,ITI,50,0.02,1,24,0.041666666666666664,Global on,Threat-like
HC,24,15,1,4,2,ITI,CS+,50,0.02,1,24,0.041666666666666664,Global on,Threat-like
HC,24,22,1,4,4,ITI,CS-,50,0.02,1,24,0.041666666666666664,Global on,Global on
HC,24,25,1,4,1,CS+,ITI,50,0.02,1,24,0.041666666666666664,Global on,Global off
HC,24,29,1,4,2,CS-,CS-,50,0.02,1,24,0.041666666666666664,Global on,Threat-like
HC,24,31,1,4,4,ITI,CS+,50,0.02,1,24,0.041666666666666664,Global on,Global on
HC,14,2,1,2,1,ITI,CS-,52,0.019230769230769232,1,24,0.041666666666666664,Threat-like,Global off
HC,14,6,1,2,1,ITI,ITI,52,0.019230769230769232,1,24,0.041666666666666664,Threat-like,Global off
HC,14,9,1,2,1,ITI,CS+,52,0.019230769230769232,1,24,0.041666666666666664,Threat-like,Global off
HC,14,10,1,2,1,CS+,ITI,52,0.019230769230769232,1,24,0.041666666666666664,Threat-like,Global off
HC,14,12,1,2,3,ITI,ITI,52,0.019230769230769232,1,24,0.041666666666666664,Threat-like,Safety-like
HC,14,15,1,2,2,CS-,CS-,52,0.019230769230769232,1,24,0.041666666666666664,Threat-like,Threat-like
HC,14,20,1,2,3,ITI,CS-,52,0.019230769230769232,1,24,0.041666666666666664,Threat-like,Safety-like
HC,14,21,1,2,1,CS+,ITI,52,0.019230769230769232,1,24,0.041666666666666664,Threat-like,Global off
HC,14,28,1,2,4,ITI,ITI,52,0.019230769230769232,1,24,0.041666666666666664,Threat-like,Global on
HC,28,2,1,4,1,ITI,ITI,53,0.018867924528301886,1,24,0.041666666666666664,Global on,Global off
HC,28,3,1,4,1,ITI,ITI,53,0.018867924528301886,1,24,0.041666666666666664,Global on,Global off
HC,28,7,1,4,1,CS-,CS-,53,0.018867924528301886,1,24,0.041666666666666664,Global on,Global off
HC,28,8,1,4,3,CS-,CS-,53,0.018867924528301886,1,24,0.041666666666666664,Global on,Safety-like
HC,28,9,1,4,1,CS+,CS+,53,0.018867924528301886,1,24,0.041666666666666664,Global on,Global off
HC,28,14,1,4,2,CS+,CS+,53,0.018867924528301886,1,24,0.041666666666666664,Global on,Threat-like
HC,28,15,1,4,2,ITI,CS+,53,0.018867924528301886,1,24,0.041666666666666664,Global on,Threat-like
HC,28,19,1,4,3,ITI,ITI,53,0.018867924528301886,1,24,0.041666666666666664,Global on,Safety-like
HC,28,22,1,4,4,CS-,ITI,53,0.018867924528301886,1,24,0.041666666666666664,Global on,Global on
HC,28,27,1,4,4,CS-,CS-,53,0.018867924528301886,1,24,0.041666666666666664,Global on,Global on
HC,28,30,1,4,4,ITI,CS+,53,0.018867924528301886,1,24,0.041666666666666664,Global on,Global on
HC,28,31,1,4,4,CS-,ITI,53,0.018867924528301886,1,24,0.041666666666666664,Global on,Global on
HC,5,12,1,1,3,CS-,CS-,58,0.017241379310344827,1,24,0.041666666666666664,Global off,Safety-like
HC,5,15,1,1,2,ITI,ITI,58,0.017241379310344827,1,24,0.041666666666666664,Global off,Threat-like
HC,5,17,1,1,1,ITI,ITI,58,0.017241379310344827,1,24,0.041666666666666664,Global off,Global off
HC,5,21,1,1,1,ITI,ITI,58,0.017241379310344827,1,24,0.041666666666666664,Global off,Global off
HC,5,23,1,1,4,CS+,CS+,58,0.017241379310344827,1,24,0.041666666666666664,Global off,Global on
HC,5,26,1,1,4,CS+,ITI,58,0.017241379310344827,1,24,0.041666666666666664,Global off,Global on
HC,5,27,1,1,4,CS+,ITI,58,0.017241379310344827,1,24,0.041666666666666664,Global off,Global on
HC,5,28,1,1,4,ITI,ITI,58,0.017241379310344827,1,24,0.041666666666666664,Global off,Global on
HC,5,31,1,1,4,ITI,ITI,58,0.017241379310344827,1,24,0.041666666666666664,Global off,Global on
HC,31,1,1,4,1,CS-,ITI,59,0.01694915254237288,1,24,0.041666666666666664,Global on,Global off
HC,31,11,1,4,1,ITI,ITI,59,0.01694915254237288,1,24,0.041666666666666664,Global on,Global off
HC,31,14,1,4,2,CS-,CS-,59,0.01694915254237288,1,24,0.041666666666666664,Global on,Threat-like
HC,31,15,1,4,2,CS-,CS-,59,0.01694915254237288,1,24,0.041666666666666664,Global on,Threat-like
HC,31,16,1,4,4,ITI,ITI,59,0.01694915254237288,1,24,0.041666666666666664,Global on,Global on
HC,31,22,1,4,4,CS+,CS+,59,0.01694915254237288,1,24,0.041666666666666664,Global on,Global on
HC,31,27,1,4,4,CS-,ITI,59,0.01694915254237288,1,24,0.041666666666666664,Global on,Global on
HC,31,28,1,4,4,ITI,CS-,59,0.01694915254237288,1,24,0.041666666666666664,Global on,Global on
HC,1,15,2,1,2,ITI,CS+,121,0.01652892561983471,2,24,0.08333333333333333,Global off,Threat-like
HC,1,23,2,1,4,CS+,CS+,121,0.01652892561983471,2,24,0.08333333333333333,Global off,Global on
HC,1,24,2,1,4,CS-,CS-,121,0.01652892561983471,2,24,0.08333333333333333,Global off,Global on
HC,32,6,2,4,1,ITI,ITI,122,0.01639344262295082,2,24,0.08333333333333333,Global on,Global off
HC,32,8,2,4,3,CS-,CS-,122,0.01639344262295082,2,24,0.08333333333333333,Global on,Safety-like
HC,32,10,2,4,1,ITI,CS+,122,0.01639344262295082,2,24,0.08333333333333333,Global on,Global off
HC,32,14,2,4,2,CS-,CS-,122,0.01639344262295082,2,24,0.08333333333333333,Global on,Threat-like
HC,32,15,2,4,2,CS+,CS+,122,0.01639344262295082,2,24,0.08333333333333333,Global on,Threat-like
HC,32,18,2,4,3,ITI,ITI,122,0.01639344262295082,2,24,0.08333333333333333,Global on,Safety-like
HC,32,23,2,4,4,CS+,CS+,122,0.01639344262295082,2,24,0.08333333333333333,Global on,Global on
HC,32,25,2,4,1,CS+,CS-,122,0.01639344262295082,2,24,0.08333333333333333,Global on,Global off
HC,32,29,2,4,2,CS+,CS+,122,0.01639344262295082,2,24,0.08333333333333333,Global on,Threat-like
HC,4,2,1,3,1,ITI,CS-,72,0.013888888888888888,1,24,0.041666666666666664,Safety-like,Global off
HC,4,3,1,3,1,ITI,ITI,72,0.013888888888888888,1,24,0.041666666666666664,Safety-like,Global off
HC,4,5,1,3,1,ITI,CS+,72,0.013888888888888888,1,24,0.041666666666666664,Safety-like,Global off
HC,4,8,1,3,3,CS+,ITI,72,0.013888888888888888,1,24,0.041666666666666664,Safety-like,Safety-like
HC,4,11,1,3,1,ITI,ITI,72,0.013888888888888888,1,24,0.041666666666666664,Safety-like,Global off
HC,4,18,1,3,3,ITI,ITI,72,0.013888888888888888,1,24,0.041666666666666664,Safety-like,Safety-like
HC,4,24,1,3,4,ITI,ITI,72,0.013888888888888888,1,24,0.041666666666666664,Safety-like,Global on
HC,4,25,1,3,1,ITI,ITI,72,0.013888888888888888,1,24,0.041666666666666664,Safety-like,Global off
HC,4,27,1,3,4,ITI,ITI,72,0.013888888888888888,1,24,0.041666666666666664,Safety-like,Global on
HC,4,30,1,3,4,CS-,ITI,72,0.013888888888888888,1,24,0.041666666666666664,Safety-like,Global on
HC,16,2,1,4,1,ITI,ITI,72,0.013888888888888888,1,24,0.041666666666666664,Global on,Global off
HC,16,6,1,4,1,CS+,CS+,72,0.013888888888888888,1,24,0.041666666666666664,Global on,Global off
HC,16,8,1,4,3,CS-,CS-,72,0.013888888888888888,1,24,0.041666666666666664,Global on,Safety-like
HC,16,18,1,4,3,ITI,ITI,72,0.013888888888888888,1,24,0.041666666666666664,Global on,Safety-like
HC,16,19,1,4,3,CS-,CS-,72,0.013888888888888888,1,24,0.041666666666666664,Global on,Safety-like
HC,16,30,1,4,4,ITI,ITI,72,0.013888888888888888,1,24,0.041666666666666664,Global on,Global on
HC,29,6,1,2,1,ITI,ITI,72,0.013888888888888888,1,24,0.041666666666666664,Threat-like,Global off
HC,29,10,1,2,1,CS+,ITI,72,0.013888888888888888,1,24,0.041666666666666664,Threat-like,Global off
HC,29,15,1,2,2,ITI,CS-,72,0.013888888888888888,1,24,0.041666666666666664,Threat-like,Threat-like
HC,29,23,1,2,4,ITI,ITI,72,0.013888888888888888,1,24,0.041666666666666664,Threat-like,Global on
HC,29,26,1,2,4,ITI,ITI,72,0.013888888888888888,1,24,0.041666666666666664,Threat-like,Global on
HC,2,6,1,1,1,CS+,ITI,73,0.0136986301369863,1,24,0.041666666666666664,Global off,Global off
HC,2,7,1,1,1,ITI,CS+,73,0.0136986301369863,1,24,0.041666666666666664,Global off,Global off
HC,2,9,1,1,1,CS+,CS+,73,0.0136986301369863,1,24,0.041666666666666664,Global off,Global off
HC,2,12,1,1,3,CS-,CS-,73,0.0136986301369863,1,24,0.041666666666666664,Global off,Safety-like
HC,2,17,1,1,1,ITI,ITI,73,0.0136986301369863,1,24,0.041666666666666664,Global off,Global off
HC,2,21,1,1,1,CS-,ITI,73,0.0136986301369863,1,24,0.041666666666666664,Global off,Global off
HC,2,22,1,1,4,CS-,CS-,73,0.0136986301369863,1,24,0.041666666666666664,Global off,Global on
HC,2,23,1,1,4,CS+,ITI,73,0.0136986301369863,1,24,0.041666666666666664,Global off,Global on
HC,2,25,1,1,1,CS-,ITI,73,0.0136986301369863,1,24,0.041666666666666664,Global off,Global off
HC,2,28,1,1,4,CS-,CS-,73,0.0136986301369863,1,24,0.041666666666666664,Global off,Global on
HC,17,5,1,1,1,ITI,CS+,77,0.012987012987012988,1,24,0.041666666666666664,Global off,Global off
HC,17,8,1,1,3,ITI,CS-,77,0.012987012987012988,1,24,0.041666666666666664,Global off,Safety-like
HC,17,10,1,1,1,ITI,ITI,77,0.012987012987012988,1,24,0.041666666666666664,Global off,Global off
HC,17,11,1,1,1,ITI,CS-,77,0.012987012987012988,1,24,0.041666666666666664,Global off,Global off
HC,17,14,1,1,2,ITI,ITI,77,0.012987012987012988,1,24,0.041666666666666664,Global off,Threat-like
HC,17,15,1,1,2,ITI,ITI,77,0.012987012987012988,1,24,0.041666666666666664,Global off,Threat-like
HC,17,18,1,1,3,CS+,ITI,77,0.012987012987012988,1,24,0.041666666666666664,Global off,Safety-like
HC,17,27,1,1,4,CS+,CS+,77,0.012987012987012988,1,24,0.041666666666666664,Global off,Global on
HC,17,31,1,1,4,ITI,ITI,77,0.012987012987012988,1,24,0.041666666666666664,Global off,Global on
HC,20,3,1,3,1,ITI,ITI,97,0.010309278350515464,1,24,0.041666666666666664,Safety-like,Global off
HC,20,6,1,3,1,ITI,CS+,97,0.010309278350515464,1,24,0.041666666666666664,Safety-like,Global off
HC,20,7,1,3,1,ITI,CS-,97,0.010309278350515464,1,24,0.041666666666666664,Safety-like,Global off
HC,20,10,1,3,1,CS-,ITI,97,0.010309278350515464,1,24,0.041666666666666664,Safety-like,Global off
HC,13,3,1,2,1,ITI,ITI,99,0.010101010101010102,1,24,0.041666666666666664,Threat-like,Global off
HC,13,7,1,2,1,ITI,ITI,99,0.010101010101010102,1,24,0.041666666666666664,Threat-like,Global off
HC,13,19,1,2,3,CS+,CS+,99,0.010101010101010102,1,24,0.041666666666666664,Threat-like,Safety-like
HC,13,27,1,2,4,ITI,ITI,99,0.010101010101010102,1,24,0.041666666666666664,Threat-like,Global on
HC,13,30,1,2,4,ITI,ITI,99,0.010101010101010102,1,24,0.041666666666666664,Threat-like,Global on
HC,1,6,1,1,1,ITI,ITI,121,0.008264462809917356,1,24,0.041666666666666664,Global off,Global off
HC,1,18,1,1,3,CS+,CS+,121,0.008264462809917356,1,24,0.041666666666666664,Global off,Safety-like
HC,1,29,1,1,2,CS+,CS+,121,0.008264462809917356,1,24,0.041666666666666664,Global off,Threat-like
HC,32,3,1,4,1,ITI,ITI,122,0.00819672131147541,1,24,0.041666666666666664,Global on,Global off
HC,32,5,1,4,1,CS+,CS-,122,0.00819672131147541,1,24,0.041666666666666664,Global on,Global off
HC,32,7,1,4,1,ITI,ITI,122,0.00819672131147541,1,24,0.041666666666666664,Global on,Global off
HC,32,22,1,4,4,CS-,CS-,122,0.00819672131147541,1,24,0.041666666666666664,Global on,Global on
HC,32,26,1,4,4,CS-,ITI,122,0.00819672131147541,1,24,0.041666666666666664,Global on,Global on
PTSD,31,32,18,4,4,ITI,ITI,65,0.27692307692307694,11,23,0.4782608695652174,Global on,Global on
PTSD,17,1,14,1,1,ITI,ITI,58,0.2413793103448276,8,23,0.34782608695652173,Global off,Global off
PTSD,26,29,3,4,2,ITI,ITI,14,0.21428571428571427,3,23,0.13043478260869565,Global on,Threat-like
PTSD,2,1,14,1,1,ITI,ITI,66,0.21212121212121213,9,23,0.391304347826087,Global off,Global off
PTSD,14,13,8,2,2,CS+,CS+,43,0.18604651162790697,7,23,0.30434782608695654,Threat-like,Threat-like
PTSD,12,1,4,3,1,ITI,CS-,23,0.17391304347826086,3,23,0.13043478260869565,Safety-like,Global off
PTSD,12,32,4,3,4,CS+,CS-,23,0.17391304347826086,4,23,0.17391304347826086,Safety-like,Global on
PTSD,9,1,9,1,1,CS+,CS+,53,0.16981132075471697,8,23,0.34782608695652173,Global off,Global off
PTSD,5,1,10,1,1,ITI,ITI,59,0.1694915254237288,8,23,0.34782608695652173,Global off,Global off
PTSD,3,1,5,1,1,ITI,ITI,30,0.16666666666666666,4,23,0.17391304347826086,Global off,Global off
PTSD,23,32,5,4,4,ITI,CS-,32,0.15625,5,23,0.21739130434782608,Global on,Global on
PTSD,17,32,9,1,4,CS-,ITI,58,0.15517241379310345,7,23,0.30434782608695654,Global off,Global on
PTSD,28,20,9,4,3,ITI,CS-,60,0.15,8,23,0.34782608695652173,Global on,Safety-like
PTSD,10,1,5,1,1,ITI,ITI,35,0.14285714285714285,4,23,0.17391304347826086,Global off,Global off
PTSD,10,13,5,1,2,CS+,CS+,35,0.14285714285714285,4,23,0.17391304347826086,Global off,Threat-like
PTSD,7,32,3,1,4,CS+,ITI,21,0.14285714285714285,3,23,0.13043478260869565,Global off,Global on
PTSD,22,1,2,4,1,ITI,CS+,14,0.14285714285714285,2,23,0.08695652173913043,Global on,Global off
PTSD,22,17,2,4,1,CS-,CS-,14,0.14285714285714285,2,23,0.08695652173913043,Global on,Global off
PTSD,22,31,2,4,4,CS+,CS+,14,0.14285714285714285,2,23,0.08695652173913043,Global on,Global on
PTSD,3,2,4,1,1,ITI,ITI,30,0.13333333333333333,4,23,0.17391304347826086,Global off,Global off
PTSD,3,16,4,1,4,ITI,CS-,30,0.13333333333333333,4,23,0.17391304347826086,Global off,Global on
PTSD,15,13,4,2,2,CS-,CS-,30,0.13333333333333333,4,23,0.17391304347826086,Threat-like,Threat-like
PTSD,11,1,2,1,1,CS+,CS-,15,0.13333333333333333,2,23,0.08695652173913043,Global off,Global off
PTSD,11,13,2,1,2,CS+,CS+,15,0.13333333333333333,2,23,0.08695652173913043,Global off,Threat-like
PTSD,11,16,2,1,4,CS+,ITI,15,0.13333333333333333,2,23,0.08695652173913043,Global off,Global on
PTSD,11,20,2,1,3,CS-,CS-,15,0.13333333333333333,2,23,0.08695652173913043,Global off,Safety-like
PTSD,11,31,2,1,4,ITI,ITI,15,0.13333333333333333,2,23,0.08695652173913043,Global off,Global on
PTSD,29,31,9,2,4,ITI,CS+,68,0.1323529411764706,6,23,0.2608695652173913,Threat-like,Global on
PTSD,24,1,7,4,1,ITI,ITI,53,0.1320754716981132,7,23,0.30434782608695654,Global on,Global off
PTSD,30,15,5,4,2,ITI,CS-,38,0.13157894736842105,5,23,0.21739130434782608,Global on,Threat-like
PTSD,23,24,4,4,4,CS+,CS+,32,0.125,4,23,0.17391304347826086,Global on,Global on
PTSD,6,1,3,1,1,ITI,CS-,24,0.125,3,23,0.13043478260869565,Global off,Global off
PTSD,6,7,3,1,1,ITI,ITI,24,0.125,3,23,0.13043478260869565,Global off,Global off
PTSD,6,16,3,1,4,CS+,CS+,24,0.125,2,23,0.08695652173913043,Global off,Global on
PTSD,27,18,3,4,3,ITI,ITI,24,0.125,3,23,0.13043478260869565,Global on,Safety-like
PTSD,27,20,3,4,3,ITI,ITI,24,0.125,3,23,0.13043478260869565,Global on,Safety-like
PTSD,27,28,3,4,4,ITI,ITI,24,0.125,3,23,0.13043478260869565,Global on,Global on
PTSD,20,32,10,3,4,ITI,CS+,84,0.11904761904761904,8,23,0.34782608695652173,Safety-like,Global on
PTSD,8,13,4,3,2,ITI,ITI,34,0.11764705882352941,4,23,0.17391304347826086,Safety-like,Threat-like
PTSD,16,32,9,4,4,ITI,ITI,78,0.11538461538461539,7,23,0.30434782608695654,Global on,Global on
PTSD,4,1,7,3,1,ITI,ITI,61,0.11475409836065574,7,23,0.30434782608695654,Safety-like,Global off
PTSD,4,2,7,3,1,CS-,ITI,61,0.11475409836065574,6,23,0.2608695652173913,Safety-like,Global off
PTSD,9,4,6,1,3,ITI,ITI,53,0.11320754716981132,5,23,0.21739130434782608,Global off,Safety-like
PTSD,9,32,6,1,4,ITI,ITI,53,0.11320754716981132,5,23,0.21739130434782608,Global off,Global on
PTSD,24,32,6,4,4,ITI,CS+,53,0.11320754716981132,5,23,0.21739130434782608,Global on,Global on
PTSD,25,1,4,1,1,ITI,ITI,36,0.1111111111111111,4,23,0.17391304347826086,Global off,Global off
PTSD,21,31,3,1,4,ITI,CS+,27,0.1111111111111111,3,23,0.13043478260869565,Global off,Global on
PTSD,18,5,4,3,1,CS-,CS-,37,0.10810810810810811,4,23,0.17391304347826086,Safety-like,Global off
PTSD,18,17,4,3,1,ITI,ITI,37,0.10810810810810811,4,23,0.17391304347826086,Safety-like,Global off
PTSD,2,32,7,1,4,ITI,ITI,66,0.10606060606060606,4,23,0.17391304347826086,Global off,Global on
PTSD,30,13,4,4,2,CS+,CS+,38,0.10526315789473684,4,23,0.17391304347826086,Global on,Threat-like
PTSD,30,31,4,4,4,CS+,ITI,38,0.10526315789473684,4,23,0.17391304347826086,Global on,Global on
PTSD,29,20,7,2,3,ITI,ITI,68,0.10294117647058823,7,23,0.30434782608695654,Threat-like,Safety-like
PTSD,5,13,6,1,2,ITI,CS+,59,0.1016949152542373,6,23,0.2608695652173913,Global off,Threat-like
PTSD,5,16,6,1,4,ITI,CS+,59,0.1016949152542373,6,23,0.2608695652173913,Global off,Global on
PTSD,5,29,6,1,2,ITI,ITI,59,0.1016949152542373,6,23,0.2608695652173913,Global off,Threat-like
PTSD,28,1,6,4,1,CS+,CS+,60,0.1,3,23,0.13043478260869565,Global on,Global off
PTSD,28,17,6,4,1,ITI,ITI,60,0.1,5,23,0.21739130434782608,Global on,Global off
PTSD,3,32,3,1,4,ITI,ITI,30,0.1,3,23,0.13043478260869565,Global off,Global on
PTSD,15,1,3,2,1,ITI,ITI,30,0.1,3,23,0.13043478260869565,Threat-like,Global off
PTSD,32,28,13,4,4,ITI,ITI,131,0.09923664122137404,9,23,0.391304347826087,Global on,Global on
PTSD,4,5,6,3,1,ITI,ITI,61,0.09836065573770492,4,23,0.17391304347826086,Safety-like,Global off
PTSD,4,32,6,3,4,ITI,CS+,61,0.09836065573770492,5,23,0.21739130434782608,Safety-like,Global on
PTSD,19,32,5,3,4,ITI,ITI,51,0.09803921568627451,5,23,0.21739130434782608,Safety-like,Global on
PTSD,20,28,8,3,4,ITI,ITI,84,0.09523809523809523,8,23,0.34782608695652173,Safety-like,Global on
PTSD,7,5,2,1,1,ITI,ITI,21,0.09523809523809523,2,23,0.08695652173913043,Global off,Global off
PTSD,7,8,2,1,3,CS+,CS+,21,0.09523809523809523,2,23,0.08695652173913043,Global off,Safety-like
PTSD,7,12,2,1,3,CS+,CS+,21,0.09523809523809523,2,23,0.08695652173913043,Global off,Safety-like
PTSD,7,16,2,1,4,CS-,CS-,21,0.09523809523809523,2,23,0.08695652173913043,Global off,Global on
PTSD,7,23,2,1,4,CS+,CS+,21,0.09523809523809523,2,23,0.08695652173913043,Global off,Global on
PTSD,9,2,5,1,1,ITI,CS+,53,0.09433962264150944,4,23,0.17391304347826086,Global off,Global off
PTSD,24,16,5,4,4,ITI,CS+,53,0.09433962264150944,5,23,0.21739130434782608,Global on,Global on
PTSD,23,20,3,4,3,CS-,ITI,32,0.09375,3,23,0.13043478260869565,Global on,Safety-like
PTSD,23,30,3,4,4,ITI,CS+,32,0.09375,3,23,0.13043478260869565,Global on,Global on
PTSD,23,31,3,4,4,CS-,ITI,32,0.09375,3,23,0.13043478260869565,Global on,Global on
PTSD,14,16,4,2,4,CS-,ITI,43,0.09302325581395349,4,23,0.17391304347826086,Threat-like,Global on
PTSD,1,5,13,1,1,ITI,ITI,146,0.08904109589041095,12,23,0.5217391304347826,Global off,Global off
PTSD,8,1,3,3,1,CS+,ITI,34,0.08823529411764706,2,23,0.08695652173913043,Safety-like,Global off
PTSD,8,2,3,3,1,ITI,CS+,34,0.08823529411764706,3,23,0.13043478260869565,Safety-like,Global off
PTSD,8,5,3,3,1,CS-,CS-,34,0.08823529411764706,3,23,0.13043478260869565,Safety-like,Global off
PTSD,8,16,3,3,4,CS-,CS-,34,0.08823529411764706,3,23,0.13043478260869565,Safety-like,Global on
PTSD,8,24,3,3,4,CS-,ITI,34,0.08823529411764706,2,23,0.08695652173913043,Safety-like,Global on
PTSD,8,32,3,3,4,ITI,ITI,34,0.08823529411764706,3,23,0.13043478260869565,Safety-like,Global on
PTSD,12,13,2,3,2,CS+,CS+,23,0.08695652173913043,2,23,0.08695652173913043,Safety-like,Threat-like
PTSD,12,24,2,3,4,CS+,ITI,23,0.08695652173913043,2,23,0.08695652173913043,Safety-like,Global on
PTSD,17,20,5,1,3,ITI,ITI,58,0.08620689655172414,3,23,0.13043478260869565,Global off,Safety-like
PTSD,10,17,3,1,1,CS+,ITI,35,0.08571428571428572,3,23,0.13043478260869565,Global off,Global off
PTSD,13,29,7,2,2,ITI,ITI,82,0.08536585365853659,5,23,0.21739130434782608,Threat-like,Threat-like
PTSD,20,4,7,3,3,ITI,ITI,84,0.08333333333333333,5,23,0.21739130434782608,Safety-like,Safety-like
PTSD,20,18,7,3,3,ITI,CS-,84,0.08333333333333333,5,23,0.21739130434782608,Safety-like,Safety-like
PTSD,25,9,3,1,1,ITI,ITI,36,0.08333333333333333,3,23,0.13043478260869565,Global off,Global off
PTSD,25,28,3,1,4,CS+,CS-,36,0.08333333333333333,3,23,0.13043478260869565,Global off,Global on
PTSD,6,4,2,1,3,CS+,ITI,24,0.08333333333333333,2,23,0.08695652173913043,Global off,Safety-like
PTSD,27,24,2,4,4,CS+,CS-,24,0.08333333333333333,2,23,0.08695652173913043,Global on,Global on
PTSD,27,31,2,4,4,CS+,CS+,24,0.08333333333333333,1,23,0.043478260869565216,Global on,Global on
PTSD,1,2,12,1,1,ITI,ITI,146,0.0821917808219178,11,23,0.4782608695652174,Global off,Global off
PTSD,18,2,3,3,1,ITI,ITI,37,0.08108108108108109,3,23,0.13043478260869565,Safety-like,Global off
PTSD,18,9,3,3,1,ITI,ITI,37,0.08108108108108109,2,23,0.08695652173913043,Safety-like,Global off
PTSD,18,19,3,3,3,ITI,ITI,37,0.08108108108108109,3,23,0.13043478260869565,Safety-like,Safety-like
PTSD,18,20,3,3,3,ITI,ITI,37,0.08108108108108109,3,23,0.13043478260869565,Safety-like,Safety-like
PTSD,30,9,3,4,1,ITI,ITI,38,0.07894736842105263,2,23,0.08695652173913043,Global on,Global off
PTSD,30,16,3,4,4,ITI,CS+,38,0.07894736842105263,3,23,0.13043478260869565,Global on,Global on
PTSD,19,1,4,3,1,ITI,CS+,51,0.0784313725490196,4,23,0.17391304347826086,Safety-like,Global off
PTSD,19,17,4,3,1,CS+,ITI,51,0.0784313725490196,3,23,0.13043478260869565,Safety-like,Global off
PTSD,19,20,4,3,3,ITI,ITI,51,0.0784313725490196,3,23,0.13043478260869565,Safety-like,Safety-like
PTSD,19,24,4,3,4,ITI,ITI,51,0.0784313725490196,3,23,0.13043478260869565,Safety-like,Global on
PTSD,16,1,6,4,1,ITI,CS-,78,0.07692307692307693,5,23,0.21739130434782608,Global on,Global off
PTSD,31,20,5,4,3,ITI,ITI,65,0.07692307692307693,5,23,0.21739130434782608,Global on,Safety-like
PTSD,32,1,10,4,1,ITI,ITI,131,0.07633587786259542,5,23,0.21739130434782608,Global on,Global off
PTSD,2,4,5,1,3,ITI,ITI,66,0.07575757575757576,4,23,0.17391304347826086,Global off,Safety-like
PTSD,24,20,4,4,3,ITI,ITI,53,0.07547169811320754,4,23,0.17391304347826086,Global on,Safety-like
PTSD,21,9,2,1,1,CS+,CS+,27,0.07407407407407407,2,23,0.08695652173913043,Global off,Global off
PTSD,21,16,2,1,4,CS+,CS-,27,0.07407407407407407,2,23,0.08695652173913043,Global off,Global on
PTSD,21,20,2,1,3,CS-,CS-,27,0.07407407407407407,2,23,0.08695652173913043,Global off,Safety-like
PTSD,21,22,2,1,4,CS+,CS+,27,0.07407407407407407,1,23,0.043478260869565216,Global off,Global on
PTSD,21,23,2,1,4,CS-,CS-,27,0.07407407407407407,2,23,0.08695652173913043,Global off,Global on
PTSD,21,24,2,1,4,CS-,ITI,27,0.07407407407407407,2,23,0.08695652173913043,Global off,Global on
PTSD,21,32,2,1,4,CS+,CS+,27,0.07407407407407407,2,23,0.08695652173913043,Global off,Global on
PTSD,29,32,5,2,4,ITI,CS-,68,0.07352941176470588,5,23,0.21739130434782608,Threat-like,Global on
PTSD,13,1,6,2,1,ITI,ITI,82,0.07317073170731707,6,23,0.2608695652173913,Threat-like,Global off
PTSD,13,5,6,2,1,ITI,ITI,82,0.07317073170731707,6,23,0.2608695652173913,Threat-like,Global off
PTSD,13,14,6,2,2,ITI,ITI,82,0.07317073170731707,5,23,0.21739130434782608,Threat-like,Threat-like
PTSD,20,1,6,3,1,ITI,ITI,84,0.07142857142857142,5,23,0.21739130434782608,Safety-like,Global off
PTSD,22,2,1,4,1,ITI,CS+,14,0.07142857142857142,1,23,0.043478260869565216,Global on,Global off
PTSD,22,4,1,4,3,ITI,CS-,14,0.07142857142857142,1,23,0.043478260869565216,Global on,Safety-like
PTSD,22,9,1,4,1,CS+,CS+,14,0.07142857142857142,1,23,0.043478260869565216,Global on,Global off
PTSD,22,10,1,4,1,ITI,ITI,14,0.07142857142857142,1,23,0.043478260869565216,Global on,Global off
PTSD,22,12,1,4,3,ITI,ITI,14,0.07142857142857142,1,23,0.043478260869565216,Global on,Safety-like
PTSD,22,20,1,4,3,ITI,ITI,14,0.07142857142857142,1,23,0.043478260869565216,Global on,Safety-like
PTSD,22,24,1,4,4,ITI,ITI,14,0.07142857142857142,1,23,0.043478260869565216,Global on,Global on
PTSD,22,32,1,4,4,ITI,ITI,14,0.07142857142857142,1,23,0.043478260869565216,Global on,Global on
PTSD,26,1,1,4,1,CS+,CS+,14,0.07142857142857142,1,23,0.043478260869565216,Global on,Global off
PTSD,26,2,1,4,1,ITI,ITI,14,0.07142857142857142,1,23,0.043478260869565216,Global on,Global off
PTSD,26,5,1,4,1,ITI,ITI,14,0.07142857142857142,1,23,0.043478260869565216,Global on,Global off
PTSD,26,9,1,4,1,ITI,ITI,14,0.07142857142857142,1,23,0.043478260869565216,Global on,Global off
PTSD,26,12,1,4,3,ITI,ITI,14,0.07142857142857142,1,23,0.043478260869565216,Global on,Safety-like
PTSD,26,20,1,4,3,ITI,ITI,14,0.07142857142857142,1,23,0.043478260869565216,Global on,Safety-like
PTSD,26,23,1,4,4,CS-,CS-,14,0.07142857142857142,1,23,0.043478260869565216,Global on,Global on
PTSD,26,24,1,4,4,CS-,ITI,14,0.07142857142857142,1,23,0.043478260869565216,Global on,Global on
PTSD,26,25,1,4,1,CS-,CS-,14,0.07142857142857142,1,23,0.043478260869565216,Global on,Global off
PTSD,26,28,1,4,4,CS+,CS+,14,0.07142857142857142,1,23,0.043478260869565216,Global on,Global on
PTSD,26,32,1,4,4,ITI,ITI,14,0.07142857142857142,1,23,0.043478260869565216,Global on,Global on
PTSD,14,1,3,2,1,ITI,CS+,43,0.06976744186046512,2,23,0.08695652173913043,Threat-like,Global off
PTSD,14,5,3,2,1,ITI,ITI,43,0.06976744186046512,2,23,0.08695652173913043,Threat-like,Global off
PTSD,14,20,3,2,3,ITI,ITI,43,0.06976744186046512,1,23,0.043478260869565216,Threat-like,Safety-like
PTSD,14,30,3,2,4,CS+,ITI,43,0.06976744186046512,3,23,0.13043478260869565,Threat-like,Global on
PTSD,14,31,3,2,4,ITI,CS+,43,0.06976744186046512,2,23,0.08695652173913043,Threat-like,Global on
PTSD,17,2,4,1,1,ITI,ITI,58,0.06896551724137931,4,23,0.17391304347826086,Global off,Global off
PTSD,17,29,4,1,2,ITI,CS-,58,0.06896551724137931,4,23,0.17391304347826086,Global off,Threat-like
PTSD,32,20,9,4,3,ITI,ITI,131,0.06870229007633588,7,23,0.30434782608695654,Global on,Safety-like
PTSD,32,30,9,4,4,ITI,ITI,131,0.06870229007633588,7,23,0.30434782608695654,Global on,Global on
PTSD,28,19,4,4,3,ITI,ITI,60,0.06666666666666667,3,23,0.13043478260869565,Global on,Safety-like
PTSD,28,32,4,4,4,ITI,CS+,60,0.06666666666666667,4,23,0.17391304347826086,Global on,Global on
PTSD,3,4,2,1,3,CS-,ITI,30,0.06666666666666667,2,23,0.08695652173913043,Global off,Safety-like
PTSD,3,23,2,1,4,ITI,ITI,30,0.06666666666666667,2,23,0.08695652173913043,Global off,Global on
PTSD,3,30,2,1,4,ITI,ITI,30,0.06666666666666667,2,23,0.08695652173913043,Global off,Global on
PTSD,15,2,2,2,1,CS+,CS+,30,0.06666666666666667,2,23,0.08695652173913043,Threat-like,Global off
PTSD,15,3,2,2,1,CS+,ITI,30,0.06666666666666667,2,23,0.08695652173913043,Threat-like,Global off
PTSD,15,7,2,2,1,CS+,CS+,30,0.06666666666666667,2,23,0.08695652173913043,Threat-like,Global off
PTSD,15,9,2,2,1,ITI,ITI,30,0.06666666666666667,2,23,0.08695652173913043,Threat-like,Global off
PTSD,15,16,2,2,4,CS+,CS+,30,0.06666666666666667,2,23,0.08695652173913043,Threat-like,Global on
PTSD,15,20,2,2,3,ITI,ITI,30,0.06666666666666667,2,23,0.08695652173913043,Threat-like,Safety-like
PTSD,15,29,2,2,2,CS+,CS-,30,0.06666666666666667,2,23,0.08695652173913043,Threat-like,Threat-like
PTSD,15,32,2,2,4,CS+,ITI,30,0.06666666666666667,2,23,0.08695652173913043,Threat-like,Global on
PTSD,11,9,1,1,1,ITI,ITI,15,0.06666666666666667,1,23,0.043478260869565216,Global off,Global off
PTSD,11,17,1,1,1,ITI,ITI,15,0.06666666666666667,1,23,0.043478260869565216,Global off,Global off
PTSD,11,21,1,1,1,CS-,CS-,15,0.06666666666666667,1,23,0.043478260869565216,Global off,Global off
PTSD,11,26,1,1,4,CS-,ITI,15,0.06666666666666667,1,23,0.043478260869565216,Global off,Global on
PTSD,11,29,1,1,2,ITI,CS-,15,0.06666666666666667,1,23,0.043478260869565216,Global off,Threat-like
PTSD,4,17,4,3,1,ITI,ITI,61,0.06557377049180328,4,23,0.17391304347826086,Safety-like,Global off
PTSD,4,20,4,3,3,ITI,CS-,61,0.06557377049180328,4,23,0.17391304347826086,Safety-like,Safety-like
PTSD,16,13,5,4,2,CS+,CS-,78,0.0641025641025641,4,23,0.17391304347826086,Global on,Threat-like
PTSD,16,15,5,4,2,CS+,CS+,78,0.0641025641025641,4,23,0.17391304347826086,Global on,Threat-like
PTSD,16,17,5,4,1,CS-,ITI,78,0.0641025641025641,5,23,0.21739130434782608,Global on,Global off
PTSD,23,4,2,4,3,ITI,CS+,32,0.0625,1,23,0.043478260869565216,Global on,Safety-like
PTSD,23,19,2,4,3,ITI,ITI,32,0.0625,1,23,0.043478260869565216,Global on,Safety-like
PTSD,31,21,4,4,1,CS+,ITI,65,0.06153846153846154,4,23,0.17391304347826086,Global on,Global off
PTSD,31,25,4,4,1,ITI,ITI,65,0.06153846153846154,4,23,0.17391304347826086,Global on,Global off
PTSD,31,27,4,4,4,CS+,ITI,65,0.06153846153846154,4,23,0.17391304347826086,Global on,Global on
PTSD,31,29,4,4,2,ITI,ITI,65,0.06153846153846154,4,23,0.17391304347826086,Global on,Threat-like
PTSD,32,16,8,4,4,CS+,ITI,131,0.061068702290076333,8,23,0.34782608695652173,Global on,Global on
PTSD,32,29,8,4,2,ITI,ITI,131,0.061068702290076333,7,23,0.30434782608695654,Global on,Threat-like
PTSD,13,16,5,2,4,CS+,ITI,82,0.06097560975609756,5,23,0.21739130434782608,Threat-like,Global on
PTSD,13,31,5,2,4,CS+,CS+,82,0.06097560975609756,5,23,0.21739130434782608,Threat-like,Global on
PTSD,13,32,5,2,4,ITI,ITI,82,0.06097560975609756,5,23,0.21739130434782608,Threat-like,Global on
PTSD,2,6,4,1,1,CS+,ITI,66,0.06060606060606061,4,23,0.17391304347826086,Global off,Global off
PTSD,2,17,4,1,1,ITI,CS+,66,0.06060606060606061,2,23,0.08695652173913043,Global off,Global off
PTSD,20,30,5,3,4,ITI,CS+,84,0.05952380952380952,4,23,0.17391304347826086,Safety-like,Global on
PTSD,20,31,5,3,4,ITI,CS+,84,0.05952380952380952,4,23,0.17391304347826086,Safety-like,Global on
PTSD,29,16,4,2,4,ITI,CS+,68,0.058823529411764705,3,23,0.13043478260869565,Threat-like,Global on
PTSD,29,28,4,2,4,CS-,ITI,68,0.058823529411764705,4,23,0.17391304347826086,Threat-like,Global on
PTSD,19,4,3,3,3,CS-,ITI,51,0.058823529411764705,3,23,0.13043478260869565,Safety-like,Safety-like
PTSD,19,8,3,3,3,ITI,ITI,51,0.058823529411764705,3,23,0.13043478260869565,Safety-like,Safety-like
PTSD,19,18,3,3,3,ITI,ITI,51,0.058823529411764705,3,23,0.13043478260869565,Safety-like,Safety-like
PTSD,8,9,2,3,1,CS+,CS-,34,0.058823529411764705,2,23,0.08695652173913043,Safety-like,Global off
PTSD,10,2,2,1,1,CS-,ITI,35,0.05714285714285714,2,23,0.08695652173913043,Global off,Global off
PTSD,10,19,2,1,3,CS+,CS-,35,0.05714285714285714,2,23,0.08695652173913043,Global off,Safety-like
PTSD,10,27,2,1,4,ITI,ITI,35,0.05714285714285714,2,23,0.08695652173913043,Global off,Global on
PTSD,10,28,2,1,4,CS-,CS-,35,0.05714285714285714,2,23,0.08695652173913043,Global off,Global on
PTSD,10,32,2,1,4,CS+,CS+,35,0.05714285714285714,2,23,0.08695652173913043,Global off,Global on
PTSD,9,13,3,1,2,CS+,ITI,53,0.05660377358490566,2,23,0.08695652173913043,Global off,Threat-like
PTSD,24,4,3,4,3,ITI,ITI,53,0.05660377358490566,3,23,0.13043478260869565,Global on,Safety-like
PTSD,24,13,3,4,2,ITI,ITI,53,0.05660377358490566,3,23,0.13043478260869565,Global on,Threat-like
PTSD,24,19,3,4,3,ITI,ITI,53,0.05660377358490566,3,23,0.13043478260869565,Global on,Safety-like
PTSD,25,8,2,1,3,CS+,ITI,36,0.05555555555555555,2,23,0.08695652173913043,Global off,Safety-like
PTSD,25,13,2,1,2,CS-,CS+,36,0.05555555555555555,2,23,0.08695652173913043,Global off,Threat-like
PTSD,25,14,2,1,2,ITI,CS+,36,0.05555555555555555,2,23,0.08695652173913043,Global off,Threat-like
PTSD,25,17,2,1,1,ITI,CS-,36,0.05555555555555555,2,23,0.08695652173913043,Global off,Global off
PTSD,25,19,2,1,3,ITI,CS-,36,0.05555555555555555,2,23,0.08695652173913043,Global off,Safety-like
PTSD,25,20,2,1,3,ITI,ITI,36,0.05555555555555555,2,23,0.08695652173913043,Global off,Safety-like
PTSD,25,29,2,1,2,ITI,ITI,36,0.05555555555555555,2,23,0.08695652173913043,Global off,Threat-like
PTSD,25,32,2,1,4,ITI,ITI,36,0.05555555555555555,2,23,0.08695652173913043,Global off,Global on
PTSD,1,8,8,1,3,ITI,ITI,146,0.0547945205479452,4,23,0.17391304347826086,Global off,Safety-like
PTSD,1,13,8,1,2,ITI,CS+,146,0.0547945205479452,7,23,0.30434782608695654,Global off,Threat-like
PTSD,1,16,8,1,4,CS+,ITI,146,0.0547945205479452,8,23,0.34782608695652173,Global off,Global on
PTSD,1,19,8,1,3,ITI,ITI,146,0.0547945205479452,7,23,0.30434782608695654,Global off,Safety-like
PTSD,18,1,2,3,1,CS+,CS+,37,0.05405405405405406,2,23,0.08695652173913043,Safety-like,Global off
PTSD,18,16,2,3,4,ITI,ITI,37,0.05405405405405406,2,23,0.08695652173913043,Safety-like,Global on
PTSD,18,24,2,3,4,ITI,ITI,37,0.05405405405405406,2,23,0.08695652173913043,Safety-like,Global on
PTSD,18,28,2,3,4,CS+,CS+,37,0.05405405405405406,2,23,0.08695652173913043,Safety-like,Global on
PTSD,18,29,2,3,2,CS-,ITI,37,0.05405405405405406,1,23,0.043478260869565216,Safety-like,Threat-like
PTSD,18,31,2,3,4,ITI,CS+,37,0.05405405405405406,2,23,0.08695652173913043,Safety-like,Global on
PTSD,32,13,7,4,2,ITI,ITI,131,0.05343511450381679,6,23,0.2608695652173913,Global on,Threat-like
PTSD,32,19,7,4,3,CS-,ITI,131,0.05343511450381679,6,23,0.2608695652173913,Global on,Safety-like
PTSD,30,19,2,4,3,ITI,ITI,38,0.05263157894736842,2,23,0.08695652173913043,Global on,Safety-like
PTSD,30,20,2,4,3,ITI,ITI,38,0.05263157894736842,2,23,0.08695652173913043,Global on,Safety-like
PTSD,30,28,2,4,4,CS-,CS-,38,0.05263157894736842,2,23,0.08695652173913043,Global on,Global on
PTSD,30,32,2,4,4,CS-,CS-,38,0.05263157894736842,2,23,0.08695652173913043,Global on,Global on
PTSD,17,16,3,1,4,ITI,CS+,58,0.05172413793103448,3,23,0.13043478260869565,Global off,Global on
PTSD,16,4,4,4,3,CS+,CS+,78,0.05128205128205128,3,23,0.13043478260869565,Global on,Safety-like
PTSD,16,29,4,4,2,CS-,CS-,78,0.05128205128205128,4,23,0.17391304347826086,Global on,Threat-like
PTSD,5,8,3,1,3,CS+,CS-,59,0.05084745762711865,3,23,0.13043478260869565,Global off,Safety-like
PTSD,5,14,3,1,2,CS+,CS+,59,0.05084745762711865,3,23,0.13043478260869565,Global off,Threat-like
PTSD,5,15,3,1,2,ITI,ITI,59,0.05084745762711865,3,23,0.13043478260869565,Global off,Threat-like
PTSD,5,24,3,1,4,ITI,ITI,59,0.05084745762711865,3,23,0.13043478260869565,Global off,Global on
PTSD,5,32,3,1,4,CS+,ITI,59,0.05084745762711865,3,23,0.13043478260869565,Global off,Global on
PTSD,28,4,3,4,3,ITI,ITI,60,0.05,3,23,0.13043478260869565,Global on,Safety-like
PTSD,28,29,3,4,2,CS-,CS+,60,0.05,3,23,0.13043478260869565,Global on,Threat-like
PTSD,4,13,3,3,2,ITI,ITI,61,0.04918032786885246,2,23,0.08695652173913043,Safety-like,Threat-like
PTSD,4,18,3,3,3,ITI,ITI,61,0.04918032786885246,3,23,0.13043478260869565,Safety-like,Safety-like
PTSD,4,19,3,3,3,ITI,ITI,61,0.04918032786885246,2,23,0.08695652173913043,Safety-like,Safety-like
PTSD,13,10,4,2,1,CS-,ITI,82,0.04878048780487805,4,23,0.17391304347826086,Threat-like,Global off
PTSD,13,21,4,2,1,CS+,ITI,82,0.04878048780487805,3,23,0.13043478260869565,Threat-like,Global off
PTSD,1,4,7,1,3,ITI,ITI,146,0.04794520547945205,5,23,0.21739130434782608,Global off,Safety-like
PTSD,1,9,7,1,1,ITI,ITI,146,0.04794520547945205,7,23,0.30434782608695654,Global off,Global off
PTSD,20,14,4,3,2,ITI,ITI,84,0.047619047619047616,3,23,0.13043478260869565,Safety-like,Threat-like
PTSD,20,19,4,3,3,ITI,CS+,84,0.047619047619047616,4,23,0.17391304347826086,Safety-like,Safety-like
PTSD,20,29,4,3,2,ITI,ITI,84,0.047619047619047616,4,23,0.17391304347826086,Safety-like,Threat-like
PTSD,7,1,1,1,1,ITI,CS+,21,0.047619047619047616,1,23,0.043478260869565216,Global off,Global off
PTSD,7,9,1,1,1,CS-,CS-,21,0.047619047619047616,1,23,0.043478260869565216,Global off,Global off
PTSD,7,13,1,1,2,CS-,CS-,21,0.047619047619047616,1,23,0.043478260869565216,Global off,Threat-like
PTSD,7,15,1,1,2,CS+,ITI,21,0.047619047619047616,1,23,0.043478260869565216,Global off,Threat-like
PTSD,7,17,1,1,1,CS-,CS-,21,0.047619047619047616,1,23,0.043478260869565216,Global off,Global off
PTSD,7,27,1,1,4,ITI,ITI,21,0.047619047619047616,1,23,0.043478260869565216,Global off,Global on
PTSD,7,30,1,1,4,CS+,ITI,21,0.047619047619047616,1,23,0.043478260869565216,Global off,Global on
PTSD,7,31,1,1,4,ITI,CS+,21,0.047619047619047616,1,23,0.043478260869565216,Global off,Global on
PTSD,14,9,2,2,1,CS+,CS+,43,0.046511627906976744,2,23,0.08695652173913043,Threat-like,Global off
PTSD,14,17,2,2,1,CS+,ITI,43,0.046511627906976744,2,23,0.08695652173913043,Threat-like,Global off
PTSD,14,25,2,2,1,CS+,CS+,43,0.046511627906976744,2,23,0.08695652173913043,Threat-like,Global off
PTSD,14,29,2,2,2,CS-,CS-,43,0.046511627906976744,1,23,0.043478260869565216,Threat-like,Threat-like
PTSD,31,12,3,4,3,CS+,ITI,65,0.046153846153846156,3,23,0.13043478260869565,Global on,Safety-like
PTSD,31,24,3,4,4,CS+,ITI,65,0.046153846153846156,3,23,0.13043478260869565,Global on,Global on
PTSD,32,14,6,4,2,CS+,ITI,131,0.04580152671755725,6,23,0.2608695652173913,Global on,Threat-like
PTSD,32,24,6,4,4,ITI,ITI,131,0.04580152671755725,5,23,0.21739130434782608,Global on,Global on
PTSD,2,13,3,1,2,CS-,CS-,66,0.045454545454545456,3,23,0.13043478260869565,Global off,Threat-like
PTSD,2,19,3,1,3,ITI,ITI,66,0.045454545454545456,3,23,0.13043478260869565,Global off,Safety-like
PTSD,2,28,3,1,4,CS+,CS+,66,0.045454545454545456,2,23,0.08695652173913043,Global off,Global on
PTSD,2,31,3,1,4,CS+,CS+,66,0.045454545454545456,3,23,0.13043478260869565,Global off,Global on
PTSD,29,1,3,2,1,CS-,ITI,68,0.04411764705882353,3,23,0.13043478260869565,Threat-like,Global off
PTSD,29,9,3,2,1,ITI,CS-,68,0.04411764705882353,3,23,0.13043478260869565,Threat-like,Global off
PTSD,29,13,3,2,2,ITI,ITI,68,0.04411764705882353,3,23,0.13043478260869565,Threat-like,Threat-like
PTSD,29,14,3,2,2,ITI,ITI,68,0.04411764705882353,3,23,0.13043478260869565,Threat-like,Threat-like
PTSD,29,21,3,2,1,ITI,ITI,68,0.04411764705882353,3,23,0.13043478260869565,Threat-like,Global off
PTSD,12,2,1,3,1,ITI,CS-,23,0.043478260869565216,1,23,0.043478260869565216,Safety-like,Global off
PTSD,12,4,1,3,3,CS-,ITI,23,0.043478260869565216,1,23,0.043478260869565216,Safety-like,Safety-like
PTSD,12,7,1,3,1,CS+,CS+,23,0.043478260869565216,1,23,0.043478260869565216,Safety-like,Global off
PTSD,12,11,1,3,1,ITI,ITI,23,0.043478260869565216,1,23,0.043478260869565216,Safety-like,Global off
PTSD,12,14,1,3,2,CS+,ITI,23,0.043478260869565216,1,23,0.043478260869565216,Safety-like,Threat-like
PTSD,12,16,1,3,4,CS-,CS-,23,0.043478260869565216,1,23,0.043478260869565216,Safety-like,Global on
PTSD,12,17,1,3,1,ITI,ITI,23,0.043478260869565216,1,23,0.043478260869565216,Safety-like,Global off
PTSD,12,20,1,3,3,ITI,ITI,23,0.043478260869565216,1,23,0.043478260869565216,Safety-like,Safety-like
PTSD,12,22,1,3,4,ITI,ITI,23,0.043478260869565216,1,23,0.043478260869565216,Safety-like,Global on
PTSD,12,28,1,3,4,ITI,ITI,23,0.043478260869565216,1,23,0.043478260869565216,Safety-like,Global on
PTSD,12,29,1,3,2,CS+,ITI,23,0.043478260869565216,1,23,0.043478260869565216,Safety-like,Threat-like
PTSD,6,2,1,1,1,ITI,ITI,24,0.041666666666666664,1,23,0.043478260869565216,Global off,Global off
PTSD,6,3,1,1,1,CS+,CS+,24,0.041666666666666664,1,23,0.043478260869565216,Global off,Global off
PTSD,6,9,1,1,1,CS-,CS-,24,0.041666666666666664,1,23,0.043478260869565216,Global off,Global off
PTSD,6,10,1,1,1,ITI,CS-,24,0.041666666666666664,1,23,0.043478260869565216,Global off,Global off
PTSD,6,13,1,1,2,ITI,CS+,24,0.041666666666666664,1,23,0.043478260869565216,Global off,Threat-like
PTSD,6,14,1,1,2,ITI,CS-,24,0.041666666666666664,1,23,0.043478260869565216,Global off,Threat-like
PTSD,6,20,1,1,3,ITI,CS+,24,0.041666666666666664,1,23,0.043478260869565216,Global off,Safety-like
PTSD,6,24,1,1,4,ITI,ITI,24,0.041666666666666664,1,23,0.043478260869565216,Global off,Global on
PTSD,6,25,1,1,1,ITI,CS+,24,0.041666666666666664,1,23,0.043478260869565216,Global off,Global off
PTSD,6,27,1,1,4,ITI,ITI,24,0.041666666666666664,1,23,0.043478260869565216,Global off,Global on
PTSD,6,29,1,1,2,CS+,ITI,24,0.041666666666666664,1,23,0.043478260869565216,Global off,Threat-like
PTSD,6,30,1,1,4,ITI,ITI,24,0.041666666666666664,1,23,0.043478260869565216,Global off,Global on
PTSD,6,32,1,1,4,CS+,ITI,24,0.041666666666666664,1,23,0.043478260869565216,Global off,Global on
PTSD,27,2,1,4,1,ITI,ITI,24,0.041666666666666664,1,23,0.043478260869565216,Global on,Global off
PTSD,27,3,1,4,1,ITI,ITI,24,0.041666666666666664,1,23,0.043478260869565216,Global on,Global off
PTSD,27,5,1,4,1,ITI,CS+,24,0.041666666666666664,1,23,0.043478260869565216,Global on,Global off
PTSD,27,7,1,4,1,ITI,CS+,24,0.041666666666666664,1,23,0.043478260869565216,Global on,Global off
PTSD,27,12,1,4,3,ITI,CS-,24,0.041666666666666664,1,23,0.043478260869565216,Global on,Safety-like
PTSD,27,14,1,4,2,CS+,ITI,24,0.041666666666666664,1,23,0.043478260869565216,Global on,Threat-like
PTSD,27,25,1,4,1,CS-,ITI,24,0.041666666666666664,1,23,0.043478260869565216,Global on,Global off
PTSD,27,26,1,4,4,CS+,ITI,24,0.041666666666666664,1,23,0.043478260869565216,Global on,Global on
PTSD,27,29,1,4,2,ITI,ITI,24,0.041666666666666664,1,23,0.043478260869565216,Global on,Threat-like
PTSD,27,30,1,4,4,CS+,CS+,24,0.041666666666666664,1,23,0.043478260869565216,Global on,Global on
PTSD,27,32,1,4,4,ITI,ITI,24,0.041666666666666664,1,23,0.043478260869565216,Global on,Global on
PTSD,1,17,6,1,1,ITI,ITI,146,0.0410958904109589,6,23,0.2608695652173913,Global off,Global off
PTSD,1,32,6,1,4,ITI,ITI,146,0.0410958904109589,3,23,0.13043478260869565,Global off,Global on
PTSD,19,3,2,3,1,CS-,CS+,51,0.0392156862745098,2,23,0.08695652173913043,Safety-like,Global off
PTSD,19,10,2,3,1,ITI,CS+,51,0.0392156862745098,2,23,0.08695652173913043,Safety-like,Global off
PTSD,19,14,2,3,2,ITI,CS+,51,0.0392156862745098,2,23,0.08695652173913043,Safety-like,Threat-like
PTSD,19,23,2,3,4,CS-,CS+,51,0.0392156862745098,1,23,0.043478260869565216,Safety-like,Global on
PTSD,19,28,2,3,4,ITI,CS-,51,0.0392156862745098,2,23,0.08695652173913043,Safety-like,Global on
PTSD,19,29,2,3,2,CS-,CS-,51,0.0392156862745098,2,23,0.08695652173913043,Safety-like,Threat-like
PTSD,16,2,3,4,1,CS+,CS+,78,0.038461538461538464,3,23,0.13043478260869565,Global on,Global off
PTSD,16,5,3,4,1,CS+,ITI,78,0.038461538461538464,3,23,0.13043478260869565,Global on,Global off
PTSD,16,9,3,4,1,ITI,ITI,78,0.038461538461538464,3,23,0.13043478260869565,Global on,Global off
PTSD,16,14,3,4,2,CS+,CS+,78,0.038461538461538464,3,23,0.13043478260869565,Global on,Threat-like
PTSD,16,18,3,4,3,CS+,CS+,78,0.038461538461538464,3,23,0.13043478260869565,Global on,Safety-like
PTSD,16,21,3,4,1,CS+,CS+,78,0.038461538461538464,2,23,0.08695652173913043,Global on,Global off
PTSD,16,25,3,4,1,ITI,ITI,78,0.038461538461538464,2,23,0.08695652173913043,Global on,Global off
PTSD,16,30,3,4,4,CS-,CS-,78,0.038461538461538464,3,23,0.13043478260869565,Global on,Global on
PTSD,9,5,2,1,1,ITI,ITI,53,0.03773584905660377,2,23,0.08695652173913043,Global off,Global off
PTSD,9,7,2,1,1,ITI,CS+,53,0.03773584905660377,2,23,0.08695652173913043,Global off,Global off
PTSD,9,10,2,1,1,CS+,CS-,53,0.03773584905660377,2,23,0.08695652173913043,Global off,Global off
PTSD,9,16,2,1,4,CS+,CS+,53,0.03773584905660377,2,23,0.08695652173913043,Global off,Global on
PTSD,9,18,2,1,3,ITI,CS-,53,0.03773584905660377,2,23,0.08695652173913043,Global off,Safety-like
PTSD,9,23,2,1,4,CS-,CS+,53,0.03773584905660377,2,23,0.08695652173913043,Global off,Global on
PTSD,9,25,2,1,1,ITI,ITI,53,0.03773584905660377,2,23,0.08695652173913043,Global off,Global off
PTSD,9,29,2,1,2,ITI,CS+,53,0.03773584905660377,1,23,0.043478260869565216,Global off,Threat-like
PTSD,24,5,2,4,1,ITI,CS-,53,0.03773584905660377,2,23,0.08695652173913043,Global on,Global off
PTSD,24,11,2,4,1,CS-,CS-,53,0.03773584905660377,1,23,0.043478260869565216,Global on,Global off
PTSD,24,17,2,4,1,ITI,ITI,53,0.03773584905660377,1,23,0.043478260869565216,Global on,Global off
PTSD,24,22,2,4,4,ITI,ITI,53,0.03773584905660377,2,23,0.08695652173913043,Global on,Global on
PTSD,24,23,2,4,4,CS+,CS-,53,0.03773584905660377,2,23,0.08695652173913043,Global on,Global on
PTSD,24,29,2,4,2,ITI,ITI,53,0.03773584905660377,2,23,0.08695652173913043,Global on,Threat-like
PTSD,21,3,1,1,1,ITI,ITI,27,0.037037037037037035,1,23,0.043478260869565216,Global off,Global off
PTSD,21,5,1,1,1,CS+,CS+,27,0.037037037037037035,1,23,0.043478260869565216,Global off,Global off
PTSD,21,10,1,1,1,ITI,ITI,27,0.037037037037037035,1,23,0.043478260869565216,Global off,Global off
PTSD,21,12,1,1,3,ITI,CS+,27,0.037037037037037035,1,23,0.043478260869565216,Global off,Safety-like
PTSD,21,13,1,1,2,ITI,CS-,27,0.037037037037037035,1,23,0.043478260869565216,Global off,Threat-like
PTSD,21,14,1,1,2,CS+,CS+,27,0.037037037037037035,1,23,0.043478260869565216,Global off,Threat-like
PTSD,21,17,1,1,1,ITI,ITI,27,0.037037037037037035,1,23,0.043478260869565216,Global off,Global off
PTSD,21,18,1,1,3,ITI,ITI,27,0.037037037037037035,1,23,0.043478260869565216,Global off,Safety-like
PTSD,21,25,1,1,1,ITI,CS+,27,0.037037037037037035,1,23,0.043478260869565216,Global off,Global off
PTSD,21,29,1,1,2,ITI,ITI,27,0.037037037037037035,1,23,0.043478260869565216,Global off,Threat-like
PTSD,13,3,3,2,1,CS+,ITI,82,0.036585365853658534,3,23,0.13043478260869565,Threat-like,Global off
PTSD,13,4,3,2,3,ITI,ITI,82,0.036585365853658534,3,23,0.13043478260869565,Threat-like,Safety-like
PTSD,13,8,3,2,3,CS-,CS-,82,0.036585365853658534,3,23,0.13043478260869565,Threat-like,Safety-like
PTSD,13,9,3,2,1,ITI,ITI,82,0.036585365853658534,3,23,0.13043478260869565,Threat-like,Global off
PTSD,13,20,3,2,3,CS-,ITI,82,0.036585365853658534,3,23,0.13043478260869565,Threat-like,Safety-like
PTSD,13,24,3,2,4,CS-,ITI,82,0.036585365853658534,3,23,0.13043478260869565,Threat-like,Global on
PTSD,13,25,3,2,1,CS+,ITI,82,0.036585365853658534,3,23,0.13043478260869565,Threat-like,Global off
PTSD,20,10,3,3,1,CS+,ITI,84,0.03571428571428571,3,23,0.13043478260869565,Safety-like,Global off
PTSD,20,24,3,3,4,ITI,ITI,84,0.03571428571428571,3,23,0.13043478260869565,Safety-like,Global on
PTSD,17,6,2,1,1,CS-,ITI,58,0.034482758620689655,2,23,0.08695652173913043,Global off,Global off
PTSD,17,8,2,1,3,ITI,CS-,58,0.034482758620689655,2,23,0.08695652173913043,Global off,Safety-like
PTSD,17,18,2,1,3,ITI,ITI,58,0.034482758620689655,2,23,0.08695652173913043,Global off,Safety-like
PTSD,17,25,2,1,1,ITI,ITI,58,0.034482758620689655,2,23,0.08695652173913043,Global off,Global off
PTSD,1,3,5,1,1,CS-,ITI,146,0.03424657534246575,4,23,0.17391304347826086,Global off,Global off
PTSD,1,20,5,1,3,CS-,ITI,146,0.03424657534246575,5,23,0.21739130434782608,Global off,Safety-like
PTSD,1,24,5,1,4,CS+,ITI,146,0.03424657534246575,4,23,0.17391304347826086,Global off,Global on
PTSD,1,28,5,1,4,ITI,CS+,146,0.03424657534246575,5,23,0.21739130434782608,Global off,Global on
PTSD,1,31,5,1,4,CS-,CS+,146,0.03424657534246575,4,23,0.17391304347826086,Global off,Global on
PTSD,5,6,2,1,1,CS+,CS+,59,0.03389830508474576,2,23,0.08695652173913043,Global off,Global off
PTSD,5,9,2,1,1,ITI,ITI,59,0.03389830508474576,2,23,0.08695652173913043,Global off,Global off
PTSD,5,19,2,1,3,CS-,CS-,59,0.03389830508474576,2,23,0.08695652173913043,Global off,Safety-like
PTSD,28,5,2,4,1,CS+,CS+,60,0.03333333333333333,2,23,0.08695652173913043,Global on,Global off
PTSD,28,8,2,4,3,CS+,CS+,60,0.03333333333333333,2,23,0.08695652173913043,Global on,Safety-like
PTSD,28,12,2,4,3,CS-,CS+,60,0.03333333333333333,2,23,0.08695652173913043,Global on,Safety-like
PTSD,28,13,2,4,2,CS+,CS+,60,0.03333333333333333,1,23,0.043478260869565216,Global on,Threat-like
PTSD,28,14,2,4,2,CS+,CS+,60,0.03333333333333333,2,23,0.08695652173913043,Global on,Threat-like
PTSD,28,16,2,4,4,CS+,CS+,60,0.03333333333333333,2,23,0.08695652173913043,Global on,Global on
PTSD,28,27,2,4,4,CS+,CS+,60,0.03333333333333333,2,23,0.08695652173913043,Global on,Global on
PTSD,28,31,2,4,4,CS-,CS-,60,0.03333333333333333,2,23,0.08695652173913043,Global on,Global on
PTSD,3,5,1,1,1,CS+,CS+,30,0.03333333333333333,1,23,0.043478260869565216,Global off,Global off
PTSD,3,7,1,1,1,ITI,ITI,30,0.03333333333333333,1,23,0.043478260869565216,Global off,Global off
PTSD,3,9,1,1,1,ITI,ITI,30,0.03333333333333333,1,23,0.043478260869565216,Global off,Global off
PTSD,3,13,1,1,2,ITI,ITI,30,0.03333333333333333,1,23,0.043478260869565216,Global off,Threat-like
PTSD,3,14,1,1,2,CS-,ITI,30,0.03333333333333333,1,23,0.043478260869565216,Global off,Threat-like
PTSD,3,15,1,1,2,ITI,ITI,30,0.03333333333333333,1,23,0.043478260869565216,Global off,Threat-like
PTSD,3,19,1,1,3,ITI,ITI,30,0.03333333333333333,1,23,0.043478260869565216,Global off,Safety-like
PTSD,3,24,1,1,4,ITI,ITI,30,0.03333333333333333,1,23,0.043478260869565216,Global off,Global on
PTSD,15,4,1,2,3,CS-,ITI,30,0.03333333333333333,1,23,0.043478260869565216,Threat-like,Safety-like
PTSD,15,5,1,2,1,ITI,ITI,30,0.03333333333333333,1,23,0.043478260869565216,Threat-like,Global off
PTSD,15,10,1,2,1,CS-,ITI,30,0.03333333333333333,1,23,0.043478260869565216,Threat-like,Global off
PTSD,15,21,1,2,1,ITI,CS+,30,0.03333333333333333,1,23,0.043478260869565216,Threat-like,Global off
PTSD,15,27,1,2,4,CS+,CS+,30,0.03333333333333333,1,23,0.043478260869565216,Threat-like,Global on
PTSD,15,28,1,2,4,ITI,CS+,30,0.03333333333333333,1,23,0.043478260869565216,Threat-like,Global on
PTSD,15,31,1,2,4,CS+,CS+,30,0.03333333333333333,1,23,0.043478260869565216,Threat-like,Global on
PTSD,4,8,2,3,3,CS+,ITI,61,0.03278688524590164,2,23,0.08695652173913043,Safety-like,Safety-like
PTSD,4,12,2,3,3,CS+,CS+,61,0.03278688524590164,2,23,0.08695652173913043,Safety-like,Safety-like
PTSD,23,1,1,4,1,ITI,ITI,32,0.03125,1,23,0.043478260869565216,Global on,Global off
PTSD,23,2,1,4,1,CS-,CS-,32,0.03125,1,23,0.043478260869565216,Global on,Global off
PTSD,23,5,1,4,1,CS-,CS-,32,0.03125,1,23,0.043478260869565216,Global on,Global off
PTSD,23,11,1,4,1,ITI,CS-,32,0.03125,1,23,0.043478260869565216,Global on,Global off
PTSD,23,15,1,4,2,ITI,ITI,32,0.03125,1,23,0.043478260869565216,Global on,Threat-like
PTSD,23,17,1,4,1,CS+,CS+,32,0.03125,1,23,0.043478260869565216,Global on,Global off
PTSD,23,18,1,4,3,ITI,CS-,32,0.03125,1,23,0.043478260869565216,Global on,Safety-like
PTSD,23,21,1,4,1,CS-,ITI,32,0.03125,1,23,0.043478260869565216,Global on,Global off
PTSD,23,27,1,4,4,CS+,ITI,32,0.03125,1,23,0.043478260869565216,Global on,Global on
PTSD,23,29,1,4,2,ITI,ITI,32,0.03125,1,23,0.043478260869565216,Global on,Threat-like
PTSD,31,9,2,4,1,CS+,CS+,65,0.03076923076923077,2,23,0.08695652173913043,Global on,Global off
PTSD,31,15,2,4,2,CS-,CS+,65,0.03076923076923077,2,23,0.08695652173913043,Global on,Threat-like
PTSD,31,16,2,4,4,CS+,CS+,65,0.03076923076923077,2,23,0.08695652173913043,Global on,Global on
PTSD,31,28,2,4,4,ITI,ITI,65,0.03076923076923077,2,23,0.08695652173913043,Global on,Global on
PTSD,32,2,4,4,1,ITI,ITI,131,0.030534351145038167,3,23,0.13043478260869565,Global on,Global off
PTSD,32,9,4,4,1,ITI,CS+,131,0.030534351145038167,4,23,0.17391304347826086,Global on,Global off
PTSD,32,17,4,4,1,ITI,ITI,131,0.030534351145038167,4,23,0.17391304347826086,Global on,Global off
PTSD,32,31,4,4,4,CS+,CS-,131,0.030534351145038167,2,23,0.08695652173913043,Global on,Global on
PTSD,2,10,2,1,1,ITI,CS+,66,0.030303030303030304,2,23,0.08695652173913043,Global off,Global off
PTSD,2,23,2,1,4,CS-,CS-,66,0.030303030303030304,2,23,0.08695652173913043,Global off,Global on
PTSD,2,27,2,1,4,CS-,CS-,66,0.030303030303030304,1,23,0.043478260869565216,Global off,Global on
PTSD,2,29,2,1,2,ITI,CS-,66,0.030303030303030304,2,23,0.08695652173913043,Global off,Threat-like
PTSD,2,30,2,1,4,ITI,CS-,66,0.030303030303030304,2,23,0.08695652173913043,Global off,Global on
PTSD,29,4,2,2,3,CS+,CS+,68,0.029411764705882353,2,23,0.08695652173913043,Threat-like,Safety-like
PTSD,29,5,2,2,1,ITI,ITI,68,0.029411764705882353,2,23,0.08695652173913043,Threat-like,Global off
PTSD,29,8,2,2,3,CS-,ITI,68,0.029411764705882353,2,23,0.08695652173913043,Threat-like,Safety-like
PTSD,29,10,2,2,1,CS+,CS+,68,0.029411764705882353,2,23,0.08695652173913043,Threat-like,Global off
PTSD,29,11,2,2,1,ITI,ITI,68,0.029411764705882353,2,23,0.08695652173913043,Threat-like,Global off
PTSD,29,15,2,2,2,CS+,CS+,68,0.029411764705882353,2,23,0.08695652173913043,Threat-like,Threat-like
PTSD,29,23,2,2,4,CS-,CS-,68,0.029411764705882353,2,23,0.08695652173913043,Threat-like,Global on
PTSD,29,24,2,2,4,CS-,CS-,68,0.029411764705882353,2,23,0.08695652173913043,Threat-like,Global on
PTSD,29,26,2,2,4,CS-,CS-,68,0.029411764705882353,2,23,0.08695652173913043,Threat-like,Global on
PTSD,8,3,1,3,1,CS-,CS-,34,0.029411764705882353,1,23,0.043478260869565216,Safety-like,Global off
PTSD,8,4,1,3,3,ITI,ITI,34,0.029411764705882353,1,23,0.043478260869565216,Safety-like,Safety-like
PTSD,8,10,1,3,1,CS-,CS-,34,0.029411764705882353,1,23,0.043478260869565216,Safety-like,Global off
PTSD,8,11,1,3,1,CS-,ITI,34,0.029411764705882353,1,23,0.043478260869565216,Safety-like,Global off
PTSD,8,14,1,3,2,CS-,ITI,34,0.029411764705882353,1,23,0.043478260869565216,Safety-like,Threat-like
PTSD,8,15,1,3,2,CS+,ITI,34,0.029411764705882353,1,23,0.043478260869565216,Safety-like,Threat-like
PTSD,8,21,1,3,1,ITI,CS+,34,0.029411764705882353,1,23,0.043478260869565216,Safety-like,Global off
PTSD,8,23,1,3,4,ITI,ITI,34,0.029411764705882353,1,23,0.043478260869565216,Safety-like,Global on
PTSD,8,25,1,3,1,ITI,ITI,34,0.029411764705882353,1,23,0.043478260869565216,Safety-like,Global off
PTSD,8,28,1,3,4,ITI,ITI,34,0.029411764705882353,1,23,0.043478260869565216,Safety-like,Global on
PTSD,10,3,1,1,1,ITI,ITI,35,0.02857142857142857,1,23,0.043478260869565216,Global off,Global off
PTSD,10,4,1,1,3,CS-,CS-,35,0.02857142857142857,1,23,0.043478260869565216,Global off,Safety-like
PTSD,10,5,1,1,1,CS+,CS-,35,0.02857142857142857,1,23,0.043478260869565216,Global off,Global off
PTSD,10,6,1,1,1,ITI,ITI,35,0.02857142857142857,1,23,0.043478260869565216,Global off,Global off
PTSD,10,9,1,1,1,CS+,CS+,35,0.02857142857142857,1,23,0.043478260869565216,Global off,Global off
PTSD,10,14,1,1,2,ITI,CS+,35,0.02857142857142857,1,23,0.043478260869565216,Global off,Threat-like
PTSD,10,16,1,1,4,ITI,ITI,35,0.02857142857142857,1,23,0.043478260869565216,Global off,Global on
PTSD,10,18,1,1,3,ITI,ITI,35,0.02857142857142857,1,23,0.043478260869565216,Global off,Safety-like
PTSD,10,20,1,1,3,CS+,ITI,35,0.02857142857142857,1,23,0.043478260869565216,Global off,Safety-like
PTSD,10,23,1,1,4,CS-,CS-,35,0.02857142857142857,1,23,0.043478260869565216,Global off,Global on
PTSD,10,25,1,1,1,ITI,ITI,35,0.02857142857142857,1,23,0.043478260869565216,Global off,Global off
PTSD,10,31,1,1,4,CS-,ITI,35,0.02857142857142857,1,23,0.043478260869565216,Global off,Global on
PTSD,25,3,1,1,1,CS+,ITI,36,0.027777777777777776,1,23,0.043478260869565216,Global off,Global off
PTSD,25,4,1,1,3,ITI,CS+,36,0.027777777777777776,1,23,0.043478260869565216,Global off,Safety-like
PTSD,25,6,1,1,1,ITI,CS+,36,0.027777777777777776,1,23,0.043478260869565216,Global off,Global off
PTSD,25,7,1,1,1,CS+,CS+,36,0.027777777777777776,1,23,0.043478260869565216,Global off,Global off
PTSD,25,10,1,1,1,ITI,ITI,36,0.027777777777777776,1,23,0.043478260869565216,Global off,Global off
PTSD,25,16,1,1,4,ITI,ITI,36,0.027777777777777776,1,23,0.043478260869565216,Global off,Global on
PTSD,25,18,1,1,3,CS+,ITI,36,0.027777777777777776,1,23,0.043478260869565216,Global off,Safety-like
PTSD,25,26,1,1,4,ITI,CS+,36,0.027777777777777776,1,23,0.043478260869565216,Global off,Global on
PTSD,25,27,1,1,4,CS-,ITI,36,0.027777777777777776,1,23,0.043478260869565216,Global off,Global on
PTSD,25,30,1,1,4,CS+,ITI,36,0.027777777777777776,1,23,0.043478260869565216,Global off,Global on
PTSD,1,6,4,1,1,ITI,ITI,146,0.0273972602739726,4,23,0.17391304347826086,Global off,Global off
PTSD,1,7,4,1,1,ITI,ITI,146,0.0273972602739726,4,23,0.17391304347826086,Global off,Global off
PTSD,1,21,4,1,1,CS-,ITI,146,0.0273972602739726,3,23,0.13043478260869565,Global off,Global off
PTSD,1,23,4,1,4,ITI,CS-,146,0.0273972602739726,4,23,0.17391304347826086,Global off,Global on
PTSD,1,25,4,1,1,ITI,ITI,146,0.0273972602739726,4,23,0.17391304347826086,Global off,Global off
PTSD,1,29,4,1,2,CS+,ITI,146,0.0273972602739726,4,23,0.17391304347826086,Global off,Threat-like
PTSD,18,3,1,3,1,ITI,ITI,37,0.02702702702702703,1,23,0.043478260869565216,Safety-like,Global off
PTSD,18,4,1,3,3,ITI,ITI,37,0.02702702702702703,1,23,0.043478260869565216,Safety-like,Safety-like
PTSD,18,21,1,3,1,CS+,ITI,37,0.02702702702702703,1,23,0.043478260869565216,Safety-like,Global off
PTSD,18,30,1,3,4,ITI,ITI,37,0.02702702702702703,1,23,0.043478260869565216,Safety-like,Global on
PTSD,18,32,1,3,4,CS-,ITI,37,0.02702702702702703,1,23,0.043478260869565216,Safety-like,Global on
PTSD,30,1,1,4,1,CS-,CS-,38,0.02631578947368421,1,23,0.043478260869565216,Global on,Global off
PTSD,30,2,1,4,1,ITI,ITI,38,0.02631578947368421,1,23,0.043478260869565216,Global on,Global off
PTSD,30,3,1,4,1,CS-,ITI,38,0.02631578947368421,1,23,0.043478260869565216,Global on,Global off
PTSD,30,8,1,4,3,CS-,CS-,38,0.02631578947368421,1,23,0.043478260869565216,Global on,Safety-like
PTSD,30,10,1,4,1,ITI,CS-,38,0.02631578947368421,1,23,0.043478260869565216,Global on,Global off
PTSD,30,18,1,4,3,ITI,ITI,38,0.02631578947368421,1,23,0.043478260869565216,Global on,Safety-like
PTSD,30,23,1,4,4,ITI,ITI,38,0.02631578947368421,1,23,0.043478260869565216,Global on,Global on
PTSD,30,24,1,4,4,ITI,ITI,38,0.02631578947368421,1,23,0.043478260869565216,Global on,Global on
PTSD,30,25,1,4,1,CS-,ITI,38,0.02631578947368421,1,23,0.043478260869565216,Global on,Global off
PTSD,30,27,1,4,4,ITI,ITI,38,0.02631578947368421,1,23,0.043478260869565216,Global on,Global on
PTSD,30,29,1,4,2,ITI,ITI,38,0.02631578947368421,1,23,0.043478260869565216,Global on,Threat-like
PTSD,16,3,2,4,1,CS+,CS+,78,0.02564102564102564,2,23,0.08695652173913043,Global on,Global off
PTSD,16,10,2,4,1,CS+,CS+,78,0.02564102564102564,2,23,0.08695652173913043,Global on,Global off
PTSD,16,19,2,4,3,CS-,ITI,78,0.02564102564102564,2,23,0.08695652173913043,Global on,Safety-like
PTSD,16,28,2,4,4,ITI,ITI,78,0.02564102564102564,2,23,0.08695652173913043,Global on,Global on
PTSD,16,31,2,4,4,CS+,CS+,78,0.02564102564102564,2,23,0.08695652173913043,Global on,Global on
PTSD,13,2,2,2,1,CS-,CS-,82,0.024390243902439025,2,23,0.08695652173913043,Threat-like,Global off
PTSD,13,7,2,2,1,CS+,CS-,82,0.024390243902439025,2,23,0.08695652173913043,Threat-like,Global off
PTSD,13,19,2,2,3,CS+,CS+,82,0.024390243902439025,2,23,0.08695652173913043,Threat-like,Safety-like
PTSD,13,28,2,2,4,CS+,CS-,82,0.024390243902439025,2,23,0.08695652173913043,Threat-like,Global on
PTSD,20,2,2,3,1,ITI,ITI,84,0.023809523809523808,2,23,0.08695652173913043,Safety-like,Global off
PTSD,20,6,2,3,1,ITI,CS+,84,0.023809523809523808,1,23,0.043478260869565216,Safety-like,Global off
PTSD,20,9,2,3,1,CS-,CS+,84,0.023809523809523808,2,23,0.08695652173913043,Safety-like,Global off
PTSD,20,13,2,3,2,CS+,CS+,84,0.023809523809523808,1,23,0.043478260869565216,Safety-like,Threat-like
PTSD,20,17,2,3,1,ITI,ITI,84,0.023809523809523808,2,23,0.08695652173913043,Safety-like,Global off
PTSD,20,22,2,3,4,ITI,ITI,84,0.023809523809523808,2,23,0.08695652173913043,Safety-like,Global on
PTSD,20,25,2,3,1,CS-,CS+,84,0.023809523809523808,2,23,0.08695652173913043,Safety-like,Global off
PTSD,14,2,1,2,1,CS-,CS-,43,0.023255813953488372,1,23,0.043478260869565216,Threat-like,Global off
PTSD,14,3,1,2,1,ITI,ITI,43,0.023255813953488372,1,23,0.043478260869565216,Threat-like,Global off
PTSD,14,8,1,2,3,CS-,CS-,43,0.023255813953488372,1,23,0.043478260869565216,Threat-like,Safety-like
PTSD,14,10,1,2,1,ITI,ITI,43,0.023255813953488372,1,23,0.043478260869565216,Threat-like,Global off
PTSD,14,11,1,2,1,CS+,CS+,43,0.023255813953488372,1,23,0.043478260869565216,Threat-like,Global off
PTSD,14,15,1,2,2,CS-,ITI,43,0.023255813953488372,1,23,0.043478260869565216,Threat-like,Threat-like
PTSD,14,21,1,2,1,CS+,CS+,43,0.023255813953488372,1,23,0.043478260869565216,Threat-like,Global off
PTSD,14,32,1,2,4,ITI,ITI,43,0.023255813953488372,1,23,0.043478260869565216,Threat-like,Global on
PTSD,32,4,3,4,3,ITI,ITI,131,0.022900763358778626,3,23,0.13043478260869565,Global on,Safety-like
PTSD,32,6,3,4,1,ITI,ITI,131,0.022900763358778626,3,23,0.13043478260869565,Global on,Global off
PTSD,32,10,3,4,1,CS+,CS+,131,0.022900763358778626,3,23,0.13043478260869565,Global on,Global off
PTSD,32,15,3,4,2,CS+,CS+,131,0.022900763358778626,3,23,0.13043478260869565,Global on,Threat-like
PTSD,32,18,3,4,3,CS+,ITI,131,0.022900763358778626,2,23,0.08695652173913043,Global on,Safety-like
PTSD,32,25,3,4,1,ITI,ITI,131,0.022900763358778626,3,23,0.13043478260869565,Global on,Global off
PTSD,1,10,3,1,1,CS+,CS+,146,0.02054794520547945,3,23,0.13043478260869565,Global off,Global off
PTSD,1,26,3,1,4,CS-,ITI,146,0.02054794520547945,3,23,0.13043478260869565,Global off,Global on
PTSD,19,2,1,3,1,ITI,ITI,51,0.0196078431372549,1,23,0.043478260869565216,Safety-like,Global off
PTSD,19,5,1,3,1,CS-,CS-,51,0.0196078431372549,1,23,0.043478260869565216,Safety-like,Global off
PTSD,19,11,1,3,1,ITI,ITI,51,0.0196078431372549,1,23,0.043478260869565216,Safety-like,Global off
PTSD,19,12,1,3,3,ITI,ITI,51,0.0196078431372549,1,23,0.043478260869565216,Safety-like,Safety-like
PTSD,19,16,1,3,4,CS-,CS-,51,0.0196078431372549,1,23,0.043478260869565216,Safety-like,Global on
PTSD,19,25,1,3,1,ITI,CS-,51,0.0196078431372549,1,23,0.043478260869565216,Safety-like,Global off
PTSD,19,26,1,3,4,ITI,CS+,51,0.0196078431372549,1,23,0.043478260869565216,Safety-like,Global on
PTSD,19,27,1,3,4,ITI,CS-,51,0.0196078431372549,1,23,0.043478260869565216,Safety-like,Global on
PTSD,19,31,1,3,4,ITI,ITI,51,0.0196078431372549,1,23,0.043478260869565216,Safety-like,Global on
PTSD,9,3,1,1,1,CS-,CS-,53,0.018867924528301886,1,23,0.043478260869565216,Global off,Global off
PTSD,9,6,1,1,1,ITI,ITI,53,0.018867924528301886,1,23,0.043478260869565216,Global off,Global off
PTSD,9,12,1,1,3,ITI,CS+,53,0.018867924528301886,1,23,0.043478260869565216,Global off,Safety-like
PTSD,9,15,1,1,2,ITI,ITI,53,0.018867924528301886,1,23,0.043478260869565216,Global off,Threat-like
PTSD,9,17,1,1,1,CS-,ITI,53,0.018867924528301886,1,23,0.043478260869565216,Global off,Global off
PTSD,9,20,1,1,3,CS+,ITI,53,0.018867924528301886,1,23,0.043478260869565216,Global off,Safety-like
PTSD,9,27,1,1,4,ITI,CS+,53,0.018867924528301886,1,23,0.043478260869565216,Global off,Global on
PTSD,9,28,1,1,4,ITI,ITI,53,0.018867924528301886,1,23,0.043478260869565216,Global off,Global on
PTSD,24,2,1,4,1,ITI,ITI,53,0.018867924528301886,1,23,0.043478260869565216,Global on,Global off
PTSD,24,6,1,4,1,ITI,ITI,53,0.018867924528301886,1,23,0.043478260869565216,Global on,Global off
PTSD,24,7,1,4,1,ITI,CS+,53,0.018867924528301886,1,23,0.043478260869565216,Global on,Global off
PTSD,24,9,1,4,1,ITI,ITI,53,0.018867924528301886,1,23,0.043478260869565216,Global on,Global off
PTSD,24,14,1,4,2,ITI,CS+,53,0.018867924528301886,1,23,0.043478260869565216,Global on,Threat-like
PTSD,24,21,1,4,1,CS-,ITI,53,0.018867924528301886,1,23,0.043478260869565216,Global on,Global off
PTSD,24,25,1,4,1,ITI,ITI,53,0.018867924528301886,1,23,0.043478260869565216,Global on,Global off
PTSD,24,28,1,4,4,ITI,ITI,53,0.018867924528301886,1,23,0.043478260869565216,Global on,Global on
PTSD,24,30,1,4,4,ITI,ITI,53,0.018867924528301886,1,23,0.043478260869565216,Global on,Global on
PTSD,24,31,1,4,4,ITI,ITI,53,0.018867924528301886,1,23,0.043478260869565216,Global on,Global on
PTSD,17,3,1,1,1,ITI,ITI,58,0.017241379310344827,1,23,0.043478260869565216,Global off,Global off
PTSD,17,4,1,1,3,CS+,CS+,58,0.017241379310344827,1,23,0.043478260869565216,Global off,Safety-like
PTSD,17,10,1,1,1,CS-,CS-,58,0.017241379310344827,1,23,0.043478260869565216,Global off,Global off
PTSD,17,11,1,1,1,ITI,CS+,58,0.017241379310344827,1,23,0.043478260869565216,Global off,Global off
PTSD,17,12,1,1,3,ITI,CS-,58,0.017241379310344827,1,23,0.043478260869565216,Global off,Safety-like
PTSD,17,21,1,1,1,ITI,CS+,58,0.017241379310344827,1,23,0.043478260869565216,Global off,Global off
PTSD,17,22,1,1,4,ITI,ITI,58,0.017241379310344827,1,23,0.043478260869565216,Global off,Global on
PTSD,17,23,1,1,4,CS-,CS-,58,0.017241379310344827,1,23,0.043478260869565216,Global off,Global on
PTSD,17,24,1,1,4,CS+,CS+,58,0.017241379310344827,1,23,0.043478260869565216,Global off,Global on
PTSD,17,27,1,1,4,ITI,CS+,58,0.017241379310344827,1,23,0.043478260869565216,Global off,Global on
PTSD,17,31,1,1,4,CS+,ITI,58,0.017241379310344827,1,23,0.043478260869565216,Global off,Global on
PTSD,5,3,1,1,1,ITI,CS+,59,0.01694915254237288,1,23,0.043478260869565216,Global off,Global off
PTSD,5,4,1,1,3,ITI,CS+,59,0.01694915254237288,1,23,0.043478260869565216,Global off,Safety-like
PTSD,5,10,1,1,1,CS-,ITI,59,0.01694915254237288,1,23,0.043478260869565216,Global off,Global off
PTSD,5,18,1,1,3,CS-,ITI,59,0.01694915254237288,1,23,0.043478260869565216,Global off,Safety-like
PTSD,5,20,1,1,3,CS+,ITI,59,0.01694915254237288,1,23,0.043478260869565216,Global off,Safety-like
PTSD,5,22,1,1,4,CS+,ITI,59,0.01694915254237288,1,23,0.043478260869565216,Global off,Global on
PTSD,5,23,1,1,4,ITI,ITI,59,0.01694915254237288,1,23,0.043478260869565216,Global off,Global on
PTSD,5,25,1,1,1,ITI,ITI,59,0.01694915254237288,1,23,0.043478260869565216,Global off,Global off
PTSD,5,30,1,1,4,CS-,CS-,59,0.01694915254237288,1,23,0.043478260869565216,Global off,Global on
PTSD,5,31,1,1,4,CS-,ITI,59,0.01694915254237288,1,23,0.043478260869565216,Global off,Global on
PTSD,28,2,1,4,1,CS+,ITI,60,0.016666666666666666,1,23,0.043478260869565216,Global on,Global off
PTSD,28,6,1,4,1,CS-,CS-,60,0.016666666666666666,1,23,0.043478260869565216,Global on,Global off
PTSD,28,9,1,4,1,ITI,ITI,60,0.016666666666666666,1,23,0.043478260869565216,Global on,Global off
PTSD,28,10,1,4,1,CS-,ITI,60,0.016666666666666666,1,23,0.043478260869565216,Global on,Global off
PTSD,28,15,1,4,2,CS-,ITI,60,0.016666666666666666,1,23,0.043478260869565216,Global on,Threat-like
PTSD,28,18,1,4,3,CS+,ITI,60,0.016666666666666666,1,23,0.043478260869565216,Global on,Safety-like
PTSD,28,23,1,4,4,ITI,ITI,60,0.016666666666666666,1,23,0.043478260869565216,Global on,Global on
PTSD,28,24,1,4,4,ITI,ITI,60,0.016666666666666666,1,23,0.043478260869565216,Global on,Global on
PTSD,28,26,1,4,4,CS-,CS-,60,0.016666666666666666,1,23,0.043478260869565216,Global on,Global on
PTSD,4,3,1,3,1,CS-,ITI,61,0.01639344262295082,1,23,0.043478260869565216,Safety-like,Global off
PTSD,4,9,1,3,1,ITI,ITI,61,0.01639344262295082,1,23,0.043478260869565216,Safety-like,Global off
PTSD,4,10,1,3,1,ITI,ITI,61,0.01639344262295082,1,23,0.043478260869565216,Safety-like,Global off
PTSD,4,11,1,3,1,ITI,CS-,61,0.01639344262295082,1,23,0.043478260869565216,Safety-like,Global off
PTSD,4,14,1,3,2,ITI,CS+,61,0.01639344262295082,1,23,0.043478260869565216,Safety-like,Threat-like
PTSD,4,15,1,3,2,CS-,ITI,61,0.01639344262295082,1,23,0.043478260869565216,Safety-like,Threat-like
PTSD,4,16,1,3,4,CS+,ITI,61,0.01639344262295082,1,23,0.043478260869565216,Safety-like,Global on
PTSD,4,23,1,3,4,CS-,ITI,61,0.01639344262295082,1,23,0.043478260869565216,Safety-like,Global on
PTSD,4,24,1,3,4,CS-,ITI,61,0.01639344262295082,1,23,0.043478260869565216,Safety-like,Global on
PTSD,4,25,1,3,1,ITI,ITI,61,0.01639344262295082,1,23,0.043478260869565216,Safety-like,Global off
PTSD,4,28,1,3,4,ITI,CS-,61,0.01639344262295082,1,23,0.043478260869565216,Safety-like,Global on
PTSD,4,29,1,3,2,ITI,CS-,61,0.01639344262295082,1,23,0.043478260869565216,Safety-like,Threat-like
PTSD,4,30,1,3,4,ITI,CS+,61,0.01639344262295082,1,23,0.043478260869565216,Safety-like,Global on
PTSD,4,31,1,3,4,ITI,ITI,61,0.01639344262295082,1,23,0.043478260869565216,Safety-like,Global on
PTSD,31,1,1,4,1,CS-,CS-,65,0.015384615384615385,1,23,0.043478260869565216,Global on,Global off
PTSD,31,3,1,4,1,CS-,CS-,65,0.015384615384615385,1,23,0.043478260869565216,Global on,Global off
PTSD,31,4,1,4,3,CS+,CS+,65,0.015384615384615385,1,23,0.043478260869565216,Global on,Safety-like
PTSD,31,6,1,4,1,CS+,CS+,65,0.015384615384615385,1,23,0.043478260869565216,Global on,Global off
PTSD,31,8,1,4,3,CS-,CS-,65,0.015384615384615385,1,23,0.043478260869565216,Global on,Safety-like
PTSD,31,11,1,4,1,CS+,ITI,65,0.015384615384615385,1,23,0.043478260869565216,Global on,Global off
PTSD,31,13,1,4,2,CS+,CS+,65,0.015384615384615385,1,23,0.043478260869565216,Global on,Threat-like
PTSD,31,14,1,4,2,CS+,ITI,65,0.015384615384615385,1,23,0.043478260869565216,Global on,Threat-like
PTSD,31,17,1,4,1,ITI,ITI,65,0.015384615384615385,1,23,0.043478260869565216,Global on,Global off
PTSD,31,19,1,4,3,CS-,CS-,65,0.015384615384615385,1,23,0.043478260869565216,Global on,Safety-like
PTSD,31,23,1,4,4,ITI,ITI,65,0.015384615384615385,1,23,0.043478260869565216,Global on,Global on
PTSD,31,30,1,4,4,ITI,ITI,65,0.015384615384615385,1,23,0.043478260869565216,Global on,Global on
PTSD,32,5,2,4,1,CS+,CS+,131,0.015267175572519083,2,23,0.08695652173913043,Global on,Global off
PTSD,32,23,2,4,4,CS+,CS+,131,0.015267175572519083,2,23,0.08695652173913043,Global on,Global on
PTSD,32,26,2,4,4,CS+,CS-,131,0.015267175572519083,2,23,0.08695652173913043,Global on,Global on
PTSD,32,27,2,4,4,ITI,ITI,131,0.015267175572519083,2,23,0.08695652173913043,Global on,Global on
PTSD,2,3,1,1,1,ITI,ITI,66,0.015151515151515152,1,23,0.043478260869565216,Global off,Global off
PTSD,2,5,1,1,1,CS-,ITI,66,0.015151515151515152,1,23,0.043478260869565216,Global off,Global off
PTSD,2,7,1,1,1,ITI,ITI,66,0.015151515151515152,1,23,0.043478260869565216,Global off,Global off
PTSD,2,9,1,1,1,CS+,ITI,66,0.015151515151515152,1,23,0.043478260869565216,Global off,Global off
PTSD,2,14,1,1,2,CS+,CS+,66,0.015151515151515152,1,23,0.043478260869565216,Global off,Threat-like
PTSD,2,15,1,1,2,ITI,CS+,66,0.015151515151515152,1,23,0.043478260869565216,Global off,Threat-like
PTSD,2,16,1,1,4,ITI,ITI,66,0.015151515151515152,1,23,0.043478260869565216,Global off,Global on
PTSD,2,18,1,1,3,CS-,CS-,66,0.015151515151515152,1,23,0.043478260869565216,Global off,Safety-like
PTSD,2,22,1,1,4,ITI,CS+,66,0.015151515151515152,1,23,0.043478260869565216,Global off,Global on
PTSD,2,24,1,1,4,ITI,CS+,66,0.015151515151515152,1,23,0.043478260869565216,Global off,Global on
PTSD,29,2,1,2,1,ITI,ITI,68,0.014705882352941176,1,23,0.043478260869565216,Threat-like,Global off
PTSD,29,17,1,2,1,CS-,CS-,68,0.014705882352941176,1,23,0.043478260869565216,Threat-like,Global off
PTSD,29,18,1,2,3,ITI,ITI,68,0.014705882352941176,1,23,0.043478260869565216,Threat-like,Safety-like
PTSD,29,19,1,2,3,ITI,ITI,68,0.014705882352941176,1,23,0.043478260869565216,Threat-like,Safety-like
PTSD,29,27,1,2,4,ITI,ITI,68,0.014705882352941176,1,23,0.043478260869565216,Threat-like,Global on
PTSD,29,30,1,2,4,ITI,ITI,68,0.014705882352941176,1,23,0.043478260869565216,Threat-like,Global on
PTSD,1,12,2,1,3,CS+,CS+,146,0.0136986301369863,2,23,0.08695652173913043,Global off,Safety-like
PTSD,1,22,2,1,4,CS+,ITI,146,0.0136986301369863,2,23,0.08695652173913043,Global off,Global on
PTSD,16,8,1,4,3,ITI,ITI,78,0.01282051282051282,1,23,0.043478260869565216,Global on,Safety-like
PTSD,16,11,1,4,1,ITI,CS-,78,0.01282051282051282,1,23,0.043478260869565216,Global on,Global off
PTSD,16,12,1,4,3,CS+,ITI,78,0.01282051282051282,1,23,0.043478260869565216,Global on,Safety-like
PTSD,16,20,1,4,3,ITI,ITI,78,0.01282051282051282,1,23,0.043478260869565216,Global on,Safety-like
PTSD,16,22,1,4,4,ITI,ITI,78,0.01282051282051282,1,23,0.043478260869565216,Global on,Global on
PTSD,16,26,1,4,4,CS+,ITI,78,0.01282051282051282,1,23,0.043478260869565216,Global on,Global on
PTSD,13,6,1,2,1,CS-,ITI,82,0.012195121951219513,1,23,0.043478260869565216,Threat-like,Global off
PTSD,13,12,1,2,3,ITI,ITI,82,0.012195121951219513,1,23,0.043478260869565216,Threat-like,Safety-like
PTSD,13,15,1,2,2,ITI,CS+,82,0.012195121951219513,1,23,0.043478260869565216,Threat-like,Threat-like
PTSD,13,23,1,2,4,ITI,ITI,82,0.012195121951219513,1,23,0.043478260869565216,Threat-like,Global on
PTSD,13,27,1,2,4,CS-,ITI,82,0.012195121951219513,1,23,0.043478260869565216,Threat-like,Global on
PTSD,20,12,1,3,3,ITI,ITI,84,0.011904761904761904,1,23,0.043478260869565216,Safety-like,Safety-like
PTSD,20,16,1,3,4,ITI,ITI,84,0.011904761904761904,1,23,0.043478260869565216,Safety-like,Global on
PTSD,20,23,1,3,4,ITI,ITI,84,0.011904761904761904,1,23,0.043478260869565216,Safety-like,Global on
PTSD,20,27,1,3,4,CS+,CS+,84,0.011904761904761904,1,23,0.043478260869565216,Safety-like,Global on
PTSD,32,3,1,4,1,ITI,ITI,131,0.007633587786259542,1,23,0.043478260869565216,Global on,Global off
PTSD,32,7,1,4,1,ITI,ITI,131,0.007633587786259542,1,23,0.043478260869565216,Global on,Global off
PTSD,32,8,1,4,3,ITI,ITI,131,0.007633587786259542,1,23,0.043478260869565216,Global on,Safety-like
PTSD,32,11,1,4,1,CS-,ITI,131,0.007633587786259542,1,23,0.043478260869565216,Global on,Global off
PTSD,32,12,1,4,3,ITI,ITI,131,0.007633587786259542,1,23,0.043478260869565216,Global on,Safety-like
PTSD,32,21,1,4,1,CS-,CS-,131,0.007633587786259542,1,23,0.043478260869565216,Global on,Global off
PTSD,1,11,1,1,1,CS+,CS+,146,0.00684931506849315,1,23,0.043478260869565216,Global off,Global off
PTSD,1,15,1,1,2,CS+,ITI,146,0.00684931506849315,1,23,0.043478260869565216,Global off,Threat-like
PTSD,1,18,1,1,3,CS-,ITI,146,0.00684931506849315,1,23,0.043478260869565216,Global off,Safety-like
PTSD,1,27,1,1,4,ITI,ITI,146,0.00684931506849315,1,23,0.043478260869565216,Global off,Global on
