source,target,source_basin_PTSD,target_basin_PTSD,source_basin_label_PTSD,target_basin_label_PTSD,count_PTSD,source_total_PTSD,probability_PTSD,subject_support_count_PTSD,subject_support_prop_PTSD,most_common_source_event_PTSD,most_common_target_event_PTSD,source_basin_HC,target_basin_HC,source_basin_label_HC,target_basin_label_HC,count_HC,source_total_HC,probability_HC,subject_support_count_HC,subject_support_prop_HC,most_common_source_event_HC,most_common_target_event_HC,source_basin,target_basin,source_basin_label,target_basin_label,PTSD_minus_HC_count,PTSD_minus_HC_probability,PTSD_minus_HC_subject_support_count,PTSD_minus_HC_subject_support_prop,abs_probability_difference
22,6,4.0,1.0,Global on,Global off,4.0,29.0,0.13793103448275862,4.0,0.16666666666666666,CS-,ITI,0.0,0.0,0,0,0.0,0.0,0.0,0.0,0.0,0,0,4.0,1.0,Global on,Global off,4.0,0.13793103448275862,4.0,0.16666666666666666,0.13793103448275862
30,32,4.0,4.0,Global on,Global on,20.0,95.0,0.21052631578947367,13.0,0.5416666666666666,ITI,ITI,4.0,4.0,Global on,Global on,9.0,106.0,0.08490566037735849,8.0,0.3333333333333333,ITI,ITI,4.0,4.0,Global on,Global on,11.0,0.1256206554121152,5.0,0.20833333333333331,0.1256206554121152
22,31,4.0,4.0,Global on,Global on,5.0,29.0,0.1724137931034483,4.0,0.16666666666666666,ITI,ITI,4.0,4.0,Global on,Global on,2.0,40.0,0.05,2.0,0.08333333333333333,ITI,ITI,4.0,4.0,Global on,Global on,3.0,0.12241379310344828,2.0,0.08333333333333333,0.12241379310344828
10,1,1.0,1.0,Global off,Global off,13.0,64.0,0.203125,8.0,0.3333333333333333,CS-,ITI,1.0,1.0,Global off,Global off,11.0,130.0,0.08461538461538462,9.0,0.375,ITI,ITI,1.0,1.0,Global off,Global off,2.0,0.11850961538461538,-1.0,-0.041666666666666685,0.11850961538461538
6,1,1.0,1.0,Global off,Global off,6.0,88.0,0.06818181818181818,5.0,0.20833333333333334,ITI,CS-,1.0,1.0,Global off,Global off,12.0,66.0,0.18181818181818182,10.0,0.4166666666666667,ITI,ITI,1.0,1.0,Global off,Global off,-6.0,-0.11363636363636365,-5.0,-0.20833333333333334,0.11363636363636365
26,1,4.0,1.0,Global on,Global off,1.0,59.0,0.01694915254237288,1.0,0.041666666666666664,ITI,ITI,4.0,1.0,Global on,Global off,8.0,64.0,0.125,7.0,0.2916666666666667,ITI,ITI,4.0,1.0,Global on,Global off,-7.0,-0.10805084745762712,-6.0,-0.25,0.10805084745762712
18,20,3.0,3.0,Safety-like,Safety-like,13.0,77.0,0.16883116883116883,7.0,0.2916666666666667,ITI,ITI,3.0,3.0,Safety-like,Safety-like,7.0,112.0,0.0625,6.0,0.25,ITI,ITI,3.0,3.0,Safety-like,Safety-like,6.0,0.10633116883116883,1.0,0.041666666666666685,0.10633116883116883
11,32,0.0,0.0,0,0,0.0,0.0,0.0,0.0,0.0,0,0,1.0,4.0,Global off,Global on,4.0,39.0,0.10256410256410256,4.0,0.16666666666666666,ITI,ITI,1.0,4.0,Global off,Global on,-4.0,-0.10256410256410256,-4.0,-0.16666666666666666,0.10256410256410256
11,21,0.0,0.0,0,0,0.0,0.0,0.0,0.0,0.0,0,0,1.0,1.0,Global off,Global off,4.0,39.0,0.10256410256410256,4.0,0.16666666666666666,ITI,ITI,1.0,1.0,Global off,Global off,-4.0,-0.10256410256410256,-4.0,-0.16666666666666666,0.10256410256410256
11,1,1.0,1.0,Global off,Global off,5.0,40.0,0.125,4.0,0.16666666666666666,CS+,ITI,1.0,1.0,Global off,Global off,1.0,39.0,0.02564102564102564,1.0,0.041666666666666664,CS+,CS+,1.0,1.0,Global off,Global off,4.0,0.09935897435897437,3.0,0.125,0.09935897435897437
26,17,4.0,1.0,Global on,Global off,1.0,59.0,0.01694915254237288,1.0,0.041666666666666664,ITI,ITI,4.0,1.0,Global on,Global off,7.0,64.0,0.109375,5.0,0.20833333333333334,CS+,CS+,4.0,1.0,Global on,Global off,-6.0,-0.09242584745762712,-4.0,-0.16666666666666669,0.09242584745762712
25,32,1.0,4.0,Global off,Global on,16.0,122.0,0.13114754098360656,10.0,0.4166666666666667,ITI,ITI,1.0,4.0,Global off,Global on,4.0,101.0,0.039603960396039604,4.0,0.16666666666666666,ITI,CS+,1.0,4.0,Global off,Global on,12.0,0.09154358058756695,6.0,0.25,0.09154358058756695
26,32,4.0,4.0,Global on,Global on,10.0,59.0,0.1694915254237288,8.0,0.3333333333333333,ITI,CS+,4.0,4.0,Global on,Global on,5.0,64.0,0.078125,4.0,0.16666666666666666,ITI,CS-,4.0,4.0,Global on,Global on,5.0,0.0913665254237288,4.0,0.16666666666666666,0.0913665254237288
27,25,4.0,1.0,Global on,Global off,8.0,90.0,0.08888888888888889,6.0,0.25,ITI,ITI,0.0,0.0,0,0,0.0,0.0,0.0,0.0,0.0,0,0,4.0,1.0,Global on,Global off,8.0,0.08888888888888889,6.0,0.25,0.08888888888888889
26,28,4.0,4.0,Global on,Global on,5.0,59.0,0.0847457627118644,5.0,0.20833333333333334,ITI,ITI,0.0,0.0,0,0,0.0,0.0,0.0,0.0,0.0,0,0,4.0,4.0,Global on,Global on,5.0,0.0847457627118644,5.0,0.20833333333333334,0.0847457627118644
27,19,4.0,3.0,Global on,Safety-like,6.0,90.0,0.06666666666666667,6.0,0.25,ITI,CS+,4.0,3.0,Global on,Safety-like,11.0,73.0,0.1506849315068493,6.0,0.25,ITI,ITI,4.0,3.0,Global on,Safety-like,-5.0,-0.08401826484018264,0.0,0.0,0.08401826484018264
3,1,1.0,1.0,Global off,Global off,22.0,99.0,0.2222222222222222,14.0,0.5833333333333334,ITI,ITI,1.0,1.0,Global off,Global off,15.0,105.0,0.14285714285714285,10.0,0.4166666666666667,ITI,CS+,1.0,1.0,Global off,Global off,7.0,0.07936507936507936,4.0,0.16666666666666669,0.07936507936507936
11,2,1.0,1.0,Global off,Global off,1.0,40.0,0.025,1.0,0.041666666666666664,CS+,CS+,1.0,1.0,Global off,Global off,4.0,39.0,0.10256410256410256,4.0,0.16666666666666666,ITI,CS+,1.0,1.0,Global off,Global off,-3.0,-0.07756410256410257,-3.0,-0.125,0.07756410256410257
2,1,1.0,1.0,Global off,Global off,41.0,208.0,0.1971153846153846,19.0,0.7916666666666666,ITI,ITI,1.0,1.0,Global off,Global off,28.0,233.0,0.12017167381974249,16.0,0.6666666666666666,ITI,ITI,1.0,1.0,Global off,Global off,13.0,0.07694371079564212,3.0,0.125,0.07694371079564212
7,5,1.0,1.0,Global off,Global off,9.0,51.0,0.17647058823529413,6.0,0.25,CS-,ITI,1.0,1.0,Global off,Global off,7.0,69.0,0.10144927536231885,7.0,0.2916666666666667,CS+,ITI,1.0,1.0,Global off,Global off,2.0,0.07502131287297528,-1.0,-0.041666666666666685,0.07502131287297528
22,14,0.0,0.0,0,0,0.0,0.0,0.0,0.0,0.0,0,0,4.0,2.0,Global on,Threat-like,3.0,40.0,0.075,3.0,0.125,ITI,ITI,4.0,2.0,Global on,Threat-like,-3.0,-0.075,-3.0,-0.125,0.075
22,8,0.0,0.0,0,0,0.0,0.0,0.0,0.0,0.0,0,0,4.0,3.0,Global on,Safety-like,3.0,40.0,0.075,3.0,0.125,CS+,CS-,4.0,3.0,Global on,Safety-like,-3.0,-0.075,-3.0,-0.125,0.075
11,25,1.0,1.0,Global off,Global off,3.0,40.0,0.075,3.0,0.125,CS-,ITI,0.0,0.0,0,0,0.0,0.0,0.0,0.0,0.0,0,0,1.0,1.0,Global off,Global off,3.0,0.075,3.0,0.125,0.075
11,28,1.0,4.0,Global off,Global on,3.0,40.0,0.075,3.0,0.125,ITI,ITI,0.0,0.0,0,0,0.0,0.0,0.0,0.0,0.0,0,0,1.0,4.0,Global off,Global on,3.0,0.075,3.0,0.125,0.075
11,4,1.0,3.0,Global off,Safety-like,5.0,40.0,0.125,4.0,0.16666666666666666,CS+,CS+,1.0,3.0,Global off,Safety-like,2.0,39.0,0.05128205128205128,2.0,0.08333333333333333,ITI,CS+,1.0,3.0,Global off,Safety-like,3.0,0.07371794871794872,2.0,0.08333333333333333,0.07371794871794872
23,4,4.0,3.0,Global on,Safety-like,6.0,73.0,0.0821917808219178,6.0,0.25,ITI,ITI,4.0,3.0,Global on,Safety-like,1.0,111.0,0.009009009009009009,1.0,0.041666666666666664,CS+,CS+,4.0,3.0,Global on,Safety-like,5.0,0.07318277181290879,5.0,0.20833333333333334,0.07318277181290879
6,32,1.0,4.0,Global off,Global on,3.0,88.0,0.03409090909090909,3.0,0.125,ITI,CS+,1.0,4.0,Global off,Global on,7.0,66.0,0.10606060606060606,7.0,0.2916666666666667,ITI,ITI,1.0,4.0,Global off,Global on,-4.0,-0.07196969696969698,-4.0,-0.16666666666666669,0.07196969696969698
16,12,4.0,3.0,Global on,Safety-like,1.0,182.0,0.005494505494505495,1.0,0.041666666666666664,CS-,ITI,4.0,3.0,Global on,Safety-like,15.0,204.0,0.07352941176470588,7.0,0.2916666666666667,ITI,ITI,4.0,3.0,Global on,Safety-like,-14.0,-0.0680349062702004,-6.0,-0.25,0.0680349062702004
24,32,4.0,4.0,Global on,Global on,34.0,146.0,0.2328767123287671,16.0,0.6666666666666666,ITI,ITI,4.0,4.0,Global on,Global on,24.0,143.0,0.16783216783216784,16.0,0.6666666666666666,ITI,ITI,4.0,4.0,Global on,Global on,10.0,0.06504454449659927,0.0,0.0,0.06504454449659927
29,21,2.0,1.0,Threat-like,Global off,3.0,172.0,0.01744186046511628,2.0,0.08333333333333333,ITI,ITI,2.0,1.0,Threat-like,Global off,17.0,207.0,0.0821256038647343,8.0,0.3333333333333333,ITI,ITI,2.0,1.0,Threat-like,Global off,-14.0,-0.06468374339961802,-6.0,-0.25,0.06468374339961802
4,1,3.0,1.0,Safety-like,Global off,28.0,195.0,0.14358974358974358,15.0,0.625,ITI,ITI,3.0,1.0,Safety-like,Global off,16.0,202.0,0.07920792079207921,12.0,0.5,ITI,ITI,3.0,1.0,Safety-like,Global off,12.0,0.06438182279766437,3.0,0.125,0.06438182279766437
17,1,1.0,1.0,Global off,Global off,22.0,173.0,0.12716763005780346,16.0,0.6666666666666666,ITI,ITI,1.0,1.0,Global off,Global off,13.0,206.0,0.06310679611650485,8.0,0.3333333333333333,ITI,ITI,1.0,1.0,Global off,Global off,9.0,0.0640608339412986,8.0,0.3333333333333333,0.0640608339412986
30,20,4.0,3.0,Global on,Safety-like,2.0,95.0,0.021052631578947368,2.0,0.08333333333333333,CS+,CS+,4.0,3.0,Global on,Safety-like,9.0,106.0,0.08490566037735849,8.0,0.3333333333333333,ITI,ITI,4.0,3.0,Global on,Safety-like,-7.0,-0.06385302879841112,-6.0,-0.25,0.06385302879841112
10,2,1.0,1.0,Global off,Global off,9.0,64.0,0.140625,8.0,0.3333333333333333,ITI,ITI,1.0,1.0,Global off,Global off,10.0,130.0,0.07692307692307693,6.0,0.25,ITI,ITI,1.0,1.0,Global off,Global off,-1.0,0.06370192307692307,2.0,0.08333333333333331,0.06370192307692307
10,3,0.0,0.0,0,0,0.0,0.0,0.0,0.0,0.0,0,0,1.0,1.0,Global off,Global off,8.0,130.0,0.06153846153846154,4.0,0.16666666666666666,CS-,ITI,1.0,1.0,Global off,Global off,-8.0,-0.06153846153846154,-4.0,-0.16666666666666666,0.06153846153846154
10,12,0.0,0.0,0,0,0.0,0.0,0.0,0.0,0.0,0,0,1.0,3.0,Global off,Safety-like,8.0,130.0,0.06153846153846154,8.0,0.3333333333333333,ITI,CS-,1.0,3.0,Global off,Safety-like,-8.0,-0.06153846153846154,-8.0,-0.3333333333333333,0.06153846153846154
10,20,1.0,3.0,Global off,Safety-like,1.0,64.0,0.015625,1.0,0.041666666666666664,CS+,CS+,1.0,3.0,Global off,Safety-like,10.0,130.0,0.07692307692307693,8.0,0.3333333333333333,CS+,ITI,1.0,3.0,Global off,Safety-like,-9.0,-0.06129807692307693,-7.0,-0.29166666666666663,0.06129807692307693
6,2,1.0,1.0,Global off,Global off,4.0,88.0,0.045454545454545456,3.0,0.125,CS+,ITI,1.0,1.0,Global off,Global off,7.0,66.0,0.10606060606060606,5.0,0.20833333333333334,ITI,ITI,1.0,1.0,Global off,Global off,-3.0,-0.06060606060606061,-2.0,-0.08333333333333334,0.06060606060606061
7,16,1.0,4.0,Global off,Global on,6.0,51.0,0.11764705882352941,3.0,0.125,ITI,ITI,1.0,4.0,Global off,Global on,4.0,69.0,0.057971014492753624,4.0,0.16666666666666666,ITI,CS-,1.0,4.0,Global off,Global on,2.0,0.059676044330775786,-1.0,-0.04166666666666666,0.059676044330775786
23,8,4.0,3.0,Global on,Safety-like,5.0,73.0,0.0684931506849315,5.0,0.20833333333333334,ITI,CS+,4.0,3.0,Global on,Safety-like,1.0,111.0,0.009009009009009009,1.0,0.041666666666666664,CS-,CS-,4.0,3.0,Global on,Safety-like,4.0,0.059484141675922496,4.0,0.16666666666666669,0.059484141675922496
25,31,0.0,0.0,0,0,0.0,0.0,0.0,0.0,0.0,0,0,1.0,4.0,Global off,Global on,6.0,101.0,0.0594059405940594,6.0,0.25,ITI,ITI,1.0,4.0,Global off,Global on,-6.0,-0.0594059405940594,-6.0,-0.25,0.0594059405940594
15,13,2.0,2.0,Threat-like,Threat-like,8.0,84.0,0.09523809523809523,7.0,0.2916666666666667,ITI,ITI,2.0,2.0,Threat-like,Threat-like,17.0,110.0,0.15454545454545454,12.0,0.5,CS-,ITI,2.0,2.0,Threat-like,Threat-like,-9.0,-0.05930735930735931,-5.0,-0.20833333333333331,0.05930735930735931
4,13,3.0,2.0,Safety-like,Threat-like,1.0,195.0,0.005128205128205128,1.0,0.041666666666666664,CS-,ITI,3.0,2.0,Safety-like,Threat-like,13.0,202.0,0.06435643564356436,9.0,0.375,ITI,CS+,3.0,2.0,Safety-like,Threat-like,-12.0,-0.05922823051535923,-8.0,-0.3333333333333333,0.05922823051535923
13,14,2.0,2.0,Threat-like,Threat-like,11.0,243.0,0.04526748971193416,6.0,0.25,ITI,ITI,2.0,2.0,Threat-like,Threat-like,27.0,259.0,0.10424710424710425,16.0,0.6666666666666666,ITI,ITI,2.0,2.0,Threat-like,Threat-like,-16.0,-0.05897961453517009,-10.0,-0.41666666666666663,0.05897961453517009
8,6,3.0,1.0,Safety-like,Global off,6.0,93.0,0.06451612903225806,3.0,0.125,CS+,ITI,3.0,1.0,Safety-like,Global off,1.0,107.0,0.009345794392523364,1.0,0.041666666666666664,CS+,CS+,3.0,1.0,Safety-like,Global off,5.0,0.0551703346397347,2.0,0.08333333333333334,0.0551703346397347
7,31,1.0,4.0,Global off,Global on,5.0,51.0,0.09803921568627451,4.0,0.16666666666666666,CS-,ITI,1.0,4.0,Global off,Global on,3.0,69.0,0.043478260869565216,3.0,0.125,CS+,ITI,1.0,4.0,Global off,Global on,2.0,0.05456095481670929,1.0,0.04166666666666666,0.05456095481670929
29,32,2.0,4.0,Threat-like,Global on,26.0,172.0,0.1511627906976744,12.0,0.5,ITI,ITI,2.0,4.0,Threat-like,Global on,20.0,207.0,0.0966183574879227,15.0,0.625,ITI,CS-,2.0,4.0,Threat-like,Global on,6.0,0.054544433209751705,-3.0,-0.125,0.054544433209751705
5,4,1.0,3.0,Global off,Safety-like,12.0,184.0,0.06521739130434782,11.0,0.4583333333333333,ITI,ITI,1.0,3.0,Global off,Safety-like,2.0,174.0,0.011494252873563218,2.0,0.08333333333333333,CS+,CS-,1.0,3.0,Global off,Safety-like,10.0,0.053723138430784606,9.0,0.375,0.053723138430784606
26,14,4.0,2.0,Global on,Threat-like,5.0,59.0,0.0847457627118644,5.0,0.20833333333333334,ITI,CS-,4.0,2.0,Global on,Threat-like,2.0,64.0,0.03125,2.0,0.08333333333333333,CS-,CS-,4.0,2.0,Global on,Threat-like,3.0,0.0534957627118644,3.0,0.125,0.0534957627118644
12,13,3.0,2.0,Safety-like,Threat-like,5.0,64.0,0.078125,4.0,0.16666666666666666,ITI,ITI,3.0,2.0,Safety-like,Threat-like,3.0,121.0,0.024793388429752067,3.0,0.125,CS+,CS+,3.0,2.0,Safety-like,Threat-like,2.0,0.05333161157024793,1.0,0.04166666666666666,0.05333161157024793
7,20,1.0,3.0,Global off,Safety-like,1.0,51.0,0.0196078431372549,1.0,0.041666666666666664,ITI,ITI,1.0,3.0,Global off,Safety-like,5.0,69.0,0.07246376811594203,4.0,0.16666666666666666,CS-,CS-,1.0,3.0,Global off,Safety-like,-4.0,-0.05285592497868713,-3.0,-0.125,0.05285592497868713
12,32,3.0,4.0,Safety-like,Global on,6.0,64.0,0.09375,4.0,0.16666666666666666,ITI,ITI,3.0,4.0,Safety-like,Global on,5.0,121.0,0.04132231404958678,5.0,0.20833333333333334,ITI,ITI,3.0,4.0,Safety-like,Global on,1.0,0.05242768595041322,-1.0,-0.041666666666666685,0.05242768595041322
26,29,4.0,2.0,Global on,Threat-like,4.0,59.0,0.06779661016949153,4.0,0.16666666666666666,ITI,ITI,4.0,2.0,Global on,Threat-like,1.0,64.0,0.015625,1.0,0.041666666666666664,ITI,ITI,4.0,2.0,Global on,Threat-like,3.0,0.052171610169491525,3.0,0.125,0.052171610169491525
8,32,3.0,4.0,Safety-like,Global on,10.0,93.0,0.10752688172043011,8.0,0.3333333333333333,ITI,ITI,3.0,4.0,Safety-like,Global on,6.0,107.0,0.056074766355140186,5.0,0.20833333333333334,CS+,CS+,3.0,4.0,Safety-like,Global on,4.0,0.05145211536528992,3.0,0.12499999999999997,0.05145211536528992
11,17,0.0,0.0,0,0,0.0,0.0,0.0,0.0,0.0,0,0,1.0,1.0,Global off,Global off,2.0,39.0,0.05128205128205128,2.0,0.08333333333333333,CS-,ITI,1.0,1.0,Global off,Global off,-2.0,-0.05128205128205128,-2.0,-0.08333333333333333,0.05128205128205128
11,30,0.0,0.0,0,0,0.0,0.0,0.0,0.0,0.0,0,0,1.0,4.0,Global off,Global on,2.0,39.0,0.05128205128205128,2.0,0.08333333333333333,CS+,ITI,1.0,4.0,Global off,Global on,-2.0,-0.05128205128205128,-2.0,-0.08333333333333333,0.05128205128205128
11,18,0.0,0.0,0,0,0.0,0.0,0.0,0.0,0.0,0,0,1.0,3.0,Global off,Safety-like,2.0,39.0,0.05128205128205128,2.0,0.08333333333333333,CS+,ITI,1.0,3.0,Global off,Safety-like,-2.0,-0.05128205128205128,-2.0,-0.08333333333333333,0.05128205128205128
9,14,1.0,2.0,Global off,Threat-like,3.0,147.0,0.02040816326530612,3.0,0.125,ITI,ITI,1.0,2.0,Global off,Threat-like,10.0,140.0,0.07142857142857142,10.0,0.4166666666666667,ITI,CS+,1.0,2.0,Global off,Threat-like,-7.0,-0.05102040816326531,-7.0,-0.2916666666666667,0.05102040816326531
30,13,4.0,2.0,Global on,Threat-like,12.0,95.0,0.12631578947368421,9.0,0.375,ITI,CS+,4.0,2.0,Global on,Threat-like,8.0,106.0,0.07547169811320754,8.0,0.3333333333333333,ITI,CS+,4.0,2.0,Global on,Threat-like,4.0,0.05084409136047667,1.0,0.041666666666666685,0.05084409136047667
9,15,1.0,2.0,Global off,Threat-like,1.0,147.0,0.006802721088435374,1.0,0.041666666666666664,ITI,CS-,1.0,2.0,Global off,Threat-like,8.0,140.0,0.05714285714285714,7.0,0.2916666666666667,ITI,ITI,1.0,2.0,Global off,Threat-like,-7.0,-0.050340136054421766,-6.0,-0.25,0.050340136054421766
20,32,3.0,4.0,Safety-like,Global on,28.0,238.0,0.11764705882352941,16.0,0.6666666666666666,ITI,ITI,3.0,4.0,Safety-like,Global on,43.0,256.0,0.16796875,21.0,0.875,ITI,ITI,3.0,4.0,Safety-like,Global on,-15.0,-0.05032169117647059,-5.0,-0.20833333333333337,0.05032169117647059
22,1,0.0,0.0,0,0,0.0,0.0,0.0,0.0,0.0,0,0,4.0,1.0,Global on,Global off,2.0,40.0,0.05,2.0,0.08333333333333333,ITI,ITI,4.0,1.0,Global on,Global off,-2.0,-0.05,-2.0,-0.08333333333333333,0.05
22,9,0.0,0.0,0,0,0.0,0.0,0.0,0.0,0.0,0,0,4.0,1.0,Global on,Global off,2.0,40.0,0.05,2.0,0.08333333333333333,CS-,CS+,4.0,1.0,Global on,Global off,-2.0,-0.05,-2.0,-0.08333333333333333,0.05
11,13,1.0,2.0,Global off,Threat-like,2.0,40.0,0.05,2.0,0.08333333333333333,CS+,ITI,0.0,0.0,0,0,0.0,0.0,0.0,0.0,0.0,0,0,1.0,2.0,Global off,Threat-like,2.0,0.05,2.0,0.08333333333333333,0.05
22,4,0.0,0.0,0,0,0.0,0.0,0.0,0.0,0.0,0,0,4.0,3.0,Global on,Safety-like,2.0,40.0,0.05,2.0,0.08333333333333333,CS-,CS-,4.0,3.0,Global on,Safety-like,-2.0,-0.05,-2.0,-0.08333333333333333,0.05
21,1,1.0,1.0,Global off,Global off,11.0,89.0,0.12359550561797752,7.0,0.2916666666666667,ITI,ITI,1.0,1.0,Global off,Global off,10.0,135.0,0.07407407407407407,7.0,0.2916666666666667,CS+,ITI,1.0,1.0,Global off,Global off,1.0,0.049521431543903455,0.0,0.0,0.049521431543903455
11,20,1.0,3.0,Global off,Safety-like,3.0,40.0,0.075,3.0,0.125,ITI,ITI,1.0,3.0,Global off,Safety-like,1.0,39.0,0.02564102564102564,1.0,0.041666666666666664,CS+,ITI,1.0,3.0,Global off,Safety-like,2.0,0.04935897435897436,2.0,0.08333333333333334,0.04935897435897436
11,16,1.0,4.0,Global off,Global on,3.0,40.0,0.075,3.0,0.125,ITI,CS+,1.0,4.0,Global off,Global on,1.0,39.0,0.02564102564102564,1.0,0.041666666666666664,ITI,CS+,1.0,4.0,Global off,Global on,2.0,0.04935897435897436,2.0,0.08333333333333334,0.04935897435897436
13,32,2.0,4.0,Threat-like,Global on,22.0,243.0,0.09053497942386832,14.0,0.5833333333333334,ITI,ITI,2.0,4.0,Threat-like,Global on,11.0,259.0,0.04247104247104247,9.0,0.375,ITI,CS+,2.0,4.0,Threat-like,Global on,11.0,0.04806393695282585,5.0,0.20833333333333337,0.04806393695282585
15,27,2.0,4.0,Threat-like,Global on,4.0,84.0,0.047619047619047616,4.0,0.16666666666666666,CS+,ITI,0.0,0.0,0,0,0.0,0.0,0.0,0.0,0.0,0,0,2.0,4.0,Threat-like,Global on,4.0,0.047619047619047616,4.0,0.16666666666666666,0.047619047619047616
10,9,1.0,1.0,Global off,Global off,6.0,64.0,0.09375,6.0,0.25,ITI,ITI,1.0,1.0,Global off,Global off,6.0,130.0,0.046153846153846156,6.0,0.25,ITI,ITI,1.0,1.0,Global off,Global off,0.0,0.047596153846153844,0.0,0.0,0.047596153846153844
10,32,1.0,4.0,Global off,Global on,4.0,64.0,0.0625,4.0,0.16666666666666666,CS-,CS-,1.0,4.0,Global off,Global on,2.0,130.0,0.015384615384615385,2.0,0.08333333333333333,ITI,CS-,1.0,4.0,Global off,Global on,2.0,0.047115384615384615,2.0,0.08333333333333333,0.047115384615384615
26,9,0.0,0.0,0,0,0.0,0.0,0.0,0.0,0.0,0,0,4.0,1.0,Global on,Global off,3.0,64.0,0.046875,3.0,0.125,CS+,ITI,4.0,1.0,Global on,Global off,-3.0,-0.046875,-3.0,-0.125,0.046875
26,2,0.0,0.0,0,0,0.0,0.0,0.0,0.0,0.0,0,0,4.0,1.0,Global on,Global off,3.0,64.0,0.046875,3.0,0.125,ITI,ITI,4.0,1.0,Global on,Global off,-3.0,-0.046875,-3.0,-0.125,0.046875
26,10,0.0,0.0,0,0,0.0,0.0,0.0,0.0,0.0,0,0,4.0,1.0,Global on,Global off,3.0,64.0,0.046875,2.0,0.08333333333333333,ITI,CS-,4.0,1.0,Global on,Global off,-3.0,-0.046875,-2.0,-0.08333333333333333,0.046875
5,2,1.0,1.0,Global off,Global off,2.0,184.0,0.010869565217391304,2.0,0.08333333333333333,ITI,CS+,1.0,1.0,Global off,Global off,10.0,174.0,0.05747126436781609,8.0,0.3333333333333333,ITI,ITI,1.0,1.0,Global off,Global off,-8.0,-0.04660169915042479,-6.0,-0.25,0.04660169915042479
19,32,3.0,4.0,Safety-like,Global on,17.0,120.0,0.14166666666666666,12.0,0.5,ITI,ITI,3.0,4.0,Safety-like,Global on,15.0,157.0,0.09554140127388536,11.0,0.4583333333333333,ITI,ITI,3.0,4.0,Safety-like,Global on,2.0,0.046125265392781306,1.0,0.041666666666666685,0.046125265392781306
24,20,4.0,3.0,Global on,Safety-like,20.0,146.0,0.136986301369863,13.0,0.5416666666666666,ITI,ITI,4.0,3.0,Global on,Safety-like,13.0,143.0,0.09090909090909091,10.0,0.4166666666666667,ITI,ITI,4.0,3.0,Global on,Safety-like,7.0,0.046077210460772094,3.0,0.12499999999999994,0.046077210460772094
25,9,1.0,1.0,Global off,Global off,8.0,122.0,0.06557377049180328,6.0,0.25,ITI,ITI,1.0,1.0,Global off,Global off,2.0,101.0,0.019801980198019802,2.0,0.08333333333333333,ITI,ITI,1.0,1.0,Global off,Global off,6.0,0.045771790293783476,4.0,0.16666666666666669,0.045771790293783476
25,27,1.0,4.0,Global off,Global on,8.0,122.0,0.06557377049180328,7.0,0.2916666666666667,ITI,ITI,1.0,4.0,Global off,Global on,2.0,101.0,0.019801980198019802,2.0,0.08333333333333333,CS-,CS-,1.0,4.0,Global off,Global on,6.0,0.045771790293783476,5.0,0.20833333333333337,0.045771790293783476
26,20,4.0,3.0,Global on,Safety-like,1.0,59.0,0.01694915254237288,1.0,0.041666666666666664,ITI,ITI,4.0,3.0,Global on,Safety-like,4.0,64.0,0.0625,4.0,0.16666666666666666,ITI,ITI,4.0,3.0,Global on,Safety-like,-3.0,-0.04555084745762712,-3.0,-0.125,0.04555084745762712
6,25,1.0,1.0,Global off,Global off,4.0,88.0,0.045454545454545456,2.0,0.08333333333333333,ITI,ITI,0.0,0.0,0,0,0.0,0.0,0.0,0.0,0.0,0,0,1.0,1.0,Global off,Global off,4.0,0.045454545454545456,2.0,0.08333333333333333,0.045454545454545456
6,29,1.0,2.0,Global off,Threat-like,4.0,88.0,0.045454545454545456,4.0,0.16666666666666666,CS-,CS-,0.0,0.0,0,0,0.0,0.0,0.0,0.0,0.0,0,0,1.0,2.0,Global off,Threat-like,4.0,0.045454545454545456,4.0,0.16666666666666666,0.045454545454545456
21,13,1.0,2.0,Global off,Threat-like,6.0,89.0,0.06741573033707865,6.0,0.25,ITI,ITI,1.0,2.0,Global off,Threat-like,3.0,135.0,0.022222222222222223,3.0,0.125,ITI,CS+,1.0,2.0,Global off,Threat-like,3.0,0.04519350811485642,3.0,0.125,0.04519350811485642
18,29,0.0,0.0,0,0,0.0,0.0,0.0,0.0,0.0,0,0,3.0,2.0,Safety-like,Threat-like,5.0,112.0,0.044642857142857144,5.0,0.20833333333333334,ITI,CS+,3.0,2.0,Safety-like,Threat-like,-5.0,-0.044642857142857144,-5.0,-0.20833333333333334,0.044642857142857144
19,30,0.0,0.0,0,0,0.0,0.0,0.0,0.0,0.0,0,0,3.0,4.0,Safety-like,Global on,7.0,157.0,0.044585987261146494,5.0,0.20833333333333334,ITI,ITI,3.0,4.0,Safety-like,Global on,-7.0,-0.044585987261146494,-5.0,-0.20833333333333334,0.044585987261146494
21,24,1.0,4.0,Global off,Global on,2.0,89.0,0.02247191011235955,2.0,0.08333333333333333,CS-,CS-,1.0,4.0,Global off,Global on,9.0,135.0,0.06666666666666667,6.0,0.25,ITI,ITI,1.0,4.0,Global off,Global on,-7.0,-0.044194756554307116,-4.0,-0.16666666666666669,0.044194756554307116
22,30,4.0,4.0,Global on,Global on,2.0,29.0,0.06896551724137931,2.0,0.08333333333333333,ITI,CS-,4.0,4.0,Global on,Global on,1.0,40.0,0.025,1.0,0.041666666666666664,ITI,ITI,4.0,4.0,Global on,Global on,1.0,0.04396551724137931,1.0,0.041666666666666664,0.04396551724137931
8,2,3.0,1.0,Safety-like,Global off,2.0,93.0,0.021505376344086023,2.0,0.08333333333333333,CS+,CS+,3.0,1.0,Safety-like,Global off,7.0,107.0,0.06542056074766354,6.0,0.25,ITI,ITI,3.0,1.0,Safety-like,Global off,-5.0,-0.04391518440357752,-4.0,-0.16666666666666669,0.04391518440357752
19,31,3.0,4.0,Safety-like,Global on,9.0,120.0,0.075,6.0,0.25,ITI,ITI,3.0,4.0,Safety-like,Global on,5.0,157.0,0.03184713375796178,5.0,0.20833333333333334,ITI,ITI,3.0,4.0,Safety-like,Global on,4.0,0.043152866242038214,1.0,0.04166666666666666,0.043152866242038214
8,16,3.0,4.0,Safety-like,Global on,3.0,93.0,0.03225806451612903,3.0,0.125,CS+,CS+,3.0,4.0,Safety-like,Global on,8.0,107.0,0.07476635514018691,6.0,0.25,CS-,ITI,3.0,4.0,Safety-like,Global on,-5.0,-0.04250829062405788,-3.0,-0.125,0.04250829062405788
12,10,3.0,1.0,Safety-like,Global off,1.0,64.0,0.015625,1.0,0.041666666666666664,ITI,CS+,3.0,1.0,Safety-like,Global off,7.0,121.0,0.05785123966942149,4.0,0.16666666666666666,CS+,ITI,3.0,1.0,Safety-like,Global off,-6.0,-0.04222623966942149,-3.0,-0.125,0.04222623966942149
17,23,1.0,4.0,Global off,Global on,2.0,173.0,0.011560693641618497,1.0,0.041666666666666664,CS+,ITI,1.0,4.0,Global off,Global on,11.0,206.0,0.05339805825242718,10.0,0.4166666666666667,ITI,ITI,1.0,4.0,Global off,Global on,-9.0,-0.04183736461080868,-9.0,-0.375,0.04183736461080868
25,29,1.0,2.0,Global off,Threat-like,7.0,122.0,0.05737704918032787,6.0,0.25,ITI,ITI,1.0,2.0,Global off,Threat-like,10.0,101.0,0.09900990099009901,7.0,0.2916666666666667,ITI,ITI,1.0,2.0,Global off,Threat-like,-3.0,-0.041632851809771144,-1.0,-0.041666666666666685,0.041632851809771144
3,17,1.0,1.0,Global off,Global off,6.0,99.0,0.06060606060606061,6.0,0.25,CS+,ITI,1.0,1.0,Global off,Global off,2.0,105.0,0.01904761904761905,2.0,0.08333333333333333,CS-,ITI,1.0,1.0,Global off,Global off,4.0,0.04155844155844156,4.0,0.16666666666666669,0.04155844155844156
15,20,2.0,3.0,Threat-like,Safety-like,5.0,84.0,0.05952380952380952,5.0,0.20833333333333334,ITI,ITI,2.0,3.0,Threat-like,Safety-like,2.0,110.0,0.01818181818181818,2.0,0.08333333333333333,CS-,ITI,2.0,3.0,Threat-like,Safety-like,3.0,0.04134199134199134,3.0,0.125,0.04134199134199134
12,8,0.0,0.0,0,0,0.0,0.0,0.0,0.0,0.0,0,0,3.0,3.0,Safety-like,Safety-like,5.0,121.0,0.04132231404958678,5.0,0.20833333333333334,ITI,CS+,3.0,3.0,Safety-like,Safety-like,-5.0,-0.04132231404958678,-5.0,-0.20833333333333334,0.04132231404958678
18,25,3.0,1.0,Safety-like,Global off,1.0,77.0,0.012987012987012988,1.0,0.041666666666666664,ITI,ITI,3.0,1.0,Safety-like,Global off,6.0,112.0,0.05357142857142857,4.0,0.16666666666666666,ITI,ITI,3.0,1.0,Safety-like,Global off,-5.0,-0.040584415584415584,-3.0,-0.125,0.040584415584415584
22,28,4.0,4.0,Global on,Global on,1.0,29.0,0.034482758620689655,1.0,0.041666666666666664,ITI,ITI,4.0,4.0,Global on,Global on,3.0,40.0,0.075,3.0,0.125,ITI,ITI,4.0,4.0,Global on,Global on,-2.0,-0.04051724137931034,-2.0,-0.08333333333333334,0.04051724137931034
29,30,2.0,4.0,Threat-like,Global on,11.0,172.0,0.06395348837209303,8.0,0.3333333333333333,ITI,ITI,2.0,4.0,Threat-like,Global on,5.0,207.0,0.024154589371980676,4.0,0.16666666666666666,CS-,CS-,2.0,4.0,Threat-like,Global on,6.0,0.03979889900011235,4.0,0.16666666666666666,0.03979889900011235
8,1,3.0,1.0,Safety-like,Global off,5.0,93.0,0.053763440860215055,5.0,0.20833333333333334,ITI,ITI,3.0,1.0,Safety-like,Global off,10.0,107.0,0.09345794392523364,7.0,0.2916666666666667,ITI,ITI,3.0,1.0,Safety-like,Global off,-5.0,-0.03969450306501859,-2.0,-0.08333333333333334,0.03969450306501859
25,10,0.0,0.0,0,0,0.0,0.0,0.0,0.0,0.0,0,0,1.0,1.0,Global off,Global off,4.0,101.0,0.039603960396039604,4.0,0.16666666666666666,CS-,CS-,1.0,1.0,Global off,Global off,-4.0,-0.039603960396039604,-4.0,-0.16666666666666666,0.039603960396039604
29,17,2.0,1.0,Threat-like,Global off,4.0,172.0,0.023255813953488372,4.0,0.16666666666666666,CS+,ITI,2.0,1.0,Threat-like,Global off,13.0,207.0,0.06280193236714976,10.0,0.4166666666666667,ITI,ITI,2.0,1.0,Threat-like,Global off,-9.0,-0.03954611841366139,-6.0,-0.25,0.03954611841366139
10,29,1.0,2.0,Global off,Threat-like,4.0,64.0,0.0625,4.0,0.16666666666666666,CS-,CS-,1.0,2.0,Global off,Threat-like,3.0,130.0,0.023076923076923078,3.0,0.125,CS+,ITI,1.0,2.0,Global off,Threat-like,1.0,0.03942307692307692,1.0,0.04166666666666666,0.03942307692307692
14,13,2.0,2.0,Threat-like,Threat-like,24.0,138.0,0.17391304347826086,13.0,0.5416666666666666,ITI,ITI,2.0,2.0,Threat-like,Threat-like,23.0,171.0,0.13450292397660818,15.0,0.625,ITI,ITI,2.0,2.0,Threat-like,Threat-like,1.0,0.039410119501652685,-2.0,-0.08333333333333337,0.039410119501652685
18,15,3.0,2.0,Safety-like,Threat-like,3.0,77.0,0.03896103896103896,3.0,0.125,ITI,CS+,0.0,0.0,0,0,0.0,0.0,0.0,0.0,0.0,0,0,3.0,2.0,Safety-like,Threat-like,3.0,0.03896103896103896,3.0,0.125,0.03896103896103896
2,5,1.0,1.0,Global off,Global off,17.0,208.0,0.08173076923076923,13.0,0.5416666666666666,ITI,ITI,1.0,1.0,Global off,Global off,10.0,233.0,0.04291845493562232,9.0,0.375,ITI,ITI,1.0,1.0,Global off,Global off,7.0,0.038812314295146914,4.0,0.16666666666666663,0.038812314295146914
28,25,4.0,1.0,Global on,Global off,6.0,171.0,0.03508771929824561,5.0,0.20833333333333334,ITI,ITI,4.0,1.0,Global on,Global off,13.0,176.0,0.07386363636363637,9.0,0.375,ITI,ITI,4.0,1.0,Global on,Global off,-7.0,-0.038775917065390755,-4.0,-0.16666666666666666,0.038775917065390755
9,4,1.0,3.0,Global off,Safety-like,12.0,147.0,0.08163265306122448,10.0,0.4166666666666667,ITI,ITI,1.0,3.0,Global off,Safety-like,6.0,140.0,0.04285714285714286,4.0,0.16666666666666666,ITI,ITI,1.0,3.0,Global off,Safety-like,6.0,0.038775510204081626,6.0,0.25,0.038775510204081626
12,14,3.0,2.0,Safety-like,Threat-like,3.0,64.0,0.046875,3.0,0.125,CS+,CS+,3.0,2.0,Safety-like,Threat-like,1.0,121.0,0.008264462809917356,1.0,0.041666666666666664,ITI,CS-,3.0,2.0,Safety-like,Threat-like,2.0,0.038610537190082644,2.0,0.08333333333333334,0.038610537190082644
25,28,1.0,4.0,Global off,Global on,5.0,122.0,0.040983606557377046,4.0,0.16666666666666666,ITI,ITI,1.0,4.0,Global off,Global on,8.0,101.0,0.07920792079207921,7.0,0.2916666666666667,ITI,ITI,1.0,4.0,Global off,Global on,-3.0,-0.03822431423470216,-3.0,-0.12500000000000003,0.03822431423470216
10,4,1.0,3.0,Global off,Safety-like,1.0,64.0,0.015625,1.0,0.041666666666666664,CS-,ITI,1.0,3.0,Global off,Safety-like,7.0,130.0,0.05384615384615385,5.0,0.20833333333333334,ITI,ITI,1.0,3.0,Global off,Safety-like,-6.0,-0.03822115384615385,-4.0,-0.16666666666666669,0.03822115384615385
10,14,1.0,2.0,Global off,Threat-like,1.0,64.0,0.015625,1.0,0.041666666666666664,ITI,ITI,1.0,2.0,Global off,Threat-like,7.0,130.0,0.05384615384615385,7.0,0.2916666666666667,ITI,ITI,1.0,2.0,Global off,Threat-like,-6.0,-0.03822115384615385,-6.0,-0.25,0.03822115384615385
10,17,1.0,1.0,Global off,Global off,1.0,64.0,0.015625,1.0,0.041666666666666664,CS-,CS-,1.0,1.0,Global off,Global off,7.0,130.0,0.05384615384615385,6.0,0.25,ITI,ITI,1.0,1.0,Global off,Global off,-6.0,-0.03822115384615385,-5.0,-0.20833333333333334,0.03822115384615385
3,12,0.0,0.0,0,0,0.0,0.0,0.0,0.0,0.0,0,0,1.0,3.0,Global off,Safety-like,4.0,105.0,0.0380952380952381,4.0,0.16666666666666666,CS+,ITI,1.0,3.0,Global off,Safety-like,-4.0,-0.0380952380952381,-4.0,-0.16666666666666666,0.0380952380952381
21,2,1.0,1.0,Global off,Global off,8.0,89.0,0.0898876404494382,5.0,0.20833333333333334,CS-,ITI,1.0,1.0,Global off,Global off,7.0,135.0,0.05185185185185185,4.0,0.16666666666666666,ITI,ITI,1.0,1.0,Global off,Global off,1.0,0.03803578859758635,1.0,0.041666666666666685,0.03803578859758635
6,16,1.0,4.0,Global off,Global on,6.0,88.0,0.06818181818181818,4.0,0.16666666666666666,ITI,CS-,1.0,4.0,Global off,Global on,2.0,66.0,0.030303030303030304,2.0,0.08333333333333333,CS+,ITI,1.0,4.0,Global off,Global on,4.0,0.03787878787878787,2.0,0.08333333333333333,0.03787878787878787
6,8,1.0,3.0,Global off,Safety-like,6.0,88.0,0.06818181818181818,5.0,0.20833333333333334,CS+,CS+,1.0,3.0,Global off,Safety-like,2.0,66.0,0.030303030303030304,2.0,0.08333333333333333,CS-,ITI,1.0,3.0,Global off,Safety-like,4.0,0.03787878787878787,3.0,0.125,0.03787878787878787
26,13,4.0,2.0,Global on,Threat-like,5.0,59.0,0.0847457627118644,4.0,0.16666666666666666,CS+,ITI,4.0,2.0,Global on,Threat-like,3.0,64.0,0.046875,2.0,0.08333333333333333,CS-,CS-,4.0,2.0,Global on,Threat-like,2.0,0.0378707627118644,2.0,0.08333333333333333,0.0378707627118644
3,8,1.0,3.0,Global off,Safety-like,1.0,99.0,0.010101010101010102,1.0,0.041666666666666664,CS-,ITI,1.0,3.0,Global off,Safety-like,5.0,105.0,0.047619047619047616,5.0,0.20833333333333334,ITI,CS-,1.0,3.0,Global off,Safety-like,-4.0,-0.03751803751803751,-4.0,-0.16666666666666669,0.03751803751803751
17,4,1.0,3.0,Global off,Safety-like,9.0,173.0,0.05202312138728324,6.0,0.25,ITI,ITI,1.0,3.0,Global off,Safety-like,3.0,206.0,0.014563106796116505,3.0,0.125,ITI,ITI,1.0,3.0,Global off,Safety-like,6.0,0.03746001459116673,3.0,0.125,0.03746001459116673
5,9,1.0,1.0,Global off,Global off,9.0,184.0,0.04891304347826087,9.0,0.375,ITI,CS-,1.0,1.0,Global off,Global off,2.0,174.0,0.011494252873563218,2.0,0.08333333333333333,ITI,ITI,1.0,1.0,Global off,Global off,7.0,0.03741879060469765,7.0,0.2916666666666667,0.03741879060469765
21,19,0.0,0.0,0,0,0.0,0.0,0.0,0.0,0.0,0,0,1.0,3.0,Global off,Safety-like,5.0,135.0,0.037037037037037035,5.0,0.20833333333333334,ITI,ITI,1.0,3.0,Global off,Safety-like,-5.0,-0.037037037037037035,-5.0,-0.20833333333333334,0.037037037037037035
21,29,1.0,2.0,Global off,Threat-like,2.0,89.0,0.02247191011235955,2.0,0.08333333333333333,ITI,CS+,1.0,2.0,Global off,Threat-like,8.0,135.0,0.05925925925925926,5.0,0.20833333333333334,ITI,ITI,1.0,2.0,Global off,Threat-like,-6.0,-0.03678734914689971,-3.0,-0.125,0.03678734914689971
29,13,2.0,2.0,Threat-like,Threat-like,7.0,172.0,0.040697674418604654,6.0,0.25,CS-,CS-,2.0,2.0,Threat-like,Threat-like,16.0,207.0,0.07729468599033816,10.0,0.4166666666666667,ITI,ITI,2.0,2.0,Threat-like,Threat-like,-9.0,-0.036597011571733506,-4.0,-0.16666666666666669,0.036597011571733506
28,13,4.0,2.0,Global on,Threat-like,10.0,171.0,0.05847953216374269,8.0,0.3333333333333333,ITI,ITI,4.0,2.0,Global on,Threat-like,4.0,176.0,0.022727272727272728,4.0,0.16666666666666666,ITI,ITI,4.0,2.0,Global on,Threat-like,6.0,0.03575225943646996,4.0,0.16666666666666666,0.03575225943646996
31,4,4.0,3.0,Global on,Safety-like,10.0,206.0,0.04854368932038835,6.0,0.25,ITI,ITI,4.0,3.0,Global on,Safety-like,3.0,232.0,0.01293103448275862,3.0,0.125,CS+,ITI,4.0,3.0,Global on,Safety-like,7.0,0.03561265483762973,3.0,0.125,0.03561265483762973
24,1,4.0,1.0,Global on,Global off,3.0,146.0,0.02054794520547945,3.0,0.125,ITI,CS-,4.0,1.0,Global on,Global off,8.0,143.0,0.055944055944055944,8.0,0.3333333333333333,ITI,ITI,4.0,1.0,Global on,Global off,-5.0,-0.03539611073857649,-5.0,-0.20833333333333331,0.03539611073857649
26,18,4.0,3.0,Global on,Safety-like,3.0,59.0,0.05084745762711865,2.0,0.08333333333333333,ITI,ITI,4.0,3.0,Global on,Safety-like,1.0,64.0,0.015625,1.0,0.041666666666666664,ITI,ITI,4.0,3.0,Global on,Safety-like,2.0,0.03522245762711865,1.0,0.041666666666666664,0.03522245762711865
26,5,4.0,1.0,Global on,Global off,3.0,59.0,0.05084745762711865,3.0,0.125,ITI,CS+,4.0,1.0,Global on,Global off,1.0,64.0,0.015625,1.0,0.041666666666666664,CS-,ITI,4.0,1.0,Global on,Global off,2.0,0.03522245762711865,2.0,0.08333333333333334,0.03522245762711865
8,28,3.0,4.0,Safety-like,Global on,5.0,93.0,0.053763440860215055,4.0,0.16666666666666666,CS+,CS-,3.0,4.0,Safety-like,Global on,2.0,107.0,0.018691588785046728,2.0,0.08333333333333333,CS+,CS+,3.0,4.0,Safety-like,Global on,3.0,0.03507185207516833,2.0,0.08333333333333333,0.03507185207516833
22,24,4.0,4.0,Global on,Global on,1.0,29.0,0.034482758620689655,1.0,0.041666666666666664,ITI,ITI,0.0,0.0,0,0,0.0,0.0,0.0,0.0,0.0,0,0,4.0,4.0,Global on,Global on,1.0,0.034482758620689655,1.0,0.041666666666666664,0.034482758620689655
22,5,4.0,1.0,Global on,Global off,1.0,29.0,0.034482758620689655,1.0,0.041666666666666664,ITI,ITI,0.0,0.0,0,0,0.0,0.0,0.0,0.0,0.0,0,0,4.0,1.0,Global on,Global off,1.0,0.034482758620689655,1.0,0.041666666666666664,0.034482758620689655
22,15,4.0,2.0,Global on,Threat-like,1.0,29.0,0.034482758620689655,1.0,0.041666666666666664,ITI,ITI,0.0,0.0,0,0,0.0,0.0,0.0,0.0,0.0,0,0,4.0,2.0,Global on,Threat-like,1.0,0.034482758620689655,1.0,0.041666666666666664,0.034482758620689655
21,32,1.0,4.0,Global off,Global on,7.0,89.0,0.07865168539325842,5.0,0.20833333333333334,ITI,ITI,1.0,4.0,Global off,Global on,6.0,135.0,0.044444444444444446,5.0,0.20833333333333334,CS-,ITI,1.0,4.0,Global off,Global on,1.0,0.03420724094881398,0.0,0.0,0.03420724094881398
6,14,1.0,2.0,Global off,Threat-like,5.0,88.0,0.056818181818181816,5.0,0.20833333333333334,ITI,ITI,1.0,2.0,Global off,Threat-like,6.0,66.0,0.09090909090909091,6.0,0.25,ITI,ITI,1.0,2.0,Global off,Threat-like,-1.0,-0.034090909090909095,-1.0,-0.04166666666666666,0.034090909090909095
20,23,3.0,4.0,Safety-like,Global on,4.0,238.0,0.01680672268907563,4.0,0.16666666666666666,ITI,CS+,3.0,4.0,Safety-like,Global on,13.0,256.0,0.05078125,12.0,0.5,ITI,ITI,3.0,4.0,Safety-like,Global on,-9.0,-0.033974527310924374,-8.0,-0.33333333333333337,0.033974527310924374
26,12,4.0,3.0,Global on,Safety-like,2.0,59.0,0.03389830508474576,2.0,0.08333333333333333,CS+,CS+,0.0,0.0,0,0,0.0,0.0,0.0,0.0,0.0,0,0,4.0,3.0,Global on,Safety-like,2.0,0.03389830508474576,2.0,0.08333333333333333,0.03389830508474576
26,3,4.0,1.0,Global on,Global off,2.0,59.0,0.03389830508474576,2.0,0.08333333333333333,CS-,CS-,0.0,0.0,0,0,0.0,0.0,0.0,0.0,0.0,0,0,4.0,1.0,Global on,Global off,2.0,0.03389830508474576,2.0,0.08333333333333333,0.03389830508474576
28,24,4.0,4.0,Global on,Global on,2.0,171.0,0.011695906432748537,2.0,0.08333333333333333,CS+,CS+,4.0,4.0,Global on,Global on,8.0,176.0,0.045454545454545456,8.0,0.3333333333333333,ITI,ITI,4.0,4.0,Global on,Global on,-6.0,-0.03375863902179692,-6.0,-0.25,0.03375863902179692
9,3,1.0,1.0,Global off,Global off,6.0,147.0,0.04081632653061224,6.0,0.25,ITI,ITI,1.0,1.0,Global off,Global off,1.0,140.0,0.007142857142857143,1.0,0.041666666666666664,CS-,CS-,1.0,1.0,Global off,Global off,5.0,0.033673469387755096,5.0,0.20833333333333334,0.033673469387755096
4,16,3.0,4.0,Safety-like,Global on,6.0,195.0,0.03076923076923077,5.0,0.20833333333333334,ITI,CS+,3.0,4.0,Safety-like,Global on,13.0,202.0,0.06435643564356436,11.0,0.4583333333333333,ITI,ITI,3.0,4.0,Safety-like,Global on,-7.0,-0.03358720487433359,-6.0,-0.24999999999999997,0.03358720487433359
9,31,1.0,4.0,Global off,Global on,7.0,147.0,0.047619047619047616,5.0,0.20833333333333334,ITI,ITI,1.0,4.0,Global off,Global on,2.0,140.0,0.014285714285714285,2.0,0.08333333333333333,CS+,ITI,1.0,4.0,Global off,Global on,5.0,0.03333333333333333,3.0,0.125,0.03333333333333333
12,21,0.0,0.0,0,0,0.0,0.0,0.0,0.0,0.0,0,0,3.0,1.0,Safety-like,Global off,4.0,121.0,0.03305785123966942,2.0,0.08333333333333333,ITI,ITI,3.0,1.0,Safety-like,Global off,-4.0,-0.03305785123966942,-2.0,-0.08333333333333333,0.03305785123966942
9,29,1.0,2.0,Global off,Threat-like,8.0,147.0,0.05442176870748299,6.0,0.25,ITI,CS-,1.0,2.0,Global off,Threat-like,3.0,140.0,0.02142857142857143,3.0,0.125,ITI,CS+,1.0,2.0,Global off,Threat-like,5.0,0.03299319727891156,3.0,0.125,0.03299319727891156
18,31,3.0,4.0,Safety-like,Global on,3.0,77.0,0.03896103896103896,3.0,0.125,ITI,ITI,3.0,4.0,Safety-like,Global on,8.0,112.0,0.07142857142857142,7.0,0.2916666666666667,ITI,ITI,3.0,4.0,Safety-like,Global on,-5.0,-0.032467532467532464,-4.0,-0.16666666666666669,0.032467532467532464
7,1,1.0,1.0,Global off,Global off,5.0,51.0,0.09803921568627451,4.0,0.16666666666666666,CS+,ITI,1.0,1.0,Global off,Global off,9.0,69.0,0.13043478260869565,6.0,0.25,CS+,ITI,1.0,1.0,Global off,Global off,-4.0,-0.03239556692242114,-2.0,-0.08333333333333334,0.03239556692242114
19,23,3.0,4.0,Safety-like,Global on,3.0,120.0,0.025,3.0,0.125,ITI,ITI,3.0,4.0,Safety-like,Global on,9.0,157.0,0.05732484076433121,7.0,0.2916666666666667,ITI,ITI,3.0,4.0,Safety-like,Global on,-6.0,-0.03232484076433121,-4.0,-0.16666666666666669,0.03232484076433121
8,7,3.0,1.0,Safety-like,Global off,3.0,93.0,0.03225806451612903,3.0,0.125,CS+,CS+,0.0,0.0,0,0,0.0,0.0,0.0,0.0,0.0,0,0,3.0,1.0,Safety-like,Global off,3.0,0.03225806451612903,3.0,0.125,0.03225806451612903
8,26,3.0,4.0,Safety-like,Global on,3.0,93.0,0.03225806451612903,3.0,0.125,CS+,ITI,0.0,0.0,0,0,0.0,0.0,0.0,0.0,0.0,0,0,3.0,4.0,Safety-like,Global on,3.0,0.03225806451612903,3.0,0.125,0.03225806451612903
2,20,1.0,3.0,Global off,Safety-like,12.0,208.0,0.057692307692307696,10.0,0.4166666666666667,CS-,ITI,1.0,3.0,Global off,Safety-like,6.0,233.0,0.02575107296137339,5.0,0.20833333333333334,ITI,ITI,1.0,3.0,Global off,Safety-like,6.0,0.031941234730934305,5.0,0.20833333333333334,0.031941234730934305
32,20,4.0,3.0,Global on,Safety-like,32.0,400.0,0.08,16.0,0.6666666666666666,ITI,ITI,4.0,3.0,Global on,Safety-like,19.0,393.0,0.04834605597964377,14.0,0.5833333333333334,ITI,ITI,4.0,3.0,Global on,Safety-like,13.0,0.031653944020356234,2.0,0.08333333333333326,0.031653944020356234
10,16,1.0,4.0,Global off,Global on,3.0,64.0,0.046875,3.0,0.125,CS+,ITI,1.0,4.0,Global off,Global on,2.0,130.0,0.015384615384615385,2.0,0.08333333333333333,ITI,CS+,1.0,4.0,Global off,Global on,1.0,0.031490384615384615,1.0,0.04166666666666667,0.031490384615384615
26,21,0.0,0.0,0,0,0.0,0.0,0.0,0.0,0.0,0,0,4.0,1.0,Global on,Global off,2.0,64.0,0.03125,2.0,0.08333333333333333,ITI,CS+,4.0,1.0,Global on,Global off,-2.0,-0.03125,-2.0,-0.08333333333333333,0.03125
26,8,0.0,0.0,0,0,0.0,0.0,0.0,0.0,0.0,0,0,4.0,3.0,Global on,Safety-like,2.0,64.0,0.03125,2.0,0.08333333333333333,ITI,CS+,4.0,3.0,Global on,Safety-like,-2.0,-0.03125,-2.0,-0.08333333333333333,0.03125
10,25,1.0,1.0,Global off,Global off,2.0,64.0,0.03125,2.0,0.08333333333333333,CS-,ITI,0.0,0.0,0,0,0.0,0.0,0.0,0.0,0.0,0,0,1.0,1.0,Global off,Global off,2.0,0.03125,2.0,0.08333333333333333,0.03125
14,10,2.0,1.0,Threat-like,Global off,3.0,138.0,0.021739130434782608,3.0,0.125,ITI,CS+,2.0,1.0,Threat-like,Global off,9.0,171.0,0.05263157894736842,6.0,0.25,ITI,ITI,2.0,1.0,Threat-like,Global off,-6.0,-0.03089244851258581,-3.0,-0.125,0.03089244851258581
10,8,0.0,0.0,0,0,0.0,0.0,0.0,0.0,0.0,0,0,1.0,3.0,Global off,Safety-like,4.0,130.0,0.03076923076923077,3.0,0.125,CS-,CS-,1.0,3.0,Global off,Safety-like,-4.0,-0.03076923076923077,-3.0,-0.125,0.03076923076923077
21,31,1.0,4.0,Global off,Global on,8.0,89.0,0.0898876404494382,7.0,0.2916666666666667,ITI,ITI,1.0,4.0,Global off,Global on,8.0,135.0,0.05925925925925926,7.0,0.2916666666666667,ITI,CS+,1.0,4.0,Global off,Global on,0.0,0.030628381190178938,0.0,0.0,0.030628381190178938
28,32,4.0,4.0,Global on,Global on,22.0,171.0,0.1286549707602339,16.0,0.6666666666666666,ITI,ITI,4.0,4.0,Global on,Global on,28.0,176.0,0.1590909090909091,13.0,0.5416666666666666,ITI,ITI,4.0,4.0,Global on,Global on,-6.0,-0.030435938330675177,3.0,0.125,0.030435938330675177
19,1,3.0,1.0,Safety-like,Global off,9.0,120.0,0.075,9.0,0.375,ITI,ITI,3.0,1.0,Safety-like,Global off,7.0,157.0,0.044585987261146494,6.0,0.25,ITI,ITI,3.0,1.0,Safety-like,Global off,2.0,0.030414012738853503,3.0,0.125,0.030414012738853503
14,27,2.0,4.0,Threat-like,Global on,5.0,138.0,0.036231884057971016,3.0,0.125,CS-,ITI,2.0,4.0,Threat-like,Global on,1.0,171.0,0.005847953216374269,1.0,0.041666666666666664,CS+,CS+,2.0,4.0,Threat-like,Global on,4.0,0.030383930841596747,2.0,0.08333333333333334,0.030383930841596747
12,17,3.0,1.0,Safety-like,Global off,3.0,64.0,0.046875,2.0,0.08333333333333333,ITI,CS+,3.0,1.0,Safety-like,Global off,2.0,121.0,0.01652892561983471,1.0,0.041666666666666664,ITI,ITI,3.0,1.0,Safety-like,Global off,1.0,0.03034607438016529,1.0,0.041666666666666664,0.03034607438016529
6,21,1.0,1.0,Global off,Global off,4.0,88.0,0.045454545454545456,3.0,0.125,CS+,ITI,1.0,1.0,Global off,Global off,1.0,66.0,0.015151515151515152,1.0,0.041666666666666664,CS-,CS-,1.0,1.0,Global off,Global off,3.0,0.030303030303030304,2.0,0.08333333333333334,0.030303030303030304
17,21,1.0,1.0,Global off,Global off,4.0,173.0,0.023121387283236993,4.0,0.16666666666666666,ITI,ITI,1.0,1.0,Global off,Global off,11.0,206.0,0.05339805825242718,7.0,0.2916666666666667,ITI,CS-,1.0,1.0,Global off,Global off,-7.0,-0.03027667096919019,-3.0,-0.12500000000000003,0.03027667096919019
29,24,2.0,4.0,Threat-like,Global on,6.0,172.0,0.03488372093023256,6.0,0.25,ITI,ITI,2.0,4.0,Threat-like,Global on,1.0,207.0,0.004830917874396135,1.0,0.041666666666666664,ITI,ITI,2.0,4.0,Threat-like,Global on,5.0,0.030052803055836422,5.0,0.20833333333333334,0.030052803055836422
5,31,1.0,4.0,Global off,Global on,4.0,184.0,0.021739130434782608,4.0,0.16666666666666666,CS+,ITI,1.0,4.0,Global off,Global on,9.0,174.0,0.05172413793103448,9.0,0.375,ITI,ITI,1.0,4.0,Global off,Global on,-5.0,-0.029985007496251874,-5.0,-0.20833333333333334,0.029985007496251874
27,14,4.0,2.0,Global on,Threat-like,1.0,90.0,0.011111111111111112,1.0,0.041666666666666664,ITI,ITI,4.0,2.0,Global on,Threat-like,3.0,73.0,0.0410958904109589,3.0,0.125,ITI,CS+,4.0,2.0,Global on,Threat-like,-2.0,-0.02998477929984779,-2.0,-0.08333333333333334,0.02998477929984779
9,10,1.0,1.0,Global off,Global off,4.0,147.0,0.027210884353741496,4.0,0.16666666666666666,CS-,ITI,1.0,1.0,Global off,Global off,8.0,140.0,0.05714285714285714,7.0,0.2916666666666667,CS-,ITI,1.0,1.0,Global off,Global off,-4.0,-0.029931972789115645,-3.0,-0.12500000000000003,0.029931972789115645
26,4,4.0,3.0,Global on,Safety-like,1.0,59.0,0.01694915254237288,1.0,0.041666666666666664,ITI,ITI,4.0,3.0,Global on,Safety-like,3.0,64.0,0.046875,3.0,0.125,CS+,CS+,4.0,3.0,Global on,Safety-like,-2.0,-0.02992584745762712,-2.0,-0.08333333333333334,0.02992584745762712
16,29,4.0,2.0,Global on,Threat-like,9.0,182.0,0.04945054945054945,7.0,0.2916666666666667,ITI,ITI,4.0,2.0,Global on,Threat-like,4.0,204.0,0.0196078431372549,4.0,0.16666666666666666,CS+,CS+,4.0,2.0,Global on,Threat-like,5.0,0.029842706313294547,3.0,0.12500000000000003,0.029842706313294547
7,24,1.0,4.0,Global off,Global on,3.0,51.0,0.058823529411764705,3.0,0.125,CS+,ITI,1.0,4.0,Global off,Global on,2.0,69.0,0.028985507246376812,2.0,0.08333333333333333,ITI,CS-,1.0,4.0,Global off,Global on,1.0,0.029838022165387893,1.0,0.04166666666666667,0.029838022165387893
12,16,3.0,4.0,Safety-like,Global on,4.0,64.0,0.0625,4.0,0.16666666666666666,ITI,CS+,3.0,4.0,Safety-like,Global on,4.0,121.0,0.03305785123966942,3.0,0.125,CS+,CS+,3.0,4.0,Safety-like,Global on,0.0,0.029442148760330578,1.0,0.04166666666666666,0.029442148760330578
21,16,1.0,4.0,Global off,Global on,2.0,89.0,0.02247191011235955,2.0,0.08333333333333333,CS-,CS-,1.0,4.0,Global off,Global on,7.0,135.0,0.05185185185185185,4.0,0.16666666666666666,CS-,CS-,1.0,4.0,Global off,Global on,-5.0,-0.0293799417394923,-2.0,-0.08333333333333333,0.0293799417394923
14,17,0.0,0.0,0,0,0.0,0.0,0.0,0.0,0.0,0,0,2.0,1.0,Threat-like,Global off,5.0,171.0,0.029239766081871343,5.0,0.20833333333333334,CS-,CS-,2.0,1.0,Threat-like,Global off,-5.0,-0.029239766081871343,-5.0,-0.20833333333333334,0.029239766081871343
16,13,4.0,2.0,Global on,Threat-like,16.0,182.0,0.08791208791208792,14.0,0.5833333333333334,ITI,ITI,4.0,2.0,Global on,Threat-like,12.0,204.0,0.058823529411764705,9.0,0.375,ITI,ITI,4.0,2.0,Global on,Threat-like,4.0,0.029088558500323214,5.0,0.20833333333333337,0.029088558500323214
7,4,0.0,0.0,0,0,0.0,0.0,0.0,0.0,0.0,0,0,1.0,3.0,Global off,Safety-like,2.0,69.0,0.028985507246376812,2.0,0.08333333333333333,CS+,CS+,1.0,3.0,Global off,Safety-like,-2.0,-0.028985507246376812,-2.0,-0.08333333333333333,0.028985507246376812
7,22,0.0,0.0,0,0,0.0,0.0,0.0,0.0,0.0,0,0,1.0,4.0,Global off,Global on,2.0,69.0,0.028985507246376812,2.0,0.08333333333333333,CS-,ITI,1.0,4.0,Global off,Global on,-2.0,-0.028985507246376812,-2.0,-0.08333333333333333,0.028985507246376812
7,6,0.0,0.0,0,0,0.0,0.0,0.0,0.0,0.0,0,0,1.0,1.0,Global off,Global off,2.0,69.0,0.028985507246376812,2.0,0.08333333333333333,ITI,CS+,1.0,1.0,Global off,Global off,-2.0,-0.028985507246376812,-2.0,-0.08333333333333333,0.028985507246376812
16,1,4.0,1.0,Global on,Global off,9.0,182.0,0.04945054945054945,7.0,0.2916666666666667,CS-,ITI,4.0,1.0,Global on,Global off,16.0,204.0,0.0784313725490196,9.0,0.375,CS-,CS-,4.0,1.0,Global on,Global off,-7.0,-0.02898082309847016,-2.0,-0.08333333333333331,0.02898082309847016
24,31,4.0,4.0,Global on,Global on,7.0,146.0,0.04794520547945205,6.0,0.25,ITI,ITI,4.0,4.0,Global on,Global on,11.0,143.0,0.07692307692307693,9.0,0.375,ITI,ITI,4.0,4.0,Global on,Global on,-4.0,-0.028977871443624875,-3.0,-0.125,0.028977871443624875
14,31,2.0,4.0,Threat-like,Global on,8.0,138.0,0.057971014492753624,5.0,0.20833333333333334,ITI,CS-,2.0,4.0,Threat-like,Global on,5.0,171.0,0.029239766081871343,5.0,0.20833333333333334,ITI,CS+,2.0,4.0,Threat-like,Global on,3.0,0.02873124841088228,0.0,0.0,0.02873124841088228
26,23,4.0,4.0,Global on,Global on,2.0,59.0,0.03389830508474576,2.0,0.08333333333333333,ITI,ITI,4.0,4.0,Global on,Global on,4.0,64.0,0.0625,1.0,0.041666666666666664,ITI,CS+,4.0,4.0,Global on,Global on,-2.0,-0.028601694915254237,1.0,0.041666666666666664,0.028601694915254237
22,21,4.0,1.0,Global on,Global off,3.0,29.0,0.10344827586206896,3.0,0.125,ITI,ITI,4.0,1.0,Global on,Global off,3.0,40.0,0.075,1.0,0.041666666666666664,CS-,ITI,4.0,1.0,Global on,Global off,0.0,0.028448275862068967,2.0,0.08333333333333334,0.028448275862068967
12,4,3.0,3.0,Safety-like,Safety-like,4.0,64.0,0.0625,4.0,0.16666666666666666,ITI,ITI,3.0,3.0,Safety-like,Safety-like,11.0,121.0,0.09090909090909091,5.0,0.20833333333333334,CS-,CS+,3.0,3.0,Safety-like,Safety-like,-7.0,-0.02840909090909091,-1.0,-0.041666666666666685,0.02840909090909091
30,3,0.0,0.0,0,0,0.0,0.0,0.0,0.0,0.0,0,0,4.0,1.0,Global on,Global off,3.0,106.0,0.02830188679245283,2.0,0.08333333333333333,CS+,ITI,4.0,1.0,Global on,Global off,-3.0,-0.02830188679245283,-2.0,-0.08333333333333333,0.02830188679245283
30,10,0.0,0.0,0,0,0.0,0.0,0.0,0.0,0.0,0,0,4.0,1.0,Global on,Global off,3.0,106.0,0.02830188679245283,3.0,0.125,CS-,CS-,4.0,1.0,Global on,Global off,-3.0,-0.02830188679245283,-3.0,-0.125,0.02830188679245283
24,8,4.0,3.0,Global on,Safety-like,2.0,146.0,0.0136986301369863,2.0,0.08333333333333333,CS-,ITI,4.0,3.0,Global on,Safety-like,6.0,143.0,0.04195804195804196,6.0,0.25,ITI,ITI,4.0,3.0,Global on,Safety-like,-4.0,-0.02825941182105566,-4.0,-0.16666666666666669,0.02825941182105566
7,32,1.0,4.0,Global off,Global on,3.0,51.0,0.058823529411764705,2.0,0.08333333333333333,CS-,CS-,1.0,4.0,Global off,Global on,6.0,69.0,0.08695652173913043,5.0,0.20833333333333334,ITI,ITI,1.0,4.0,Global off,Global on,-3.0,-0.028132992327365727,-3.0,-0.125,0.028132992327365727
24,12,4.0,3.0,Global on,Safety-like,1.0,146.0,0.00684931506849315,1.0,0.041666666666666664,ITI,CS+,4.0,3.0,Global on,Safety-like,5.0,143.0,0.03496503496503497,5.0,0.20833333333333334,ITI,CS+,4.0,3.0,Global on,Safety-like,-4.0,-0.028115719896541817,-4.0,-0.16666666666666669,0.028115719896541817
8,18,0.0,0.0,0,0,0.0,0.0,0.0,0.0,0.0,0,0,3.0,3.0,Safety-like,Safety-like,3.0,107.0,0.028037383177570093,3.0,0.125,ITI,ITI,3.0,3.0,Safety-like,Safety-like,-3.0,-0.028037383177570093,-3.0,-0.125,0.028037383177570093
19,28,3.0,4.0,Safety-like,Global on,11.0,120.0,0.09166666666666666,10.0,0.4166666666666667,ITI,ITI,3.0,4.0,Safety-like,Global on,10.0,157.0,0.06369426751592357,7.0,0.2916666666666667,ITI,ITI,3.0,4.0,Safety-like,Global on,1.0,0.027972399150743094,3.0,0.125,0.027972399150743094
19,2,3.0,1.0,Safety-like,Global off,2.0,120.0,0.016666666666666666,1.0,0.041666666666666664,CS-,ITI,3.0,1.0,Safety-like,Global off,7.0,157.0,0.044585987261146494,6.0,0.25,ITI,ITI,3.0,1.0,Safety-like,Global off,-5.0,-0.027919320594479827,-5.0,-0.20833333333333334,0.027919320594479827
23,5,4.0,1.0,Global on,Global off,4.0,73.0,0.0547945205479452,4.0,0.16666666666666666,CS-,CS-,4.0,1.0,Global on,Global off,3.0,111.0,0.02702702702702703,1.0,0.041666666666666664,CS+,CS+,4.0,1.0,Global on,Global off,1.0,0.027767493520918174,3.0,0.125,0.027767493520918174
25,21,1.0,1.0,Global off,Global off,7.0,122.0,0.05737704918032787,4.0,0.16666666666666666,ITI,ITI,1.0,1.0,Global off,Global off,3.0,101.0,0.0297029702970297,3.0,0.125,ITI,ITI,1.0,1.0,Global off,Global off,4.0,0.02767407888329817,1.0,0.04166666666666666,0.02767407888329817
2,4,1.0,3.0,Global off,Safety-like,13.0,208.0,0.0625,10.0,0.4166666666666667,CS+,ITI,1.0,3.0,Global off,Safety-like,21.0,233.0,0.09012875536480687,11.0,0.4583333333333333,ITI,ITI,1.0,3.0,Global off,Safety-like,-8.0,-0.02762875536480687,-1.0,-0.04166666666666663,0.02762875536480687
18,21,3.0,1.0,Safety-like,Global off,2.0,77.0,0.025974025974025976,2.0,0.08333333333333333,ITI,CS-,3.0,1.0,Safety-like,Global off,6.0,112.0,0.05357142857142857,4.0,0.16666666666666666,ITI,CS-,3.0,1.0,Safety-like,Global off,-4.0,-0.027597402597402593,-2.0,-0.08333333333333333,0.027597402597402593
18,30,3.0,4.0,Safety-like,Global on,2.0,77.0,0.025974025974025976,2.0,0.08333333333333333,ITI,CS+,3.0,4.0,Safety-like,Global on,6.0,112.0,0.05357142857142857,4.0,0.16666666666666666,ITI,ITI,3.0,4.0,Safety-like,Global on,-4.0,-0.027597402597402593,-2.0,-0.08333333333333333,0.027597402597402593
4,20,3.0,3.0,Safety-like,Safety-like,16.0,195.0,0.08205128205128205,11.0,0.4583333333333333,ITI,ITI,3.0,3.0,Safety-like,Safety-like,11.0,202.0,0.054455445544554455,9.0,0.375,ITI,ITI,3.0,3.0,Safety-like,Safety-like,5.0,0.027595836506727596,2.0,0.08333333333333331,0.027595836506727596
9,24,1.0,4.0,Global off,Global on,4.0,147.0,0.027210884353741496,4.0,0.16666666666666666,CS-,ITI,0.0,0.0,0,0,0.0,0.0,0.0,0.0,0.0,0,0,1.0,4.0,Global off,Global on,4.0,0.027210884353741496,4.0,0.16666666666666666,0.027210884353741496
30,28,4.0,4.0,Global on,Global on,1.0,95.0,0.010526315789473684,1.0,0.041666666666666664,ITI,ITI,4.0,4.0,Global on,Global on,4.0,106.0,0.03773584905660377,3.0,0.125,ITI,ITI,4.0,4.0,Global on,Global on,-3.0,-0.02720953326713009,-2.0,-0.08333333333333334,0.02720953326713009
23,26,0.0,0.0,0,0,0.0,0.0,0.0,0.0,0.0,0,0,4.0,4.0,Global on,Global on,3.0,111.0,0.02702702702702703,1.0,0.041666666666666664,ITI,ITI,4.0,4.0,Global on,Global on,-3.0,-0.02702702702702703,-1.0,-0.041666666666666664,0.02702702702702703
23,12,0.0,0.0,0,0,0.0,0.0,0.0,0.0,0.0,0,0,4.0,3.0,Global on,Safety-like,3.0,111.0,0.02702702702702703,3.0,0.125,ITI,ITI,4.0,3.0,Global on,Safety-like,-3.0,-0.02702702702702703,-3.0,-0.125,0.02702702702702703
19,16,3.0,4.0,Safety-like,Global on,4.0,120.0,0.03333333333333333,3.0,0.125,ITI,ITI,3.0,4.0,Safety-like,Global on,1.0,157.0,0.006369426751592357,1.0,0.041666666666666664,ITI,CS+,3.0,4.0,Safety-like,Global on,3.0,0.026963906581740978,2.0,0.08333333333333334,0.026963906581740978
19,6,3.0,1.0,Safety-like,Global off,4.0,120.0,0.03333333333333333,4.0,0.16666666666666666,CS+,CS+,3.0,1.0,Safety-like,Global off,1.0,157.0,0.006369426751592357,1.0,0.041666666666666664,ITI,ITI,3.0,1.0,Safety-like,Global off,3.0,0.026963906581740978,3.0,0.125,0.026963906581740978
11,15,1.0,2.0,Global off,Threat-like,2.0,40.0,0.05,2.0,0.08333333333333333,CS+,CS+,1.0,2.0,Global off,Threat-like,3.0,39.0,0.07692307692307693,3.0,0.125,ITI,CS+,1.0,2.0,Global off,Threat-like,-1.0,-0.026923076923076925,-1.0,-0.04166666666666667,0.026923076923076925
32,1,4.0,1.0,Global on,Global off,27.0,400.0,0.0675,17.0,0.7083333333333334,ITI,ITI,4.0,1.0,Global on,Global off,16.0,393.0,0.04071246819338423,11.0,0.4583333333333333,CS+,CS+,4.0,1.0,Global on,Global off,11.0,0.026787531806615777,6.0,0.25000000000000006,0.026787531806615777
8,12,3.0,3.0,Safety-like,Safety-like,1.0,93.0,0.010752688172043012,1.0,0.041666666666666664,ITI,ITI,3.0,3.0,Safety-like,Safety-like,4.0,107.0,0.037383177570093455,2.0,0.08333333333333333,CS+,CS+,3.0,3.0,Safety-like,Safety-like,-3.0,-0.026630489398050444,-1.0,-0.041666666666666664,0.026630489398050444
8,15,3.0,2.0,Safety-like,Threat-like,1.0,93.0,0.010752688172043012,1.0,0.041666666666666664,CS-,ITI,3.0,2.0,Safety-like,Threat-like,4.0,107.0,0.037383177570093455,4.0,0.16666666666666666,ITI,ITI,3.0,2.0,Safety-like,Threat-like,-3.0,-0.026630489398050444,-3.0,-0.125,0.026630489398050444
12,2,3.0,1.0,Safety-like,Global off,2.0,64.0,0.03125,2.0,0.08333333333333333,CS+,CS+,3.0,1.0,Safety-like,Global off,7.0,121.0,0.05785123966942149,5.0,0.20833333333333334,CS-,ITI,3.0,1.0,Safety-like,Global off,-5.0,-0.02660123966942149,-3.0,-0.125,0.02660123966942149
12,25,3.0,1.0,Safety-like,Global off,2.0,64.0,0.03125,2.0,0.08333333333333333,CS+,CS-,3.0,1.0,Safety-like,Global off,7.0,121.0,0.05785123966942149,5.0,0.20833333333333334,CS+,ITI,3.0,1.0,Safety-like,Global off,-5.0,-0.02660123966942149,-3.0,-0.125,0.02660123966942149
2,16,1.0,4.0,Global off,Global on,7.0,208.0,0.03365384615384615,6.0,0.25,ITI,CS+,1.0,4.0,Global off,Global on,14.0,233.0,0.060085836909871244,12.0,0.5,ITI,ITI,1.0,4.0,Global off,Global on,-7.0,-0.026431990756025092,-6.0,-0.25,0.026431990756025092
17,31,1.0,4.0,Global off,Global on,3.0,173.0,0.017341040462427744,3.0,0.125,ITI,CS+,1.0,4.0,Global off,Global on,9.0,206.0,0.043689320388349516,8.0,0.3333333333333333,ITI,ITI,1.0,4.0,Global off,Global on,-6.0,-0.026348279925921772,-5.0,-0.20833333333333331,0.026348279925921772
11,3,1.0,1.0,Global off,Global off,1.0,40.0,0.025,1.0,0.041666666666666664,CS-,ITI,1.0,1.0,Global off,Global off,2.0,39.0,0.05128205128205128,2.0,0.08333333333333333,CS-,CS-,1.0,1.0,Global off,Global off,-1.0,-0.02628205128205128,-1.0,-0.041666666666666664,0.02628205128205128
11,31,1.0,4.0,Global off,Global on,1.0,40.0,0.025,1.0,0.041666666666666664,ITI,ITI,1.0,4.0,Global off,Global on,2.0,39.0,0.05128205128205128,1.0,0.041666666666666664,CS+,CS+,1.0,4.0,Global off,Global on,-1.0,-0.02628205128205128,0.0,0.0,0.02628205128205128
8,4,3.0,3.0,Safety-like,Safety-like,8.0,93.0,0.08602150537634409,7.0,0.2916666666666667,CS-,ITI,3.0,3.0,Safety-like,Safety-like,12.0,107.0,0.11214953271028037,9.0,0.375,CS+,CS+,3.0,3.0,Safety-like,Safety-like,-4.0,-0.02612802733393628,-2.0,-0.08333333333333331,0.02612802733393628
1,2,1.0,1.0,Global off,Global off,39.0,385.0,0.1012987012987013,18.0,0.75,ITI,ITI,1.0,1.0,Global off,Global off,29.0,385.0,0.07532467532467532,15.0,0.625,ITI,ITI,1.0,1.0,Global off,Global off,10.0,0.025974025974025983,3.0,0.125,0.025974025974025983
18,9,3.0,1.0,Safety-like,Global off,2.0,77.0,0.025974025974025976,2.0,0.08333333333333333,CS-,ITI,0.0,0.0,0,0,0.0,0.0,0.0,0.0,0.0,0,0,3.0,1.0,Safety-like,Global off,2.0,0.025974025974025976,2.0,0.08333333333333333,0.025974025974025976
1,3,1.0,1.0,Global off,Global off,23.0,385.0,0.05974025974025974,13.0,0.5416666666666666,ITI,ITI,1.0,1.0,Global off,Global off,13.0,385.0,0.033766233766233764,10.0,0.4166666666666667,ITI,ITI,1.0,1.0,Global off,Global off,10.0,0.025974025974025976,3.0,0.12499999999999994,0.025974025974025976
1,4,1.0,3.0,Global off,Safety-like,18.0,385.0,0.046753246753246755,14.0,0.5833333333333334,ITI,ITI,1.0,3.0,Global off,Safety-like,28.0,385.0,0.07272727272727272,14.0,0.5833333333333334,ITI,ITI,1.0,3.0,Global off,Safety-like,-10.0,-0.02597402597402597,0.0,0.0,0.02597402597402597
21,14,1.0,2.0,Global off,Threat-like,1.0,89.0,0.011235955056179775,1.0,0.041666666666666664,ITI,CS-,1.0,2.0,Global off,Threat-like,5.0,135.0,0.037037037037037035,3.0,0.125,ITI,ITI,1.0,2.0,Global off,Threat-like,-4.0,-0.02580108198085726,-2.0,-0.08333333333333334,0.02580108198085726
3,19,1.0,3.0,Global off,Safety-like,5.0,99.0,0.050505050505050504,5.0,0.20833333333333334,ITI,ITI,1.0,3.0,Global off,Safety-like,8.0,105.0,0.0761904761904762,8.0,0.3333333333333333,ITI,ITI,1.0,3.0,Global off,Safety-like,-3.0,-0.025685425685425693,-3.0,-0.12499999999999997,0.025685425685425693
11,8,0.0,0.0,0,0,0.0,0.0,0.0,0.0,0.0,0,0,1.0,3.0,Global off,Safety-like,1.0,39.0,0.02564102564102564,1.0,0.041666666666666664,CS-,CS-,1.0,3.0,Global off,Safety-like,-1.0,-0.02564102564102564,-1.0,-0.041666666666666664,0.02564102564102564
11,24,0.0,0.0,0,0,0.0,0.0,0.0,0.0,0.0,0,0,1.0,4.0,Global off,Global on,1.0,39.0,0.02564102564102564,1.0,0.041666666666666664,ITI,ITI,1.0,4.0,Global off,Global on,-1.0,-0.02564102564102564,-1.0,-0.041666666666666664,0.02564102564102564
21,20,1.0,3.0,Global off,Safety-like,3.0,89.0,0.033707865168539325,3.0,0.125,ITI,CS+,1.0,3.0,Global off,Safety-like,8.0,135.0,0.05925925925925926,6.0,0.25,ITI,ITI,1.0,3.0,Global off,Safety-like,-5.0,-0.025551394090719937,-3.0,-0.125,0.025551394090719937
32,18,4.0,3.0,Global on,Safety-like,2.0,400.0,0.005,2.0,0.08333333333333333,CS-,ITI,4.0,3.0,Global on,Safety-like,12.0,393.0,0.030534351145038167,8.0,0.3333333333333333,ITI,ITI,4.0,3.0,Global on,Safety-like,-10.0,-0.025534351145038166,-6.0,-0.25,0.025534351145038166
31,3,4.0,1.0,Global on,Global off,1.0,206.0,0.0048543689320388345,1.0,0.041666666666666664,CS+,CS+,4.0,1.0,Global on,Global off,7.0,232.0,0.03017241379310345,5.0,0.20833333333333334,CS-,CS-,4.0,1.0,Global on,Global off,-6.0,-0.025318044861064613,-4.0,-0.16666666666666669,0.025318044861064613
20,31,3.0,4.0,Safety-like,Global on,7.0,238.0,0.029411764705882353,6.0,0.25,ITI,ITI,3.0,4.0,Safety-like,Global on,14.0,256.0,0.0546875,10.0,0.4166666666666667,ITI,ITI,3.0,4.0,Safety-like,Global on,-7.0,-0.025275735294117647,-4.0,-0.16666666666666669,0.025275735294117647
2,15,1.0,2.0,Global off,Threat-like,1.0,208.0,0.004807692307692308,1.0,0.041666666666666664,ITI,CS+,1.0,2.0,Global off,Threat-like,7.0,233.0,0.030042918454935622,7.0,0.2916666666666667,ITI,ITI,1.0,2.0,Global off,Threat-like,-6.0,-0.025235226147243314,-6.0,-0.25,0.025235226147243314
2,7,1.0,1.0,Global off,Global off,1.0,208.0,0.004807692307692308,1.0,0.041666666666666664,ITI,CS+,1.0,1.0,Global off,Global off,7.0,233.0,0.030042918454935622,5.0,0.20833333333333334,ITI,ITI,1.0,1.0,Global off,Global off,-6.0,-0.025235226147243314,-4.0,-0.16666666666666669,0.025235226147243314
9,13,1.0,2.0,Global off,Threat-like,11.0,147.0,0.07482993197278912,9.0,0.375,ITI,ITI,1.0,2.0,Global off,Threat-like,14.0,140.0,0.1,12.0,0.5,ITI,ITI,1.0,2.0,Global off,Threat-like,-3.0,-0.02517006802721089,-3.0,-0.125,0.02517006802721089
14,12,2.0,3.0,Threat-like,Safety-like,3.0,138.0,0.021739130434782608,3.0,0.125,ITI,ITI,2.0,3.0,Threat-like,Safety-like,8.0,171.0,0.04678362573099415,7.0,0.2916666666666667,ITI,ITI,2.0,3.0,Threat-like,Safety-like,-5.0,-0.02504449529621154,-4.0,-0.16666666666666669,0.02504449529621154
30,14,4.0,2.0,Global on,Threat-like,3.0,95.0,0.031578947368421054,2.0,0.08333333333333333,CS-,ITI,4.0,2.0,Global on,Threat-like,6.0,106.0,0.05660377358490566,5.0,0.20833333333333334,ITI,ITI,4.0,2.0,Global on,Threat-like,-3.0,-0.025024826216484608,-3.0,-0.125,0.025024826216484608
22,19,0.0,0.0,0,0,0.0,0.0,0.0,0.0,0.0,0,0,4.0,3.0,Global on,Safety-like,1.0,40.0,0.025,1.0,0.041666666666666664,ITI,ITI,4.0,3.0,Global on,Safety-like,-1.0,-0.025,-1.0,-0.041666666666666664,0.025
22,12,0.0,0.0,0,0,0.0,0.0,0.0,0.0,0.0,0,0,4.0,3.0,Global on,Safety-like,1.0,40.0,0.025,1.0,0.041666666666666664,ITI,ITI,4.0,3.0,Global on,Safety-like,-1.0,-0.025,-1.0,-0.041666666666666664,0.025
22,18,0.0,0.0,0,0,0.0,0.0,0.0,0.0,0.0,0,0,4.0,3.0,Global on,Safety-like,1.0,40.0,0.025,1.0,0.041666666666666664,ITI,CS+,4.0,3.0,Global on,Safety-like,-1.0,-0.025,-1.0,-0.041666666666666664,0.025
11,10,1.0,1.0,Global off,Global off,1.0,40.0,0.025,1.0,0.041666666666666664,ITI,CS-,0.0,0.0,0,0,0.0,0.0,0.0,0.0,0.0,0,0,1.0,1.0,Global off,Global off,1.0,0.025,1.0,0.041666666666666664,0.025
22,26,0.0,0.0,0,0,0.0,0.0,0.0,0.0,0.0,0,0,4.0,4.0,Global on,Global on,1.0,40.0,0.025,1.0,0.041666666666666664,ITI,ITI,4.0,4.0,Global on,Global on,-1.0,-0.025,-1.0,-0.041666666666666664,0.025
22,16,0.0,0.0,0,0,0.0,0.0,0.0,0.0,0.0,0,0,4.0,4.0,Global on,Global on,1.0,40.0,0.025,1.0,0.041666666666666664,ITI,ITI,4.0,4.0,Global on,Global on,-1.0,-0.025,-1.0,-0.041666666666666664,0.025
11,27,1.0,4.0,Global off,Global on,1.0,40.0,0.025,1.0,0.041666666666666664,ITI,ITI,0.0,0.0,0,0,0.0,0.0,0.0,0.0,0.0,0,0,1.0,4.0,Global off,Global on,1.0,0.025,1.0,0.041666666666666664,0.025
7,21,1.0,1.0,Global off,Global off,2.0,51.0,0.0392156862745098,2.0,0.08333333333333333,CS-,ITI,1.0,1.0,Global off,Global off,1.0,69.0,0.014492753623188406,1.0,0.041666666666666664,CS-,CS-,1.0,1.0,Global off,Global off,1.0,0.024722932651321396,1.0,0.041666666666666664,0.024722932651321396
14,25,2.0,1.0,Threat-like,Global off,5.0,138.0,0.036231884057971016,5.0,0.20833333333333334,ITI,ITI,2.0,1.0,Threat-like,Global off,2.0,171.0,0.011695906432748537,2.0,0.08333333333333333,ITI,ITI,2.0,1.0,Threat-like,Global off,3.0,0.02453597762522248,3.0,0.125,0.02453597762522248
28,27,4.0,4.0,Global on,Global on,10.0,171.0,0.05847953216374269,8.0,0.3333333333333333,ITI,ITI,4.0,4.0,Global on,Global on,6.0,176.0,0.03409090909090909,6.0,0.25,ITI,ITI,4.0,4.0,Global on,Global on,4.0,0.0243886230728336,2.0,0.08333333333333331,0.0243886230728336
11,19,1.0,3.0,Global off,Safety-like,2.0,40.0,0.05,2.0,0.08333333333333333,CS+,CS+,1.0,3.0,Global off,Safety-like,1.0,39.0,0.02564102564102564,1.0,0.041666666666666664,ITI,ITI,1.0,3.0,Global off,Safety-like,1.0,0.024358974358974363,1.0,0.041666666666666664,0.024358974358974363
16,17,4.0,1.0,Global on,Global off,8.0,182.0,0.04395604395604396,7.0,0.2916666666666667,CS-,ITI,4.0,1.0,Global on,Global off,4.0,204.0,0.0196078431372549,4.0,0.16666666666666666,CS+,CS+,4.0,1.0,Global on,Global off,4.0,0.024348200818789058,3.0,0.12500000000000003,0.024348200818789058
10,13,1.0,2.0,Global off,Threat-like,5.0,64.0,0.078125,5.0,0.20833333333333334,ITI,CS+,1.0,2.0,Global off,Threat-like,7.0,130.0,0.05384615384615385,5.0,0.20833333333333334,CS-,ITI,1.0,2.0,Global off,Threat-like,-2.0,0.02427884615384615,0.0,0.0,0.02427884615384615
29,19,2.0,3.0,Threat-like,Safety-like,5.0,172.0,0.029069767441860465,3.0,0.125,CS-,CS-,2.0,3.0,Threat-like,Safety-like,1.0,207.0,0.004830917874396135,1.0,0.041666666666666664,ITI,ITI,2.0,3.0,Threat-like,Safety-like,4.0,0.02423884956746433,2.0,0.08333333333333334,0.02423884956746433
17,8,1.0,3.0,Global off,Safety-like,5.0,173.0,0.028901734104046242,4.0,0.16666666666666666,ITI,ITI,1.0,3.0,Global off,Safety-like,1.0,206.0,0.0048543689320388345,1.0,0.041666666666666664,ITI,ITI,1.0,3.0,Global off,Safety-like,4.0,0.02404736517200741,3.0,0.125,0.02404736517200741
30,2,4.0,1.0,Global on,Global off,4.0,95.0,0.042105263157894736,4.0,0.16666666666666666,CS+,CS-,4.0,1.0,Global on,Global off,7.0,106.0,0.0660377358490566,5.0,0.20833333333333334,ITI,CS+,4.0,1.0,Global on,Global off,-3.0,-0.023932472691161867,-1.0,-0.041666666666666685,0.023932472691161867
5,10,1.0,1.0,Global off,Global off,3.0,184.0,0.016304347826086956,3.0,0.125,CS+,CS+,1.0,1.0,Global off,Global off,7.0,174.0,0.040229885057471264,5.0,0.20833333333333334,CS+,ITI,1.0,1.0,Global off,Global off,-4.0,-0.023925537231384308,-2.0,-0.08333333333333334,0.023925537231384308
32,29,4.0,2.0,Global on,Threat-like,21.0,400.0,0.0525,13.0,0.5416666666666666,ITI,ITI,4.0,2.0,Global on,Threat-like,30.0,393.0,0.07633587786259542,18.0,0.75,ITI,ITI,4.0,2.0,Global on,Threat-like,-9.0,-0.023835877862595424,-5.0,-0.20833333333333337,0.023835877862595424
15,30,2.0,4.0,Threat-like,Global on,2.0,84.0,0.023809523809523808,2.0,0.08333333333333333,CS+,CS+,0.0,0.0,0,0,0.0,0.0,0.0,0.0,0.0,0,0,2.0,4.0,Threat-like,Global on,2.0,0.023809523809523808,2.0,0.08333333333333333,0.023809523809523808
28,2,4.0,1.0,Global on,Global off,6.0,171.0,0.03508771929824561,6.0,0.25,CS+,ITI,4.0,1.0,Global on,Global off,2.0,176.0,0.011363636363636364,2.0,0.08333333333333333,ITI,ITI,4.0,1.0,Global on,Global off,4.0,0.023724082934609248,4.0,0.16666666666666669,0.023724082934609248
4,19,3.0,3.0,Safety-like,Safety-like,6.0,195.0,0.03076923076923077,5.0,0.20833333333333334,ITI,ITI,3.0,3.0,Safety-like,Safety-like,11.0,202.0,0.054455445544554455,7.0,0.2916666666666667,CS-,ITI,3.0,3.0,Safety-like,Safety-like,-5.0,-0.023686214775323684,-2.0,-0.08333333333333334,0.023686214775323684
17,28,1.0,4.0,Global off,Global on,6.0,173.0,0.03468208092485549,6.0,0.25,ITI,ITI,1.0,4.0,Global off,Global on,12.0,206.0,0.05825242718446602,7.0,0.2916666666666667,ITI,ITI,1.0,4.0,Global off,Global on,-6.0,-0.023570346259610533,-1.0,-0.041666666666666685,0.023570346259610533
10,23,1.0,4.0,Global off,Global on,2.0,64.0,0.03125,2.0,0.08333333333333333,ITI,CS+,1.0,4.0,Global off,Global on,1.0,130.0,0.007692307692307693,1.0,0.041666666666666664,ITI,ITI,1.0,4.0,Global off,Global on,1.0,0.023557692307692307,1.0,0.041666666666666664,0.023557692307692307
19,21,3.0,1.0,Safety-like,Global off,1.0,120.0,0.008333333333333333,1.0,0.041666666666666664,ITI,CS+,3.0,1.0,Safety-like,Global off,5.0,157.0,0.03184713375796178,4.0,0.16666666666666666,ITI,ITI,3.0,1.0,Safety-like,Global off,-4.0,-0.023513800424628452,-3.0,-0.125,0.023513800424628452
23,24,4.0,4.0,Global on,Global on,5.0,73.0,0.0684931506849315,5.0,0.20833333333333334,ITI,ITI,4.0,4.0,Global on,Global on,5.0,111.0,0.04504504504504504,4.0,0.16666666666666666,ITI,ITI,4.0,4.0,Global on,Global on,0.0,0.02344810563988646,1.0,0.041666666666666685,0.02344810563988646
1,32,1.0,4.0,Global off,Global on,20.0,385.0,0.05194805194805195,15.0,0.625,ITI,ITI,1.0,4.0,Global off,Global on,29.0,385.0,0.07532467532467532,13.0,0.5416666666666666,ITI,ITI,1.0,4.0,Global off,Global on,-9.0,-0.02337662337662337,2.0,0.08333333333333337,0.02337662337662337
30,24,4.0,4.0,Global on,Global on,4.0,95.0,0.042105263157894736,4.0,0.16666666666666666,CS+,ITI,4.0,4.0,Global on,Global on,2.0,106.0,0.018867924528301886,2.0,0.08333333333333333,CS-,CS-,4.0,4.0,Global on,Global on,2.0,0.02323733862959285,2.0,0.08333333333333333,0.02323733862959285
30,16,4.0,4.0,Global on,Global on,4.0,95.0,0.042105263157894736,4.0,0.16666666666666666,CS-,CS-,4.0,4.0,Global on,Global on,2.0,106.0,0.018867924528301886,2.0,0.08333333333333333,CS+,CS+,4.0,4.0,Global on,Global on,2.0,0.02323733862959285,2.0,0.08333333333333333,0.02323733862959285
30,25,4.0,1.0,Global on,Global off,4.0,95.0,0.042105263157894736,3.0,0.125,CS+,CS-,4.0,1.0,Global on,Global off,2.0,106.0,0.018867924528301886,2.0,0.08333333333333333,CS+,CS+,4.0,1.0,Global on,Global off,2.0,0.02323733862959285,1.0,0.04166666666666667,0.02323733862959285
25,30,1.0,4.0,Global off,Global on,2.0,122.0,0.01639344262295082,2.0,0.08333333333333333,ITI,CS-,1.0,4.0,Global off,Global on,4.0,101.0,0.039603960396039604,4.0,0.16666666666666666,ITI,CS+,1.0,4.0,Global off,Global on,-2.0,-0.023210517773088784,-2.0,-0.08333333333333333,0.023210517773088784
15,14,2.0,2.0,Threat-like,Threat-like,5.0,84.0,0.05952380952380952,4.0,0.16666666666666666,ITI,ITI,2.0,2.0,Threat-like,Threat-like,4.0,110.0,0.03636363636363636,3.0,0.125,ITI,ITI,2.0,2.0,Threat-like,Threat-like,1.0,0.02316017316017316,1.0,0.04166666666666666,0.02316017316017316
15,9,2.0,1.0,Threat-like,Global off,5.0,84.0,0.05952380952380952,5.0,0.20833333333333334,ITI,ITI,2.0,1.0,Threat-like,Global off,4.0,110.0,0.03636363636363636,4.0,0.16666666666666666,ITI,ITI,2.0,1.0,Threat-like,Global off,1.0,0.02316017316017316,1.0,0.041666666666666685,0.02316017316017316
32,12,4.0,3.0,Global on,Safety-like,5.0,400.0,0.0125,5.0,0.20833333333333334,ITI,ITI,4.0,3.0,Global on,Safety-like,14.0,393.0,0.035623409669211195,10.0,0.4166666666666667,ITI,CS+,4.0,3.0,Global on,Safety-like,-9.0,-0.023123409669211194,-5.0,-0.20833333333333334,0.023123409669211194
23,3,4.0,1.0,Global on,Global off,3.0,73.0,0.0410958904109589,2.0,0.08333333333333333,ITI,ITI,4.0,1.0,Global on,Global off,2.0,111.0,0.018018018018018018,2.0,0.08333333333333333,CS-,CS-,4.0,1.0,Global on,Global off,1.0,0.023077872392940884,0.0,0.0,0.023077872392940884
10,28,0.0,0.0,0,0,0.0,0.0,0.0,0.0,0.0,0,0,1.0,4.0,Global off,Global on,3.0,130.0,0.023076923076923078,3.0,0.125,ITI,CS+,1.0,4.0,Global off,Global on,-3.0,-0.023076923076923078,-3.0,-0.125,0.023076923076923078
10,21,0.0,0.0,0,0,0.0,0.0,0.0,0.0,0.0,0,0,1.0,1.0,Global off,Global off,3.0,130.0,0.023076923076923078,2.0,0.08333333333333333,CS+,CS+,1.0,1.0,Global off,Global off,-3.0,-0.023076923076923078,-2.0,-0.08333333333333333,0.023076923076923078
11,9,1.0,1.0,Global off,Global off,4.0,40.0,0.1,4.0,0.16666666666666666,ITI,ITI,1.0,1.0,Global off,Global off,3.0,39.0,0.07692307692307693,3.0,0.125,CS-,CS+,1.0,1.0,Global off,Global off,1.0,0.023076923076923078,1.0,0.04166666666666666,0.023076923076923078
12,31,3.0,4.0,Safety-like,Global on,2.0,64.0,0.03125,2.0,0.08333333333333333,CS+,CS+,3.0,4.0,Safety-like,Global on,1.0,121.0,0.008264462809917356,1.0,0.041666666666666664,CS-,ITI,3.0,4.0,Safety-like,Global on,1.0,0.022985537190082644,1.0,0.041666666666666664,0.022985537190082644
14,2,2.0,1.0,Threat-like,Global off,8.0,138.0,0.057971014492753624,7.0,0.2916666666666667,ITI,ITI,2.0,1.0,Threat-like,Global off,6.0,171.0,0.03508771929824561,4.0,0.16666666666666666,CS+,ITI,2.0,1.0,Threat-like,Global off,2.0,0.022883295194508012,3.0,0.12500000000000003,0.022883295194508012
30,29,4.0,2.0,Global on,Threat-like,5.0,95.0,0.05263157894736842,5.0,0.20833333333333334,CS+,CS+,4.0,2.0,Global on,Threat-like,8.0,106.0,0.07547169811320754,6.0,0.25,ITI,ITI,4.0,2.0,Global on,Threat-like,-3.0,-0.022840119165839126,-1.0,-0.04166666666666666,0.022840119165839126
10,19,1.0,3.0,Global off,Safety-like,1.0,64.0,0.015625,1.0,0.041666666666666664,ITI,ITI,1.0,3.0,Global off,Safety-like,5.0,130.0,0.038461538461538464,5.0,0.20833333333333334,CS+,CS+,1.0,3.0,Global off,Safety-like,-4.0,-0.022836538461538464,-4.0,-0.16666666666666669,0.022836538461538464
9,5,1.0,1.0,Global off,Global off,4.0,147.0,0.027210884353741496,4.0,0.16666666666666666,ITI,ITI,1.0,1.0,Global off,Global off,7.0,140.0,0.05,6.0,0.25,ITI,ITI,1.0,1.0,Global off,Global off,-3.0,-0.022789115646258507,-2.0,-0.08333333333333334,0.022789115646258507
6,26,1.0,4.0,Global off,Global on,2.0,88.0,0.022727272727272728,2.0,0.08333333333333333,CS+,ITI,0.0,0.0,0,0,0.0,0.0,0.0,0.0,0.0,0,0,1.0,4.0,Global off,Global on,2.0,0.022727272727272728,2.0,0.08333333333333333,0.022727272727272728
6,3,1.0,1.0,Global off,Global off,2.0,88.0,0.022727272727272728,2.0,0.08333333333333333,CS-,CS-,0.0,0.0,0,0,0.0,0.0,0.0,0.0,0.0,0,0,1.0,1.0,Global off,Global off,2.0,0.022727272727272728,2.0,0.08333333333333333,0.022727272727272728
18,28,3.0,4.0,Safety-like,Global on,1.0,77.0,0.012987012987012988,1.0,0.041666666666666664,ITI,CS-,3.0,4.0,Safety-like,Global on,4.0,112.0,0.03571428571428571,4.0,0.16666666666666666,ITI,ITI,3.0,4.0,Safety-like,Global on,-3.0,-0.022727272727272724,-3.0,-0.125,0.022727272727272724
21,4,1.0,3.0,Global off,Safety-like,4.0,89.0,0.0449438202247191,4.0,0.16666666666666666,ITI,CS+,1.0,3.0,Global off,Safety-like,3.0,135.0,0.022222222222222223,2.0,0.08333333333333333,ITI,CS+,1.0,3.0,Global off,Safety-like,1.0,0.022721598002496877,2.0,0.08333333333333333,0.022721598002496877
15,1,2.0,1.0,Threat-like,Global off,8.0,84.0,0.09523809523809523,7.0,0.2916666666666667,CS-,ITI,2.0,1.0,Threat-like,Global off,8.0,110.0,0.07272727272727272,7.0,0.2916666666666667,ITI,CS-,2.0,1.0,Threat-like,Global off,0.0,0.02251082251082251,0.0,0.0,0.02251082251082251
23,27,4.0,4.0,Global on,Global on,1.0,73.0,0.0136986301369863,1.0,0.041666666666666664,ITI,CS-,4.0,4.0,Global on,Global on,4.0,111.0,0.036036036036036036,4.0,0.16666666666666666,ITI,CS+,4.0,4.0,Global on,Global on,-3.0,-0.022337405899049735,-3.0,-0.125,0.022337405899049735
23,21,4.0,1.0,Global on,Global off,1.0,73.0,0.0136986301369863,1.0,0.041666666666666664,ITI,CS-,4.0,1.0,Global on,Global off,4.0,111.0,0.036036036036036036,4.0,0.16666666666666666,ITI,ITI,4.0,1.0,Global on,Global off,-3.0,-0.022337405899049735,-3.0,-0.125,0.022337405899049735
15,31,2.0,4.0,Threat-like,Global on,5.0,84.0,0.05952380952380952,4.0,0.16666666666666666,ITI,ITI,2.0,4.0,Threat-like,Global on,9.0,110.0,0.08181818181818182,9.0,0.375,CS-,CS-,2.0,4.0,Threat-like,Global on,-4.0,-0.022294372294372297,-5.0,-0.20833333333333334,0.022294372294372297
27,10,4.0,1.0,Global on,Global off,2.0,90.0,0.022222222222222223,2.0,0.08333333333333333,CS+,CS+,0.0,0.0,0,0,0.0,0.0,0.0,0.0,0.0,0,0,4.0,1.0,Global on,Global off,2.0,0.022222222222222223,2.0,0.08333333333333333,0.022222222222222223
21,9,0.0,0.0,0,0,0.0,0.0,0.0,0.0,0.0,0,0,1.0,1.0,Global off,Global off,3.0,135.0,0.022222222222222223,3.0,0.125,ITI,ITI,1.0,1.0,Global off,Global off,-3.0,-0.022222222222222223,-3.0,-0.125,0.022222222222222223
27,7,4.0,1.0,Global on,Global off,2.0,90.0,0.022222222222222223,2.0,0.08333333333333333,CS+,CS+,0.0,0.0,0,0,0.0,0.0,0.0,0.0,0.0,0,0,4.0,1.0,Global on,Global off,2.0,0.022222222222222223,2.0,0.08333333333333333,0.022222222222222223
21,10,0.0,0.0,0,0,0.0,0.0,0.0,0.0,0.0,0,0,1.0,1.0,Global off,Global off,3.0,135.0,0.022222222222222223,2.0,0.08333333333333333,CS+,ITI,1.0,1.0,Global off,Global off,-3.0,-0.022222222222222223,-2.0,-0.08333333333333333,0.022222222222222223
13,21,2.0,1.0,Threat-like,Global off,4.0,243.0,0.01646090534979424,4.0,0.16666666666666666,CS-,ITI,2.0,1.0,Threat-like,Global off,10.0,259.0,0.03861003861003861,9.0,0.375,ITI,ITI,2.0,1.0,Threat-like,Global off,-6.0,-0.02214913326024437,-5.0,-0.20833333333333334,0.02214913326024437
12,24,3.0,4.0,Safety-like,Global on,3.0,64.0,0.046875,1.0,0.041666666666666664,ITI,ITI,3.0,4.0,Safety-like,Global on,3.0,121.0,0.024793388429752067,3.0,0.125,ITI,CS-,3.0,4.0,Safety-like,Global on,0.0,0.022081611570247933,-2.0,-0.08333333333333334,0.022081611570247933
28,29,4.0,2.0,Global on,Threat-like,4.0,171.0,0.023391812865497075,4.0,0.16666666666666666,ITI,CS-,4.0,2.0,Global on,Threat-like,8.0,176.0,0.045454545454545456,5.0,0.20833333333333334,CS-,CS+,4.0,2.0,Global on,Threat-like,-4.0,-0.02206273258904838,-1.0,-0.041666666666666685,0.02206273258904838
14,30,2.0,4.0,Threat-like,Global on,1.0,138.0,0.007246376811594203,1.0,0.041666666666666664,ITI,ITI,2.0,4.0,Threat-like,Global on,5.0,171.0,0.029239766081871343,4.0,0.16666666666666666,CS+,CS+,2.0,4.0,Threat-like,Global on,-4.0,-0.02199338927027714,-3.0,-0.125,0.02199338927027714
14,21,2.0,1.0,Threat-like,Global off,1.0,138.0,0.007246376811594203,1.0,0.041666666666666664,ITI,ITI,2.0,1.0,Threat-like,Global off,5.0,171.0,0.029239766081871343,3.0,0.125,CS-,ITI,2.0,1.0,Threat-like,Global off,-4.0,-0.02199338927027714,-2.0,-0.08333333333333334,0.02199338927027714
3,2,1.0,1.0,Global off,Global off,5.0,99.0,0.050505050505050504,5.0,0.20833333333333334,ITI,ITI,1.0,1.0,Global off,Global off,3.0,105.0,0.02857142857142857,3.0,0.125,ITI,ITI,1.0,1.0,Global off,Global off,2.0,0.021933621933621934,2.0,0.08333333333333334,0.021933621933621934
2,32,1.0,4.0,Global off,Global on,9.0,208.0,0.04326923076923077,7.0,0.2916666666666667,ITI,ITI,1.0,4.0,Global off,Global on,5.0,233.0,0.02145922746781116,3.0,0.125,ITI,CS-,1.0,4.0,Global off,Global on,4.0,0.02181000330141961,4.0,0.16666666666666669,0.02181000330141961
19,29,3.0,2.0,Safety-like,Threat-like,2.0,120.0,0.016666666666666666,2.0,0.08333333333333333,ITI,ITI,3.0,2.0,Safety-like,Threat-like,6.0,157.0,0.03821656050955414,4.0,0.16666666666666666,ITI,ITI,3.0,2.0,Safety-like,Threat-like,-4.0,-0.021549893842887472,-2.0,-0.08333333333333333,0.021549893842887472
8,21,3.0,1.0,Safety-like,Global off,2.0,93.0,0.021505376344086023,2.0,0.08333333333333333,CS+,CS+,0.0,0.0,0,0,0.0,0.0,0.0,0.0,0.0,0,0,3.0,1.0,Safety-like,Global off,2.0,0.021505376344086023,2.0,0.08333333333333333,0.021505376344086023
14,5,2.0,1.0,Threat-like,Global off,7.0,138.0,0.050724637681159424,7.0,0.2916666666666667,CS+,CS+,2.0,1.0,Threat-like,Global off,5.0,171.0,0.029239766081871343,5.0,0.20833333333333334,CS+,CS+,2.0,1.0,Threat-like,Global off,2.0,0.02148487159928808,2.0,0.08333333333333334,0.02148487159928808
5,27,1.0,4.0,Global off,Global on,5.0,184.0,0.02717391304347826,5.0,0.20833333333333334,CS+,ITI,1.0,4.0,Global off,Global on,1.0,174.0,0.005747126436781609,1.0,0.041666666666666664,ITI,ITI,1.0,4.0,Global off,Global on,4.0,0.02142678660669665,4.0,0.16666666666666669,0.02142678660669665
4,3,3.0,1.0,Safety-like,Global off,9.0,195.0,0.046153846153846156,5.0,0.20833333333333334,ITI,ITI,3.0,1.0,Safety-like,Global off,5.0,202.0,0.024752475247524754,2.0,0.08333333333333333,CS+,ITI,3.0,1.0,Safety-like,Global off,4.0,0.021401370906321403,3.0,0.125,0.021401370906321403
20,6,3.0,1.0,Safety-like,Global off,6.0,238.0,0.025210084033613446,5.0,0.20833333333333334,ITI,CS-,3.0,1.0,Safety-like,Global off,1.0,256.0,0.00390625,1.0,0.041666666666666664,ITI,CS-,3.0,1.0,Safety-like,Global off,5.0,0.021303834033613446,4.0,0.16666666666666669,0.021303834033613446
28,17,4.0,1.0,Global on,Global off,9.0,171.0,0.05263157894736842,6.0,0.25,ITI,ITI,4.0,1.0,Global on,Global off,13.0,176.0,0.07386363636363637,9.0,0.375,CS+,ITI,4.0,1.0,Global on,Global off,-4.0,-0.02123205741626795,-3.0,-0.125,0.02123205741626795
23,32,4.0,4.0,Global on,Global on,7.0,73.0,0.0958904109589041,7.0,0.2916666666666667,CS+,ITI,4.0,4.0,Global on,Global on,13.0,111.0,0.11711711711711711,9.0,0.375,ITI,ITI,4.0,4.0,Global on,Global on,-6.0,-0.02122670615821301,-2.0,-0.08333333333333331,0.02122670615821301
32,28,4.0,4.0,Global on,Global on,38.0,400.0,0.095,19.0,0.7916666666666666,ITI,ITI,4.0,4.0,Global on,Global on,29.0,393.0,0.0737913486005089,17.0,0.7083333333333334,CS+,ITI,4.0,4.0,Global on,Global on,9.0,0.021208651399491102,2.0,0.08333333333333326,0.021208651399491102
29,2,2.0,1.0,Threat-like,Global off,3.0,172.0,0.01744186046511628,3.0,0.125,CS+,CS+,2.0,1.0,Threat-like,Global off,8.0,207.0,0.03864734299516908,6.0,0.25,ITI,ITI,2.0,1.0,Threat-like,Global off,-5.0,-0.0212054825300528,-3.0,-0.125,0.0212054825300528
24,10,4.0,1.0,Global on,Global off,1.0,146.0,0.00684931506849315,1.0,0.041666666666666664,ITI,ITI,4.0,1.0,Global on,Global off,4.0,143.0,0.027972027972027972,4.0,0.16666666666666666,CS-,CS-,4.0,1.0,Global on,Global off,-3.0,-0.02112271290353482,-3.0,-0.125,0.02112271290353482
18,23,3.0,4.0,Safety-like,Global on,3.0,77.0,0.03896103896103896,3.0,0.125,CS+,ITI,3.0,4.0,Safety-like,Global on,2.0,112.0,0.017857142857142856,2.0,0.08333333333333333,CS-,CS-,3.0,4.0,Safety-like,Global on,1.0,0.021103896103896104,1.0,0.04166666666666667,0.021103896103896104
26,25,4.0,1.0,Global on,Global off,4.0,59.0,0.06779661016949153,3.0,0.125,ITI,ITI,4.0,1.0,Global on,Global off,3.0,64.0,0.046875,3.0,0.125,ITI,ITI,4.0,1.0,Global on,Global off,1.0,0.020921610169491525,0.0,0.0,0.020921610169491525
1,5,1.0,1.0,Global off,Global off,36.0,385.0,0.09350649350649351,17.0,0.7083333333333334,ITI,ITI,1.0,1.0,Global off,Global off,28.0,385.0,0.07272727272727272,16.0,0.6666666666666666,ITI,ITI,1.0,1.0,Global off,Global off,8.0,0.020779220779220786,1.0,0.04166666666666674,0.020779220779220786
1,10,1.0,1.0,Global off,Global off,4.0,385.0,0.01038961038961039,4.0,0.16666666666666666,CS-,CS-,1.0,1.0,Global off,Global off,12.0,385.0,0.03116883116883117,10.0,0.4166666666666667,ITI,ITI,1.0,1.0,Global off,Global off,-8.0,-0.02077922077922078,-6.0,-0.25,0.02077922077922078
20,2,3.0,1.0,Safety-like,Global off,17.0,238.0,0.07142857142857142,12.0,0.5,ITI,ITI,3.0,1.0,Safety-like,Global off,13.0,256.0,0.05078125,13.0,0.5416666666666666,ITI,ITI,3.0,1.0,Safety-like,Global off,4.0,0.020647321428571425,-1.0,-0.04166666666666663,0.020647321428571425
14,3,2.0,1.0,Threat-like,Global off,2.0,138.0,0.014492753623188406,2.0,0.08333333333333333,CS-,CS-,2.0,1.0,Threat-like,Global off,6.0,171.0,0.03508771929824561,4.0,0.16666666666666666,CS+,ITI,2.0,1.0,Threat-like,Global off,-4.0,-0.020594965675057204,-2.0,-0.08333333333333333,0.020594965675057204
4,26,3.0,4.0,Safety-like,Global on,4.0,195.0,0.020512820512820513,4.0,0.16666666666666666,CS-,CS-,0.0,0.0,0,0,0.0,0.0,0.0,0.0,0.0,0,0,3.0,4.0,Safety-like,Global on,4.0,0.020512820512820513,4.0,0.16666666666666666,0.020512820512820513
18,1,3.0,1.0,Safety-like,Global off,6.0,77.0,0.07792207792207792,4.0,0.16666666666666666,ITI,ITI,3.0,1.0,Safety-like,Global off,11.0,112.0,0.09821428571428571,10.0,0.4166666666666667,ITI,ITI,3.0,1.0,Safety-like,Global off,-5.0,-0.020292207792207792,-6.0,-0.25,0.020292207792207792
24,5,4.0,1.0,Global on,Global off,5.0,146.0,0.03424657534246575,3.0,0.125,ITI,CS+,4.0,1.0,Global on,Global off,2.0,143.0,0.013986013986013986,2.0,0.08333333333333333,CS+,CS-,4.0,1.0,Global on,Global off,3.0,0.020260561356451767,1.0,0.04166666666666667,0.020260561356451767
31,9,4.0,1.0,Global on,Global off,3.0,206.0,0.014563106796116505,3.0,0.125,ITI,CS+,4.0,1.0,Global on,Global off,8.0,232.0,0.034482758620689655,6.0,0.25,CS-,CS-,4.0,1.0,Global on,Global off,-5.0,-0.01991965182457315,-3.0,-0.125,0.01991965182457315
2,31,1.0,4.0,Global off,Global on,3.0,208.0,0.014423076923076924,2.0,0.08333333333333333,ITI,ITI,1.0,4.0,Global off,Global on,8.0,233.0,0.034334763948497854,7.0,0.2916666666666667,ITI,ITI,1.0,4.0,Global off,Global on,-5.0,-0.01991168702542093,-5.0,-0.20833333333333337,0.01991168702542093
2,18,1.0,3.0,Global off,Safety-like,3.0,208.0,0.014423076923076924,2.0,0.08333333333333333,ITI,ITI,1.0,3.0,Global off,Safety-like,8.0,233.0,0.034334763948497854,5.0,0.20833333333333334,ITI,ITI,1.0,3.0,Global off,Safety-like,-5.0,-0.01991168702542093,-3.0,-0.125,0.01991168702542093
25,12,0.0,0.0,0,0,0.0,0.0,0.0,0.0,0.0,0,0,1.0,3.0,Global off,Safety-like,2.0,101.0,0.019801980198019802,2.0,0.08333333333333333,CS-,ITI,1.0,3.0,Global off,Safety-like,-2.0,-0.019801980198019802,-2.0,-0.08333333333333333,0.019801980198019802
25,7,0.0,0.0,0,0,0.0,0.0,0.0,0.0,0.0,0,0,1.0,1.0,Global off,Global off,2.0,101.0,0.019801980198019802,2.0,0.08333333333333333,ITI,ITI,1.0,1.0,Global off,Global off,-2.0,-0.019801980198019802,-2.0,-0.08333333333333333,0.019801980198019802
13,9,2.0,1.0,Threat-like,Global off,17.0,243.0,0.06995884773662552,13.0,0.5416666666666666,ITI,ITI,2.0,1.0,Threat-like,Global off,13.0,259.0,0.05019305019305019,10.0,0.4166666666666667,CS+,CS+,2.0,1.0,Threat-like,Global off,4.0,0.019765797543575325,3.0,0.12499999999999994,0.019765797543575325
9,25,1.0,1.0,Global off,Global off,5.0,147.0,0.034013605442176874,5.0,0.20833333333333334,ITI,ITI,1.0,1.0,Global off,Global off,2.0,140.0,0.014285714285714285,2.0,0.08333333333333333,ITI,ITI,1.0,1.0,Global off,Global off,3.0,0.01972789115646259,3.0,0.125,0.01972789115646259
9,19,1.0,3.0,Global off,Safety-like,5.0,147.0,0.034013605442176874,5.0,0.20833333333333334,ITI,CS+,1.0,3.0,Global off,Safety-like,2.0,140.0,0.014285714285714285,2.0,0.08333333333333333,CS+,ITI,1.0,3.0,Global off,Safety-like,3.0,0.01972789115646259,3.0,0.125,0.01972789115646259
24,4,4.0,3.0,Global on,Safety-like,9.0,146.0,0.06164383561643835,7.0,0.2916666666666667,ITI,ITI,4.0,3.0,Global on,Safety-like,6.0,143.0,0.04195804195804196,6.0,0.25,ITI,ITI,4.0,3.0,Global on,Safety-like,3.0,0.019685793658396393,1.0,0.041666666666666685,0.019685793658396393
27,17,4.0,1.0,Global on,Global off,3.0,90.0,0.03333333333333333,2.0,0.08333333333333333,ITI,ITI,4.0,1.0,Global on,Global off,1.0,73.0,0.0136986301369863,1.0,0.041666666666666664,ITI,ITI,4.0,1.0,Global on,Global off,2.0,0.019634703196347032,1.0,0.041666666666666664,0.019634703196347032
7,11,1.0,1.0,Global off,Global off,1.0,51.0,0.0196078431372549,1.0,0.041666666666666664,CS+,ITI,0.0,0.0,0,0,0.0,0.0,0.0,0.0,0.0,0,0,1.0,1.0,Global off,Global off,1.0,0.0196078431372549,1.0,0.041666666666666664,0.0196078431372549
7,3,1.0,1.0,Global off,Global off,1.0,51.0,0.0196078431372549,1.0,0.041666666666666664,CS+,CS+,0.0,0.0,0,0,0.0,0.0,0.0,0.0,0.0,0,0,1.0,1.0,Global off,Global off,1.0,0.0196078431372549,1.0,0.041666666666666664,0.0196078431372549
7,25,1.0,1.0,Global off,Global off,1.0,51.0,0.0196078431372549,1.0,0.041666666666666664,ITI,ITI,0.0,0.0,0,0,0.0,0.0,0.0,0.0,0.0,0,0,1.0,1.0,Global off,Global off,1.0,0.0196078431372549,1.0,0.041666666666666664,0.0196078431372549
19,18,3.0,3.0,Safety-like,Safety-like,3.0,120.0,0.025,2.0,0.08333333333333333,CS-,CS-,3.0,3.0,Safety-like,Safety-like,7.0,157.0,0.044585987261146494,5.0,0.20833333333333334,CS+,ITI,3.0,3.0,Safety-like,Safety-like,-4.0,-0.019585987261146492,-3.0,-0.125,0.019585987261146492
31,32,4.0,4.0,Global on,Global on,36.0,206.0,0.17475728155339806,18.0,0.75,ITI,ITI,4.0,4.0,Global on,Global on,36.0,232.0,0.15517241379310345,20.0,0.8333333333333334,ITI,ITI,4.0,4.0,Global on,Global on,0.0,0.01958486776029461,-2.0,-0.08333333333333337,0.01958486776029461
29,12,2.0,3.0,Threat-like,Safety-like,5.0,172.0,0.029069767441860465,4.0,0.16666666666666666,CS+,CS+,2.0,3.0,Threat-like,Safety-like,2.0,207.0,0.00966183574879227,2.0,0.08333333333333333,CS-,CS-,2.0,3.0,Threat-like,Safety-like,3.0,0.019407931693068196,2.0,0.08333333333333333,0.019407931693068196
14,4,2.0,3.0,Threat-like,Safety-like,3.0,138.0,0.021739130434782608,3.0,0.125,ITI,ITI,2.0,3.0,Threat-like,Safety-like,7.0,171.0,0.04093567251461988,6.0,0.25,CS-,ITI,2.0,3.0,Threat-like,Safety-like,-4.0,-0.019196542079837273,-3.0,-0.125,0.019196542079837273
32,13,4.0,2.0,Global on,Threat-like,27.0,400.0,0.0675,17.0,0.7083333333333334,CS+,CS+,4.0,2.0,Global on,Threat-like,19.0,393.0,0.04834605597964377,13.0,0.5416666666666666,ITI,ITI,4.0,2.0,Global on,Threat-like,8.0,0.019153944020356237,4.0,0.16666666666666674,0.019153944020356237
21,28,1.0,4.0,Global off,Global on,5.0,89.0,0.056179775280898875,4.0,0.16666666666666666,CS-,ITI,1.0,4.0,Global off,Global on,5.0,135.0,0.037037037037037035,5.0,0.20833333333333334,ITI,ITI,1.0,4.0,Global off,Global on,0.0,0.01914273824386184,-1.0,-0.041666666666666685,0.01914273824386184
19,20,3.0,3.0,Safety-like,Safety-like,13.0,120.0,0.10833333333333334,12.0,0.5,ITI,ITI,3.0,3.0,Safety-like,Safety-like,20.0,157.0,0.12738853503184713,13.0,0.5416666666666666,ITI,ITI,3.0,3.0,Safety-like,Safety-like,-7.0,-0.019055201698513796,-1.0,-0.04166666666666663,0.019055201698513796
13,19,2.0,3.0,Threat-like,Safety-like,1.0,243.0,0.00411522633744856,1.0,0.041666666666666664,CS+,CS+,2.0,3.0,Threat-like,Safety-like,6.0,259.0,0.023166023166023165,4.0,0.16666666666666666,ITI,ITI,2.0,3.0,Threat-like,Safety-like,-5.0,-0.019050796828574607,-3.0,-0.125,0.019050796828574607
3,22,0.0,0.0,0,0,0.0,0.0,0.0,0.0,0.0,0,0,1.0,4.0,Global off,Global on,2.0,105.0,0.01904761904761905,2.0,0.08333333333333333,CS-,CS-,1.0,4.0,Global off,Global on,-2.0,-0.01904761904761905,-2.0,-0.08333333333333333,0.01904761904761905
22,2,4.0,1.0,Global on,Global off,2.0,29.0,0.06896551724137931,2.0,0.08333333333333333,CS+,CS+,4.0,1.0,Global on,Global off,2.0,40.0,0.05,2.0,0.08333333333333333,ITI,ITI,4.0,1.0,Global on,Global off,0.0,0.018965517241379307,0.0,0.0,0.018965517241379307
22,13,4.0,2.0,Global on,Threat-like,2.0,29.0,0.06896551724137931,2.0,0.08333333333333333,ITI,ITI,4.0,2.0,Global on,Threat-like,2.0,40.0,0.05,2.0,0.08333333333333333,CS-,CS-,4.0,2.0,Global on,Threat-like,0.0,0.018965517241379307,0.0,0.0,0.018965517241379307
22,32,4.0,4.0,Global on,Global on,2.0,29.0,0.06896551724137931,2.0,0.08333333333333333,CS+,ITI,4.0,4.0,Global on,Global on,2.0,40.0,0.05,2.0,0.08333333333333333,ITI,CS+,4.0,4.0,Global on,Global on,0.0,0.018965517241379307,0.0,0.0,0.018965517241379307
6,23,1.0,4.0,Global off,Global on,1.0,88.0,0.011363636363636364,1.0,0.041666666666666664,CS+,CS+,1.0,4.0,Global off,Global on,2.0,66.0,0.030303030303030304,2.0,0.08333333333333333,CS-,CS-,1.0,4.0,Global off,Global on,-1.0,-0.01893939393939394,-1.0,-0.041666666666666664,0.01893939393939394
6,11,1.0,1.0,Global off,Global off,1.0,88.0,0.011363636363636364,1.0,0.041666666666666664,CS+,CS+,1.0,1.0,Global off,Global off,2.0,66.0,0.030303030303030304,2.0,0.08333333333333333,ITI,CS+,1.0,1.0,Global off,Global off,-1.0,-0.01893939393939394,-1.0,-0.041666666666666664,0.01893939393939394
6,9,1.0,1.0,Global off,Global off,3.0,88.0,0.03409090909090909,3.0,0.125,ITI,ITI,1.0,1.0,Global off,Global off,1.0,66.0,0.015151515151515152,1.0,0.041666666666666664,ITI,ITI,1.0,1.0,Global off,Global off,2.0,0.018939393939393936,2.0,0.08333333333333334,0.018939393939393936
6,17,1.0,1.0,Global off,Global off,3.0,88.0,0.03409090909090909,3.0,0.125,CS+,CS+,1.0,1.0,Global off,Global off,1.0,66.0,0.015151515151515152,1.0,0.041666666666666664,CS+,CS+,1.0,1.0,Global off,Global off,2.0,0.018939393939393936,2.0,0.08333333333333334,0.018939393939393936
31,14,4.0,2.0,Global on,Threat-like,11.0,206.0,0.05339805825242718,7.0,0.2916666666666667,ITI,CS-,4.0,2.0,Global on,Threat-like,8.0,232.0,0.034482758620689655,5.0,0.20833333333333334,CS+,CS+,4.0,2.0,Global on,Threat-like,3.0,0.018915299631737527,2.0,0.08333333333333334,0.018915299631737527
4,10,3.0,1.0,Safety-like,Global off,5.0,195.0,0.02564102564102564,5.0,0.20833333333333334,ITI,ITI,3.0,1.0,Safety-like,Global off,9.0,202.0,0.04455445544554455,9.0,0.375,ITI,ITI,3.0,1.0,Safety-like,Global off,-4.0,-0.018913429804518912,-4.0,-0.16666666666666666,0.018913429804518912
21,18,1.0,3.0,Global off,Safety-like,3.0,89.0,0.033707865168539325,3.0,0.125,ITI,ITI,1.0,3.0,Global off,Safety-like,2.0,135.0,0.014814814814814815,2.0,0.08333333333333333,ITI,ITI,1.0,3.0,Global off,Safety-like,1.0,0.01889305035372451,1.0,0.04166666666666667,0.01889305035372451
2,8,1.0,3.0,Global off,Safety-like,5.0,208.0,0.02403846153846154,4.0,0.16666666666666666,CS+,CS+,1.0,3.0,Global off,Safety-like,10.0,233.0,0.04291845493562232,7.0,0.2916666666666667,CS-,ITI,1.0,3.0,Global off,Safety-like,-5.0,-0.018879993397160778,-3.0,-0.12500000000000003,0.018879993397160778
16,25,4.0,1.0,Global on,Global off,7.0,182.0,0.038461538461538464,4.0,0.16666666666666666,CS+,CS-,4.0,1.0,Global on,Global off,4.0,204.0,0.0196078431372549,4.0,0.16666666666666666,CS-,CS-,4.0,1.0,Global on,Global off,3.0,0.018853695324283562,0.0,0.0,0.018853695324283562
7,13,1.0,2.0,Global off,Threat-like,2.0,51.0,0.0392156862745098,2.0,0.08333333333333333,CS-,CS-,1.0,2.0,Global off,Threat-like,4.0,69.0,0.057971014492753624,3.0,0.125,ITI,CS-,1.0,2.0,Global off,Threat-like,-2.0,-0.01875532821824382,-1.0,-0.04166666666666667,0.01875532821824382
4,28,3.0,4.0,Safety-like,Global on,6.0,195.0,0.03076923076923077,5.0,0.20833333333333334,ITI,ITI,3.0,4.0,Safety-like,Global on,10.0,202.0,0.04950495049504951,9.0,0.375,ITI,ITI,3.0,4.0,Safety-like,Global on,-4.0,-0.018735719725818736,-4.0,-0.16666666666666666,0.018735719725818736
8,17,0.0,0.0,0,0,0.0,0.0,0.0,0.0,0.0,0,0,3.0,1.0,Safety-like,Global off,2.0,107.0,0.018691588785046728,2.0,0.08333333333333333,CS+,CS+,3.0,1.0,Safety-like,Global off,-2.0,-0.018691588785046728,-2.0,-0.08333333333333333,0.018691588785046728
3,10,1.0,1.0,Global off,Global off,1.0,99.0,0.010101010101010102,1.0,0.041666666666666664,CS+,ITI,1.0,1.0,Global off,Global off,3.0,105.0,0.02857142857142857,3.0,0.125,CS+,CS+,1.0,1.0,Global off,Global off,-2.0,-0.01847041847041847,-2.0,-0.08333333333333334,0.01847041847041847
16,23,4.0,4.0,Global on,Global on,2.0,182.0,0.01098901098901099,2.0,0.08333333333333333,CS+,ITI,4.0,4.0,Global on,Global on,6.0,204.0,0.029411764705882353,4.0,0.16666666666666666,CS+,ITI,4.0,4.0,Global on,Global on,-4.0,-0.01842275371687136,-2.0,-0.08333333333333333,0.01842275371687136
23,17,4.0,1.0,Global on,Global off,2.0,73.0,0.0273972602739726,2.0,0.08333333333333333,ITI,ITI,4.0,1.0,Global on,Global off,1.0,111.0,0.009009009009009009,1.0,0.041666666666666664,ITI,CS-,4.0,1.0,Global on,Global off,1.0,0.018388251264963594,1.0,0.041666666666666664,0.018388251264963594
31,2,4.0,1.0,Global on,Global off,10.0,206.0,0.04854368932038835,8.0,0.3333333333333333,ITI,ITI,4.0,1.0,Global on,Global off,7.0,232.0,0.03017241379310345,6.0,0.25,CS-,CS+,4.0,1.0,Global on,Global off,3.0,0.0183712755272849,2.0,0.08333333333333331,0.0183712755272849
5,1,1.0,1.0,Global off,Global off,22.0,184.0,0.11956521739130435,14.0,0.5833333333333334,ITI,ITI,1.0,1.0,Global off,Global off,24.0,174.0,0.13793103448275862,15.0,0.625,ITI,ITI,1.0,1.0,Global off,Global off,-2.0,-0.018365817091454267,-1.0,-0.04166666666666663,0.018365817091454267
17,6,1.0,1.0,Global off,Global off,4.0,173.0,0.023121387283236993,3.0,0.125,ITI,ITI,1.0,1.0,Global off,Global off,1.0,206.0,0.0048543689320388345,1.0,0.041666666666666664,CS+,ITI,1.0,1.0,Global off,Global off,3.0,0.018267018351198157,2.0,0.08333333333333334,0.018267018351198157
16,6,4.0,1.0,Global on,Global off,6.0,182.0,0.03296703296703297,5.0,0.20833333333333334,CS-,CS-,4.0,1.0,Global on,Global off,3.0,204.0,0.014705882352941176,3.0,0.125,ITI,ITI,4.0,1.0,Global on,Global off,3.0,0.01826115061409179,2.0,0.08333333333333334,0.01826115061409179
28,18,4.0,3.0,Global on,Safety-like,7.0,171.0,0.04093567251461988,6.0,0.25,ITI,ITI,4.0,3.0,Global on,Safety-like,4.0,176.0,0.022727272727272728,4.0,0.16666666666666666,CS+,ITI,4.0,3.0,Global on,Safety-like,3.0,0.018208399787347153,2.0,0.08333333333333334,0.018208399787347153
1,16,1.0,4.0,Global off,Global on,17.0,385.0,0.04415584415584416,12.0,0.5,ITI,CS-,1.0,4.0,Global off,Global on,10.0,385.0,0.025974025974025976,9.0,0.375,ITI,ITI,1.0,4.0,Global off,Global on,7.0,0.01818181818181818,3.0,0.125,0.01818181818181818
15,11,0.0,0.0,0,0,0.0,0.0,0.0,0.0,0.0,0,0,2.0,1.0,Threat-like,Global off,2.0,110.0,0.01818181818181818,2.0,0.08333333333333333,CS+,CS+,2.0,1.0,Threat-like,Global off,-2.0,-0.01818181818181818,-2.0,-0.08333333333333333,0.01818181818181818
15,26,0.0,0.0,0,0,0.0,0.0,0.0,0.0,0.0,0,0,2.0,4.0,Threat-like,Global on,2.0,110.0,0.01818181818181818,2.0,0.08333333333333333,CS-,CS-,2.0,4.0,Threat-like,Global on,-2.0,-0.01818181818181818,-2.0,-0.08333333333333333,0.01818181818181818
29,1,2.0,1.0,Threat-like,Global off,11.0,172.0,0.06395348837209303,8.0,0.3333333333333333,ITI,ITI,2.0,1.0,Threat-like,Global off,17.0,207.0,0.0821256038647343,13.0,0.5416666666666666,ITI,ITI,2.0,1.0,Threat-like,Global off,-6.0,-0.018172115492641278,-5.0,-0.20833333333333331,0.018172115492641278
21,5,1.0,1.0,Global off,Global off,3.0,89.0,0.033707865168539325,2.0,0.08333333333333333,ITI,ITI,1.0,1.0,Global off,Global off,7.0,135.0,0.05185185185185185,7.0,0.2916666666666667,CS-,ITI,1.0,1.0,Global off,Global off,-4.0,-0.018143986683312525,-5.0,-0.20833333333333337,0.018143986683312525
23,7,0.0,0.0,0,0,0.0,0.0,0.0,0.0,0.0,0,0,4.0,1.0,Global on,Global off,2.0,111.0,0.018018018018018018,2.0,0.08333333333333333,ITI,CS-,4.0,1.0,Global on,Global off,-2.0,-0.018018018018018018,-2.0,-0.08333333333333333,0.018018018018018018
32,19,4.0,3.0,Global on,Safety-like,4.0,400.0,0.01,4.0,0.16666666666666666,ITI,ITI,4.0,3.0,Global on,Safety-like,11.0,393.0,0.027989821882951654,8.0,0.3333333333333333,ITI,ITI,4.0,3.0,Global on,Safety-like,-7.0,-0.017989821882951652,-4.0,-0.16666666666666666,0.017989821882951652
3,25,1.0,1.0,Global off,Global off,2.0,99.0,0.020202020202020204,2.0,0.08333333333333333,CS+,ITI,1.0,1.0,Global off,Global off,4.0,105.0,0.0380952380952381,4.0,0.16666666666666666,CS-,ITI,1.0,1.0,Global off,Global off,-2.0,-0.017893217893217895,-2.0,-0.08333333333333333,0.017893217893217895
18,11,0.0,0.0,0,0,0.0,0.0,0.0,0.0,0.0,0,0,3.0,1.0,Safety-like,Global off,2.0,112.0,0.017857142857142856,2.0,0.08333333333333333,ITI,CS-,3.0,1.0,Safety-like,Global off,-2.0,-0.017857142857142856,-2.0,-0.08333333333333333,0.017857142857142856
18,10,0.0,0.0,0,0,0.0,0.0,0.0,0.0,0.0,0,0,3.0,1.0,Safety-like,Global off,2.0,112.0,0.017857142857142856,2.0,0.08333333333333333,CS+,CS+,3.0,1.0,Safety-like,Global off,-2.0,-0.017857142857142856,-2.0,-0.08333333333333333,0.017857142857142856
8,5,3.0,1.0,Safety-like,Global off,6.0,93.0,0.06451612903225806,5.0,0.20833333333333334,CS+,CS+,3.0,1.0,Safety-like,Global off,5.0,107.0,0.04672897196261682,4.0,0.16666666666666666,CS-,CS-,3.0,1.0,Safety-like,Global off,1.0,0.017787157069641242,1.0,0.041666666666666685,0.017787157069641242
23,16,4.0,4.0,Global on,Global on,2.0,73.0,0.0273972602739726,1.0,0.041666666666666664,CS+,CS+,4.0,4.0,Global on,Global on,5.0,111.0,0.04504504504504504,4.0,0.16666666666666666,ITI,CS+,4.0,4.0,Global on,Global on,-3.0,-0.01764778477107244,-3.0,-0.125,0.01764778477107244
23,19,4.0,3.0,Global on,Safety-like,2.0,73.0,0.0273972602739726,2.0,0.08333333333333333,CS+,ITI,4.0,3.0,Global on,Safety-like,5.0,111.0,0.04504504504504504,4.0,0.16666666666666666,CS+,ITI,4.0,3.0,Global on,Safety-like,-3.0,-0.01764778477107244,-2.0,-0.08333333333333333,0.01764778477107244
23,13,4.0,2.0,Global on,Threat-like,2.0,73.0,0.0273972602739726,2.0,0.08333333333333333,CS-,CS-,4.0,2.0,Global on,Threat-like,5.0,111.0,0.04504504504504504,4.0,0.16666666666666666,ITI,CS-,4.0,2.0,Global on,Threat-like,-3.0,-0.01764778477107244,-2.0,-0.08333333333333333,0.01764778477107244
14,23,0.0,0.0,0,0,0.0,0.0,0.0,0.0,0.0,0,0,2.0,4.0,Threat-like,Global on,3.0,171.0,0.017543859649122806,3.0,0.125,CS+,CS+,2.0,4.0,Threat-like,Global on,-3.0,-0.017543859649122806,-3.0,-0.125,0.017543859649122806
28,8,4.0,3.0,Global on,Safety-like,3.0,171.0,0.017543859649122806,3.0,0.125,CS+,ITI,0.0,0.0,0,0,0.0,0.0,0.0,0.0,0.0,0,0,4.0,3.0,Global on,Safety-like,3.0,0.017543859649122806,3.0,0.125,0.017543859649122806
28,21,4.0,1.0,Global on,Global off,3.0,171.0,0.017543859649122806,3.0,0.125,CS+,CS+,0.0,0.0,0,0,0.0,0.0,0.0,0.0,0.0,0,0,4.0,1.0,Global on,Global off,3.0,0.017543859649122806,3.0,0.125,0.017543859649122806
15,21,2.0,1.0,Threat-like,Global off,3.0,84.0,0.03571428571428571,2.0,0.08333333333333333,ITI,ITI,2.0,1.0,Threat-like,Global off,2.0,110.0,0.01818181818181818,1.0,0.041666666666666664,CS+,CS+,2.0,1.0,Threat-like,Global off,1.0,0.01753246753246753,1.0,0.041666666666666664,0.01753246753246753
12,30,3.0,4.0,Safety-like,Global on,1.0,64.0,0.015625,1.0,0.041666666666666664,ITI,ITI,3.0,4.0,Safety-like,Global on,4.0,121.0,0.03305785123966942,3.0,0.125,ITI,ITI,3.0,4.0,Safety-like,Global on,-3.0,-0.017432851239669422,-2.0,-0.08333333333333334,0.017432851239669422
8,31,3.0,4.0,Safety-like,Global on,1.0,93.0,0.010752688172043012,1.0,0.041666666666666664,ITI,ITI,3.0,4.0,Safety-like,Global on,3.0,107.0,0.028037383177570093,2.0,0.08333333333333333,ITI,ITI,3.0,4.0,Safety-like,Global on,-2.0,-0.01728469500552708,-1.0,-0.041666666666666664,0.01728469500552708
16,8,4.0,3.0,Global on,Safety-like,4.0,182.0,0.02197802197802198,3.0,0.125,CS-,ITI,4.0,3.0,Global on,Safety-like,8.0,204.0,0.0392156862745098,7.0,0.2916666666666667,CS-,ITI,4.0,3.0,Global on,Safety-like,-4.0,-0.017237664296487824,-4.0,-0.16666666666666669,0.017237664296487824
19,14,3.0,2.0,Safety-like,Threat-like,1.0,120.0,0.008333333333333333,1.0,0.041666666666666664,CS+,CS+,3.0,2.0,Safety-like,Threat-like,4.0,157.0,0.025477707006369428,3.0,0.125,ITI,CS+,3.0,2.0,Safety-like,Threat-like,-3.0,-0.017144373673036097,-2.0,-0.08333333333333334,0.017144373673036097
19,10,3.0,1.0,Safety-like,Global off,1.0,120.0,0.008333333333333333,1.0,0.041666666666666664,ITI,CS-,3.0,1.0,Safety-like,Global off,4.0,157.0,0.025477707006369428,3.0,0.125,ITI,ITI,3.0,1.0,Safety-like,Global off,-3.0,-0.017144373673036097,-2.0,-0.08333333333333334,0.017144373673036097
30,1,4.0,1.0,Global on,Global off,7.0,95.0,0.07368421052631578,7.0,0.2916666666666667,ITI,CS-,4.0,1.0,Global on,Global off,6.0,106.0,0.05660377358490566,5.0,0.20833333333333334,CS+,CS+,4.0,1.0,Global on,Global off,1.0,0.01708043694141012,2.0,0.08333333333333334,0.01708043694141012
25,1,1.0,1.0,Global off,Global off,10.0,122.0,0.08196721311475409,9.0,0.375,ITI,ITI,1.0,1.0,Global off,Global off,10.0,101.0,0.09900990099009901,9.0,0.375,ITI,ITI,1.0,1.0,Global off,Global off,0.0,-0.017042687875344922,0.0,0.0,0.017042687875344922
20,1,3.0,1.0,Safety-like,Global off,18.0,238.0,0.07563025210084033,13.0,0.5416666666666666,ITI,ITI,3.0,1.0,Safety-like,Global off,15.0,256.0,0.05859375,8.0,0.3333333333333333,ITI,ITI,3.0,1.0,Safety-like,Global off,3.0,0.01703650210084033,5.0,0.20833333333333331,0.01703650210084033
9,2,1.0,1.0,Global off,Global off,8.0,147.0,0.05442176870748299,6.0,0.25,ITI,ITI,1.0,1.0,Global off,Global off,10.0,140.0,0.07142857142857142,10.0,0.4166666666666667,ITI,ITI,1.0,1.0,Global off,Global off,-2.0,-0.017006802721088433,-4.0,-0.16666666666666669,0.017006802721088433
13,3,2.0,1.0,Threat-like,Global off,6.0,243.0,0.024691358024691357,5.0,0.20833333333333334,ITI,ITI,2.0,1.0,Threat-like,Global off,2.0,259.0,0.007722007722007722,2.0,0.08333333333333333,ITI,ITI,2.0,1.0,Threat-like,Global off,4.0,0.016969350302683636,3.0,0.125,0.016969350302683636
26,27,4.0,4.0,Global on,Global on,1.0,59.0,0.01694915254237288,1.0,0.041666666666666664,CS+,CS+,0.0,0.0,0,0,0.0,0.0,0.0,0.0,0.0,0,0,4.0,4.0,Global on,Global on,1.0,0.01694915254237288,1.0,0.041666666666666664,0.01694915254237288
26,11,4.0,1.0,Global on,Global off,1.0,59.0,0.01694915254237288,1.0,0.041666666666666664,CS-,CS+,0.0,0.0,0,0,0.0,0.0,0.0,0.0,0.0,0,0,4.0,1.0,Global on,Global off,1.0,0.01694915254237288,1.0,0.041666666666666664,0.01694915254237288
26,24,4.0,4.0,Global on,Global on,1.0,59.0,0.01694915254237288,1.0,0.041666666666666664,CS+,CS+,0.0,0.0,0,0,0.0,0.0,0.0,0.0,0.0,0,0,4.0,4.0,Global on,Global on,1.0,0.01694915254237288,1.0,0.041666666666666664,0.01694915254237288
20,24,3.0,4.0,Safety-like,Global on,17.0,238.0,0.07142857142857142,11.0,0.4583333333333333,ITI,ITI,3.0,4.0,Safety-like,Global on,14.0,256.0,0.0546875,12.0,0.5,ITI,ITI,3.0,4.0,Safety-like,Global on,3.0,0.016741071428571425,-1.0,-0.041666666666666685,0.016741071428571425
3,20,1.0,3.0,Global off,Safety-like,4.0,99.0,0.04040404040404041,4.0,0.16666666666666666,ITI,ITI,1.0,3.0,Global off,Safety-like,6.0,105.0,0.05714285714285714,5.0,0.20833333333333334,ITI,ITI,1.0,3.0,Global off,Safety-like,-2.0,-0.016738816738816734,-1.0,-0.041666666666666685,0.016738816738816734
30,26,4.0,4.0,Global on,Global on,2.0,95.0,0.021052631578947368,2.0,0.08333333333333333,CS+,CS-,4.0,4.0,Global on,Global on,4.0,106.0,0.03773584905660377,4.0,0.16666666666666666,ITI,CS+,4.0,4.0,Global on,Global on,-2.0,-0.016683217477656404,-2.0,-0.08333333333333333,0.016683217477656404
16,5,4.0,1.0,Global on,Global off,5.0,182.0,0.027472527472527472,4.0,0.16666666666666666,CS-,CS-,4.0,1.0,Global on,Global off,9.0,204.0,0.04411764705882353,8.0,0.3333333333333333,ITI,ITI,4.0,1.0,Global on,Global off,-4.0,-0.01664511958629606,-4.0,-0.16666666666666666,0.01664511958629606
17,13,1.0,2.0,Global off,Threat-like,3.0,173.0,0.017341040462427744,2.0,0.08333333333333333,ITI,ITI,1.0,2.0,Global off,Threat-like,7.0,206.0,0.03398058252427184,4.0,0.16666666666666666,ITI,ITI,1.0,2.0,Global off,Threat-like,-4.0,-0.0166395420618441,-2.0,-0.08333333333333333,0.0166395420618441
28,12,4.0,3.0,Global on,Safety-like,3.0,171.0,0.017543859649122806,2.0,0.08333333333333333,CS+,ITI,4.0,3.0,Global on,Safety-like,6.0,176.0,0.03409090909090909,5.0,0.20833333333333334,ITI,ITI,4.0,3.0,Global on,Safety-like,-3.0,-0.016547049441786282,-3.0,-0.125,0.016547049441786282
12,7,0.0,0.0,0,0,0.0,0.0,0.0,0.0,0.0,0,0,3.0,1.0,Safety-like,Global off,2.0,121.0,0.01652892561983471,2.0,0.08333333333333333,CS+,CS+,3.0,1.0,Safety-like,Global off,-2.0,-0.01652892561983471,-2.0,-0.08333333333333333,0.01652892561983471
2,25,1.0,1.0,Global off,Global off,7.0,208.0,0.03365384615384615,6.0,0.25,ITI,ITI,1.0,1.0,Global off,Global off,4.0,233.0,0.017167381974248927,4.0,0.16666666666666666,ITI,CS-,1.0,1.0,Global off,Global off,3.0,0.016486464179597225,2.0,0.08333333333333334,0.016486464179597225
14,32,2.0,4.0,Threat-like,Global on,5.0,138.0,0.036231884057971016,5.0,0.20833333333333334,ITI,ITI,2.0,4.0,Threat-like,Global on,9.0,171.0,0.05263157894736842,7.0,0.2916666666666667,CS-,CS-,2.0,4.0,Threat-like,Global on,-4.0,-0.016399694889397402,-2.0,-0.08333333333333334,0.016399694889397402
25,6,1.0,1.0,Global off,Global off,2.0,122.0,0.01639344262295082,2.0,0.08333333333333333,ITI,CS-,0.0,0.0,0,0,0.0,0.0,0.0,0.0,0.0,0,0,1.0,1.0,Global off,Global off,2.0,0.01639344262295082,2.0,0.08333333333333333,0.01639344262295082
8,13,3.0,2.0,Safety-like,Threat-like,5.0,93.0,0.053763440860215055,5.0,0.20833333333333334,CS-,CS-,3.0,2.0,Safety-like,Threat-like,4.0,107.0,0.037383177570093455,4.0,0.16666666666666666,ITI,ITI,3.0,2.0,Safety-like,Threat-like,1.0,0.0163802632901216,1.0,0.041666666666666685,0.0163802632901216
27,5,4.0,1.0,Global on,Global off,1.0,90.0,0.011111111111111112,1.0,0.041666666666666664,CS-,ITI,4.0,1.0,Global on,Global off,2.0,73.0,0.0273972602739726,2.0,0.08333333333333333,ITI,CS+,4.0,1.0,Global on,Global off,-1.0,-0.016286149162861488,-1.0,-0.041666666666666664,0.016286149162861488
27,11,4.0,1.0,Global on,Global off,1.0,90.0,0.011111111111111112,1.0,0.041666666666666664,CS+,ITI,4.0,1.0,Global on,Global off,2.0,73.0,0.0273972602739726,2.0,0.08333333333333333,CS+,CS+,4.0,1.0,Global on,Global off,-1.0,-0.016286149162861488,-1.0,-0.041666666666666664,0.016286149162861488
4,5,3.0,1.0,Safety-like,Global off,8.0,195.0,0.041025641025641026,7.0,0.2916666666666667,ITI,ITI,3.0,1.0,Safety-like,Global off,5.0,202.0,0.024752475247524754,5.0,0.20833333333333334,ITI,ITI,3.0,1.0,Safety-like,Global off,3.0,0.016273165778116272,2.0,0.08333333333333334,0.016273165778116272
18,2,3.0,1.0,Safety-like,Global off,4.0,77.0,0.05194805194805195,4.0,0.16666666666666666,ITI,CS+,3.0,1.0,Safety-like,Global off,4.0,112.0,0.03571428571428571,4.0,0.16666666666666666,CS-,ITI,3.0,1.0,Safety-like,Global off,0.0,0.01623376623376624,0.0,0.0,0.01623376623376624
17,25,1.0,1.0,Global off,Global off,7.0,173.0,0.04046242774566474,6.0,0.25,ITI,ITI,1.0,1.0,Global off,Global off,5.0,206.0,0.024271844660194174,4.0,0.16666666666666666,CS-,ITI,1.0,1.0,Global off,Global off,2.0,0.016190583085470566,2.0,0.08333333333333334,0.016190583085470566
17,20,1.0,3.0,Global off,Safety-like,14.0,173.0,0.08092485549132948,12.0,0.5,ITI,ITI,1.0,3.0,Global off,Safety-like,20.0,206.0,0.0970873786407767,16.0,0.6666666666666666,ITI,ITI,1.0,3.0,Global off,Safety-like,-6.0,-0.016162523149447217,-4.0,-0.16666666666666663,0.016162523149447217
13,29,2.0,2.0,Threat-like,Threat-like,18.0,243.0,0.07407407407407407,12.0,0.5,ITI,ITI,2.0,2.0,Threat-like,Threat-like,15.0,259.0,0.05791505791505792,11.0,0.4583333333333333,CS-,ITI,2.0,2.0,Threat-like,Threat-like,3.0,0.016159016159016153,1.0,0.041666666666666685,0.016159016159016153
31,28,4.0,4.0,Global on,Global on,10.0,206.0,0.04854368932038835,6.0,0.25,ITI,ITI,4.0,4.0,Global on,Global on,15.0,232.0,0.06465517241379311,12.0,0.5,CS-,ITI,4.0,4.0,Global on,Global on,-5.0,-0.01611148309340476,-6.0,-0.25,0.01611148309340476
15,5,2.0,1.0,Threat-like,Global off,4.0,84.0,0.047619047619047616,4.0,0.16666666666666666,ITI,ITI,2.0,1.0,Threat-like,Global off,7.0,110.0,0.06363636363636363,6.0,0.25,ITI,ITI,2.0,1.0,Threat-like,Global off,-3.0,-0.016017316017316013,-2.0,-0.08333333333333334,0.016017316017316013
15,29,2.0,2.0,Threat-like,Threat-like,4.0,84.0,0.047619047619047616,4.0,0.16666666666666666,CS-,ITI,2.0,2.0,Threat-like,Threat-like,7.0,110.0,0.06363636363636363,6.0,0.25,CS-,CS-,2.0,2.0,Threat-like,Threat-like,-3.0,-0.016017316017316013,-2.0,-0.08333333333333334,0.016017316017316013
4,30,3.0,4.0,Safety-like,Global on,6.0,195.0,0.03076923076923077,5.0,0.20833333333333334,ITI,ITI,3.0,4.0,Safety-like,Global on,3.0,202.0,0.01485148514851485,3.0,0.125,ITI,ITI,3.0,4.0,Safety-like,Global on,3.0,0.01591774562071592,2.0,0.08333333333333334,0.01591774562071592
13,31,2.0,4.0,Threat-like,Global on,17.0,243.0,0.06995884773662552,12.0,0.5,CS+,ITI,2.0,4.0,Threat-like,Global on,14.0,259.0,0.05405405405405406,9.0,0.375,ITI,ITI,2.0,4.0,Threat-like,Global on,3.0,0.015904793682571458,3.0,0.125,0.015904793682571458
32,2,4.0,1.0,Global on,Global off,12.0,400.0,0.03,10.0,0.4166666666666667,CS-,CS-,4.0,1.0,Global on,Global off,18.0,393.0,0.04580152671755725,12.0,0.5,CS-,CS-,4.0,1.0,Global on,Global off,-6.0,-0.015801526717557253,-2.0,-0.08333333333333331,0.015801526717557253
13,5,2.0,1.0,Threat-like,Global off,14.0,243.0,0.05761316872427984,9.0,0.375,CS+,CS+,2.0,1.0,Threat-like,Global off,19.0,259.0,0.07335907335907337,13.0,0.5416666666666666,ITI,ITI,2.0,1.0,Threat-like,Global off,-5.0,-0.01574590463479353,-4.0,-0.16666666666666663,0.01574590463479353
17,18,1.0,3.0,Global off,Safety-like,4.0,173.0,0.023121387283236993,4.0,0.16666666666666666,ITI,ITI,1.0,3.0,Global off,Safety-like,8.0,206.0,0.038834951456310676,6.0,0.25,ITI,ITI,1.0,3.0,Global off,Safety-like,-4.0,-0.015713564173073683,-2.0,-0.08333333333333334,0.015713564173073683
5,24,1.0,4.0,Global off,Global on,5.0,184.0,0.02717391304347826,5.0,0.20833333333333334,ITI,ITI,1.0,4.0,Global off,Global on,2.0,174.0,0.011494252873563218,2.0,0.08333333333333333,ITI,CS+,1.0,4.0,Global off,Global on,3.0,0.015679660169915042,3.0,0.125,0.015679660169915042
12,19,3.0,3.0,Safety-like,Safety-like,1.0,64.0,0.015625,1.0,0.041666666666666664,CS+,CS+,0.0,0.0,0,0,0.0,0.0,0.0,0.0,0.0,0,0,3.0,3.0,Safety-like,Safety-like,1.0,0.015625,1.0,0.041666666666666664,0.015625
10,27,1.0,4.0,Global off,Global on,1.0,64.0,0.015625,1.0,0.041666666666666664,ITI,ITI,0.0,0.0,0,0,0.0,0.0,0.0,0.0,0.0,0,0,1.0,4.0,Global off,Global on,1.0,0.015625,1.0,0.041666666666666664,0.015625
26,16,0.0,0.0,0,0,0.0,0.0,0.0,0.0,0.0,0,0,4.0,4.0,Global on,Global on,1.0,64.0,0.015625,1.0,0.041666666666666664,CS-,CS-,4.0,4.0,Global on,Global on,-1.0,-0.015625,-1.0,-0.041666666666666664,0.015625
2,29,1.0,2.0,Global off,Threat-like,3.0,208.0,0.014423076923076924,3.0,0.125,ITI,ITI,1.0,2.0,Global off,Threat-like,7.0,233.0,0.030042918454935622,6.0,0.25,ITI,ITI,1.0,2.0,Global off,Threat-like,-4.0,-0.015619841531858698,-3.0,-0.125,0.015619841531858698
1,15,1.0,2.0,Global off,Threat-like,2.0,385.0,0.005194805194805195,2.0,0.08333333333333333,CS+,ITI,1.0,2.0,Global off,Threat-like,8.0,385.0,0.02077922077922078,8.0,0.3333333333333333,ITI,ITI,1.0,2.0,Global off,Threat-like,-6.0,-0.015584415584415584,-6.0,-0.25,0.015584415584415584
1,17,1.0,1.0,Global off,Global off,20.0,385.0,0.05194805194805195,16.0,0.6666666666666666,ITI,ITI,1.0,1.0,Global off,Global off,26.0,385.0,0.06753246753246753,14.0,0.5833333333333334,ITI,ITI,1.0,1.0,Global off,Global off,-6.0,-0.015584415584415576,2.0,0.08333333333333326,0.015584415584415576
27,28,4.0,4.0,Global on,Global on,6.0,90.0,0.06666666666666667,5.0,0.20833333333333334,ITI,ITI,4.0,4.0,Global on,Global on,6.0,73.0,0.0821917808219178,4.0,0.16666666666666666,ITI,ITI,4.0,4.0,Global on,Global on,0.0,-0.015525114155251138,1.0,0.041666666666666685,0.015525114155251138
22,23,4.0,4.0,Global on,Global on,1.0,29.0,0.034482758620689655,1.0,0.041666666666666664,ITI,ITI,4.0,4.0,Global on,Global on,2.0,40.0,0.05,2.0,0.08333333333333333,CS+,ITI,4.0,4.0,Global on,Global on,-1.0,-0.015517241379310348,-1.0,-0.041666666666666664,0.015517241379310348
22,29,4.0,2.0,Global on,Threat-like,1.0,29.0,0.034482758620689655,1.0,0.041666666666666664,ITI,ITI,4.0,2.0,Global on,Threat-like,2.0,40.0,0.05,2.0,0.08333333333333333,ITI,CS+,4.0,2.0,Global on,Threat-like,-1.0,-0.015517241379310348,-1.0,-0.041666666666666664,0.015517241379310348
29,20,2.0,3.0,Threat-like,Safety-like,4.0,172.0,0.023255813953488372,3.0,0.125,ITI,ITI,2.0,3.0,Threat-like,Safety-like,8.0,207.0,0.03864734299516908,7.0,0.2916666666666667,CS+,ITI,2.0,3.0,Threat-like,Safety-like,-4.0,-0.015391529041680709,-4.0,-0.16666666666666669,0.015391529041680709
10,22,0.0,0.0,0,0,0.0,0.0,0.0,0.0,0.0,0,0,1.0,4.0,Global off,Global on,2.0,130.0,0.015384615384615385,2.0,0.08333333333333333,CS-,CS-,1.0,4.0,Global off,Global on,-2.0,-0.015384615384615385,-2.0,-0.08333333333333333,0.015384615384615385
10,18,0.0,0.0,0,0,0.0,0.0,0.0,0.0,0.0,0,0,1.0,3.0,Global off,Safety-like,2.0,130.0,0.015384615384615385,2.0,0.08333333333333333,CS+,ITI,1.0,3.0,Global off,Safety-like,-2.0,-0.015384615384615385,-2.0,-0.08333333333333333,0.015384615384615385
15,10,2.0,1.0,Threat-like,Global off,1.0,84.0,0.011904761904761904,1.0,0.041666666666666664,CS-,CS-,2.0,1.0,Threat-like,Global off,3.0,110.0,0.02727272727272727,3.0,0.125,CS-,CS+,2.0,1.0,Threat-like,Global off,-2.0,-0.015367965367965367,-2.0,-0.08333333333333334,0.015367965367965367
7,2,1.0,1.0,Global off,Global off,3.0,51.0,0.058823529411764705,3.0,0.125,ITI,ITI,1.0,1.0,Global off,Global off,3.0,69.0,0.043478260869565216,2.0,0.08333333333333333,CS+,ITI,1.0,1.0,Global off,Global off,0.0,0.015345268542199489,1.0,0.04166666666666667,0.015345268542199489
32,3,4.0,1.0,Global on,Global off,1.0,400.0,0.0025,1.0,0.041666666666666664,ITI,ITI,4.0,1.0,Global on,Global off,7.0,393.0,0.017811704834605598,5.0,0.20833333333333334,CS+,ITI,4.0,1.0,Global on,Global off,-6.0,-0.015311704834605597,-4.0,-0.16666666666666669,0.015311704834605597
6,24,1.0,4.0,Global off,Global on,4.0,88.0,0.045454545454545456,4.0,0.16666666666666666,CS-,CS-,1.0,4.0,Global off,Global on,2.0,66.0,0.030303030303030304,2.0,0.08333333333333333,ITI,ITI,1.0,4.0,Global off,Global on,2.0,0.015151515151515152,2.0,0.08333333333333333,0.015151515151515152
6,12,0.0,0.0,0,0,0.0,0.0,0.0,0.0,0.0,0,0,1.0,3.0,Global off,Safety-like,1.0,66.0,0.015151515151515152,1.0,0.041666666666666664,ITI,CS-,1.0,3.0,Global off,Safety-like,-1.0,-0.015151515151515152,-1.0,-0.041666666666666664,0.015151515151515152
10,7,1.0,1.0,Global off,Global off,1.0,64.0,0.015625,1.0,0.041666666666666664,CS+,CS+,1.0,1.0,Global off,Global off,4.0,130.0,0.03076923076923077,3.0,0.125,CS-,CS-,1.0,1.0,Global off,Global off,-3.0,-0.015144230769230771,-2.0,-0.08333333333333334,0.015144230769230771
31,8,4.0,3.0,Global on,Safety-like,4.0,206.0,0.019417475728155338,4.0,0.16666666666666666,ITI,ITI,4.0,3.0,Global on,Safety-like,1.0,232.0,0.004310344827586207,1.0,0.041666666666666664,CS-,CS-,4.0,3.0,Global on,Safety-like,3.0,0.015107130900569131,3.0,0.125,0.015107130900569131
21,25,1.0,1.0,Global off,Global off,2.0,89.0,0.02247191011235955,2.0,0.08333333333333333,ITI,ITI,1.0,1.0,Global off,Global off,1.0,135.0,0.007407407407407408,1.0,0.041666666666666664,ITI,ITI,1.0,1.0,Global off,Global off,1.0,0.015064502704952142,1.0,0.041666666666666664,0.015064502704952142
25,2,1.0,1.0,Global off,Global off,3.0,122.0,0.02459016393442623,2.0,0.08333333333333333,CS-,CS-,1.0,1.0,Global off,Global off,4.0,101.0,0.039603960396039604,4.0,0.16666666666666666,CS+,ITI,1.0,1.0,Global off,Global off,-1.0,-0.015013796461613375,-2.0,-0.08333333333333333,0.015013796461613375
21,7,0.0,0.0,0,0,0.0,0.0,0.0,0.0,0.0,0,0,1.0,1.0,Global off,Global off,2.0,135.0,0.014814814814814815,2.0,0.08333333333333333,CS-,CS-,1.0,1.0,Global off,Global off,-2.0,-0.014814814814814815,-2.0,-0.08333333333333333,0.014814814814814815
16,19,0.0,0.0,0,0,0.0,0.0,0.0,0.0,0.0,0,0,4.0,3.0,Global on,Safety-like,3.0,204.0,0.014705882352941176,3.0,0.125,CS+,CS+,4.0,3.0,Global on,Safety-like,-3.0,-0.014705882352941176,-3.0,-0.125,0.014705882352941176
25,16,1.0,4.0,Global off,Global on,3.0,122.0,0.02459016393442623,3.0,0.125,ITI,CS+,1.0,4.0,Global off,Global on,1.0,101.0,0.009900990099009901,1.0,0.041666666666666664,ITI,CS+,1.0,4.0,Global off,Global on,2.0,0.014689173835416328,2.0,0.08333333333333334,0.014689173835416328
25,15,1.0,2.0,Global off,Threat-like,3.0,122.0,0.02459016393442623,3.0,0.125,ITI,CS+,1.0,2.0,Global off,Threat-like,1.0,101.0,0.009900990099009901,1.0,0.041666666666666664,ITI,CS+,1.0,2.0,Global off,Threat-like,2.0,0.014689173835416328,2.0,0.08333333333333334,0.014689173835416328
4,15,3.0,2.0,Safety-like,Threat-like,1.0,195.0,0.005128205128205128,1.0,0.041666666666666664,CS+,CS+,3.0,2.0,Safety-like,Threat-like,4.0,202.0,0.019801980198019802,4.0,0.16666666666666666,ITI,ITI,3.0,2.0,Safety-like,Threat-like,-3.0,-0.014673775069814675,-3.0,-0.125,0.014673775069814675
4,23,3.0,4.0,Safety-like,Global on,1.0,195.0,0.005128205128205128,1.0,0.041666666666666664,ITI,CS+,3.0,4.0,Safety-like,Global on,4.0,202.0,0.019801980198019802,3.0,0.125,ITI,ITI,3.0,4.0,Safety-like,Global on,-3.0,-0.014673775069814675,-2.0,-0.08333333333333334,0.014673775069814675
9,28,1.0,4.0,Global off,Global on,1.0,147.0,0.006802721088435374,1.0,0.041666666666666664,CS+,ITI,1.0,4.0,Global off,Global on,3.0,140.0,0.02142857142857143,3.0,0.125,CS-,CS+,1.0,4.0,Global off,Global on,-2.0,-0.014625850340136054,-2.0,-0.08333333333333334,0.014625850340136054
21,6,1.0,1.0,Global off,Global off,2.0,89.0,0.02247191011235955,2.0,0.08333333333333333,ITI,ITI,1.0,1.0,Global off,Global off,5.0,135.0,0.037037037037037035,5.0,0.20833333333333334,ITI,ITI,1.0,1.0,Global off,Global off,-3.0,-0.014565126924677485,-3.0,-0.125,0.014565126924677485
30,31,4.0,4.0,Global on,Global on,4.0,95.0,0.042105263157894736,4.0,0.16666666666666666,ITI,CS-,4.0,4.0,Global on,Global on,6.0,106.0,0.05660377358490566,5.0,0.20833333333333334,ITI,ITI,4.0,4.0,Global on,Global on,-2.0,-0.014498510427010926,-1.0,-0.041666666666666685,0.014498510427010926
4,21,3.0,1.0,Safety-like,Global off,2.0,195.0,0.010256410256410256,2.0,0.08333333333333333,ITI,CS+,3.0,1.0,Safety-like,Global off,5.0,202.0,0.024752475247524754,4.0,0.16666666666666666,ITI,ITI,3.0,1.0,Safety-like,Global off,-3.0,-0.014496064991114497,-2.0,-0.08333333333333333,0.014496064991114497
7,18,0.0,0.0,0,0,0.0,0.0,0.0,0.0,0.0,0,0,1.0,3.0,Global off,Safety-like,1.0,69.0,0.014492753623188406,1.0,0.041666666666666664,CS-,CS-,1.0,3.0,Global off,Safety-like,-1.0,-0.014492753623188406,-1.0,-0.041666666666666664,0.014492753623188406
7,30,0.0,0.0,0,0,0.0,0.0,0.0,0.0,0.0,0,0,1.0,4.0,Global off,Global on,1.0,69.0,0.014492753623188406,1.0,0.041666666666666664,ITI,CS-,1.0,4.0,Global off,Global on,-1.0,-0.014492753623188406,-1.0,-0.041666666666666664,0.014492753623188406
7,17,0.0,0.0,0,0,0.0,0.0,0.0,0.0,0.0,0,0,1.0,1.0,Global off,Global off,1.0,69.0,0.014492753623188406,1.0,0.041666666666666664,ITI,ITI,1.0,1.0,Global off,Global off,-1.0,-0.014492753623188406,-1.0,-0.041666666666666664,0.014492753623188406
14,7,2.0,1.0,Threat-like,Global off,2.0,138.0,0.014492753623188406,2.0,0.08333333333333333,CS+,CS+,0.0,0.0,0,0,0.0,0.0,0.0,0.0,0.0,0,0,2.0,1.0,Threat-like,Global off,2.0,0.014492753623188406,2.0,0.08333333333333333,0.014492753623188406
7,28,0.0,0.0,0,0,0.0,0.0,0.0,0.0,0.0,0,0,1.0,4.0,Global off,Global on,1.0,69.0,0.014492753623188406,1.0,0.041666666666666664,ITI,ITI,1.0,4.0,Global off,Global on,-1.0,-0.014492753623188406,-1.0,-0.041666666666666664,0.014492753623188406
14,11,2.0,1.0,Threat-like,Global off,2.0,138.0,0.014492753623188406,2.0,0.08333333333333333,CS+,CS+,0.0,0.0,0,0,0.0,0.0,0.0,0.0,0.0,0,0,2.0,1.0,Threat-like,Global off,2.0,0.014492753623188406,2.0,0.08333333333333333,0.014492753623188406
7,27,0.0,0.0,0,0,0.0,0.0,0.0,0.0,0.0,0,0,1.0,4.0,Global off,Global on,1.0,69.0,0.014492753623188406,1.0,0.041666666666666664,ITI,ITI,1.0,4.0,Global off,Global on,-1.0,-0.014492753623188406,-1.0,-0.041666666666666664,0.014492753623188406
5,32,1.0,4.0,Global off,Global on,9.0,184.0,0.04891304347826087,7.0,0.2916666666666667,ITI,CS+,1.0,4.0,Global off,Global on,6.0,174.0,0.034482758620689655,6.0,0.25,ITI,ITI,1.0,4.0,Global off,Global on,3.0,0.014430284857571217,1.0,0.041666666666666685,0.014430284857571217
25,13,1.0,2.0,Global off,Threat-like,9.0,122.0,0.07377049180327869,8.0,0.3333333333333333,ITI,ITI,1.0,2.0,Global off,Threat-like,6.0,101.0,0.0594059405940594,6.0,0.25,CS-,CS-,1.0,2.0,Global off,Threat-like,3.0,0.014364551209219284,2.0,0.08333333333333331,0.014364551209219284
4,14,3.0,2.0,Safety-like,Threat-like,3.0,195.0,0.015384615384615385,3.0,0.125,ITI,CS-,3.0,2.0,Safety-like,Threat-like,6.0,202.0,0.0297029702970297,3.0,0.125,CS+,ITI,3.0,2.0,Safety-like,Threat-like,-3.0,-0.014318354912414316,0.0,0.0,0.014318354912414316
13,1,2.0,1.0,Threat-like,Global off,20.0,243.0,0.0823045267489712,13.0,0.5416666666666666,ITI,ITI,2.0,1.0,Threat-like,Global off,25.0,259.0,0.09652509652509653,15.0,0.625,ITI,ITI,2.0,1.0,Threat-like,Global off,-5.0,-0.014220569776125333,-2.0,-0.08333333333333337,0.014220569776125333
24,9,4.0,1.0,Global on,Global off,1.0,146.0,0.00684931506849315,1.0,0.041666666666666664,CS+,CS+,4.0,1.0,Global on,Global off,3.0,143.0,0.02097902097902098,3.0,0.125,CS-,CS-,4.0,1.0,Global on,Global off,-2.0,-0.01412970591052783,-2.0,-0.08333333333333334,0.01412970591052783
24,27,0.0,0.0,0,0,0.0,0.0,0.0,0.0,0.0,0,0,4.0,4.0,Global on,Global on,2.0,143.0,0.013986013986013986,2.0,0.08333333333333333,CS-,CS-,4.0,4.0,Global on,Global on,-2.0,-0.013986013986013986,-2.0,-0.08333333333333333,0.013986013986013986
31,19,4.0,3.0,Global on,Safety-like,6.0,206.0,0.02912621359223301,5.0,0.20833333333333334,ITI,ITI,4.0,3.0,Global on,Safety-like,10.0,232.0,0.04310344827586207,7.0,0.2916666666666667,ITI,ITI,4.0,3.0,Global on,Safety-like,-4.0,-0.013977234683629061,-2.0,-0.08333333333333334,0.013977234683629061
31,13,4.0,2.0,Global on,Threat-like,6.0,206.0,0.02912621359223301,5.0,0.20833333333333334,CS-,ITI,4.0,2.0,Global on,Threat-like,10.0,232.0,0.04310344827586207,8.0,0.3333333333333333,ITI,CS+,4.0,2.0,Global on,Threat-like,-4.0,-0.013977234683629061,-3.0,-0.12499999999999997,0.013977234683629061
16,15,4.0,2.0,Global on,Threat-like,7.0,182.0,0.038461538461538464,5.0,0.20833333333333334,CS+,ITI,4.0,2.0,Global on,Threat-like,5.0,204.0,0.024509803921568627,5.0,0.20833333333333334,CS+,CS+,4.0,2.0,Global on,Threat-like,2.0,0.013951734539969837,0.0,0.0,0.013951734539969837
13,10,2.0,1.0,Threat-like,Global off,6.0,243.0,0.024691358024691357,6.0,0.25,CS+,CS+,2.0,1.0,Threat-like,Global off,10.0,259.0,0.03861003861003861,8.0,0.3333333333333333,ITI,ITI,2.0,1.0,Threat-like,Global off,-4.0,-0.013918680585347253,-2.0,-0.08333333333333331,0.013918680585347253
17,9,1.0,1.0,Global off,Global off,6.0,173.0,0.03468208092485549,5.0,0.20833333333333334,ITI,ITI,1.0,1.0,Global off,Global off,10.0,206.0,0.04854368932038835,7.0,0.2916666666666667,ITI,ITI,1.0,1.0,Global off,Global off,-4.0,-0.013861608395532861,-2.0,-0.08333333333333334,0.013861608395532861
15,32,2.0,4.0,Threat-like,Global on,8.0,84.0,0.09523809523809523,5.0,0.20833333333333334,ITI,CS-,2.0,4.0,Threat-like,Global on,12.0,110.0,0.10909090909090909,11.0,0.4583333333333333,ITI,ITI,2.0,4.0,Threat-like,Global on,-4.0,-0.013852813852813853,-6.0,-0.24999999999999997,0.013852813852813853
4,18,3.0,3.0,Safety-like,Safety-like,6.0,195.0,0.03076923076923077,6.0,0.25,ITI,ITI,3.0,3.0,Safety-like,Safety-like,9.0,202.0,0.04455445544554455,7.0,0.2916666666666667,CS+,ITI,3.0,3.0,Safety-like,Safety-like,-3.0,-0.013785224676313781,-1.0,-0.041666666666666685,0.013785224676313781
29,31,2.0,4.0,Threat-like,Global on,14.0,172.0,0.08139534883720931,10.0,0.4166666666666667,ITI,ITI,2.0,4.0,Threat-like,Global on,14.0,207.0,0.06763285024154589,11.0,0.4583333333333333,ITI,ITI,2.0,4.0,Threat-like,Global on,0.0,0.01376249859566342,-1.0,-0.04166666666666663,0.01376249859566342
24,15,4.0,2.0,Global on,Threat-like,2.0,146.0,0.0136986301369863,2.0,0.08333333333333333,ITI,ITI,0.0,0.0,0,0,0.0,0.0,0.0,0.0,0.0,0,0,4.0,2.0,Global on,Threat-like,2.0,0.0136986301369863,2.0,0.08333333333333333,0.0136986301369863
23,10,4.0,1.0,Global on,Global off,1.0,73.0,0.0136986301369863,1.0,0.041666666666666664,ITI,CS-,0.0,0.0,0,0,0.0,0.0,0.0,0.0,0.0,0,0,4.0,1.0,Global on,Global off,1.0,0.0136986301369863,1.0,0.041666666666666664,0.0136986301369863
23,25,4.0,1.0,Global on,Global off,1.0,73.0,0.0136986301369863,1.0,0.041666666666666664,ITI,ITI,0.0,0.0,0,0,0.0,0.0,0.0,0.0,0.0,0,0,4.0,1.0,Global on,Global off,1.0,0.0136986301369863,1.0,0.041666666666666664,0.0136986301369863
23,6,4.0,1.0,Global on,Global off,1.0,73.0,0.0136986301369863,1.0,0.041666666666666664,ITI,CS+,0.0,0.0,0,0,0.0,0.0,0.0,0.0,0.0,0,0,4.0,1.0,Global on,Global off,1.0,0.0136986301369863,1.0,0.041666666666666664,0.0136986301369863
27,15,0.0,0.0,0,0,0.0,0.0,0.0,0.0,0.0,0,0,4.0,2.0,Global on,Threat-like,1.0,73.0,0.0136986301369863,1.0,0.041666666666666664,CS-,ITI,4.0,2.0,Global on,Threat-like,-1.0,-0.0136986301369863,-1.0,-0.041666666666666664,0.0136986301369863
9,23,1.0,4.0,Global off,Global on,2.0,147.0,0.013605442176870748,2.0,0.08333333333333333,CS+,ITI,0.0,0.0,0,0,0.0,0.0,0.0,0.0,0.0,0,0,1.0,4.0,Global off,Global on,2.0,0.013605442176870748,2.0,0.08333333333333333,0.013605442176870748
3,9,1.0,1.0,Global off,Global off,7.0,99.0,0.0707070707070707,7.0,0.2916666666666667,ITI,ITI,1.0,1.0,Global off,Global off,6.0,105.0,0.05714285714285714,5.0,0.20833333333333334,ITI,ITI,1.0,1.0,Global off,Global off,1.0,0.013564213564213563,2.0,0.08333333333333334,0.013564213564213563
24,6,4.0,1.0,Global on,Global off,4.0,146.0,0.0273972602739726,4.0,0.16666666666666666,ITI,ITI,4.0,1.0,Global on,Global off,2.0,143.0,0.013986013986013986,2.0,0.08333333333333333,ITI,ITI,4.0,1.0,Global on,Global off,2.0,0.013411246287958615,2.0,0.08333333333333333,0.013411246287958615
30,17,4.0,1.0,Global on,Global off,5.0,95.0,0.05263157894736842,5.0,0.20833333333333334,ITI,CS-,4.0,1.0,Global on,Global off,7.0,106.0,0.0660377358490566,7.0,0.2916666666666667,ITI,ITI,4.0,1.0,Global on,Global off,-2.0,-0.013406156901688185,-2.0,-0.08333333333333334,0.013406156901688185
16,3,4.0,1.0,Global on,Global off,6.0,182.0,0.03296703296703297,6.0,0.25,CS+,ITI,4.0,1.0,Global on,Global off,4.0,204.0,0.0196078431372549,4.0,0.16666666666666666,CS+,ITI,4.0,1.0,Global on,Global off,2.0,0.013359189829778066,2.0,0.08333333333333334,0.013359189829778066
23,14,4.0,2.0,Global on,Threat-like,1.0,73.0,0.0136986301369863,1.0,0.041666666666666664,CS+,CS+,4.0,2.0,Global on,Threat-like,3.0,111.0,0.02702702702702703,3.0,0.125,ITI,CS+,4.0,2.0,Global on,Threat-like,-2.0,-0.013328396890040728,-2.0,-0.08333333333333334,0.013328396890040728
23,18,4.0,3.0,Global on,Safety-like,1.0,73.0,0.0136986301369863,1.0,0.041666666666666664,ITI,ITI,4.0,3.0,Global on,Safety-like,3.0,111.0,0.02702702702702703,3.0,0.125,ITI,ITI,4.0,3.0,Global on,Safety-like,-2.0,-0.013328396890040728,-2.0,-0.08333333333333334,0.013328396890040728
23,15,4.0,2.0,Global on,Threat-like,1.0,73.0,0.0136986301369863,1.0,0.041666666666666664,ITI,ITI,4.0,2.0,Global on,Threat-like,3.0,111.0,0.02702702702702703,2.0,0.08333333333333333,CS+,ITI,4.0,2.0,Global on,Threat-like,-2.0,-0.013328396890040728,-1.0,-0.041666666666666664,0.013328396890040728
25,24,1.0,4.0,Global off,Global on,2.0,122.0,0.01639344262295082,1.0,0.041666666666666664,ITI,ITI,1.0,4.0,Global off,Global on,3.0,101.0,0.0297029702970297,3.0,0.125,ITI,ITI,1.0,4.0,Global off,Global on,-1.0,-0.013309527674078881,-2.0,-0.08333333333333334,0.013309527674078881
9,21,1.0,1.0,Global off,Global off,3.0,147.0,0.02040816326530612,2.0,0.08333333333333333,CS+,ITI,1.0,1.0,Global off,Global off,1.0,140.0,0.007142857142857143,1.0,0.041666666666666664,ITI,ITI,1.0,1.0,Global off,Global off,2.0,0.013265306122448979,1.0,0.041666666666666664,0.013265306122448979
9,27,1.0,4.0,Global off,Global on,3.0,147.0,0.02040816326530612,3.0,0.125,ITI,CS+,1.0,4.0,Global off,Global on,1.0,140.0,0.007142857142857143,1.0,0.041666666666666664,CS+,CS+,1.0,4.0,Global off,Global on,2.0,0.013265306122448979,2.0,0.08333333333333334,0.013265306122448979
20,14,3.0,2.0,Safety-like,Threat-like,5.0,238.0,0.02100840336134454,4.0,0.16666666666666666,ITI,ITI,3.0,2.0,Safety-like,Threat-like,2.0,256.0,0.0078125,2.0,0.08333333333333333,ITI,ITI,3.0,2.0,Safety-like,Threat-like,3.0,0.01319590336134454,2.0,0.08333333333333333,0.01319590336134454
24,13,4.0,2.0,Global on,Threat-like,6.0,146.0,0.0410958904109589,5.0,0.20833333333333334,ITI,ITI,4.0,2.0,Global on,Threat-like,4.0,143.0,0.027972027972027972,3.0,0.125,ITI,ITI,4.0,2.0,Global on,Threat-like,2.0,0.01312386243893093,2.0,0.08333333333333334,0.01312386243893093
13,12,2.0,3.0,Threat-like,Safety-like,6.0,243.0,0.024691358024691357,5.0,0.20833333333333334,CS-,ITI,2.0,3.0,Threat-like,Safety-like,3.0,259.0,0.011583011583011582,3.0,0.125,ITI,ITI,2.0,3.0,Threat-like,Safety-like,3.0,0.013108346441679774,2.0,0.08333333333333334,0.013108346441679774
1,9,1.0,1.0,Global off,Global off,20.0,385.0,0.05194805194805195,9.0,0.375,ITI,ITI,1.0,1.0,Global off,Global off,15.0,385.0,0.03896103896103896,9.0,0.375,ITI,ITI,1.0,1.0,Global off,Global off,5.0,0.012987012987012991,0.0,0.0,0.012987012987012991
18,6,3.0,1.0,Safety-like,Global off,1.0,77.0,0.012987012987012988,1.0,0.041666666666666664,ITI,ITI,0.0,0.0,0,0,0.0,0.0,0.0,0.0,0.0,0,0,3.0,1.0,Safety-like,Global off,1.0,0.012987012987012988,1.0,0.041666666666666664,0.012987012987012988
1,19,1.0,3.0,Global off,Safety-like,12.0,385.0,0.03116883116883117,9.0,0.375,ITI,ITI,1.0,3.0,Global off,Safety-like,7.0,385.0,0.01818181818181818,6.0,0.25,ITI,ITI,1.0,3.0,Global off,Safety-like,5.0,0.012987012987012988,3.0,0.125,0.012987012987012988
24,28,4.0,4.0,Global on,Global on,7.0,146.0,0.04794520547945205,7.0,0.2916666666666667,CS-,ITI,4.0,4.0,Global on,Global on,5.0,143.0,0.03496503496503497,3.0,0.125,ITI,ITI,4.0,4.0,Global on,Global on,2.0,0.012980170514417085,4.0,0.16666666666666669,0.012980170514417085
17,19,1.0,3.0,Global off,Safety-like,14.0,173.0,0.08092485549132948,10.0,0.4166666666666667,ITI,ITI,1.0,3.0,Global off,Safety-like,14.0,206.0,0.06796116504854369,10.0,0.4166666666666667,ITI,ITI,1.0,3.0,Global off,Safety-like,0.0,0.012963690442785794,0.0,0.0,0.012963690442785794
23,1,4.0,1.0,Global on,Global off,3.0,73.0,0.0410958904109589,3.0,0.125,CS+,CS+,4.0,1.0,Global on,Global off,6.0,111.0,0.05405405405405406,5.0,0.20833333333333334,CS-,CS-,4.0,1.0,Global on,Global off,-3.0,-0.012958163643095155,-2.0,-0.08333333333333334,0.012958163643095155
12,5,3.0,1.0,Safety-like,Global off,4.0,64.0,0.0625,4.0,0.16666666666666666,ITI,ITI,3.0,1.0,Safety-like,Global off,6.0,121.0,0.049586776859504134,6.0,0.25,ITI,CS+,3.0,1.0,Safety-like,Global off,-2.0,0.012913223140495866,-2.0,-0.08333333333333334,0.012913223140495866
4,32,3.0,4.0,Safety-like,Global on,11.0,195.0,0.05641025641025641,10.0,0.4166666666666667,ITI,ITI,3.0,4.0,Safety-like,Global on,14.0,202.0,0.06930693069306931,14.0,0.5833333333333334,ITI,ITI,3.0,4.0,Safety-like,Global on,-3.0,-0.012896674282812902,-4.0,-0.16666666666666669,0.012896674282812902
13,25,2.0,1.0,Threat-like,Global off,5.0,243.0,0.0205761316872428,4.0,0.16666666666666666,CS-,ITI,2.0,1.0,Threat-like,Global off,2.0,259.0,0.007722007722007722,2.0,0.08333333333333333,CS-,CS-,2.0,1.0,Threat-like,Global off,3.0,0.012854123965235076,2.0,0.08333333333333333,0.012854123965235076
19,25,0.0,0.0,0,0,0.0,0.0,0.0,0.0,0.0,0,0,3.0,1.0,Safety-like,Global off,2.0,157.0,0.012738853503184714,2.0,0.08333333333333333,CS-,ITI,3.0,1.0,Safety-like,Global off,-2.0,-0.012738853503184714,-2.0,-0.08333333333333333,0.012738853503184714
19,12,0.0,0.0,0,0,0.0,0.0,0.0,0.0,0.0,0,0,3.0,3.0,Safety-like,Safety-like,2.0,157.0,0.012738853503184714,2.0,0.08333333333333333,ITI,ITI,3.0,3.0,Safety-like,Safety-like,-2.0,-0.012738853503184714,-2.0,-0.08333333333333333,0.012738853503184714
17,10,1.0,1.0,Global off,Global off,2.0,173.0,0.011560693641618497,2.0,0.08333333333333333,ITI,CS-,1.0,1.0,Global off,Global off,5.0,206.0,0.024271844660194174,5.0,0.20833333333333334,ITI,ITI,1.0,1.0,Global off,Global off,-3.0,-0.012711151018575678,-3.0,-0.125,0.012711151018575678
13,15,2.0,2.0,Threat-like,Threat-like,11.0,243.0,0.04526748971193416,9.0,0.375,ITI,CS+,2.0,2.0,Threat-like,Threat-like,15.0,259.0,0.05791505791505792,9.0,0.375,ITI,CS-,2.0,2.0,Threat-like,Threat-like,-4.0,-0.012647568203123759,0.0,0.0,0.012647568203123759
15,3,2.0,1.0,Threat-like,Global off,2.0,84.0,0.023809523809523808,2.0,0.08333333333333333,CS+,ITI,2.0,1.0,Threat-like,Global off,4.0,110.0,0.03636363636363636,3.0,0.125,ITI,ITI,2.0,1.0,Threat-like,Global off,-2.0,-0.012554112554112554,-1.0,-0.04166666666666667,0.012554112554112554
17,16,1.0,4.0,Global off,Global on,3.0,173.0,0.017341040462427744,3.0,0.125,ITI,CS+,1.0,4.0,Global off,Global on,1.0,206.0,0.0048543689320388345,1.0,0.041666666666666664,ITI,CS-,1.0,4.0,Global off,Global on,2.0,0.01248667153038891,2.0,0.08333333333333334,0.01248667153038891
17,14,1.0,2.0,Global off,Threat-like,3.0,173.0,0.017341040462427744,2.0,0.08333333333333333,ITI,CS+,1.0,2.0,Global off,Threat-like,1.0,206.0,0.0048543689320388345,1.0,0.041666666666666664,ITI,CS+,1.0,2.0,Global off,Threat-like,2.0,0.01248667153038891,1.0,0.041666666666666664,0.01248667153038891
31,24,4.0,4.0,Global on,Global on,7.0,206.0,0.03398058252427184,6.0,0.25,CS+,ITI,4.0,4.0,Global on,Global on,5.0,232.0,0.021551724137931036,5.0,0.20833333333333334,ITI,ITI,4.0,4.0,Global on,Global on,2.0,0.012428858386340808,1.0,0.04166666666666666,0.012428858386340808
3,31,1.0,4.0,Global off,Global on,5.0,99.0,0.050505050505050504,4.0,0.16666666666666666,ITI,ITI,1.0,4.0,Global off,Global on,4.0,105.0,0.0380952380952381,2.0,0.08333333333333333,ITI,CS+,1.0,4.0,Global off,Global on,1.0,0.012409812409812405,2.0,0.08333333333333333,0.012409812409812405
3,32,1.0,4.0,Global off,Global on,5.0,99.0,0.050505050505050504,5.0,0.20833333333333334,ITI,CS-,1.0,4.0,Global off,Global on,4.0,105.0,0.0380952380952381,4.0,0.16666666666666666,ITI,ITI,1.0,4.0,Global off,Global on,1.0,0.012409812409812405,1.0,0.041666666666666685,0.012409812409812405
31,12,4.0,3.0,Global on,Safety-like,1.0,206.0,0.0048543689320388345,1.0,0.041666666666666664,CS-,CS-,4.0,3.0,Global on,Safety-like,4.0,232.0,0.017241379310344827,4.0,0.16666666666666666,CS+,CS+,4.0,3.0,Global on,Safety-like,-3.0,-0.012387010378305993,-3.0,-0.125,0.012387010378305993
28,30,4.0,4.0,Global on,Global on,6.0,171.0,0.03508771929824561,5.0,0.20833333333333334,ITI,CS+,4.0,4.0,Global on,Global on,4.0,176.0,0.022727272727272728,4.0,0.16666666666666666,ITI,CS+,4.0,4.0,Global on,Global on,2.0,0.012360446570972884,1.0,0.041666666666666685,0.012360446570972884
19,5,3.0,1.0,Safety-like,Global off,3.0,120.0,0.025,3.0,0.125,ITI,ITI,3.0,1.0,Safety-like,Global off,2.0,157.0,0.012738853503184714,2.0,0.08333333333333333,CS+,CS+,3.0,1.0,Safety-like,Global off,1.0,0.012261146496815287,1.0,0.04166666666666667,0.012261146496815287
18,13,3.0,2.0,Safety-like,Threat-like,3.0,77.0,0.03896103896103896,2.0,0.08333333333333333,ITI,CS+,3.0,2.0,Safety-like,Threat-like,3.0,112.0,0.026785714285714284,3.0,0.125,ITI,CS+,3.0,2.0,Safety-like,Threat-like,0.0,0.012175324675324676,-1.0,-0.04166666666666667,0.012175324675324676
18,32,3.0,4.0,Safety-like,Global on,8.0,77.0,0.1038961038961039,7.0,0.2916666666666667,ITI,CS+,3.0,4.0,Safety-like,Global on,13.0,112.0,0.11607142857142858,7.0,0.2916666666666667,ITI,ITI,3.0,4.0,Safety-like,Global on,-5.0,-0.012175324675324672,0.0,0.0,0.012175324675324672
8,22,3.0,4.0,Safety-like,Global on,2.0,93.0,0.021505376344086023,2.0,0.08333333333333333,CS-,ITI,3.0,4.0,Safety-like,Global on,1.0,107.0,0.009345794392523364,1.0,0.041666666666666664,ITI,ITI,3.0,4.0,Safety-like,Global on,1.0,0.01215958195156266,1.0,0.041666666666666664,0.01215958195156266
5,3,1.0,1.0,Global off,Global off,2.0,184.0,0.010869565217391304,2.0,0.08333333333333333,CS+,CS-,1.0,1.0,Global off,Global off,4.0,174.0,0.022988505747126436,3.0,0.125,CS+,CS+,1.0,1.0,Global off,Global off,-2.0,-0.012118940529735132,-1.0,-0.04166666666666667,0.012118940529735132
5,12,1.0,3.0,Global off,Safety-like,2.0,184.0,0.010869565217391304,2.0,0.08333333333333333,ITI,CS+,1.0,3.0,Global off,Safety-like,4.0,174.0,0.022988505747126436,4.0,0.16666666666666666,CS-,ITI,1.0,3.0,Global off,Safety-like,-2.0,-0.012118940529735132,-2.0,-0.08333333333333333,0.012118940529735132
32,14,4.0,2.0,Global on,Threat-like,15.0,400.0,0.0375,10.0,0.4166666666666667,ITI,CS+,4.0,2.0,Global on,Threat-like,10.0,393.0,0.02544529262086514,9.0,0.375,ITI,CS-,4.0,2.0,Global on,Threat-like,5.0,0.01205470737913486,1.0,0.041666666666666685,0.01205470737913486
15,25,2.0,1.0,Threat-like,Global off,1.0,84.0,0.011904761904761904,1.0,0.041666666666666664,ITI,ITI,0.0,0.0,0,0,0.0,0.0,0.0,0.0,0.0,0,0,2.0,1.0,Threat-like,Global off,1.0,0.011904761904761904,1.0,0.041666666666666664,0.011904761904761904
12,20,3.0,3.0,Safety-like,Safety-like,4.0,64.0,0.0625,4.0,0.16666666666666666,CS-,ITI,3.0,3.0,Safety-like,Safety-like,9.0,121.0,0.0743801652892562,7.0,0.2916666666666667,ITI,ITI,3.0,3.0,Safety-like,Safety-like,-5.0,-0.0118801652892562,-3.0,-0.12500000000000003,0.0118801652892562
2,10,1.0,1.0,Global off,Global off,2.0,208.0,0.009615384615384616,2.0,0.08333333333333333,CS+,ITI,1.0,1.0,Global off,Global off,5.0,233.0,0.02145922746781116,4.0,0.16666666666666666,CS-,ITI,1.0,1.0,Global off,Global off,-3.0,-0.011843842852426543,-2.0,-0.08333333333333333,0.011843842852426543
2,19,1.0,3.0,Global off,Safety-like,2.0,208.0,0.009615384615384616,1.0,0.041666666666666664,CS-,CS-,1.0,3.0,Global off,Safety-like,5.0,233.0,0.02145922746781116,5.0,0.20833333333333334,ITI,ITI,1.0,3.0,Global off,Safety-like,-3.0,-0.011843842852426543,-4.0,-0.16666666666666669,0.011843842852426543
3,5,1.0,1.0,Global off,Global off,4.0,99.0,0.04040404040404041,3.0,0.125,ITI,ITI,1.0,1.0,Global off,Global off,3.0,105.0,0.02857142857142857,3.0,0.125,ITI,CS+,1.0,1.0,Global off,Global off,1.0,0.011832611832611837,0.0,0.0,0.011832611832611837
19,27,3.0,4.0,Safety-like,Global on,6.0,120.0,0.05,3.0,0.125,CS+,ITI,3.0,4.0,Safety-like,Global on,6.0,157.0,0.03821656050955414,6.0,0.25,ITI,ITI,3.0,4.0,Safety-like,Global on,0.0,0.011783439490445864,-3.0,-0.125,0.011783439490445864
29,27,2.0,4.0,Threat-like,Global on,7.0,172.0,0.040697674418604654,4.0,0.16666666666666666,CS+,ITI,2.0,4.0,Threat-like,Global on,6.0,207.0,0.028985507246376812,6.0,0.25,ITI,CS+,2.0,4.0,Threat-like,Global on,1.0,0.011712167172227842,-2.0,-0.08333333333333334,0.011712167172227842
29,28,2.0,4.0,Threat-like,Global on,7.0,172.0,0.040697674418604654,7.0,0.2916666666666667,ITI,CS+,2.0,4.0,Threat-like,Global on,6.0,207.0,0.028985507246376812,4.0,0.16666666666666666,CS-,ITI,2.0,4.0,Threat-like,Global on,1.0,0.011712167172227842,3.0,0.12500000000000003,0.011712167172227842
20,4,3.0,3.0,Safety-like,Safety-like,13.0,238.0,0.0546218487394958,10.0,0.4166666666666667,ITI,ITI,3.0,3.0,Safety-like,Safety-like,11.0,256.0,0.04296875,11.0,0.4583333333333333,ITI,ITI,3.0,3.0,Safety-like,Safety-like,2.0,0.011653098739495799,-1.0,-0.04166666666666663,0.011653098739495799
26,31,4.0,4.0,Global on,Global on,3.0,59.0,0.05084745762711865,3.0,0.125,CS+,ITI,4.0,4.0,Global on,Global on,4.0,64.0,0.0625,4.0,0.16666666666666666,ITI,ITI,4.0,4.0,Global on,Global on,-1.0,-0.011652542372881353,-1.0,-0.04166666666666666,0.011652542372881353
30,5,4.0,1.0,Global on,Global off,2.0,95.0,0.021052631578947368,2.0,0.08333333333333333,CS+,CS+,4.0,1.0,Global on,Global off,1.0,106.0,0.009433962264150943,1.0,0.041666666666666664,ITI,ITI,4.0,1.0,Global on,Global off,1.0,0.011618669314796425,1.0,0.041666666666666664,0.011618669314796425
30,9,4.0,1.0,Global on,Global off,2.0,95.0,0.021052631578947368,2.0,0.08333333333333333,CS+,CS+,4.0,1.0,Global on,Global off,1.0,106.0,0.009433962264150943,1.0,0.041666666666666664,CS+,CS+,4.0,1.0,Global on,Global off,1.0,0.011618669314796425,1.0,0.041666666666666664,0.011618669314796425
25,14,1.0,2.0,Global off,Threat-like,1.0,122.0,0.00819672131147541,1.0,0.041666666666666664,ITI,ITI,1.0,2.0,Global off,Threat-like,2.0,101.0,0.019801980198019802,2.0,0.08333333333333333,CS+,CS+,1.0,2.0,Global off,Threat-like,-1.0,-0.011605258886544392,-1.0,-0.041666666666666664,0.011605258886544392
29,10,2.0,1.0,Threat-like,Global off,3.0,172.0,0.01744186046511628,3.0,0.125,CS-,ITI,2.0,1.0,Threat-like,Global off,6.0,207.0,0.028985507246376812,4.0,0.16666666666666666,ITI,CS+,2.0,1.0,Threat-like,Global off,-3.0,-0.011543646781260533,-1.0,-0.04166666666666666,0.011543646781260533
4,12,3.0,3.0,Safety-like,Safety-like,9.0,195.0,0.046153846153846156,7.0,0.2916666666666667,ITI,ITI,3.0,3.0,Safety-like,Safety-like,7.0,202.0,0.034653465346534656,7.0,0.2916666666666667,ITI,ITI,3.0,3.0,Safety-like,Safety-like,2.0,0.0115003808073115,0.0,0.0,0.0115003808073115
4,17,3.0,1.0,Safety-like,Global off,9.0,195.0,0.046153846153846156,6.0,0.25,ITI,ITI,3.0,1.0,Safety-like,Global off,7.0,202.0,0.034653465346534656,5.0,0.20833333333333334,ITI,ITI,3.0,1.0,Safety-like,Global off,2.0,0.0115003808073115,1.0,0.04166666666666666,0.0115003808073115
5,11,0.0,0.0,0,0,0.0,0.0,0.0,0.0,0.0,0,0,1.0,1.0,Global off,Global off,2.0,174.0,0.011494252873563218,1.0,0.041666666666666664,CS+,ITI,1.0,1.0,Global off,Global off,-2.0,-0.011494252873563218,-1.0,-0.041666666666666664,0.011494252873563218
21,12,1.0,3.0,Global off,Safety-like,3.0,89.0,0.033707865168539325,2.0,0.08333333333333333,ITI,CS+,1.0,3.0,Global off,Safety-like,3.0,135.0,0.022222222222222223,3.0,0.125,ITI,ITI,1.0,3.0,Global off,Safety-like,0.0,0.011485642946317102,-1.0,-0.04166666666666667,0.011485642946317102
5,13,1.0,2.0,Global off,Threat-like,18.0,184.0,0.09782608695652174,13.0,0.5416666666666666,ITI,ITI,1.0,2.0,Global off,Threat-like,19.0,174.0,0.10919540229885058,10.0,0.4166666666666667,ITI,ITI,1.0,2.0,Global off,Threat-like,-1.0,-0.011369315342328837,3.0,0.12499999999999994,0.011369315342328837
28,22,0.0,0.0,0,0,0.0,0.0,0.0,0.0,0.0,0,0,4.0,4.0,Global on,Global on,2.0,176.0,0.011363636363636364,2.0,0.08333333333333333,ITI,ITI,4.0,4.0,Global on,Global on,-2.0,-0.011363636363636364,-2.0,-0.08333333333333333,0.011363636363636364
6,4,1.0,3.0,Global off,Safety-like,1.0,88.0,0.011363636363636364,1.0,0.041666666666666664,ITI,ITI,0.0,0.0,0,0,0.0,0.0,0.0,0.0,0.0,0,0,1.0,3.0,Global off,Safety-like,1.0,0.011363636363636364,1.0,0.041666666666666664,0.011363636363636364
6,28,1.0,4.0,Global off,Global on,1.0,88.0,0.011363636363636364,1.0,0.041666666666666664,CS-,CS-,0.0,0.0,0,0,0.0,0.0,0.0,0.0,0.0,0,0,1.0,4.0,Global off,Global on,1.0,0.011363636363636364,1.0,0.041666666666666664,0.011363636363636364
18,17,3.0,1.0,Safety-like,Global off,5.0,77.0,0.06493506493506493,5.0,0.20833333333333334,ITI,ITI,3.0,1.0,Safety-like,Global off,6.0,112.0,0.05357142857142857,6.0,0.25,CS+,ITI,3.0,1.0,Safety-like,Global off,-1.0,0.01136363636363636,-1.0,-0.04166666666666666,0.01136363636363636
4,31,3.0,4.0,Safety-like,Global on,8.0,195.0,0.041025641025641026,6.0,0.25,ITI,ITI,3.0,4.0,Safety-like,Global on,6.0,202.0,0.0297029702970297,3.0,0.125,ITI,ITI,3.0,4.0,Safety-like,Global on,2.0,0.011322670728611324,3.0,0.125,0.011322670728611324
32,31,4.0,4.0,Global on,Global on,32.0,400.0,0.08,15.0,0.625,ITI,ITI,4.0,4.0,Global on,Global on,27.0,393.0,0.06870229007633588,17.0,0.7083333333333334,ITI,CS-,4.0,4.0,Global on,Global on,5.0,0.01129770992366412,-2.0,-0.08333333333333337,0.01129770992366412
32,16,4.0,4.0,Global on,Global on,25.0,400.0,0.0625,14.0,0.5833333333333334,ITI,ITI,4.0,4.0,Global on,Global on,29.0,393.0,0.0737913486005089,15.0,0.625,ITI,CS-,4.0,4.0,Global on,Global on,-4.0,-0.0112913486005089,-1.0,-0.04166666666666663,0.0112913486005089
3,29,1.0,2.0,Global off,Threat-like,3.0,99.0,0.030303030303030304,3.0,0.125,ITI,CS+,1.0,2.0,Global off,Threat-like,2.0,105.0,0.01904761904761905,1.0,0.041666666666666664,ITI,ITI,1.0,2.0,Global off,Threat-like,1.0,0.011255411255411255,2.0,0.08333333333333334,0.011255411255411255
19,24,3.0,4.0,Safety-like,Global on,4.0,120.0,0.03333333333333333,4.0,0.16666666666666666,ITI,ITI,3.0,4.0,Safety-like,Global on,7.0,157.0,0.044585987261146494,6.0,0.25,ITI,CS-,3.0,4.0,Safety-like,Global on,-3.0,-0.011252653927813161,-2.0,-0.08333333333333334,0.011252653927813161
21,11,1.0,1.0,Global off,Global off,1.0,89.0,0.011235955056179775,1.0,0.041666666666666664,ITI,ITI,0.0,0.0,0,0,0.0,0.0,0.0,0.0,0.0,0,0,1.0,1.0,Global off,Global off,1.0,0.011235955056179775,1.0,0.041666666666666664,0.011235955056179775
4,8,3.0,3.0,Safety-like,Safety-like,7.0,195.0,0.035897435897435895,4.0,0.16666666666666666,ITI,ITI,3.0,3.0,Safety-like,Safety-like,5.0,202.0,0.024752475247524754,4.0,0.16666666666666666,CS+,CS+,3.0,3.0,Safety-like,Safety-like,2.0,0.011144960649911141,0.0,0.0,0.011144960649911141
4,9,3.0,1.0,Safety-like,Global off,7.0,195.0,0.035897435897435895,7.0,0.2916666666666667,ITI,ITI,3.0,1.0,Safety-like,Global off,5.0,202.0,0.024752475247524754,5.0,0.20833333333333334,ITI,ITI,3.0,1.0,Safety-like,Global off,2.0,0.011144960649911141,2.0,0.08333333333333334,0.011144960649911141
27,6,4.0,1.0,Global on,Global off,1.0,90.0,0.011111111111111112,1.0,0.041666666666666664,ITI,ITI,0.0,0.0,0,0,0.0,0.0,0.0,0.0,0.0,0,0,4.0,1.0,Global on,Global off,1.0,0.011111111111111112,1.0,0.041666666666666664,0.011111111111111112
27,8,4.0,3.0,Global on,Safety-like,1.0,90.0,0.011111111111111112,1.0,0.041666666666666664,CS-,CS-,0.0,0.0,0,0,0.0,0.0,0.0,0.0,0.0,0,0,4.0,3.0,Global on,Safety-like,1.0,0.011111111111111112,1.0,0.041666666666666664,0.011111111111111112
27,13,4.0,2.0,Global on,Threat-like,1.0,90.0,0.011111111111111112,1.0,0.041666666666666664,ITI,CS+,0.0,0.0,0,0,0.0,0.0,0.0,0.0,0.0,0,0,4.0,2.0,Global on,Threat-like,1.0,0.011111111111111112,1.0,0.041666666666666664,0.011111111111111112
14,1,2.0,1.0,Threat-like,Global off,13.0,138.0,0.09420289855072464,10.0,0.4166666666666667,ITI,ITI,2.0,1.0,Threat-like,Global off,18.0,171.0,0.10526315789473684,11.0,0.4583333333333333,CS-,ITI,2.0,1.0,Threat-like,Global off,-5.0,-0.011060259344012197,-1.0,-0.04166666666666663,0.011060259344012197
21,22,1.0,4.0,Global off,Global on,1.0,89.0,0.011235955056179775,1.0,0.041666666666666664,CS-,ITI,1.0,4.0,Global off,Global on,3.0,135.0,0.022222222222222223,3.0,0.125,ITI,ITI,1.0,4.0,Global off,Global on,-2.0,-0.010986267166042448,-2.0,-0.08333333333333334,0.010986267166042448
2,13,1.0,2.0,Global off,Threat-like,12.0,208.0,0.057692307692307696,10.0,0.4166666666666667,ITI,ITI,1.0,2.0,Global off,Threat-like,16.0,233.0,0.06866952789699571,8.0,0.3333333333333333,ITI,CS-,1.0,2.0,Global off,Threat-like,-4.0,-0.010977220204688012,2.0,0.08333333333333337,0.010977220204688012
8,11,3.0,1.0,Safety-like,Global off,1.0,93.0,0.010752688172043012,1.0,0.041666666666666664,ITI,CS+,0.0,0.0,0,0,0.0,0.0,0.0,0.0,0.0,0,0,3.0,1.0,Safety-like,Global off,1.0,0.010752688172043012,1.0,0.041666666666666664,0.010752688172043012
28,4,4.0,3.0,Global on,Safety-like,4.0,171.0,0.023391812865497075,4.0,0.16666666666666666,CS-,CS-,4.0,3.0,Global on,Safety-like,6.0,176.0,0.03409090909090909,5.0,0.20833333333333334,ITI,ITI,4.0,3.0,Global on,Safety-like,-2.0,-0.010699096225412014,-1.0,-0.041666666666666685,0.010699096225412014
3,18,1.0,3.0,Global off,Safety-like,2.0,99.0,0.020202020202020204,1.0,0.041666666666666664,CS+,CS+,1.0,3.0,Global off,Safety-like,1.0,105.0,0.009523809523809525,1.0,0.041666666666666664,ITI,ITI,1.0,3.0,Global off,Safety-like,1.0,0.010678210678210679,0.0,0.0,0.010678210678210679
2,28,1.0,4.0,Global off,Global on,4.0,208.0,0.019230769230769232,4.0,0.16666666666666666,CS-,ITI,1.0,4.0,Global off,Global on,2.0,233.0,0.008583690987124463,2.0,0.08333333333333333,CS-,CS-,1.0,4.0,Global off,Global on,2.0,0.010647078243644768,2.0,0.08333333333333333,0.010647078243644768
5,20,1.0,3.0,Global off,Safety-like,3.0,184.0,0.016304347826086956,3.0,0.125,ITI,ITI,1.0,3.0,Global off,Safety-like,1.0,174.0,0.005747126436781609,1.0,0.041666666666666664,CS-,CS-,1.0,3.0,Global off,Safety-like,2.0,0.010557221389305347,2.0,0.08333333333333334,0.010557221389305347
30,27,4.0,4.0,Global on,Global on,1.0,95.0,0.010526315789473684,1.0,0.041666666666666664,CS+,ITI,0.0,0.0,0,0,0.0,0.0,0.0,0.0,0.0,0,0,4.0,4.0,Global on,Global on,1.0,0.010526315789473684,1.0,0.041666666666666664,0.010526315789473684
2,17,1.0,1.0,Global off,Global off,12.0,208.0,0.057692307692307696,11.0,0.4583333333333333,ITI,ITI,1.0,1.0,Global off,Global off,11.0,233.0,0.04721030042918455,7.0,0.2916666666666667,ITI,ITI,1.0,1.0,Global off,Global off,1.0,0.010482007263123143,4.0,0.16666666666666663,0.010482007263123143
4,22,3.0,4.0,Safety-like,Global on,3.0,195.0,0.015384615384615385,3.0,0.125,CS+,ITI,3.0,4.0,Safety-like,Global on,1.0,202.0,0.0049504950495049506,1.0,0.041666666666666664,CS+,ITI,3.0,4.0,Safety-like,Global on,2.0,0.010434120335110434,2.0,0.08333333333333334,0.010434120335110434
17,24,1.0,4.0,Global off,Global on,6.0,173.0,0.03468208092485549,5.0,0.20833333333333334,CS+,CS+,1.0,4.0,Global off,Global on,5.0,206.0,0.024271844660194174,5.0,0.20833333333333334,CS+,ITI,1.0,4.0,Global off,Global on,1.0,0.010410236264661313,0.0,0.0,0.010410236264661313
27,4,4.0,3.0,Global on,Safety-like,4.0,90.0,0.044444444444444446,3.0,0.125,ITI,ITI,4.0,3.0,Global on,Safety-like,4.0,73.0,0.0547945205479452,4.0,0.16666666666666666,CS-,CS-,4.0,3.0,Global on,Safety-like,0.0,-0.010350076103500756,-1.0,-0.04166666666666666,0.010350076103500756
27,31,4.0,4.0,Global on,Global on,4.0,90.0,0.044444444444444446,4.0,0.16666666666666666,ITI,ITI,4.0,4.0,Global on,Global on,4.0,73.0,0.0547945205479452,4.0,0.16666666666666666,ITI,CS+,4.0,4.0,Global on,Global on,0.0,-0.010350076103500756,0.0,0.0,0.010350076103500756
19,22,3.0,4.0,Safety-like,Global on,2.0,120.0,0.016666666666666666,2.0,0.08333333333333333,CS-,CS+,3.0,4.0,Safety-like,Global on,1.0,157.0,0.006369426751592357,1.0,0.041666666666666664,ITI,ITI,3.0,4.0,Safety-like,Global on,1.0,0.01029723991507431,1.0,0.041666666666666664,0.01029723991507431
2,3,1.0,1.0,Global off,Global off,5.0,208.0,0.02403846153846154,4.0,0.16666666666666666,CS-,ITI,1.0,1.0,Global off,Global off,8.0,233.0,0.034334763948497854,6.0,0.25,ITI,ITI,1.0,1.0,Global off,Global off,-3.0,-0.010296302410036314,-2.0,-0.08333333333333334,0.010296302410036314
13,8,2.0,3.0,Threat-like,Safety-like,10.0,243.0,0.0411522633744856,8.0,0.3333333333333333,ITI,ITI,2.0,3.0,Threat-like,Safety-like,8.0,259.0,0.03088803088803089,7.0,0.2916666666666667,CS-,CS-,2.0,3.0,Threat-like,Safety-like,2.0,0.010264232486454708,1.0,0.04166666666666663,0.010264232486454708
5,19,1.0,3.0,Global off,Safety-like,4.0,184.0,0.021739130434782608,4.0,0.16666666666666666,CS+,ITI,1.0,3.0,Global off,Safety-like,2.0,174.0,0.011494252873563218,2.0,0.08333333333333333,ITI,ITI,1.0,3.0,Global off,Safety-like,2.0,0.01024487756121939,2.0,0.08333333333333333,0.01024487756121939
5,25,1.0,1.0,Global off,Global off,4.0,184.0,0.021739130434782608,3.0,0.125,CS+,ITI,1.0,1.0,Global off,Global off,2.0,174.0,0.011494252873563218,2.0,0.08333333333333333,CS-,CS-,1.0,1.0,Global off,Global off,2.0,0.01024487756121939,1.0,0.04166666666666667,0.01024487756121939
7,8,1.0,3.0,Global off,Safety-like,2.0,51.0,0.0392156862745098,2.0,0.08333333333333333,CS+,CS+,1.0,3.0,Global off,Safety-like,2.0,69.0,0.028985507246376812,2.0,0.08333333333333333,CS-,CS-,1.0,3.0,Global off,Safety-like,0.0,0.010230179028132991,0.0,0.0,0.010230179028132991
12,29,3.0,2.0,Safety-like,Threat-like,2.0,64.0,0.03125,2.0,0.08333333333333333,ITI,CS+,3.0,2.0,Safety-like,Threat-like,5.0,121.0,0.04132231404958678,4.0,0.16666666666666666,CS-,ITI,3.0,2.0,Safety-like,Threat-like,-3.0,-0.010072314049586778,-2.0,-0.08333333333333333,0.010072314049586778
12,9,3.0,1.0,Safety-like,Global off,2.0,64.0,0.03125,2.0,0.08333333333333333,CS-,ITI,3.0,1.0,Safety-like,Global off,5.0,121.0,0.04132231404958678,3.0,0.125,CS+,ITI,3.0,1.0,Safety-like,Global off,-3.0,-0.010072314049586778,-1.0,-0.04166666666666667,0.010072314049586778
14,24,2.0,4.0,Threat-like,Global on,3.0,138.0,0.021739130434782608,3.0,0.125,CS-,CS-,2.0,4.0,Threat-like,Global on,2.0,171.0,0.011695906432748537,2.0,0.08333333333333333,CS+,ITI,2.0,4.0,Threat-like,Global on,1.0,0.01004322400203407,1.0,0.04166666666666667,0.01004322400203407
32,23,4.0,4.0,Global on,Global on,8.0,400.0,0.02,7.0,0.2916666666666667,CS+,CS+,4.0,4.0,Global on,Global on,4.0,393.0,0.010178117048346057,4.0,0.16666666666666666,ITI,CS+,4.0,4.0,Global on,Global on,4.0,0.009821882951653944,3.0,0.12500000000000003,0.009821882951653944
13,17,2.0,1.0,Threat-like,Global off,7.0,243.0,0.02880658436213992,6.0,0.25,CS+,ITI,2.0,1.0,Threat-like,Global off,10.0,259.0,0.03861003861003861,8.0,0.3333333333333333,ITI,ITI,2.0,1.0,Threat-like,Global off,-3.0,-0.00980345424789869,-2.0,-0.08333333333333331,0.00980345424789869
31,16,4.0,4.0,Global on,Global on,10.0,206.0,0.04854368932038835,6.0,0.25,ITI,CS-,4.0,4.0,Global on,Global on,9.0,232.0,0.03879310344827586,7.0,0.2916666666666667,ITI,CS-,4.0,4.0,Global on,Global on,1.0,0.009750585872112486,-1.0,-0.041666666666666685,0.009750585872112486
31,1,4.0,1.0,Global on,Global off,6.0,206.0,0.02912621359223301,6.0,0.25,CS-,ITI,4.0,1.0,Global on,Global off,9.0,232.0,0.03879310344827586,8.0,0.3333333333333333,ITI,CS-,4.0,1.0,Global on,Global off,-3.0,-0.009666889856042853,-2.0,-0.08333333333333331,0.009666889856042853
16,31,4.0,4.0,Global on,Global on,8.0,182.0,0.04395604395604396,5.0,0.20833333333333334,ITI,ITI,4.0,4.0,Global on,Global on,7.0,204.0,0.03431372549019608,6.0,0.25,CS-,ITI,4.0,4.0,Global on,Global on,1.0,0.009642318465847878,-1.0,-0.04166666666666666,0.009642318465847878
16,2,4.0,1.0,Global on,Global off,8.0,182.0,0.04395604395604396,6.0,0.25,CS+,CS+,4.0,1.0,Global on,Global off,7.0,204.0,0.03431372549019608,6.0,0.25,CS+,ITI,4.0,1.0,Global on,Global off,1.0,0.009642318465847878,0.0,0.0,0.009642318465847878
5,15,1.0,2.0,Global off,Threat-like,6.0,184.0,0.03260869565217391,3.0,0.125,CS+,ITI,1.0,2.0,Global off,Threat-like,4.0,174.0,0.022988505747126436,4.0,0.16666666666666666,ITI,CS+,1.0,2.0,Global off,Threat-like,2.0,0.009620189905047476,-1.0,-0.04166666666666666,0.009620189905047476
3,13,0.0,0.0,0,0,0.0,0.0,0.0,0.0,0.0,0,0,1.0,2.0,Global off,Threat-like,1.0,105.0,0.009523809523809525,1.0,0.041666666666666664,CS+,CS+,1.0,2.0,Global off,Threat-like,-1.0,-0.009523809523809525,-1.0,-0.041666666666666664,0.009523809523809525
9,32,1.0,4.0,Global off,Global on,7.0,147.0,0.047619047619047616,7.0,0.2916666666666667,ITI,CS-,1.0,4.0,Global off,Global on,8.0,140.0,0.05714285714285714,7.0,0.2916666666666667,ITI,ITI,1.0,4.0,Global off,Global on,-1.0,-0.009523809523809525,0.0,0.0,0.009523809523809525
28,20,4.0,3.0,Global on,Safety-like,23.0,171.0,0.13450292397660818,14.0,0.5833333333333334,ITI,ITI,4.0,3.0,Global on,Safety-like,22.0,176.0,0.125,15.0,0.625,ITI,ITI,4.0,3.0,Global on,Safety-like,1.0,0.00950292397660818,-1.0,-0.04166666666666663,0.00950292397660818
22,17,4.0,1.0,Global on,Global off,1.0,29.0,0.034482758620689655,1.0,0.041666666666666664,CS-,ITI,4.0,1.0,Global on,Global off,1.0,40.0,0.025,1.0,0.041666666666666664,ITI,CS+,4.0,1.0,Global on,Global off,0.0,0.009482758620689653,0.0,0.0,0.009482758620689653
30,6,0.0,0.0,0,0,0.0,0.0,0.0,0.0,0.0,0,0,4.0,1.0,Global on,Global off,1.0,106.0,0.009433962264150943,1.0,0.041666666666666664,CS+,ITI,4.0,1.0,Global on,Global off,-1.0,-0.009433962264150943,-1.0,-0.041666666666666664,0.009433962264150943
30,23,0.0,0.0,0,0,0.0,0.0,0.0,0.0,0.0,0,0,4.0,4.0,Global on,Global on,1.0,106.0,0.009433962264150943,1.0,0.041666666666666664,ITI,ITI,4.0,4.0,Global on,Global on,-1.0,-0.009433962264150943,-1.0,-0.041666666666666664,0.009433962264150943
30,12,0.0,0.0,0,0,0.0,0.0,0.0,0.0,0.0,0,0,4.0,3.0,Global on,Safety-like,1.0,106.0,0.009433962264150943,1.0,0.041666666666666664,ITI,CS-,4.0,3.0,Global on,Safety-like,-1.0,-0.009433962264150943,-1.0,-0.041666666666666664,0.009433962264150943
7,9,1.0,1.0,Global off,Global off,1.0,51.0,0.0196078431372549,1.0,0.041666666666666664,ITI,ITI,1.0,1.0,Global off,Global off,2.0,69.0,0.028985507246376812,2.0,0.08333333333333333,CS-,CS-,1.0,1.0,Global off,Global off,-1.0,-0.00937766410912191,-1.0,-0.041666666666666664,0.00937766410912191
7,14,1.0,2.0,Global off,Threat-like,1.0,51.0,0.0196078431372549,1.0,0.041666666666666664,CS-,ITI,1.0,2.0,Global off,Threat-like,2.0,69.0,0.028985507246376812,2.0,0.08333333333333333,ITI,CS+,1.0,2.0,Global off,Threat-like,-1.0,-0.00937766410912191,-1.0,-0.041666666666666664,0.00937766410912191
7,29,1.0,2.0,Global off,Threat-like,1.0,51.0,0.0196078431372549,1.0,0.041666666666666664,ITI,ITI,1.0,2.0,Global off,Threat-like,2.0,69.0,0.028985507246376812,1.0,0.041666666666666664,CS+,CS+,1.0,2.0,Global off,Threat-like,-1.0,-0.00937766410912191,0.0,0.0,0.00937766410912191
7,19,1.0,3.0,Global off,Safety-like,1.0,51.0,0.0196078431372549,1.0,0.041666666666666664,ITI,ITI,1.0,3.0,Global off,Safety-like,2.0,69.0,0.028985507246376812,2.0,0.08333333333333333,CS+,CS+,1.0,3.0,Global off,Safety-like,-1.0,-0.00937766410912191,-1.0,-0.041666666666666664,0.00937766410912191
5,14,1.0,2.0,Global off,Threat-like,11.0,184.0,0.059782608695652176,8.0,0.3333333333333333,ITI,ITI,1.0,2.0,Global off,Threat-like,12.0,174.0,0.06896551724137931,9.0,0.375,ITI,CS-,1.0,2.0,Global off,Threat-like,-1.0,-0.009182908545727134,-1.0,-0.041666666666666685,0.009182908545727134
12,3,3.0,1.0,Safety-like,Global off,1.0,64.0,0.015625,1.0,0.041666666666666664,CS+,ITI,3.0,1.0,Safety-like,Global off,3.0,121.0,0.024793388429752067,3.0,0.125,CS+,CS+,3.0,1.0,Safety-like,Global off,-2.0,-0.009168388429752067,-2.0,-0.08333333333333334,0.009168388429752067
14,16,2.0,4.0,Threat-like,Global on,6.0,138.0,0.043478260869565216,6.0,0.25,CS+,CS+,2.0,4.0,Threat-like,Global on,9.0,171.0,0.05263157894736842,8.0,0.3333333333333333,ITI,CS-,2.0,4.0,Threat-like,Global on,-3.0,-0.009153318077803202,-2.0,-0.08333333333333331,0.009153318077803202
15,23,0.0,0.0,0,0,0.0,0.0,0.0,0.0,0.0,0,0,2.0,4.0,Threat-like,Global on,1.0,110.0,0.00909090909090909,1.0,0.041666666666666664,ITI,ITI,2.0,4.0,Threat-like,Global on,-1.0,-0.00909090909090909,-1.0,-0.041666666666666664,0.00909090909090909
15,28,0.0,0.0,0,0,0.0,0.0,0.0,0.0,0.0,0,0,2.0,4.0,Threat-like,Global on,1.0,110.0,0.00909090909090909,1.0,0.041666666666666664,ITI,CS+,2.0,4.0,Threat-like,Global on,-1.0,-0.00909090909090909,-1.0,-0.041666666666666664,0.00909090909090909
15,18,0.0,0.0,0,0,0.0,0.0,0.0,0.0,0.0,0,0,2.0,3.0,Threat-like,Safety-like,1.0,110.0,0.00909090909090909,1.0,0.041666666666666664,CS-,CS-,2.0,3.0,Threat-like,Safety-like,-1.0,-0.00909090909090909,-1.0,-0.041666666666666664,0.00909090909090909
16,28,4.0,4.0,Global on,Global on,7.0,182.0,0.038461538461538464,6.0,0.25,CS+,ITI,4.0,4.0,Global on,Global on,6.0,204.0,0.029411764705882353,5.0,0.20833333333333334,CS+,CS+,4.0,4.0,Global on,Global on,1.0,0.009049773755656111,1.0,0.04166666666666666,0.009049773755656111
20,3,3.0,1.0,Safety-like,Global off,4.0,238.0,0.01680672268907563,4.0,0.16666666666666666,CS+,CS+,3.0,1.0,Safety-like,Global off,2.0,256.0,0.0078125,2.0,0.08333333333333333,CS-,CS-,3.0,1.0,Safety-like,Global off,2.0,0.00899422268907563,2.0,0.08333333333333333,0.00899422268907563
13,24,2.0,4.0,Threat-like,Global on,5.0,243.0,0.0205761316872428,4.0,0.16666666666666666,ITI,ITI,2.0,4.0,Threat-like,Global on,3.0,259.0,0.011583011583011582,3.0,0.125,ITI,ITI,2.0,4.0,Threat-like,Global on,2.0,0.008993120104231216,1.0,0.04166666666666666,0.008993120104231216
3,21,1.0,1.0,Global off,Global off,1.0,99.0,0.010101010101010102,1.0,0.041666666666666664,ITI,CS-,1.0,1.0,Global off,Global off,2.0,105.0,0.01904761904761905,2.0,0.08333333333333333,CS-,ITI,1.0,1.0,Global off,Global off,-1.0,-0.008946608946608947,-1.0,-0.041666666666666664,0.008946608946608947
3,7,1.0,1.0,Global off,Global off,1.0,99.0,0.010101010101010102,1.0,0.041666666666666664,CS+,ITI,1.0,1.0,Global off,Global off,2.0,105.0,0.01904761904761905,2.0,0.08333333333333333,ITI,CS+,1.0,1.0,Global off,Global off,-1.0,-0.008946608946608947,-1.0,-0.041666666666666664,0.008946608946608947
18,22,0.0,0.0,0,0,0.0,0.0,0.0,0.0,0.0,0,0,3.0,4.0,Safety-like,Global on,1.0,112.0,0.008928571428571428,1.0,0.041666666666666664,ITI,ITI,3.0,4.0,Safety-like,Global on,-1.0,-0.008928571428571428,-1.0,-0.041666666666666664,0.008928571428571428
18,16,0.0,0.0,0,0,0.0,0.0,0.0,0.0,0.0,0,0,3.0,4.0,Safety-like,Global on,1.0,112.0,0.008928571428571428,1.0,0.041666666666666664,ITI,ITI,3.0,4.0,Safety-like,Global on,-1.0,-0.008928571428571428,-1.0,-0.041666666666666664,0.008928571428571428
14,28,2.0,4.0,Threat-like,Global on,2.0,138.0,0.014492753623188406,2.0,0.08333333333333333,CS-,CS-,2.0,4.0,Threat-like,Global on,4.0,171.0,0.023391812865497075,4.0,0.16666666666666666,CS-,CS-,2.0,4.0,Threat-like,Global on,-2.0,-0.008899059242308669,-2.0,-0.08333333333333333,0.008899059242308669
9,1,1.0,1.0,Global off,Global off,26.0,147.0,0.17687074829931973,16.0,0.6666666666666666,ITI,ITI,1.0,1.0,Global off,Global off,26.0,140.0,0.18571428571428572,15.0,0.625,ITI,ITI,1.0,1.0,Global off,Global off,0.0,-0.00884353741496599,1.0,0.04166666666666663,0.00884353741496599
19,8,3.0,3.0,Safety-like,Safety-like,2.0,120.0,0.016666666666666666,2.0,0.08333333333333333,ITI,CS+,3.0,3.0,Safety-like,Safety-like,4.0,157.0,0.025477707006369428,4.0,0.16666666666666666,ITI,CS-,3.0,3.0,Safety-like,Safety-like,-2.0,-0.008811040339702762,-2.0,-0.08333333333333333,0.008811040339702762
13,28,2.0,4.0,Threat-like,Global on,4.0,243.0,0.01646090534979424,3.0,0.125,CS+,ITI,2.0,4.0,Threat-like,Global on,2.0,259.0,0.007722007722007722,2.0,0.08333333333333333,CS+,CS+,2.0,4.0,Threat-like,Global on,2.0,0.008738897627786518,1.0,0.04166666666666667,0.008738897627786518
31,23,4.0,4.0,Global on,Global on,8.0,206.0,0.038834951456310676,6.0,0.25,ITI,ITI,4.0,4.0,Global on,Global on,7.0,232.0,0.03017241379310345,6.0,0.25,ITI,ITI,4.0,4.0,Global on,Global on,1.0,0.008662537663207227,0.0,0.0,0.008662537663207227
16,7,4.0,1.0,Global on,Global off,2.0,182.0,0.01098901098901099,2.0,0.08333333333333333,CS-,ITI,4.0,1.0,Global on,Global off,4.0,204.0,0.0196078431372549,3.0,0.125,ITI,ITI,4.0,1.0,Global on,Global off,-2.0,-0.008618832148243912,-1.0,-0.04166666666666667,0.008618832148243912
9,16,1.0,4.0,Global off,Global on,4.0,147.0,0.027210884353741496,4.0,0.16666666666666666,ITI,CS+,1.0,4.0,Global off,Global on,5.0,140.0,0.03571428571428571,4.0,0.16666666666666666,ITI,CS+,1.0,4.0,Global off,Global on,-1.0,-0.008503401360544217,0.0,0.0,0.008503401360544217
15,2,2.0,1.0,Threat-like,Global off,3.0,84.0,0.03571428571428571,3.0,0.125,CS-,CS-,2.0,1.0,Threat-like,Global off,3.0,110.0,0.02727272727272727,3.0,0.125,CS+,CS+,2.0,1.0,Threat-like,Global off,0.0,0.008441558441558441,0.0,0.0,0.008441558441558441
2,6,1.0,1.0,Global off,Global off,8.0,208.0,0.038461538461538464,7.0,0.2916666666666667,ITI,ITI,1.0,1.0,Global off,Global off,7.0,233.0,0.030042918454935622,6.0,0.25,CS+,ITI,1.0,1.0,Global off,Global off,1.0,0.008418620006602841,1.0,0.041666666666666685,0.008418620006602841
2,14,1.0,2.0,Global off,Threat-like,8.0,208.0,0.038461538461538464,5.0,0.20833333333333334,CS+,ITI,1.0,2.0,Global off,Threat-like,7.0,233.0,0.030042918454935622,6.0,0.25,ITI,ITI,1.0,2.0,Global off,Threat-like,1.0,0.008418620006602841,-1.0,-0.04166666666666666,0.008418620006602841
10,5,1.0,1.0,Global off,Global off,3.0,64.0,0.046875,3.0,0.125,ITI,ITI,1.0,1.0,Global off,Global off,5.0,130.0,0.038461538461538464,5.0,0.20833333333333334,CS+,CS+,1.0,1.0,Global off,Global off,-2.0,0.008413461538461536,-2.0,-0.08333333333333334,0.008413461538461536
20,7,3.0,1.0,Safety-like,Global off,2.0,238.0,0.008403361344537815,2.0,0.08333333333333333,ITI,CS-,0.0,0.0,0,0,0.0,0.0,0.0,0.0,0.0,0,0,3.0,1.0,Safety-like,Global off,2.0,0.008403361344537815,2.0,0.08333333333333333,0.008403361344537815
3,14,1.0,2.0,Global off,Threat-like,2.0,99.0,0.020202020202020204,2.0,0.08333333333333333,CS-,CS-,1.0,2.0,Global off,Threat-like,3.0,105.0,0.02857142857142857,3.0,0.125,CS+,ITI,1.0,2.0,Global off,Threat-like,-1.0,-0.008369408369408367,-1.0,-0.04166666666666667,0.008369408369408367
30,19,4.0,3.0,Global on,Safety-like,1.0,95.0,0.010526315789473684,1.0,0.041666666666666664,ITI,ITI,4.0,3.0,Global on,Safety-like,2.0,106.0,0.018867924528301886,2.0,0.08333333333333333,ITI,ITI,4.0,3.0,Global on,Safety-like,-1.0,-0.008341608738828202,-1.0,-0.041666666666666664,0.008341608738828202
19,11,3.0,1.0,Safety-like,Global off,1.0,120.0,0.008333333333333333,1.0,0.041666666666666664,CS+,ITI,0.0,0.0,0,0,0.0,0.0,0.0,0.0,0.0,0,0,3.0,1.0,Safety-like,Global off,1.0,0.008333333333333333,1.0,0.041666666666666664,0.008333333333333333
19,9,3.0,1.0,Safety-like,Global off,1.0,120.0,0.008333333333333333,1.0,0.041666666666666664,ITI,ITI,0.0,0.0,0,0,0.0,0.0,0.0,0.0,0.0,0,0,3.0,1.0,Safety-like,Global off,1.0,0.008333333333333333,1.0,0.041666666666666664,0.008333333333333333
12,11,0.0,0.0,0,0,0.0,0.0,0.0,0.0,0.0,0,0,3.0,1.0,Safety-like,Global off,1.0,121.0,0.008264462809917356,1.0,0.041666666666666664,ITI,ITI,3.0,1.0,Safety-like,Global off,-1.0,-0.008264462809917356,-1.0,-0.041666666666666664,0.008264462809917356
12,22,0.0,0.0,0,0,0.0,0.0,0.0,0.0,0.0,0,0,3.0,4.0,Safety-like,Global on,1.0,121.0,0.008264462809917356,1.0,0.041666666666666664,CS-,CS-,3.0,4.0,Safety-like,Global on,-1.0,-0.008264462809917356,-1.0,-0.041666666666666664,0.008264462809917356
13,30,2.0,4.0,Threat-like,Global on,2.0,243.0,0.00823045267489712,2.0,0.08333333333333333,ITI,CS-,0.0,0.0,0,0,0.0,0.0,0.0,0.0,0.0,0,0,2.0,4.0,Threat-like,Global on,2.0,0.00823045267489712,2.0,0.08333333333333333,0.00823045267489712
25,8,1.0,3.0,Global off,Safety-like,1.0,122.0,0.00819672131147541,1.0,0.041666666666666664,ITI,CS+,0.0,0.0,0,0,0.0,0.0,0.0,0.0,0.0,0,0,1.0,3.0,Global off,Safety-like,1.0,0.00819672131147541,1.0,0.041666666666666664,0.00819672131147541
21,17,1.0,1.0,Global off,Global off,6.0,89.0,0.06741573033707865,4.0,0.16666666666666666,ITI,ITI,1.0,1.0,Global off,Global off,8.0,135.0,0.05925925925925926,5.0,0.20833333333333334,CS-,ITI,1.0,1.0,Global off,Global off,-2.0,0.008156471077819388,-1.0,-0.041666666666666685,0.008156471077819388
18,14,3.0,2.0,Safety-like,Threat-like,2.0,77.0,0.025974025974025976,2.0,0.08333333333333333,ITI,CS+,3.0,2.0,Safety-like,Threat-like,2.0,112.0,0.017857142857142856,2.0,0.08333333333333333,ITI,CS-,3.0,2.0,Safety-like,Threat-like,0.0,0.00811688311688312,0.0,0.0,0.00811688311688312
18,4,3.0,3.0,Safety-like,Safety-like,2.0,77.0,0.025974025974025976,2.0,0.08333333333333333,ITI,CS+,3.0,3.0,Safety-like,Safety-like,2.0,112.0,0.017857142857142856,2.0,0.08333333333333333,CS+,CS+,3.0,3.0,Safety-like,Safety-like,0.0,0.00811688311688312,0.0,0.0,0.00811688311688312
31,18,4.0,3.0,Global on,Safety-like,1.0,206.0,0.0048543689320388345,1.0,0.041666666666666664,ITI,ITI,4.0,3.0,Global on,Safety-like,3.0,232.0,0.01293103448275862,2.0,0.08333333333333333,CS-,ITI,4.0,3.0,Global on,Safety-like,-2.0,-0.008076665550719786,-1.0,-0.041666666666666664,0.008076665550719786
20,17,3.0,1.0,Safety-like,Global off,14.0,238.0,0.058823529411764705,8.0,0.3333333333333333,ITI,ITI,3.0,1.0,Safety-like,Global off,13.0,256.0,0.05078125,10.0,0.4166666666666667,ITI,ITI,3.0,1.0,Safety-like,Global off,1.0,0.008042279411764705,-2.0,-0.08333333333333337,0.008042279411764705
32,5,4.0,1.0,Global on,Global off,7.0,400.0,0.0175,5.0,0.20833333333333334,CS+,CS+,4.0,1.0,Global on,Global off,10.0,393.0,0.02544529262086514,8.0,0.3333333333333333,CS-,ITI,4.0,1.0,Global on,Global off,-3.0,-0.007945292620865137,-3.0,-0.12499999999999997,0.007945292620865137
8,10,3.0,1.0,Safety-like,Global off,1.0,93.0,0.010752688172043012,1.0,0.041666666666666664,ITI,CS-,3.0,1.0,Safety-like,Global off,2.0,107.0,0.018691588785046728,2.0,0.08333333333333333,CS-,CS+,3.0,1.0,Safety-like,Global off,-1.0,-0.007938900613003716,-1.0,-0.041666666666666664,0.007938900613003716
10,26,1.0,4.0,Global off,Global on,1.0,64.0,0.015625,1.0,0.041666666666666664,ITI,CS+,1.0,4.0,Global off,Global on,1.0,130.0,0.007692307692307693,1.0,0.041666666666666664,ITI,ITI,1.0,4.0,Global off,Global on,0.0,0.007932692307692307,0.0,0.0,0.007932692307692307
10,6,1.0,1.0,Global off,Global off,1.0,64.0,0.015625,1.0,0.041666666666666664,ITI,ITI,1.0,1.0,Global off,Global off,1.0,130.0,0.007692307692307693,1.0,0.041666666666666664,ITI,ITI,1.0,1.0,Global off,Global off,0.0,0.007932692307692307,0.0,0.0,0.007932692307692307
23,20,4.0,3.0,Global on,Safety-like,6.0,73.0,0.0821917808219178,5.0,0.20833333333333334,ITI,ITI,4.0,3.0,Global on,Safety-like,10.0,111.0,0.09009009009009009,7.0,0.2916666666666667,ITI,ITI,4.0,3.0,Global on,Safety-like,-4.0,-0.007898309268172282,-2.0,-0.08333333333333334,0.007898309268172282
9,6,1.0,1.0,Global off,Global off,2.0,147.0,0.013605442176870748,2.0,0.08333333333333333,CS+,CS-,1.0,1.0,Global off,Global off,3.0,140.0,0.02142857142857143,3.0,0.125,CS-,ITI,1.0,1.0,Global off,Global off,-1.0,-0.007823129251700681,-1.0,-0.04166666666666667,0.007823129251700681
1,20,1.0,3.0,Global off,Safety-like,19.0,385.0,0.04935064935064935,15.0,0.625,ITI,ITI,1.0,3.0,Global off,Safety-like,16.0,385.0,0.04155844155844156,12.0,0.5,ITI,ITI,1.0,3.0,Global off,Safety-like,3.0,0.007792207792207795,3.0,0.125,0.007792207792207795
3,23,1.0,4.0,Global off,Global on,3.0,99.0,0.030303030303030304,3.0,0.125,CS+,ITI,1.0,4.0,Global off,Global on,4.0,105.0,0.0380952380952381,2.0,0.08333333333333333,ITI,ITI,1.0,4.0,Global off,Global on,-1.0,-0.007792207792207795,1.0,0.04166666666666667,0.007792207792207795
1,11,1.0,1.0,Global off,Global off,5.0,385.0,0.012987012987012988,4.0,0.16666666666666666,ITI,CS+,1.0,1.0,Global off,Global off,2.0,385.0,0.005194805194805195,2.0,0.08333333333333333,ITI,CS-,1.0,1.0,Global off,Global off,3.0,0.007792207792207793,2.0,0.08333333333333333,0.007792207792207793
1,27,1.0,4.0,Global off,Global on,3.0,385.0,0.007792207792207792,3.0,0.125,ITI,ITI,1.0,4.0,Global off,Global on,6.0,385.0,0.015584415584415584,6.0,0.25,ITI,ITI,1.0,4.0,Global off,Global on,-3.0,-0.007792207792207792,-3.0,-0.125,0.007792207792207792
1,18,1.0,3.0,Global off,Safety-like,5.0,385.0,0.012987012987012988,5.0,0.20833333333333334,CS-,ITI,1.0,3.0,Global off,Safety-like,8.0,385.0,0.02077922077922078,5.0,0.20833333333333334,ITI,ITI,1.0,3.0,Global off,Safety-like,-3.0,-0.007792207792207791,0.0,0.0,0.007792207792207791
1,12,1.0,3.0,Global off,Safety-like,8.0,385.0,0.02077922077922078,6.0,0.25,ITI,ITI,1.0,3.0,Global off,Safety-like,5.0,385.0,0.012987012987012988,3.0,0.125,ITI,CS+,1.0,3.0,Global off,Safety-like,3.0,0.007792207792207791,3.0,0.125,0.007792207792207791
27,29,4.0,2.0,Global on,Threat-like,3.0,90.0,0.03333333333333333,3.0,0.125,CS+,ITI,4.0,2.0,Global on,Threat-like,3.0,73.0,0.0410958904109589,3.0,0.125,ITI,ITI,4.0,2.0,Global on,Threat-like,0.0,-0.007762557077625569,0.0,0.0,0.007762557077625569
32,26,4.0,4.0,Global on,Global on,2.0,400.0,0.005,2.0,0.08333333333333333,CS+,CS+,4.0,4.0,Global on,Global on,5.0,393.0,0.01272264631043257,4.0,0.16666666666666666,CS-,CS-,4.0,4.0,Global on,Global on,-3.0,-0.007722646310432569,-2.0,-0.08333333333333333,0.007722646310432569
32,7,4.0,1.0,Global on,Global off,2.0,400.0,0.005,2.0,0.08333333333333333,CS-,CS-,4.0,1.0,Global on,Global off,5.0,393.0,0.01272264631043257,5.0,0.20833333333333334,ITI,CS-,4.0,1.0,Global on,Global off,-3.0,-0.007722646310432569,-3.0,-0.125,0.007722646310432569
13,18,0.0,0.0,0,0,0.0,0.0,0.0,0.0,0.0,0,0,2.0,3.0,Threat-like,Safety-like,2.0,259.0,0.007722007722007722,2.0,0.08333333333333333,CS+,CS+,2.0,3.0,Threat-like,Safety-like,-2.0,-0.007722007722007722,-2.0,-0.08333333333333333,0.007722007722007722
29,26,2.0,4.0,Threat-like,Global on,2.0,172.0,0.011627906976744186,2.0,0.08333333333333333,ITI,ITI,2.0,4.0,Threat-like,Global on,4.0,207.0,0.01932367149758454,3.0,0.125,ITI,ITI,2.0,4.0,Threat-like,Global on,-2.0,-0.007695764520840354,-1.0,-0.04166666666666667,0.007695764520840354
10,11,0.0,0.0,0,0,0.0,0.0,0.0,0.0,0.0,0,0,1.0,1.0,Global off,Global off,1.0,130.0,0.007692307692307693,1.0,0.041666666666666664,CS+,CS+,1.0,1.0,Global off,Global off,-1.0,-0.007692307692307693,-1.0,-0.041666666666666664,0.007692307692307693
10,24,0.0,0.0,0,0,0.0,0.0,0.0,0.0,0.0,0,0,1.0,4.0,Global off,Global on,1.0,130.0,0.007692307692307693,1.0,0.041666666666666664,ITI,ITI,1.0,4.0,Global off,Global on,-1.0,-0.007692307692307693,-1.0,-0.041666666666666664,0.007692307692307693
6,31,1.0,4.0,Global off,Global on,2.0,88.0,0.022727272727272728,2.0,0.08333333333333333,CS-,CS+,1.0,4.0,Global off,Global on,1.0,66.0,0.015151515151515152,1.0,0.041666666666666664,ITI,ITI,1.0,4.0,Global off,Global on,1.0,0.007575757575757576,1.0,0.041666666666666664,0.007575757575757576
6,30,1.0,4.0,Global off,Global on,2.0,88.0,0.022727272727272728,2.0,0.08333333333333333,CS+,CS+,1.0,4.0,Global off,Global on,1.0,66.0,0.015151515151515152,1.0,0.041666666666666664,CS+,CS+,1.0,4.0,Global off,Global on,1.0,0.007575757575757576,1.0,0.041666666666666664,0.007575757575757576
6,15,1.0,2.0,Global off,Threat-like,2.0,88.0,0.022727272727272728,1.0,0.041666666666666664,CS-,ITI,1.0,2.0,Global off,Threat-like,2.0,66.0,0.030303030303030304,2.0,0.08333333333333333,CS+,CS+,1.0,2.0,Global off,Threat-like,0.0,-0.007575757575757576,-1.0,-0.041666666666666664,0.007575757575757576
6,13,1.0,2.0,Global off,Threat-like,6.0,88.0,0.06818181818181818,6.0,0.25,ITI,ITI,1.0,2.0,Global off,Threat-like,4.0,66.0,0.06060606060606061,4.0,0.16666666666666666,ITI,ITI,1.0,2.0,Global off,Threat-like,2.0,0.007575757575757569,2.0,0.08333333333333334,0.007575757575757569
24,29,4.0,2.0,Global on,Threat-like,4.0,146.0,0.0273972602739726,4.0,0.16666666666666666,CS+,ITI,4.0,2.0,Global on,Threat-like,5.0,143.0,0.03496503496503497,3.0,0.125,ITI,CS-,4.0,2.0,Global on,Threat-like,-1.0,-0.007567774691062366,1.0,0.04166666666666666,0.007567774691062366
24,17,4.0,1.0,Global on,Global off,4.0,146.0,0.0273972602739726,4.0,0.16666666666666666,ITI,ITI,4.0,1.0,Global on,Global off,5.0,143.0,0.03496503496503497,4.0,0.16666666666666666,ITI,ITI,4.0,1.0,Global on,Global off,-1.0,-0.007567774691062366,0.0,0.0,0.007567774691062366
23,31,4.0,4.0,Global on,Global on,8.0,73.0,0.1095890410958904,7.0,0.2916666666666667,ITI,ITI,4.0,4.0,Global on,Global on,13.0,111.0,0.11711711711711711,11.0,0.4583333333333333,ITI,ITI,4.0,4.0,Global on,Global on,-5.0,-0.0075280760212267095,-4.0,-0.16666666666666663,0.0075280760212267095
13,16,2.0,4.0,Threat-like,Global on,16.0,243.0,0.06584362139917696,12.0,0.5,ITI,ITI,2.0,4.0,Threat-like,Global on,19.0,259.0,0.07335907335907337,12.0,0.5,ITI,ITI,2.0,4.0,Threat-like,Global on,-3.0,-0.007515451959896405,0.0,0.0,0.007515451959896405
31,20,4.0,3.0,Global on,Safety-like,10.0,206.0,0.04854368932038835,8.0,0.3333333333333333,CS+,ITI,4.0,3.0,Global on,Safety-like,13.0,232.0,0.05603448275862069,8.0,0.3333333333333333,ITI,ITI,4.0,3.0,Global on,Safety-like,-3.0,-0.007490793438232342,0.0,0.0,0.007490793438232342
9,20,1.0,3.0,Global off,Safety-like,1.0,147.0,0.006802721088435374,1.0,0.041666666666666664,ITI,CS+,1.0,3.0,Global off,Safety-like,2.0,140.0,0.014285714285714285,2.0,0.08333333333333333,CS+,ITI,1.0,3.0,Global off,Safety-like,-1.0,-0.007482993197278911,-1.0,-0.041666666666666664,0.007482993197278911
13,22,2.0,4.0,Threat-like,Global on,1.0,243.0,0.00411522633744856,1.0,0.041666666666666664,ITI,ITI,2.0,4.0,Threat-like,Global on,3.0,259.0,0.011583011583011582,3.0,0.125,ITI,ITI,2.0,4.0,Threat-like,Global on,-2.0,-0.007467785245563022,-2.0,-0.08333333333333334,0.007467785245563022
27,32,4.0,4.0,Global on,Global on,13.0,90.0,0.14444444444444443,9.0,0.375,ITI,ITI,4.0,4.0,Global on,Global on,10.0,73.0,0.136986301369863,6.0,0.25,ITI,CS+,4.0,4.0,Global on,Global on,3.0,0.007458143074581425,3.0,0.125,0.007458143074581425
16,24,4.0,4.0,Global on,Global on,4.0,182.0,0.02197802197802198,3.0,0.125,CS+,CS+,4.0,4.0,Global on,Global on,6.0,204.0,0.029411764705882353,6.0,0.25,CS-,ITI,4.0,4.0,Global on,Global on,-2.0,-0.007433742727860373,-3.0,-0.125,0.007433742727860373
24,21,4.0,1.0,Global on,Global off,3.0,146.0,0.02054794520547945,3.0,0.125,ITI,ITI,4.0,1.0,Global on,Global off,4.0,143.0,0.027972027972027972,4.0,0.16666666666666666,CS+,CS+,4.0,1.0,Global on,Global off,-1.0,-0.007424082766548521,-1.0,-0.04166666666666666,0.007424082766548521
24,30,4.0,4.0,Global on,Global on,3.0,146.0,0.02054794520547945,3.0,0.125,ITI,ITI,4.0,4.0,Global on,Global on,4.0,143.0,0.027972027972027972,4.0,0.16666666666666666,ITI,ITI,4.0,4.0,Global on,Global on,-1.0,-0.007424082766548521,-1.0,-0.04166666666666666,0.007424082766548521
21,30,0.0,0.0,0,0,0.0,0.0,0.0,0.0,0.0,0,0,1.0,4.0,Global off,Global on,1.0,135.0,0.007407407407407408,1.0,0.041666666666666664,ITI,ITI,1.0,4.0,Global off,Global on,-1.0,-0.007407407407407408,-1.0,-0.041666666666666664,0.007407407407407408
12,27,3.0,4.0,Safety-like,Global on,1.0,64.0,0.015625,1.0,0.041666666666666664,CS+,CS+,3.0,4.0,Safety-like,Global on,1.0,121.0,0.008264462809917356,1.0,0.041666666666666664,ITI,ITI,3.0,4.0,Safety-like,Global on,0.0,0.007360537190082644,0.0,0.0,0.007360537190082644
12,23,3.0,4.0,Safety-like,Global on,1.0,64.0,0.015625,1.0,0.041666666666666664,ITI,ITI,3.0,4.0,Safety-like,Global on,1.0,121.0,0.008264462809917356,1.0,0.041666666666666664,CS+,ITI,3.0,4.0,Safety-like,Global on,0.0,0.007360537190082644,0.0,0.0,0.007360537190082644
12,18,3.0,3.0,Safety-like,Safety-like,1.0,64.0,0.015625,1.0,0.041666666666666664,CS+,ITI,3.0,3.0,Safety-like,Safety-like,1.0,121.0,0.008264462809917356,1.0,0.041666666666666664,ITI,CS+,3.0,3.0,Safety-like,Safety-like,0.0,0.007360537190082644,0.0,0.0,0.007360537190082644
24,3,4.0,1.0,Global on,Global off,2.0,146.0,0.0136986301369863,2.0,0.08333333333333333,CS+,ITI,4.0,1.0,Global on,Global off,3.0,143.0,0.02097902097902098,2.0,0.08333333333333333,CS+,ITI,4.0,1.0,Global on,Global off,-1.0,-0.007280390842034679,0.0,0.0,0.007280390842034679
30,15,4.0,2.0,Global on,Threat-like,2.0,95.0,0.021052631578947368,2.0,0.08333333333333333,CS-,ITI,4.0,2.0,Global on,Threat-like,3.0,106.0,0.02830188679245283,3.0,0.125,ITI,CS+,4.0,2.0,Global on,Threat-like,-1.0,-0.007249255213505463,-1.0,-0.04166666666666667,0.007249255213505463
20,8,3.0,3.0,Safety-like,Safety-like,2.0,238.0,0.008403361344537815,2.0,0.08333333333333333,CS-,CS-,3.0,3.0,Safety-like,Safety-like,4.0,256.0,0.015625,4.0,0.16666666666666666,CS-,ITI,3.0,3.0,Safety-like,Safety-like,-2.0,-0.007221638655462185,-2.0,-0.08333333333333333,0.007221638655462185
13,23,2.0,4.0,Threat-like,Global on,2.0,243.0,0.00823045267489712,2.0,0.08333333333333333,CS+,ITI,2.0,4.0,Threat-like,Global on,4.0,259.0,0.015444015444015444,4.0,0.16666666666666666,CS+,CS+,2.0,4.0,Threat-like,Global on,-2.0,-0.007213562769118324,-2.0,-0.08333333333333333,0.007213562769118324
10,31,1.0,4.0,Global off,Global on,2.0,64.0,0.03125,2.0,0.08333333333333333,CS+,CS+,1.0,4.0,Global off,Global on,5.0,130.0,0.038461538461538464,4.0,0.16666666666666666,CS+,CS+,1.0,4.0,Global off,Global on,-3.0,-0.007211538461538464,-2.0,-0.08333333333333333,0.007211538461538464
9,12,0.0,0.0,0,0,0.0,0.0,0.0,0.0,0.0,0,0,1.0,3.0,Global off,Safety-like,1.0,140.0,0.007142857142857143,1.0,0.041666666666666664,CS-,CS-,1.0,3.0,Global off,Safety-like,-1.0,-0.007142857142857143,-1.0,-0.041666666666666664,0.007142857142857143
8,14,3.0,2.0,Safety-like,Threat-like,5.0,93.0,0.053763440860215055,4.0,0.16666666666666666,CS+,CS+,3.0,2.0,Safety-like,Threat-like,5.0,107.0,0.04672897196261682,4.0,0.16666666666666666,CS-,ITI,3.0,2.0,Safety-like,Threat-like,0.0,0.007034468897598234,0.0,0.0,0.007034468897598234
28,19,4.0,3.0,Global on,Safety-like,8.0,171.0,0.04678362573099415,7.0,0.2916666666666667,ITI,ITI,4.0,3.0,Global on,Safety-like,7.0,176.0,0.03977272727272727,6.0,0.25,ITI,ITI,4.0,3.0,Global on,Safety-like,1.0,0.007010898458266877,1.0,0.041666666666666685,0.007010898458266877
32,4,4.0,3.0,Global on,Safety-like,14.0,400.0,0.035,8.0,0.3333333333333333,CS+,ITI,4.0,3.0,Global on,Safety-like,11.0,393.0,0.027989821882951654,9.0,0.375,CS+,CS+,4.0,3.0,Global on,Safety-like,3.0,0.007010178117048349,-1.0,-0.041666666666666685,0.007010178117048349
5,23,1.0,4.0,Global off,Global on,4.0,184.0,0.021739130434782608,3.0,0.125,CS+,CS+,1.0,4.0,Global off,Global on,5.0,174.0,0.028735632183908046,5.0,0.20833333333333334,ITI,ITI,1.0,4.0,Global off,Global on,-1.0,-0.0069965017491254375,-2.0,-0.08333333333333334,0.0069965017491254375
31,26,4.0,4.0,Global on,Global on,3.0,206.0,0.014563106796116505,3.0,0.125,ITI,CS+,4.0,4.0,Global on,Global on,5.0,232.0,0.021551724137931036,5.0,0.20833333333333334,CS+,ITI,4.0,4.0,Global on,Global on,-2.0,-0.006988617341814531,-2.0,-0.08333333333333334,0.006988617341814531
31,7,4.0,1.0,Global on,Global off,3.0,206.0,0.014563106796116505,2.0,0.08333333333333333,ITI,ITI,4.0,1.0,Global on,Global off,5.0,232.0,0.021551724137931036,4.0,0.16666666666666666,ITI,CS-,4.0,1.0,Global on,Global off,-2.0,-0.006988617341814531,-2.0,-0.08333333333333333,0.006988617341814531
20,16,3.0,4.0,Safety-like,Global on,3.0,238.0,0.012605042016806723,3.0,0.125,ITI,ITI,3.0,4.0,Safety-like,Global on,5.0,256.0,0.01953125,5.0,0.20833333333333334,CS+,CS+,3.0,4.0,Safety-like,Global on,-2.0,-0.006926207983193277,-2.0,-0.08333333333333334,0.006926207983193277
20,13,3.0,2.0,Safety-like,Threat-like,3.0,238.0,0.012605042016806723,2.0,0.08333333333333333,ITI,CS+,3.0,2.0,Safety-like,Threat-like,5.0,256.0,0.01953125,4.0,0.16666666666666666,CS-,CS-,3.0,2.0,Safety-like,Threat-like,-2.0,-0.006926207983193277,-2.0,-0.08333333333333333,0.006926207983193277
13,2,2.0,1.0,Threat-like,Global off,12.0,243.0,0.04938271604938271,10.0,0.4166666666666667,CS-,ITI,2.0,1.0,Threat-like,Global off,11.0,259.0,0.04247104247104247,9.0,0.375,ITI,ITI,2.0,1.0,Threat-like,Global off,1.0,0.006911673578340244,1.0,0.041666666666666685,0.006911673578340244
28,31,4.0,4.0,Global on,Global on,7.0,171.0,0.04093567251461988,7.0,0.2916666666666667,ITI,ITI,4.0,4.0,Global on,Global on,6.0,176.0,0.03409090909090909,5.0,0.20833333333333334,ITI,CS-,4.0,4.0,Global on,Global on,1.0,0.006844763423710792,2.0,0.08333333333333334,0.006844763423710792
16,9,4.0,1.0,Global on,Global off,5.0,182.0,0.027472527472527472,5.0,0.20833333333333334,CS-,ITI,4.0,1.0,Global on,Global off,7.0,204.0,0.03431372549019608,5.0,0.20833333333333334,CS-,CS+,4.0,1.0,Global on,Global off,-2.0,-0.006841198017668609,0.0,0.0,0.006841198017668609
32,30,4.0,4.0,Global on,Global on,18.0,400.0,0.045,11.0,0.4583333333333333,ITI,ITI,4.0,4.0,Global on,Global on,15.0,393.0,0.03816793893129771,14.0,0.5833333333333334,ITI,ITI,4.0,4.0,Global on,Global on,3.0,0.006832061068702287,-3.0,-0.12500000000000006,0.006832061068702287
25,4,1.0,3.0,Global off,Safety-like,4.0,122.0,0.03278688524590164,4.0,0.16666666666666666,ITI,CS-,1.0,3.0,Global off,Safety-like,4.0,101.0,0.039603960396039604,3.0,0.125,ITI,CS+,1.0,3.0,Global off,Safety-like,0.0,-0.006817075150137963,1.0,0.04166666666666666,0.006817075150137963
9,8,1.0,3.0,Global off,Safety-like,1.0,147.0,0.006802721088435374,1.0,0.041666666666666664,ITI,ITI,0.0,0.0,0,0,0.0,0.0,0.0,0.0,0.0,0,0,1.0,3.0,Global off,Safety-like,1.0,0.006802721088435374,1.0,0.041666666666666664,0.006802721088435374
14,29,2.0,2.0,Threat-like,Threat-like,9.0,138.0,0.06521739130434782,7.0,0.2916666666666667,CS+,CS+,2.0,2.0,Threat-like,Threat-like,10.0,171.0,0.05847953216374269,6.0,0.25,ITI,ITI,2.0,2.0,Threat-like,Threat-like,-1.0,0.0067378591406051375,1.0,0.041666666666666685,0.0067378591406051375
16,27,4.0,4.0,Global on,Global on,3.0,182.0,0.016483516483516484,3.0,0.125,ITI,ITI,4.0,4.0,Global on,Global on,2.0,204.0,0.00980392156862745,1.0,0.041666666666666664,CS-,CS-,4.0,4.0,Global on,Global on,1.0,0.006679594914889033,2.0,0.08333333333333334,0.006679594914889033
20,12,3.0,3.0,Safety-like,Safety-like,4.0,238.0,0.01680672268907563,4.0,0.16666666666666666,ITI,ITI,3.0,3.0,Safety-like,Safety-like,6.0,256.0,0.0234375,5.0,0.20833333333333334,ITI,ITI,3.0,3.0,Safety-like,Safety-like,-2.0,-0.0066307773109243705,-1.0,-0.041666666666666685,0.0066307773109243705
24,14,4.0,2.0,Global on,Threat-like,3.0,146.0,0.02054794520547945,3.0,0.125,ITI,ITI,4.0,2.0,Global on,Threat-like,2.0,143.0,0.013986013986013986,2.0,0.08333333333333333,ITI,CS-,4.0,2.0,Global on,Threat-like,1.0,0.006561931219465465,1.0,0.04166666666666667,0.006561931219465465
8,29,3.0,2.0,Safety-like,Threat-like,2.0,93.0,0.021505376344086023,2.0,0.08333333333333333,CS+,CS+,3.0,2.0,Safety-like,Threat-like,3.0,107.0,0.028037383177570093,2.0,0.08333333333333333,ITI,ITI,3.0,2.0,Safety-like,Threat-like,-1.0,-0.00653200683348407,0.0,0.0,0.00653200683348407
8,3,3.0,1.0,Safety-like,Global off,2.0,93.0,0.021505376344086023,1.0,0.041666666666666664,CS-,ITI,3.0,1.0,Safety-like,Global off,3.0,107.0,0.028037383177570093,3.0,0.125,ITI,ITI,3.0,1.0,Safety-like,Global off,-1.0,-0.00653200683348407,-2.0,-0.08333333333333334,0.00653200683348407
25,19,1.0,3.0,Global off,Safety-like,2.0,122.0,0.01639344262295082,2.0,0.08333333333333333,ITI,CS-,1.0,3.0,Global off,Safety-like,1.0,101.0,0.009900990099009901,1.0,0.041666666666666664,ITI,ITI,1.0,3.0,Global off,Safety-like,1.0,0.006492452523940919,1.0,0.041666666666666664,0.006492452523940919
25,23,1.0,4.0,Global off,Global on,2.0,122.0,0.01639344262295082,2.0,0.08333333333333333,CS+,ITI,1.0,4.0,Global off,Global on,1.0,101.0,0.009900990099009901,1.0,0.041666666666666664,ITI,ITI,1.0,4.0,Global off,Global on,1.0,0.006492452523940919,1.0,0.041666666666666664,0.006492452523940919
25,3,1.0,1.0,Global off,Global off,2.0,122.0,0.01639344262295082,2.0,0.08333333333333333,ITI,CS+,1.0,1.0,Global off,Global off,1.0,101.0,0.009900990099009901,1.0,0.041666666666666664,ITI,CS+,1.0,1.0,Global off,Global off,1.0,0.006492452523940919,1.0,0.041666666666666664,0.006492452523940919
31,10,4.0,1.0,Global on,Global off,4.0,206.0,0.019417475728155338,4.0,0.16666666666666666,ITI,CS-,4.0,1.0,Global on,Global off,3.0,232.0,0.01293103448275862,3.0,0.125,ITI,ITI,4.0,1.0,Global on,Global off,1.0,0.006486441245396718,1.0,0.04166666666666666,0.006486441245396718
9,18,1.0,3.0,Global off,Safety-like,2.0,147.0,0.013605442176870748,2.0,0.08333333333333333,ITI,ITI,1.0,3.0,Global off,Safety-like,1.0,140.0,0.007142857142857143,1.0,0.041666666666666664,CS-,CS-,1.0,3.0,Global off,Safety-like,1.0,0.006462585034013605,1.0,0.041666666666666664,0.006462585034013605
9,11,1.0,1.0,Global off,Global off,2.0,147.0,0.013605442176870748,2.0,0.08333333333333333,CS-,CS+,1.0,1.0,Global off,Global off,1.0,140.0,0.007142857142857143,1.0,0.041666666666666664,ITI,ITI,1.0,1.0,Global off,Global off,1.0,0.006462585034013605,1.0,0.041666666666666664,0.006462585034013605
17,32,1.0,4.0,Global off,Global on,14.0,173.0,0.08092485549132948,9.0,0.375,ITI,ITI,1.0,4.0,Global off,Global on,18.0,206.0,0.08737864077669903,12.0,0.5,ITI,ITI,1.0,4.0,Global off,Global on,-4.0,-0.006453785285369551,-3.0,-0.125,0.006453785285369551
16,32,4.0,4.0,Global on,Global on,19.0,182.0,0.1043956043956044,11.0,0.4583333333333333,ITI,ITI,4.0,4.0,Global on,Global on,20.0,204.0,0.09803921568627451,14.0,0.5833333333333334,ITI,CS+,4.0,4.0,Global on,Global on,-1.0,0.006356388709329891,-3.0,-0.12500000000000006,0.006356388709329891
28,5,4.0,1.0,Global on,Global off,4.0,171.0,0.023391812865497075,4.0,0.16666666666666666,ITI,ITI,4.0,1.0,Global on,Global off,3.0,176.0,0.017045454545454544,3.0,0.125,CS-,ITI,4.0,1.0,Global on,Global off,1.0,0.0063463583200425305,1.0,0.04166666666666666,0.0063463583200425305
15,24,2.0,4.0,Threat-like,Global on,1.0,84.0,0.011904761904761904,1.0,0.041666666666666664,CS+,CS+,2.0,4.0,Threat-like,Global on,2.0,110.0,0.01818181818181818,2.0,0.08333333333333333,CS+,CS+,2.0,4.0,Threat-like,Global on,-1.0,-0.006277056277056277,-1.0,-0.041666666666666664,0.006277056277056277
4,24,3.0,4.0,Safety-like,Global on,7.0,195.0,0.035897435897435895,5.0,0.20833333333333334,ITI,ITI,3.0,4.0,Safety-like,Global on,6.0,202.0,0.0297029702970297,6.0,0.25,CS+,ITI,3.0,4.0,Safety-like,Global on,1.0,0.006194465600406193,-1.0,-0.04166666666666666,0.006194465600406193
28,9,4.0,1.0,Global on,Global off,3.0,171.0,0.017543859649122806,3.0,0.125,ITI,ITI,4.0,1.0,Global on,Global off,2.0,176.0,0.011363636363636364,2.0,0.08333333333333333,CS-,CS-,4.0,1.0,Global on,Global off,1.0,0.006180223285486442,1.0,0.04166666666666667,0.006180223285486442
20,28,3.0,4.0,Safety-like,Global on,19.0,238.0,0.07983193277310924,9.0,0.375,ITI,ITI,3.0,4.0,Safety-like,Global on,22.0,256.0,0.0859375,13.0,0.5416666666666666,ITI,ITI,3.0,4.0,Safety-like,Global on,-3.0,-0.006105567226890762,-4.0,-0.16666666666666663,0.006105567226890762
3,4,1.0,3.0,Global off,Safety-like,6.0,99.0,0.06060606060606061,6.0,0.25,ITI,CS-,1.0,3.0,Global off,Safety-like,7.0,105.0,0.06666666666666667,7.0,0.2916666666666667,ITI,ITI,1.0,3.0,Global off,Safety-like,-1.0,-0.006060606060606058,-1.0,-0.041666666666666685,0.006060606060606058
5,18,1.0,3.0,Global off,Safety-like,1.0,184.0,0.005434782608695652,1.0,0.041666666666666664,ITI,ITI,1.0,3.0,Global off,Safety-like,2.0,174.0,0.011494252873563218,2.0,0.08333333333333333,CS+,CS-,1.0,3.0,Global off,Safety-like,-1.0,-0.006059470264867566,-1.0,-0.041666666666666664,0.006059470264867566
20,27,3.0,4.0,Safety-like,Global on,6.0,238.0,0.025210084033613446,6.0,0.25,CS-,ITI,3.0,4.0,Safety-like,Global on,8.0,256.0,0.03125,8.0,0.3333333333333333,ITI,ITI,3.0,4.0,Safety-like,Global on,-2.0,-0.006039915966386554,-2.0,-0.08333333333333331,0.006039915966386554
22,20,4.0,3.0,Global on,Safety-like,2.0,29.0,0.06896551724137931,2.0,0.08333333333333333,ITI,CS-,4.0,3.0,Global on,Safety-like,3.0,40.0,0.075,3.0,0.125,ITI,ITI,4.0,3.0,Global on,Safety-like,-1.0,-0.006034482758620688,-1.0,-0.04166666666666667,0.006034482758620688
28,11,4.0,1.0,Global on,Global off,2.0,171.0,0.011695906432748537,2.0,0.08333333333333333,CS-,CS-,4.0,1.0,Global on,Global off,1.0,176.0,0.005681818181818182,1.0,0.041666666666666664,CS-,CS-,4.0,1.0,Global on,Global off,1.0,0.006014088250930355,1.0,0.041666666666666664,0.006014088250930355
28,6,4.0,1.0,Global on,Global off,2.0,171.0,0.011695906432748537,2.0,0.08333333333333333,ITI,CS+,4.0,1.0,Global on,Global off,1.0,176.0,0.005681818181818182,1.0,0.041666666666666664,ITI,ITI,4.0,1.0,Global on,Global off,1.0,0.006014088250930355,1.0,0.041666666666666664,0.006014088250930355
2,9,1.0,1.0,Global off,Global off,5.0,208.0,0.02403846153846154,4.0,0.16666666666666666,ITI,ITI,1.0,1.0,Global off,Global off,7.0,233.0,0.030042918454935622,5.0,0.20833333333333334,CS+,CS+,1.0,1.0,Global off,Global off,-2.0,-0.006004456916474082,-1.0,-0.041666666666666685,0.006004456916474082
20,29,3.0,2.0,Safety-like,Threat-like,7.0,238.0,0.029411764705882353,6.0,0.25,ITI,ITI,3.0,2.0,Safety-like,Threat-like,6.0,256.0,0.0234375,4.0,0.16666666666666666,ITI,ITI,3.0,2.0,Safety-like,Threat-like,1.0,0.0059742647058823525,2.0,0.08333333333333334,0.0059742647058823525
27,24,4.0,4.0,Global on,Global on,3.0,90.0,0.03333333333333333,3.0,0.125,ITI,CS-,4.0,4.0,Global on,Global on,2.0,73.0,0.0273972602739726,2.0,0.08333333333333333,ITI,ITI,4.0,4.0,Global on,Global on,1.0,0.005936073059360732,1.0,0.04166666666666667,0.005936073059360732
27,9,4.0,1.0,Global on,Global off,3.0,90.0,0.03333333333333333,3.0,0.125,ITI,ITI,4.0,1.0,Global on,Global off,2.0,73.0,0.0273972602739726,2.0,0.08333333333333333,CS+,CS+,4.0,1.0,Global on,Global off,1.0,0.005936073059360732,1.0,0.04166666666666667,0.005936073059360732
27,26,4.0,4.0,Global on,Global on,3.0,90.0,0.03333333333333333,3.0,0.125,ITI,ITI,4.0,4.0,Global on,Global on,2.0,73.0,0.0273972602739726,2.0,0.08333333333333333,CS+,CS+,4.0,4.0,Global on,Global on,1.0,0.005936073059360732,1.0,0.04166666666666667,0.005936073059360732
27,2,4.0,1.0,Global on,Global off,3.0,90.0,0.03333333333333333,3.0,0.125,ITI,CS-,4.0,1.0,Global on,Global off,2.0,73.0,0.0273972602739726,2.0,0.08333333333333333,CS+,CS+,4.0,1.0,Global on,Global off,1.0,0.005936073059360732,1.0,0.04166666666666667,0.005936073059360732
31,30,4.0,4.0,Global on,Global on,5.0,206.0,0.024271844660194174,5.0,0.20833333333333334,ITI,CS-,4.0,4.0,Global on,Global on,7.0,232.0,0.03017241379310345,5.0,0.20833333333333334,ITI,ITI,4.0,4.0,Global on,Global on,-2.0,-0.005900569132909275,0.0,0.0,0.005900569132909275
29,9,2.0,1.0,Threat-like,Global off,6.0,172.0,0.03488372093023256,6.0,0.25,ITI,ITI,2.0,1.0,Threat-like,Global off,6.0,207.0,0.028985507246376812,5.0,0.20833333333333334,CS+,CS+,2.0,1.0,Threat-like,Global off,0.0,0.005898213683855746,1.0,0.04166666666666666,0.005898213683855746
13,4,2.0,3.0,Threat-like,Safety-like,8.0,243.0,0.03292181069958848,7.0,0.2916666666666667,ITI,ITI,2.0,3.0,Threat-like,Safety-like,7.0,259.0,0.02702702702702703,6.0,0.25,CS-,ITI,2.0,3.0,Threat-like,Safety-like,1.0,0.005894783672561452,1.0,0.041666666666666685,0.005894783672561452
2,26,1.0,4.0,Global off,Global on,3.0,208.0,0.014423076923076924,3.0,0.125,ITI,ITI,1.0,4.0,Global off,Global on,2.0,233.0,0.008583690987124463,2.0,0.08333333333333333,ITI,CS+,1.0,4.0,Global off,Global on,1.0,0.00583938593595246,1.0,0.04166666666666667,0.00583938593595246
29,4,2.0,3.0,Threat-like,Safety-like,4.0,172.0,0.023255813953488372,3.0,0.125,ITI,ITI,2.0,3.0,Threat-like,Safety-like,6.0,207.0,0.028985507246376812,5.0,0.20833333333333334,ITI,CS+,2.0,3.0,Threat-like,Safety-like,-2.0,-0.00572969329288844,-2.0,-0.08333333333333334,0.00572969329288844
4,6,3.0,1.0,Safety-like,Global off,4.0,195.0,0.020512820512820513,4.0,0.16666666666666666,CS-,ITI,3.0,1.0,Safety-like,Global off,3.0,202.0,0.01485148514851485,3.0,0.125,CS+,ITI,3.0,1.0,Safety-like,Global off,1.0,0.005661335364305662,1.0,0.04166666666666666,0.005661335364305662
15,4,2.0,3.0,Threat-like,Safety-like,2.0,84.0,0.023809523809523808,2.0,0.08333333333333333,CS+,CS+,2.0,3.0,Threat-like,Safety-like,2.0,110.0,0.01818181818181818,2.0,0.08333333333333333,CS+,CS+,2.0,3.0,Threat-like,Safety-like,0.0,0.005627705627705627,0.0,0.0,0.005627705627705627
15,17,2.0,1.0,Threat-like,Global off,2.0,84.0,0.023809523809523808,2.0,0.08333333333333333,CS+,ITI,2.0,1.0,Threat-like,Global off,2.0,110.0,0.01818181818181818,2.0,0.08333333333333333,CS+,CS+,2.0,1.0,Threat-like,Global off,0.0,0.005627705627705627,0.0,0.0,0.005627705627705627
17,2,1.0,1.0,Global off,Global off,6.0,173.0,0.03468208092485549,5.0,0.20833333333333334,ITI,ITI,1.0,1.0,Global off,Global off,6.0,206.0,0.02912621359223301,6.0,0.25,ITI,CS-,1.0,1.0,Global off,Global off,0.0,0.005555867332622477,-1.0,-0.04166666666666666,0.005555867332622477
16,18,4.0,3.0,Global on,Safety-like,1.0,182.0,0.005494505494505495,1.0,0.041666666666666664,ITI,CS+,0.0,0.0,0,0,0.0,0.0,0.0,0.0,0.0,0,0,4.0,3.0,Global on,Safety-like,1.0,0.005494505494505495,1.0,0.041666666666666664,0.005494505494505495
5,26,1.0,4.0,Global off,Global on,1.0,184.0,0.005434782608695652,1.0,0.041666666666666664,ITI,ITI,0.0,0.0,0,0,0.0,0.0,0.0,0.0,0.0,0,0,1.0,4.0,Global off,Global on,1.0,0.005434782608695652,1.0,0.041666666666666664,0.005434782608695652
5,22,1.0,4.0,Global off,Global on,1.0,184.0,0.005434782608695652,1.0,0.041666666666666664,CS-,CS-,0.0,0.0,0,0,0.0,0.0,0.0,0.0,0.0,0,0,1.0,4.0,Global off,Global on,1.0,0.005434782608695652,1.0,0.041666666666666664,0.005434782608695652
12,1,3.0,1.0,Safety-like,Global off,6.0,64.0,0.09375,6.0,0.25,CS-,ITI,3.0,1.0,Safety-like,Global off,12.0,121.0,0.09917355371900827,8.0,0.3333333333333333,ITI,ITI,3.0,1.0,Safety-like,Global off,-6.0,-0.005423553719008267,-2.0,-0.08333333333333331,0.005423553719008267
32,11,4.0,1.0,Global on,Global off,6.0,400.0,0.015,5.0,0.20833333333333334,ITI,ITI,4.0,1.0,Global on,Global off,8.0,393.0,0.020356234096692113,7.0,0.2916666666666667,CS-,CS-,4.0,1.0,Global on,Global off,-2.0,-0.005356234096692114,-2.0,-0.08333333333333334,0.005356234096692114
28,3,4.0,1.0,Global on,Global off,2.0,171.0,0.011695906432748537,2.0,0.08333333333333333,CS-,CS-,4.0,1.0,Global on,Global off,3.0,176.0,0.017045454545454544,3.0,0.125,CS+,ITI,4.0,1.0,Global on,Global off,-1.0,-0.005349548112706007,-1.0,-0.04166666666666667,0.005349548112706007
4,27,3.0,4.0,Safety-like,Global on,2.0,195.0,0.010256410256410256,2.0,0.08333333333333333,ITI,ITI,3.0,4.0,Safety-like,Global on,1.0,202.0,0.0049504950495049506,1.0,0.041666666666666664,CS-,CS-,3.0,4.0,Safety-like,Global on,1.0,0.005305915206905306,1.0,0.041666666666666664,0.005305915206905306
1,24,1.0,4.0,Global off,Global on,8.0,385.0,0.02077922077922078,7.0,0.2916666666666667,ITI,ITI,1.0,4.0,Global off,Global on,10.0,385.0,0.025974025974025976,9.0,0.375,ITI,ITI,1.0,4.0,Global off,Global on,-2.0,-0.0051948051948051965,-2.0,-0.08333333333333331,0.0051948051948051965
1,28,1.0,4.0,Global off,Global on,6.0,385.0,0.015584415584415584,4.0,0.16666666666666666,ITI,ITI,1.0,4.0,Global off,Global on,4.0,385.0,0.01038961038961039,3.0,0.125,ITI,ITI,1.0,4.0,Global off,Global on,2.0,0.005194805194805195,1.0,0.04166666666666666,0.005194805194805195
1,6,1.0,1.0,Global off,Global off,12.0,385.0,0.03116883116883117,10.0,0.4166666666666667,ITI,ITI,1.0,1.0,Global off,Global off,14.0,385.0,0.03636363636363636,11.0,0.4583333333333333,ITI,ITI,1.0,1.0,Global off,Global off,-2.0,-0.005194805194805193,-1.0,-0.04166666666666663,0.005194805194805193
28,23,4.0,4.0,Global on,Global on,3.0,171.0,0.017543859649122806,3.0,0.125,ITI,ITI,4.0,4.0,Global on,Global on,4.0,176.0,0.022727272727272728,3.0,0.125,ITI,ITI,4.0,4.0,Global on,Global on,-1.0,-0.005183413078149922,0.0,0.0,0.005183413078149922
27,16,4.0,4.0,Global on,Global on,2.0,90.0,0.022222222222222223,2.0,0.08333333333333333,ITI,ITI,4.0,4.0,Global on,Global on,2.0,73.0,0.0273972602739726,2.0,0.08333333333333333,CS-,CS+,4.0,4.0,Global on,Global on,0.0,-0.005175038051750378,0.0,0.0,0.005175038051750378
8,19,3.0,3.0,Safety-like,Safety-like,3.0,93.0,0.03225806451612903,3.0,0.125,ITI,ITI,3.0,3.0,Safety-like,Safety-like,4.0,107.0,0.037383177570093455,4.0,0.16666666666666666,ITI,ITI,3.0,3.0,Safety-like,Safety-like,-1.0,-0.005125113053964424,-1.0,-0.04166666666666666,0.005125113053964424
7,23,1.0,4.0,Global off,Global on,1.0,51.0,0.0196078431372549,1.0,0.041666666666666664,CS-,ITI,1.0,4.0,Global off,Global on,1.0,69.0,0.014492753623188406,1.0,0.041666666666666664,ITI,CS-,1.0,4.0,Global off,Global on,0.0,0.005115089514066496,0.0,0.0,0.005115089514066496
20,5,3.0,1.0,Safety-like,Global off,4.0,238.0,0.01680672268907563,4.0,0.16666666666666666,ITI,ITI,3.0,1.0,Safety-like,Global off,3.0,256.0,0.01171875,3.0,0.125,ITI,ITI,3.0,1.0,Safety-like,Global off,1.0,0.0050879726890756295,1.0,0.04166666666666666,0.0050879726890756295
28,10,4.0,1.0,Global on,Global off,4.0,171.0,0.023391812865497075,3.0,0.125,CS-,CS-,4.0,1.0,Global on,Global off,5.0,176.0,0.028409090909090908,5.0,0.20833333333333334,CS-,CS+,4.0,1.0,Global on,Global off,-1.0,-0.005017278043593833,-2.0,-0.08333333333333334,0.005017278043593833
5,16,1.0,4.0,Global off,Global on,16.0,184.0,0.08695652173913043,10.0,0.4166666666666667,ITI,ITI,1.0,4.0,Global off,Global on,16.0,174.0,0.09195402298850575,9.0,0.375,ITI,CS+,1.0,4.0,Global off,Global on,0.0,-0.0049975012493753135,1.0,0.041666666666666685,0.0049975012493753135
4,25,0.0,0.0,0,0,0.0,0.0,0.0,0.0,0.0,0,0,3.0,1.0,Safety-like,Global off,1.0,202.0,0.0049504950495049506,1.0,0.041666666666666664,ITI,ITI,3.0,1.0,Safety-like,Global off,-1.0,-0.0049504950495049506,-1.0,-0.041666666666666664,0.0049504950495049506
19,17,3.0,1.0,Safety-like,Global off,9.0,120.0,0.075,6.0,0.25,ITI,ITI,3.0,1.0,Safety-like,Global off,11.0,157.0,0.07006369426751592,9.0,0.375,ITI,ITI,3.0,1.0,Safety-like,Global off,-2.0,0.004936305732484075,-3.0,-0.125,0.004936305732484075
13,20,2.0,3.0,Threat-like,Safety-like,4.0,243.0,0.01646090534979424,4.0,0.16666666666666666,ITI,ITI,2.0,3.0,Threat-like,Safety-like,3.0,259.0,0.011583011583011582,3.0,0.125,ITI,ITI,2.0,3.0,Threat-like,Safety-like,1.0,0.004877893766782658,1.0,0.04166666666666666,0.004877893766782658
32,8,4.0,3.0,Global on,Safety-like,5.0,400.0,0.0125,5.0,0.20833333333333334,CS+,CS+,4.0,3.0,Global on,Safety-like,3.0,393.0,0.007633587786259542,3.0,0.125,CS+,CS+,4.0,3.0,Global on,Safety-like,2.0,0.004866412213740459,2.0,0.08333333333333334,0.004866412213740459
20,10,3.0,1.0,Safety-like,Global off,3.0,238.0,0.012605042016806723,3.0,0.125,ITI,ITI,3.0,1.0,Safety-like,Global off,2.0,256.0,0.0078125,2.0,0.08333333333333333,CS-,CS-,3.0,1.0,Safety-like,Global off,1.0,0.004792542016806723,1.0,0.04166666666666667,0.004792542016806723
25,18,1.0,3.0,Global off,Safety-like,3.0,122.0,0.02459016393442623,3.0,0.125,ITI,ITI,1.0,3.0,Global off,Safety-like,2.0,101.0,0.019801980198019802,2.0,0.08333333333333333,ITI,ITI,1.0,3.0,Global off,Safety-like,1.0,0.004788183736406427,1.0,0.04166666666666667,0.004788183736406427
32,15,4.0,2.0,Global on,Threat-like,7.0,400.0,0.0175,6.0,0.25,ITI,CS-,4.0,2.0,Global on,Threat-like,5.0,393.0,0.01272264631043257,5.0,0.20833333333333334,ITI,CS-,4.0,2.0,Global on,Threat-like,2.0,0.0047773536895674325,1.0,0.04166666666666666,0.0047773536895674325
4,29,3.0,2.0,Safety-like,Threat-like,2.0,195.0,0.010256410256410256,2.0,0.08333333333333333,CS+,CS+,3.0,2.0,Safety-like,Threat-like,3.0,202.0,0.01485148514851485,3.0,0.125,ITI,ITI,3.0,2.0,Safety-like,Threat-like,-1.0,-0.004595074892104594,-1.0,-0.04166666666666667,0.004595074892104594
25,17,1.0,1.0,Global off,Global off,9.0,122.0,0.07377049180327869,8.0,0.3333333333333333,ITI,ITI,1.0,1.0,Global off,Global off,7.0,101.0,0.06930693069306931,5.0,0.20833333333333334,ITI,ITI,1.0,1.0,Global off,Global off,2.0,0.004463561110209374,3.0,0.12499999999999997,0.004463561110209374
31,15,4.0,2.0,Global on,Threat-like,8.0,206.0,0.038834951456310676,6.0,0.25,CS+,ITI,4.0,2.0,Global on,Threat-like,8.0,232.0,0.034482758620689655,6.0,0.25,CS+,CS+,4.0,2.0,Global on,Threat-like,0.0,0.0043521928356210215,0.0,0.0,0.0043521928356210215
2,27,0.0,0.0,0,0,0.0,0.0,0.0,0.0,0.0,0,0,1.0,4.0,Global off,Global on,1.0,233.0,0.004291845493562232,1.0,0.041666666666666664,CS+,ITI,1.0,4.0,Global off,Global on,-1.0,-0.004291845493562232,-1.0,-0.041666666666666664,0.004291845493562232
7,15,1.0,2.0,Global off,Threat-like,2.0,51.0,0.0392156862745098,1.0,0.041666666666666664,CS-,CS-,1.0,2.0,Global off,Threat-like,3.0,69.0,0.043478260869565216,2.0,0.08333333333333333,ITI,CS+,1.0,2.0,Global off,Threat-like,-1.0,-0.004262574595055413,-1.0,-0.041666666666666664,0.004262574595055413
20,15,3.0,2.0,Safety-like,Threat-like,1.0,238.0,0.004201680672268907,1.0,0.041666666666666664,ITI,CS-,0.0,0.0,0,0,0.0,0.0,0.0,0.0,0.0,0,0,3.0,2.0,Safety-like,Threat-like,1.0,0.004201680672268907,1.0,0.041666666666666664,0.004201680672268907
20,11,3.0,1.0,Safety-like,Global off,1.0,238.0,0.004201680672268907,1.0,0.041666666666666664,ITI,ITI,0.0,0.0,0,0,0.0,0.0,0.0,0.0,0.0,0,0,3.0,1.0,Safety-like,Global off,1.0,0.004201680672268907,1.0,0.041666666666666664,0.004201680672268907
14,20,2.0,3.0,Threat-like,Safety-like,3.0,138.0,0.021739130434782608,3.0,0.125,ITI,CS+,2.0,3.0,Threat-like,Safety-like,3.0,171.0,0.017543859649122806,3.0,0.125,CS-,ITI,2.0,3.0,Threat-like,Safety-like,0.0,0.004195270785659802,0.0,0.0,0.004195270785659802
14,8,2.0,3.0,Threat-like,Safety-like,3.0,138.0,0.021739130434782608,3.0,0.125,CS+,CS+,2.0,3.0,Threat-like,Safety-like,3.0,171.0,0.017543859649122806,2.0,0.08333333333333333,CS+,CS+,2.0,3.0,Threat-like,Safety-like,0.0,0.004195270785659802,1.0,0.04166666666666667,0.004195270785659802
14,26,2.0,4.0,Threat-like,Global on,3.0,138.0,0.021739130434782608,3.0,0.125,ITI,ITI,2.0,4.0,Threat-like,Global on,3.0,171.0,0.017543859649122806,2.0,0.08333333333333333,CS+,ITI,2.0,4.0,Threat-like,Global on,0.0,0.004195270785659802,1.0,0.04166666666666667,0.004195270785659802
5,29,1.0,2.0,Global off,Threat-like,5.0,184.0,0.02717391304347826,5.0,0.20833333333333334,CS-,CS-,1.0,2.0,Global off,Threat-like,4.0,174.0,0.022988505747126436,4.0,0.16666666666666666,ITI,CS-,1.0,2.0,Global off,Threat-like,1.0,0.004185407296351824,1.0,0.041666666666666685,0.004185407296351824
17,3,1.0,1.0,Global off,Global off,6.0,173.0,0.03468208092485549,6.0,0.25,ITI,ITI,1.0,1.0,Global off,Global off,8.0,206.0,0.038834951456310676,8.0,0.3333333333333333,ITI,ITI,1.0,1.0,Global off,Global off,-2.0,-0.004152870531455188,-2.0,-0.08333333333333331,0.004152870531455188
17,29,1.0,2.0,Global off,Threat-like,6.0,173.0,0.03468208092485549,4.0,0.16666666666666666,ITI,ITI,1.0,2.0,Global off,Threat-like,8.0,206.0,0.038834951456310676,6.0,0.25,ITI,ITI,1.0,2.0,Global off,Threat-like,-2.0,-0.004152870531455188,-2.0,-0.08333333333333334,0.004152870531455188
2,24,1.0,4.0,Global off,Global on,8.0,208.0,0.038461538461538464,8.0,0.3333333333333333,ITI,ITI,1.0,4.0,Global off,Global on,8.0,233.0,0.034334763948497854,6.0,0.25,CS+,ITI,1.0,4.0,Global off,Global on,0.0,0.00412677451304061,2.0,0.08333333333333331,0.00412677451304061
13,11,2.0,1.0,Threat-like,Global off,1.0,243.0,0.00411522633744856,1.0,0.041666666666666664,CS-,ITI,0.0,0.0,0,0,0.0,0.0,0.0,0.0,0.0,0,0,2.0,1.0,Threat-like,Global off,1.0,0.00411522633744856,1.0,0.041666666666666664,0.00411522633744856
15,16,2.0,4.0,Threat-like,Global on,5.0,84.0,0.05952380952380952,3.0,0.125,ITI,ITI,2.0,4.0,Threat-like,Global on,7.0,110.0,0.06363636363636363,7.0,0.2916666666666667,ITI,CS-,2.0,4.0,Threat-like,Global on,-2.0,-0.004112554112554109,-4.0,-0.16666666666666669,0.004112554112554109
32,24,4.0,4.0,Global on,Global on,22.0,400.0,0.055,13.0,0.5416666666666666,ITI,ITI,4.0,4.0,Global on,Global on,20.0,393.0,0.05089058524173028,12.0,0.5,ITI,ITI,4.0,4.0,Global on,Global on,2.0,0.0041094147582697235,1.0,0.04166666666666663,0.0041094147582697235
21,15,1.0,2.0,Global off,Threat-like,3.0,89.0,0.033707865168539325,3.0,0.125,ITI,CS+,1.0,2.0,Global off,Threat-like,4.0,135.0,0.02962962962962963,4.0,0.16666666666666666,CS-,CS-,1.0,2.0,Global off,Threat-like,-1.0,0.004078235538909694,-1.0,-0.04166666666666666,0.004078235538909694
18,26,3.0,4.0,Safety-like,Global on,1.0,77.0,0.012987012987012988,1.0,0.041666666666666664,ITI,ITI,3.0,4.0,Safety-like,Global on,1.0,112.0,0.008928571428571428,1.0,0.041666666666666664,CS+,ITI,3.0,4.0,Safety-like,Global on,0.0,0.00405844155844156,0.0,0.0,0.00405844155844156
18,7,3.0,1.0,Safety-like,Global off,1.0,77.0,0.012987012987012988,1.0,0.041666666666666664,CS-,ITI,3.0,1.0,Safety-like,Global off,1.0,112.0,0.008928571428571428,1.0,0.041666666666666664,CS-,ITI,3.0,1.0,Safety-like,Global off,0.0,0.00405844155844156,0.0,0.0,0.00405844155844156
18,27,3.0,4.0,Safety-like,Global on,1.0,77.0,0.012987012987012988,1.0,0.041666666666666664,ITI,CS-,3.0,4.0,Safety-like,Global on,1.0,112.0,0.008928571428571428,1.0,0.041666666666666664,ITI,ITI,3.0,4.0,Safety-like,Global on,0.0,0.00405844155844156,0.0,0.0,0.00405844155844156
18,3,3.0,1.0,Safety-like,Global off,1.0,77.0,0.012987012987012988,1.0,0.041666666666666664,CS-,ITI,3.0,1.0,Safety-like,Global off,1.0,112.0,0.008928571428571428,1.0,0.041666666666666664,ITI,CS-,3.0,1.0,Safety-like,Global off,0.0,0.00405844155844156,0.0,0.0,0.00405844155844156
18,12,3.0,3.0,Safety-like,Safety-like,1.0,77.0,0.012987012987012988,1.0,0.041666666666666664,ITI,CS-,3.0,3.0,Safety-like,Safety-like,1.0,112.0,0.008928571428571428,1.0,0.041666666666666664,CS+,CS+,3.0,3.0,Safety-like,Safety-like,0.0,0.00405844155844156,0.0,0.0,0.00405844155844156
23,29,4.0,2.0,Global on,Threat-like,3.0,73.0,0.0410958904109589,2.0,0.08333333333333333,ITI,ITI,4.0,2.0,Global on,Threat-like,5.0,111.0,0.04504504504504504,3.0,0.125,CS+,ITI,4.0,2.0,Global on,Threat-like,-2.0,-0.003949154634086141,-1.0,-0.04166666666666667,0.003949154634086141
23,30,4.0,4.0,Global on,Global on,3.0,73.0,0.0410958904109589,3.0,0.125,ITI,CS+,4.0,4.0,Global on,Global on,5.0,111.0,0.04504504504504504,3.0,0.125,ITI,ITI,4.0,4.0,Global on,Global on,-2.0,-0.003949154634086141,0.0,0.0,0.003949154634086141
29,5,2.0,1.0,Threat-like,Global off,4.0,172.0,0.023255813953488372,4.0,0.16666666666666666,ITI,ITI,2.0,1.0,Threat-like,Global off,4.0,207.0,0.01932367149758454,4.0,0.16666666666666666,ITI,ITI,2.0,1.0,Threat-like,Global off,0.0,0.003932142455903832,0.0,0.0,0.003932142455903832
29,14,2.0,2.0,Threat-like,Threat-like,4.0,172.0,0.023255813953488372,4.0,0.16666666666666666,CS+,ITI,2.0,2.0,Threat-like,Threat-like,4.0,207.0,0.01932367149758454,4.0,0.16666666666666666,ITI,CS+,2.0,2.0,Threat-like,Threat-like,0.0,0.003932142455903832,0.0,0.0,0.003932142455903832
19,26,3.0,4.0,Safety-like,Global on,2.0,120.0,0.016666666666666666,2.0,0.08333333333333333,CS+,ITI,3.0,4.0,Safety-like,Global on,2.0,157.0,0.012738853503184714,2.0,0.08333333333333333,ITI,CS-,3.0,4.0,Safety-like,Global on,0.0,0.003927813163481952,0.0,0.0,0.003927813163481952
19,15,3.0,2.0,Safety-like,Threat-like,2.0,120.0,0.016666666666666666,1.0,0.041666666666666664,CS-,CS+,3.0,2.0,Safety-like,Threat-like,2.0,157.0,0.012738853503184714,2.0,0.08333333333333333,ITI,CS-,3.0,2.0,Safety-like,Threat-like,0.0,0.003927813163481952,-1.0,-0.041666666666666664,0.003927813163481952
13,27,0.0,0.0,0,0,0.0,0.0,0.0,0.0,0.0,0,0,2.0,4.0,Threat-like,Global on,1.0,259.0,0.003861003861003861,1.0,0.041666666666666664,CS+,ITI,2.0,4.0,Threat-like,Global on,-1.0,-0.003861003861003861,-1.0,-0.041666666666666664,0.003861003861003861
29,18,2.0,3.0,Threat-like,Safety-like,1.0,172.0,0.005813953488372093,1.0,0.041666666666666664,CS-,ITI,2.0,3.0,Threat-like,Safety-like,2.0,207.0,0.00966183574879227,2.0,0.08333333333333333,CS+,CS-,2.0,3.0,Threat-like,Safety-like,-1.0,-0.003847882260420177,-1.0,-0.041666666666666664,0.003847882260420177
20,18,3.0,3.0,Safety-like,Safety-like,13.0,238.0,0.0546218487394958,7.0,0.2916666666666667,ITI,ITI,3.0,3.0,Safety-like,Safety-like,13.0,256.0,0.05078125,9.0,0.375,ITI,ITI,3.0,3.0,Safety-like,Safety-like,0.0,0.0038405987394957986,-2.0,-0.08333333333333331,0.0038405987394957986
21,3,1.0,1.0,Global off,Global off,1.0,89.0,0.011235955056179775,1.0,0.041666666666666664,ITI,ITI,1.0,1.0,Global off,Global off,1.0,135.0,0.007407407407407408,1.0,0.041666666666666664,CS-,CS-,1.0,1.0,Global off,Global off,0.0,0.0038285476487723673,0.0,0.0,0.0038285476487723673
6,22,1.0,4.0,Global off,Global on,1.0,88.0,0.011363636363636364,1.0,0.041666666666666664,CS+,CS+,1.0,4.0,Global off,Global on,1.0,66.0,0.015151515151515152,1.0,0.041666666666666664,ITI,ITI,1.0,4.0,Global off,Global on,0.0,-0.003787878787878788,0.0,0.0,0.003787878787878788
6,10,1.0,1.0,Global off,Global off,1.0,88.0,0.011363636363636364,1.0,0.041666666666666664,ITI,CS+,1.0,1.0,Global off,Global off,1.0,66.0,0.015151515151515152,1.0,0.041666666666666664,CS-,CS-,1.0,1.0,Global off,Global off,0.0,-0.003787878787878788,0.0,0.0,0.003787878787878788
6,7,1.0,1.0,Global off,Global off,1.0,88.0,0.011363636363636364,1.0,0.041666666666666664,ITI,ITI,1.0,1.0,Global off,Global off,1.0,66.0,0.015151515151515152,1.0,0.041666666666666664,ITI,ITI,1.0,1.0,Global off,Global off,0.0,-0.003787878787878788,0.0,0.0,0.003787878787878788
6,5,1.0,1.0,Global off,Global off,7.0,88.0,0.07954545454545454,6.0,0.25,CS-,CS-,1.0,1.0,Global off,Global off,5.0,66.0,0.07575757575757576,5.0,0.20833333333333334,ITI,CS-,1.0,1.0,Global off,Global off,2.0,0.0037878787878787845,1.0,0.04166666666666666,0.0037878787878787845
6,18,1.0,3.0,Global off,Safety-like,3.0,88.0,0.03409090909090909,3.0,0.125,ITI,ITI,1.0,3.0,Global off,Safety-like,2.0,66.0,0.030303030303030304,2.0,0.08333333333333333,CS+,CS+,1.0,3.0,Global off,Safety-like,1.0,0.0037878787878787845,1.0,0.04166666666666667,0.0037878787878787845
6,20,1.0,3.0,Global off,Safety-like,3.0,88.0,0.03409090909090909,3.0,0.125,ITI,CS+,1.0,3.0,Global off,Safety-like,2.0,66.0,0.030303030303030304,2.0,0.08333333333333333,CS-,ITI,1.0,3.0,Global off,Safety-like,1.0,0.0037878787878787845,1.0,0.04166666666666667,0.0037878787878787845
31,22,4.0,4.0,Global on,Global on,1.0,206.0,0.0048543689320388345,1.0,0.041666666666666664,ITI,CS+,4.0,4.0,Global on,Global on,2.0,232.0,0.008620689655172414,2.0,0.08333333333333333,CS+,ITI,4.0,4.0,Global on,Global on,-1.0,-0.003766320723133579,-1.0,-0.041666666666666664,0.003766320723133579
16,11,4.0,1.0,Global on,Global off,2.0,182.0,0.01098901098901099,2.0,0.08333333333333333,CS+,CS+,4.0,1.0,Global on,Global off,3.0,204.0,0.014705882352941176,3.0,0.125,CS+,CS+,4.0,1.0,Global on,Global off,-1.0,-0.0037168713639301864,-1.0,-0.04166666666666667,0.0037168713639301864
16,22,4.0,4.0,Global on,Global on,2.0,182.0,0.01098901098901099,2.0,0.08333333333333333,CS-,CS-,4.0,4.0,Global on,Global on,3.0,204.0,0.014705882352941176,3.0,0.125,ITI,ITI,4.0,4.0,Global on,Global on,-1.0,-0.0037168713639301864,-1.0,-0.04166666666666667,0.0037168713639301864
16,26,4.0,4.0,Global on,Global on,2.0,182.0,0.01098901098901099,2.0,0.08333333333333333,CS+,CS+,4.0,4.0,Global on,Global on,3.0,204.0,0.014705882352941176,2.0,0.08333333333333333,CS+,CS+,4.0,4.0,Global on,Global on,-1.0,-0.0037168713639301864,0.0,0.0,0.0037168713639301864
21,8,1.0,3.0,Global off,Safety-like,1.0,89.0,0.011235955056179775,1.0,0.041666666666666664,CS+,CS+,1.0,3.0,Global off,Safety-like,2.0,135.0,0.014814814814814815,2.0,0.08333333333333333,CS+,CS-,1.0,3.0,Global off,Safety-like,-1.0,-0.0035788597586350404,-1.0,-0.041666666666666664,0.0035788597586350404
15,12,2.0,3.0,Threat-like,Safety-like,2.0,84.0,0.023809523809523808,2.0,0.08333333333333333,CS+,CS+,2.0,3.0,Threat-like,Safety-like,3.0,110.0,0.02727272727272727,3.0,0.125,CS+,ITI,2.0,3.0,Threat-like,Safety-like,-1.0,-0.003463203463203463,-1.0,-0.04166666666666667,0.003463203463203463
27,18,4.0,3.0,Global on,Safety-like,4.0,90.0,0.044444444444444446,4.0,0.16666666666666666,ITI,ITI,4.0,3.0,Global on,Safety-like,3.0,73.0,0.0410958904109589,2.0,0.08333333333333333,ITI,ITI,4.0,3.0,Global on,Safety-like,1.0,0.0033485540334855443,2.0,0.08333333333333333,0.0033485540334855443
16,4,4.0,3.0,Global on,Safety-like,11.0,182.0,0.06043956043956044,9.0,0.375,CS-,ITI,4.0,3.0,Global on,Safety-like,13.0,204.0,0.06372549019607843,8.0,0.3333333333333333,CS-,ITI,4.0,3.0,Global on,Safety-like,-2.0,-0.003285929756517987,1.0,0.041666666666666685,0.003285929756517987
30,4,4.0,3.0,Global on,Safety-like,3.0,95.0,0.031578947368421054,3.0,0.125,ITI,ITI,4.0,3.0,Global on,Safety-like,3.0,106.0,0.02830188679245283,3.0,0.125,ITI,CS+,4.0,3.0,Global on,Safety-like,0.0,0.003277060575968223,0.0,0.0,0.003277060575968223
5,8,1.0,3.0,Global off,Safety-like,8.0,184.0,0.043478260869565216,7.0,0.2916666666666667,ITI,ITI,1.0,3.0,Global off,Safety-like,7.0,174.0,0.040229885057471264,7.0,0.2916666666666667,ITI,ITI,1.0,3.0,Global off,Safety-like,1.0,0.0032483758120939524,0.0,0.0,0.0032483758120939524
31,21,4.0,1.0,Global on,Global off,2.0,206.0,0.009708737864077669,2.0,0.08333333333333333,ITI,ITI,4.0,1.0,Global on,Global off,3.0,232.0,0.01293103448275862,3.0,0.125,CS-,CS-,4.0,1.0,Global on,Global off,-1.0,-0.0032222966186809514,-1.0,-0.04166666666666667,0.0032222966186809514
5,7,1.0,1.0,Global off,Global off,10.0,184.0,0.05434782608695652,5.0,0.20833333333333334,ITI,CS-,1.0,1.0,Global off,Global off,10.0,174.0,0.05747126436781609,7.0,0.2916666666666667,ITI,ITI,1.0,1.0,Global off,Global off,0.0,-0.003123438280859571,-2.0,-0.08333333333333334,0.003123438280859571
32,17,4.0,1.0,Global on,Global off,13.0,400.0,0.0325,11.0,0.4583333333333333,ITI,ITI,4.0,1.0,Global on,Global off,14.0,393.0,0.035623409669211195,9.0,0.375,CS+,ITI,4.0,1.0,Global on,Global off,-1.0,-0.003123409669211194,2.0,0.08333333333333331,0.003123409669211194
14,19,2.0,3.0,Threat-like,Safety-like,2.0,138.0,0.014492753623188406,2.0,0.08333333333333333,CS+,CS+,2.0,3.0,Threat-like,Safety-like,3.0,171.0,0.017543859649122806,3.0,0.125,CS+,CS+,2.0,3.0,Threat-like,Safety-like,-1.0,-0.0030511060259344,-1.0,-0.04166666666666667,0.0030511060259344
20,21,3.0,1.0,Safety-like,Global off,3.0,238.0,0.012605042016806723,3.0,0.125,CS+,ITI,3.0,1.0,Safety-like,Global off,4.0,256.0,0.015625,4.0,0.16666666666666666,ITI,ITI,3.0,1.0,Safety-like,Global off,-1.0,-0.003019957983193277,-1.0,-0.04166666666666666,0.003019957983193277
20,30,3.0,4.0,Safety-like,Global on,3.0,238.0,0.012605042016806723,1.0,0.041666666666666664,ITI,CS-,3.0,4.0,Safety-like,Global on,4.0,256.0,0.015625,4.0,0.16666666666666666,CS+,CS+,3.0,4.0,Safety-like,Global on,-1.0,-0.003019957983193277,-3.0,-0.125,0.003019957983193277
17,11,1.0,1.0,Global off,Global off,2.0,173.0,0.011560693641618497,2.0,0.08333333333333333,ITI,ITI,1.0,1.0,Global off,Global off,3.0,206.0,0.014563106796116505,3.0,0.125,ITI,ITI,1.0,1.0,Global off,Global off,-1.0,-0.003002413154498009,-1.0,-0.04166666666666667,0.003002413154498009
17,22,1.0,4.0,Global off,Global on,2.0,173.0,0.011560693641618497,2.0,0.08333333333333333,ITI,ITI,1.0,4.0,Global off,Global on,3.0,206.0,0.014563106796116505,3.0,0.125,ITI,ITI,1.0,4.0,Global off,Global on,-1.0,-0.003002413154498009,-1.0,-0.04166666666666667,0.003002413154498009
16,20,4.0,3.0,Global on,Safety-like,5.0,182.0,0.027472527472527472,5.0,0.20833333333333334,ITI,ITI,4.0,3.0,Global on,Safety-like,5.0,204.0,0.024509803921568627,5.0,0.20833333333333334,CS+,CS+,4.0,3.0,Global on,Safety-like,0.0,0.002962723550958845,0.0,0.0,0.002962723550958845
29,3,2.0,1.0,Threat-like,Global off,3.0,172.0,0.01744186046511628,2.0,0.08333333333333333,CS+,CS+,2.0,1.0,Threat-like,Global off,3.0,207.0,0.014492753623188406,2.0,0.08333333333333333,ITI,ITI,2.0,1.0,Threat-like,Global off,0.0,0.002949106841927873,0.0,0.0,0.002949106841927873
19,4,3.0,3.0,Safety-like,Safety-like,5.0,120.0,0.041666666666666664,4.0,0.16666666666666666,ITI,ITI,3.0,3.0,Safety-like,Safety-like,7.0,157.0,0.044585987261146494,5.0,0.20833333333333334,CS-,CS-,3.0,3.0,Safety-like,Safety-like,-2.0,-0.0029193205944798295,-1.0,-0.041666666666666685,0.0029193205944798295
29,8,2.0,3.0,Threat-like,Safety-like,2.0,172.0,0.011627906976744186,1.0,0.041666666666666664,CS+,ITI,2.0,3.0,Threat-like,Safety-like,3.0,207.0,0.014492753623188406,3.0,0.125,CS-,CS-,2.0,3.0,Threat-like,Safety-like,-1.0,-0.00286484664644422,-2.0,-0.08333333333333334,0.00286484664644422
15,19,2.0,3.0,Threat-like,Safety-like,1.0,84.0,0.011904761904761904,1.0,0.041666666666666664,ITI,ITI,2.0,3.0,Threat-like,Safety-like,1.0,110.0,0.00909090909090909,1.0,0.041666666666666664,CS+,ITI,2.0,3.0,Threat-like,Safety-like,0.0,0.0028138528138528136,0.0,0.0,0.0028138528138528136
14,18,2.0,3.0,Threat-like,Safety-like,2.0,138.0,0.014492753623188406,2.0,0.08333333333333333,ITI,ITI,2.0,3.0,Threat-like,Safety-like,2.0,171.0,0.011695906432748537,2.0,0.08333333333333333,CS-,CS-,2.0,3.0,Threat-like,Safety-like,0.0,0.0027968471904398686,0.0,0.0,0.0027968471904398686
17,7,1.0,1.0,Global off,Global off,3.0,173.0,0.017341040462427744,3.0,0.125,ITI,ITI,1.0,1.0,Global off,Global off,3.0,206.0,0.014563106796116505,3.0,0.125,ITI,ITI,1.0,1.0,Global off,Global off,0.0,0.0027779336663112386,0.0,0.0,0.0027779336663112386
17,30,1.0,4.0,Global off,Global on,3.0,173.0,0.017341040462427744,3.0,0.125,ITI,CS+,1.0,4.0,Global off,Global on,3.0,206.0,0.014563106796116505,3.0,0.125,ITI,ITI,1.0,4.0,Global off,Global on,0.0,0.0027779336663112386,0.0,0.0,0.0027779336663112386
2,12,1.0,3.0,Global off,Safety-like,3.0,208.0,0.014423076923076924,3.0,0.125,CS+,CS+,1.0,3.0,Global off,Safety-like,4.0,233.0,0.017167381974248927,3.0,0.125,CS-,ITI,1.0,3.0,Global off,Safety-like,-1.0,-0.002744305051172003,0.0,0.0,0.002744305051172003
20,9,3.0,1.0,Safety-like,Global off,4.0,238.0,0.01680672268907563,3.0,0.125,ITI,CS-,3.0,1.0,Safety-like,Global off,5.0,256.0,0.01953125,5.0,0.20833333333333334,ITI,ITI,3.0,1.0,Safety-like,Global off,-1.0,-0.0027245273109243705,-2.0,-0.08333333333333334,0.0027245273109243705
31,17,4.0,1.0,Global on,Global off,5.0,206.0,0.024271844660194174,3.0,0.125,ITI,ITI,4.0,1.0,Global on,Global off,5.0,232.0,0.021551724137931036,5.0,0.20833333333333334,ITI,ITI,4.0,1.0,Global on,Global off,0.0,0.0027201205222631385,-2.0,-0.08333333333333334,0.0027201205222631385
12,28,3.0,4.0,Safety-like,Global on,3.0,64.0,0.046875,3.0,0.125,ITI,ITI,3.0,4.0,Safety-like,Global on,6.0,121.0,0.049586776859504134,6.0,0.25,ITI,ITI,3.0,4.0,Safety-like,Global on,-3.0,-0.0027117768595041336,-3.0,-0.125,0.0027117768595041336
32,6,4.0,1.0,Global on,Global off,3.0,400.0,0.0075,3.0,0.125,CS+,CS+,4.0,1.0,Global on,Global off,4.0,393.0,0.010178117048346057,4.0,0.16666666666666666,CS-,CS-,4.0,1.0,Global on,Global off,-1.0,-0.002678117048346057,-1.0,-0.04166666666666666,0.002678117048346057
26,30,4.0,4.0,Global on,Global on,2.0,59.0,0.03389830508474576,2.0,0.08333333333333333,ITI,ITI,4.0,4.0,Global on,Global on,2.0,64.0,0.03125,2.0,0.08333333333333333,ITI,CS-,4.0,4.0,Global on,Global on,0.0,0.0026483050847457626,0.0,0.0,0.0026483050847457626
26,19,4.0,3.0,Global on,Safety-like,2.0,59.0,0.03389830508474576,2.0,0.08333333333333333,ITI,ITI,4.0,3.0,Global on,Safety-like,2.0,64.0,0.03125,1.0,0.041666666666666664,ITI,ITI,4.0,3.0,Global on,Safety-like,0.0,0.0026483050847457626,1.0,0.041666666666666664,0.0026483050847457626
1,13,1.0,2.0,Global off,Threat-like,25.0,385.0,0.06493506493506493,15.0,0.625,ITI,ITI,1.0,2.0,Global off,Threat-like,26.0,385.0,0.06753246753246753,16.0,0.6666666666666666,ITI,ITI,1.0,2.0,Global off,Threat-like,-1.0,-0.0025974025974025983,-1.0,-0.04166666666666663,0.0025974025974025983
1,26,1.0,4.0,Global off,Global on,4.0,385.0,0.01038961038961039,4.0,0.16666666666666666,ITI,ITI,1.0,4.0,Global off,Global on,5.0,385.0,0.012987012987012988,5.0,0.20833333333333334,ITI,ITI,1.0,4.0,Global off,Global on,-1.0,-0.0025974025974025983,-1.0,-0.041666666666666685,0.0025974025974025983
1,21,1.0,1.0,Global off,Global off,11.0,385.0,0.02857142857142857,11.0,0.4583333333333333,CS+,ITI,1.0,1.0,Global off,Global off,12.0,385.0,0.03116883116883117,9.0,0.375,ITI,ITI,1.0,1.0,Global off,Global off,-1.0,-0.0025974025974025983,2.0,0.08333333333333331,0.0025974025974025983
1,8,1.0,3.0,Global off,Safety-like,7.0,385.0,0.01818181818181818,6.0,0.25,ITI,CS+,1.0,3.0,Global off,Safety-like,8.0,385.0,0.02077922077922078,7.0,0.2916666666666667,ITI,ITI,1.0,3.0,Global off,Safety-like,-1.0,-0.0025974025974025983,-1.0,-0.041666666666666685,0.0025974025974025983
1,25,1.0,1.0,Global off,Global off,8.0,385.0,0.02077922077922078,7.0,0.2916666666666667,ITI,ITI,1.0,1.0,Global off,Global off,7.0,385.0,0.01818181818181818,6.0,0.25,CS+,ITI,1.0,1.0,Global off,Global off,1.0,0.0025974025974025983,1.0,0.041666666666666685,0.0025974025974025983
1,31,1.0,4.0,Global off,Global on,15.0,385.0,0.03896103896103896,12.0,0.5,ITI,ITI,1.0,4.0,Global off,Global on,16.0,385.0,0.04155844155844156,11.0,0.4583333333333333,ITI,ITI,1.0,4.0,Global off,Global on,-1.0,-0.0025974025974025983,1.0,0.041666666666666685,0.0025974025974025983
1,29,1.0,2.0,Global off,Threat-like,15.0,385.0,0.03896103896103896,11.0,0.4583333333333333,ITI,ITI,1.0,2.0,Global off,Threat-like,16.0,385.0,0.04155844155844156,11.0,0.4583333333333333,ITI,ITI,1.0,2.0,Global off,Threat-like,-1.0,-0.0025974025974025983,0.0,0.0,0.0025974025974025983
1,30,1.0,4.0,Global off,Global on,2.0,385.0,0.005194805194805195,2.0,0.08333333333333333,ITI,CS+,1.0,4.0,Global off,Global on,3.0,385.0,0.007792207792207792,2.0,0.08333333333333333,ITI,CS+,1.0,4.0,Global off,Global on,-1.0,-0.0025974025974025974,0.0,0.0,0.0025974025974025974
1,7,1.0,1.0,Global off,Global off,3.0,385.0,0.007792207792207792,3.0,0.125,CS-,ITI,1.0,1.0,Global off,Global off,4.0,385.0,0.01038961038961039,4.0,0.16666666666666666,ITI,ITI,1.0,1.0,Global off,Global off,-1.0,-0.0025974025974025974,-1.0,-0.04166666666666666,0.0025974025974025974
1,23,1.0,4.0,Global off,Global on,6.0,385.0,0.015584415584415584,6.0,0.25,CS-,CS-,1.0,4.0,Global off,Global on,7.0,385.0,0.01818181818181818,6.0,0.25,CS-,ITI,1.0,4.0,Global off,Global on,-1.0,-0.0025974025974025965,0.0,0.0,0.0025974025974025965
1,14,1.0,2.0,Global off,Threat-like,11.0,385.0,0.02857142857142857,10.0,0.4166666666666667,ITI,ITI,1.0,2.0,Global off,Threat-like,10.0,385.0,0.025974025974025976,7.0,0.2916666666666667,ITI,ITI,1.0,2.0,Global off,Threat-like,1.0,0.002597402597402595,3.0,0.125,0.002597402597402595
27,23,4.0,4.0,Global on,Global on,1.0,90.0,0.011111111111111112,1.0,0.041666666666666664,ITI,ITI,4.0,4.0,Global on,Global on,1.0,73.0,0.0136986301369863,1.0,0.041666666666666664,ITI,CS+,4.0,4.0,Global on,Global on,0.0,-0.002587519025875189,0.0,0.0,0.002587519025875189
27,30,4.0,4.0,Global on,Global on,1.0,90.0,0.011111111111111112,1.0,0.041666666666666664,CS-,CS-,4.0,4.0,Global on,Global on,1.0,73.0,0.0136986301369863,1.0,0.041666666666666664,CS-,ITI,4.0,4.0,Global on,Global on,0.0,-0.002587519025875189,0.0,0.0,0.002587519025875189
27,3,4.0,1.0,Global on,Global off,1.0,90.0,0.011111111111111112,1.0,0.041666666666666664,ITI,ITI,4.0,1.0,Global on,Global off,1.0,73.0,0.0136986301369863,1.0,0.041666666666666664,CS-,ITI,4.0,1.0,Global on,Global off,0.0,-0.002587519025875189,0.0,0.0,0.002587519025875189
27,12,4.0,3.0,Global on,Safety-like,1.0,90.0,0.011111111111111112,1.0,0.041666666666666664,CS+,ITI,4.0,3.0,Global on,Safety-like,1.0,73.0,0.0136986301369863,1.0,0.041666666666666664,ITI,ITI,4.0,3.0,Global on,Safety-like,0.0,-0.002587519025875189,0.0,0.0,0.002587519025875189
14,9,2.0,1.0,Threat-like,Global off,6.0,138.0,0.043478260869565216,5.0,0.20833333333333334,CS+,ITI,2.0,1.0,Threat-like,Global off,7.0,171.0,0.04093567251461988,5.0,0.20833333333333334,ITI,ITI,2.0,1.0,Threat-like,Global off,-1.0,0.0025425883549453354,0.0,0.0,0.0025425883549453354
16,21,4.0,1.0,Global on,Global off,4.0,182.0,0.02197802197802198,4.0,0.16666666666666666,CS-,ITI,4.0,1.0,Global on,Global off,5.0,204.0,0.024509803921568627,4.0,0.16666666666666666,ITI,CS+,4.0,1.0,Global on,Global off,-1.0,-0.0025317819435466474,0.0,0.0,0.0025317819435466474
18,19,3.0,3.0,Safety-like,Safety-like,5.0,77.0,0.06493506493506493,5.0,0.20833333333333334,ITI,ITI,3.0,3.0,Safety-like,Safety-like,7.0,112.0,0.0625,7.0,0.2916666666666667,ITI,ITI,3.0,3.0,Safety-like,Safety-like,-2.0,0.002435064935064929,-2.0,-0.08333333333333334,0.002435064935064929
9,17,1.0,1.0,Global off,Global off,7.0,147.0,0.047619047619047616,5.0,0.20833333333333334,ITI,ITI,1.0,1.0,Global off,Global off,7.0,140.0,0.05,7.0,0.2916666666666667,CS+,ITI,1.0,1.0,Global off,Global off,0.0,-0.0023809523809523864,-2.0,-0.08333333333333334,0.0023809523809523864
16,30,4.0,4.0,Global on,Global on,4.0,182.0,0.02197802197802198,3.0,0.125,ITI,CS+,4.0,4.0,Global on,Global on,4.0,204.0,0.0196078431372549,4.0,0.16666666666666666,ITI,CS-,4.0,4.0,Global on,Global on,0.0,0.002370178840767078,-1.0,-0.04166666666666666,0.002370178840767078
16,10,4.0,1.0,Global on,Global off,4.0,182.0,0.02197802197802198,4.0,0.16666666666666666,ITI,ITI,4.0,1.0,Global on,Global off,4.0,204.0,0.0196078431372549,3.0,0.125,CS-,CS-,4.0,1.0,Global on,Global off,0.0,0.002370178840767078,1.0,0.04166666666666666,0.002370178840767078
32,22,4.0,4.0,Global on,Global on,4.0,400.0,0.01,4.0,0.16666666666666666,CS+,ITI,4.0,4.0,Global on,Global on,3.0,393.0,0.007633587786259542,2.0,0.08333333333333333,ITI,CS+,4.0,4.0,Global on,Global on,1.0,0.0023664122137404585,2.0,0.08333333333333333,0.0023664122137404585
13,7,2.0,1.0,Threat-like,Global off,6.0,243.0,0.024691358024691357,6.0,0.25,CS-,CS-,2.0,1.0,Threat-like,Global off,7.0,259.0,0.02702702702702703,5.0,0.20833333333333334,ITI,ITI,2.0,1.0,Threat-like,Global off,-1.0,-0.002335669002335672,1.0,0.04166666666666666,0.002335669002335672
8,24,3.0,4.0,Safety-like,Global on,5.0,93.0,0.053763440860215055,5.0,0.20833333333333334,CS+,ITI,3.0,4.0,Safety-like,Global on,6.0,107.0,0.056074766355140186,5.0,0.20833333333333334,ITI,CS+,3.0,4.0,Safety-like,Global on,-1.0,-0.0023113254949251316,0.0,0.0,0.0023113254949251316
3,16,1.0,4.0,Global off,Global on,4.0,99.0,0.04040404040404041,4.0,0.16666666666666666,ITI,CS-,1.0,4.0,Global off,Global on,4.0,105.0,0.0380952380952381,4.0,0.16666666666666666,ITI,CS-,1.0,4.0,Global off,Global on,0.0,0.002308802308802309,0.0,0.0,0.002308802308802309
4,2,3.0,1.0,Safety-like,Global off,15.0,195.0,0.07692307692307693,12.0,0.5,ITI,ITI,3.0,1.0,Safety-like,Global off,16.0,202.0,0.07920792079207921,11.0,0.4583333333333333,ITI,ITI,3.0,1.0,Safety-like,Global off,-1.0,-0.0022848438690022815,1.0,0.041666666666666685,0.0022848438690022815
2,23,1.0,4.0,Global off,Global on,4.0,208.0,0.019230769230769232,3.0,0.125,ITI,CS-,1.0,4.0,Global off,Global on,5.0,233.0,0.02145922746781116,4.0,0.16666666666666666,ITI,ITI,1.0,4.0,Global off,Global on,-1.0,-0.002228458237041927,-1.0,-0.04166666666666666,0.002228458237041927
32,21,4.0,1.0,Global on,Global off,8.0,400.0,0.02,7.0,0.2916666666666667,ITI,ITI,4.0,1.0,Global on,Global off,7.0,393.0,0.017811704834605598,6.0,0.25,ITI,CS-,4.0,1.0,Global on,Global off,1.0,0.002188295165394403,1.0,0.041666666666666685,0.002188295165394403
30,8,4.0,3.0,Global on,Safety-like,2.0,95.0,0.021052631578947368,2.0,0.08333333333333333,ITI,CS-,4.0,3.0,Global on,Safety-like,2.0,106.0,0.018867924528301886,1.0,0.041666666666666664,CS+,CS+,4.0,3.0,Global on,Safety-like,0.0,0.002184707050645482,1.0,0.041666666666666664,0.002184707050645482
30,21,4.0,1.0,Global on,Global off,2.0,95.0,0.021052631578947368,2.0,0.08333333333333333,CS-,CS-,4.0,1.0,Global on,Global off,2.0,106.0,0.018867924528301886,2.0,0.08333333333333333,CS+,CS+,4.0,1.0,Global on,Global off,0.0,0.002184707050645482,0.0,0.0,0.002184707050645482
31,11,4.0,1.0,Global on,Global off,4.0,206.0,0.019417475728155338,3.0,0.125,ITI,CS+,4.0,1.0,Global on,Global off,4.0,232.0,0.017241379310344827,4.0,0.16666666666666666,CS-,ITI,4.0,1.0,Global on,Global off,0.0,0.0021760964178105108,-1.0,-0.04166666666666666,0.0021760964178105108
31,5,4.0,1.0,Global on,Global off,4.0,206.0,0.019417475728155338,3.0,0.125,CS-,CS-,4.0,1.0,Global on,Global off,4.0,232.0,0.017241379310344827,4.0,0.16666666666666666,ITI,ITI,4.0,1.0,Global on,Global off,0.0,0.0021760964178105108,-1.0,-0.04166666666666666,0.0021760964178105108
32,9,4.0,1.0,Global on,Global off,10.0,400.0,0.025,9.0,0.375,CS-,ITI,4.0,1.0,Global on,Global off,9.0,393.0,0.022900763358778626,8.0,0.3333333333333333,CS+,ITI,4.0,1.0,Global on,Global off,1.0,0.0020992366412213755,1.0,0.041666666666666685,0.0020992366412213755
32,27,4.0,4.0,Global on,Global on,10.0,400.0,0.025,8.0,0.3333333333333333,ITI,ITI,4.0,4.0,Global on,Global on,9.0,393.0,0.022900763358778626,7.0,0.2916666666666667,ITI,ITI,4.0,4.0,Global on,Global on,1.0,0.0020992366412213755,1.0,0.04166666666666663,0.0020992366412213755
17,27,1.0,4.0,Global off,Global on,3.0,173.0,0.017341040462427744,3.0,0.125,ITI,ITI,1.0,4.0,Global off,Global on,4.0,206.0,0.019417475728155338,4.0,0.16666666666666666,ITI,ITI,1.0,4.0,Global off,Global on,-1.0,-0.002076435265727594,-1.0,-0.04166666666666666,0.002076435265727594
17,5,1.0,1.0,Global off,Global off,3.0,173.0,0.017341040462427744,3.0,0.125,ITI,ITI,1.0,1.0,Global off,Global off,4.0,206.0,0.019417475728155338,4.0,0.16666666666666666,ITI,ITI,1.0,1.0,Global off,Global off,-1.0,-0.002076435265727594,-1.0,-0.04166666666666666,0.002076435265727594
2,30,1.0,4.0,Global off,Global on,4.0,208.0,0.019230769230769232,4.0,0.16666666666666666,ITI,CS+,1.0,4.0,Global off,Global on,4.0,233.0,0.017167381974248927,4.0,0.16666666666666666,CS+,ITI,1.0,4.0,Global off,Global on,0.0,0.002063387256520305,0.0,0.0,0.002063387256520305
29,25,2.0,1.0,Threat-like,Global off,7.0,172.0,0.040697674418604654,6.0,0.25,ITI,ITI,2.0,1.0,Threat-like,Global off,8.0,207.0,0.03864734299516908,6.0,0.25,ITI,ITI,2.0,1.0,Threat-like,Global off,-1.0,0.002050331423435574,0.0,0.0,0.002050331423435574
29,22,2.0,4.0,Threat-like,Global on,2.0,172.0,0.011627906976744186,2.0,0.08333333333333333,CS+,ITI,2.0,4.0,Threat-like,Global on,2.0,207.0,0.00966183574879227,2.0,0.08333333333333333,CS-,ITI,2.0,4.0,Threat-like,Global on,0.0,0.001966071227951916,0.0,0.0,0.001966071227951916
29,23,2.0,4.0,Threat-like,Global on,2.0,172.0,0.011627906976744186,2.0,0.08333333333333333,ITI,CS-,2.0,4.0,Threat-like,Global on,2.0,207.0,0.00966183574879227,2.0,0.08333333333333333,CS+,CS+,2.0,4.0,Threat-like,Global on,0.0,0.001966071227951916,0.0,0.0,0.001966071227951916
29,7,2.0,1.0,Threat-like,Global off,2.0,172.0,0.011627906976744186,2.0,0.08333333333333333,CS-,CS-,2.0,1.0,Threat-like,Global off,2.0,207.0,0.00966183574879227,2.0,0.08333333333333333,CS+,ITI,2.0,1.0,Threat-like,Global off,0.0,0.001966071227951916,0.0,0.0,0.001966071227951916
19,3,3.0,1.0,Safety-like,Global off,1.0,120.0,0.008333333333333333,1.0,0.041666666666666664,ITI,CS+,3.0,1.0,Safety-like,Global off,1.0,157.0,0.006369426751592357,1.0,0.041666666666666664,ITI,ITI,3.0,1.0,Safety-like,Global off,0.0,0.001963906581740976,0.0,0.0,0.001963906581740976
19,13,3.0,2.0,Safety-like,Threat-like,1.0,120.0,0.008333333333333333,1.0,0.041666666666666664,ITI,ITI,3.0,2.0,Safety-like,Threat-like,1.0,157.0,0.006369426751592357,1.0,0.041666666666666664,ITI,CS-,3.0,2.0,Safety-like,Threat-like,0.0,0.001963906581740976,0.0,0.0,0.001963906581740976
19,7,3.0,1.0,Safety-like,Global off,1.0,120.0,0.008333333333333333,1.0,0.041666666666666664,ITI,CS+,3.0,1.0,Safety-like,Global off,1.0,157.0,0.006369426751592357,1.0,0.041666666666666664,ITI,CS+,3.0,1.0,Safety-like,Global off,0.0,0.001963906581740976,0.0,0.0,0.001963906581740976
29,6,2.0,1.0,Threat-like,Global off,3.0,172.0,0.01744186046511628,3.0,0.125,ITI,CS+,2.0,1.0,Threat-like,Global off,4.0,207.0,0.01932367149758454,4.0,0.16666666666666666,ITI,CS+,2.0,1.0,Threat-like,Global off,-1.0,-0.0018818110324682613,-1.0,-0.04166666666666666,0.0018818110324682613
17,12,1.0,3.0,Global off,Safety-like,2.0,173.0,0.011560693641618497,2.0,0.08333333333333333,CS+,CS-,1.0,3.0,Global off,Safety-like,2.0,206.0,0.009708737864077669,2.0,0.08333333333333333,CS-,CS-,1.0,3.0,Global off,Safety-like,0.0,0.0018519557775408275,0.0,0.0,0.0018519557775408275
17,26,1.0,4.0,Global off,Global on,2.0,173.0,0.011560693641618497,2.0,0.08333333333333333,ITI,CS+,1.0,4.0,Global off,Global on,2.0,206.0,0.009708737864077669,2.0,0.08333333333333333,CS-,ITI,1.0,4.0,Global off,Global on,0.0,0.0018519557775408275,0.0,0.0,0.0018519557775408275
27,1,4.0,1.0,Global on,Global off,6.0,90.0,0.06666666666666667,6.0,0.25,ITI,ITI,4.0,1.0,Global on,Global off,5.0,73.0,0.0684931506849315,5.0,0.20833333333333334,ITI,ITI,4.0,1.0,Global on,Global off,1.0,-0.0018264840182648373,1.0,0.04166666666666666,0.0018264840182648373
3,24,1.0,4.0,Global off,Global on,3.0,99.0,0.030303030303030304,2.0,0.08333333333333333,ITI,ITI,1.0,4.0,Global off,Global on,3.0,105.0,0.02857142857142857,3.0,0.125,CS+,ITI,1.0,4.0,Global off,Global on,0.0,0.0017316017316017333,-1.0,-0.04166666666666667,0.0017316017316017333
25,11,1.0,1.0,Global off,Global off,1.0,122.0,0.00819672131147541,1.0,0.041666666666666664,CS+,ITI,1.0,1.0,Global off,Global off,1.0,101.0,0.009900990099009901,1.0,0.041666666666666664,ITI,ITI,1.0,1.0,Global off,Global off,0.0,-0.0017042687875344908,0.0,0.0,0.0017042687875344908
25,26,1.0,4.0,Global off,Global on,1.0,122.0,0.00819672131147541,1.0,0.041666666666666664,ITI,ITI,1.0,4.0,Global off,Global on,1.0,101.0,0.009900990099009901,1.0,0.041666666666666664,ITI,ITI,1.0,4.0,Global off,Global on,0.0,-0.0017042687875344908,0.0,0.0,0.0017042687875344908
16,14,4.0,2.0,Global on,Threat-like,11.0,182.0,0.06043956043956044,9.0,0.375,CS+,ITI,4.0,2.0,Global on,Threat-like,12.0,204.0,0.058823529411764705,9.0,0.375,CS+,CS+,4.0,2.0,Global on,Threat-like,-1.0,0.0016160310277957349,0.0,0.0,0.0016160310277957349
31,27,4.0,4.0,Global on,Global on,5.0,206.0,0.024271844660194174,5.0,0.20833333333333334,ITI,ITI,4.0,4.0,Global on,Global on,6.0,232.0,0.02586206896551724,5.0,0.20833333333333334,ITI,ITI,4.0,4.0,Global on,Global on,-1.0,-0.0015902243053230666,0.0,0.0,0.0015902243053230666
5,21,1.0,1.0,Global off,Global off,5.0,184.0,0.02717391304347826,5.0,0.20833333333333334,ITI,ITI,1.0,1.0,Global off,Global off,5.0,174.0,0.028735632183908046,4.0,0.16666666666666666,ITI,ITI,1.0,1.0,Global off,Global off,0.0,-0.0015617191404297855,1.0,0.041666666666666685,0.0015617191404297855
2,21,1.0,1.0,Global off,Global off,3.0,208.0,0.014423076923076924,3.0,0.125,ITI,ITI,1.0,1.0,Global off,Global off,3.0,233.0,0.012875536480686695,3.0,0.125,ITI,ITI,1.0,1.0,Global off,Global off,0.0,0.0015475404423902286,0.0,0.0,0.0015475404423902286
20,19,3.0,3.0,Safety-like,Safety-like,18.0,238.0,0.07563025210084033,10.0,0.4166666666666667,ITI,ITI,3.0,3.0,Safety-like,Safety-like,19.0,256.0,0.07421875,12.0,0.5,ITI,ITI,3.0,3.0,Safety-like,Safety-like,-1.0,0.0014115021008403311,-2.0,-0.08333333333333331,0.0014115021008403311
8,30,3.0,4.0,Safety-like,Global on,1.0,93.0,0.010752688172043012,1.0,0.041666666666666664,ITI,ITI,3.0,4.0,Safety-like,Global on,1.0,107.0,0.009345794392523364,1.0,0.041666666666666664,CS+,ITI,3.0,4.0,Safety-like,Global on,0.0,0.0014068937795196478,0.0,0.0,0.0014068937795196478
8,27,3.0,4.0,Safety-like,Global on,1.0,93.0,0.010752688172043012,1.0,0.041666666666666664,ITI,ITI,3.0,4.0,Safety-like,Global on,1.0,107.0,0.009345794392523364,1.0,0.041666666666666664,CS+,CS+,3.0,4.0,Safety-like,Global on,0.0,0.0014068937795196478,0.0,0.0,0.0014068937795196478
8,23,3.0,4.0,Safety-like,Global on,1.0,93.0,0.010752688172043012,1.0,0.041666666666666664,CS-,ITI,3.0,4.0,Safety-like,Global on,1.0,107.0,0.009345794392523364,1.0,0.041666666666666664,ITI,ITI,3.0,4.0,Safety-like,Global on,0.0,0.0014068937795196478,0.0,0.0,0.0014068937795196478
8,25,3.0,1.0,Safety-like,Global off,1.0,93.0,0.010752688172043012,1.0,0.041666666666666664,ITI,ITI,3.0,1.0,Safety-like,Global off,1.0,107.0,0.009345794392523364,1.0,0.041666666666666664,ITI,ITI,3.0,1.0,Safety-like,Global off,0.0,0.0014068937795196478,0.0,0.0,0.0014068937795196478
8,9,3.0,1.0,Safety-like,Global off,1.0,93.0,0.010752688172043012,1.0,0.041666666666666664,ITI,ITI,3.0,1.0,Safety-like,Global off,1.0,107.0,0.009345794392523364,1.0,0.041666666666666664,CS-,CS-,3.0,1.0,Safety-like,Global off,0.0,0.0014068937795196478,0.0,0.0,0.0014068937795196478
14,6,2.0,1.0,Threat-like,Global off,1.0,138.0,0.007246376811594203,1.0,0.041666666666666664,CS-,CS-,2.0,1.0,Threat-like,Global off,1.0,171.0,0.005847953216374269,1.0,0.041666666666666664,ITI,CS+,2.0,1.0,Threat-like,Global off,0.0,0.0013984235952199343,0.0,0.0,0.0013984235952199343
14,22,2.0,4.0,Threat-like,Global on,1.0,138.0,0.007246376811594203,1.0,0.041666666666666664,ITI,ITI,2.0,4.0,Threat-like,Global on,1.0,171.0,0.005847953216374269,1.0,0.041666666666666664,CS-,CS-,2.0,4.0,Threat-like,Global on,0.0,0.0013984235952199343,0.0,0.0,0.0013984235952199343
25,5,1.0,1.0,Global off,Global off,5.0,122.0,0.040983606557377046,4.0,0.16666666666666666,ITI,ITI,1.0,1.0,Global off,Global off,4.0,101.0,0.039603960396039604,3.0,0.125,CS-,CS-,1.0,1.0,Global off,Global off,1.0,0.0013796461613374417,1.0,0.04166666666666666,0.0013796461613374417
9,26,1.0,4.0,Global off,Global on,4.0,147.0,0.027210884353741496,3.0,0.125,ITI,ITI,1.0,4.0,Global off,Global on,4.0,140.0,0.02857142857142857,4.0,0.16666666666666666,CS+,ITI,1.0,4.0,Global off,Global on,0.0,-0.001360544217687075,-1.0,-0.04166666666666666,0.001360544217687075
28,1,4.0,1.0,Global on,Global off,8.0,171.0,0.04678362573099415,7.0,0.2916666666666667,ITI,ITI,4.0,1.0,Global on,Global off,8.0,176.0,0.045454545454545456,7.0,0.2916666666666667,CS+,ITI,4.0,1.0,Global on,Global off,0.0,0.0013290802764486936,0.0,0.0,0.0013290802764486936
13,6,2.0,1.0,Threat-like,Global off,5.0,243.0,0.0205761316872428,5.0,0.20833333333333334,ITI,CS+,2.0,1.0,Threat-like,Global off,5.0,259.0,0.019305019305019305,5.0,0.20833333333333334,CS-,ITI,2.0,1.0,Threat-like,Global off,0.0,0.0012711123822234938,0.0,0.0,0.0012711123822234938
5,6,1.0,1.0,Global off,Global off,4.0,184.0,0.021739130434782608,4.0,0.16666666666666666,ITI,ITI,1.0,1.0,Global off,Global off,4.0,174.0,0.022988505747126436,4.0,0.16666666666666666,ITI,ITI,1.0,1.0,Global off,Global off,0.0,-0.0012493753123438284,0.0,0.0,0.0012493753123438284
5,30,1.0,4.0,Global off,Global on,4.0,184.0,0.021739130434782608,4.0,0.16666666666666666,CS+,CS-,1.0,4.0,Global off,Global on,4.0,174.0,0.022988505747126436,3.0,0.125,ITI,ITI,1.0,4.0,Global off,Global on,0.0,-0.0012493753123438284,1.0,0.04166666666666666,0.0012493753123438284
20,25,3.0,1.0,Safety-like,Global off,4.0,238.0,0.01680672268907563,4.0,0.16666666666666666,ITI,ITI,3.0,1.0,Safety-like,Global off,4.0,256.0,0.015625,4.0,0.16666666666666666,ITI,ITI,3.0,1.0,Safety-like,Global off,0.0,0.0011817226890756295,0.0,0.0,0.0011817226890756295
3,28,1.0,4.0,Global off,Global on,2.0,99.0,0.020202020202020204,2.0,0.08333333333333333,CS-,CS-,1.0,4.0,Global off,Global on,2.0,105.0,0.01904761904761905,2.0,0.08333333333333333,CS+,CS-,1.0,4.0,Global off,Global on,0.0,0.0011544011544011544,0.0,0.0,0.0011544011544011544
17,15,1.0,2.0,Global off,Threat-like,4.0,173.0,0.023121387283236993,4.0,0.16666666666666666,ITI,CS+,1.0,2.0,Global off,Threat-like,5.0,206.0,0.024271844660194174,4.0,0.16666666666666666,ITI,ITI,1.0,2.0,Global off,Threat-like,-1.0,-0.0011504573769571813,0.0,0.0,0.0011504573769571813
14,15,2.0,2.0,Threat-like,Threat-like,5.0,138.0,0.036231884057971016,5.0,0.20833333333333334,ITI,CS-,2.0,2.0,Threat-like,Threat-like,6.0,171.0,0.03508771929824561,6.0,0.25,CS-,CS-,2.0,2.0,Threat-like,Threat-like,-1.0,0.0011441647597254037,-1.0,-0.04166666666666666,0.0011441647597254037
30,18,4.0,3.0,Global on,Safety-like,1.0,95.0,0.010526315789473684,1.0,0.041666666666666664,CS+,ITI,4.0,3.0,Global on,Safety-like,1.0,106.0,0.009433962264150943,1.0,0.041666666666666664,CS+,CS+,4.0,3.0,Global on,Safety-like,0.0,0.001092353525322741,0.0,0.0,0.001092353525322741
30,11,4.0,1.0,Global on,Global off,1.0,95.0,0.010526315789473684,1.0,0.041666666666666664,CS-,CS-,4.0,1.0,Global on,Global off,1.0,106.0,0.009433962264150943,1.0,0.041666666666666664,CS-,CS-,4.0,1.0,Global on,Global off,0.0,0.001092353525322741,0.0,0.0,0.001092353525322741
30,22,4.0,4.0,Global on,Global on,1.0,95.0,0.010526315789473684,1.0,0.041666666666666664,CS-,CS-,4.0,4.0,Global on,Global on,1.0,106.0,0.009433962264150943,1.0,0.041666666666666664,ITI,CS-,4.0,4.0,Global on,Global on,0.0,0.001092353525322741,0.0,0.0,0.001092353525322741
31,25,4.0,1.0,Global on,Global off,6.0,206.0,0.02912621359223301,6.0,0.25,ITI,CS+,4.0,1.0,Global on,Global off,7.0,232.0,0.03017241379310345,4.0,0.16666666666666666,ITI,ITI,4.0,1.0,Global on,Global off,-1.0,-0.001046200200870439,2.0,0.08333333333333334,0.001046200200870439
2,11,1.0,1.0,Global off,Global off,2.0,208.0,0.009615384615384616,2.0,0.08333333333333333,CS+,ITI,1.0,1.0,Global off,Global off,2.0,233.0,0.008583690987124463,2.0,0.08333333333333333,ITI,CS-,1.0,1.0,Global off,Global off,0.0,0.0010316936282601524,0.0,0.0,0.0010316936282601524
28,26,4.0,4.0,Global on,Global on,6.0,171.0,0.03508771929824561,5.0,0.20833333333333334,ITI,ITI,4.0,4.0,Global on,Global on,6.0,176.0,0.03409090909090909,5.0,0.20833333333333334,ITI,CS+,4.0,4.0,Global on,Global on,0.0,0.0009968102073365237,0.0,0.0,0.0009968102073365237
29,11,2.0,1.0,Threat-like,Global off,1.0,172.0,0.005813953488372093,1.0,0.041666666666666664,ITI,CS+,2.0,1.0,Threat-like,Global off,1.0,207.0,0.004830917874396135,1.0,0.041666666666666664,CS-,CS-,2.0,1.0,Threat-like,Global off,0.0,0.000983035613975958,0.0,0.0,0.000983035613975958
5,17,1.0,1.0,Global off,Global off,3.0,184.0,0.016304347826086956,3.0,0.125,ITI,ITI,1.0,1.0,Global off,Global off,3.0,174.0,0.017241379310344827,3.0,0.125,CS+,CS+,1.0,1.0,Global off,Global off,0.0,-0.0009370314842578713,0.0,0.0,0.0009370314842578713
8,20,3.0,3.0,Safety-like,Safety-like,6.0,93.0,0.06451612903225806,5.0,0.20833333333333334,ITI,ITI,3.0,3.0,Safety-like,Safety-like,7.0,107.0,0.06542056074766354,5.0,0.20833333333333334,CS-,ITI,3.0,3.0,Safety-like,Safety-like,-1.0,-0.0009044317154054821,0.0,0.0,0.0009044317154054821
12,26,3.0,4.0,Safety-like,Global on,1.0,64.0,0.015625,1.0,0.041666666666666664,CS-,ITI,3.0,4.0,Safety-like,Global on,2.0,121.0,0.01652892561983471,2.0,0.08333333333333333,CS+,ITI,3.0,4.0,Safety-like,Global on,-1.0,-0.0009039256198347112,-1.0,-0.041666666666666664,0.0009039256198347112
12,15,3.0,2.0,Safety-like,Threat-like,1.0,64.0,0.015625,1.0,0.041666666666666664,CS+,ITI,3.0,2.0,Safety-like,Threat-like,2.0,121.0,0.01652892561983471,2.0,0.08333333333333333,ITI,CS+,3.0,2.0,Safety-like,Threat-like,-1.0,-0.0009039256198347112,-1.0,-0.041666666666666664,0.0009039256198347112
29,15,2.0,2.0,Threat-like,Threat-like,4.0,172.0,0.023255813953488372,3.0,0.125,ITI,ITI,2.0,2.0,Threat-like,Threat-like,5.0,207.0,0.024154589371980676,5.0,0.20833333333333334,CS-,CS+,2.0,2.0,Threat-like,Threat-like,-1.0,-0.0008987754184923043,-2.0,-0.08333333333333334,0.0008987754184923043
20,26,3.0,4.0,Safety-like,Global on,3.0,238.0,0.012605042016806723,3.0,0.125,ITI,ITI,3.0,4.0,Safety-like,Global on,3.0,256.0,0.01171875,3.0,0.125,ITI,ITI,3.0,4.0,Safety-like,Global on,0.0,0.000886292016806723,0.0,0.0,0.000886292016806723
24,16,4.0,4.0,Global on,Global on,6.0,146.0,0.0410958904109589,3.0,0.125,ITI,ITI,4.0,4.0,Global on,Global on,6.0,143.0,0.04195804195804196,6.0,0.25,ITI,CS+,4.0,4.0,Global on,Global on,0.0,-0.0008621515470830579,-3.0,-0.125,0.0008621515470830579
29,16,2.0,4.0,Threat-like,Global on,9.0,172.0,0.05232558139534884,8.0,0.3333333333333333,CS-,CS-,2.0,4.0,Threat-like,Global on,11.0,207.0,0.05314009661835749,7.0,0.2916666666666667,ITI,CS-,2.0,4.0,Threat-like,Global on,-2.0,-0.000814515223008648,1.0,0.04166666666666663,0.000814515223008648
18,8,3.0,3.0,Safety-like,Safety-like,2.0,77.0,0.025974025974025976,2.0,0.08333333333333333,CS+,CS-,3.0,3.0,Safety-like,Safety-like,3.0,112.0,0.026785714285714284,2.0,0.08333333333333333,ITI,ITI,3.0,3.0,Safety-like,Safety-like,-1.0,-0.0008116883116883085,0.0,0.0,0.0008116883116883085
18,24,3.0,4.0,Safety-like,Global on,2.0,77.0,0.025974025974025976,2.0,0.08333333333333333,CS+,CS+,3.0,4.0,Safety-like,Global on,3.0,112.0,0.026785714285714284,3.0,0.125,CS+,ITI,3.0,4.0,Safety-like,Global on,-1.0,-0.0008116883116883085,-1.0,-0.04166666666666667,0.0008116883116883085
18,5,3.0,1.0,Safety-like,Global off,2.0,77.0,0.025974025974025976,2.0,0.08333333333333333,ITI,ITI,3.0,1.0,Safety-like,Global off,3.0,112.0,0.026785714285714284,3.0,0.125,ITI,ITI,3.0,1.0,Safety-like,Global off,-1.0,-0.0008116883116883085,-1.0,-0.04166666666666667,0.0008116883116883085
27,20,4.0,3.0,Global on,Safety-like,5.0,90.0,0.05555555555555555,4.0,0.16666666666666666,ITI,ITI,4.0,3.0,Global on,Safety-like,4.0,73.0,0.0547945205479452,4.0,0.16666666666666666,ITI,ITI,4.0,3.0,Global on,Safety-like,1.0,0.00076103500761035,0.0,0.0,0.00076103500761035
24,2,4.0,1.0,Global on,Global off,5.0,146.0,0.03424657534246575,5.0,0.20833333333333334,ITI,CS-,4.0,1.0,Global on,Global off,5.0,143.0,0.03496503496503497,4.0,0.16666666666666666,CS+,CS+,4.0,1.0,Global on,Global off,0.0,-0.0007184596225692161,1.0,0.041666666666666685,0.0007184596225692161
24,18,4.0,3.0,Global on,Safety-like,5.0,146.0,0.03424657534246575,5.0,0.20833333333333334,CS+,ITI,4.0,3.0,Global on,Safety-like,5.0,143.0,0.03496503496503497,5.0,0.20833333333333334,ITI,ITI,4.0,3.0,Global on,Safety-like,0.0,-0.0007184596225692161,0.0,0.0,0.0007184596225692161
9,7,1.0,1.0,Global off,Global off,2.0,147.0,0.013605442176870748,2.0,0.08333333333333333,CS-,CS-,1.0,1.0,Global off,Global off,2.0,140.0,0.014285714285714285,2.0,0.08333333333333333,CS+,CS+,1.0,1.0,Global off,Global off,0.0,-0.0006802721088435375,0.0,0.0,0.0006802721088435375
9,30,1.0,4.0,Global off,Global on,2.0,147.0,0.013605442176870748,2.0,0.08333333333333333,CS+,CS+,1.0,4.0,Global off,Global on,2.0,140.0,0.014285714285714285,2.0,0.08333333333333333,ITI,CS+,1.0,4.0,Global off,Global on,0.0,-0.0006802721088435375,0.0,0.0,0.0006802721088435375
15,8,2.0,3.0,Threat-like,Safety-like,3.0,84.0,0.03571428571428571,3.0,0.125,CS+,CS+,2.0,3.0,Threat-like,Safety-like,4.0,110.0,0.03636363636363636,4.0,0.16666666666666666,ITI,ITI,2.0,3.0,Threat-like,Safety-like,-1.0,-0.0006493506493506496,-1.0,-0.04166666666666666,0.0006493506493506496
11,14,1.0,2.0,Global off,Threat-like,1.0,40.0,0.025,1.0,0.041666666666666664,ITI,CS+,1.0,2.0,Global off,Threat-like,1.0,39.0,0.02564102564102564,1.0,0.041666666666666664,ITI,CS-,1.0,2.0,Global off,Threat-like,0.0,-0.0006410256410256387,0.0,0.0,0.0006410256410256387
11,5,1.0,1.0,Global off,Global off,1.0,40.0,0.025,1.0,0.041666666666666664,ITI,CS+,1.0,1.0,Global off,Global off,1.0,39.0,0.02564102564102564,1.0,0.041666666666666664,CS+,ITI,1.0,1.0,Global off,Global off,0.0,-0.0006410256410256387,0.0,0.0,0.0006410256410256387
11,12,1.0,3.0,Global off,Safety-like,1.0,40.0,0.025,1.0,0.041666666666666664,CS+,CS+,1.0,3.0,Global off,Safety-like,1.0,39.0,0.02564102564102564,1.0,0.041666666666666664,ITI,ITI,1.0,3.0,Global off,Safety-like,0.0,-0.0006410256410256387,0.0,0.0,0.0006410256410256387
32,25,4.0,1.0,Global on,Global off,14.0,400.0,0.035,8.0,0.3333333333333333,CS+,CS+,4.0,1.0,Global on,Global off,14.0,393.0,0.035623409669211195,9.0,0.375,ITI,ITI,4.0,1.0,Global on,Global off,0.0,-0.0006234096692111918,-1.0,-0.041666666666666685,0.0006234096692111918
20,22,3.0,4.0,Safety-like,Global on,2.0,238.0,0.008403361344537815,2.0,0.08333333333333333,ITI,ITI,3.0,4.0,Safety-like,Global on,2.0,256.0,0.0078125,2.0,0.08333333333333333,ITI,ITI,3.0,4.0,Safety-like,Global on,0.0,0.0005908613445378148,0.0,0.0,0.0005908613445378148
3,6,1.0,1.0,Global off,Global off,1.0,99.0,0.010101010101010102,1.0,0.041666666666666664,ITI,CS+,1.0,1.0,Global off,Global off,1.0,105.0,0.009523809523809525,1.0,0.041666666666666664,CS+,CS+,1.0,1.0,Global off,Global off,0.0,0.0005772005772005772,0.0,0.0,0.0005772005772005772
3,27,1.0,4.0,Global off,Global on,1.0,99.0,0.010101010101010102,1.0,0.041666666666666664,ITI,ITI,1.0,4.0,Global off,Global on,1.0,105.0,0.009523809523809525,1.0,0.041666666666666664,ITI,ITI,1.0,4.0,Global off,Global on,0.0,0.0005772005772005772,0.0,0.0,0.0005772005772005772
3,26,1.0,4.0,Global off,Global on,1.0,99.0,0.010101010101010102,1.0,0.041666666666666664,ITI,ITI,1.0,4.0,Global off,Global on,1.0,105.0,0.009523809523809525,1.0,0.041666666666666664,CS-,CS-,1.0,4.0,Global off,Global on,0.0,0.0005772005772005772,0.0,0.0,0.0005772005772005772
3,30,1.0,4.0,Global off,Global on,1.0,99.0,0.010101010101010102,1.0,0.041666666666666664,CS+,CS+,1.0,4.0,Global off,Global on,1.0,105.0,0.009523809523809525,1.0,0.041666666666666664,ITI,CS-,1.0,4.0,Global off,Global on,0.0,0.0005772005772005772,0.0,0.0,0.0005772005772005772
3,15,1.0,2.0,Global off,Threat-like,1.0,99.0,0.010101010101010102,1.0,0.041666666666666664,ITI,ITI,1.0,2.0,Global off,Threat-like,1.0,105.0,0.009523809523809525,1.0,0.041666666666666664,CS+,CS+,1.0,2.0,Global off,Threat-like,0.0,0.0005772005772005772,0.0,0.0,0.0005772005772005772
31,6,4.0,1.0,Global on,Global off,1.0,206.0,0.0048543689320388345,1.0,0.041666666666666664,ITI,CS-,4.0,1.0,Global on,Global off,1.0,232.0,0.004310344827586207,1.0,0.041666666666666664,CS-,CS-,4.0,1.0,Global on,Global off,0.0,0.0005440241044526277,0.0,0.0,0.0005440241044526277
2,22,1.0,4.0,Global off,Global on,1.0,208.0,0.004807692307692308,1.0,0.041666666666666664,CS-,ITI,1.0,4.0,Global off,Global on,1.0,233.0,0.004291845493562232,1.0,0.041666666666666664,ITI,ITI,1.0,4.0,Global off,Global on,0.0,0.0005158468141300762,0.0,0.0,0.0005158468141300762
13,26,2.0,4.0,Threat-like,Global on,2.0,243.0,0.00823045267489712,2.0,0.08333333333333333,CS+,ITI,2.0,4.0,Threat-like,Global on,2.0,259.0,0.007722007722007722,2.0,0.08333333333333333,ITI,ITI,2.0,4.0,Threat-like,Global on,0.0,0.0005084449528893979,0.0,0.0,0.0005084449528893979
28,16,4.0,4.0,Global on,Global on,3.0,171.0,0.017543859649122806,3.0,0.125,ITI,ITI,4.0,4.0,Global on,Global on,3.0,176.0,0.017045454545454544,3.0,0.125,ITI,CS-,4.0,4.0,Global on,Global on,0.0,0.0004984051036682619,0.0,0.0,0.0004984051036682619
31,29,4.0,2.0,Global on,Threat-like,15.0,206.0,0.07281553398058252,9.0,0.375,ITI,ITI,4.0,2.0,Global on,Threat-like,17.0,232.0,0.07327586206896551,10.0,0.4166666666666667,ITI,ITI,4.0,2.0,Global on,Threat-like,-2.0,-0.00046032808838299133,-1.0,-0.041666666666666685,0.00046032808838299133
24,23,4.0,4.0,Global on,Global on,3.0,146.0,0.02054794520547945,2.0,0.08333333333333333,ITI,ITI,4.0,4.0,Global on,Global on,3.0,143.0,0.02097902097902098,3.0,0.125,ITI,ITI,4.0,4.0,Global on,Global on,0.0,-0.00043107577354152896,-1.0,-0.04166666666666667,0.00043107577354152896
23,2,4.0,1.0,Global on,Global off,2.0,73.0,0.0273972602739726,2.0,0.08333333333333333,CS+,CS+,4.0,1.0,Global on,Global off,3.0,111.0,0.02702702702702703,2.0,0.08333333333333333,CS+,ITI,4.0,1.0,Global on,Global off,-1.0,0.0003702332469455727,0.0,0.0,0.0003702332469455727
23,28,4.0,4.0,Global on,Global on,2.0,73.0,0.0273972602739726,2.0,0.08333333333333333,ITI,ITI,4.0,4.0,Global on,Global on,3.0,111.0,0.02702702702702703,2.0,0.08333333333333333,CS-,ITI,4.0,4.0,Global on,Global on,-1.0,0.0003702332469455727,0.0,0.0,0.0003702332469455727
4,7,3.0,1.0,Safety-like,Global off,2.0,195.0,0.010256410256410256,2.0,0.08333333333333333,CS+,ITI,3.0,1.0,Safety-like,Global off,2.0,202.0,0.009900990099009901,2.0,0.08333333333333333,CS+,CS+,3.0,1.0,Safety-like,Global off,0.0,0.0003554201574003553,0.0,0.0,0.0003554201574003553
25,20,1.0,3.0,Global off,Safety-like,6.0,122.0,0.04918032786885246,5.0,0.20833333333333334,ITI,ITI,1.0,3.0,Global off,Safety-like,5.0,101.0,0.04950495049504951,4.0,0.16666666666666666,ITI,ITI,1.0,3.0,Global off,Safety-like,1.0,-0.0003246226261970492,1.0,0.041666666666666685,0.0003246226261970492
5,28,1.0,4.0,Global off,Global on,1.0,184.0,0.005434782608695652,1.0,0.041666666666666664,CS-,ITI,1.0,4.0,Global off,Global on,1.0,174.0,0.005747126436781609,1.0,0.041666666666666664,CS+,CS+,1.0,4.0,Global off,Global on,0.0,-0.0003123438280859571,0.0,0.0,0.0003123438280859571
24,19,4.0,3.0,Global on,Safety-like,2.0,146.0,0.0136986301369863,2.0,0.08333333333333333,CS+,ITI,4.0,3.0,Global on,Safety-like,2.0,143.0,0.013986013986013986,2.0,0.08333333333333333,CS+,ITI,4.0,3.0,Global on,Safety-like,0.0,-0.0002873838490276854,0.0,0.0,0.0002873838490276854
32,10,4.0,1.0,Global on,Global off,6.0,400.0,0.015,3.0,0.125,ITI,ITI,4.0,1.0,Global on,Global off,6.0,393.0,0.015267175572519083,6.0,0.25,CS+,ITI,4.0,1.0,Global on,Global off,0.0,-0.00026717557251908393,-3.0,-0.125,0.00026717557251908393
21,27,1.0,4.0,Global off,Global on,2.0,89.0,0.02247191011235955,2.0,0.08333333333333333,CS-,CS-,1.0,4.0,Global off,Global on,3.0,135.0,0.022222222222222223,2.0,0.08333333333333333,ITI,ITI,1.0,4.0,Global off,Global on,-1.0,0.00024968789013732687,0.0,0.0,0.00024968789013732687
21,23,1.0,4.0,Global off,Global on,2.0,89.0,0.02247191011235955,2.0,0.08333333333333333,ITI,CS+,1.0,4.0,Global off,Global on,3.0,135.0,0.022222222222222223,3.0,0.125,ITI,ITI,1.0,4.0,Global off,Global on,-1.0,0.00024968789013732687,-1.0,-0.04166666666666667,0.00024968789013732687
10,15,1.0,2.0,Global off,Threat-like,1.0,64.0,0.015625,1.0,0.041666666666666664,ITI,ITI,1.0,2.0,Global off,Threat-like,2.0,130.0,0.015384615384615385,2.0,0.08333333333333333,ITI,CS-,1.0,2.0,Global off,Threat-like,-1.0,0.00024038461538461453,-1.0,-0.041666666666666664,0.00024038461538461453
10,30,1.0,4.0,Global off,Global on,1.0,64.0,0.015625,1.0,0.041666666666666664,CS+,CS+,1.0,4.0,Global off,Global on,2.0,130.0,0.015384615384615385,2.0,0.08333333333333333,ITI,CS-,1.0,4.0,Global off,Global on,-1.0,0.00024038461538461453,-1.0,-0.041666666666666664,0.00024038461538461453
4,11,3.0,1.0,Safety-like,Global off,1.0,195.0,0.005128205128205128,1.0,0.041666666666666664,ITI,CS+,3.0,1.0,Safety-like,Global off,1.0,202.0,0.0049504950495049506,1.0,0.041666666666666664,CS-,ITI,3.0,1.0,Safety-like,Global off,0.0,0.00017771007870017765,0.0,0.0,0.00017771007870017765
28,14,4.0,2.0,Global on,Threat-like,1.0,171.0,0.005847953216374269,1.0,0.041666666666666664,CS+,CS+,4.0,2.0,Global on,Threat-like,1.0,176.0,0.005681818181818182,1.0,0.041666666666666664,ITI,CS+,4.0,2.0,Global on,Threat-like,0.0,0.0001661350345560867,0.0,0.0,0.0001661350345560867
24,25,4.0,1.0,Global on,Global off,1.0,146.0,0.00684931506849315,1.0,0.041666666666666664,CS+,ITI,4.0,1.0,Global on,Global off,1.0,143.0,0.006993006993006993,1.0,0.041666666666666664,ITI,ITI,4.0,1.0,Global on,Global off,0.0,-0.0001436919245138427,0.0,0.0,0.0001436919245138427
24,7,4.0,1.0,Global on,Global off,1.0,146.0,0.00684931506849315,1.0,0.041666666666666664,CS-,CS-,4.0,1.0,Global on,Global off,1.0,143.0,0.006993006993006993,1.0,0.041666666666666664,ITI,CS+,4.0,1.0,Global on,Global off,0.0,-0.0001436919245138427,0.0,0.0,0.0001436919245138427
24,22,4.0,4.0,Global on,Global on,1.0,146.0,0.00684931506849315,1.0,0.041666666666666664,ITI,ITI,4.0,4.0,Global on,Global on,1.0,143.0,0.006993006993006993,1.0,0.041666666666666664,CS-,CS-,4.0,4.0,Global on,Global on,0.0,-0.0001436919245138427,0.0,0.0,0.0001436919245138427
24,26,4.0,4.0,Global on,Global on,1.0,146.0,0.00684931506849315,1.0,0.041666666666666664,ITI,ITI,4.0,4.0,Global on,Global on,1.0,143.0,0.006993006993006993,1.0,0.041666666666666664,ITI,ITI,4.0,4.0,Global on,Global on,0.0,-0.0001436919245138427,0.0,0.0,0.0001436919245138427
1,22,1.0,4.0,Global off,Global on,1.0,385.0,0.0025974025974025974,1.0,0.041666666666666664,CS-,ITI,1.0,4.0,Global off,Global on,1.0,385.0,0.0025974025974025974,1.0,0.041666666666666664,ITI,ITI,1.0,4.0,Global off,Global on,0.0,0.0,0.0,0.0,0.0
