subset,clinical_variable,feature,n,spearman_rho,p_value,correction_method,p_corrected,reject_corrected,file_name,path,rank_in_file,sort_col,sort_value,formula,term,beta,t,r_squared,adj_r_squared,analysis,test,n_group1,n_group2,group1,group2,mean_group1,mean_group2,median_group1,median_group2,delta_mean_group1_minus_group2,statistic,cohen_d_group1_minus_group2,cliffs_delta_group1_minus_group2,task_scope,task,clinical_scope,matched_pattern,family,feature_task_scope,hypothesis,source,p_bonferroni,reject_bonferroni,p_holm,reject_holm,n_tests_in_scope,result_type,manuscript_note
PTSD,BDI,event_trial_type_onset__CSplus_freq_B3,24.0,-0.6466493214526947,0.0006390403886994,holm,0.0492061099298576,True,clinical_spearman_confirmatory.csv,/mnt/d/Thesis Masters/thesis-runs/ELA_run_5ROI/_merged_fit_runs_ela_5ROI/merge_baseline_ela_5ROI/ELA_features/confirmatory_analysis/clinical_spearman_confirmatory.csv,1,p_value,0.0006390403886994,,,,,,,,,,,,,,,,,,,,,,,,,,,,,,,,,,,
PTSD,PCL,peripheral_to_major_rate,23.0,-0.6338218260678257,0.0011649049436411,holm,0.0896976806603709,False,clinical_spearman_confirmatory.csv,/mnt/d/Thesis Masters/thesis-runs/ELA_run_5ROI/_merged_fit_runs_ela_5ROI/merge_baseline_ela_5ROI/ELA_features/confirmatory_analysis/clinical_spearman_confirmatory.csv,2,p_value,0.0011649049436411,,,,,,,,,,,,,,,,,,,,,,,,,,,,,,,,,,,
all,PCL,peripheral_to_major_rate,23.0,-0.6338218260678257,0.0011649049436411,holm,0.0896976806603709,False,clinical_spearman_confirmatory.csv,/mnt/d/Thesis Masters/thesis-runs/ELA_run_5ROI/_merged_fit_runs_ela_5ROI/merge_baseline_ela_5ROI/ELA_features/confirmatory_analysis/clinical_spearman_confirmatory.csv,3,p_value,0.0011649049436411,,,,,,,,,,,,,,,,,,,,,,,,,,,,,,,,,,,
PTSD,PCL,obs_freq_B2,23.0,-0.6333266527662101,0.0011785610369437,holm,0.0896976806603709,False,clinical_spearman_confirmatory.csv,/mnt/d/Thesis Masters/thesis-runs/ELA_run_5ROI/_merged_fit_runs_ela_5ROI/merge_baseline_ela_5ROI/ELA_features/confirmatory_analysis/clinical_spearman_confirmatory.csv,4,p_value,0.0011785610369437,,,,,,,,,,,,,,,,,,,,,,,,,,,,,,,,,,,
PTSD,PCL,dyn_Frequency_of_B2,23.0,-0.6333266527662101,0.0011785610369437,holm,0.0896976806603709,False,clinical_spearman_confirmatory.csv,/mnt/d/Thesis Masters/thesis-runs/ELA_run_5ROI/_merged_fit_runs_ela_5ROI/merge_baseline_ela_5ROI/ELA_features/confirmatory_analysis/clinical_spearman_confirmatory.csv,5,p_value,0.0011785610369437,,,,,,,,,,,,,,,,,,,,,,,,,,,,,,,,,,,
all,PCL,dyn_Frequency_of_B2,23.0,-0.6333266527662101,0.0011785610369437,holm,0.0896976806603709,False,clinical_spearman_confirmatory.csv,/mnt/d/Thesis Masters/thesis-runs/ELA_run_5ROI/_merged_fit_runs_ela_5ROI/merge_baseline_ela_5ROI/ELA_features/confirmatory_analysis/clinical_spearman_confirmatory.csv,6,p_value,0.0011785610369437,,,,,,,,,,,,,,,,,,,,,,,,,,,,,,,,,,,
all,PCL,obs_freq_B2,23.0,-0.6333266527662101,0.0011785610369437,holm,0.0896976806603709,False,clinical_spearman_confirmatory.csv,/mnt/d/Thesis Masters/thesis-runs/ELA_run_5ROI/_merged_fit_runs_ela_5ROI/merge_baseline_ela_5ROI/ELA_features/confirmatory_analysis/clinical_spearman_confirmatory.csv,7,p_value,0.0011785610369437,,,,,,,,,,,,,,,,,,,,,,,,,,,,,,,,,,,
all,BDI,event_trial_type_onset__CSplus_freq_B4,47.0,0.4578678575168867,0.0012116449546074,holm,0.0932966615047748,False,clinical_spearman_confirmatory.csv,/mnt/d/Thesis Masters/thesis-runs/ELA_run_5ROI/_merged_fit_runs_ela_5ROI/merge_baseline_ela_5ROI/ELA_features/confirmatory_analysis/clinical_spearman_confirmatory.csv,8,p_value,0.0012116449546074,,,,,,,,,,,,,,,,,,,,,,,,,,,,,,,,,,,
HC,IUS,event_trial_type_hrf4__CSplus_freq_B1,24.0,0.6195438733673049,0.0012440849794363,holm,0.0957945434166022,False,clinical_spearman_confirmatory.csv,/mnt/d/Thesis Masters/thesis-runs/ELA_run_5ROI/_merged_fit_runs_ela_5ROI/merge_baseline_ela_5ROI/ELA_features/confirmatory_analysis/clinical_spearman_confirmatory.csv,9,p_value,0.0012440849794363,,,,,,,,,,,,,,,,,,,,,,,,,,,,,,,,,,,
PTSD,PCL,major_to_peripheral_rate,23.0,-0.615995587209668,0.0017508918066761,holm,0.1295659936940372,False,clinical_spearman_confirmatory.csv,/mnt/d/Thesis Masters/thesis-runs/ELA_run_5ROI/_merged_fit_runs_ela_5ROI/merge_baseline_ela_5ROI/ELA_features/confirmatory_analysis/clinical_spearman_confirmatory.csv,10,p_value,0.0017508918066761,,,,,,,,,,,,,,,,,,,,,,,,,,,,,,,,,,,
all,PCL,major_to_peripheral_rate,23.0,-0.615995587209668,0.0017508918066761,holm,0.1295659936940372,False,clinical_spearman_confirmatory.csv,/mnt/d/Thesis Masters/thesis-runs/ELA_run_5ROI/_merged_fit_runs_ela_5ROI/merge_baseline_ela_5ROI/ELA_features/confirmatory_analysis/clinical_spearman_confirmatory.csv,11,p_value,0.0017508918066761,,,,,,,,,,,,,,,,,,,,,,,,,,,,,,,,,,,
PTSD,PCL,event_trial_type_hrf2__CSplus_freq_B4,23.0,0.6061440868486988,0.0021708797231652,holm,0.1584742197910596,False,clinical_spearman_confirmatory.csv,/mnt/d/Thesis Masters/thesis-runs/ELA_run_5ROI/_merged_fit_runs_ela_5ROI/merge_baseline_ela_5ROI/ELA_features/confirmatory_analysis/clinical_spearman_confirmatory.csv,12,p_value,0.0021708797231652,,,,,,,,,,,,,,,,,,,,,,,,,,,,,,,,,,,
all,PCL,event_trial_type_hrf2__CSplus_freq_B4,23.0,0.6061440868486988,0.0021708797231652,holm,0.1584742197910596,False,clinical_spearman_confirmatory.csv,/mnt/d/Thesis Masters/thesis-runs/ELA_run_5ROI/_merged_fit_runs_ela_5ROI/merge_baseline_ela_5ROI/ELA_features/confirmatory_analysis/clinical_spearman_confirmatory.csv,13,p_value,0.0021708797231652,,,,,,,,,,,,,,,,,,,,,,,,,,,,,,,,,,,
HC,BDI,event_trial_type_onset__CSplus_freq_B4,23.0,0.6004012819061231,0.0024529818253337,holm,0.1888796005507016,False,clinical_spearman_confirmatory.csv,/mnt/d/Thesis Masters/thesis-runs/ELA_run_5ROI/_merged_fit_runs_ela_5ROI/merge_baseline_ela_5ROI/ELA_features/confirmatory_analysis/clinical_spearman_confirmatory.csv,14,p_value,0.0024529818253337,,,,,,,,,,,,,,,,,,,,,,,,,,,,,,,,,,,
all,PCL,event_trial_type_onset__CSplus_freq_B3,23.0,-0.5968312852210506,0.002643525760428,holm,0.1903338547508231,False,clinical_spearman_confirmatory.csv,/mnt/d/Thesis Masters/thesis-runs/ELA_run_5ROI/_merged_fit_runs_ela_5ROI/merge_baseline_ela_5ROI/ELA_features/confirmatory_analysis/clinical_spearman_confirmatory.csv,15,p_value,0.002643525760428,,,,,,,,,,,,,,,,,,,,,,,,,,,,,,,,,,,
PTSD,PCL,event_trial_type_onset__CSplus_freq_B3,23.0,-0.5968312852210506,0.002643525760428,holm,0.1903338547508231,False,clinical_spearman_confirmatory.csv,/mnt/d/Thesis Masters/thesis-runs/ELA_run_5ROI/_merged_fit_runs_ela_5ROI/merge_baseline_ela_5ROI/ELA_features/confirmatory_analysis/clinical_spearman_confirmatory.csv,16,p_value,0.002643525760428,,,,,,,,,,,,,,,,,,,,,,,,,,,,,,,,,,,
HC,IUS,event_trial_type_onset__ITI_freq_B1,24.0,0.5816110139608744,0.0028723642174899,holm,0.218299680529236,False,clinical_spearman_confirmatory.csv,/mnt/d/Thesis Masters/thesis-runs/ELA_run_5ROI/_merged_fit_runs_ela_5ROI/merge_baseline_ela_5ROI/ELA_features/confirmatory_analysis/clinical_spearman_confirmatory.csv,17,p_value,0.0028723642174899,,,,,,,,,,,,,,,,,,,,,,,,,,,,,,,,,,,
HC,IUS,event_trial_type_hrf4__ITI_freq_B4,24.0,0.5785522032187812,0.0030595428042211,holm,0.2294657103165829,False,clinical_spearman_confirmatory.csv,/mnt/d/Thesis Masters/thesis-runs/ELA_run_5ROI/_merged_fit_runs_ela_5ROI/merge_baseline_ela_5ROI/ELA_features/confirmatory_analysis/clinical_spearman_confirmatory.csv,18,p_value,0.0030595428042211,,,,,,,,,,,,,,,,,,,,,,,,,,,,,,,,,,,
all,BDI,event_trial_type_onset__CSplus_freq_B3,47.0,-0.4129316838266568,0.0039186399402852,holm,0.2978166354616804,False,clinical_spearman_confirmatory.csv,/mnt/d/Thesis Masters/thesis-runs/ELA_run_5ROI/_merged_fit_runs_ela_5ROI/merge_baseline_ela_5ROI/ELA_features/confirmatory_analysis/clinical_spearman_confirmatory.csv,19,p_value,0.0039186399402852,,,,,,,,,,,,,,,,,,,,,,,,,,,,,,,,,,,
all,IUS,event_trial_type_hrf4__ITI_freq_B3,47.0,-0.4074711262293762,0.0044723074693395,holm,0.3443676751391476,False,clinical_spearman_confirmatory.csv,/mnt/d/Thesis Masters/thesis-runs/ELA_run_5ROI/_merged_fit_runs_ela_5ROI/merge_baseline_ela_5ROI/ELA_features/confirmatory_analysis/clinical_spearman_confirmatory.csv,20,p_value,0.0044723074693395,,,,,,,,,,,,,,,,,,,,,,,,,,,,,,,,,,,
,,dyn_Direct_transitions_from_B2_to_B1,48.0,,0.0148723508560548,holm,1.0,False,covariate_models_confirmatory.csv,/mnt/d/Thesis Masters/thesis-runs/ELA_run_5ROI/_merged_fit_runs_ela_5ROI/merge_baseline_ela_5ROI/ELA_features/confirmatory_analysis/covariate_models_confirmatory.csv,1,p_value,0.0148723508560548,dyn_Direct_transitions_from_B2_to_B1 ~ C(group) + age + C(sex),C(group)[T.PTSD],-0.0119023557202221,-2.535083535481763,0.1438593243389858,0.0854860964530076,,,,,,,,,,,,,,,,,,,,,,,,,,,,,
,,dyn_Frequency_of_B4,48.0,,0.0212285220732167,holm,1.0,False,covariate_models_confirmatory.csv,/mnt/d/Thesis Masters/thesis-runs/ELA_run_5ROI/_merged_fit_runs_ela_5ROI/merge_baseline_ela_5ROI/ELA_features/confirmatory_analysis/covariate_models_confirmatory.csv,2,p_value,0.0212285220732167,dyn_Frequency_of_B4 ~ C(group) + age + C(sex),C(group)[T.PTSD],0.0266174925278459,2.3893803458918814,0.1305261030867903,0.071243791933617,,,,,,,,,,,,,,,,,,,,,,,,,,,,,
,,obs_freq_B4,48.0,,0.0212297084871743,holm,1.0,False,covariate_models_confirmatory.csv,/mnt/d/Thesis Masters/thesis-runs/ELA_run_5ROI/_merged_fit_runs_ela_5ROI/merge_baseline_ela_5ROI/ELA_features/confirmatory_analysis/covariate_models_confirmatory.csv,3,p_value,0.0212297084871743,obs_freq_B4 ~ C(group) + age + C(sex),C(group)[T.PTSD],0.0266172924898244,2.3893570712658074,0.1305246488030663,0.0712422384941845,,,,,,,,,,,,,,,,,,,,,,,,,,,,,
,,event_trial_type_hrf4__ITI_freq_B3,48.0,,0.0213512843821717,holm,1.0,False,covariate_models_confirmatory.csv,/mnt/d/Thesis Masters/thesis-runs/ELA_run_5ROI/_merged_fit_runs_ela_5ROI/merge_baseline_ela_5ROI/ELA_features/confirmatory_analysis/covariate_models_confirmatory.csv,4,p_value,0.0213512843821717,event_trial_type_hrf4__ITI_freq_B3 ~ C(group) + age + C(sex),C(group)[T.PTSD],-0.0275875059217789,-2.386978229832775,0.1216537767833567,0.0617665342913129,,,,,,,,,,,,,,,,,,,,,,,,,,,,,
,,dyn_Frequency_of_B3,48.0,,0.028063268416552,holm,1.0,False,covariate_models_confirmatory.csv,/mnt/d/Thesis Masters/thesis-runs/ELA_run_5ROI/_merged_fit_runs_ela_5ROI/merge_baseline_ela_5ROI/ELA_features/confirmatory_analysis/covariate_models_confirmatory.csv,5,p_value,0.028063268416552,dyn_Frequency_of_B3 ~ C(group) + age + C(sex),C(group)[T.PTSD],-0.0254235289966328,-2.271464483434341,0.1110029491446062,0.0503895138590113,,,,,,,,,,,,,,,,,,,,,,,,,,,,,
,,obs_freq_B3,48.0,,0.0280634723547315,holm,1.0,False,covariate_models_confirmatory.csv,/mnt/d/Thesis Masters/thesis-runs/ELA_run_5ROI/_merged_fit_runs_ela_5ROI/merge_baseline_ela_5ROI/ELA_features/confirmatory_analysis/covariate_models_confirmatory.csv,6,p_value,0.0280634723547315,obs_freq_B3 ~ C(group) + age + C(sex),C(group)[T.PTSD],-0.025423404285738,-2.271461368010636,0.1110029932999774,0.0503895610249759,,,,,,,,,,,,,,,,,,,,,,,,,,,,,
,,event_trial_type_hrf4__CSplus_freq_B3,48.0,,0.0333431397743271,holm,1.0,False,covariate_models_confirmatory.csv,/mnt/d/Thesis Masters/thesis-runs/ELA_run_5ROI/_merged_fit_runs_ela_5ROI/merge_baseline_ela_5ROI/ELA_features/confirmatory_analysis/covariate_models_confirmatory.csv,7,p_value,0.0333431397743271,event_trial_type_hrf4__CSplus_freq_B3 ~ C(group) + age + C(sex),C(group)[T.PTSD],-0.0556607917078114,-2.196849972060261,0.1191228295108667,0.0590630224320621,,,,,,,,,,,,,,,,,,,,,,,,,,,,,
,,event_trial_type_onset__ITI_freq_B4,48.0,,0.0370965499872001,holm,1.0,False,covariate_models_confirmatory.csv,/mnt/d/Thesis Masters/thesis-runs/ELA_run_5ROI/_merged_fit_runs_ela_5ROI/merge_baseline_ela_5ROI/ELA_features/confirmatory_analysis/covariate_models_confirmatory.csv,8,p_value,0.0370965499872001,event_trial_type_onset__ITI_freq_B4 ~ C(group) + age + C(sex),C(group)[T.PTSD],0.034723075836114,2.149938231625492,0.1431816249991616,0.0847621903400136,,,,,,,,,,,,,,,,,,,,,,,,,,,,,
,,event_trial_type_hrf4__ITI_freq_B4,48.0,,0.0375856516085268,holm,1.0,False,covariate_models_confirmatory.csv,/mnt/d/Thesis Masters/thesis-runs/ELA_run_5ROI/_merged_fit_runs_ela_5ROI/merge_baseline_ela_5ROI/ELA_features/confirmatory_analysis/covariate_models_confirmatory.csv,9,p_value,0.0375856516085268,event_trial_type_hrf4__ITI_freq_B4 ~ C(group) + age + C(sex),C(group)[T.PTSD],0.0347163506768008,2.1441370082384363,0.1013415787827024,0.0400694136997049,,,,,,,,,,,,,,,,,,,,,,,,,,,,,
,,event_trial_type_hrf2__ITI_freq_B3,48.0,,0.0381665084274405,holm,1.0,False,covariate_models_confirmatory.csv,/mnt/d/Thesis Masters/thesis-runs/ELA_run_5ROI/_merged_fit_runs_ela_5ROI/merge_baseline_ela_5ROI/ELA_features/confirmatory_analysis/covariate_models_confirmatory.csv,10,p_value,0.0381665084274405,event_trial_type_hrf2__ITI_freq_B3 ~ C(group) + age + C(sex),C(group)[T.PTSD],-0.034044673679105,-2.1373331545118384,0.1138541151850053,0.053435077583983,,,,,,,,,,,,,,,,,,,,,,,,,,,,,
,,state_entropy,48.0,,0.0407603612998952,holm,1.0,False,covariate_models_confirmatory.csv,/mnt/d/Thesis Masters/thesis-runs/ELA_run_5ROI/_merged_fit_runs_ela_5ROI/merge_baseline_ela_5ROI/ELA_features/confirmatory_analysis/covariate_models_confirmatory.csv,11,p_value,0.0407603612998952,state_entropy ~ C(group) + age + C(sex),C(group)[T.PTSD],-0.0293096160544544,-2.1080183576598244,0.0936662129554833,0.0318707274751755,,,,,,,,,,,,,,,,,,,,,,,,,,,,,
,,event_trial_type_onset__ITI_freq_B3,48.0,,0.0451725497872228,holm,1.0,False,covariate_models_confirmatory.csv,/mnt/d/Thesis Masters/thesis-runs/ELA_run_5ROI/_merged_fit_runs_ela_5ROI/merge_baseline_ela_5ROI/ELA_features/confirmatory_analysis/covariate_models_confirmatory.csv,12,p_value,0.0451725497872228,event_trial_type_onset__ITI_freq_B3 ~ C(group) + age + C(sex),C(group)[T.PTSD],-0.0330508521449402,-2.0617134955828518,0.1109115351883575,0.0502918671330182,,,,,,,,,,,,,,,,,,,,,,,,,,,,,
,,within_peripheral_rate_including_stay,48.0,,0.046618928746103,holm,1.0,False,covariate_models_confirmatory.csv,/mnt/d/Thesis Masters/thesis-runs/ELA_run_5ROI/_merged_fit_runs_ela_5ROI/merge_baseline_ela_5ROI/ELA_features/confirmatory_analysis/covariate_models_confirmatory.csv,13,p_value,0.046618928746103,within_peripheral_rate_including_stay ~ C(group) + age + C(sex),C(group)[T.PTSD],-0.0281374128614476,-2.047392725478785,0.1093429764153938,0.0486163611709888,,,,,,,,,,,,,,,,,,,,,,,,,,,,,
,,event_trial_type_hrf6__CSplus_freq_B3,48.0,,0.0508372649401057,holm,1.0,False,covariate_models_confirmatory.csv,/mnt/d/Thesis Masters/thesis-runs/ELA_run_5ROI/_merged_fit_runs_ela_5ROI/merge_baseline_ela_5ROI/ELA_features/confirmatory_analysis/covariate_models_confirmatory.csv,14,p_value,0.0508372649401057,event_trial_type_hrf6__CSplus_freq_B3 ~ C(group) + age + C(sex),C(group)[T.PTSD],-0.0504489930931711,-2.007728231784499,0.0930091801494228,0.0311688969777925,,,,,,,,,,,,,,,,,,,,,,,,,,,,,
,,event_trial_type_hrf2__ITI_freq_B4,48.0,,0.0520534313118745,holm,1.0,False,covariate_models_confirmatory.csv,/mnt/d/Thesis Masters/thesis-runs/ELA_run_5ROI/_merged_fit_runs_ela_5ROI/merge_baseline_ela_5ROI/ELA_features/confirmatory_analysis/covariate_models_confirmatory.csv,15,p_value,0.0520534313118745,event_trial_type_hrf2__ITI_freq_B4 ~ C(group) + age + C(sex),C(group)[T.PTSD],0.0369817937167075,1.9968235956158389,0.1332678864881719,0.0741725151123654,,,,,,,,,,,,,,,,,,,,,,,,,,,,,
,,basin_entropy,48.0,,0.0544336747304025,holm,1.0,False,covariate_models_confirmatory.csv,/mnt/d/Thesis Masters/thesis-runs/ELA_run_5ROI/_merged_fit_runs_ela_5ROI/merge_baseline_ela_5ROI/ELA_features/confirmatory_analysis/covariate_models_confirmatory.csv,16,p_value,0.0544336747304025,basin_entropy ~ C(group) + age + C(sex),C(group)[T.PTSD],-0.0240190893773384,-1.976104108683634,0.0925142680576741,0.0306402408797883,,,,,,,,,,,,,,,,,,,,,,,,,,,,,
,,within_major_rate_including_stay,48.0,,0.0919233512764021,holm,1.0,False,covariate_models_confirmatory.csv,/mnt/d/Thesis Masters/thesis-runs/ELA_run_5ROI/_merged_fit_runs_ela_5ROI/merge_baseline_ela_5ROI/ELA_features/confirmatory_analysis/covariate_models_confirmatory.csv,17,p_value,0.0919233512764021,within_major_rate_including_stay ~ C(group) + age + C(sex),C(group)[T.PTSD],0.0476873208119445,1.7229310332411998,0.0708515236726706,0.0075004911958073,,,,,,,,,,,,,,,,,,,,,,,,,,,,,
,,event_trial_type_hrf6__CSminus_freq_B2,48.0,,0.0997362549903486,holm,1.0,False,covariate_models_confirmatory.csv,/mnt/d/Thesis Masters/thesis-runs/ELA_run_5ROI/_merged_fit_runs_ela_5ROI/merge_baseline_ela_5ROI/ELA_features/confirmatory_analysis/covariate_models_confirmatory.csv,18,p_value,0.0997362549903486,event_trial_type_hrf6__CSminus_freq_B2 ~ C(group) + age + C(sex),C(group)[T.PTSD],-0.0366672492210414,-1.6815785298253765,0.0655591585708619,0.0018472830188752,,,,,,,,,,,,,,,,,,,,,,,,,,,,,
,,event_trial_type_hrf6__ITI_freq_B3,48.0,,0.1261474918700754,holm,1.0,False,covariate_models_confirmatory.csv,/mnt/d/Thesis Masters/thesis-runs/ELA_run_5ROI/_merged_fit_runs_ela_5ROI/merge_baseline_ela_5ROI/ELA_features/confirmatory_analysis/covariate_models_confirmatory.csv,19,p_value,0.1261474918700754,event_trial_type_hrf6__ITI_freq_B3 ~ C(group) + age + C(sex),C(group)[T.PTSD],-0.0161000280951991,-1.5590566676965607,0.06986233141654,0.0064438540131224,,,,,,,,,,,,,,,,,,,,,,,,,,,,,
,,staying_rate_peripheral_SR_P_to_P,48.0,,0.1326152648696636,holm,1.0,False,covariate_models_confirmatory.csv,/mnt/d/Thesis Masters/thesis-runs/ELA_run_5ROI/_merged_fit_runs_ela_5ROI/merge_baseline_ela_5ROI/ELA_features/confirmatory_analysis/covariate_models_confirmatory.csv,20,p_value,0.1326152648696636,staying_rate_peripheral_SR_P_to_P ~ C(group) + age + C(sex),C(group)[T.PTSD],-0.0208623997441169,-1.5322691630887113,0.0872653535966064,0.0250334458872842,,,,,,,,,,,,,,,,,,,,,,,,,,,,,
,,dwell_max_B4,,,0.0118974929855371,holm,0.916106959886362,False,group_tests_confirmatory.csv,/mnt/d/Thesis Masters/thesis-runs/ELA_run_5ROI/_merged_fit_runs_ela_5ROI/merge_baseline_ela_5ROI/ELA_features/confirmatory_analysis/group_tests_confirmatory.csv,1,p_value,0.0118974929855371,,,,,,,group_overall,mannwhitney_u,24.0,24.0,HC,PTSD,4.875,5.916666666666667,5.0,6.0,-1.041666666666667,168.5,-0.6912515795116639,-0.4149305555555556,,,,,,,,,,,,,,,
,,event_trial_type_onset__ITI_freq_B4,,,0.0167534437556185,holm,1.0,False,group_tests_confirmatory.csv,/mnt/d/Thesis Masters/thesis-runs/ELA_run_5ROI/_merged_fit_runs_ela_5ROI/merge_baseline_ela_5ROI/ELA_features/confirmatory_analysis/group_tests_confirmatory.csv,2,p_value,0.0167534437556185,,,,,,,group_overall,mannwhitney_u,24.0,24.0,HC,PTSD,0.2962345039530822,0.3315850279626012,0.3018337769890564,0.3310810810810811,-0.0353505240095189,171.5,-0.7981110204177749,-0.4045138888888889,,,,,,,,,,,,,,,
,,dwell_max_B1,,,0.0169659184632934,holm,1.0,False,group_tests_confirmatory.csv,/mnt/d/Thesis Masters/thesis-runs/ELA_run_5ROI/_merged_fit_runs_ela_5ROI/merge_baseline_ela_5ROI/ELA_features/confirmatory_analysis/group_tests_confirmatory.csv,3,p_value,0.0169659184632934,,,,,,,group_overall,mannwhitney_u,24.0,24.0,HC,PTSD,5.541666666666667,6.583333333333333,5.0,6.5,-1.041666666666666,174.0,-0.6299147054640619,-0.3958333333333333,,,,,,,,,,,,,,,
,,event_trial_type_hrf2__ITI_freq_B4,,,0.0233080983968581,holm,1.0,False,group_tests_confirmatory.csv,/mnt/d/Thesis Masters/thesis-runs/ELA_run_5ROI/_merged_fit_runs_ela_5ROI/merge_baseline_ela_5ROI/ELA_features/confirmatory_analysis/group_tests_confirmatory.csv,4,p_value,0.0233080983968581,,,,,,,group_overall,mannwhitney_u,24.0,24.0,HC,PTSD,0.2654956570408248,0.3027098679106978,0.2650379696243005,0.3030359820089955,-0.037214210869873,177.5,-0.7280500653967101,-0.3836805555555556,,,,,,,,,,,,,,,
,,dyn_Frequency_of_B3,,,0.0382397956616953,holm,1.0,False,group_tests_confirmatory.csv,/mnt/d/Thesis Masters/thesis-runs/ELA_run_5ROI/_merged_fit_runs_ela_5ROI/merge_baseline_ela_5ROI/ELA_features/confirmatory_analysis/group_tests_confirmatory.csv,5,p_value,0.0382397956616953,,,,,,,group_overall,mannwhitney_u,24.0,24.0,HC,PTSD,0.1898114583333333,0.170193375,0.1900405,0.173167,0.0196180833333333,389.0,0.6336378098656404,0.3506944444444444,,,,,,,,,,,,,,,
,,obs_freq_B3,,,0.0382397956616953,holm,1.0,False,group_tests_confirmatory.csv,/mnt/d/Thesis Masters/thesis-runs/ELA_run_5ROI/_merged_fit_runs_ela_5ROI/merge_baseline_ela_5ROI/ELA_features/confirmatory_analysis/group_tests_confirmatory.csv,6,p_value,0.0382397956616953,,,,,,,group_overall,mannwhitney_u,24.0,24.0,HC,PTSD,0.1898114456742389,0.1701933811533029,0.1900403090359422,0.1731672346438367,0.0196180645209359,389.0,0.6336395948997747,0.3506944444444444,,,,,,,,,,,,,,,
,,event_trial_type_hrf4__ITI_freq_B3,,,0.0525673980625075,holm,1.0,False,group_tests_confirmatory.csv,/mnt/d/Thesis Masters/thesis-runs/ELA_run_5ROI/_merged_fit_runs_ela_5ROI/merge_baseline_ela_5ROI/ELA_features/confirmatory_analysis/group_tests_confirmatory.csv,7,p_value,0.0525673980625075,,,,,,,group_overall,mannwhitney_u,24.0,24.0,HC,PTSD,0.2074125497706431,0.1859023238544106,0.2103635325466311,0.1937609576204582,0.0215102259162325,382.5,0.6727997325898885,0.328125,,,,,,,,,,,,,,,
,,dyn_Frequency_of_B4,,,0.0578200841489156,holm,1.0,False,group_tests_confirmatory.csv,/mnt/d/Thesis Masters/thesis-runs/ELA_run_5ROI/_merged_fit_runs_ela_5ROI/merge_baseline_ela_5ROI/ELA_features/confirmatory_analysis/group_tests_confirmatory.csv,8,p_value,0.0578200841489156,,,,,,,group_overall,mannwhitney_u,24.0,24.0,HC,PTSD,0.3061845833333333,0.3260814166666666,0.2935605,0.31687,-0.0198968333333332,195.5,-0.6390706509363301,-0.3211805555555556,,,,,,,,,,,,,,,
,,obs_freq_B4,,,0.0578200841489156,holm,1.0,False,group_tests_confirmatory.csv,/mnt/d/Thesis Masters/thesis-runs/ELA_run_5ROI/_merged_fit_runs_ela_5ROI/merge_baseline_ela_5ROI/ELA_features/confirmatory_analysis/group_tests_confirmatory.csv,9,p_value,0.0578200841489156,,,,,,,group_overall,mannwhitney_u,24.0,24.0,HC,PTSD,0.3061846039927152,0.3260813022818795,0.2935604728065855,0.3168699186991869,-0.0198966982891642,195.5,-0.639064868857426,-0.3211805555555556,,,,,,,,,,,,,,,
,,event_trial_type_onset__ITI_freq_B3,,,0.0605949824575298,holm,1.0,False,group_tests_confirmatory.csv,/mnt/d/Thesis Masters/thesis-runs/ELA_run_5ROI/_merged_fit_runs_ela_5ROI/merge_baseline_ela_5ROI/ELA_features/confirmatory_analysis/group_tests_confirmatory.csv,10,p_value,0.0605949824575298,,,,,,,group_overall,mannwhitney_u,24.0,24.0,HC,PTSD,0.1826358005551495,0.1543801426542177,0.1917898193760262,0.155731922398589,0.0282556579009317,379.5,0.6375961168229564,0.3177083333333333,,,,,,,,,,,,,,,
,,event_trial_type_hrf6__CSplus_freq_B4,,,0.0619595386260595,holm,1.0,False,group_tests_confirmatory.csv,/mnt/d/Thesis Masters/thesis-runs/ELA_run_5ROI/_merged_fit_runs_ela_5ROI/merge_baseline_ela_5ROI/ELA_features/confirmatory_analysis/group_tests_confirmatory.csv,11,p_value,0.0619595386260595,,,,,,,group_overall,mannwhitney_u,24.0,24.0,HC,PTSD,0.2704920839838521,0.3129000940609828,0.252659574468085,0.3193627450980392,-0.0424080100771306,197.0,-0.5241288599874064,-0.3159722222222222,,,,,,,,,,,,,,,
,,within_peripheral_rate_including_stay,,,0.0695811099617403,holm,1.0,False,group_tests_confirmatory.csv,/mnt/d/Thesis Masters/thesis-runs/ELA_run_5ROI/_merged_fit_runs_ela_5ROI/merge_baseline_ela_5ROI/ELA_features/confirmatory_analysis/group_tests_confirmatory.csv,12,p_value,0.0695811099617403,,,,,,,group_overall,mannwhitney_u,24.0,24.0,HC,PTSD,0.1333125190252825,0.1117506633148832,0.1358024691358024,0.1103336579582503,0.0215618557103993,376.5,0.5619289783568792,0.3072916666666667,,,,,,,,,,,,,,,
,,dyn_Direct_transitions_from_B2_to_B1,,,0.0761726763346949,holm,1.0,False,group_tests_confirmatory.csv,/mnt/d/Thesis Masters/thesis-runs/ELA_run_5ROI/_merged_fit_runs_ela_5ROI/merge_baseline_ela_5ROI/ELA_features/confirmatory_analysis/group_tests_confirmatory.csv,13,p_value,0.0761726763346949,,,,,,,group_overall,mannwhitney_u,24.0,24.0,HC,PTSD,0.05301675,0.0456142916666666,0.0528465,0.0472449999999999,0.0074024583333333,374.5,0.5529782309550816,0.3003472222222222,,,,,,,,,,,,,,,
,,event_trial_type_hrf2__ITI_freq_B3,,,0.077895744914514,holm,1.0,False,group_tests_confirmatory.csv,/mnt/d/Thesis Masters/thesis-runs/ELA_run_5ROI/_merged_fit_runs_ela_5ROI/merge_baseline_ela_5ROI/ELA_features/confirmatory_analysis/group_tests_confirmatory.csv,14,p_value,0.077895744914514,,,,,,,group_overall,mannwhitney_u,24.0,24.0,HC,PTSD,0.2091468437272707,0.1799580056381327,0.1977756286266924,0.1828108941418293,0.0291888380891379,374.0,0.6645108643105405,0.2986111111111111,,,,,,,,,,,,,,,
,,event_trial_type_hrf6__CSplus_freq_B3,,,0.0813874781109839,holm,1.0,False,group_tests_confirmatory.csv,/mnt/d/Thesis Masters/thesis-runs/ELA_run_5ROI/_merged_fit_runs_ela_5ROI/merge_baseline_ela_5ROI/ELA_features/confirmatory_analysis/group_tests_confirmatory.csv,15,p_value,0.0813874781109839,,,,,,,group_overall,mannwhitney_u,24.0,24.0,HC,PTSD,0.2060011371993095,0.1671582029399682,0.1999274310595065,0.1653658536585365,0.0388429342593413,373.0,0.5584507867381997,0.2951388888888889,,,,,,,,,,,,,,,
,,dyn_Direct_transitions_from_B3_to_B4,,,0.0832310428624243,holm,1.0,False,group_tests_confirmatory.csv,/mnt/d/Thesis Masters/thesis-runs/ELA_run_5ROI/_merged_fit_runs_ela_5ROI/merge_baseline_ela_5ROI/ELA_features/confirmatory_analysis/group_tests_confirmatory.csv,16,p_value,0.0832310428624243,,,,,,,group_overall,mannwhitney_u,24.0,24.0,HC,PTSD,0.0609297916666666,0.0542253333333333,0.0618555,0.0538825,0.0067044583333333,372.5,0.51288678240459,0.2934027777777778,,,,,,,,,,,,,,,
,,dwell_mean_B1,,,0.1011215842181276,holm,1.0,False,group_tests_confirmatory.csv,/mnt/d/Thesis Masters/thesis-runs/ELA_run_5ROI/_merged_fit_runs_ela_5ROI/merge_baseline_ela_5ROI/ELA_features/confirmatory_analysis/group_tests_confirmatory.csv,17,p_value,0.1011215842181276,,,,,,,group_overall,mannwhitney_u,24.0,24.0,HC,PTSD,1.9138029875571068,2.031678845281464,1.910010111223458,2.0,-0.117875857724357,208.0,-0.4430890865940992,-0.2777777777777778,,,,,,,,,,,,,,,
,,state_entropy,,,0.1147027303825588,holm,1.0,False,group_tests_confirmatory.csv,/mnt/d/Thesis Masters/thesis-runs/ELA_run_5ROI/_merged_fit_runs_ela_5ROI/merge_baseline_ela_5ROI/ELA_features/confirmatory_analysis/group_tests_confirmatory.csv,18,p_value,0.1147027303825588,,,,,,,group_overall,mannwhitney_u,24.0,24.0,HC,PTSD,0.9116635679063468,0.8903500779969243,0.914604467450707,0.8991164990984651,0.0213134899094223,365.0,0.5531914154487709,0.2673611111111111,,,,,,,,,,,,,,,
,,staying_rate_major_SR_A_to_A,,,0.1219698929400572,holm,1.0,False,group_tests_confirmatory.csv,/mnt/d/Thesis Masters/thesis-runs/ELA_run_5ROI/_merged_fit_runs_ela_5ROI/merge_baseline_ela_5ROI/ELA_features/confirmatory_analysis/group_tests_confirmatory.csv,19,p_value,0.1219698929400572,,,,,,,group_overall,mannwhitney_u,24.0,24.0,HC,PTSD,0.2982034092282286,0.3291594754147912,0.3046360538813269,0.3193182312274447,-0.0309560661865626,212.5,-0.4799769016173792,-0.2621527777777778,,,,,,,,,,,,,,,
,,event_trial_type_hrf6__CSminus_freq_B2,,,0.1243856824219996,holm,1.0,False,group_tests_confirmatory.csv,/mnt/d/Thesis Masters/thesis-runs/ELA_run_5ROI/_merged_fit_runs_ela_5ROI/merge_baseline_ela_5ROI/ELA_features/confirmatory_analysis/group_tests_confirmatory.csv,20,p_value,0.1243856824219996,,,,,,,group_overall,mannwhitney_u,24.0,24.0,HC,PTSD,0.1704136232917958,0.1420553368576103,0.1617647058823529,0.1416040100250626,0.0283582864341855,363.0,0.4717174298020494,0.2604166666666667,,,,,,,,,,,,,,,
PTSD,PCL,peripheral_to_major_rate,23.0,-0.6338218260678257,0.0011649049436411,holm,0.0034947148309235,True,clinical_spearman_confirmatory.csv,/mnt/d/Thesis Masters/thesis-runs/ELA_run_5ROI/_merged_fit_runs_ela_5ROI/merge_baseline_ela_5ROI/ELA_features/confirmatory_analysis_v3/clinical_spearman_confirmatory.csv,1,p_value,0.0011649049436411,,,,,,,,,,,,,,,,,,,,,all_tasks,all,PTSD,peripheral_to_major_rate,major_peripheral_dynamics,all,Summary return from peripheral to major basins,/mnt/d/Thesis Masters/thesis-runs/codebase/ela_primary_feature_list_template.csv,0.0034947148309235,True,0.0034947148309235,True,3.0,,
all,PCL,peripheral_to_major_rate,23.0,-0.6338218260678257,0.0011649049436411,holm,0.0034947148309235,True,clinical_spearman_confirmatory.csv,/mnt/d/Thesis Masters/thesis-runs/ELA_run_5ROI/_merged_fit_runs_ela_5ROI/merge_baseline_ela_5ROI/ELA_features/confirmatory_analysis_v3/clinical_spearman_confirmatory.csv,2,p_value,0.0011649049436411,,,,,,,,,,,,,,,,,,,,,all_tasks,all,all,peripheral_to_major_rate,major_peripheral_dynamics,all,Summary return from peripheral to major basins,/mnt/d/Thesis Masters/thesis-runs/codebase/ela_primary_feature_list_template.csv,0.0034947148309235,True,0.0034947148309235,True,3.0,,
all,BDI,dwell_max_B1,47.0,0.4005277224615868,0.0052743776452299,holm,0.0105487552904598,True,clinical_spearman_confirmatory.csv,/mnt/d/Thesis Masters/thesis-runs/ELA_run_5ROI/_merged_fit_runs_ela_5ROI/merge_baseline_ela_5ROI/ELA_features/confirmatory_analysis_v3/clinical_spearman_confirmatory.csv,3,p_value,0.0052743776452299,,,,,,,,,,,,,,,,,,,,,all_tasks,all,all,dwell_max_B1,baseline_control,baseline,Baseline max dwell in all-off basin,/mnt/d/Thesis Masters/thesis-runs/codebase/ela_primary_feature_list_template.csv,0.0105487552904598,True,0.0105487552904598,True,2.0,,
all,IUS,traveling_score_TR_AA_over_TR_PP,46.0,0.3985612123692125,0.0060792639711103,holm,0.0121585279422207,True,clinical_spearman_confirmatory.csv,/mnt/d/Thesis Masters/thesis-runs/ELA_run_5ROI/_merged_fit_runs_ela_5ROI/merge_baseline_ela_5ROI/ELA_features/confirmatory_analysis_v3/clinical_spearman_confirmatory.csv,4,p_value,0.0060792639711103,,,,,,,,,,,,,,,,,,,,,all_tasks,all,all,traveling_score_TR_AA_over_TR_PP,summary_scores,all,Generalized traveling score,/mnt/d/Thesis Masters/thesis-runs/codebase/ela_primary_feature_list_template.csv,0.0121585279422207,True,0.0121585279422207,True,2.0,,
all,IUS,peripheral_transition_rate_TR_P_to_Pprime,47.0,-0.3899880087867793,0.0067314078942316,holm,0.0201942236826949,True,clinical_spearman_confirmatory.csv,/mnt/d/Thesis Masters/thesis-runs/ELA_run_5ROI/_merged_fit_runs_ela_5ROI/merge_baseline_ela_5ROI/ELA_features/confirmatory_analysis_v3/clinical_spearman_confirmatory.csv,5,p_value,0.0067314078942316,,,,,,,,,,,,,,,,,,,,,all_tasks,all,all,peripheral_transition_rate_TR_P_to_Pprime,major_peripheral_dynamics,all,Movement among peripheral threat/safety basins,/mnt/d/Thesis Masters/thesis-runs/codebase/ela_primary_feature_list_template.csv,0.0201942236826949,True,0.0201942236826949,True,3.0,,
all,IUS,peripheral_to_major_rate,47.0,-0.3880947473271836,0.0070272058733707,holm,0.0201942236826949,True,clinical_spearman_confirmatory.csv,/mnt/d/Thesis Masters/thesis-runs/ELA_run_5ROI/_merged_fit_runs_ela_5ROI/merge_baseline_ela_5ROI/ELA_features/confirmatory_analysis_v3/clinical_spearman_confirmatory.csv,6,p_value,0.0070272058733707,,,,,,,,,,,,,,,,,,,,,all_tasks,all,all,peripheral_to_major_rate,major_peripheral_dynamics,all,Summary return from peripheral to major basins,/mnt/d/Thesis Masters/thesis-runs/codebase/ela_primary_feature_list_template.csv,0.0210816176201123,True,0.0201942236826949,True,3.0,,
all,PCL,traveling_score_TR_AA_over_TR_PP,22.0,0.5454036573084373,0.0086576907321772,holm,0.0173153814643544,True,clinical_spearman_confirmatory.csv,/mnt/d/Thesis Masters/thesis-runs/ELA_run_5ROI/_merged_fit_runs_ela_5ROI/merge_baseline_ela_5ROI/ELA_features/confirmatory_analysis_v3/clinical_spearman_confirmatory.csv,7,p_value,0.0086576907321772,,,,,,,,,,,,,,,,,,,,,all_tasks,all,all,traveling_score_TR_AA_over_TR_PP,summary_scores,all,Generalized traveling score,/mnt/d/Thesis Masters/thesis-runs/codebase/ela_primary_feature_list_template.csv,0.0173153814643544,True,0.0173153814643544,True,2.0,,
PTSD,PCL,traveling_score_TR_AA_over_TR_PP,22.0,0.5454036573084373,0.0086576907321772,holm,0.0173153814643544,True,clinical_spearman_confirmatory.csv,/mnt/d/Thesis Masters/thesis-runs/ELA_run_5ROI/_merged_fit_runs_ela_5ROI/merge_baseline_ela_5ROI/ELA_features/confirmatory_analysis_v3/clinical_spearman_confirmatory.csv,8,p_value,0.0086576907321772,,,,,,,,,,,,,,,,,,,,,all_tasks,all,PTSD,traveling_score_TR_AA_over_TR_PP,summary_scores,all,Generalized traveling score,/mnt/d/Thesis Masters/thesis-runs/codebase/ela_primary_feature_list_template.csv,0.0173153814643544,True,0.0173153814643544,True,2.0,,
all,IUS,dwell_max_B1,47.0,0.3777623203729477,0.0088482943616526,holm,0.0176965887233052,True,clinical_spearman_confirmatory.csv,/mnt/d/Thesis Masters/thesis-runs/ELA_run_5ROI/_merged_fit_runs_ela_5ROI/merge_baseline_ela_5ROI/ELA_features/confirmatory_analysis_v3/clinical_spearman_confirmatory.csv,9,p_value,0.0088482943616526,,,,,,,,,,,,,,,,,,,,,all_tasks,all,all,dwell_max_B1,baseline_control,baseline,Baseline max dwell in all-off basin,/mnt/d/Thesis Masters/thesis-runs/codebase/ela_primary_feature_list_template.csv,0.0176965887233052,True,0.0176965887233052,True,2.0,,
all,IUS,staying_rate_major_SR_A_to_A,47.0,0.3726260883544415,0.0098960505814298,holm,0.0201942236826949,True,clinical_spearman_confirmatory.csv,/mnt/d/Thesis Masters/thesis-runs/ELA_run_5ROI/_merged_fit_runs_ela_5ROI/merge_baseline_ela_5ROI/ELA_features/confirmatory_analysis_v3/clinical_spearman_confirmatory.csv,10,p_value,0.0098960505814298,,,,,,,,,,,,,,,,,,,,,all_tasks,all,all,staying_rate_major_SR_A_to_A,major_peripheral_dynamics,all,Major-basin staying/locking,/mnt/d/Thesis Masters/thesis-runs/codebase/ela_primary_feature_list_template.csv,0.0296881517442895,True,0.0201942236826949,True,3.0,,
PTSD,BDI,event_trial_type_hrf4__CSplus_freq_B2,24.0,-0.4786771558532733,0.0179662043244257,holm,0.0359324086488515,True,clinical_spearman_confirmatory.csv,/mnt/d/Thesis Masters/thesis-runs/ELA_run_5ROI/_merged_fit_runs_ela_5ROI/merge_baseline_ela_5ROI/ELA_features/confirmatory_analysis_v3/clinical_spearman_confirmatory.csv,11,p_value,0.0179662043244257,,,,,,,,,,,,,,,,,,,,,all_tasks,all,PTSD,event_trial_type_hrf4__CSplus_freq_B2,event_threat_safety,all,CS+ recruitment of threat-like B2,/mnt/d/Thesis Masters/thesis-runs/codebase/ela_primary_feature_list_template.csv,0.0359324086488515,True,0.0359324086488515,True,2.0,,
PTSD,IUS,traveling_score_TR_AA_over_TR_PP,22.0,0.4937818765207843,0.0195143296972895,holm,0.0390286593945791,True,clinical_spearman_confirmatory.csv,/mnt/d/Thesis Masters/thesis-runs/ELA_run_5ROI/_merged_fit_runs_ela_5ROI/merge_baseline_ela_5ROI/ELA_features/confirmatory_analysis_v3/clinical_spearman_confirmatory.csv,12,p_value,0.0195143296972895,,,,,,,,,,,,,,,,,,,,,all_tasks,all,PTSD,traveling_score_TR_AA_over_TR_PP,summary_scores,all,Generalized traveling score,/mnt/d/Thesis Masters/thesis-runs/codebase/ela_primary_feature_list_template.csv,0.0390286593945791,True,0.0390286593945791,True,2.0,,
all,IUS,lingering_score_SR_AA_plus_SR_PP,47.0,0.3281027810139992,0.0243526349638349,holm,0.0243526349638349,True,clinical_spearman_confirmatory.csv,/mnt/d/Thesis Masters/thesis-runs/ELA_run_5ROI/_merged_fit_runs_ela_5ROI/merge_baseline_ela_5ROI/ELA_features/confirmatory_analysis_v3/clinical_spearman_confirmatory.csv,13,p_value,0.0243526349638349,,,,,,,,,,,,,,,,,,,,,all_tasks,all,all,lingering_score_SR_AA_plus_SR_PP,summary_scores,all,Generalized lingering score,/mnt/d/Thesis Masters/thesis-runs/codebase/ela_primary_feature_list_template.csv,0.0487052699276698,True,0.0243526349638349,True,2.0,,
PTSD,IUS,peripheral_transition_rate_TR_P_to_Pprime,23.0,-0.4668647189837765,0.0247114762835948,holm,0.0741344288507845,False,clinical_spearman_confirmatory.csv,/mnt/d/Thesis Masters/thesis-runs/ELA_run_5ROI/_merged_fit_runs_ela_5ROI/merge_baseline_ela_5ROI/ELA_features/confirmatory_analysis_v3/clinical_spearman_confirmatory.csv,14,p_value,0.0247114762835948,,,,,,,,,,,,,,,,,,,,,all_tasks,all,PTSD,peripheral_transition_rate_TR_P_to_Pprime,major_peripheral_dynamics,all,Movement among peripheral threat/safety basins,/mnt/d/Thesis Masters/thesis-runs/codebase/ela_primary_feature_list_template.csv,0.0741344288507845,False,0.0741344288507845,False,3.0,,
PTSD,IUS,lingering_score_SR_AA_plus_SR_PP,23.0,0.4416421547166445,0.0348764769116247,holm,0.0390286593945791,True,clinical_spearman_confirmatory.csv,/mnt/d/Thesis Masters/thesis-runs/ELA_run_5ROI/_merged_fit_runs_ela_5ROI/merge_baseline_ela_5ROI/ELA_features/confirmatory_analysis_v3/clinical_spearman_confirmatory.csv,15,p_value,0.0348764769116247,,,,,,,,,,,,,,,,,,,,,all_tasks,all,PTSD,lingering_score_SR_AA_plus_SR_PP,summary_scores,all,Generalized lingering score,/mnt/d/Thesis Masters/thesis-runs/codebase/ela_primary_feature_list_template.csv,0.0697529538232495,False,0.0390286593945791,True,2.0,,
PTSD,PCL,basin_entropy,23.0,-0.4411994117394004,0.0350805807512926,holm,0.0350805807512926,True,clinical_spearman_confirmatory.csv,/mnt/d/Thesis Masters/thesis-runs/ELA_run_5ROI/_merged_fit_runs_ela_5ROI/merge_baseline_ela_5ROI/ELA_features/confirmatory_analysis_v3/clinical_spearman_confirmatory.csv,16,p_value,0.0350805807512926,,,,,,,,,,,,,,,,,,,,,all_tasks,all,PTSD,basin_entropy,flexibility,all,Basin repertoire/flexibility,/mnt/d/Thesis Masters/thesis-runs/codebase/ela_primary_feature_list_template.csv,0.0350805807512926,True,0.0350805807512926,True,1.0,,
all,PCL,basin_entropy,23.0,-0.4411994117394004,0.0350805807512926,holm,0.0350805807512926,True,clinical_spearman_confirmatory.csv,/mnt/d/Thesis Masters/thesis-runs/ELA_run_5ROI/_merged_fit_runs_ela_5ROI/merge_baseline_ela_5ROI/ELA_features/confirmatory_analysis_v3/clinical_spearman_confirmatory.csv,17,p_value,0.0350805807512926,,,,,,,,,,,,,,,,,,,,,all_tasks,all,all,basin_entropy,flexibility,all,Basin repertoire/flexibility,/mnt/d/Thesis Masters/thesis-runs/codebase/ela_primary_feature_list_template.csv,0.0350805807512926,True,0.0350805807512926,True,1.0,,
all,IUS,basin_entropy,47.0,-0.3004809972964423,0.0401486813479491,holm,0.0401486813479491,True,clinical_spearman_confirmatory.csv,/mnt/d/Thesis Masters/thesis-runs/ELA_run_5ROI/_merged_fit_runs_ela_5ROI/merge_baseline_ela_5ROI/ELA_features/confirmatory_analysis_v3/clinical_spearman_confirmatory.csv,18,p_value,0.0401486813479491,,,,,,,,,,,,,,,,,,,,,all_tasks,all,all,basin_entropy,flexibility,all,Basin repertoire/flexibility,/mnt/d/Thesis Masters/thesis-runs/codebase/ela_primary_feature_list_template.csv,0.0401486813479491,True,0.0401486813479491,True,1.0,,
HC,IUS,basin_entropy,24.0,-0.4159982609246825,0.0431897133710142,holm,0.0431897133710142,True,clinical_spearman_confirmatory.csv,/mnt/d/Thesis Masters/thesis-runs/ELA_run_5ROI/_merged_fit_runs_ela_5ROI/merge_baseline_ela_5ROI/ELA_features/confirmatory_analysis_v3/clinical_spearman_confirmatory.csv,19,p_value,0.0431897133710142,,,,,,,,,,,,,,,,,,,,,all_tasks,all,HC,basin_entropy,flexibility,all,Basin repertoire/flexibility,/mnt/d/Thesis Masters/thesis-runs/codebase/ela_primary_feature_list_template.csv,0.0431897133710142,True,0.0431897133710142,True,1.0,,
all,SAI_pre,dwell_max_B1,48.0,0.2738718127103551,0.0596172216105551,holm,0.1192344432211102,False,clinical_spearman_confirmatory.csv,/mnt/d/Thesis Masters/thesis-runs/ELA_run_5ROI/_merged_fit_runs_ela_5ROI/merge_baseline_ela_5ROI/ELA_features/confirmatory_analysis_v3/clinical_spearman_confirmatory.csv,20,p_value,0.0596172216105551,,,,,,,,,,,,,,,,,,,,,all_tasks,all,all,dwell_max_B1,baseline_control,baseline,Baseline max dwell in all-off basin,/mnt/d/Thesis Masters/thesis-runs/codebase/ela_primary_feature_list_template.csv,0.1192344432211102,False,0.1192344432211102,False,2.0,,
,,dyn_Direct_transitions_from_B2_to_B1,48.0,,0.0148723508560548,holm,0.0297447017121097,True,covariate_models_confirmatory.csv,/mnt/d/Thesis Masters/thesis-runs/ELA_run_5ROI/_merged_fit_runs_ela_5ROI/merge_baseline_ela_5ROI/ELA_features/confirmatory_analysis_v3/covariate_models_confirmatory.csv,1,p_value,0.0148723508560548,dyn_Direct_transitions_from_B2_to_B1 ~ C(group) + age + C(sex),C(group)[T.PTSD],-0.0119023557202221,-2.535083535481763,0.1438593243389858,0.0854860964530076,,,,,,,,,,,,,,,all,,,dyn_Direct_transitions_from_B2_to_B1,peripheral_to_major_edges,,Threat-like B2 to all-off B1 return route,/mnt/d/Thesis Masters/thesis-runs/codebase/ela_primary_feature_list_template.csv,0.0297447017121097,True,0.0297447017121097,True,2.0,,
,,basin_entropy,48.0,,0.0544336747304025,holm,0.0544336747304025,False,covariate_models_confirmatory.csv,/mnt/d/Thesis Masters/thesis-runs/ELA_run_5ROI/_merged_fit_runs_ela_5ROI/merge_baseline_ela_5ROI/ELA_features/confirmatory_analysis_v3/covariate_models_confirmatory.csv,2,p_value,0.0544336747304025,basin_entropy ~ C(group) + age + C(sex),C(group)[T.PTSD],-0.0240190893773384,-1.976104108683634,0.0925142680576741,0.0306402408797883,,,,,,,,,,,,,,,all,,,basin_entropy,flexibility,,Basin repertoire/flexibility,/mnt/d/Thesis Masters/thesis-runs/codebase/ela_primary_feature_list_template.csv,0.0544336747304025,False,0.0544336747304025,False,1.0,,
,,dwell_max_B1,48.0,,0.140142426044578,holm,0.2802848520891561,False,covariate_models_confirmatory.csv,/mnt/d/Thesis Masters/thesis-runs/ELA_run_5ROI/_merged_fit_runs_ela_5ROI/merge_baseline_ela_5ROI/ELA_features/confirmatory_analysis_v3/covariate_models_confirmatory.csv,3,p_value,0.140142426044578,dwell_max_B1 ~ C(group) + age + C(sex),C(group)[T.PTSD],0.9037199798971702,1.5023806238555548,0.0989102957220471,0.0374723613394595,,,,,,,,,,,,,,,baseline,,,dwell_max_B1,baseline_control,,Baseline max dwell in all-off basin,/mnt/d/Thesis Masters/thesis-runs/codebase/ela_primary_feature_list_template.csv,0.2802848520891561,False,0.2802848520891561,False,2.0,,
,,staying_rate_major_SR_A_to_A,48.0,,0.1745650933201533,holm,0.52369527996046,False,covariate_models_confirmatory.csv,/mnt/d/Thesis Masters/thesis-runs/ELA_run_5ROI/_merged_fit_runs_ela_5ROI/merge_baseline_ela_5ROI/ELA_features/confirmatory_analysis_v3/covariate_models_confirmatory.csv,4,p_value,0.1745650933201533,staying_rate_major_SR_A_to_A ~ C(group) + age + C(sex),C(group)[T.PTSD],0.0324526029022936,1.3799795591147024,0.0574864279300407,-0.006775861074729,,,,,,,,,,,,,,,all,,,staying_rate_major_SR_A_to_A,major_peripheral_dynamics,,Major-basin staying/locking,/mnt/d/Thesis Masters/thesis-runs/codebase/ela_primary_feature_list_template.csv,0.52369527996046,False,0.52369527996046,False,3.0,,
,,dwell_max_B4,48.0,,0.1984409710297561,holm,0.2802848520891561,False,covariate_models_confirmatory.csv,/mnt/d/Thesis Masters/thesis-runs/ELA_run_5ROI/_merged_fit_runs_ela_5ROI/merge_baseline_ela_5ROI/ELA_features/confirmatory_analysis_v3/covariate_models_confirmatory.csv,5,p_value,0.1984409710297561,dwell_max_B4 ~ C(group) + age + C(sex),C(group)[T.PTSD],0.7050865898608207,1.3056985827237684,0.1419215990958169,0.0834162535796226,,,,,,,,,,,,,,,baseline,,,dwell_max_B4,baseline_control,,Baseline max dwell in all-on basin,/mnt/d/Thesis Masters/thesis-runs/codebase/ela_primary_feature_list_template.csv,0.3968819420595123,False,0.2802848520891561,False,2.0,,
,,peripheral_transition_rate_TR_P_to_Pprime,48.0,,0.221053203783294,holm,0.52369527996046,False,covariate_models_confirmatory.csv,/mnt/d/Thesis Masters/thesis-runs/ELA_run_5ROI/_merged_fit_runs_ela_5ROI/merge_baseline_ela_5ROI/ELA_features/confirmatory_analysis_v3/covariate_models_confirmatory.csv,6,p_value,0.221053203783294,peripheral_transition_rate_TR_P_to_Pprime ~ C(group) + age + C(sex),C(group)[T.PTSD],-0.0072750131173307,-1.2413514114010913,0.0441038650780645,-0.0210708713938856,,,,,,,,,,,,,,,all,,,peripheral_transition_rate_TR_P_to_Pprime,major_peripheral_dynamics,,Movement among peripheral threat/safety basins,/mnt/d/Thesis Masters/thesis-runs/codebase/ela_primary_feature_list_template.csv,0.6631596113498822,False,0.52369527996046,False,3.0,,
,,traveling_score_TR_AA_over_TR_PP,47.0,,0.2320081263387351,holm,0.4640162526774703,False,covariate_models_confirmatory.csv,/mnt/d/Thesis Masters/thesis-runs/ELA_run_5ROI/_merged_fit_runs_ela_5ROI/merge_baseline_ela_5ROI/ELA_features/confirmatory_analysis_v3/covariate_models_confirmatory.csv,7,p_value,0.2320081263387351,traveling_score_TR_AA_over_TR_PP ~ C(group) + age + C(sex),C(group)[T.PTSD],3.258052716170337,1.2123223423303646,0.047819509157241,-0.0186116878783,,,,,,,,,,,,,,,all,,,traveling_score_TR_AA_over_TR_PP,summary_scores,,Generalized traveling score,/mnt/d/Thesis Masters/thesis-runs/codebase/ela_primary_feature_list_template.csv,0.4640162526774703,False,0.4640162526774703,False,2.0,,
,,peripheral_to_major_rate,48.0,,0.2904264165398951,holm,0.52369527996046,False,covariate_models_confirmatory.csv,/mnt/d/Thesis Masters/thesis-runs/ELA_run_5ROI/_merged_fit_runs_ela_5ROI/merge_baseline_ela_5ROI/ELA_features/confirmatory_analysis_v3/covariate_models_confirmatory.csv,8,p_value,0.2904264165398951,peripheral_to_major_rate ~ C(group) + age + C(sex),C(group)[T.PTSD],-0.0109910189421279,-1.0700621189402189,0.0268605285753599,-0.0394898899308655,,,,,,,,,,,,,,,all,,,peripheral_to_major_rate,major_peripheral_dynamics,,Summary return from peripheral to major basins,/mnt/d/Thesis Masters/thesis-runs/codebase/ela_primary_feature_list_template.csv,0.8712792496196855,False,0.52369527996046,False,3.0,,
,,dyn_Direct_transitions_from_B3_to_B4,48.0,,0.4160053312701158,holm,0.4160053312701158,False,covariate_models_confirmatory.csv,/mnt/d/Thesis Masters/thesis-runs/ELA_run_5ROI/_merged_fit_runs_ela_5ROI/merge_baseline_ela_5ROI/ELA_features/confirmatory_analysis_v3/covariate_models_confirmatory.csv,9,p_value,0.4160053312701158,dyn_Direct_transitions_from_B3_to_B4 ~ C(group) + age + C(sex),C(group)[T.PTSD],-0.0037833154412475,-0.8211190850271471,0.126314598178801,0.0667451389637193,,,,,,,,,,,,,,,all,,,dyn_Direct_transitions_from_B3_to_B4,peripheral_to_major_edges,,Safety-like B3 to all-on B4 return route,/mnt/d/Thesis Masters/thesis-runs/codebase/ela_primary_feature_list_template.csv,0.8320106625402317,False,0.4160053312701158,False,2.0,,
,,event_trial_type_hrf4__CSplus_freq_B4,48.0,,0.5357422931704371,holm,0.5357422931704371,False,covariate_models_confirmatory.csv,/mnt/d/Thesis Masters/thesis-runs/ELA_run_5ROI/_merged_fit_runs_ela_5ROI/merge_baseline_ela_5ROI/ELA_features/confirmatory_analysis_v3/covariate_models_confirmatory.csv,10,p_value,0.5357422931704371,event_trial_type_hrf4__CSplus_freq_B4 ~ C(group) + age + C(sex),C(group)[T.PTSD],0.0203273657031993,0.624164899056652,0.0121361233753619,-0.055218231849045,,,,,,,,,,,,,,,all,,,event_trial_type_hrf4__CSplus_freq_B4,global_locking,,CS+ all-on/global locking,/mnt/d/Thesis Masters/thesis-runs/codebase/ela_primary_feature_list_template.csv,0.5357422931704371,False,0.5357422931704371,False,1.0,,
,,event_trial_type_hrf4__CSminus_freq_B3,48.0,,0.5914149759314139,holm,1.0,False,covariate_models_confirmatory.csv,/mnt/d/Thesis Masters/thesis-runs/ELA_run_5ROI/_merged_fit_runs_ela_5ROI/merge_baseline_ela_5ROI/ELA_features/confirmatory_analysis_v3/covariate_models_confirmatory.csv,11,p_value,0.5914149759314139,event_trial_type_hrf4__CSminus_freq_B3 ~ C(group) + age + C(sex),C(group)[T.PTSD],0.011354097527179,0.5407384438504638,0.083896433757312,0.0214348269680378,,,,,,,,,,,,,,,all,,,event_trial_type_hrf4__CSminus_freq_B3,event_threat_safety,,CS− recruitment of safety-like B3,/mnt/d/Thesis Masters/thesis-runs/codebase/ela_primary_feature_list_template.csv,1.0,False,1.0,False,2.0,,
,,lingering_score_SR_AA_plus_SR_PP,48.0,,0.6679369542936064,holm,0.6679369542936064,False,covariate_models_confirmatory.csv,/mnt/d/Thesis Masters/thesis-runs/ELA_run_5ROI/_merged_fit_runs_ela_5ROI/merge_baseline_ela_5ROI/ELA_features/confirmatory_analysis_v3/covariate_models_confirmatory.csv,12,p_value,0.6679369542936064,lingering_score_SR_AA_plus_SR_PP ~ C(group) + age + C(sex),C(group)[T.PTSD],0.0115902031581767,0.4318810304348241,0.0117125618004111,-0.0556706726222879,,,,,,,,,,,,,,,all,,,lingering_score_SR_AA_plus_SR_PP,summary_scores,,Generalized lingering score,/mnt/d/Thesis Masters/thesis-runs/codebase/ela_primary_feature_list_template.csv,1.0,False,0.6679369542936064,False,2.0,,
,,event_trial_type_hrf4__CSplus_freq_B2,48.0,,0.8421125347371351,holm,1.0,False,covariate_models_confirmatory.csv,/mnt/d/Thesis Masters/thesis-runs/ELA_run_5ROI/_merged_fit_runs_ela_5ROI/merge_baseline_ela_5ROI/ELA_features/confirmatory_analysis_v3/covariate_models_confirmatory.csv,13,p_value,0.8421125347371351,event_trial_type_hrf4__CSplus_freq_B2 ~ C(group) + age + C(sex),C(group)[T.PTSD],0.0048593701563057,0.2003725238805493,0.0082841693333458,-0.0593328191211985,,,,,,,,,,,,,,,all,,,event_trial_type_hrf4__CSplus_freq_B2,event_threat_safety,,CS+ recruitment of threat-like B2,/mnt/d/Thesis Masters/thesis-runs/codebase/ela_primary_feature_list_template.csv,1.0,False,1.0,False,2.0,,
,,dwell_max_B4,,,0.0118974929855371,holm,0.0237949859710743,True,group_tests_confirmatory.csv,/mnt/d/Thesis Masters/thesis-runs/ELA_run_5ROI/_merged_fit_runs_ela_5ROI/merge_baseline_ela_5ROI/ELA_features/confirmatory_analysis_v3/group_tests_confirmatory.csv,1,p_value,0.0118974929855371,,,,,,,group_overall,mannwhitney_u,24.0,24.0,HC,PTSD,4.875,5.916666666666667,5.0,6.0,-1.041666666666667,168.5,-0.6912515795116639,-0.4149305555555556,baseline,,,dwell_max_B4,baseline_control,,Baseline max dwell in all-on basin,/mnt/d/Thesis Masters/thesis-runs/codebase/ela_primary_feature_list_template.csv,0.0237949859710743,True,0.0237949859710743,True,2.0,,
,,dwell_max_B1,,,0.0169659184632934,holm,0.0237949859710743,True,group_tests_confirmatory.csv,/mnt/d/Thesis Masters/thesis-runs/ELA_run_5ROI/_merged_fit_runs_ela_5ROI/merge_baseline_ela_5ROI/ELA_features/confirmatory_analysis_v3/group_tests_confirmatory.csv,2,p_value,0.0169659184632934,,,,,,,group_overall,mannwhitney_u,24.0,24.0,HC,PTSD,5.541666666666667,6.583333333333333,5.0,6.5,-1.041666666666666,174.0,-0.6299147054640619,-0.3958333333333333,baseline,,,dwell_max_B1,baseline_control,,Baseline max dwell in all-off basin,/mnt/d/Thesis Masters/thesis-runs/codebase/ela_primary_feature_list_template.csv,0.0339318369265869,True,0.0237949859710743,True,2.0,,
,,dyn_Direct_transitions_from_B2_to_B1,,,0.0761726763346949,holm,0.1523453526693899,False,group_tests_confirmatory.csv,/mnt/d/Thesis Masters/thesis-runs/ELA_run_5ROI/_merged_fit_runs_ela_5ROI/merge_baseline_ela_5ROI/ELA_features/confirmatory_analysis_v3/group_tests_confirmatory.csv,3,p_value,0.0761726763346949,,,,,,,group_overall,mannwhitney_u,24.0,24.0,HC,PTSD,0.05301675,0.0456142916666666,0.0528465,0.0472449999999999,0.0074024583333333,374.5,0.5529782309550816,0.3003472222222222,all,,,dyn_Direct_transitions_from_B2_to_B1,peripheral_to_major_edges,,Threat-like B2 to all-off B1 return route,/mnt/d/Thesis Masters/thesis-runs/codebase/ela_primary_feature_list_template.csv,0.1523453526693899,False,0.1523453526693899,False,2.0,,
,,dyn_Direct_transitions_from_B3_to_B4,,,0.0832310428624243,holm,0.1523453526693899,False,group_tests_confirmatory.csv,/mnt/d/Thesis Masters/thesis-runs/ELA_run_5ROI/_merged_fit_runs_ela_5ROI/merge_baseline_ela_5ROI/ELA_features/confirmatory_analysis_v3/group_tests_confirmatory.csv,4,p_value,0.0832310428624243,,,,,,,group_overall,mannwhitney_u,24.0,24.0,HC,PTSD,0.0609297916666666,0.0542253333333333,0.0618555,0.0538825,0.0067044583333333,372.5,0.51288678240459,0.2934027777777778,all,,,dyn_Direct_transitions_from_B3_to_B4,peripheral_to_major_edges,,Safety-like B3 to all-on B4 return route,/mnt/d/Thesis Masters/thesis-runs/codebase/ela_primary_feature_list_template.csv,0.1664620857248487,False,0.1523453526693899,False,2.0,,
,,staying_rate_major_SR_A_to_A,,,0.1219698929400572,holm,0.3659096788201719,False,group_tests_confirmatory.csv,/mnt/d/Thesis Masters/thesis-runs/ELA_run_5ROI/_merged_fit_runs_ela_5ROI/merge_baseline_ela_5ROI/ELA_features/confirmatory_analysis_v3/group_tests_confirmatory.csv,5,p_value,0.1219698929400572,,,,,,,group_overall,mannwhitney_u,24.0,24.0,HC,PTSD,0.2982034092282286,0.3291594754147912,0.3046360538813269,0.3193182312274447,-0.0309560661865626,212.5,-0.4799769016173792,-0.2621527777777778,all,,,staying_rate_major_SR_A_to_A,major_peripheral_dynamics,,Major-basin staying/locking,/mnt/d/Thesis Masters/thesis-runs/codebase/ela_primary_feature_list_template.csv,0.3659096788201719,False,0.3659096788201719,False,3.0,,
,,basin_entropy,,,0.1296345808790129,holm,0.1296345808790129,False,group_tests_confirmatory.csv,/mnt/d/Thesis Masters/thesis-runs/ELA_run_5ROI/_merged_fit_runs_ela_5ROI/merge_baseline_ela_5ROI/ELA_features/confirmatory_analysis_v3/group_tests_confirmatory.csv,6,p_value,0.1296345808790129,,,,,,,group_overall,mannwhitney_u,24.0,24.0,HC,PTSD,0.9529856403653943,0.9366850847786782,0.95577920740685,0.9512839429231236,0.0163005555867162,362.0,0.4798163065546455,0.2569444444444444,all,,,basin_entropy,flexibility,,Basin repertoire/flexibility,/mnt/d/Thesis Masters/thesis-runs/codebase/ela_primary_feature_list_template.csv,0.1296345808790129,False,0.1296345808790129,False,1.0,,
,,peripheral_to_major_rate,,,0.5294149186577493,holm,1.0,False,group_tests_confirmatory.csv,/mnt/d/Thesis Masters/thesis-runs/ELA_run_5ROI/_merged_fit_runs_ela_5ROI/merge_baseline_ela_5ROI/ELA_features/confirmatory_analysis_v3/group_tests_confirmatory.csv,7,p_value,0.5294149186577493,,,,,,,group_overall,mannwhitney_u,24.0,24.0,HC,PTSD,0.2052272585556815,0.1967491197782117,0.2057648015174095,0.1991902834008097,0.0084781387774698,319.0,0.3005035946940215,0.1076388888888889,all,,,peripheral_to_major_rate,major_peripheral_dynamics,,Summary return from peripheral to major basins,/mnt/d/Thesis Masters/thesis-runs/codebase/ela_primary_feature_list_template.csv,1.0,False,1.0,False,3.0,,
,,lingering_score_SR_AA_plus_SR_PP,,,0.5294149186577493,holm,1.0,False,group_tests_confirmatory.csv,/mnt/d/Thesis Masters/thesis-runs/ELA_run_5ROI/_merged_fit_runs_ela_5ROI/merge_baseline_ela_5ROI/ELA_features/confirmatory_analysis_v3/group_tests_confirmatory.csv,8,p_value,0.5294149186577493,,,,,,,group_overall,mannwhitney_u,24.0,24.0,HC,PTSD,0.3998982593097399,0.4123244480052646,0.40159381592827,0.4013085181968895,-0.0124261886955246,257.0,-0.1685350610642478,-0.1076388888888889,all,,,lingering_score_SR_AA_plus_SR_PP,summary_scores,,Generalized lingering score,/mnt/d/Thesis Masters/thesis-runs/codebase/ela_primary_feature_list_template.csv,1.0,False,1.0,False,2.0,,
,,peripheral_transition_rate_TR_P_to_Pprime,,,0.7105155208015322,holm,1.0,False,group_tests_confirmatory.csv,/mnt/d/Thesis Masters/thesis-runs/ELA_run_5ROI/_merged_fit_runs_ela_5ROI/merge_baseline_ela_5ROI/ELA_features/confirmatory_analysis_v3/group_tests_confirmatory.csv,9,p_value,0.7105155208015322,,,,,,,group_overall,mannwhitney_u,24.0,24.0,HC,PTSD,0.0316176689437713,0.0285856907244097,0.0290664030476925,0.0287782122521779,0.0030319782193616,306.5,0.1853378342652805,0.0642361111111111,all,,,peripheral_transition_rate_TR_P_to_Pprime,major_peripheral_dynamics,,Movement among peripheral threat/safety basins,/mnt/d/Thesis Masters/thesis-runs/codebase/ela_primary_feature_list_template.csv,1.0,False,1.0,False,3.0,,
,,event_trial_type_hrf4__CSplus_freq_B4,,,0.8446405617154855,holm,0.8446405617154855,False,group_tests_confirmatory.csv,/mnt/d/Thesis Masters/thesis-runs/ELA_run_5ROI/_merged_fit_runs_ela_5ROI/merge_baseline_ela_5ROI/ELA_features/confirmatory_analysis_v3/group_tests_confirmatory.csv,10,p_value,0.8446405617154855,,,,,,,group_overall,mannwhitney_u,24.0,24.0,HC,PTSD,0.331982651485087,0.3470364734254632,0.3341932457786116,0.3333333333333333,-0.0150538219403761,278.0,-0.1682073479740378,-0.0347222222222222,all,,,event_trial_type_hrf4__CSplus_freq_B4,global_locking,,CS+ all-on/global locking,/mnt/d/Thesis Masters/thesis-runs/codebase/ela_primary_feature_list_template.csv,0.8446405617154855,False,0.8446405617154855,False,1.0,,
,,event_trial_type_hrf4__CSplus_freq_B2,,,0.8770463291439825,holm,1.0,False,group_tests_confirmatory.csv,/mnt/d/Thesis Masters/thesis-runs/ELA_run_5ROI/_merged_fit_runs_ela_5ROI/merge_baseline_ela_5ROI/ELA_features/confirmatory_analysis_v3/group_tests_confirmatory.csv,11,p_value,0.8770463291439825,,,,,,,group_overall,mannwhitney_u,24.0,24.0,HC,PTSD,0.1739687606337984,0.1716957633316188,0.173076923076923,0.2041245791245791,0.0022729973021795,280.0,0.0340526512782389,-0.0277777777777777,all,,,event_trial_type_hrf4__CSplus_freq_B2,event_threat_safety,,CS+ recruitment of threat-like B2,/mnt/d/Thesis Masters/thesis-runs/codebase/ela_primary_feature_list_template.csv,1.0,False,1.0,False,2.0,,
,,traveling_score_TR_AA_over_TR_PP,,,0.9152422982118906,holm,1.0,False,group_tests_confirmatory.csv,/mnt/d/Thesis Masters/thesis-runs/ELA_run_5ROI/_merged_fit_runs_ela_5ROI/merge_baseline_ela_5ROI/ELA_features/confirmatory_analysis_v3/group_tests_confirmatory.csv,12,p_value,0.9152422982118906,,,,,,,group_overall,mannwhitney_u,24.0,23.0,HC,PTSD,6.917502289377289,8.673183700357614,5.0285714285714285,5.4,-1.7556814109803245,270.5,-0.2358067512437032,-0.019927536231884,all,,,traveling_score_TR_AA_over_TR_PP,summary_scores,,Generalized traveling score,/mnt/d/Thesis Masters/thesis-runs/codebase/ela_primary_feature_list_template.csv,1.0,False,1.0,False,2.0,,
,,event_trial_type_hrf4__CSminus_freq_B3,,,0.9670979794763626,holm,1.0,False,group_tests_confirmatory.csv,/mnt/d/Thesis Masters/thesis-runs/ELA_run_5ROI/_merged_fit_runs_ela_5ROI/merge_baseline_ela_5ROI/ELA_features/confirmatory_analysis_v3/group_tests_confirmatory.csv,13,p_value,0.9670979794763626,,,,,,,group_overall,mannwhitney_u,24.0,24.0,HC,PTSD,0.148504756391564,0.1456476946019536,0.1367464539007092,0.1422558922558922,0.0028570617896103,290.5,0.0475213706082724,0.0086805555555555,all,,,event_trial_type_hrf4__CSminus_freq_B3,event_threat_safety,,CS− recruitment of safety-like B3,/mnt/d/Thesis Masters/thesis-runs/codebase/ela_primary_feature_list_template.csv,1.0,False,1.0,False,2.0,,
,PCL,peripheral_to_major_rate,23.0,-0.6338218260678257,0.0011649049436411,holm,0.0034947148309235,True,primary_results_for_manuscript.csv,/mnt/d/Thesis Masters/thesis-runs/ELA_run_5ROI/_merged_fit_runs_ela_5ROI/merge_baseline_ela_5ROI/ELA_features/confirmatory_analysis_v3/primary_results_for_manuscript.csv,1,p_value,0.0011649049436411,,,,,,,,,,,,,,,,,,,,,all_tasks,all,PTSD,,major_peripheral_dynamics,,Summary return from peripheral to major basins,,0.0034947148309235,True,0.0034947148309235,True,3.0,clinical_spearman,corrected_significant
,PCL,peripheral_to_major_rate,23.0,-0.6338218260678257,0.0011649049436411,holm,0.0034947148309235,True,primary_results_for_manuscript.csv,/mnt/d/Thesis Masters/thesis-runs/ELA_run_5ROI/_merged_fit_runs_ela_5ROI/merge_baseline_ela_5ROI/ELA_features/confirmatory_analysis_v3/primary_results_for_manuscript.csv,2,p_value,0.0011649049436411,,,,,,,,,,,,,,,,,,,,,all_tasks,all,all,,major_peripheral_dynamics,,Summary return from peripheral to major basins,,0.0034947148309235,True,0.0034947148309235,True,3.0,clinical_spearman,corrected_significant
,BDI,dwell_max_B1,47.0,0.4005277224615868,0.0052743776452299,holm,0.0105487552904598,True,primary_results_for_manuscript.csv,/mnt/d/Thesis Masters/thesis-runs/ELA_run_5ROI/_merged_fit_runs_ela_5ROI/merge_baseline_ela_5ROI/ELA_features/confirmatory_analysis_v3/primary_results_for_manuscript.csv,3,p_value,0.0052743776452299,,,,,,,,,,,,,,,,,,,,,all_tasks,all,all,,baseline_control,,Baseline max dwell in all-off basin,,0.0105487552904598,True,0.0105487552904598,True,2.0,clinical_spearman,corrected_significant
,IUS,traveling_score_TR_AA_over_TR_PP,46.0,0.3985612123692125,0.0060792639711103,holm,0.0121585279422207,True,primary_results_for_manuscript.csv,/mnt/d/Thesis Masters/thesis-runs/ELA_run_5ROI/_merged_fit_runs_ela_5ROI/merge_baseline_ela_5ROI/ELA_features/confirmatory_analysis_v3/primary_results_for_manuscript.csv,4,p_value,0.0060792639711103,,,,,,,,,,,,,,,,,,,,,all_tasks,all,all,,summary_scores,,Generalized traveling score,,0.0121585279422207,True,0.0121585279422207,True,2.0,clinical_spearman,corrected_significant
,IUS,peripheral_transition_rate_TR_P_to_Pprime,47.0,-0.3899880087867793,0.0067314078942316,holm,0.0201942236826949,True,primary_results_for_manuscript.csv,/mnt/d/Thesis Masters/thesis-runs/ELA_run_5ROI/_merged_fit_runs_ela_5ROI/merge_baseline_ela_5ROI/ELA_features/confirmatory_analysis_v3/primary_results_for_manuscript.csv,5,p_value,0.0067314078942316,,,,,,,,,,,,,,,,,,,,,all_tasks,all,all,,major_peripheral_dynamics,,Movement among peripheral threat/safety basins,,0.0201942236826949,True,0.0201942236826949,True,3.0,clinical_spearman,corrected_significant
,IUS,peripheral_to_major_rate,47.0,-0.3880947473271836,0.0070272058733707,holm,0.0201942236826949,True,primary_results_for_manuscript.csv,/mnt/d/Thesis Masters/thesis-runs/ELA_run_5ROI/_merged_fit_runs_ela_5ROI/merge_baseline_ela_5ROI/ELA_features/confirmatory_analysis_v3/primary_results_for_manuscript.csv,6,p_value,0.0070272058733707,,,,,,,,,,,,,,,,,,,,,all_tasks,all,all,,major_peripheral_dynamics,,Summary return from peripheral to major basins,,0.0210816176201123,True,0.0201942236826949,True,3.0,clinical_spearman,corrected_significant
,PCL,traveling_score_TR_AA_over_TR_PP,22.0,0.5454036573084373,0.0086576907321772,holm,0.0173153814643544,True,primary_results_for_manuscript.csv,/mnt/d/Thesis Masters/thesis-runs/ELA_run_5ROI/_merged_fit_runs_ela_5ROI/merge_baseline_ela_5ROI/ELA_features/confirmatory_analysis_v3/primary_results_for_manuscript.csv,7,p_value,0.0086576907321772,,,,,,,,,,,,,,,,,,,,,all_tasks,all,all,,summary_scores,,Generalized traveling score,,0.0173153814643544,True,0.0173153814643544,True,2.0,clinical_spearman,corrected_significant
,PCL,traveling_score_TR_AA_over_TR_PP,22.0,0.5454036573084373,0.0086576907321772,holm,0.0173153814643544,True,primary_results_for_manuscript.csv,/mnt/d/Thesis Masters/thesis-runs/ELA_run_5ROI/_merged_fit_runs_ela_5ROI/merge_baseline_ela_5ROI/ELA_features/confirmatory_analysis_v3/primary_results_for_manuscript.csv,8,p_value,0.0086576907321772,,,,,,,,,,,,,,,,,,,,,all_tasks,all,PTSD,,summary_scores,,Generalized traveling score,,0.0173153814643544,True,0.0173153814643544,True,2.0,clinical_spearman,corrected_significant
,IUS,dwell_max_B1,47.0,0.3777623203729477,0.0088482943616526,holm,0.0176965887233052,True,primary_results_for_manuscript.csv,/mnt/d/Thesis Masters/thesis-runs/ELA_run_5ROI/_merged_fit_runs_ela_5ROI/merge_baseline_ela_5ROI/ELA_features/confirmatory_analysis_v3/primary_results_for_manuscript.csv,9,p_value,0.0088482943616526,,,,,,,,,,,,,,,,,,,,,all_tasks,all,all,,baseline_control,,Baseline max dwell in all-off basin,,0.0176965887233052,True,0.0176965887233052,True,2.0,clinical_spearman,corrected_significant
,IUS,staying_rate_major_SR_A_to_A,47.0,0.3726260883544415,0.0098960505814298,holm,0.0201942236826949,True,primary_results_for_manuscript.csv,/mnt/d/Thesis Masters/thesis-runs/ELA_run_5ROI/_merged_fit_runs_ela_5ROI/merge_baseline_ela_5ROI/ELA_features/confirmatory_analysis_v3/primary_results_for_manuscript.csv,10,p_value,0.0098960505814298,,,,,,,,,,,,,,,,,,,,,all_tasks,all,all,,major_peripheral_dynamics,,Major-basin staying/locking,,0.0296881517442895,True,0.0201942236826949,True,3.0,clinical_spearman,corrected_significant
,,dwell_max_B4,,,0.0118974929855371,holm,0.0237949859710743,True,primary_results_for_manuscript.csv,/mnt/d/Thesis Masters/thesis-runs/ELA_run_5ROI/_merged_fit_runs_ela_5ROI/merge_baseline_ela_5ROI/ELA_features/confirmatory_analysis_v3/primary_results_for_manuscript.csv,11,p_value,0.0118974929855371,,,,,,,group_overall,mannwhitney_u,24.0,24.0,,,4.875,5.916666666666667,5.0,6.0,-1.041666666666667,168.5,-0.6912515795116639,-0.4149305555555556,baseline,,,,baseline_control,,Baseline max dwell in all-on basin,,0.0237949859710743,True,0.0237949859710743,True,2.0,overall_group_test,corrected_significant
,,dyn_Direct_transitions_from_B2_to_B1,48.0,,0.0148723508560548,holm,0.0297447017121097,True,primary_results_for_manuscript.csv,/mnt/d/Thesis Masters/thesis-runs/ELA_run_5ROI/_merged_fit_runs_ela_5ROI/merge_baseline_ela_5ROI/ELA_features/confirmatory_analysis_v3/primary_results_for_manuscript.csv,12,p_value,0.0148723508560548,,C(group)[T.PTSD],-0.0119023557202221,-2.535083535481763,,,,,,,,,,,,,,,,,all,,,,peripheral_to_major_edges,,Threat-like B2 to all-off B1 return route,,0.0297447017121097,True,0.0297447017121097,True,2.0,covariate_model,corrected_significant
,,dwell_max_B1,,,0.0169659184632934,holm,0.0237949859710743,True,primary_results_for_manuscript.csv,/mnt/d/Thesis Masters/thesis-runs/ELA_run_5ROI/_merged_fit_runs_ela_5ROI/merge_baseline_ela_5ROI/ELA_features/confirmatory_analysis_v3/primary_results_for_manuscript.csv,13,p_value,0.0169659184632934,,,,,,,group_overall,mannwhitney_u,24.0,24.0,,,5.541666666666667,6.583333333333333,5.0,6.5,-1.041666666666666,174.0,-0.6299147054640619,-0.3958333333333333,baseline,,,,baseline_control,,Baseline max dwell in all-off basin,,0.0339318369265869,True,0.0237949859710743,True,2.0,overall_group_test,corrected_significant
,BDI,event_trial_type_hrf4__CSplus_freq_B2,24.0,-0.4786771558532733,0.0179662043244257,holm,0.0359324086488515,True,primary_results_for_manuscript.csv,/mnt/d/Thesis Masters/thesis-runs/ELA_run_5ROI/_merged_fit_runs_ela_5ROI/merge_baseline_ela_5ROI/ELA_features/confirmatory_analysis_v3/primary_results_for_manuscript.csv,14,p_value,0.0179662043244257,,,,,,,,,,,,,,,,,,,,,all_tasks,all,PTSD,,event_threat_safety,,CS+ recruitment of threat-like B2,,0.0359324086488515,True,0.0359324086488515,True,2.0,clinical_spearman,corrected_significant
,IUS,traveling_score_TR_AA_over_TR_PP,22.0,0.4937818765207843,0.0195143296972895,holm,0.0390286593945791,True,primary_results_for_manuscript.csv,/mnt/d/Thesis Masters/thesis-runs/ELA_run_5ROI/_merged_fit_runs_ela_5ROI/merge_baseline_ela_5ROI/ELA_features/confirmatory_analysis_v3/primary_results_for_manuscript.csv,15,p_value,0.0195143296972895,,,,,,,,,,,,,,,,,,,,,all_tasks,all,PTSD,,summary_scores,,Generalized traveling score,,0.0390286593945791,True,0.0390286593945791,True,2.0,clinical_spearman,corrected_significant
,IUS,lingering_score_SR_AA_plus_SR_PP,47.0,0.3281027810139992,0.0243526349638349,holm,0.0243526349638349,True,primary_results_for_manuscript.csv,/mnt/d/Thesis Masters/thesis-runs/ELA_run_5ROI/_merged_fit_runs_ela_5ROI/merge_baseline_ela_5ROI/ELA_features/confirmatory_analysis_v3/primary_results_for_manuscript.csv,16,p_value,0.0243526349638349,,,,,,,,,,,,,,,,,,,,,all_tasks,all,all,,summary_scores,,Generalized lingering score,,0.0487052699276698,True,0.0243526349638349,True,2.0,clinical_spearman,corrected_significant
,IUS,lingering_score_SR_AA_plus_SR_PP,23.0,0.4416421547166445,0.0348764769116247,holm,0.0390286593945791,True,primary_results_for_manuscript.csv,/mnt/d/Thesis Masters/thesis-runs/ELA_run_5ROI/_merged_fit_runs_ela_5ROI/merge_baseline_ela_5ROI/ELA_features/confirmatory_analysis_v3/primary_results_for_manuscript.csv,17,p_value,0.0348764769116247,,,,,,,,,,,,,,,,,,,,,all_tasks,all,PTSD,,summary_scores,,Generalized lingering score,,0.0697529538232495,False,0.0390286593945791,True,2.0,clinical_spearman,corrected_significant
,PCL,basin_entropy,23.0,-0.4411994117394004,0.0350805807512926,holm,0.0350805807512926,True,primary_results_for_manuscript.csv,/mnt/d/Thesis Masters/thesis-runs/ELA_run_5ROI/_merged_fit_runs_ela_5ROI/merge_baseline_ela_5ROI/ELA_features/confirmatory_analysis_v3/primary_results_for_manuscript.csv,18,p_value,0.0350805807512926,,,,,,,,,,,,,,,,,,,,,all_tasks,all,PTSD,,flexibility,,Basin repertoire/flexibility,,0.0350805807512926,True,0.0350805807512926,True,1.0,clinical_spearman,corrected_significant
,PCL,basin_entropy,23.0,-0.4411994117394004,0.0350805807512926,holm,0.0350805807512926,True,primary_results_for_manuscript.csv,/mnt/d/Thesis Masters/thesis-runs/ELA_run_5ROI/_merged_fit_runs_ela_5ROI/merge_baseline_ela_5ROI/ELA_features/confirmatory_analysis_v3/primary_results_for_manuscript.csv,19,p_value,0.0350805807512926,,,,,,,,,,,,,,,,,,,,,all_tasks,all,all,,flexibility,,Basin repertoire/flexibility,,0.0350805807512926,True,0.0350805807512926,True,1.0,clinical_spearman,corrected_significant
,IUS,basin_entropy,47.0,-0.3004809972964423,0.0401486813479491,holm,0.0401486813479491,True,primary_results_for_manuscript.csv,/mnt/d/Thesis Masters/thesis-runs/ELA_run_5ROI/_merged_fit_runs_ela_5ROI/merge_baseline_ela_5ROI/ELA_features/confirmatory_analysis_v3/primary_results_for_manuscript.csv,20,p_value,0.0401486813479491,,,,,,,,,,,,,,,,,,,,,all_tasks,all,all,,flexibility,,Basin repertoire/flexibility,,0.0401486813479491,True,0.0401486813479491,True,1.0,clinical_spearman,corrected_significant
PTSD,PCL,peripheral_to_major_rate,23.0,-0.6338218260678257,0.0011649049436411,holm,0.0034947148309235,True,clinical_spearman_confirmatory.csv,/mnt/d/Thesis Masters/thesis-runs/ELA_run_5ROI/_merged_fit_runs_ela_5ROI/merge_baseline_ela_5ROI/ELA_features/confirmatory_analysis_v3_notaskfilter/clinical_spearman_confirmatory.csv,1,p_value,0.0011649049436411,,,,,,,,,,,,,,,,,,,,,all_tasks,all,PTSD,peripheral_to_major_rate,major_peripheral_dynamics,all,Summary return from peripheral to major basins,/mnt/d/Thesis Masters/thesis-runs/codebase/ela_primary_feature_list_template.csv,0.0034947148309235,True,0.0034947148309235,True,3.0,,
all,PCL,peripheral_to_major_rate,23.0,-0.6338218260678257,0.0011649049436411,holm,0.0034947148309235,True,clinical_spearman_confirmatory.csv,/mnt/d/Thesis Masters/thesis-runs/ELA_run_5ROI/_merged_fit_runs_ela_5ROI/merge_baseline_ela_5ROI/ELA_features/confirmatory_analysis_v3_notaskfilter/clinical_spearman_confirmatory.csv,2,p_value,0.0011649049436411,,,,,,,,,,,,,,,,,,,,,all_tasks,all,all,peripheral_to_major_rate,major_peripheral_dynamics,all,Summary return from peripheral to major basins,/mnt/d/Thesis Masters/thesis-runs/codebase/ela_primary_feature_list_template.csv,0.0034947148309235,True,0.0034947148309235,True,3.0,,
HC,IUS,event_trial_type_hrf4__CSplus_major_to_peripheral_rate,24.0,-0.5621917149595924,0.0042454946441189,holm,0.0084909892882378,True,clinical_spearman_confirmatory.csv,/mnt/d/Thesis Masters/thesis-runs/ELA_run_5ROI/_merged_fit_runs_ela_5ROI/merge_baseline_ela_5ROI/ELA_features/confirmatory_analysis_v3_notaskfilter/clinical_spearman_confirmatory.csv,3,p_value,0.0042454946441189,,,,,,,,,,,,,,,,,,,,,all_tasks,all,HC,event_trial_type_hrf4__CSplus_major_to_peripheral_rate,acquisition_threat_learning,acquisition,CS+ movement from global to peripheral basins during acquisition,/mnt/d/Thesis Masters/thesis-runs/codebase/ela_primary_feature_list_template.csv,0.0084909892882378,True,0.0084909892882378,True,2.0,,
all,BDI,dwell_max_B1,47.0,0.4005277224615868,0.0052743776452299,holm,0.0105487552904598,True,clinical_spearman_confirmatory.csv,/mnt/d/Thesis Masters/thesis-runs/ELA_run_5ROI/_merged_fit_runs_ela_5ROI/merge_baseline_ela_5ROI/ELA_features/confirmatory_analysis_v3_notaskfilter/clinical_spearman_confirmatory.csv,4,p_value,0.0052743776452299,,,,,,,,,,,,,,,,,,,,,all_tasks,all,all,dwell_max_B1,baseline_control,baseline,Baseline max dwell in all-off basin,/mnt/d/Thesis Masters/thesis-runs/codebase/ela_primary_feature_list_template.csv,0.0105487552904598,True,0.0105487552904598,True,2.0,,
all,IUS,traveling_score_TR_AA_over_TR_PP,46.0,0.3985612123692125,0.0060792639711103,holm,0.0121585279422207,True,clinical_spearman_confirmatory.csv,/mnt/d/Thesis Masters/thesis-runs/ELA_run_5ROI/_merged_fit_runs_ela_5ROI/merge_baseline_ela_5ROI/ELA_features/confirmatory_analysis_v3_notaskfilter/clinical_spearman_confirmatory.csv,5,p_value,0.0060792639711103,,,,,,,,,,,,,,,,,,,,,all_tasks,all,all,traveling_score_TR_AA_over_TR_PP,summary_scores,all,Generalized traveling score,/mnt/d/Thesis Masters/thesis-runs/codebase/ela_primary_feature_list_template.csv,0.0121585279422207,True,0.0121585279422207,True,2.0,,
all,IUS,peripheral_transition_rate_TR_P_to_Pprime,47.0,-0.3899880087867793,0.0067314078942316,holm,0.0201942236826949,True,clinical_spearman_confirmatory.csv,/mnt/d/Thesis Masters/thesis-runs/ELA_run_5ROI/_merged_fit_runs_ela_5ROI/merge_baseline_ela_5ROI/ELA_features/confirmatory_analysis_v3_notaskfilter/clinical_spearman_confirmatory.csv,6,p_value,0.0067314078942316,,,,,,,,,,,,,,,,,,,,,all_tasks,all,all,peripheral_transition_rate_TR_P_to_Pprime,major_peripheral_dynamics,all,Movement among peripheral threat/safety basins,/mnt/d/Thesis Masters/thesis-runs/codebase/ela_primary_feature_list_template.csv,0.0201942236826949,True,0.0201942236826949,True,3.0,,
all,IUS,peripheral_to_major_rate,47.0,-0.3880947473271836,0.0070272058733707,holm,0.0201942236826949,True,clinical_spearman_confirmatory.csv,/mnt/d/Thesis Masters/thesis-runs/ELA_run_5ROI/_merged_fit_runs_ela_5ROI/merge_baseline_ela_5ROI/ELA_features/confirmatory_analysis_v3_notaskfilter/clinical_spearman_confirmatory.csv,7,p_value,0.0070272058733707,,,,,,,,,,,,,,,,,,,,,all_tasks,all,all,peripheral_to_major_rate,major_peripheral_dynamics,all,Summary return from peripheral to major basins,/mnt/d/Thesis Masters/thesis-runs/codebase/ela_primary_feature_list_template.csv,0.0210816176201123,True,0.0201942236826949,True,3.0,,
PTSD,PCL,traveling_score_TR_AA_over_TR_PP,22.0,0.5454036573084373,0.0086576907321772,holm,0.0173153814643544,True,clinical_spearman_confirmatory.csv,/mnt/d/Thesis Masters/thesis-runs/ELA_run_5ROI/_merged_fit_runs_ela_5ROI/merge_baseline_ela_5ROI/ELA_features/confirmatory_analysis_v3_notaskfilter/clinical_spearman_confirmatory.csv,8,p_value,0.0086576907321772,,,,,,,,,,,,,,,,,,,,,all_tasks,all,PTSD,traveling_score_TR_AA_over_TR_PP,summary_scores,all,Generalized traveling score,/mnt/d/Thesis Masters/thesis-runs/codebase/ela_primary_feature_list_template.csv,0.0173153814643544,True,0.0173153814643544,True,2.0,,
all,PCL,traveling_score_TR_AA_over_TR_PP,22.0,0.5454036573084373,0.0086576907321772,holm,0.0173153814643544,True,clinical_spearman_confirmatory.csv,/mnt/d/Thesis Masters/thesis-runs/ELA_run_5ROI/_merged_fit_runs_ela_5ROI/merge_baseline_ela_5ROI/ELA_features/confirmatory_analysis_v3_notaskfilter/clinical_spearman_confirmatory.csv,9,p_value,0.0086576907321772,,,,,,,,,,,,,,,,,,,,,all_tasks,all,all,traveling_score_TR_AA_over_TR_PP,summary_scores,all,Generalized traveling score,/mnt/d/Thesis Masters/thesis-runs/codebase/ela_primary_feature_list_template.csv,0.0173153814643544,True,0.0173153814643544,True,2.0,,
all,IUS,dwell_max_B1,47.0,0.3777623203729477,0.0088482943616526,holm,0.0176965887233052,True,clinical_spearman_confirmatory.csv,/mnt/d/Thesis Masters/thesis-runs/ELA_run_5ROI/_merged_fit_runs_ela_5ROI/merge_baseline_ela_5ROI/ELA_features/confirmatory_analysis_v3_notaskfilter/clinical_spearman_confirmatory.csv,10,p_value,0.0088482943616526,,,,,,,,,,,,,,,,,,,,,all_tasks,all,all,dwell_max_B1,baseline_control,baseline,Baseline max dwell in all-off basin,/mnt/d/Thesis Masters/thesis-runs/codebase/ela_primary_feature_list_template.csv,0.0176965887233052,True,0.0176965887233052,True,2.0,,
all,IUS,staying_rate_major_SR_A_to_A,47.0,0.3726260883544415,0.0098960505814298,holm,0.0201942236826949,True,clinical_spearman_confirmatory.csv,/mnt/d/Thesis Masters/thesis-runs/ELA_run_5ROI/_merged_fit_runs_ela_5ROI/merge_baseline_ela_5ROI/ELA_features/confirmatory_analysis_v3_notaskfilter/clinical_spearman_confirmatory.csv,11,p_value,0.0098960505814298,,,,,,,,,,,,,,,,,,,,,all_tasks,all,all,staying_rate_major_SR_A_to_A,major_peripheral_dynamics,all,Major-basin staying/locking,/mnt/d/Thesis Masters/thesis-runs/codebase/ela_primary_feature_list_template.csv,0.0296881517442895,True,0.0201942236826949,True,3.0,,
all,IUS,event_trial_type_onset__CSminus_freq_B3,47.0,-0.3668542365651707,0.0111992384722726,holm,0.0223984769445453,True,clinical_spearman_confirmatory.csv,/mnt/d/Thesis Masters/thesis-runs/ELA_run_5ROI/_merged_fit_runs_ela_5ROI/merge_baseline_ela_5ROI/ELA_features/confirmatory_analysis_v3_notaskfilter/clinical_spearman_confirmatory.csv,12,p_value,0.0111992384722726,,,,,,,,,,,,,,,,,,,,,all_tasks,all,all,event_trial_type_onset__CSminus_freq_B3,renewal_safety_retrieval,renewal,CS− safety-like B3 occupancy during renewal,/mnt/d/Thesis Masters/thesis-runs/codebase/ela_primary_feature_list_template.csv,0.0223984769445453,True,0.0223984769445453,True,2.0,,
PTSD,SAI_pre,event_trial_type_hrf4__CSplus_within_peripheral_rate_including_stay,24.0,0.4994559428495091,0.0129591968719315,holm,0.0259183937438631,True,clinical_spearman_confirmatory.csv,/mnt/d/Thesis Masters/thesis-runs/ELA_run_5ROI/_merged_fit_runs_ela_5ROI/merge_baseline_ela_5ROI/ELA_features/confirmatory_analysis_v3_notaskfilter/clinical_spearman_confirmatory.csv,13,p_value,0.0129591968719315,,,,,,,,,,,,,,,,,,,,,all_tasks,all,PTSD,event_trial_type_hrf4__CSplus_within_peripheral_rate_including_stay,extinction_peripheral_dynamics,extinction,CS+ retention within peripheral basin space,/mnt/d/Thesis Masters/thesis-runs/codebase/ela_primary_feature_list_template.csv,0.0259183937438631,True,0.0259183937438631,True,2.0,,
PTSD,BDI,event_trial_type_hrf4__CSplus_freq_B2,24.0,-0.4786771558532733,0.0179662043244257,holm,0.0359324086488515,True,clinical_spearman_confirmatory.csv,/mnt/d/Thesis Masters/thesis-runs/ELA_run_5ROI/_merged_fit_runs_ela_5ROI/merge_baseline_ela_5ROI/ELA_features/confirmatory_analysis_v3_notaskfilter/clinical_spearman_confirmatory.csv,14,p_value,0.0179662043244257,,,,,,,,,,,,,,,,,,,,,all_tasks,all,PTSD,event_trial_type_hrf4__CSplus_freq_B2,event_threat_safety,all,CS+ recruitment of threat-like B2,/mnt/d/Thesis Masters/thesis-runs/codebase/ela_primary_feature_list_template.csv,0.0359324086488515,True,0.0359324086488515,True,2.0,,
all,IUS,event_trial_type_hrf4__CSplus_major_to_peripheral_rate,47.0,-0.3432182164337215,0.0181831544028011,holm,0.0363663088056022,True,clinical_spearman_confirmatory.csv,/mnt/d/Thesis Masters/thesis-runs/ELA_run_5ROI/_merged_fit_runs_ela_5ROI/merge_baseline_ela_5ROI/ELA_features/confirmatory_analysis_v3_notaskfilter/clinical_spearman_confirmatory.csv,15,p_value,0.0181831544028011,,,,,,,,,,,,,,,,,,,,,all_tasks,all,all,event_trial_type_hrf4__CSplus_major_to_peripheral_rate,acquisition_threat_learning,acquisition,CS+ movement from global to peripheral basins during acquisition,/mnt/d/Thesis Masters/thesis-runs/codebase/ela_primary_feature_list_template.csv,0.0363663088056022,True,0.0363663088056022,True,2.0,,
PTSD,IUS,traveling_score_TR_AA_over_TR_PP,22.0,0.4937818765207843,0.0195143296972895,holm,0.0390286593945791,True,clinical_spearman_confirmatory.csv,/mnt/d/Thesis Masters/thesis-runs/ELA_run_5ROI/_merged_fit_runs_ela_5ROI/merge_baseline_ela_5ROI/ELA_features/confirmatory_analysis_v3_notaskfilter/clinical_spearman_confirmatory.csv,16,p_value,0.0195143296972895,,,,,,,,,,,,,,,,,,,,,all_tasks,all,PTSD,traveling_score_TR_AA_over_TR_PP,summary_scores,all,Generalized traveling score,/mnt/d/Thesis Masters/thesis-runs/codebase/ela_primary_feature_list_template.csv,0.0390286593945791,True,0.0390286593945791,True,2.0,,
all,IUS,lingering_score_SR_AA_plus_SR_PP,47.0,0.3281027810139992,0.0243526349638349,holm,0.0243526349638349,True,clinical_spearman_confirmatory.csv,/mnt/d/Thesis Masters/thesis-runs/ELA_run_5ROI/_merged_fit_runs_ela_5ROI/merge_baseline_ela_5ROI/ELA_features/confirmatory_analysis_v3_notaskfilter/clinical_spearman_confirmatory.csv,17,p_value,0.0243526349638349,,,,,,,,,,,,,,,,,,,,,all_tasks,all,all,lingering_score_SR_AA_plus_SR_PP,summary_scores,all,Generalized lingering score,/mnt/d/Thesis Masters/thesis-runs/codebase/ela_primary_feature_list_template.csv,0.0487052699276698,True,0.0243526349638349,True,2.0,,
PTSD,IUS,peripheral_transition_rate_TR_P_to_Pprime,23.0,-0.4668647189837765,0.0247114762835948,holm,0.0741344288507845,False,clinical_spearman_confirmatory.csv,/mnt/d/Thesis Masters/thesis-runs/ELA_run_5ROI/_merged_fit_runs_ela_5ROI/merge_baseline_ela_5ROI/ELA_features/confirmatory_analysis_v3_notaskfilter/clinical_spearman_confirmatory.csv,18,p_value,0.0247114762835948,,,,,,,,,,,,,,,,,,,,,all_tasks,all,PTSD,peripheral_transition_rate_TR_P_to_Pprime,major_peripheral_dynamics,all,Movement among peripheral threat/safety basins,/mnt/d/Thesis Masters/thesis-runs/codebase/ela_primary_feature_list_template.csv,0.0741344288507845,False,0.0741344288507845,False,3.0,,
PTSD,IUS,event_trial_type_onset__CSminus_freq_B3,23.0,-0.4442247079984319,0.0337045595741662,holm,0.0674091191483324,False,clinical_spearman_confirmatory.csv,/mnt/d/Thesis Masters/thesis-runs/ELA_run_5ROI/_merged_fit_runs_ela_5ROI/merge_baseline_ela_5ROI/ELA_features/confirmatory_analysis_v3_notaskfilter/clinical_spearman_confirmatory.csv,19,p_value,0.0337045595741662,,,,,,,,,,,,,,,,,,,,,all_tasks,all,PTSD,event_trial_type_onset__CSminus_freq_B3,renewal_safety_retrieval,renewal,CS− safety-like B3 occupancy during renewal,/mnt/d/Thesis Masters/thesis-runs/codebase/ela_primary_feature_list_template.csv,0.0674091191483324,False,0.0674091191483324,False,2.0,,
PTSD,IUS,lingering_score_SR_AA_plus_SR_PP,23.0,0.4416421547166445,0.0348764769116247,holm,0.0390286593945791,True,clinical_spearman_confirmatory.csv,/mnt/d/Thesis Masters/thesis-runs/ELA_run_5ROI/_merged_fit_runs_ela_5ROI/merge_baseline_ela_5ROI/ELA_features/confirmatory_analysis_v3_notaskfilter/clinical_spearman_confirmatory.csv,20,p_value,0.0348764769116247,,,,,,,,,,,,,,,,,,,,,all_tasks,all,PTSD,lingering_score_SR_AA_plus_SR_PP,summary_scores,all,Generalized lingering score,/mnt/d/Thesis Masters/thesis-runs/codebase/ela_primary_feature_list_template.csv,0.0697529538232495,False,0.0390286593945791,True,2.0,,
,,dyn_Direct_transitions_from_B2_to_B1,48.0,,0.0148723508560548,holm,0.0297447017121097,True,covariate_models_confirmatory.csv,/mnt/d/Thesis Masters/thesis-runs/ELA_run_5ROI/_merged_fit_runs_ela_5ROI/merge_baseline_ela_5ROI/ELA_features/confirmatory_analysis_v3_notaskfilter/covariate_models_confirmatory.csv,1,p_value,0.0148723508560548,dyn_Direct_transitions_from_B2_to_B1 ~ C(group) + age + C(sex),C(group)[T.PTSD],-0.0119023557202221,-2.535083535481763,0.1438593243389858,0.0854860964530076,,,,,,,,,,,,,,,all,,,dyn_Direct_transitions_from_B2_to_B1,peripheral_to_major_edges,,Threat-like B2 to all-off B1 return route,/mnt/d/Thesis Masters/thesis-runs/codebase/ela_primary_feature_list_template.csv,0.0297447017121097,True,0.0297447017121097,True,2.0,,
,,event_trial_type_hrf4__CSplus_within_peripheral_rate_including_stay,48.0,,0.0176155568163538,holm,0.0352311136327076,True,covariate_models_confirmatory.csv,/mnt/d/Thesis Masters/thesis-runs/ELA_run_5ROI/_merged_fit_runs_ela_5ROI/merge_baseline_ela_5ROI/ELA_features/confirmatory_analysis_v3_notaskfilter/covariate_models_confirmatory.csv,2,p_value,0.0176155568163538,event_trial_type_hrf4__CSplus_within_peripheral_rate_including_stay ~ C(group) + age + C(sex),C(group)[T.PTSD],-0.0550226036378161,-2.4663765151815675,0.123357140393838,0.0635860363297816,,,,,,,,,,,,,,,extinction,,,event_trial_type_hrf4__CSplus_within_peripheral_rate_including_stay,extinction_peripheral_dynamics,,CS+ retention within peripheral basin space,/mnt/d/Thesis Masters/thesis-runs/codebase/ela_primary_feature_list_template.csv,0.0352311136327076,True,0.0352311136327076,True,2.0,,
,,basin_entropy,48.0,,0.0544336747304025,holm,0.0544336747304025,False,covariate_models_confirmatory.csv,/mnt/d/Thesis Masters/thesis-runs/ELA_run_5ROI/_merged_fit_runs_ela_5ROI/merge_baseline_ela_5ROI/ELA_features/confirmatory_analysis_v3_notaskfilter/covariate_models_confirmatory.csv,3,p_value,0.0544336747304025,basin_entropy ~ C(group) + age + C(sex),C(group)[T.PTSD],-0.0240190893773384,-1.976104108683634,0.0925142680576741,0.0306402408797883,,,,,,,,,,,,,,,all,,,basin_entropy,flexibility,,Basin repertoire/flexibility,/mnt/d/Thesis Masters/thesis-runs/codebase/ela_primary_feature_list_template.csv,0.0544336747304025,False,0.0544336747304025,False,1.0,,
,,dwell_max_B1,48.0,,0.140142426044578,holm,0.2802848520891561,False,covariate_models_confirmatory.csv,/mnt/d/Thesis Masters/thesis-runs/ELA_run_5ROI/_merged_fit_runs_ela_5ROI/merge_baseline_ela_5ROI/ELA_features/confirmatory_analysis_v3_notaskfilter/covariate_models_confirmatory.csv,4,p_value,0.140142426044578,dwell_max_B1 ~ C(group) + age + C(sex),C(group)[T.PTSD],0.9037199798971702,1.5023806238555548,0.0989102957220471,0.0374723613394595,,,,,,,,,,,,,,,baseline,,,dwell_max_B1,baseline_control,,Baseline max dwell in all-off basin,/mnt/d/Thesis Masters/thesis-runs/codebase/ela_primary_feature_list_template.csv,0.2802848520891561,False,0.2802848520891561,False,2.0,,
,,staying_rate_major_SR_A_to_A,48.0,,0.1745650933201533,holm,0.52369527996046,False,covariate_models_confirmatory.csv,/mnt/d/Thesis Masters/thesis-runs/ELA_run_5ROI/_merged_fit_runs_ela_5ROI/merge_baseline_ela_5ROI/ELA_features/confirmatory_analysis_v3_notaskfilter/covariate_models_confirmatory.csv,5,p_value,0.1745650933201533,staying_rate_major_SR_A_to_A ~ C(group) + age + C(sex),C(group)[T.PTSD],0.0324526029022936,1.3799795591147024,0.0574864279300407,-0.006775861074729,,,,,,,,,,,,,,,all,,,staying_rate_major_SR_A_to_A,major_peripheral_dynamics,,Major-basin staying/locking,/mnt/d/Thesis Masters/thesis-runs/codebase/ela_primary_feature_list_template.csv,0.52369527996046,False,0.52369527996046,False,3.0,,
,,dwell_max_B4,48.0,,0.1984409710297561,holm,0.2802848520891561,False,covariate_models_confirmatory.csv,/mnt/d/Thesis Masters/thesis-runs/ELA_run_5ROI/_merged_fit_runs_ela_5ROI/merge_baseline_ela_5ROI/ELA_features/confirmatory_analysis_v3_notaskfilter/covariate_models_confirmatory.csv,6,p_value,0.1984409710297561,dwell_max_B4 ~ C(group) + age + C(sex),C(group)[T.PTSD],0.7050865898608207,1.3056985827237684,0.1419215990958169,0.0834162535796226,,,,,,,,,,,,,,,baseline,,,dwell_max_B4,baseline_control,,Baseline max dwell in all-on basin,/mnt/d/Thesis Masters/thesis-runs/codebase/ela_primary_feature_list_template.csv,0.3968819420595123,False,0.2802848520891561,False,2.0,,
,,peripheral_transition_rate_TR_P_to_Pprime,48.0,,0.221053203783294,holm,0.52369527996046,False,covariate_models_confirmatory.csv,/mnt/d/Thesis Masters/thesis-runs/ELA_run_5ROI/_merged_fit_runs_ela_5ROI/merge_baseline_ela_5ROI/ELA_features/confirmatory_analysis_v3_notaskfilter/covariate_models_confirmatory.csv,7,p_value,0.221053203783294,peripheral_transition_rate_TR_P_to_Pprime ~ C(group) + age + C(sex),C(group)[T.PTSD],-0.0072750131173307,-1.2413514114010913,0.0441038650780645,-0.0210708713938856,,,,,,,,,,,,,,,all,,,peripheral_transition_rate_TR_P_to_Pprime,major_peripheral_dynamics,,Movement among peripheral threat/safety basins,/mnt/d/Thesis Masters/thesis-runs/codebase/ela_primary_feature_list_template.csv,0.6631596113498822,False,0.52369527996046,False,3.0,,
,,traveling_score_TR_AA_over_TR_PP,47.0,,0.2320081263387351,holm,0.4640162526774703,False,covariate_models_confirmatory.csv,/mnt/d/Thesis Masters/thesis-runs/ELA_run_5ROI/_merged_fit_runs_ela_5ROI/merge_baseline_ela_5ROI/ELA_features/confirmatory_analysis_v3_notaskfilter/covariate_models_confirmatory.csv,8,p_value,0.2320081263387351,traveling_score_TR_AA_over_TR_PP ~ C(group) + age + C(sex),C(group)[T.PTSD],3.258052716170337,1.2123223423303646,0.047819509157241,-0.0186116878783,,,,,,,,,,,,,,,all,,,traveling_score_TR_AA_over_TR_PP,summary_scores,,Generalized traveling score,/mnt/d/Thesis Masters/thesis-runs/codebase/ela_primary_feature_list_template.csv,0.4640162526774703,False,0.4640162526774703,False,2.0,,
,,event_trial_type_hrf4__CSplus_staying_rate_major_SR_A_to_A,48.0,,0.2869873688867102,holm,0.5739747377734205,False,covariate_models_confirmatory.csv,/mnt/d/Thesis Masters/thesis-runs/ELA_run_5ROI/_merged_fit_runs_ela_5ROI/merge_baseline_ela_5ROI/ELA_features/confirmatory_analysis_v3_notaskfilter/covariate_models_confirmatory.csv,9,p_value,0.2869873688867102,event_trial_type_hrf4__CSplus_staying_rate_major_SR_A_to_A ~ C(group) + age + C(sex),C(group)[T.PTSD],0.0306763492377453,1.0778210995813011,0.0573340088199481,-0.0069386723968736,,,,,,,,,,,,,,,acquisition,,,event_trial_type_hrf4__CSplus_staying_rate_major_SR_A_to_A,acquisition_threat_learning,,CS+ major-basin staying during acquisition,/mnt/d/Thesis Masters/thesis-runs/codebase/ela_primary_feature_list_template.csv,0.5739747377734205,False,0.5739747377734205,False,2.0,,
,,peripheral_to_major_rate,48.0,,0.2904264165398951,holm,0.52369527996046,False,covariate_models_confirmatory.csv,/mnt/d/Thesis Masters/thesis-runs/ELA_run_5ROI/_merged_fit_runs_ela_5ROI/merge_baseline_ela_5ROI/ELA_features/confirmatory_analysis_v3_notaskfilter/covariate_models_confirmatory.csv,10,p_value,0.2904264165398951,peripheral_to_major_rate ~ C(group) + age + C(sex),C(group)[T.PTSD],-0.0109910189421279,-1.0700621189402189,0.0268605285753599,-0.0394898899308655,,,,,,,,,,,,,,,all,,,peripheral_to_major_rate,major_peripheral_dynamics,,Summary return from peripheral to major basins,/mnt/d/Thesis Masters/thesis-runs/codebase/ela_primary_feature_list_template.csv,0.8712792496196855,False,0.52369527996046,False,3.0,,
,,event_trial_type_onset__CSminus_freq_B3,48.0,,0.3816220428555089,holm,0.7632440857110179,False,covariate_models_confirmatory.csv,/mnt/d/Thesis Masters/thesis-runs/ELA_run_5ROI/_merged_fit_runs_ela_5ROI/merge_baseline_ela_5ROI/ELA_features/confirmatory_analysis_v3_notaskfilter/covariate_models_confirmatory.csv,11,p_value,0.3816220428555089,event_trial_type_onset__CSminus_freq_B3 ~ C(group) + age + C(sex),C(group)[T.PTSD],-0.0196885305020041,-0.8837736887878037,0.0649668473227927,0.0012145869129832,,,,,,,,,,,,,,,renewal,,,event_trial_type_onset__CSminus_freq_B3,renewal_safety_retrieval,,CS− safety-like B3 occupancy during renewal,/mnt/d/Thesis Masters/thesis-runs/codebase/ela_primary_feature_list_template.csv,0.7632440857110179,False,0.7632440857110179,False,2.0,,
,,dyn_Direct_transitions_from_B3_to_B4,48.0,,0.4160053312701158,holm,0.4160053312701158,False,covariate_models_confirmatory.csv,/mnt/d/Thesis Masters/thesis-runs/ELA_run_5ROI/_merged_fit_runs_ela_5ROI/merge_baseline_ela_5ROI/ELA_features/confirmatory_analysis_v3_notaskfilter/covariate_models_confirmatory.csv,12,p_value,0.4160053312701158,dyn_Direct_transitions_from_B3_to_B4 ~ C(group) + age + C(sex),C(group)[T.PTSD],-0.0037833154412475,-0.8211190850271471,0.126314598178801,0.0667451389637193,,,,,,,,,,,,,,,all,,,dyn_Direct_transitions_from_B3_to_B4,peripheral_to_major_edges,,Safety-like B3 to all-on B4 return route,/mnt/d/Thesis Masters/thesis-runs/codebase/ela_primary_feature_list_template.csv,0.8320106625402317,False,0.4160053312701158,False,2.0,,
,,event_trial_type_onset__CSminus_freq_B1,48.0,,0.4463151441826174,holm,0.7632440857110179,False,covariate_models_confirmatory.csv,/mnt/d/Thesis Masters/thesis-runs/ELA_run_5ROI/_merged_fit_runs_ela_5ROI/merge_baseline_ela_5ROI/ELA_features/confirmatory_analysis_v3_notaskfilter/covariate_models_confirmatory.csv,13,p_value,0.4463151441826174,event_trial_type_onset__CSminus_freq_B1 ~ C(group) + age + C(sex),C(group)[T.PTSD],-0.0246885865990542,-0.7684666459733606,0.0367890009554173,-0.0288844762521678,,,,,,,,,,,,,,,renewal,,,event_trial_type_onset__CSminus_freq_B1,renewal_safety_retrieval,,CS− all-off occupancy during renewal,/mnt/d/Thesis Masters/thesis-runs/codebase/ela_primary_feature_list_template.csv,0.8926302883652348,False,0.7632440857110179,False,2.0,,
,,event_trial_type_hrf4__CSplus_peripheral_transition_rate_TR_P_to_Pprime,48.0,,0.4529748518435996,holm,0.4529748518435996,False,covariate_models_confirmatory.csv,/mnt/d/Thesis Masters/thesis-runs/ELA_run_5ROI/_merged_fit_runs_ela_5ROI/merge_baseline_ela_5ROI/ELA_features/confirmatory_analysis_v3_notaskfilter/covariate_models_confirmatory.csv,14,p_value,0.4529748518435996,event_trial_type_hrf4__CSplus_peripheral_transition_rate_TR_P_to_Pprime ~ C(group) + age + C(sex),C(group)[T.PTSD],-0.009005084273851,-0.7571851475566984,0.0327123828831964,-0.0332390455565856,,,,,,,,,,,,,,,extinction,,,event_trial_type_hrf4__CSplus_peripheral_transition_rate_TR_P_to_Pprime,extinction_peripheral_dynamics,,CS+ peripheral movement during extinction,/mnt/d/Thesis Masters/thesis-runs/codebase/ela_primary_feature_list_template.csv,0.9059497036871992,False,0.4529748518435996,False,2.0,,
,,event_trial_type_hrf4__CSplus_major_to_peripheral_rate,48.0,,0.4896092053500582,holm,0.5739747377734205,False,covariate_models_confirmatory.csv,/mnt/d/Thesis Masters/thesis-runs/ELA_run_5ROI/_merged_fit_runs_ela_5ROI/merge_baseline_ela_5ROI/ELA_features/confirmatory_analysis_v3_notaskfilter/covariate_models_confirmatory.csv,15,p_value,0.4896092053500582,event_trial_type_hrf4__CSplus_major_to_peripheral_rate ~ C(group) + age + C(sex),C(group)[T.PTSD],-0.0145421527299254,-0.6967740860261601,0.01856278525809,-0.0483533884743128,,,,,,,,,,,,,,,acquisition,,,event_trial_type_hrf4__CSplus_major_to_peripheral_rate,acquisition_threat_learning,,CS+ movement from global to peripheral basins during acquisition,/mnt/d/Thesis Masters/thesis-runs/codebase/ela_primary_feature_list_template.csv,0.9792184107001164,False,0.5739747377734205,False,2.0,,
,,event_trial_type_hrf4__CSplus_freq_B4,48.0,,0.5357422931704371,holm,0.5357422931704371,False,covariate_models_confirmatory.csv,/mnt/d/Thesis Masters/thesis-runs/ELA_run_5ROI/_merged_fit_runs_ela_5ROI/merge_baseline_ela_5ROI/ELA_features/confirmatory_analysis_v3_notaskfilter/covariate_models_confirmatory.csv,16,p_value,0.5357422931704371,event_trial_type_hrf4__CSplus_freq_B4 ~ C(group) + age + C(sex),C(group)[T.PTSD],0.0203273657031993,0.624164899056652,0.0121361233753619,-0.055218231849045,,,,,,,,,,,,,,,all,,,event_trial_type_hrf4__CSplus_freq_B4,global_locking,,CS+ all-on/global locking,/mnt/d/Thesis Masters/thesis-runs/codebase/ela_primary_feature_list_template.csv,0.5357422931704371,False,0.5357422931704371,False,1.0,,
,,event_trial_type_hrf4__CSminus_freq_B3,48.0,,0.5914149759314139,holm,1.0,False,covariate_models_confirmatory.csv,/mnt/d/Thesis Masters/thesis-runs/ELA_run_5ROI/_merged_fit_runs_ela_5ROI/merge_baseline_ela_5ROI/ELA_features/confirmatory_analysis_v3_notaskfilter/covariate_models_confirmatory.csv,17,p_value,0.5914149759314139,event_trial_type_hrf4__CSminus_freq_B3 ~ C(group) + age + C(sex),C(group)[T.PTSD],0.011354097527179,0.5407384438504638,0.083896433757312,0.0214348269680378,,,,,,,,,,,,,,,all,,,event_trial_type_hrf4__CSminus_freq_B3,event_threat_safety,,CS− recruitment of safety-like B3,/mnt/d/Thesis Masters/thesis-runs/codebase/ela_primary_feature_list_template.csv,1.0,False,1.0,False,2.0,,
,,lingering_score_SR_AA_plus_SR_PP,48.0,,0.6679369542936064,holm,0.6679369542936064,False,covariate_models_confirmatory.csv,/mnt/d/Thesis Masters/thesis-runs/ELA_run_5ROI/_merged_fit_runs_ela_5ROI/merge_baseline_ela_5ROI/ELA_features/confirmatory_analysis_v3_notaskfilter/covariate_models_confirmatory.csv,18,p_value,0.6679369542936064,lingering_score_SR_AA_plus_SR_PP ~ C(group) + age + C(sex),C(group)[T.PTSD],0.0115902031581767,0.4318810304348241,0.0117125618004111,-0.0556706726222879,,,,,,,,,,,,,,,all,,,lingering_score_SR_AA_plus_SR_PP,summary_scores,,Generalized lingering score,/mnt/d/Thesis Masters/thesis-runs/codebase/ela_primary_feature_list_template.csv,1.0,False,0.6679369542936064,False,2.0,,
,,event_trial_type_hrf4__CSplus_freq_B2,48.0,,0.8421125347371351,holm,1.0,False,covariate_models_confirmatory.csv,/mnt/d/Thesis Masters/thesis-runs/ELA_run_5ROI/_merged_fit_runs_ela_5ROI/merge_baseline_ela_5ROI/ELA_features/confirmatory_analysis_v3_notaskfilter/covariate_models_confirmatory.csv,19,p_value,0.8421125347371351,event_trial_type_hrf4__CSplus_freq_B2 ~ C(group) + age + C(sex),C(group)[T.PTSD],0.0048593701563057,0.2003725238805493,0.0082841693333458,-0.0593328191211985,,,,,,,,,,,,,,,all,,,event_trial_type_hrf4__CSplus_freq_B2,event_threat_safety,,CS+ recruitment of threat-like B2,/mnt/d/Thesis Masters/thesis-runs/codebase/ela_primary_feature_list_template.csv,1.0,False,1.0,False,2.0,,
,,dwell_max_B4,,,0.0118974929855371,holm,0.0237949859710743,True,group_tests_confirmatory.csv,/mnt/d/Thesis Masters/thesis-runs/ELA_run_5ROI/_merged_fit_runs_ela_5ROI/merge_baseline_ela_5ROI/ELA_features/confirmatory_analysis_v3_notaskfilter/group_tests_confirmatory.csv,1,p_value,0.0118974929855371,,,,,,,group_overall,mannwhitney_u,24.0,24.0,HC,PTSD,4.875,5.916666666666667,5.0,6.0,-1.041666666666667,168.5,-0.6912515795116639,-0.4149305555555556,baseline,,,dwell_max_B4,baseline_control,,Baseline max dwell in all-on basin,/mnt/d/Thesis Masters/thesis-runs/codebase/ela_primary_feature_list_template.csv,0.0237949859710743,True,0.0237949859710743,True,2.0,,
,,dwell_max_B1,,,0.0169659184632934,holm,0.0237949859710743,True,group_tests_confirmatory.csv,/mnt/d/Thesis Masters/thesis-runs/ELA_run_5ROI/_merged_fit_runs_ela_5ROI/merge_baseline_ela_5ROI/ELA_features/confirmatory_analysis_v3_notaskfilter/group_tests_confirmatory.csv,2,p_value,0.0169659184632934,,,,,,,group_overall,mannwhitney_u,24.0,24.0,HC,PTSD,5.541666666666667,6.583333333333333,5.0,6.5,-1.041666666666666,174.0,-0.6299147054640619,-0.3958333333333333,baseline,,,dwell_max_B1,baseline_control,,Baseline max dwell in all-off basin,/mnt/d/Thesis Masters/thesis-runs/codebase/ela_primary_feature_list_template.csv,0.0339318369265869,True,0.0237949859710743,True,2.0,,
,,event_trial_type_hrf4__CSplus_within_peripheral_rate_including_stay,,,0.0525673980625075,holm,0.1051347961250151,False,group_tests_confirmatory.csv,/mnt/d/Thesis Masters/thesis-runs/ELA_run_5ROI/_merged_fit_runs_ela_5ROI/merge_baseline_ela_5ROI/ELA_features/confirmatory_analysis_v3_notaskfilter/group_tests_confirmatory.csv,3,p_value,0.0525673980625075,,,,,,,group_overall,mannwhitney_u,24.0,24.0,HC,PTSD,0.1410588593566596,0.1075033503588037,0.1483516483516483,0.1008105369807497,0.0335555089978558,382.5,0.5323744563189169,0.328125,extinction,,,event_trial_type_hrf4__CSplus_within_peripheral_rate_including_stay,extinction_peripheral_dynamics,,CS+ retention within peripheral basin space,/mnt/d/Thesis Masters/thesis-runs/codebase/ela_primary_feature_list_template.csv,0.1051347961250151,False,0.1051347961250151,False,2.0,,
,,dyn_Direct_transitions_from_B2_to_B1,,,0.0761726763346949,holm,0.1523453526693899,False,group_tests_confirmatory.csv,/mnt/d/Thesis Masters/thesis-runs/ELA_run_5ROI/_merged_fit_runs_ela_5ROI/merge_baseline_ela_5ROI/ELA_features/confirmatory_analysis_v3_notaskfilter/group_tests_confirmatory.csv,4,p_value,0.0761726763346949,,,,,,,group_overall,mannwhitney_u,24.0,24.0,HC,PTSD,0.05301675,0.0456142916666666,0.0528465,0.0472449999999999,0.0074024583333333,374.5,0.5529782309550816,0.3003472222222222,all,,,dyn_Direct_transitions_from_B2_to_B1,peripheral_to_major_edges,,Threat-like B2 to all-off B1 return route,/mnt/d/Thesis Masters/thesis-runs/codebase/ela_primary_feature_list_template.csv,0.1523453526693899,False,0.1523453526693899,False,2.0,,
,,dyn_Direct_transitions_from_B3_to_B4,,,0.0832310428624243,holm,0.1523453526693899,False,group_tests_confirmatory.csv,/mnt/d/Thesis Masters/thesis-runs/ELA_run_5ROI/_merged_fit_runs_ela_5ROI/merge_baseline_ela_5ROI/ELA_features/confirmatory_analysis_v3_notaskfilter/group_tests_confirmatory.csv,5,p_value,0.0832310428624243,,,,,,,group_overall,mannwhitney_u,24.0,24.0,HC,PTSD,0.0609297916666666,0.0542253333333333,0.0618555,0.0538825,0.0067044583333333,372.5,0.51288678240459,0.2934027777777778,all,,,dyn_Direct_transitions_from_B3_to_B4,peripheral_to_major_edges,,Safety-like B3 to all-on B4 return route,/mnt/d/Thesis Masters/thesis-runs/codebase/ela_primary_feature_list_template.csv,0.1664620857248487,False,0.1523453526693899,False,2.0,,
,,staying_rate_major_SR_A_to_A,,,0.1219698929400572,holm,0.3659096788201719,False,group_tests_confirmatory.csv,/mnt/d/Thesis Masters/thesis-runs/ELA_run_5ROI/_merged_fit_runs_ela_5ROI/merge_baseline_ela_5ROI/ELA_features/confirmatory_analysis_v3_notaskfilter/group_tests_confirmatory.csv,6,p_value,0.1219698929400572,,,,,,,group_overall,mannwhitney_u,24.0,24.0,HC,PTSD,0.2982034092282286,0.3291594754147912,0.3046360538813269,0.3193182312274447,-0.0309560661865626,212.5,-0.4799769016173792,-0.2621527777777778,all,,,staying_rate_major_SR_A_to_A,major_peripheral_dynamics,,Major-basin staying/locking,/mnt/d/Thesis Masters/thesis-runs/codebase/ela_primary_feature_list_template.csv,0.3659096788201719,False,0.3659096788201719,False,3.0,,
,,basin_entropy,,,0.1296345808790129,holm,0.1296345808790129,False,group_tests_confirmatory.csv,/mnt/d/Thesis Masters/thesis-runs/ELA_run_5ROI/_merged_fit_runs_ela_5ROI/merge_baseline_ela_5ROI/ELA_features/confirmatory_analysis_v3_notaskfilter/group_tests_confirmatory.csv,7,p_value,0.1296345808790129,,,,,,,group_overall,mannwhitney_u,24.0,24.0,HC,PTSD,0.9529856403653943,0.9366850847786782,0.95577920740685,0.9512839429231236,0.0163005555867162,362.0,0.4798163065546455,0.2569444444444444,all,,,basin_entropy,flexibility,,Basin repertoire/flexibility,/mnt/d/Thesis Masters/thesis-runs/codebase/ela_primary_feature_list_template.csv,0.1296345808790129,False,0.1296345808790129,False,1.0,,
,,event_trial_type_hrf4__CSplus_staying_rate_major_SR_A_to_A,,,0.1799423343043386,holm,0.3598846686086772,False,group_tests_confirmatory.csv,/mnt/d/Thesis Masters/thesis-runs/ELA_run_5ROI/_merged_fit_runs_ela_5ROI/merge_baseline_ela_5ROI/ELA_features/confirmatory_analysis_v3_notaskfilter/group_tests_confirmatory.csv,8,p_value,0.1799423343043386,,,,,,,group_overall,mannwhitney_u,24.0,24.0,HC,PTSD,0.2811970687863258,0.3073458487156113,0.2699079631852741,0.3126356925749023,-0.0261487799292854,222.5,-0.3299818803572252,-0.2274305555555555,acquisition,,,event_trial_type_hrf4__CSplus_staying_rate_major_SR_A_to_A,acquisition_threat_learning,,CS+ major-basin staying during acquisition,/mnt/d/Thesis Masters/thesis-runs/codebase/ela_primary_feature_list_template.csv,0.3598846686086772,False,0.3598846686086772,False,2.0,,
,,event_trial_type_onset__CSminus_freq_B3,,,0.3641105693510041,holm,0.7282211387020083,False,group_tests_confirmatory.csv,/mnt/d/Thesis Masters/thesis-runs/ELA_run_5ROI/_merged_fit_runs_ela_5ROI/merge_baseline_ela_5ROI/ELA_features/confirmatory_analysis_v3_notaskfilter/group_tests_confirmatory.csv,9,p_value,0.3641105693510041,,,,,,,group_overall,mannwhitney_u,24.0,24.0,HC,PTSD,0.2057590955348601,0.1865307631080467,0.2078100470957613,0.2020408163265306,0.0192283324268133,332.5,0.3081999631811673,0.1545138888888889,renewal,,,event_trial_type_onset__CSminus_freq_B3,renewal_safety_retrieval,,CS− safety-like B3 occupancy during renewal,/mnt/d/Thesis Masters/thesis-runs/codebase/ela_primary_feature_list_template.csv,0.7282211387020083,False,0.7282211387020083,False,2.0,,
,,event_trial_type_hrf4__CSplus_peripheral_transition_rate_TR_P_to_Pprime,,,0.3830971258318002,holm,0.3830971258318002,False,group_tests_confirmatory.csv,/mnt/d/Thesis Masters/thesis-runs/ELA_run_5ROI/_merged_fit_runs_ela_5ROI/merge_baseline_ela_5ROI/ELA_features/confirmatory_analysis_v3_notaskfilter/group_tests_confirmatory.csv,10,p_value,0.3830971258318002,,,,,,,group_overall,mannwhitney_u,24.0,24.0,HC,PTSD,0.0302504165020942,0.0297133953133668,0.0190493468795355,0.0220019342359767,0.0005370211887274,246.0,0.0162006683720508,-0.1458333333333333,extinction,,,event_trial_type_hrf4__CSplus_peripheral_transition_rate_TR_P_to_Pprime,extinction_peripheral_dynamics,,CS+ peripheral movement during extinction,/mnt/d/Thesis Masters/thesis-runs/codebase/ela_primary_feature_list_template.csv,0.7661942516636004,False,0.3830971258318002,False,2.0,,
,,lingering_score_SR_AA_plus_SR_PP,,,0.5294149186577493,holm,1.0,False,group_tests_confirmatory.csv,/mnt/d/Thesis Masters/thesis-runs/ELA_run_5ROI/_merged_fit_runs_ela_5ROI/merge_baseline_ela_5ROI/ELA_features/confirmatory_analysis_v3_notaskfilter/group_tests_confirmatory.csv,11,p_value,0.5294149186577493,,,,,,,group_overall,mannwhitney_u,24.0,24.0,HC,PTSD,0.3998982593097399,0.4123244480052646,0.40159381592827,0.4013085181968895,-0.0124261886955246,257.0,-0.1685350610642478,-0.1076388888888889,all,,,lingering_score_SR_AA_plus_SR_PP,summary_scores,,Generalized lingering score,/mnt/d/Thesis Masters/thesis-runs/codebase/ela_primary_feature_list_template.csv,1.0,False,1.0,False,2.0,,
,,peripheral_to_major_rate,,,0.5294149186577493,holm,1.0,False,group_tests_confirmatory.csv,/mnt/d/Thesis Masters/thesis-runs/ELA_run_5ROI/_merged_fit_runs_ela_5ROI/merge_baseline_ela_5ROI/ELA_features/confirmatory_analysis_v3_notaskfilter/group_tests_confirmatory.csv,12,p_value,0.5294149186577493,,,,,,,group_overall,mannwhitney_u,24.0,24.0,HC,PTSD,0.2052272585556815,0.1967491197782117,0.2057648015174095,0.1991902834008097,0.0084781387774698,319.0,0.3005035946940215,0.1076388888888889,all,,,peripheral_to_major_rate,major_peripheral_dynamics,,Summary return from peripheral to major basins,/mnt/d/Thesis Masters/thesis-runs/codebase/ela_primary_feature_list_template.csv,1.0,False,1.0,False,3.0,,
,,peripheral_transition_rate_TR_P_to_Pprime,,,0.7105155208015322,holm,1.0,False,group_tests_confirmatory.csv,/mnt/d/Thesis Masters/thesis-runs/ELA_run_5ROI/_merged_fit_runs_ela_5ROI/merge_baseline_ela_5ROI/ELA_features/confirmatory_analysis_v3_notaskfilter/group_tests_confirmatory.csv,13,p_value,0.7105155208015322,,,,,,,group_overall,mannwhitney_u,24.0,24.0,HC,PTSD,0.0316176689437713,0.0285856907244097,0.0290664030476925,0.0287782122521779,0.0030319782193616,306.5,0.1853378342652805,0.0642361111111111,all,,,peripheral_transition_rate_TR_P_to_Pprime,major_peripheral_dynamics,,Movement among peripheral threat/safety basins,/mnt/d/Thesis Masters/thesis-runs/codebase/ela_primary_feature_list_template.csv,1.0,False,1.0,False,3.0,,
,,event_trial_type_hrf4__CSplus_major_to_peripheral_rate,,,0.733638963045637,holm,0.733638963045637,False,group_tests_confirmatory.csv,/mnt/d/Thesis Masters/thesis-runs/ELA_run_5ROI/_merged_fit_runs_ela_5ROI/merge_baseline_ela_5ROI/ELA_features/confirmatory_analysis_v3_notaskfilter/group_tests_confirmatory.csv,14,p_value,0.733638963045637,,,,,,,group_overall,mannwhitney_u,24.0,24.0,HC,PTSD,0.2071108056054804,0.2031840767634097,0.2175992348158775,0.2135258358662613,0.0039267288420707,305.0,0.0680333758657026,0.0590277777777777,acquisition,,,event_trial_type_hrf4__CSplus_major_to_peripheral_rate,acquisition_threat_learning,,CS+ movement from global to peripheral basins during acquisition,/mnt/d/Thesis Masters/thesis-runs/codebase/ela_primary_feature_list_template.csv,1.0,False,0.733638963045637,False,2.0,,
,,event_trial_type_onset__CSminus_freq_B1,,,0.7570398152876756,holm,0.7570398152876756,False,group_tests_confirmatory.csv,/mnt/d/Thesis Masters/thesis-runs/ELA_run_5ROI/_merged_fit_runs_ela_5ROI/merge_baseline_ela_5ROI/ELA_features/confirmatory_analysis_v3_notaskfilter/group_tests_confirmatory.csv,15,p_value,0.7570398152876756,,,,,,,group_overall,mannwhitney_u,24.0,24.0,HC,PTSD,0.3492869248194972,0.3486704399060006,0.3404545454545454,0.3711734693877551,0.0006164849134965,272.5,0.0068698801754206,-0.0538194444444444,renewal,,,event_trial_type_onset__CSminus_freq_B1,renewal_safety_retrieval,,CS− all-off occupancy during renewal,/mnt/d/Thesis Masters/thesis-runs/codebase/ela_primary_feature_list_template.csv,1.0,False,0.7570398152876756,False,2.0,,
,,event_trial_type_hrf4__CSplus_freq_B4,,,0.8446405617154855,holm,0.8446405617154855,False,group_tests_confirmatory.csv,/mnt/d/Thesis Masters/thesis-runs/ELA_run_5ROI/_merged_fit_runs_ela_5ROI/merge_baseline_ela_5ROI/ELA_features/confirmatory_analysis_v3_notaskfilter/group_tests_confirmatory.csv,16,p_value,0.8446405617154855,,,,,,,group_overall,mannwhitney_u,24.0,24.0,HC,PTSD,0.331982651485087,0.3470364734254632,0.3341932457786116,0.3333333333333333,-0.0150538219403761,278.0,-0.1682073479740378,-0.0347222222222222,all,,,event_trial_type_hrf4__CSplus_freq_B4,global_locking,,CS+ all-on/global locking,/mnt/d/Thesis Masters/thesis-runs/codebase/ela_primary_feature_list_template.csv,0.8446405617154855,False,0.8446405617154855,False,1.0,,
,,event_trial_type_hrf4__CSplus_freq_B2,,,0.8770463291439825,holm,1.0,False,group_tests_confirmatory.csv,/mnt/d/Thesis Masters/thesis-runs/ELA_run_5ROI/_merged_fit_runs_ela_5ROI/merge_baseline_ela_5ROI/ELA_features/confirmatory_analysis_v3_notaskfilter/group_tests_confirmatory.csv,17,p_value,0.8770463291439825,,,,,,,group_overall,mannwhitney_u,24.0,24.0,HC,PTSD,0.1739687606337984,0.1716957633316188,0.173076923076923,0.2041245791245791,0.0022729973021795,280.0,0.0340526512782389,-0.0277777777777777,all,,,event_trial_type_hrf4__CSplus_freq_B2,event_threat_safety,,CS+ recruitment of threat-like B2,/mnt/d/Thesis Masters/thesis-runs/codebase/ela_primary_feature_list_template.csv,1.0,False,1.0,False,2.0,,
,,traveling_score_TR_AA_over_TR_PP,,,0.9152422982118906,holm,1.0,False,group_tests_confirmatory.csv,/mnt/d/Thesis Masters/thesis-runs/ELA_run_5ROI/_merged_fit_runs_ela_5ROI/merge_baseline_ela_5ROI/ELA_features/confirmatory_analysis_v3_notaskfilter/group_tests_confirmatory.csv,18,p_value,0.9152422982118906,,,,,,,group_overall,mannwhitney_u,24.0,23.0,HC,PTSD,6.917502289377289,8.673183700357614,5.0285714285714285,5.4,-1.7556814109803245,270.5,-0.2358067512437032,-0.019927536231884,all,,,traveling_score_TR_AA_over_TR_PP,summary_scores,,Generalized traveling score,/mnt/d/Thesis Masters/thesis-runs/codebase/ela_primary_feature_list_template.csv,1.0,False,1.0,False,2.0,,
,,event_trial_type_hrf4__CSminus_freq_B3,,,0.9670979794763626,holm,1.0,False,group_tests_confirmatory.csv,/mnt/d/Thesis Masters/thesis-runs/ELA_run_5ROI/_merged_fit_runs_ela_5ROI/merge_baseline_ela_5ROI/ELA_features/confirmatory_analysis_v3_notaskfilter/group_tests_confirmatory.csv,19,p_value,0.9670979794763626,,,,,,,group_overall,mannwhitney_u,24.0,24.0,HC,PTSD,0.148504756391564,0.1456476946019536,0.1367464539007092,0.1422558922558922,0.0028570617896103,290.5,0.0475213706082724,0.0086805555555555,all,,,event_trial_type_hrf4__CSminus_freq_B3,event_threat_safety,,CS− recruitment of safety-like B3,/mnt/d/Thesis Masters/thesis-runs/codebase/ela_primary_feature_list_template.csv,1.0,False,1.0,False,2.0,,
,PCL,peripheral_to_major_rate,23.0,-0.6338218260678257,0.0011649049436411,holm,0.0034947148309235,True,primary_results_for_manuscript.csv,/mnt/d/Thesis Masters/thesis-runs/ELA_run_5ROI/_merged_fit_runs_ela_5ROI/merge_baseline_ela_5ROI/ELA_features/confirmatory_analysis_v3_notaskfilter/primary_results_for_manuscript.csv,1,p_value,0.0011649049436411,,,,,,,,,,,,,,,,,,,,,all_tasks,all,PTSD,,major_peripheral_dynamics,,Summary return from peripheral to major basins,,0.0034947148309235,True,0.0034947148309235,True,3.0,clinical_spearman,corrected_significant
,PCL,peripheral_to_major_rate,23.0,-0.6338218260678257,0.0011649049436411,holm,0.0034947148309235,True,primary_results_for_manuscript.csv,/mnt/d/Thesis Masters/thesis-runs/ELA_run_5ROI/_merged_fit_runs_ela_5ROI/merge_baseline_ela_5ROI/ELA_features/confirmatory_analysis_v3_notaskfilter/primary_results_for_manuscript.csv,2,p_value,0.0011649049436411,,,,,,,,,,,,,,,,,,,,,all_tasks,all,all,,major_peripheral_dynamics,,Summary return from peripheral to major basins,,0.0034947148309235,True,0.0034947148309235,True,3.0,clinical_spearman,corrected_significant
,IUS,event_trial_type_hrf4__CSplus_major_to_peripheral_rate,24.0,-0.5621917149595924,0.0042454946441189,holm,0.0084909892882378,True,primary_results_for_manuscript.csv,/mnt/d/Thesis Masters/thesis-runs/ELA_run_5ROI/_merged_fit_runs_ela_5ROI/merge_baseline_ela_5ROI/ELA_features/confirmatory_analysis_v3_notaskfilter/primary_results_for_manuscript.csv,3,p_value,0.0042454946441189,,,,,,,,,,,,,,,,,,,,,all_tasks,all,HC,,acquisition_threat_learning,,CS+ movement from global to peripheral basins during acquisition,,0.0084909892882378,True,0.0084909892882378,True,2.0,clinical_spearman,corrected_significant
,BDI,dwell_max_B1,47.0,0.4005277224615868,0.0052743776452299,holm,0.0105487552904598,True,primary_results_for_manuscript.csv,/mnt/d/Thesis Masters/thesis-runs/ELA_run_5ROI/_merged_fit_runs_ela_5ROI/merge_baseline_ela_5ROI/ELA_features/confirmatory_analysis_v3_notaskfilter/primary_results_for_manuscript.csv,4,p_value,0.0052743776452299,,,,,,,,,,,,,,,,,,,,,all_tasks,all,all,,baseline_control,,Baseline max dwell in all-off basin,,0.0105487552904598,True,0.0105487552904598,True,2.0,clinical_spearman,corrected_significant
,IUS,traveling_score_TR_AA_over_TR_PP,46.0,0.3985612123692125,0.0060792639711103,holm,0.0121585279422207,True,primary_results_for_manuscript.csv,/mnt/d/Thesis Masters/thesis-runs/ELA_run_5ROI/_merged_fit_runs_ela_5ROI/merge_baseline_ela_5ROI/ELA_features/confirmatory_analysis_v3_notaskfilter/primary_results_for_manuscript.csv,5,p_value,0.0060792639711103,,,,,,,,,,,,,,,,,,,,,all_tasks,all,all,,summary_scores,,Generalized traveling score,,0.0121585279422207,True,0.0121585279422207,True,2.0,clinical_spearman,corrected_significant
,IUS,peripheral_transition_rate_TR_P_to_Pprime,47.0,-0.3899880087867793,0.0067314078942316,holm,0.0201942236826949,True,primary_results_for_manuscript.csv,/mnt/d/Thesis Masters/thesis-runs/ELA_run_5ROI/_merged_fit_runs_ela_5ROI/merge_baseline_ela_5ROI/ELA_features/confirmatory_analysis_v3_notaskfilter/primary_results_for_manuscript.csv,6,p_value,0.0067314078942316,,,,,,,,,,,,,,,,,,,,,all_tasks,all,all,,major_peripheral_dynamics,,Movement among peripheral threat/safety basins,,0.0201942236826949,True,0.0201942236826949,True,3.0,clinical_spearman,corrected_significant
,IUS,peripheral_to_major_rate,47.0,-0.3880947473271836,0.0070272058733707,holm,0.0201942236826949,True,primary_results_for_manuscript.csv,/mnt/d/Thesis Masters/thesis-runs/ELA_run_5ROI/_merged_fit_runs_ela_5ROI/merge_baseline_ela_5ROI/ELA_features/confirmatory_analysis_v3_notaskfilter/primary_results_for_manuscript.csv,7,p_value,0.0070272058733707,,,,,,,,,,,,,,,,,,,,,all_tasks,all,all,,major_peripheral_dynamics,,Summary return from peripheral to major basins,,0.0210816176201123,True,0.0201942236826949,True,3.0,clinical_spearman,corrected_significant
,PCL,traveling_score_TR_AA_over_TR_PP,22.0,0.5454036573084373,0.0086576907321772,holm,0.0173153814643544,True,primary_results_for_manuscript.csv,/mnt/d/Thesis Masters/thesis-runs/ELA_run_5ROI/_merged_fit_runs_ela_5ROI/merge_baseline_ela_5ROI/ELA_features/confirmatory_analysis_v3_notaskfilter/primary_results_for_manuscript.csv,8,p_value,0.0086576907321772,,,,,,,,,,,,,,,,,,,,,all_tasks,all,PTSD,,summary_scores,,Generalized traveling score,,0.0173153814643544,True,0.0173153814643544,True,2.0,clinical_spearman,corrected_significant
,PCL,traveling_score_TR_AA_over_TR_PP,22.0,0.5454036573084373,0.0086576907321772,holm,0.0173153814643544,True,primary_results_for_manuscript.csv,/mnt/d/Thesis Masters/thesis-runs/ELA_run_5ROI/_merged_fit_runs_ela_5ROI/merge_baseline_ela_5ROI/ELA_features/confirmatory_analysis_v3_notaskfilter/primary_results_for_manuscript.csv,9,p_value,0.0086576907321772,,,,,,,,,,,,,,,,,,,,,all_tasks,all,all,,summary_scores,,Generalized traveling score,,0.0173153814643544,True,0.0173153814643544,True,2.0,clinical_spearman,corrected_significant
,IUS,dwell_max_B1,47.0,0.3777623203729477,0.0088482943616526,holm,0.0176965887233052,True,primary_results_for_manuscript.csv,/mnt/d/Thesis Masters/thesis-runs/ELA_run_5ROI/_merged_fit_runs_ela_5ROI/merge_baseline_ela_5ROI/ELA_features/confirmatory_analysis_v3_notaskfilter/primary_results_for_manuscript.csv,10,p_value,0.0088482943616526,,,,,,,,,,,,,,,,,,,,,all_tasks,all,all,,baseline_control,,Baseline max dwell in all-off basin,,0.0176965887233052,True,0.0176965887233052,True,2.0,clinical_spearman,corrected_significant
,IUS,staying_rate_major_SR_A_to_A,47.0,0.3726260883544415,0.0098960505814298,holm,0.0201942236826949,True,primary_results_for_manuscript.csv,/mnt/d/Thesis Masters/thesis-runs/ELA_run_5ROI/_merged_fit_runs_ela_5ROI/merge_baseline_ela_5ROI/ELA_features/confirmatory_analysis_v3_notaskfilter/primary_results_for_manuscript.csv,11,p_value,0.0098960505814298,,,,,,,,,,,,,,,,,,,,,all_tasks,all,all,,major_peripheral_dynamics,,Major-basin staying/locking,,0.0296881517442895,True,0.0201942236826949,True,3.0,clinical_spearman,corrected_significant
,IUS,event_trial_type_onset__CSminus_freq_B3,47.0,-0.3668542365651707,0.0111992384722726,holm,0.0223984769445453,True,primary_results_for_manuscript.csv,/mnt/d/Thesis Masters/thesis-runs/ELA_run_5ROI/_merged_fit_runs_ela_5ROI/merge_baseline_ela_5ROI/ELA_features/confirmatory_analysis_v3_notaskfilter/primary_results_for_manuscript.csv,12,p_value,0.0111992384722726,,,,,,,,,,,,,,,,,,,,,all_tasks,all,all,,renewal_safety_retrieval,,CS− safety-like B3 occupancy during renewal,,0.0223984769445453,True,0.0223984769445453,True,2.0,clinical_spearman,corrected_significant
,,dwell_max_B4,,,0.0118974929855371,holm,0.0237949859710743,True,primary_results_for_manuscript.csv,/mnt/d/Thesis Masters/thesis-runs/ELA_run_5ROI/_merged_fit_runs_ela_5ROI/merge_baseline_ela_5ROI/ELA_features/confirmatory_analysis_v3_notaskfilter/primary_results_for_manuscript.csv,13,p_value,0.0118974929855371,,,,,,,group_overall,mannwhitney_u,24.0,24.0,,,4.875,5.916666666666667,5.0,6.0,-1.041666666666667,168.5,-0.6912515795116639,-0.4149305555555556,baseline,,,,baseline_control,,Baseline max dwell in all-on basin,,0.0237949859710743,True,0.0237949859710743,True,2.0,overall_group_test,corrected_significant
,SAI_pre,event_trial_type_hrf4__CSplus_within_peripheral_rate_including_stay,24.0,0.4994559428495091,0.0129591968719315,holm,0.0259183937438631,True,primary_results_for_manuscript.csv,/mnt/d/Thesis Masters/thesis-runs/ELA_run_5ROI/_merged_fit_runs_ela_5ROI/merge_baseline_ela_5ROI/ELA_features/confirmatory_analysis_v3_notaskfilter/primary_results_for_manuscript.csv,14,p_value,0.0129591968719315,,,,,,,,,,,,,,,,,,,,,all_tasks,all,PTSD,,extinction_peripheral_dynamics,,CS+ retention within peripheral basin space,,0.0259183937438631,True,0.0259183937438631,True,2.0,clinical_spearman,corrected_significant
,,dyn_Direct_transitions_from_B2_to_B1,48.0,,0.0148723508560548,holm,0.0297447017121097,True,primary_results_for_manuscript.csv,/mnt/d/Thesis Masters/thesis-runs/ELA_run_5ROI/_merged_fit_runs_ela_5ROI/merge_baseline_ela_5ROI/ELA_features/confirmatory_analysis_v3_notaskfilter/primary_results_for_manuscript.csv,15,p_value,0.0148723508560548,,C(group)[T.PTSD],-0.0119023557202221,-2.535083535481763,,,,,,,,,,,,,,,,,all,,,,peripheral_to_major_edges,,Threat-like B2 to all-off B1 return route,,0.0297447017121097,True,0.0297447017121097,True,2.0,covariate_model,corrected_significant
,,dwell_max_B1,,,0.0169659184632934,holm,0.0237949859710743,True,primary_results_for_manuscript.csv,/mnt/d/Thesis Masters/thesis-runs/ELA_run_5ROI/_merged_fit_runs_ela_5ROI/merge_baseline_ela_5ROI/ELA_features/confirmatory_analysis_v3_notaskfilter/primary_results_for_manuscript.csv,16,p_value,0.0169659184632934,,,,,,,group_overall,mannwhitney_u,24.0,24.0,,,5.541666666666667,6.583333333333333,5.0,6.5,-1.041666666666666,174.0,-0.6299147054640619,-0.3958333333333333,baseline,,,,baseline_control,,Baseline max dwell in all-off basin,,0.0339318369265869,True,0.0237949859710743,True,2.0,overall_group_test,corrected_significant
,,event_trial_type_hrf4__CSplus_within_peripheral_rate_including_stay,48.0,,0.0176155568163538,holm,0.0352311136327076,True,primary_results_for_manuscript.csv,/mnt/d/Thesis Masters/thesis-runs/ELA_run_5ROI/_merged_fit_runs_ela_5ROI/merge_baseline_ela_5ROI/ELA_features/confirmatory_analysis_v3_notaskfilter/primary_results_for_manuscript.csv,17,p_value,0.0176155568163538,,C(group)[T.PTSD],-0.0550226036378161,-2.4663765151815675,,,,,,,,,,,,,,,,,extinction,,,,extinction_peripheral_dynamics,,CS+ retention within peripheral basin space,,0.0352311136327076,True,0.0352311136327076,True,2.0,covariate_model,corrected_significant
,BDI,event_trial_type_hrf4__CSplus_freq_B2,24.0,-0.4786771558532733,0.0179662043244257,holm,0.0359324086488515,True,primary_results_for_manuscript.csv,/mnt/d/Thesis Masters/thesis-runs/ELA_run_5ROI/_merged_fit_runs_ela_5ROI/merge_baseline_ela_5ROI/ELA_features/confirmatory_analysis_v3_notaskfilter/primary_results_for_manuscript.csv,18,p_value,0.0179662043244257,,,,,,,,,,,,,,,,,,,,,all_tasks,all,PTSD,,event_threat_safety,,CS+ recruitment of threat-like B2,,0.0359324086488515,True,0.0359324086488515,True,2.0,clinical_spearman,corrected_significant
,IUS,event_trial_type_hrf4__CSplus_major_to_peripheral_rate,47.0,-0.3432182164337215,0.0181831544028011,holm,0.0363663088056022,True,primary_results_for_manuscript.csv,/mnt/d/Thesis Masters/thesis-runs/ELA_run_5ROI/_merged_fit_runs_ela_5ROI/merge_baseline_ela_5ROI/ELA_features/confirmatory_analysis_v3_notaskfilter/primary_results_for_manuscript.csv,19,p_value,0.0181831544028011,,,,,,,,,,,,,,,,,,,,,all_tasks,all,all,,acquisition_threat_learning,,CS+ movement from global to peripheral basins during acquisition,,0.0363663088056022,True,0.0363663088056022,True,2.0,clinical_spearman,corrected_significant
,IUS,traveling_score_TR_AA_over_TR_PP,22.0,0.4937818765207843,0.0195143296972895,holm,0.0390286593945791,True,primary_results_for_manuscript.csv,/mnt/d/Thesis Masters/thesis-runs/ELA_run_5ROI/_merged_fit_runs_ela_5ROI/merge_baseline_ela_5ROI/ELA_features/confirmatory_analysis_v3_notaskfilter/primary_results_for_manuscript.csv,20,p_value,0.0195143296972895,,,,,,,,,,,,,,,,,,,,,all_tasks,all,PTSD,,summary_scores,,Generalized traveling score,,0.0390286593945791,True,0.0390286593945791,True,2.0,clinical_spearman,corrected_significant
