cohort,source,target,count,source_basin,target_basin,most_common_source_event,most_common_target_event,source_total,probability,subject_support_count,n_subjects_in_cohort,subject_support_prop,source_basin_label,target_basin_label
merged,24,32,58,4,4,ITI,ITI,289,0.20069204152249134,32,48,0.6666666666666666,Global on,Global on
merged,3,1,37,1,1,ITI,ITI,204,0.18137254901960784,24,48,0.5,Global off,Global off
merged,9,1,52,1,1,ITI,ITI,287,0.18118466898954705,31,48,0.6458333333333334,Global off,Global off
merged,31,32,72,4,4,ITI,ITI,438,0.1643835616438356,38,48,0.7916666666666666,Global on,Global on
merged,2,1,69,1,1,ITI,ITI,441,0.1564625850340136,35,48,0.7291666666666666,Global off,Global off
merged,14,13,47,2,2,ITI,ITI,309,0.15210355987055016,28,48,0.5833333333333334,Threat-like,Threat-like
merged,30,32,29,4,4,ITI,ITI,201,0.14427860696517414,21,48,0.4375,Global on,Global on
merged,28,32,50,4,4,ITI,ITI,347,0.1440922190201729,29,48,0.6041666666666666,Global on,Global on
merged,20,32,71,3,4,ITI,ITI,494,0.1437246963562753,37,48,0.7708333333333334,Safety-like,Global on
merged,27,32,23,4,4,ITI,ITI,163,0.1411042944785276,15,48,0.3125,Global on,Global on
merged,7,5,16,1,1,ITI,ITI,120,0.13333333333333333,13,48,0.2708333333333333,Global off,Global off
merged,28,20,45,4,3,ITI,ITI,347,0.12968299711815562,29,48,0.6041666666666666,Global on,Safety-like
merged,15,13,25,2,2,ITI,ITI,194,0.12886597938144329,19,48,0.3958333333333333,Threat-like,Threat-like
merged,5,1,46,1,1,ITI,ITI,358,0.12849162011173185,29,48,0.6041666666666666,Global off,Global off
merged,10,1,24,1,1,ITI,ITI,194,0.12371134020618557,17,48,0.3541666666666667,Global off,Global off
merged,26,32,15,4,4,ITI,CS-,123,0.12195121951219512,12,48,0.25,Global on,Global on
merged,29,32,46,2,4,ITI,ITI,379,0.12137203166226913,27,48,0.5625,Threat-like,Global on
merged,19,20,33,3,3,ITI,ITI,277,0.11913357400722022,25,48,0.5208333333333334,Safety-like,Safety-like
merged,6,1,18,1,1,ITI,ITI,154,0.11688311688311688,15,48,0.3125,Global off,Global off
merged,7,1,14,1,1,CS+,ITI,120,0.11666666666666667,10,48,0.20833333333333334,Global off,Global off
merged,19,32,32,3,4,ITI,ITI,277,0.11552346570397112,23,48,0.4791666666666667,Safety-like,Global on
merged,24,20,33,4,3,ITI,ITI,289,0.11418685121107267,23,48,0.4791666666666667,Global on,Safety-like
merged,23,31,21,4,4,ITI,ITI,184,0.11413043478260869,18,48,0.375,Global on,Global on
merged,18,32,21,3,4,ITI,CS+,189,0.1111111111111111,14,48,0.2916666666666667,Safety-like,Global on
merged,4,1,44,3,1,ITI,ITI,397,0.11083123425692695,27,48,0.5625,Safety-like,Global off
merged,23,32,20,4,4,ITI,ITI,184,0.10869565217391304,16,48,0.3333333333333333,Global on,Global on
merged,18,20,20,3,3,ITI,ITI,189,0.10582010582010581,13,48,0.2708333333333333,Safety-like,Safety-like
merged,27,19,17,4,3,ITI,ITI,163,0.10429447852760736,12,48,0.25,Global on,Safety-like
merged,5,13,37,1,2,ITI,ITI,358,0.10335195530726257,23,48,0.4791666666666667,Global off,Threat-like
merged,15,32,20,2,4,ITI,ITI,194,0.10309278350515463,16,48,0.3333333333333333,Threat-like,Global on
merged,22,31,7,4,4,ITI,ITI,69,0.10144927536231885,6,48,0.125,Global on,Global on
merged,16,32,39,4,4,ITI,ITI,386,0.10103626943005181,25,48,0.5208333333333334,Global on,Global on
merged,14,1,31,2,1,CS-,ITI,309,0.10032362459546926,21,48,0.4375,Threat-like,Global off
merged,8,4,20,3,3,CS+,ITI,200,0.1,16,48,0.3333333333333333,Safety-like,Safety-like
merged,30,13,20,4,2,ITI,CS+,201,0.09950248756218906,17,48,0.3541666666666667,Global on,Threat-like
merged,10,2,19,1,1,ITI,ITI,194,0.0979381443298969,14,48,0.2916666666666667,Global off,Global off
merged,12,1,18,3,1,ITI,ITI,185,0.0972972972972973,14,48,0.2916666666666667,Safety-like,Global off
merged,21,1,21,1,1,ITI,ITI,224,0.09375,14,48,0.2916666666666667,Global off,Global off
merged,17,1,35,1,1,ITI,ITI,379,0.09234828496042216,24,48,0.5,Global off,Global off
merged,18,1,17,3,1,ITI,ITI,189,0.08994708994708994,14,48,0.2916666666666667,Safety-like,Global off
merged,17,20,34,1,3,ITI,ITI,379,0.08970976253298153,28,48,0.5833333333333334,Global off,Safety-like
merged,25,1,20,1,1,ITI,ITI,223,0.08968609865470852,18,48,0.375,Global off,Global off
merged,25,32,20,1,4,ITI,ITI,223,0.08968609865470852,14,48,0.2916666666666667,Global off,Global on
merged,13,1,45,2,1,ITI,ITI,502,0.08964143426294821,28,48,0.5833333333333334,Threat-like,Global off
merged,5,16,32,1,4,ITI,ITI,358,0.0893854748603352,19,48,0.3958333333333333,Global off,Global on
merged,11,4,7,1,3,CS+,CS+,79,0.08860759493670886,6,48,0.125,Global off,Safety-like
merged,11,9,7,1,1,ITI,ITI,79,0.08860759493670886,7,48,0.14583333333333334,Global off,Global off
merged,1,2,68,1,1,ITI,ITI,770,0.08831168831168831,33,48,0.6875,Global off,Global off
merged,9,13,25,1,2,ITI,ITI,287,0.08710801393728224,21,48,0.4375,Global off,Threat-like
merged,23,20,16,4,3,ITI,ITI,184,0.08695652173913043,12,48,0.25,Global on,Safety-like
merged,22,21,6,4,1,ITI,ITI,69,0.08695652173913043,4,48,0.08333333333333333,Global on,Global off
merged,32,28,67,4,4,ITI,ITI,793,0.08448928121059268,36,48,0.75,Global on,Global on
merged,17,32,32,1,4,ITI,ITI,379,0.08443271767810026,21,48,0.4375,Global off,Global on
merged,7,16,10,1,4,ITI,ITI,120,0.08333333333333333,7,48,0.14583333333333334,Global off,Global on
merged,1,5,64,1,1,ITI,ITI,770,0.08311688311688312,33,48,0.6875,Global off,Global off
merged,20,28,41,3,4,ITI,ITI,494,0.08299595141700405,22,48,0.4583333333333333,Safety-like,Global on
merged,15,1,16,2,1,CS-,ITI,194,0.08247422680412371,14,48,0.2916666666666667,Threat-like,Global off
merged,12,4,15,3,3,CS-,ITI,185,0.08108108108108109,9,48,0.1875,Safety-like,Safety-like
merged,8,32,16,3,4,ITI,ITI,200,0.08,13,48,0.2708333333333333,Safety-like,Global on
merged,4,2,31,3,1,ITI,ITI,397,0.07808564231738035,23,48,0.4791666666666667,Safety-like,Global off
merged,6,5,12,1,1,ITI,CS-,154,0.07792207792207792,11,48,0.22916666666666666,Global off,Global off
merged,2,4,34,1,3,ITI,ITI,441,0.07709750566893424,21,48,0.4375,Global off,Safety-like
merged,25,29,17,1,2,ITI,ITI,223,0.07623318385650224,13,48,0.2708333333333333,Global off,Threat-like
merged,11,1,6,1,1,CS+,ITI,79,0.0759493670886076,5,48,0.10416666666666667,Global off,Global off
merged,19,28,21,3,4,ITI,ITI,277,0.07581227436823104,17,48,0.3541666666666667,Safety-like,Global on
merged,13,14,38,2,2,ITI,ITI,502,0.07569721115537849,22,48,0.4583333333333333,Threat-like,Threat-like
merged,8,1,15,3,1,ITI,ITI,200,0.075,12,48,0.25,Safety-like,Global off
merged,7,32,9,1,4,ITI,ITI,120,0.075,7,48,0.14583333333333334,Global off,Global on
merged,20,19,37,3,3,ITI,ITI,494,0.07489878542510121,22,48,0.4583333333333333,Safety-like,Safety-like
merged,32,31,59,4,4,ITI,CS-,793,0.07440100882723834,32,48,0.6666666666666666,Global on,Global on
merged,17,19,28,1,3,ITI,ITI,379,0.07387862796833773,20,48,0.4166666666666667,Global off,Safety-like
merged,29,1,28,2,1,ITI,ITI,379,0.07387862796833773,21,48,0.4375,Threat-like,Global off
merged,29,31,28,2,4,ITI,ITI,379,0.07387862796833773,21,48,0.4375,Threat-like,Global on
merged,27,28,12,4,4,ITI,ITI,163,0.0736196319018405,9,48,0.1875,Global on,Global on
merged,26,1,9,4,1,ITI,ITI,123,0.07317073170731707,8,48,0.16666666666666666,Global on,Global off
merged,31,29,32,4,2,ITI,ITI,438,0.0730593607305936,19,48,0.3958333333333333,Global on,Threat-like
merged,16,13,28,4,2,ITI,ITI,386,0.07253886010362694,23,48,0.4791666666666667,Global on,Threat-like
merged,22,20,5,4,3,ITI,ITI,69,0.07246376811594203,5,48,0.10416666666666667,Global on,Safety-like
merged,19,17,20,3,1,ITI,ITI,277,0.07220216606498195,15,48,0.3125,Safety-like,Global off
merged,15,31,14,2,4,ITI,CS-,194,0.07216494845360824,13,48,0.2708333333333333,Threat-like,Global on
merged,25,17,16,1,1,ITI,ITI,223,0.07174887892376682,13,48,0.2708333333333333,Global off,Global off
merged,21,31,16,1,4,ITI,ITI,224,0.07142857142857142,14,48,0.2916666666666667,Global off,Global on
merged,6,2,11,1,1,ITI,ITI,154,0.07142857142857142,8,48,0.16666666666666666,Global off,Global off
merged,6,14,11,1,2,ITI,ITI,154,0.07142857142857142,11,48,0.22916666666666666,Global off,Threat-like
merged,12,20,13,3,3,ITI,ITI,185,0.07027027027027027,11,48,0.22916666666666666,Safety-like,Safety-like
merged,13,16,35,2,4,ITI,ITI,502,0.0697211155378486,24,48,0.5,Threat-like,Global on
merged,32,16,54,4,4,ITI,CS-,793,0.06809583858764187,29,48,0.6041666666666666,Global on,Global on
merged,4,20,27,3,3,ITI,ITI,397,0.06801007556675064,20,48,0.4166666666666667,Safety-like,Safety-like
merged,27,1,11,4,1,ITI,ITI,163,0.06748466257668712,11,48,0.22916666666666666,Global on,Global off
merged,25,13,15,1,2,ITI,ITI,223,0.06726457399103139,14,48,0.2916666666666667,Global off,Threat-like
merged,21,2,15,1,1,ITI,ITI,224,0.06696428571428571,9,48,0.1875,Global off,Global off
merged,20,1,33,3,1,ITI,ITI,494,0.06680161943319839,21,48,0.4375,Safety-like,Global off
merged,7,31,8,1,4,CS-,ITI,120,0.06666666666666667,7,48,0.14583333333333334,Global off,Global on
merged,1,13,51,1,2,ITI,ITI,770,0.06623376623376623,31,48,0.6458333333333334,Global off,Threat-like
merged,13,5,33,2,1,ITI,ITI,502,0.06573705179282868,22,48,0.4583333333333333,Threat-like,Global off
merged,13,29,33,2,2,ITI,ITI,502,0.06573705179282868,23,48,0.4791666666666667,Threat-like,Threat-like
merged,13,32,33,2,4,ITI,ITI,502,0.06573705179282868,23,48,0.4791666666666667,Threat-like,Global on
merged,26,13,8,4,2,CS-,ITI,123,0.06504065040650407,6,48,0.125,Global on,Threat-like
merged,26,17,8,4,1,CS+,ITI,123,0.06504065040650407,6,48,0.125,Global on,Global off
merged,8,20,13,3,3,ITI,ITI,200,0.065,10,48,0.20833333333333334,Safety-like,Safety-like
merged,6,13,10,1,2,ITI,ITI,154,0.06493506493506493,10,48,0.20833333333333334,Global off,Threat-like
merged,6,32,10,1,4,ITI,ITI,154,0.06493506493506493,10,48,0.20833333333333334,Global off,Global on
merged,16,1,25,4,1,CS-,ITI,386,0.06476683937823834,16,48,0.3333333333333333,Global on,Global off
merged,30,1,13,4,1,ITI,CS+,201,0.06467661691542288,12,48,0.25,Global on,Global off
merged,30,29,13,4,2,ITI,ITI,201,0.06467661691542288,11,48,0.22916666666666666,Global on,Threat-like
merged,32,20,51,4,3,ITI,ITI,793,0.06431273644388398,30,48,0.625,Global on,Safety-like
merged,32,29,51,4,2,ITI,ITI,793,0.06431273644388398,31,48,0.6458333333333334,Global on,Threat-like
merged,5,14,23,1,2,ITI,ITI,358,0.06424581005586592,17,48,0.3541666666666667,Global off,Threat-like
merged,3,4,13,1,3,ITI,ITI,204,0.06372549019607843,13,48,0.2708333333333333,Global off,Safety-like
merged,3,9,13,1,1,ITI,ITI,204,0.06372549019607843,12,48,0.25,Global off,Global off
merged,3,19,13,1,3,ITI,ITI,204,0.06372549019607843,13,48,0.2708333333333333,Global off,Safety-like
merged,1,32,49,1,4,ITI,ITI,770,0.06363636363636363,28,48,0.5833333333333334,Global off,Global on
merged,2,13,28,1,2,ITI,ITI,441,0.06349206349206349,18,48,0.375,Global off,Threat-like
merged,18,19,12,3,3,ITI,ITI,189,0.06349206349206349,12,48,0.25,Safety-like,Safety-like
merged,28,17,22,4,1,ITI,ITI,347,0.06340057636887608,15,48,0.3125,Global on,Global off
merged,11,2,5,1,1,CS+,CS+,79,0.06329113924050633,5,48,0.10416666666666667,Global off,Global off
merged,11,15,5,1,2,CS-,CS+,79,0.06329113924050633,5,48,0.10416666666666667,Global off,Threat-like
merged,4,32,25,3,4,ITI,ITI,397,0.06297229219143577,24,48,0.5,Safety-like,Global on
merged,20,24,31,3,4,ITI,ITI,494,0.06275303643724696,23,48,0.4791666666666667,Safety-like,Global on
merged,9,2,18,1,1,ITI,ITI,287,0.0627177700348432,16,48,0.3333333333333333,Global off,Global off
merged,9,4,18,1,3,ITI,ITI,287,0.0627177700348432,14,48,0.2916666666666667,Global off,Safety-like
merged,21,17,14,1,1,ITI,ITI,224,0.0625,9,48,0.1875,Global off,Global off
merged,24,31,18,4,4,ITI,ITI,289,0.06228373702422145,15,48,0.3125,Global on,Global on
merged,16,4,24,4,3,CS-,ITI,386,0.06217616580310881,17,48,0.3541666666666667,Global on,Safety-like
merged,10,9,12,1,1,ITI,ITI,194,0.061855670103092786,12,48,0.25,Global off,Global off
merged,10,13,12,1,2,ITI,ITI,194,0.061855670103092786,10,48,0.20833333333333334,Global off,Threat-like
merged,15,16,12,2,4,ITI,ITI,194,0.061855670103092786,10,48,0.20833333333333334,Threat-like,Global on
merged,13,31,31,2,4,CS+,ITI,502,0.061752988047808766,21,48,0.4375,Threat-like,Global on
merged,14,29,19,2,2,ITI,ITI,309,0.061488673139158574,13,48,0.2708333333333333,Threat-like,Threat-like
merged,2,5,27,1,1,ITI,ITI,441,0.061224489795918366,22,48,0.4583333333333333,Global off,Global off
merged,20,2,30,3,1,ITI,ITI,494,0.06072874493927125,25,48,0.5208333333333334,Safety-like,Global off
merged,29,13,23,2,2,ITI,ITI,379,0.06068601583113457,16,48,0.3333333333333333,Threat-like,Threat-like
merged,13,9,30,2,1,ITI,ITI,502,0.05976095617529881,23,48,0.4791666666666667,Threat-like,Global off
merged,1,4,46,1,3,ITI,ITI,770,0.05974025974025974,28,48,0.5833333333333334,Global off,Safety-like
merged,1,17,46,1,1,ITI,ITI,770,0.05974025974025974,30,48,0.625,Global off,Global off
merged,30,17,12,4,1,ITI,ITI,201,0.05970149253731343,12,48,0.25,Global on,Global off
merged,16,14,23,4,2,CS+,ITI,386,0.05958549222797927,18,48,0.375,Global on,Threat-like
merged,12,32,11,3,4,ITI,ITI,185,0.05945945945945946,9,48,0.1875,Safety-like,Global on
merged,25,28,13,1,4,ITI,ITI,223,0.05829596412556054,11,48,0.22916666666666666,Global off,Global on
merged,18,17,11,3,1,ITI,ITI,189,0.0582010582010582,11,48,0.22916666666666666,Safety-like,Global off
merged,18,31,11,3,4,ITI,ITI,189,0.0582010582010582,10,48,0.20833333333333334,Safety-like,Global on
merged,21,32,13,1,4,ITI,ITI,224,0.05803571428571429,10,48,0.20833333333333334,Global off,Global on
merged,32,13,46,4,2,ITI,CS-,793,0.058007566204287514,30,48,0.625,Global on,Threat-like
merged,22,2,4,4,1,ITI,ITI,69,0.057971014492753624,4,48,0.08333333333333333,Global on,Global off
merged,22,6,4,4,1,CS-,ITI,69,0.057971014492753624,4,48,0.08333333333333333,Global on,Global off
merged,22,13,4,4,2,ITI,ITI,69,0.057971014492753624,4,48,0.08333333333333333,Global on,Threat-like
merged,22,28,4,4,4,ITI,ITI,69,0.057971014492753624,4,48,0.08333333333333333,Global on,Global on
merged,22,32,4,4,4,ITI,ITI,69,0.057971014492753624,4,48,0.08333333333333333,Global on,Global on
merged,19,1,16,3,1,ITI,ITI,277,0.05776173285198556,15,48,0.3125,Safety-like,Global off
merged,31,28,25,4,4,CS-,ITI,438,0.05707762557077625,18,48,0.375,Global on,Global on
merged,26,14,7,4,2,ITI,CS-,123,0.056910569105691054,7,48,0.14583333333333334,Global on,Threat-like
merged,26,25,7,4,1,ITI,ITI,123,0.056910569105691054,6,48,0.125,Global on,Global off
merged,26,31,7,4,4,ITI,ITI,123,0.056910569105691054,7,48,0.14583333333333334,Global on,Global on
merged,10,20,11,1,3,CS+,ITI,194,0.05670103092783505,9,48,0.1875,Global off,Safety-like
merged,15,5,11,2,1,ITI,ITI,194,0.05670103092783505,10,48,0.20833333333333334,Threat-like,Global off
merged,15,29,11,2,2,CS-,CS-,194,0.05670103092783505,10,48,0.20833333333333334,Threat-like,Threat-like
merged,5,7,20,1,1,ITI,ITI,358,0.055865921787709494,12,48,0.25,Global off,Global off
merged,27,20,9,4,3,ITI,ITI,163,0.05521472392638037,8,48,0.16666666666666666,Global on,Safety-like
merged,8,5,11,3,1,ITI,ITI,200,0.055,9,48,0.1875,Safety-like,Global off
merged,8,16,11,3,4,CS+,CS+,200,0.055,9,48,0.1875,Safety-like,Global on
merged,8,24,11,3,4,ITI,CS+,200,0.055,10,48,0.20833333333333334,Safety-like,Global on
merged,28,25,19,4,1,ITI,ITI,347,0.05475504322766571,14,48,0.2916666666666667,Global on,Global off
merged,30,2,11,4,1,CS+,ITI,201,0.05472636815920398,9,48,0.1875,Global on,Global off
merged,30,20,11,4,3,ITI,ITI,201,0.05472636815920398,10,48,0.20833333333333334,Global on,Safety-like
merged,20,17,27,3,1,ITI,ITI,494,0.05465587044534413,18,48,0.375,Safety-like,Global off
merged,23,24,10,4,4,ITI,ITI,184,0.05434782608695652,9,48,0.1875,Global on,Global on
merged,32,1,43,4,1,ITI,ITI,793,0.05422446406052964,28,48,0.5833333333333334,Global on,Global off
merged,12,5,10,3,1,ITI,ITI,185,0.05405405405405406,10,48,0.20833333333333334,Safety-like,Global off
merged,32,24,42,4,4,ITI,ITI,793,0.05296343001261034,25,48,0.5208333333333334,Global on,Global on
merged,29,16,20,2,4,ITI,CS-,379,0.052770448548812667,15,48,0.3125,Threat-like,Global on
merged,29,21,20,2,1,ITI,ITI,379,0.052770448548812667,10,48,0.20833333333333334,Threat-like,Global off
merged,20,18,26,3,3,ITI,ITI,494,0.05263157894736842,16,48,0.3333333333333333,Safety-like,Safety-like
merged,31,20,23,4,3,ITI,ITI,438,0.05251141552511415,16,48,0.3333333333333333,Global on,Safety-like
merged,9,32,15,1,4,ITI,ITI,287,0.05226480836236934,14,48,0.2916666666666667,Global off,Global on
merged,2,17,23,1,1,ITI,ITI,441,0.05215419501133787,18,48,0.375,Global off,Global off
merged,6,8,8,1,3,CS+,ITI,154,0.05194805194805195,7,48,0.14583333333333334,Global off,Safety-like
merged,6,16,8,1,4,ITI,ITI,154,0.05194805194805195,6,48,0.125,Global off,Global on
merged,24,4,15,4,3,ITI,ITI,289,0.05190311418685121,13,48,0.2708333333333333,Global on,Safety-like
merged,13,15,26,2,2,ITI,CS-,502,0.05179282868525897,18,48,0.375,Threat-like,Threat-like
merged,11,16,4,1,4,ITI,CS+,79,0.05063291139240506,4,48,0.08333333333333333,Global off,Global on
merged,11,20,4,1,3,CS+,ITI,79,0.05063291139240506,4,48,0.08333333333333333,Global off,Safety-like
merged,11,21,4,1,1,ITI,ITI,79,0.05063291139240506,4,48,0.08333333333333333,Global off,Global off
merged,11,32,4,1,4,ITI,ITI,79,0.05063291139240506,4,48,0.08333333333333333,Global off,Global on
merged,19,31,14,3,4,ITI,ITI,277,0.05054151624548736,11,48,0.22916666666666666,Safety-like,Global on
merged,8,14,10,3,2,CS-,ITI,200,0.05,8,48,0.16666666666666666,Safety-like,Threat-like
merged,7,2,6,1,1,CS+,ITI,120,0.05,5,48,0.10416666666666667,Global off,Global off
merged,7,13,6,1,2,CS-,CS-,120,0.05,5,48,0.10416666666666667,Global off,Threat-like
merged,7,20,6,1,3,CS-,CS-,120,0.05,5,48,0.10416666666666667,Global off,Safety-like
merged,30,31,10,4,4,ITI,ITI,201,0.04975124378109453,9,48,0.1875,Global on,Global on
merged,25,20,11,1,3,ITI,ITI,223,0.04932735426008968,9,48,0.1875,Global off,Safety-like
merged,21,20,11,1,3,ITI,ITI,224,0.049107142857142856,9,48,0.1875,Global off,Safety-like
merged,21,24,11,1,4,ITI,ITI,224,0.049107142857142856,8,48,0.16666666666666666,Global off,Global on
merged,27,4,8,4,3,ITI,ITI,163,0.049079754601226995,7,48,0.14583333333333334,Global on,Safety-like
merged,27,25,8,4,1,ITI,ITI,163,0.049079754601226995,6,48,0.125,Global on,Global off
merged,27,31,8,4,4,ITI,ITI,163,0.049079754601226995,8,48,0.16666666666666666,Global on,Global on
merged,3,20,10,1,3,ITI,ITI,204,0.049019607843137254,9,48,0.1875,Global off,Safety-like
merged,23,1,9,4,1,CS+,CS-,184,0.04891304347826087,8,48,0.16666666666666666,Global on,Global off
merged,9,17,14,1,1,ITI,ITI,287,0.04878048780487805,12,48,0.25,Global off,Global off
merged,26,23,6,4,4,ITI,ITI,123,0.04878048780487805,3,48,0.0625,Global on,Global on
merged,12,2,9,3,1,CS-,ITI,185,0.04864864864864865,7,48,0.14583333333333334,Safety-like,Global off
merged,12,25,9,3,1,CS+,ITI,185,0.04864864864864865,7,48,0.14583333333333334,Safety-like,Global off
merged,12,28,9,3,4,ITI,ITI,185,0.04864864864864865,9,48,0.1875,Safety-like,Global on
merged,20,4,24,3,3,ITI,ITI,494,0.048582995951417005,21,48,0.4375,Safety-like,Safety-like
merged,14,16,15,2,4,ITI,CS-,309,0.04854368932038835,14,48,0.2916666666666667,Threat-like,Global on
merged,4,16,19,3,4,ITI,ITI,397,0.04785894206549118,16,48,0.3333333333333333,Safety-like,Global on
merged,2,16,21,1,4,ITI,ITI,441,0.047619047619047616,18,48,0.375,Global off,Global on
merged,17,28,18,1,4,ITI,ITI,379,0.047493403693931395,13,48,0.2708333333333333,Global off,Global on
merged,1,3,36,1,1,ITI,ITI,770,0.046753246753246755,23,48,0.4791666666666667,Global off,Global off
merged,15,9,9,2,1,ITI,ITI,194,0.04639175257731959,9,48,0.1875,Threat-like,Global off
merged,15,14,9,2,2,ITI,ITI,194,0.04639175257731959,7,48,0.14583333333333334,Threat-like,Threat-like
merged,28,1,16,4,1,ITI,ITI,347,0.04610951008645533,14,48,0.2916666666666667,Global on,Global off
merged,28,27,16,4,4,ITI,ITI,347,0.04610951008645533,14,48,0.2916666666666667,Global on,Global on
merged,13,2,23,2,1,ITI,ITI,502,0.045816733067729085,19,48,0.3958333333333333,Threat-like,Global off
merged,1,9,35,1,1,ITI,ITI,770,0.045454545454545456,18,48,0.375,Global off,Global off
merged,1,20,35,1,3,ITI,ITI,770,0.045454545454545456,27,48,0.5625,Global off,Safety-like
merged,14,2,14,2,1,CS+,ITI,309,0.045307443365695796,11,48,0.22916666666666666,Threat-like,Global off
merged,14,32,14,2,4,ITI,CS-,309,0.045307443365695796,12,48,0.25,Threat-like,Global on
merged,9,14,13,1,2,ITI,ITI,287,0.04529616724738676,13,48,0.2708333333333333,Global off,Threat-like
merged,8,2,9,3,1,ITI,ITI,200,0.045,8,48,0.16666666666666666,Safety-like,Global off
merged,8,13,9,3,2,ITI,ITI,200,0.045,9,48,0.1875,Safety-like,Threat-like
merged,29,17,17,2,1,ITI,ITI,379,0.044854881266490766,14,48,0.2916666666666667,Threat-like,Global off
merged,25,9,10,1,1,ITI,ITI,223,0.04484304932735426,8,48,0.16666666666666666,Global off,Global off
merged,25,21,10,1,1,ITI,ITI,223,0.04484304932735426,7,48,0.14583333333333334,Global off,Global off
merged,25,27,10,1,4,ITI,ITI,223,0.04484304932735426,9,48,0.1875,Global off,Global on
merged,30,14,9,4,2,ITI,ITI,201,0.04477611940298507,7,48,0.14583333333333334,Global on,Threat-like
merged,21,5,10,1,1,ITI,ITI,224,0.044642857142857144,9,48,0.1875,Global off,Global off
merged,21,28,10,1,4,ITI,ITI,224,0.044642857142857144,9,48,0.1875,Global off,Global on
merged,21,29,10,1,2,ITI,ITI,224,0.044642857142857144,7,48,0.14583333333333334,Global off,Threat-like
merged,3,31,9,1,4,ITI,ITI,204,0.04411764705882353,6,48,0.125,Global off,Global on
merged,3,32,9,1,4,ITI,ITI,204,0.04411764705882353,9,48,0.1875,Global off,Global on
merged,23,29,8,4,2,ITI,ITI,184,0.043478260869565216,5,48,0.10416666666666667,Global on,Threat-like
merged,23,30,8,4,4,ITI,ITI,184,0.043478260869565216,6,48,0.125,Global on,Global on
merged,22,8,3,4,3,CS+,CS-,69,0.043478260869565216,3,48,0.0625,Global on,Safety-like
merged,22,14,3,4,2,ITI,ITI,69,0.043478260869565216,3,48,0.0625,Global on,Threat-like
merged,22,23,3,4,4,ITI,ITI,69,0.043478260869565216,3,48,0.0625,Global on,Global on
merged,22,29,3,4,2,ITI,ITI,69,0.043478260869565216,3,48,0.0625,Global on,Threat-like
merged,22,30,3,4,4,ITI,ITI,69,0.043478260869565216,3,48,0.0625,Global on,Global on
merged,31,14,19,4,2,ITI,CS+,438,0.04337899543378995,12,48,0.25,Global on,Threat-like
merged,31,16,19,4,4,ITI,CS-,438,0.04337899543378995,13,48,0.2708333333333333,Global on,Global on
merged,19,4,12,3,3,ITI,ITI,277,0.04332129963898917,9,48,0.1875,Safety-like,Safety-like
merged,19,23,12,3,4,ITI,ITI,277,0.04332129963898917,10,48,0.20833333333333334,Safety-like,Global on
merged,19,27,12,3,4,ITI,ITI,277,0.04332129963898917,9,48,0.1875,Safety-like,Global on
merged,12,10,8,3,1,ITI,ITI,185,0.043243243243243246,5,48,0.10416666666666667,Safety-like,Global off
merged,12,13,8,3,2,ITI,ITI,185,0.043243243243243246,7,48,0.14583333333333334,Safety-like,Threat-like
merged,12,16,8,3,4,ITI,CS+,185,0.043243243243243246,7,48,0.14583333333333334,Safety-like,Global on
merged,28,19,15,4,3,ITI,ITI,347,0.043227665706051875,13,48,0.2708333333333333,Global on,Safety-like
merged,27,18,7,4,3,ITI,ITI,163,0.04294478527607362,6,48,0.125,Global on,Safety-like
merged,4,19,17,3,3,ITI,ITI,397,0.042821158690176324,12,48,0.25,Safety-like,Safety-like
merged,20,31,21,3,4,ITI,ITI,494,0.04251012145748988,16,48,0.3333333333333333,Safety-like,Global on
merged,18,2,8,3,1,ITI,ITI,189,0.042328042328042326,8,48,0.16666666666666666,Safety-like,Global off
merged,18,21,8,3,1,ITI,CS-,189,0.042328042328042326,6,48,0.125,Safety-like,Global off
merged,18,30,8,3,4,ITI,ITI,189,0.042328042328042326,6,48,0.125,Safety-like,Global on
merged,17,9,16,1,1,ITI,ITI,379,0.04221635883905013,12,48,0.25,Global off,Global off
merged,29,30,16,2,4,ITI,ITI,379,0.04221635883905013,12,48,0.25,Threat-like,Global on
merged,14,9,13,2,1,ITI,ITI,309,0.042071197411003236,10,48,0.20833333333333334,Threat-like,Global off
merged,14,31,13,2,4,ITI,CS+,309,0.042071197411003236,10,48,0.20833333333333334,Threat-like,Global on
merged,5,8,15,1,3,ITI,ITI,358,0.04189944134078212,14,48,0.2916666666666667,Global off,Safety-like
merged,5,32,15,1,4,ITI,CS+,358,0.04189944134078212,13,48,0.2708333333333333,Global off,Global on
merged,9,10,12,1,1,CS-,ITI,287,0.041811846689895474,11,48,0.22916666666666666,Global off,Global off
merged,7,15,5,1,2,ITI,CS-,120,0.041666666666666664,3,48,0.0625,Global off,Threat-like
merged,7,24,5,1,4,ITI,ITI,120,0.041666666666666664,5,48,0.10416666666666667,Global off,Global on
merged,32,30,33,4,4,ITI,ITI,793,0.0416141235813367,25,48,0.5208333333333334,Global on,Global on
merged,24,16,12,4,4,ITI,ITI,289,0.04152249134948097,9,48,0.1875,Global on,Global on
merged,24,28,12,4,4,ITI,ITI,289,0.04152249134948097,10,48,0.20833333333333334,Global on,Global on
merged,16,12,16,4,3,ITI,ITI,386,0.04145077720207254,8,48,0.16666666666666666,Global on,Safety-like
merged,10,3,8,1,1,CS-,ITI,194,0.041237113402061855,4,48,0.08333333333333333,Global off,Global off
merged,10,4,8,1,3,ITI,ITI,194,0.041237113402061855,6,48,0.125,Global off,Safety-like
merged,10,5,8,1,1,CS+,ITI,194,0.041237113402061855,8,48,0.16666666666666666,Global off,Global off
merged,10,12,8,1,3,ITI,CS-,194,0.041237113402061855,8,48,0.16666666666666666,Global off,Safety-like
merged,10,14,8,1,2,ITI,ITI,194,0.041237113402061855,8,48,0.16666666666666666,Global off,Threat-like
merged,10,17,8,1,1,ITI,ITI,194,0.041237113402061855,7,48,0.14583333333333334,Global off,Global off
merged,2,20,18,1,3,ITI,ITI,441,0.04081632653061224,15,48,0.3125,Global off,Safety-like
merged,26,20,5,4,3,ITI,ITI,123,0.04065040650406504,5,48,0.10416666666666667,Global on,Safety-like
merged,26,28,5,4,4,ITI,ITI,123,0.04065040650406504,5,48,0.10416666666666667,Global on,Global on
merged,26,29,5,4,2,ITI,ITI,123,0.04065040650406504,5,48,0.10416666666666667,Global on,Threat-like
merged,25,5,9,1,1,ITI,ITI,223,0.04035874439461883,7,48,0.14583333333333334,Global off,Global off
merged,28,13,14,4,2,ITI,ITI,347,0.040345821325648415,12,48,0.25,Global on,Threat-like
merged,4,12,16,3,3,ITI,ITI,397,0.04030226700251889,14,48,0.2916666666666667,Safety-like,Safety-like
merged,4,17,16,3,1,ITI,ITI,397,0.04030226700251889,11,48,0.22916666666666666,Safety-like,Global off
merged,4,28,16,3,4,ITI,ITI,397,0.04030226700251889,14,48,0.2916666666666667,Safety-like,Global on
merged,1,29,31,1,2,ITI,ITI,770,0.04025974025974026,22,48,0.4583333333333333,Global off,Threat-like
merged,1,31,31,1,4,ITI,ITI,770,0.04025974025974026,23,48,0.4791666666666667,Global off,Global on
merged,21,13,9,1,2,ITI,ITI,224,0.04017857142857143,9,48,0.1875,Global off,Threat-like
merged,21,16,9,1,4,CS-,CS-,224,0.04017857142857143,6,48,0.125,Global off,Global on
merged,19,24,11,3,4,ITI,ITI,277,0.039711191335740074,10,48,0.20833333333333334,Safety-like,Global on
merged,17,21,15,1,1,ITI,ITI,379,0.0395778364116095,11,48,0.22916666666666666,Global off,Global off
merged,29,25,15,2,1,ITI,ITI,379,0.0395778364116095,12,48,0.25,Threat-like,Global off
merged,3,2,8,1,1,ITI,ITI,204,0.0392156862745098,8,48,0.16666666666666666,Global off,Global off
merged,3,16,8,1,4,ITI,CS-,204,0.0392156862745098,8,48,0.16666666666666666,Global off,Global on
merged,3,17,8,1,1,CS+,ITI,204,0.0392156862745098,8,48,0.16666666666666666,Global off,Global off
merged,5,4,14,1,3,ITI,ITI,358,0.03910614525139665,13,48,0.2708333333333333,Global off,Safety-like
merged,6,24,6,1,4,ITI,ITI,154,0.03896103896103896,6,48,0.125,Global off,Global on
merged,16,2,15,4,1,CS+,CS+,386,0.038860103626943004,12,48,0.25,Global on,Global off
merged,16,31,15,4,4,ITI,ITI,386,0.038860103626943004,11,48,0.22916666666666666,Global on,Global on
merged,14,5,12,2,1,CS+,CS+,309,0.038834951456310676,12,48,0.25,Threat-like,Global off
merged,14,10,12,2,1,ITI,ITI,309,0.038834951456310676,9,48,0.1875,Threat-like,Global off
merged,31,2,17,4,1,ITI,ITI,438,0.03881278538812785,14,48,0.2916666666666667,Global on,Global off
merged,9,5,11,1,1,ITI,ITI,287,0.03832752613240418,10,48,0.20833333333333334,Global off,Global off
merged,9,29,11,1,2,ITI,CS-,287,0.03832752613240418,9,48,0.1875,Global off,Threat-like
merged,24,1,11,4,1,ITI,ITI,289,0.03806228373702422,11,48,0.22916666666666666,Global on,Global off
merged,23,4,7,4,3,ITI,ITI,184,0.03804347826086957,7,48,0.14583333333333334,Global on,Safety-like
merged,23,5,7,4,1,CS-,CS+,184,0.03804347826086957,5,48,0.10416666666666667,Global on,Global off
merged,23,13,7,4,2,ITI,CS-,184,0.03804347826086957,6,48,0.125,Global on,Threat-like
merged,23,16,7,4,4,ITI,CS+,184,0.03804347826086957,5,48,0.10416666666666667,Global on,Global on
merged,23,19,7,4,3,CS+,ITI,184,0.03804347826086957,6,48,0.125,Global on,Safety-like
merged,11,3,3,1,1,CS-,CS-,79,0.0379746835443038,3,48,0.0625,Global off,Global off
merged,11,19,3,1,3,CS+,ITI,79,0.0379746835443038,3,48,0.0625,Global off,Safety-like
merged,11,25,3,1,1,CS-,ITI,79,0.0379746835443038,3,48,0.0625,Global off,Global off
merged,11,28,3,1,4,ITI,ITI,79,0.0379746835443038,3,48,0.0625,Global off,Global on
merged,11,31,3,1,4,ITI,CS+,79,0.0379746835443038,2,48,0.041666666666666664,Global off,Global on
merged,12,9,7,3,1,CS+,ITI,185,0.03783783783783784,5,48,0.10416666666666667,Safety-like,Global off
merged,12,29,7,3,2,ITI,CS+,185,0.03783783783783784,6,48,0.125,Safety-like,Threat-like
merged,32,2,30,4,1,CS-,CS-,793,0.03783102143757881,22,48,0.4583333333333333,Global on,Global off
merged,4,18,15,3,3,ITI,ITI,397,0.037783375314861464,13,48,0.2708333333333333,Safety-like,Safety-like
merged,28,31,13,4,4,ITI,ITI,347,0.037463976945244955,12,48,0.25,Global on,Global on
merged,18,25,7,3,1,ITI,ITI,189,0.037037037037037035,5,48,0.10416666666666667,Safety-like,Global off
merged,17,3,14,1,1,ITI,ITI,379,0.036939313984168866,14,48,0.2916666666666667,Global off,Global off
merged,17,29,14,1,2,ITI,ITI,379,0.036939313984168866,10,48,0.20833333333333334,Global off,Threat-like
merged,27,29,6,4,2,ITI,ITI,163,0.03680981595092025,6,48,0.125,Global on,Threat-like
merged,31,13,16,4,2,ITI,ITI,438,0.0365296803652968,13,48,0.2708333333333333,Global on,Threat-like
merged,31,15,16,4,2,CS+,CS+,438,0.0365296803652968,12,48,0.25,Global on,Threat-like
merged,31,19,16,4,3,ITI,ITI,438,0.0365296803652968,12,48,0.25,Global on,Safety-like
merged,5,31,13,1,4,ITI,ITI,358,0.036312849162011177,13,48,0.2708333333333333,Global off,Global on
merged,2,24,16,1,4,ITI,ITI,441,0.036281179138321996,14,48,0.2916666666666667,Global off,Global on
merged,16,5,14,4,1,ITI,CS-,386,0.03626943005181347,12,48,0.25,Global on,Global off
merged,19,18,10,3,3,CS+,ITI,277,0.036101083032490974,7,48,0.14583333333333334,Safety-like,Safety-like
merged,10,29,7,1,2,ITI,ITI,194,0.03608247422680412,7,48,0.14583333333333334,Global off,Threat-like
merged,10,31,7,1,4,CS+,CS+,194,0.03608247422680412,6,48,0.125,Global off,Global on
merged,15,8,7,2,3,CS+,CS+,194,0.03608247422680412,7,48,0.14583333333333334,Threat-like,Safety-like
merged,15,20,7,2,3,ITI,ITI,194,0.03608247422680412,7,48,0.14583333333333334,Threat-like,Safety-like
merged,25,4,8,1,3,ITI,ITI,223,0.03587443946188341,7,48,0.14583333333333334,Global off,Safety-like
merged,13,8,18,2,3,ITI,ITI,502,0.035856573705179286,15,48,0.3125,Threat-like,Safety-like
merged,14,12,11,2,3,ITI,ITI,309,0.03559870550161812,10,48,0.20833333333333334,Threat-like,Safety-like
merged,14,15,11,2,2,ITI,CS-,309,0.03559870550161812,11,48,0.22916666666666666,Threat-like,Threat-like
merged,32,25,28,4,1,ITI,ITI,793,0.03530895334174023,17,48,0.3541666666666667,Global on,Global off
merged,4,3,14,3,1,CS+,ITI,397,0.03526448362720403,7,48,0.14583333333333334,Safety-like,Global off
merged,4,10,14,3,1,ITI,ITI,397,0.03526448362720403,14,48,0.2916666666666667,Safety-like,Global off
merged,4,13,14,3,2,ITI,ITI,397,0.03526448362720403,10,48,0.20833333333333334,Safety-like,Threat-like
merged,4,31,14,3,4,ITI,ITI,397,0.03526448362720403,9,48,0.1875,Safety-like,Global on
merged,1,16,27,1,4,ITI,ITI,770,0.03506493506493506,21,48,0.4375,Global off,Global on
merged,8,6,7,3,1,CS+,CS+,200,0.035,4,48,0.08333333333333333,Safety-like,Global off
merged,8,19,7,3,3,ITI,ITI,200,0.035,7,48,0.14583333333333334,Safety-like,Safety-like
merged,8,28,7,3,4,CS+,ITI,200,0.035,6,48,0.125,Safety-like,Global on
merged,24,2,10,4,1,ITI,CS-,289,0.03460207612456748,9,48,0.1875,Global on,Global off
merged,24,13,10,4,2,ITI,ITI,289,0.03460207612456748,8,48,0.16666666666666666,Global on,Threat-like
merged,24,18,10,4,3,CS+,ITI,289,0.03460207612456748,10,48,0.20833333333333334,Global on,Safety-like
merged,28,26,12,4,4,ITI,ITI,347,0.0345821325648415,10,48,0.20833333333333334,Global on,Global on
merged,28,29,12,4,2,ITI,ITI,347,0.0345821325648415,9,48,0.1875,Global on,Threat-like
merged,20,23,17,3,4,ITI,ITI,494,0.03441295546558704,16,48,0.3333333333333333,Safety-like,Global on
merged,3,5,7,1,1,ITI,ITI,204,0.03431372549019608,6,48,0.125,Global off,Global off
merged,3,23,7,1,4,ITI,ITI,204,0.03431372549019608,5,48,0.10416666666666667,Global off,Global on
merged,17,23,13,1,4,ITI,ITI,379,0.03430079155672823,11,48,0.22916666666666666,Global off,Global on
merged,29,27,13,2,4,CS+,ITI,379,0.03430079155672823,10,48,0.20833333333333334,Threat-like,Global on
merged,29,28,13,2,4,ITI,ITI,379,0.03430079155672823,11,48,0.22916666666666666,Threat-like,Global on
merged,31,1,15,4,1,ITI,CS-,438,0.03424657534246575,14,48,0.2916666666666667,Global on,Global off
merged,31,23,15,4,4,ITI,ITI,438,0.03424657534246575,12,48,0.25,Global on,Global on
merged,32,17,27,4,1,ITI,ITI,793,0.034047919293820936,20,48,0.4166666666666667,Global on,Global off
merged,2,6,15,1,1,ITI,ITI,441,0.034013605442176874,13,48,0.2708333333333333,Global off,Global off
merged,2,8,15,1,3,CS+,ITI,441,0.034013605442176874,11,48,0.22916666666666666,Global off,Safety-like
merged,2,14,15,1,2,ITI,ITI,441,0.034013605442176874,11,48,0.22916666666666666,Global off,Threat-like
merged,13,17,17,2,1,CS+,ITI,502,0.03386454183266932,14,48,0.2916666666666667,Threat-like,Global off
merged,1,6,26,1,1,ITI,ITI,770,0.033766233766233764,21,48,0.4375,Global off,Global off
merged,16,28,13,4,4,CS+,ITI,386,0.03367875647668394,11,48,0.22916666666666666,Global on,Global on
merged,16,29,13,4,2,ITI,ITI,386,0.03367875647668394,11,48,0.22916666666666666,Global on,Threat-like
merged,5,2,12,1,1,ITI,ITI,358,0.0335195530726257,10,48,0.20833333333333334,Global off,Global off
merged,7,8,4,1,3,CS-,ITI,120,0.03333333333333333,4,48,0.08333333333333333,Global off,Safety-like
merged,4,5,13,3,1,ITI,ITI,397,0.0327455919395466,12,48,0.25,Safety-like,Global off
merged,4,24,13,3,4,ITI,ITI,397,0.0327455919395466,11,48,0.22916666666666666,Safety-like,Global on
merged,23,8,6,4,3,ITI,CS+,184,0.03260869565217391,6,48,0.125,Global on,Safety-like
merged,26,4,4,4,3,ITI,ITI,123,0.032520325203252036,4,48,0.08333333333333333,Global on,Safety-like
merged,26,5,4,4,1,ITI,ITI,123,0.032520325203252036,4,48,0.08333333333333333,Global on,Global off
merged,26,18,4,4,3,ITI,ITI,123,0.032520325203252036,3,48,0.0625,Global on,Safety-like
merged,26,19,4,4,3,ITI,ITI,123,0.032520325203252036,3,48,0.0625,Global on,Safety-like
merged,26,30,4,4,4,ITI,ITI,123,0.032520325203252036,4,48,0.08333333333333333,Global on,Global on
merged,19,2,9,3,1,ITI,ITI,277,0.032490974729241874,7,48,0.14583333333333334,Safety-like,Global off
merged,6,18,5,1,3,ITI,CS+,154,0.032467532467532464,5,48,0.10416666666666667,Global off,Safety-like
merged,6,20,5,1,3,ITI,CS+,154,0.032467532467532464,5,48,0.10416666666666667,Global off,Safety-like
merged,6,21,5,1,1,CS-,ITI,154,0.032467532467532464,4,48,0.08333333333333333,Global off,Global off
merged,12,24,6,3,4,ITI,ITI,185,0.032432432432432434,4,48,0.08333333333333333,Safety-like,Global on
merged,14,4,10,2,3,ITI,ITI,309,0.032362459546925564,9,48,0.1875,Threat-like,Safety-like
merged,13,10,16,2,1,ITI,ITI,502,0.03187250996015936,14,48,0.2916666666666667,Threat-like,Global off
merged,2,32,14,1,4,ITI,CS-,441,0.031746031746031744,10,48,0.20833333333333334,Global off,Global on
merged,18,13,6,3,2,ITI,CS+,189,0.031746031746031744,5,48,0.10416666666666667,Safety-like,Threat-like
merged,28,18,11,4,3,ITI,ITI,347,0.03170028818443804,10,48,0.20833333333333334,Global on,Safety-like
merged,17,2,12,1,1,ITI,ITI,379,0.0316622691292876,11,48,0.22916666666666666,Global off,Global off
merged,17,4,12,1,3,ITI,ITI,379,0.0316622691292876,9,48,0.1875,Global off,Safety-like
merged,17,18,12,1,3,ITI,ITI,379,0.0316622691292876,10,48,0.20833333333333334,Global off,Safety-like
merged,17,25,12,1,1,ITI,ITI,379,0.0316622691292876,10,48,0.20833333333333334,Global off,Global off
merged,17,31,12,1,4,ITI,ITI,379,0.0316622691292876,11,48,0.22916666666666666,Global off,Global on
merged,29,9,12,2,1,ITI,CS+,379,0.0316622691292876,11,48,0.22916666666666666,Threat-like,Global off
merged,29,20,12,2,3,ITI,ITI,379,0.0316622691292876,10,48,0.20833333333333334,Threat-like,Safety-like
merged,32,4,25,4,3,CS+,ITI,793,0.031525851197982346,17,48,0.3541666666666667,Global on,Safety-like
merged,32,14,25,4,2,ITI,ITI,793,0.031525851197982346,19,48,0.3958333333333333,Global on,Threat-like
merged,25,2,7,1,1,ITI,ITI,223,0.03139013452914798,6,48,0.125,Global off,Global off
merged,9,15,9,1,2,ITI,ITI,287,0.0313588850174216,8,48,0.16666666666666666,Global off,Threat-like
merged,9,16,9,1,4,ITI,CS+,287,0.0313588850174216,8,48,0.16666666666666666,Global off,Global on
merged,9,31,9,1,4,ITI,ITI,287,0.0313588850174216,7,48,0.14583333333333334,Global off,Global on
merged,21,4,7,1,3,ITI,CS+,224,0.03125,6,48,0.125,Global off,Safety-like
merged,21,6,7,1,1,ITI,ITI,224,0.03125,7,48,0.14583333333333334,Global off,Global off
merged,21,15,7,1,2,ITI,CS-,224,0.03125,7,48,0.14583333333333334,Global off,Threat-like
merged,24,17,9,4,1,ITI,ITI,289,0.031141868512110725,8,48,0.16666666666666666,Global on,Global off
merged,24,29,9,4,2,ITI,ITI,289,0.031141868512110725,7,48,0.14583333333333334,Global on,Threat-like
merged,16,8,12,4,3,CS-,ITI,386,0.031088082901554404,10,48,0.20833333333333334,Global on,Safety-like
merged,16,9,12,4,1,CS-,ITI,386,0.031088082901554404,10,48,0.20833333333333334,Global on,Global off
merged,16,15,12,4,2,CS+,ITI,386,0.031088082901554404,10,48,0.20833333333333334,Global on,Threat-like
merged,16,17,12,4,1,CS+,ITI,386,0.031088082901554404,11,48,0.22916666666666666,Global on,Global off
merged,10,19,6,1,3,ITI,ITI,194,0.030927835051546393,6,48,0.125,Global off,Safety-like
merged,10,32,6,1,4,ITI,CS-,194,0.030927835051546393,6,48,0.125,Global off,Global on
merged,15,2,6,2,1,CS+,CS+,194,0.030927835051546393,6,48,0.125,Threat-like,Global off
merged,15,3,6,2,1,ITI,ITI,194,0.030927835051546393,5,48,0.10416666666666667,Threat-like,Global off
merged,5,9,11,1,1,ITI,ITI,358,0.030726256983240222,11,48,0.22916666666666666,Global off,Global off
merged,27,2,5,4,1,ITI,CS+,163,0.03067484662576687,5,48,0.10416666666666667,Global on,Global off
merged,27,9,5,4,1,CS+,ITI,163,0.03067484662576687,5,48,0.10416666666666667,Global on,Global off
merged,27,24,5,4,4,ITI,ITI,163,0.03067484662576687,5,48,0.10416666666666667,Global on,Global on
merged,27,26,5,4,4,ITI,ITI,163,0.03067484662576687,5,48,0.10416666666666667,Global on,Global on
merged,4,8,12,3,3,ITI,ITI,397,0.030226700251889168,8,48,0.16666666666666666,Safety-like,Safety-like
merged,4,9,12,3,1,ITI,ITI,397,0.030226700251889168,12,48,0.25,Safety-like,Global off
merged,13,4,15,2,3,CS-,ITI,502,0.029880478087649404,13,48,0.2708333333333333,Threat-like,Safety-like
merged,1,21,23,1,1,ITI,ITI,770,0.02987012987012987,20,48,0.4166666666666667,Global off,Global off
merged,30,4,6,4,3,ITI,ITI,201,0.029850746268656716,6,48,0.125,Global on,Safety-like
merged,30,16,6,4,4,CS-,CS-,201,0.029850746268656716,6,48,0.125,Global on,Global on
merged,30,24,6,4,4,CS+,ITI,201,0.029850746268656716,6,48,0.125,Global on,Global on
merged,30,25,6,4,1,CS+,CS+,201,0.029850746268656716,5,48,0.10416666666666667,Global on,Global off
merged,30,26,6,4,4,ITI,ITI,201,0.029850746268656716,6,48,0.125,Global on,Global on
merged,31,4,13,4,3,ITI,ITI,438,0.02968036529680365,9,48,0.1875,Global on,Safety-like
merged,31,25,13,4,1,ITI,ITI,438,0.02968036529680365,10,48,0.20833333333333334,Global on,Global off
merged,2,3,13,1,1,ITI,ITI,441,0.02947845804988662,10,48,0.20833333333333334,Global off,Global off
merged,3,8,6,1,3,ITI,ITI,204,0.029411764705882353,6,48,0.125,Global off,Safety-like
merged,3,24,6,1,4,ITI,ITI,204,0.029411764705882353,5,48,0.10416666666666667,Global off,Global on
merged,3,25,6,1,1,ITI,ITI,204,0.029411764705882353,6,48,0.125,Global off,Global off
merged,17,24,11,1,4,CS+,ITI,379,0.029023746701846966,10,48,0.20833333333333334,Global off,Global on
merged,29,2,11,2,1,ITI,ITI,379,0.029023746701846966,9,48,0.1875,Threat-like,Global off
merged,22,1,2,4,1,ITI,ITI,69,0.028985507246376812,2,48,0.041666666666666664,Global on,Global off
merged,22,4,2,4,3,CS-,CS-,69,0.028985507246376812,2,48,0.041666666666666664,Global on,Safety-like
merged,22,9,2,4,1,CS-,CS+,69,0.028985507246376812,2,48,0.041666666666666664,Global on,Global off
merged,22,17,2,4,1,CS-,CS+,69,0.028985507246376812,2,48,0.041666666666666664,Global on,Global off
merged,19,29,8,3,2,ITI,ITI,277,0.02888086642599278,6,48,0.125,Safety-like,Threat-like
merged,28,4,10,4,3,ITI,CS-,347,0.02881844380403458,9,48,0.1875,Global on,Safety-like
merged,28,24,10,4,4,ITI,ITI,347,0.02881844380403458,10,48,0.20833333333333334,Global on,Global on
merged,28,30,10,4,4,ITI,CS+,347,0.02881844380403458,9,48,0.1875,Global on,Global on
merged,16,25,11,4,1,CS-,CS-,386,0.02849740932642487,8,48,0.16666666666666666,Global on,Global off
merged,20,27,14,3,4,ITI,ITI,494,0.02834008097165992,14,48,0.2916666666666667,Safety-like,Global on
merged,5,10,10,1,1,CS+,CS+,358,0.027932960893854747,8,48,0.16666666666666666,Global off,Global off
merged,5,15,10,1,2,ITI,CS+,358,0.027932960893854747,7,48,0.14583333333333334,Global off,Threat-like
merged,5,21,10,1,1,ITI,ITI,358,0.027932960893854747,9,48,0.1875,Global off,Global off
merged,13,21,14,2,1,ITI,ITI,502,0.027888446215139442,13,48,0.2708333333333333,Threat-like,Global off
merged,9,26,8,1,4,ITI,ITI,287,0.027874564459930314,7,48,0.14583333333333334,Global off,Global on
merged,24,8,8,4,3,ITI,ITI,289,0.02768166089965398,8,48,0.16666666666666666,Global on,Safety-like
merged,31,24,12,4,4,ITI,ITI,438,0.0273972602739726,11,48,0.22916666666666666,Global on,Global on
merged,31,30,12,4,4,ITI,ITI,438,0.0273972602739726,10,48,0.20833333333333334,Global on,Global on
merged,1,14,21,1,2,ITI,ITI,770,0.02727272727272727,17,48,0.3541666666666667,Global off,Threat-like
merged,2,9,12,1,1,ITI,ITI,441,0.027210884353741496,9,48,0.1875,Global off,Global off
merged,23,2,5,4,1,CS+,CS-,184,0.02717391304347826,4,48,0.08333333333333333,Global on,Global off
merged,23,3,5,4,1,ITI,ITI,184,0.02717391304347826,4,48,0.08333333333333333,Global on,Global off
merged,23,21,5,4,1,ITI,ITI,184,0.02717391304347826,5,48,0.10416666666666667,Global on,Global off
merged,23,27,5,4,4,ITI,CS+,184,0.02717391304347826,5,48,0.10416666666666667,Global on,Global on
merged,23,28,5,4,4,CS-,ITI,184,0.02717391304347826,4,48,0.08333333333333333,Global on,Global on
merged,12,8,5,3,3,ITI,CS+,185,0.02702702702702703,5,48,0.10416666666666667,Safety-like,Safety-like
merged,12,17,5,3,1,ITI,ITI,185,0.02702702702702703,3,48,0.0625,Safety-like,Global off
merged,12,30,5,3,4,ITI,ITI,185,0.02702702702702703,4,48,0.08333333333333333,Safety-like,Global on
merged,25,30,6,1,4,ITI,CS+,223,0.026905829596412557,6,48,0.125,Global off,Global on
merged,25,31,6,1,4,ITI,ITI,223,0.026905829596412557,6,48,0.125,Global off,Global on
merged,21,12,6,1,3,ITI,ITI,224,0.026785714285714284,5,48,0.10416666666666667,Global off,Safety-like
merged,21,14,6,1,2,ITI,ITI,224,0.026785714285714284,4,48,0.08333333333333333,Global off,Threat-like
merged,18,5,5,3,1,ITI,ITI,189,0.026455026455026454,5,48,0.10416666666666667,Safety-like,Global off
merged,18,8,5,3,3,CS+,ITI,189,0.026455026455026454,4,48,0.08333333333333333,Safety-like,Safety-like
merged,18,23,5,3,4,CS+,ITI,189,0.026455026455026454,5,48,0.10416666666666667,Safety-like,Global on
merged,18,24,5,3,4,CS+,ITI,189,0.026455026455026454,5,48,0.10416666666666667,Safety-like,Global on
merged,18,28,5,3,4,ITI,ITI,189,0.026455026455026454,5,48,0.10416666666666667,Safety-like,Global on
merged,18,29,5,3,2,ITI,CS+,189,0.026455026455026454,5,48,0.10416666666666667,Safety-like,Threat-like
merged,17,13,10,1,2,ITI,ITI,379,0.026385224274406333,6,48,0.125,Global off,Threat-like
merged,29,4,10,2,3,ITI,ITI,379,0.026385224274406333,8,48,0.16666666666666666,Threat-like,Safety-like
merged,20,29,13,3,2,ITI,ITI,494,0.02631578947368421,10,48,0.20833333333333334,Safety-like,Threat-like
merged,6,9,4,1,1,ITI,ITI,154,0.025974025974025976,4,48,0.08333333333333333,Global off,Global off
merged,6,15,4,1,2,ITI,CS+,154,0.025974025974025976,3,48,0.0625,Global off,Threat-like
merged,6,17,4,1,1,CS+,CS+,154,0.025974025974025976,4,48,0.08333333333333333,Global off,Global off
merged,6,25,4,1,1,ITI,ITI,154,0.025974025974025976,2,48,0.041666666666666664,Global off,Global off
merged,6,29,4,1,2,CS-,CS-,154,0.025974025974025976,4,48,0.08333333333333333,Global off,Threat-like
merged,28,10,9,4,1,CS-,CS-,347,0.025936599423631124,8,48,0.16666666666666666,Global on,Global off
merged,28,12,9,4,3,ITI,ITI,347,0.025936599423631124,7,48,0.14583333333333334,Global on,Safety-like
merged,16,3,10,4,1,CS+,ITI,386,0.025906735751295335,10,48,0.20833333333333334,Global on,Global off
merged,16,20,10,4,3,CS+,ITI,386,0.025906735751295335,10,48,0.20833333333333334,Global on,Safety-like
merged,16,24,10,4,4,CS-,ITI,386,0.025906735751295335,9,48,0.1875,Global on,Global on
merged,13,7,13,2,1,ITI,ITI,502,0.025896414342629483,11,48,0.22916666666666666,Threat-like,Global off
merged,14,3,8,2,1,CS+,ITI,309,0.025889967637540454,6,48,0.125,Threat-like,Global off
merged,10,7,5,1,1,CS-,CS-,194,0.02577319587628866,4,48,0.08333333333333333,Global off,Global off
merged,10,16,5,1,4,ITI,CS+,194,0.02577319587628866,5,48,0.10416666666666667,Global off,Global on
merged,15,12,5,2,3,CS+,ITI,194,0.02577319587628866,5,48,0.10416666666666667,Threat-like,Safety-like
merged,15,21,5,2,1,ITI,ITI,194,0.02577319587628866,3,48,0.0625,Threat-like,Global off
merged,11,5,2,1,1,CS+,CS+,79,0.02531645569620253,2,48,0.041666666666666664,Global off,Global off
merged,11,12,2,1,3,CS+,CS+,79,0.02531645569620253,2,48,0.041666666666666664,Global off,Safety-like
merged,11,13,2,1,2,CS+,ITI,79,0.02531645569620253,2,48,0.041666666666666664,Global off,Threat-like
merged,11,14,2,1,2,ITI,CS+,79,0.02531645569620253,2,48,0.041666666666666664,Global off,Threat-like
merged,11,17,2,1,1,CS-,ITI,79,0.02531645569620253,2,48,0.041666666666666664,Global off,Global off
merged,11,18,2,1,3,CS+,ITI,79,0.02531645569620253,2,48,0.041666666666666664,Global off,Safety-like
merged,11,30,2,1,4,CS+,ITI,79,0.02531645569620253,2,48,0.041666666666666664,Global off,Global on
merged,19,30,7,3,4,ITI,ITI,277,0.02527075812274368,5,48,0.10416666666666667,Safety-like,Global on
merged,5,23,9,1,4,ITI,ITI,358,0.025139664804469275,8,48,0.16666666666666666,Global off,Global on
merged,5,29,9,1,2,ITI,CS-,358,0.025139664804469275,9,48,0.1875,Global off,Threat-like
merged,31,9,11,4,1,ITI,ITI,438,0.02511415525114155,9,48,0.1875,Global on,Global off
merged,31,27,11,4,4,ITI,ITI,438,0.02511415525114155,10,48,0.20833333333333334,Global on,Global on
merged,8,3,5,3,1,ITI,ITI,200,0.025,4,48,0.08333333333333333,Safety-like,Global off
merged,8,12,5,3,3,CS+,CS+,200,0.025,3,48,0.0625,Safety-like,Safety-like
merged,8,15,5,3,2,CS-,ITI,200,0.025,5,48,0.10416666666666667,Safety-like,Threat-like
merged,8,29,5,3,2,ITI,CS+,200,0.025,4,48,0.08333333333333333,Safety-like,Threat-like
merged,7,9,3,1,1,ITI,CS-,120,0.025,3,48,0.0625,Global off,Global off
merged,7,14,3,1,2,ITI,ITI,120,0.025,3,48,0.0625,Global off,Threat-like
merged,7,19,3,1,3,ITI,ITI,120,0.025,3,48,0.0625,Global off,Safety-like
merged,7,21,3,1,1,CS-,ITI,120,0.025,3,48,0.0625,Global off,Global off
merged,7,29,3,1,2,CS+,ITI,120,0.025,2,48,0.041666666666666664,Global off,Threat-like
merged,2,18,11,1,3,ITI,ITI,441,0.024943310657596373,7,48,0.14583333333333334,Global off,Safety-like
merged,2,25,11,1,1,ITI,ITI,441,0.024943310657596373,10,48,0.20833333333333334,Global off,Global off
merged,2,31,11,1,4,ITI,ITI,441,0.024943310657596373,9,48,0.1875,Global off,Global on
merged,30,15,5,4,2,CS-,ITI,201,0.024875621890547265,5,48,0.10416666666666667,Global on,Threat-like
merged,30,28,5,4,4,ITI,ITI,201,0.024875621890547265,4,48,0.08333333333333333,Global on,Global on
merged,1,19,19,1,3,ITI,ITI,770,0.024675324675324677,15,48,0.3125,Global off,Safety-like
merged,27,14,4,4,2,ITI,ITI,163,0.024539877300613498,4,48,0.08333333333333333,Global on,Threat-like
merged,27,16,4,4,4,ITI,ITI,163,0.024539877300613498,4,48,0.08333333333333333,Global on,Global on
merged,27,17,4,4,1,ITI,ITI,163,0.024539877300613498,3,48,0.0625,Global on,Global off
merged,3,14,5,1,2,CS-,ITI,204,0.024509803921568627,5,48,0.10416666666666667,Global off,Threat-like
merged,3,29,5,1,2,ITI,ITI,204,0.024509803921568627,4,48,0.08333333333333333,Global off,Threat-like
merged,9,3,7,1,1,ITI,ITI,287,0.024390243902439025,7,48,0.14583333333333334,Global off,Global off
merged,9,19,7,1,3,ITI,ITI,287,0.024390243902439025,7,48,0.14583333333333334,Global off,Safety-like
merged,9,25,7,1,1,ITI,ITI,287,0.024390243902439025,7,48,0.14583333333333334,Global off,Global off
merged,26,2,3,4,1,ITI,ITI,123,0.024390243902439025,3,48,0.0625,Global on,Global off
merged,26,9,3,4,1,CS+,ITI,123,0.024390243902439025,3,48,0.0625,Global on,Global off
merged,26,10,3,4,1,ITI,CS-,123,0.024390243902439025,2,48,0.041666666666666664,Global on,Global off
merged,24,5,7,4,1,ITI,ITI,289,0.02422145328719723,5,48,0.10416666666666667,Global on,Global off
merged,24,21,7,4,1,ITI,ITI,289,0.02422145328719723,7,48,0.14583333333333334,Global on,Global off
merged,24,30,7,4,4,ITI,ITI,289,0.02422145328719723,7,48,0.14583333333333334,Global on,Global on
merged,32,9,19,4,1,CS-,ITI,793,0.02395964691046658,17,48,0.3541666666666667,Global on,Global off
merged,32,12,19,4,3,ITI,CS+,793,0.02395964691046658,15,48,0.3125,Global on,Safety-like
merged,32,27,19,4,4,ITI,ITI,793,0.02395964691046658,15,48,0.3125,Global on,Global on
merged,17,15,9,1,2,ITI,ITI,379,0.023746701846965697,8,48,0.16666666666666666,Global off,Threat-like
merged,29,10,9,2,1,ITI,ITI,379,0.023746701846965697,7,48,0.14583333333333334,Threat-like,Global off
merged,29,15,9,2,2,CS-,ITI,379,0.023746701846965697,8,48,0.16666666666666666,Threat-like,Threat-like
merged,1,24,18,1,4,ITI,ITI,770,0.023376623376623377,16,48,0.3333333333333333,Global off,Global on
merged,16,6,9,4,1,CS-,CS-,386,0.023316062176165803,8,48,0.16666666666666666,Global on,Global off
merged,16,21,9,4,1,ITI,ITI,386,0.023316062176165803,8,48,0.16666666666666666,Global on,Global off
merged,28,2,8,4,1,ITI,ITI,347,0.023054755043227664,8,48,0.16666666666666666,Global on,Global off
merged,31,17,10,4,1,ITI,ITI,438,0.0228310502283105,8,48,0.16666666666666666,Global on,Global off
merged,2,29,10,1,2,ITI,ITI,441,0.022675736961451247,9,48,0.1875,Global off,Threat-like
merged,4,14,9,3,2,ITI,CS+,397,0.022670025188916875,6,48,0.125,Safety-like,Threat-like
merged,4,30,9,3,4,ITI,ITI,397,0.022670025188916875,8,48,0.16666666666666666,Safety-like,Global on
merged,14,25,7,2,1,ITI,ITI,309,0.022653721682847898,7,48,0.14583333333333334,Threat-like,Global off
merged,25,18,5,1,3,ITI,ITI,223,0.02242152466367713,5,48,0.10416666666666667,Global off,Safety-like
merged,25,24,5,1,4,ITI,ITI,223,0.02242152466367713,4,48,0.08333333333333333,Global off,Global on
merged,5,6,8,1,1,ITI,ITI,358,0.0223463687150838,8,48,0.16666666666666666,Global off,Global off
merged,5,30,8,1,4,CS+,ITI,358,0.0223463687150838,7,48,0.14583333333333334,Global off,Global on
merged,21,18,5,1,3,ITI,ITI,224,0.022321428571428572,5,48,0.10416666666666667,Global off,Safety-like
merged,21,19,5,1,3,ITI,ITI,224,0.022321428571428572,5,48,0.10416666666666667,Global off,Safety-like
merged,21,23,5,1,4,ITI,ITI,224,0.022321428571428572,5,48,0.10416666666666667,Global off,Global on
merged,21,27,5,1,4,ITI,CS-,224,0.022321428571428572,4,48,0.08333333333333333,Global off,Global on
merged,23,14,4,4,2,CS+,CS+,184,0.021739130434782608,4,48,0.08333333333333333,Global on,Threat-like
merged,23,15,4,4,2,ITI,ITI,184,0.021739130434782608,3,48,0.0625,Global on,Threat-like
merged,23,18,4,4,3,ITI,ITI,184,0.021739130434782608,4,48,0.08333333333333333,Global on,Safety-like
merged,19,8,6,3,3,ITI,ITI,277,0.021660649819494584,6,48,0.125,Safety-like,Safety-like
merged,19,21,6,3,1,ITI,ITI,277,0.021660649819494584,5,48,0.10416666666666667,Safety-like,Global off
merged,12,3,4,3,1,CS+,ITI,185,0.021621621621621623,4,48,0.08333333333333333,Safety-like,Global off
merged,12,14,4,3,2,CS+,CS+,185,0.021621621621621623,4,48,0.08333333333333333,Safety-like,Threat-like
merged,12,21,4,3,1,ITI,ITI,185,0.021621621621621623,2,48,0.041666666666666664,Safety-like,Global off
merged,32,5,17,4,1,CS+,ITI,793,0.021437578814627996,13,48,0.2708333333333333,Global on,Global off
merged,18,4,4,3,3,ITI,CS+,189,0.021164021164021163,4,48,0.08333333333333333,Safety-like,Safety-like
merged,18,14,4,3,2,ITI,CS-,189,0.021164021164021163,4,48,0.08333333333333333,Safety-like,Threat-like
merged,29,5,8,2,1,ITI,ITI,379,0.021108179419525065,8,48,0.16666666666666666,Threat-like,Global off
merged,29,14,8,2,2,ITI,CS+,379,0.021108179419525065,8,48,0.16666666666666666,Threat-like,Threat-like
merged,1,10,16,1,1,ITI,ITI,770,0.02077922077922078,14,48,0.2916666666666667,Global off,Global off
merged,24,6,6,4,1,ITI,ITI,289,0.020761245674740483,6,48,0.125,Global on,Global off
merged,24,12,6,4,3,ITI,CS+,289,0.020761245674740483,6,48,0.125,Global on,Safety-like
merged,24,23,6,4,4,ITI,ITI,289,0.020761245674740483,5,48,0.10416666666666667,Global on,Global on
merged,16,10,8,4,1,ITI,ITI,386,0.02072538860103627,7,48,0.14583333333333334,Global on,Global off
merged,16,23,8,4,4,CS+,ITI,386,0.02072538860103627,6,48,0.125,Global on,Global on
merged,16,30,8,4,4,ITI,CS+,386,0.02072538860103627,7,48,0.14583333333333334,Global on,Global on
merged,10,8,4,1,3,CS-,CS-,194,0.020618556701030927,3,48,0.0625,Global off,Safety-like
merged,15,4,4,2,3,CS+,CS+,194,0.020618556701030927,4,48,0.08333333333333333,Threat-like,Safety-like
merged,15,10,4,2,1,CS-,CS-,194,0.020618556701030927,4,48,0.08333333333333333,Threat-like,Global off
merged,15,17,4,2,1,CS+,ITI,194,0.020618556701030927,4,48,0.08333333333333333,Threat-like,Global off
merged,15,27,4,2,4,CS+,ITI,194,0.020618556701030927,4,48,0.08333333333333333,Threat-like,Global on
merged,2,23,9,1,4,ITI,CS-,441,0.02040816326530612,7,48,0.14583333333333334,Global off,Global on
merged,20,12,10,3,3,ITI,ITI,494,0.020242914979757085,9,48,0.1875,Safety-like,Safety-like
merged,28,5,7,4,1,ITI,ITI,347,0.020172910662824207,7,48,0.14583333333333334,Global on,Global off
merged,28,23,7,4,4,ITI,ITI,347,0.020172910662824207,6,48,0.125,Global on,Global on
merged,8,31,4,3,4,ITI,ITI,200,0.02,3,48,0.0625,Safety-like,Global on
merged,13,6,10,2,1,CS-,ITI,502,0.0199203187250996,10,48,0.20833333333333334,Threat-like,Global off
merged,30,8,4,4,3,ITI,CS-,201,0.01990049751243781,3,48,0.0625,Global on,Safety-like
merged,30,21,4,4,1,ITI,CS+,201,0.01990049751243781,4,48,0.08333333333333333,Global on,Global off
merged,3,10,4,1,1,CS+,ITI,204,0.0196078431372549,4,48,0.08333333333333333,Global off,Global off
merged,3,12,4,1,3,CS+,ITI,204,0.0196078431372549,4,48,0.08333333333333333,Global off,Safety-like
merged,3,28,4,1,4,CS-,CS-,204,0.0196078431372549,4,48,0.08333333333333333,Global off,Global on
merged,5,24,7,1,4,ITI,ITI,358,0.019553072625698324,7,48,0.14583333333333334,Global off,Global on
merged,1,8,15,1,3,ITI,ITI,770,0.01948051948051948,13,48,0.2708333333333333,Global off,Safety-like
merged,1,25,15,1,1,ITI,ITI,770,0.01948051948051948,13,48,0.2708333333333333,Global off,Global off
merged,6,11,3,1,1,ITI,CS+,154,0.01948051948051948,3,48,0.0625,Global off,Global off
merged,6,23,3,1,4,CS+,CS+,154,0.01948051948051948,3,48,0.0625,Global off,Global on
merged,6,30,3,1,4,CS+,CS+,154,0.01948051948051948,3,48,0.0625,Global off,Global on
merged,6,31,3,1,4,ITI,CS+,154,0.01948051948051948,3,48,0.0625,Global off,Global on
merged,14,8,6,2,3,CS+,CS+,309,0.019417475728155338,5,48,0.10416666666666667,Threat-like,Safety-like
merged,14,20,6,2,3,CS-,ITI,309,0.019417475728155338,6,48,0.125,Threat-like,Safety-like
merged,14,21,6,2,1,ITI,ITI,309,0.019417475728155338,4,48,0.08333333333333333,Threat-like,Global off
merged,14,26,6,2,4,CS+,ITI,309,0.019417475728155338,5,48,0.10416666666666667,Threat-like,Global on
merged,14,27,6,2,4,CS+,ITI,309,0.019417475728155338,4,48,0.08333333333333333,Threat-like,Global on
merged,14,28,6,2,4,CS-,CS-,309,0.019417475728155338,6,48,0.125,Threat-like,Global on
merged,14,30,6,2,4,CS+,CS+,309,0.019417475728155338,5,48,0.10416666666666667,Threat-like,Global on
merged,32,19,15,4,3,ITI,ITI,793,0.018915510718789406,12,48,0.25,Global on,Safety-like
merged,32,21,15,4,1,ITI,ITI,793,0.018915510718789406,13,48,0.2708333333333333,Global on,Global off
merged,17,5,7,1,1,ITI,ITI,379,0.018469656992084433,7,48,0.14583333333333334,Global off,Global off
merged,17,10,7,1,1,ITI,ITI,379,0.018469656992084433,7,48,0.14583333333333334,Global off,Global off
merged,17,27,7,1,4,ITI,ITI,379,0.018469656992084433,7,48,0.14583333333333334,Global off,Global on
merged,29,6,7,2,1,ITI,CS+,379,0.018469656992084433,7,48,0.14583333333333334,Threat-like,Global off
merged,29,12,7,2,3,CS+,CS+,379,0.018469656992084433,6,48,0.125,Threat-like,Safety-like
merged,29,24,7,2,4,ITI,ITI,379,0.018469656992084433,7,48,0.14583333333333334,Threat-like,Global on
merged,27,5,3,4,1,ITI,ITI,163,0.018404907975460124,3,48,0.0625,Global on,Global off
merged,27,11,3,4,1,CS+,ITI,163,0.018404907975460124,3,48,0.0625,Global on,Global off
merged,31,3,8,4,1,CS-,CS-,438,0.0182648401826484,6,48,0.125,Global on,Global off
merged,31,5,8,4,1,CS-,ITI,438,0.0182648401826484,7,48,0.14583333333333334,Global on,Global off
merged,31,7,8,4,1,ITI,CS-,438,0.0182648401826484,6,48,0.125,Global on,Global off
merged,31,11,8,4,1,CS-,ITI,438,0.0182648401826484,7,48,0.14583333333333334,Global on,Global off
merged,31,26,8,4,4,ITI,ITI,438,0.0182648401826484,8,48,0.16666666666666666,Global on,Global on
merged,20,9,9,3,1,ITI,ITI,494,0.018218623481781375,8,48,0.16666666666666666,Safety-like,Global off
merged,2,7,8,1,1,ITI,CS+,441,0.018140589569160998,6,48,0.125,Global off,Global off
merged,2,15,8,1,2,ITI,ITI,441,0.018140589569160998,8,48,0.16666666666666666,Global off,Threat-like
merged,2,30,8,1,4,CS+,ITI,441,0.018140589569160998,8,48,0.16666666666666666,Global off,Global on
merged,19,5,5,3,1,ITI,ITI,277,0.018050541516245487,5,48,0.10416666666666667,Safety-like,Global off
merged,19,6,5,3,1,CS+,ITI,277,0.018050541516245487,5,48,0.10416666666666667,Safety-like,Global off
merged,19,10,5,3,1,ITI,CS-,277,0.018050541516245487,4,48,0.08333333333333333,Safety-like,Global off
merged,19,14,5,3,2,ITI,CS+,277,0.018050541516245487,4,48,0.08333333333333333,Safety-like,Threat-like
merged,19,16,5,3,4,ITI,CS+,277,0.018050541516245487,4,48,0.08333333333333333,Safety-like,Global on
merged,25,10,4,1,1,CS-,CS-,223,0.017937219730941704,4,48,0.08333333333333333,Global off,Global off
merged,25,15,4,1,2,ITI,CS+,223,0.017937219730941704,4,48,0.08333333333333333,Global off,Threat-like
merged,25,16,4,1,4,ITI,CS+,223,0.017937219730941704,4,48,0.08333333333333333,Global off,Global on
merged,13,12,9,2,3,ITI,ITI,502,0.017928286852589643,8,48,0.16666666666666666,Threat-like,Safety-like
merged,21,22,4,1,4,ITI,ITI,224,0.017857142857142856,4,48,0.08333333333333333,Global off,Global on
merged,32,11,14,4,1,ITI,CS-,793,0.017654476670870115,12,48,0.25,Global on,Global off
merged,32,18,14,4,3,ITI,ITI,793,0.017654476670870115,10,48,0.20833333333333334,Global on,Safety-like
merged,4,6,7,3,1,CS-,ITI,397,0.017632241813602016,7,48,0.14583333333333334,Safety-like,Global off
merged,4,21,7,3,1,ITI,ITI,397,0.017632241813602016,6,48,0.125,Safety-like,Global off
merged,9,6,5,1,1,CS-,ITI,287,0.017421602787456445,5,48,0.10416666666666667,Global off,Global off
merged,24,3,5,4,1,CS+,ITI,289,0.01730103806228374,4,48,0.08333333333333333,Global on,Global off
merged,24,10,5,4,1,ITI,ITI,289,0.01730103806228374,5,48,0.10416666666666667,Global on,Global off
merged,24,14,5,4,2,ITI,ITI,289,0.01730103806228374,5,48,0.10416666666666667,Global on,Threat-like
merged,28,16,6,4,4,ITI,CS-,347,0.01729106628242075,6,48,0.125,Global on,Global on
merged,1,12,13,1,3,ITI,ITI,770,0.016883116883116882,9,48,0.1875,Global off,Safety-like
merged,1,18,13,1,3,ITI,ITI,770,0.016883116883116882,10,48,0.20833333333333334,Global off,Safety-like
merged,1,23,13,1,4,CS-,ITI,770,0.016883116883116882,12,48,0.25,Global off,Global on
merged,5,3,6,1,1,CS+,ITI,358,0.01675977653631285,5,48,0.10416666666666667,Global off,Global off
merged,5,12,6,1,3,ITI,ITI,358,0.01675977653631285,6,48,0.125,Global off,Safety-like
merged,5,17,6,1,1,ITI,ITI,358,0.01675977653631285,6,48,0.125,Global off,Global off
merged,5,19,6,1,3,ITI,ITI,358,0.01675977653631285,6,48,0.125,Global off,Safety-like
merged,5,25,6,1,1,CS+,ITI,358,0.01675977653631285,5,48,0.10416666666666667,Global off,Global off
merged,5,27,6,1,4,CS+,ITI,358,0.01675977653631285,6,48,0.125,Global off,Global on
merged,7,4,2,1,3,CS+,CS+,120,0.016666666666666666,2,48,0.041666666666666664,Global off,Safety-like
merged,7,6,2,1,1,ITI,CS+,120,0.016666666666666666,2,48,0.041666666666666664,Global off,Global off
merged,7,22,2,1,4,CS-,ITI,120,0.016666666666666666,2,48,0.041666666666666664,Global off,Global on
merged,7,23,2,1,4,CS-,CS-,120,0.016666666666666666,2,48,0.041666666666666664,Global off,Global on
merged,23,12,3,4,3,ITI,ITI,184,0.016304347826086956,3,48,0.0625,Global on,Safety-like
merged,23,17,3,4,1,ITI,ITI,184,0.016304347826086956,3,48,0.0625,Global on,Global off
merged,23,26,3,4,4,ITI,ITI,184,0.016304347826086956,1,48,0.020833333333333332,Global on,Global on
merged,26,3,2,4,1,CS-,CS-,123,0.016260162601626018,2,48,0.041666666666666664,Global on,Global off
merged,26,8,2,4,3,ITI,CS+,123,0.016260162601626018,2,48,0.041666666666666664,Global on,Safety-like
merged,26,12,2,4,3,CS+,CS+,123,0.016260162601626018,2,48,0.041666666666666664,Global on,Safety-like
merged,26,21,2,4,1,ITI,CS+,123,0.016260162601626018,2,48,0.041666666666666664,Global on,Global off
merged,12,15,3,3,2,ITI,CS+,185,0.016216216216216217,3,48,0.0625,Safety-like,Threat-like
merged,12,26,3,3,4,CS+,ITI,185,0.016216216216216217,3,48,0.0625,Safety-like,Global on
merged,12,31,3,3,4,CS+,ITI,185,0.016216216216216217,3,48,0.0625,Safety-like,Global on
merged,20,13,8,3,2,ITI,CS-,494,0.016194331983805668,6,48,0.125,Safety-like,Threat-like
merged,20,16,8,3,4,ITI,CS+,494,0.016194331983805668,8,48,0.16666666666666666,Safety-like,Global on
merged,20,25,8,3,1,ITI,ITI,494,0.016194331983805668,8,48,0.16666666666666666,Safety-like,Global off
merged,14,17,5,2,1,CS-,CS-,309,0.016181229773462782,5,48,0.10416666666666667,Threat-like,Global off
merged,14,19,5,2,3,CS+,CS+,309,0.016181229773462782,5,48,0.10416666666666667,Threat-like,Safety-like
merged,14,24,5,2,4,CS+,ITI,309,0.016181229773462782,5,48,0.10416666666666667,Threat-like,Global on
merged,31,10,7,4,1,ITI,ITI,438,0.01598173515981735,7,48,0.14583333333333334,Global on,Global off
merged,13,3,8,2,1,ITI,ITI,502,0.01593625498007968,7,48,0.14583333333333334,Threat-like,Global off
merged,13,24,8,2,4,ITI,ITI,502,0.01593625498007968,7,48,0.14583333333333334,Threat-like,Global on
merged,2,10,7,1,1,ITI,ITI,441,0.015873015873015872,6,48,0.125,Global off,Global off
merged,2,12,7,1,3,ITI,ITI,441,0.015873015873015872,6,48,0.125,Global off,Safety-like
merged,2,19,7,1,3,ITI,ITI,441,0.015873015873015872,6,48,0.125,Global off,Safety-like
merged,18,15,3,3,2,ITI,CS+,189,0.015873015873015872,3,48,0.0625,Safety-like,Threat-like
merged,17,7,6,1,1,ITI,ITI,379,0.0158311345646438,6,48,0.125,Global off,Global off
merged,17,8,6,1,3,ITI,ITI,379,0.0158311345646438,5,48,0.10416666666666667,Global off,Safety-like
merged,17,30,6,1,4,ITI,CS+,379,0.0158311345646438,6,48,0.125,Global off,Global on
merged,29,3,6,2,1,CS+,CS+,379,0.0158311345646438,4,48,0.08333333333333333,Threat-like,Global off
merged,29,19,6,2,3,CS-,CS-,379,0.0158311345646438,4,48,0.08333333333333333,Threat-like,Safety-like
merged,29,26,6,2,4,ITI,ITI,379,0.0158311345646438,5,48,0.10416666666666667,Threat-like,Global on
merged,16,7,6,4,1,ITI,ITI,386,0.015544041450777202,5,48,0.10416666666666667,Global on,Global off
merged,10,15,3,1,2,ITI,CS-,194,0.015463917525773196,3,48,0.0625,Global off,Threat-like
merged,10,21,3,1,1,CS+,CS+,194,0.015463917525773196,2,48,0.041666666666666664,Global off,Global off
merged,10,23,3,1,4,ITI,ITI,194,0.015463917525773196,3,48,0.0625,Global off,Global on
merged,10,28,3,1,4,ITI,CS+,194,0.015463917525773196,3,48,0.0625,Global off,Global on
merged,10,30,3,1,4,ITI,CS-,194,0.015463917525773196,3,48,0.0625,Global off,Global on
merged,15,24,3,2,4,CS+,CS+,194,0.015463917525773196,3,48,0.0625,Threat-like,Global on
merged,32,10,12,4,1,ITI,ITI,793,0.015132408575031526,9,48,0.1875,Global on,Global off
merged,32,15,12,4,2,ITI,CS-,793,0.015132408575031526,11,48,0.22916666666666666,Global on,Threat-like
merged,32,23,12,4,4,ITI,CS+,793,0.015132408575031526,11,48,0.22916666666666666,Global on,Global on
merged,8,7,3,3,1,CS+,CS+,200,0.015,3,48,0.0625,Safety-like,Global off
merged,8,10,3,3,1,ITI,CS+,200,0.015,3,48,0.0625,Safety-like,Global off
merged,8,18,3,3,3,ITI,ITI,200,0.015,3,48,0.0625,Safety-like,Safety-like
merged,8,22,3,3,4,ITI,ITI,200,0.015,3,48,0.0625,Safety-like,Global on
merged,8,26,3,3,4,CS+,ITI,200,0.015,3,48,0.0625,Safety-like,Global on
merged,30,3,3,4,1,CS+,ITI,201,0.014925373134328358,2,48,0.041666666666666664,Global on,Global off
merged,30,5,3,4,1,ITI,CS+,201,0.014925373134328358,3,48,0.0625,Global on,Global off
merged,30,9,3,4,1,CS+,CS+,201,0.014925373134328358,3,48,0.0625,Global on,Global off
merged,30,10,3,4,1,CS-,CS-,201,0.014925373134328358,3,48,0.0625,Global on,Global off
merged,30,19,3,4,3,ITI,ITI,201,0.014925373134328358,3,48,0.0625,Global on,Safety-like
merged,3,7,3,1,1,ITI,CS+,204,0.014705882352941176,3,48,0.0625,Global off,Global off
merged,3,18,3,1,3,ITI,ITI,204,0.014705882352941176,2,48,0.041666666666666664,Global off,Safety-like
merged,3,21,3,1,1,ITI,ITI,204,0.014705882352941176,3,48,0.0625,Global off,Global off
merged,22,5,1,4,1,ITI,ITI,69,0.014492753623188406,1,48,0.020833333333333332,Global on,Global off
merged,22,12,1,4,3,ITI,ITI,69,0.014492753623188406,1,48,0.020833333333333332,Global on,Safety-like
merged,22,15,1,4,2,ITI,ITI,69,0.014492753623188406,1,48,0.020833333333333332,Global on,Threat-like
merged,22,16,1,4,4,ITI,ITI,69,0.014492753623188406,1,48,0.020833333333333332,Global on,Global on
merged,22,18,1,4,3,ITI,CS+,69,0.014492753623188406,1,48,0.020833333333333332,Global on,Safety-like
merged,22,19,1,4,3,ITI,ITI,69,0.014492753623188406,1,48,0.020833333333333332,Global on,Safety-like
merged,22,24,1,4,4,ITI,ITI,69,0.014492753623188406,1,48,0.020833333333333332,Global on,Global on
merged,22,26,1,4,4,ITI,ITI,69,0.014492753623188406,1,48,0.020833333333333332,Global on,Global on
merged,19,15,4,3,2,ITI,CS-,277,0.01444043321299639,3,48,0.0625,Safety-like,Threat-like
merged,19,26,4,3,4,ITI,ITI,277,0.01444043321299639,4,48,0.08333333333333333,Safety-like,Global on
merged,28,3,5,4,1,CS+,ITI,347,0.01440922190201729,5,48,0.10416666666666667,Global on,Global off
merged,28,9,5,4,1,ITI,ITI,347,0.01440922190201729,5,48,0.10416666666666667,Global on,Global off
merged,20,5,7,3,1,ITI,ITI,494,0.01417004048582996,7,48,0.14583333333333334,Safety-like,Global off
merged,20,6,7,3,1,ITI,CS-,494,0.01417004048582996,6,48,0.125,Safety-like,Global off
merged,20,14,7,3,2,ITI,ITI,494,0.01417004048582996,6,48,0.125,Safety-like,Threat-like
merged,20,21,7,3,1,ITI,ITI,494,0.01417004048582996,7,48,0.14583333333333334,Safety-like,Global off
merged,20,30,7,3,4,ITI,CS+,494,0.01417004048582996,5,48,0.10416666666666667,Safety-like,Global on
merged,13,19,7,2,3,ITI,ITI,502,0.013944223107569721,5,48,0.10416666666666667,Threat-like,Safety-like
merged,13,20,7,2,3,ITI,ITI,502,0.013944223107569721,7,48,0.14583333333333334,Threat-like,Safety-like
merged,13,25,7,2,1,CS-,ITI,502,0.013944223107569721,6,48,0.125,Threat-like,Global off
merged,9,7,4,1,1,ITI,CS-,287,0.013937282229965157,4,48,0.08333333333333333,Global off,Global off
merged,9,21,4,1,1,CS+,ITI,287,0.013937282229965157,3,48,0.0625,Global off,Global off
merged,9,24,4,1,4,CS-,ITI,287,0.013937282229965157,4,48,0.08333333333333333,Global off,Global on
merged,9,27,4,1,4,CS+,CS+,287,0.013937282229965157,4,48,0.08333333333333333,Global off,Global on
merged,9,28,4,1,4,CS+,ITI,287,0.013937282229965157,4,48,0.08333333333333333,Global off,Global on
merged,9,30,4,1,4,ITI,CS+,287,0.013937282229965157,4,48,0.08333333333333333,Global off,Global on
merged,24,9,4,4,1,CS-,CS-,289,0.01384083044982699,4,48,0.08333333333333333,Global on,Global off
merged,24,19,4,4,3,CS+,ITI,289,0.01384083044982699,4,48,0.08333333333333333,Global on,Safety-like
merged,2,21,6,1,1,ITI,ITI,441,0.013605442176870748,6,48,0.125,Global off,Global off
merged,2,28,6,1,4,CS-,ITI,441,0.013605442176870748,6,48,0.125,Global off,Global on
merged,25,3,3,1,1,ITI,CS+,223,0.013452914798206279,3,48,0.0625,Global off,Global off
merged,25,14,3,1,2,CS+,ITI,223,0.013452914798206279,3,48,0.0625,Global off,Threat-like
merged,25,19,3,1,3,ITI,ITI,223,0.013452914798206279,3,48,0.0625,Global off,Safety-like
merged,25,23,3,1,4,ITI,ITI,223,0.013452914798206279,3,48,0.0625,Global off,Global on
merged,21,8,3,1,3,CS+,CS+,224,0.013392857142857142,3,48,0.0625,Global off,Safety-like
merged,21,9,3,1,1,ITI,ITI,224,0.013392857142857142,3,48,0.0625,Global off,Global off
merged,21,10,3,1,1,CS+,ITI,224,0.013392857142857142,2,48,0.041666666666666664,Global off,Global off
merged,21,25,3,1,1,ITI,ITI,224,0.013392857142857142,3,48,0.0625,Global off,Global off
merged,17,6,5,1,1,CS+,ITI,379,0.013192612137203167,4,48,0.08333333333333333,Global off,Global off
merged,17,11,5,1,1,ITI,ITI,379,0.013192612137203167,5,48,0.10416666666666667,Global off,Global off
merged,17,22,5,1,4,ITI,ITI,379,0.013192612137203167,5,48,0.10416666666666667,Global off,Global on
merged,29,8,5,2,3,CS+,CS-,379,0.013192612137203167,4,48,0.08333333333333333,Threat-like,Safety-like
merged,1,15,10,1,2,ITI,ITI,770,0.012987012987012988,10,48,0.20833333333333334,Global off,Threat-like
merged,1,28,10,1,4,ITI,ITI,770,0.012987012987012988,7,48,0.14583333333333334,Global off,Global on
merged,6,3,2,1,1,CS-,CS-,154,0.012987012987012988,2,48,0.041666666666666664,Global off,Global off
merged,6,7,2,1,1,ITI,ITI,154,0.012987012987012988,2,48,0.041666666666666664,Global off,Global off
merged,6,10,2,1,1,CS-,CS+,154,0.012987012987012988,2,48,0.041666666666666664,Global off,Global off
merged,6,22,2,1,4,CS+,CS+,154,0.012987012987012988,2,48,0.041666666666666664,Global off,Global on
merged,6,26,2,1,4,CS+,ITI,154,0.012987012987012988,2,48,0.041666666666666664,Global off,Global on
merged,16,11,5,4,1,CS+,CS+,386,0.012953367875647668,5,48,0.10416666666666667,Global on,Global off
merged,16,22,5,4,4,ITI,ITI,386,0.012953367875647668,5,48,0.10416666666666667,Global on,Global on
merged,16,26,5,4,4,CS+,CS+,386,0.012953367875647668,4,48,0.08333333333333333,Global on,Global on
merged,16,27,5,4,4,ITI,ITI,386,0.012953367875647668,4,48,0.08333333333333333,Global on,Global on
merged,14,18,4,2,3,ITI,ITI,309,0.012944983818770227,4,48,0.08333333333333333,Threat-like,Safety-like
merged,11,8,1,1,3,CS-,CS-,79,0.012658227848101266,1,48,0.020833333333333332,Global off,Safety-like
merged,11,10,1,1,1,ITI,CS-,79,0.012658227848101266,1,48,0.020833333333333332,Global off,Global off
merged,11,24,1,1,4,ITI,ITI,79,0.012658227848101266,1,48,0.020833333333333332,Global off,Global on
merged,11,27,1,1,4,ITI,ITI,79,0.012658227848101266,1,48,0.020833333333333332,Global off,Global on
merged,4,15,5,3,2,ITI,ITI,397,0.012594458438287154,5,48,0.10416666666666667,Safety-like,Threat-like
merged,4,23,5,3,4,ITI,ITI,397,0.012594458438287154,4,48,0.08333333333333333,Safety-like,Global on
merged,4,29,5,3,2,ITI,CS+,397,0.012594458438287154,5,48,0.10416666666666667,Safety-like,Threat-like
merged,27,3,2,4,1,CS-,ITI,163,0.012269938650306749,2,48,0.041666666666666664,Global on,Global off
merged,27,7,2,4,1,CS+,CS+,163,0.012269938650306749,2,48,0.041666666666666664,Global on,Global off
merged,27,10,2,4,1,CS+,CS+,163,0.012269938650306749,2,48,0.041666666666666664,Global on,Global off
merged,27,12,2,4,3,CS+,ITI,163,0.012269938650306749,2,48,0.041666666666666664,Global on,Safety-like
merged,27,23,2,4,4,ITI,CS+,163,0.012269938650306749,2,48,0.041666666666666664,Global on,Global on
merged,27,30,2,4,4,CS-,CS-,163,0.012269938650306749,2,48,0.041666666666666664,Global on,Global on
merged,20,3,6,3,1,ITI,CS+,494,0.012145748987854251,6,48,0.125,Safety-like,Global off
merged,20,8,6,3,3,CS-,ITI,494,0.012145748987854251,6,48,0.125,Safety-like,Safety-like
merged,20,26,6,3,4,ITI,ITI,494,0.012145748987854251,6,48,0.125,Safety-like,Global on
merged,13,23,6,2,4,CS+,ITI,502,0.01195219123505976,6,48,0.125,Threat-like,Global on
merged,13,28,6,2,4,CS+,ITI,502,0.01195219123505976,5,48,0.10416666666666667,Threat-like,Global on
merged,1,26,9,1,4,ITI,ITI,770,0.011688311688311689,9,48,0.1875,Global off,Global on
merged,1,27,9,1,4,ITI,ITI,770,0.011688311688311689,9,48,0.1875,Global off,Global on
merged,31,8,5,4,3,ITI,ITI,438,0.01141552511415525,5,48,0.10416666666666667,Global on,Safety-like
merged,31,12,5,4,3,CS+,CS+,438,0.01141552511415525,5,48,0.10416666666666667,Global on,Safety-like
merged,31,21,5,4,1,ITI,ITI,438,0.01141552511415525,5,48,0.10416666666666667,Global on,Global off
merged,2,26,5,1,4,ITI,ITI,441,0.011337868480725623,5,48,0.10416666666666667,Global off,Global on
merged,5,20,4,1,3,CS-,CS-,358,0.0111731843575419,4,48,0.08333333333333333,Global off,Safety-like
merged,23,7,2,4,1,ITI,CS-,184,0.010869565217391304,2,48,0.041666666666666664,Global on,Global off
merged,19,22,3,3,4,ITI,CS+,277,0.010830324909747292,3,48,0.0625,Safety-like,Global on
merged,12,7,2,3,1,CS+,CS+,185,0.010810810810810811,2,48,0.041666666666666664,Safety-like,Global off
merged,12,18,2,3,3,CS+,CS+,185,0.010810810810810811,2,48,0.041666666666666664,Safety-like,Safety-like
merged,12,23,2,3,4,CS+,ITI,185,0.010810810810810811,2,48,0.041666666666666664,Safety-like,Global on
merged,12,27,2,3,4,CS+,CS+,185,0.010810810810810811,2,48,0.041666666666666664,Safety-like,Global on
merged,18,3,2,3,1,CS-,CS-,189,0.010582010582010581,2,48,0.041666666666666664,Safety-like,Global off
merged,18,7,2,3,1,CS-,ITI,189,0.010582010582010581,2,48,0.041666666666666664,Safety-like,Global off
merged,18,9,2,3,1,CS-,ITI,189,0.010582010582010581,2,48,0.041666666666666664,Safety-like,Global off
merged,18,10,2,3,1,CS+,CS+,189,0.010582010582010581,2,48,0.041666666666666664,Safety-like,Global off
merged,18,11,2,3,1,ITI,CS-,189,0.010582010582010581,2,48,0.041666666666666664,Safety-like,Global off
merged,18,12,2,3,3,CS+,CS+,189,0.010582010582010581,2,48,0.041666666666666664,Safety-like,Safety-like
merged,18,26,2,3,4,CS+,ITI,189,0.010582010582010581,2,48,0.041666666666666664,Safety-like,Global on
merged,18,27,2,3,4,ITI,CS-,189,0.010582010582010581,2,48,0.041666666666666664,Safety-like,Global on
merged,17,12,4,1,3,CS-,CS-,379,0.010554089709762533,4,48,0.08333333333333333,Global off,Safety-like
merged,17,14,4,1,2,ITI,CS+,379,0.010554089709762533,3,48,0.0625,Global off,Threat-like
merged,17,16,4,1,4,ITI,CS-,379,0.010554089709762533,4,48,0.08333333333333333,Global off,Global on
merged,17,26,4,1,4,ITI,ITI,379,0.010554089709762533,4,48,0.08333333333333333,Global off,Global on
merged,29,7,4,2,1,CS-,ITI,379,0.010554089709762533,4,48,0.08333333333333333,Threat-like,Global off
merged,29,22,4,2,4,ITI,ITI,379,0.010554089709762533,4,48,0.08333333333333333,Threat-like,Global on
merged,29,23,4,2,4,CS+,CS-,379,0.010554089709762533,4,48,0.08333333333333333,Threat-like,Global on
merged,9,11,3,1,1,ITI,CS+,287,0.010452961672473868,3,48,0.0625,Global off,Global off
merged,9,18,3,1,3,ITI,ITI,287,0.010452961672473868,3,48,0.0625,Global off,Safety-like
merged,9,20,3,1,3,CS+,ITI,287,0.010452961672473868,3,48,0.0625,Global off,Safety-like
merged,10,6,2,1,1,ITI,ITI,194,0.010309278350515464,2,48,0.041666666666666664,Global off,Global off
merged,10,18,2,1,3,CS+,ITI,194,0.010309278350515464,2,48,0.041666666666666664,Global off,Safety-like
merged,10,22,2,1,4,CS-,CS-,194,0.010309278350515464,2,48,0.041666666666666664,Global off,Global on
merged,10,25,2,1,1,CS-,ITI,194,0.010309278350515464,2,48,0.041666666666666664,Global off,Global off
merged,10,26,2,1,4,ITI,CS+,194,0.010309278350515464,2,48,0.041666666666666664,Global off,Global on
merged,15,11,2,2,1,CS+,CS+,194,0.010309278350515464,2,48,0.041666666666666664,Threat-like,Global off
merged,15,19,2,2,3,CS+,ITI,194,0.010309278350515464,2,48,0.041666666666666664,Threat-like,Safety-like
merged,15,26,2,2,4,CS-,CS-,194,0.010309278350515464,2,48,0.041666666666666664,Threat-like,Global on
merged,15,30,2,2,4,CS+,CS+,194,0.010309278350515464,2,48,0.041666666666666664,Threat-like,Global on
merged,20,10,5,3,1,ITI,ITI,494,0.010121457489878543,5,48,0.10416666666666667,Safety-like,Global off
merged,32,3,8,4,1,CS+,ITI,793,0.01008827238335435,6,48,0.125,Global on,Global off
merged,32,8,8,4,3,CS+,CS+,793,0.01008827238335435,8,48,0.16666666666666666,Global on,Safety-like
merged,4,7,4,3,1,CS+,ITI,397,0.010075566750629723,4,48,0.08333333333333333,Safety-like,Global off
merged,4,22,4,3,4,CS+,ITI,397,0.010075566750629723,4,48,0.08333333333333333,Safety-like,Global on
merged,4,26,4,3,4,CS-,CS-,397,0.010075566750629723,4,48,0.08333333333333333,Safety-like,Global on
merged,8,9,2,3,1,CS-,CS-,200,0.01,2,48,0.041666666666666664,Safety-like,Global off
merged,8,17,2,3,1,CS+,CS+,200,0.01,2,48,0.041666666666666664,Safety-like,Global off
merged,8,21,2,3,1,CS+,CS+,200,0.01,2,48,0.041666666666666664,Safety-like,Global off
merged,8,23,2,3,4,CS-,ITI,200,0.01,2,48,0.041666666666666664,Safety-like,Global on
merged,8,25,2,3,1,ITI,ITI,200,0.01,2,48,0.041666666666666664,Safety-like,Global off
merged,8,27,2,3,4,CS+,CS+,200,0.01,2,48,0.041666666666666664,Safety-like,Global on
merged,8,30,2,3,4,CS+,ITI,200,0.01,2,48,0.041666666666666664,Safety-like,Global on
merged,30,11,2,4,1,CS-,CS-,201,0.009950248756218905,2,48,0.041666666666666664,Global on,Global off
merged,30,18,2,4,3,CS+,CS+,201,0.009950248756218905,2,48,0.041666666666666664,Global on,Safety-like
merged,30,22,2,4,4,CS-,CS-,201,0.009950248756218905,2,48,0.041666666666666664,Global on,Global on
merged,3,6,2,1,1,CS+,CS+,204,0.00980392156862745,2,48,0.041666666666666664,Global off,Global off
merged,3,15,2,1,2,CS+,CS+,204,0.00980392156862745,2,48,0.041666666666666664,Global off,Threat-like
merged,3,22,2,1,4,CS-,CS-,204,0.00980392156862745,2,48,0.041666666666666664,Global off,Global on
merged,3,26,2,1,4,CS-,CS-,204,0.00980392156862745,2,48,0.041666666666666664,Global off,Global on
merged,3,27,2,1,4,ITI,ITI,204,0.00980392156862745,2,48,0.041666666666666664,Global off,Global on
merged,3,30,2,1,4,CS+,CS+,204,0.00980392156862745,2,48,0.041666666666666664,Global off,Global on
merged,14,23,3,2,4,CS+,CS+,309,0.009708737864077669,3,48,0.0625,Threat-like,Global on
merged,31,18,4,4,3,CS-,ITI,438,0.0091324200913242,3,48,0.0625,Global on,Safety-like
merged,1,7,7,1,1,ITI,ITI,770,0.00909090909090909,7,48,0.14583333333333334,Global off,Global off
merged,1,11,7,1,1,ITI,ITI,770,0.00909090909090909,6,48,0.125,Global off,Global off
merged,2,11,4,1,1,ITI,ITI,441,0.009070294784580499,4,48,0.08333333333333333,Global off,Global off
merged,25,6,2,1,1,ITI,CS-,223,0.008968609865470852,2,48,0.041666666666666664,Global off,Global off
merged,25,7,2,1,1,ITI,ITI,223,0.008968609865470852,2,48,0.041666666666666664,Global off,Global off
merged,25,11,2,1,1,CS+,ITI,223,0.008968609865470852,2,48,0.041666666666666664,Global off,Global off
merged,25,12,2,1,3,CS-,ITI,223,0.008968609865470852,2,48,0.041666666666666664,Global off,Safety-like
merged,25,26,2,1,4,ITI,ITI,223,0.008968609865470852,2,48,0.041666666666666664,Global off,Global on
merged,21,3,2,1,1,CS-,CS-,224,0.008928571428571428,2,48,0.041666666666666664,Global off,Global off
merged,21,7,2,1,1,CS-,CS-,224,0.008928571428571428,2,48,0.041666666666666664,Global off,Global off
merged,32,6,7,4,1,CS-,CS-,793,0.008827238335435058,7,48,0.14583333333333334,Global on,Global off
merged,32,7,7,4,1,ITI,CS-,793,0.008827238335435058,7,48,0.14583333333333334,Global on,Global off
merged,32,22,7,4,4,ITI,ITI,793,0.008827238335435058,6,48,0.125,Global on,Global on
merged,32,26,7,4,4,CS-,ITI,793,0.008827238335435058,6,48,0.125,Global on,Global on
merged,28,6,3,4,1,ITI,ITI,347,0.008645533141210375,3,48,0.0625,Global on,Global off
merged,28,8,3,4,3,CS+,ITI,347,0.008645533141210375,3,48,0.0625,Global on,Safety-like
merged,28,11,3,4,1,CS-,CS-,347,0.008645533141210375,3,48,0.0625,Global on,Global off
merged,28,21,3,4,1,CS+,CS+,347,0.008645533141210375,3,48,0.0625,Global on,Global off
merged,5,18,3,1,3,ITI,ITI,358,0.008379888268156424,3,48,0.0625,Global off,Safety-like
merged,7,3,1,1,1,CS+,CS+,120,0.008333333333333333,1,48,0.020833333333333332,Global off,Global off
merged,7,11,1,1,1,CS+,ITI,120,0.008333333333333333,1,48,0.020833333333333332,Global off,Global off
merged,7,17,1,1,1,ITI,ITI,120,0.008333333333333333,1,48,0.020833333333333332,Global off,Global off
merged,7,18,1,1,3,CS-,CS-,120,0.008333333333333333,1,48,0.020833333333333332,Global off,Safety-like
merged,7,25,1,1,1,ITI,ITI,120,0.008333333333333333,1,48,0.020833333333333332,Global off,Global off
merged,7,27,1,1,4,ITI,ITI,120,0.008333333333333333,1,48,0.020833333333333332,Global off,Global on
merged,7,28,1,1,4,ITI,ITI,120,0.008333333333333333,1,48,0.020833333333333332,Global off,Global on
merged,7,30,1,1,4,ITI,CS-,120,0.008333333333333333,1,48,0.020833333333333332,Global off,Global on
merged,26,11,1,4,1,CS-,CS+,123,0.008130081300813009,1,48,0.020833333333333332,Global on,Global off
merged,26,16,1,4,4,CS-,CS-,123,0.008130081300813009,1,48,0.020833333333333332,Global on,Global on
merged,26,24,1,4,4,CS+,CS+,123,0.008130081300813009,1,48,0.020833333333333332,Global on,Global on
merged,26,27,1,4,4,CS+,CS+,123,0.008130081300813009,1,48,0.020833333333333332,Global on,Global on
merged,20,22,4,3,4,ITI,ITI,494,0.008097165991902834,4,48,0.08333333333333333,Safety-like,Global on
merged,13,22,4,2,4,ITI,ITI,502,0.00796812749003984,4,48,0.08333333333333333,Threat-like,Global on
merged,13,26,4,2,4,ITI,ITI,502,0.00796812749003984,4,48,0.08333333333333333,Threat-like,Global on
merged,29,18,3,2,3,CS-,ITI,379,0.0079155672823219,3,48,0.0625,Threat-like,Safety-like
merged,16,19,3,4,3,CS+,CS+,386,0.007772020725388601,3,48,0.0625,Global on,Safety-like
merged,4,27,3,3,4,ITI,ITI,397,0.007556675062972292,3,48,0.0625,Safety-like,Global on
merged,19,3,2,3,1,ITI,CS+,277,0.007220216606498195,2,48,0.041666666666666664,Safety-like,Global off
merged,19,7,2,3,1,ITI,CS+,277,0.007220216606498195,2,48,0.041666666666666664,Safety-like,Global off
merged,19,12,2,3,3,ITI,ITI,277,0.007220216606498195,2,48,0.041666666666666664,Safety-like,Safety-like
merged,19,13,2,3,2,ITI,CS-,277,0.007220216606498195,2,48,0.041666666666666664,Safety-like,Threat-like
merged,19,25,2,3,1,CS-,ITI,277,0.007220216606498195,2,48,0.041666666666666664,Safety-like,Global off
merged,9,23,2,1,4,CS+,ITI,287,0.006968641114982578,2,48,0.041666666666666664,Global off,Global on
merged,24,7,2,4,1,CS-,CS+,289,0.006920415224913495,2,48,0.041666666666666664,Global on,Global off
merged,24,15,2,4,2,ITI,ITI,289,0.006920415224913495,2,48,0.041666666666666664,Global on,Threat-like
merged,24,22,2,4,4,CS-,CS-,289,0.006920415224913495,2,48,0.041666666666666664,Global on,Global on
merged,24,25,2,4,1,CS+,ITI,289,0.006920415224913495,2,48,0.041666666666666664,Global on,Global off
merged,24,26,2,4,4,ITI,ITI,289,0.006920415224913495,2,48,0.041666666666666664,Global on,Global on
merged,24,27,2,4,4,CS-,CS-,289,0.006920415224913495,2,48,0.041666666666666664,Global on,Global on
merged,31,22,3,4,4,ITI,ITI,438,0.00684931506849315,3,48,0.0625,Global on,Global on
merged,1,30,5,1,4,ITI,CS+,770,0.006493506493506494,4,48,0.08333333333333333,Global off,Global on
merged,6,4,1,1,3,ITI,ITI,154,0.006493506493506494,1,48,0.020833333333333332,Global off,Safety-like
merged,6,12,1,1,3,ITI,CS-,154,0.006493506493506494,1,48,0.020833333333333332,Global off,Safety-like
merged,6,28,1,1,4,CS-,CS-,154,0.006493506493506494,1,48,0.020833333333333332,Global off,Global on
merged,14,6,2,2,1,CS-,CS+,309,0.006472491909385114,2,48,0.041666666666666664,Threat-like,Global off
merged,14,7,2,2,1,CS+,CS+,309,0.006472491909385114,2,48,0.041666666666666664,Threat-like,Global off
merged,14,11,2,2,1,CS+,CS+,309,0.006472491909385114,2,48,0.041666666666666664,Threat-like,Global off
merged,14,22,2,2,4,CS-,CS-,309,0.006472491909385114,2,48,0.041666666666666664,Threat-like,Global on
merged,27,6,1,4,1,ITI,ITI,163,0.006134969325153374,1,48,0.020833333333333332,Global on,Global off
merged,27,8,1,4,3,CS-,CS-,163,0.006134969325153374,1,48,0.020833333333333332,Global on,Safety-like
merged,27,13,1,4,2,ITI,CS+,163,0.006134969325153374,1,48,0.020833333333333332,Global on,Threat-like
merged,27,15,1,4,2,CS-,ITI,163,0.006134969325153374,1,48,0.020833333333333332,Global on,Threat-like
merged,28,14,2,4,2,CS+,CS+,347,0.005763688760806916,2,48,0.041666666666666664,Global on,Threat-like
merged,28,22,2,4,4,ITI,ITI,347,0.005763688760806916,2,48,0.041666666666666664,Global on,Global on
merged,5,11,2,1,1,CS+,ITI,358,0.00558659217877095,1,48,0.020833333333333332,Global off,Global off
merged,5,28,2,1,4,CS+,CS+,358,0.00558659217877095,2,48,0.041666666666666664,Global off,Global on
merged,23,6,1,4,1,ITI,CS+,184,0.005434782608695652,1,48,0.020833333333333332,Global on,Global off
merged,23,10,1,4,1,ITI,CS-,184,0.005434782608695652,1,48,0.020833333333333332,Global on,Global off
merged,23,25,1,4,1,ITI,ITI,184,0.005434782608695652,1,48,0.020833333333333332,Global on,Global off
merged,12,11,1,3,1,ITI,ITI,185,0.005405405405405406,1,48,0.020833333333333332,Safety-like,Global off
merged,12,19,1,3,3,CS+,CS+,185,0.005405405405405406,1,48,0.020833333333333332,Safety-like,Safety-like
merged,12,22,1,3,4,CS-,CS-,185,0.005405405405405406,1,48,0.020833333333333332,Safety-like,Global on
merged,18,6,1,3,1,ITI,ITI,189,0.005291005291005291,1,48,0.020833333333333332,Safety-like,Global off
merged,18,16,1,3,4,ITI,ITI,189,0.005291005291005291,1,48,0.020833333333333332,Safety-like,Global on
merged,18,22,1,3,4,ITI,ITI,189,0.005291005291005291,1,48,0.020833333333333332,Safety-like,Global on
merged,29,11,2,2,1,CS-,CS+,379,0.005277044854881266,2,48,0.041666666666666664,Threat-like,Global off
merged,10,11,1,1,1,CS+,CS+,194,0.005154639175257732,1,48,0.020833333333333332,Global off,Global off
merged,10,24,1,1,4,ITI,ITI,194,0.005154639175257732,1,48,0.020833333333333332,Global off,Global on
merged,10,27,1,1,4,ITI,ITI,194,0.005154639175257732,1,48,0.020833333333333332,Global off,Global on
merged,15,18,1,2,3,CS-,CS-,194,0.005154639175257732,1,48,0.020833333333333332,Threat-like,Safety-like
merged,15,23,1,2,4,ITI,ITI,194,0.005154639175257732,1,48,0.020833333333333332,Threat-like,Global on
merged,15,25,1,2,1,ITI,ITI,194,0.005154639175257732,1,48,0.020833333333333332,Threat-like,Global off
merged,15,28,1,2,4,ITI,CS+,194,0.005154639175257732,1,48,0.020833333333333332,Threat-like,Global on
merged,4,11,2,3,1,CS-,CS+,397,0.005037783375314861,2,48,0.041666666666666664,Safety-like,Global off
merged,8,11,1,3,1,ITI,CS+,200,0.005,1,48,0.020833333333333332,Safety-like,Global off
merged,30,6,1,4,1,CS+,ITI,201,0.004975124378109453,1,48,0.020833333333333332,Global on,Global off
merged,30,12,1,4,3,ITI,CS-,201,0.004975124378109453,1,48,0.020833333333333332,Global on,Safety-like
merged,30,23,1,4,4,ITI,ITI,201,0.004975124378109453,1,48,0.020833333333333332,Global on,Global on
merged,30,27,1,4,4,CS+,ITI,201,0.004975124378109453,1,48,0.020833333333333332,Global on,Global on
merged,3,13,1,1,2,CS+,CS+,204,0.004901960784313725,1,48,0.020833333333333332,Global off,Threat-like
merged,31,6,2,4,1,CS-,CS-,438,0.0045662100456621,2,48,0.041666666666666664,Global on,Global off
merged,2,22,2,1,4,CS-,ITI,441,0.0045351473922902496,2,48,0.041666666666666664,Global off,Global on
merged,25,8,1,1,3,ITI,CS+,223,0.004484304932735426,1,48,0.020833333333333332,Global off,Safety-like
merged,21,11,1,1,1,ITI,ITI,224,0.004464285714285714,1,48,0.020833333333333332,Global off,Global off
merged,21,30,1,1,4,ITI,ITI,224,0.004464285714285714,1,48,0.020833333333333332,Global off,Global on
merged,20,7,2,3,1,ITI,CS-,494,0.004048582995951417,2,48,0.041666666666666664,Safety-like,Global off
merged,13,18,2,2,3,CS+,CS+,502,0.00398406374501992,2,48,0.041666666666666664,Threat-like,Safety-like
merged,13,30,2,2,4,ITI,CS-,502,0.00398406374501992,2,48,0.041666666666666664,Threat-like,Global on
merged,19,9,1,3,1,ITI,ITI,277,0.0036101083032490976,1,48,0.020833333333333332,Safety-like,Global off
merged,19,11,1,3,1,CS+,ITI,277,0.0036101083032490976,1,48,0.020833333333333332,Safety-like,Global off
merged,9,8,1,1,3,ITI,ITI,287,0.003484320557491289,1,48,0.020833333333333332,Global off,Safety-like
merged,9,12,1,1,3,CS-,CS-,287,0.003484320557491289,1,48,0.020833333333333332,Global off,Safety-like
merged,5,22,1,1,4,CS-,CS-,358,0.002793296089385475,1,48,0.020833333333333332,Global off,Global on
merged,5,26,1,1,4,ITI,ITI,358,0.002793296089385475,1,48,0.020833333333333332,Global off,Global on
merged,1,22,2,1,4,CS-,ITI,770,0.0025974025974025974,2,48,0.041666666666666664,Global off,Global on
merged,16,18,1,4,3,ITI,CS+,386,0.0025906735751295338,1,48,0.020833333333333332,Global on,Safety-like
merged,4,25,1,3,1,ITI,ITI,397,0.0025188916876574307,1,48,0.020833333333333332,Safety-like,Global off
merged,2,27,1,1,4,CS+,ITI,441,0.0022675736961451248,1,48,0.020833333333333332,Global off,Global on
merged,20,11,1,3,1,ITI,ITI,494,0.0020242914979757085,1,48,0.020833333333333332,Safety-like,Global off
merged,20,15,1,3,2,ITI,CS-,494,0.0020242914979757085,1,48,0.020833333333333332,Safety-like,Threat-like
merged,13,11,1,2,1,CS-,ITI,502,0.00199203187250996,1,48,0.020833333333333332,Threat-like,Global off
merged,13,27,1,2,4,CS+,ITI,502,0.00199203187250996,1,48,0.020833333333333332,Threat-like,Global on
HC,9,1,26,1,1,ITI,ITI,140,0.18571428571428572,15,24,0.625,Global off,Global off
HC,6,1,12,1,1,ITI,ITI,66,0.18181818181818182,10,24,0.4166666666666667,Global off,Global off
HC,20,32,43,3,4,ITI,ITI,256,0.16796875,21,24,0.875,Safety-like,Global on
HC,24,32,24,4,4,ITI,ITI,143,0.16783216783216784,16,24,0.6666666666666666,Global on,Global on
HC,28,32,28,4,4,ITI,ITI,176,0.1590909090909091,13,24,0.5416666666666666,Global on,Global on
HC,31,32,36,4,4,ITI,ITI,232,0.15517241379310345,20,24,0.8333333333333334,Global on,Global on
HC,15,13,17,2,2,CS-,ITI,110,0.15454545454545454,12,24,0.5,Threat-like,Threat-like
HC,27,19,11,4,3,ITI,ITI,73,0.1506849315068493,6,24,0.25,Global on,Safety-like
HC,3,1,15,1,1,ITI,CS+,105,0.14285714285714285,10,24,0.4166666666666667,Global off,Global off
HC,5,1,24,1,1,ITI,ITI,174,0.13793103448275862,15,24,0.625,Global off,Global off
HC,27,32,10,4,4,ITI,CS+,73,0.136986301369863,6,24,0.25,Global on,Global on
HC,14,13,23,2,2,ITI,ITI,171,0.13450292397660818,15,24,0.625,Threat-like,Threat-like
HC,7,1,9,1,1,CS+,ITI,69,0.13043478260869565,6,24,0.25,Global off,Global off
HC,19,20,20,3,3,ITI,ITI,157,0.12738853503184713,13,24,0.5416666666666666,Safety-like,Safety-like
HC,28,20,22,4,3,ITI,ITI,176,0.125,15,24,0.625,Global on,Safety-like
HC,26,1,8,4,1,ITI,ITI,64,0.125,7,24,0.2916666666666667,Global on,Global off
HC,2,1,28,1,1,ITI,ITI,233,0.12017167381974249,16,24,0.6666666666666666,Global off,Global off
HC,23,31,13,4,4,ITI,ITI,111,0.11711711711711711,11,24,0.4583333333333333,Global on,Global on
HC,23,32,13,4,4,ITI,ITI,111,0.11711711711711711,9,24,0.375,Global on,Global on
HC,18,32,13,3,4,ITI,ITI,112,0.11607142857142858,7,24,0.2916666666666667,Safety-like,Global on
HC,8,4,12,3,3,CS+,CS+,107,0.11214953271028037,9,24,0.375,Safety-like,Safety-like
HC,26,17,7,4,1,CS+,CS+,64,0.109375,5,24,0.20833333333333334,Global on,Global off
HC,5,13,19,1,2,ITI,ITI,174,0.10919540229885058,10,24,0.4166666666666667,Global off,Threat-like
HC,15,32,12,2,4,ITI,ITI,110,0.10909090909090909,11,24,0.4583333333333333,Threat-like,Global on
HC,6,2,7,1,1,ITI,ITI,66,0.10606060606060606,5,24,0.20833333333333334,Global off,Global off
HC,6,32,7,1,4,ITI,ITI,66,0.10606060606060606,7,24,0.2916666666666667,Global off,Global on
HC,14,1,18,2,1,CS-,ITI,171,0.10526315789473684,11,24,0.4583333333333333,Threat-like,Global off
HC,13,14,27,2,2,ITI,ITI,259,0.10424710424710425,16,24,0.6666666666666666,Threat-like,Threat-like
HC,11,2,4,1,1,ITI,CS+,39,0.10256410256410256,4,24,0.16666666666666666,Global off,Global off
HC,11,21,4,1,1,ITI,ITI,39,0.10256410256410256,4,24,0.16666666666666666,Global off,Global off
HC,11,32,4,1,4,ITI,ITI,39,0.10256410256410256,4,24,0.16666666666666666,Global off,Global on
HC,7,5,7,1,1,CS+,ITI,69,0.10144927536231885,7,24,0.2916666666666667,Global off,Global off
HC,9,13,14,1,2,ITI,ITI,140,0.1,12,24,0.5,Global off,Threat-like
HC,12,1,12,3,1,ITI,ITI,121,0.09917355371900827,8,24,0.3333333333333333,Safety-like,Global off
HC,25,1,10,1,1,ITI,ITI,101,0.09900990099009901,9,24,0.375,Global off,Global off
HC,25,29,10,1,2,ITI,ITI,101,0.09900990099009901,7,24,0.2916666666666667,Global off,Threat-like
HC,18,1,11,3,1,ITI,ITI,112,0.09821428571428571,10,24,0.4166666666666667,Safety-like,Global off
HC,16,32,20,4,4,ITI,CS+,204,0.09803921568627451,14,24,0.5833333333333334,Global on,Global on
HC,17,20,20,1,3,ITI,ITI,206,0.0970873786407767,16,24,0.6666666666666666,Global off,Safety-like
HC,29,32,20,2,4,ITI,CS-,207,0.0966183574879227,15,24,0.625,Threat-like,Global on
HC,13,1,25,2,1,ITI,ITI,259,0.09652509652509653,15,24,0.625,Threat-like,Global off
HC,19,32,15,3,4,ITI,ITI,157,0.09554140127388536,11,24,0.4583333333333333,Safety-like,Global on
HC,8,1,10,3,1,ITI,ITI,107,0.09345794392523364,7,24,0.2916666666666667,Safety-like,Global off
HC,5,16,16,1,4,ITI,CS+,174,0.09195402298850575,9,24,0.375,Global off,Global on
HC,24,20,13,4,3,ITI,ITI,143,0.09090909090909091,10,24,0.4166666666666667,Global on,Safety-like
HC,12,4,11,3,3,CS-,CS+,121,0.09090909090909091,5,24,0.20833333333333334,Safety-like,Safety-like
HC,6,14,6,1,2,ITI,ITI,66,0.09090909090909091,6,24,0.25,Global off,Threat-like
HC,2,4,21,1,3,ITI,ITI,233,0.09012875536480687,11,24,0.4583333333333333,Global off,Safety-like
HC,23,20,10,4,3,ITI,ITI,111,0.09009009009009009,7,24,0.2916666666666667,Global on,Safety-like
HC,17,32,18,1,4,ITI,ITI,206,0.08737864077669903,12,24,0.5,Global off,Global on
HC,7,32,6,1,4,ITI,ITI,69,0.08695652173913043,5,24,0.20833333333333334,Global off,Global on
HC,20,28,22,3,4,ITI,ITI,256,0.0859375,13,24,0.5416666666666666,Safety-like,Global on
HC,30,20,9,4,3,ITI,ITI,106,0.08490566037735849,8,24,0.3333333333333333,Global on,Safety-like
HC,30,32,9,4,4,ITI,ITI,106,0.08490566037735849,8,24,0.3333333333333333,Global on,Global on
HC,10,1,11,1,1,ITI,ITI,130,0.08461538461538462,9,24,0.375,Global off,Global off
HC,27,28,6,4,4,ITI,ITI,73,0.0821917808219178,4,24,0.16666666666666666,Global on,Global on
HC,29,1,17,2,1,ITI,ITI,207,0.0821256038647343,13,24,0.5416666666666666,Threat-like,Global off
HC,29,21,17,2,1,ITI,ITI,207,0.0821256038647343,8,24,0.3333333333333333,Threat-like,Global off
HC,15,31,9,2,4,CS-,CS-,110,0.08181818181818182,9,24,0.375,Threat-like,Global on
HC,4,1,16,3,1,ITI,ITI,202,0.07920792079207921,12,24,0.5,Safety-like,Global off
HC,4,2,16,3,1,ITI,ITI,202,0.07920792079207921,11,24,0.4583333333333333,Safety-like,Global off
HC,25,28,8,1,4,ITI,ITI,101,0.07920792079207921,7,24,0.2916666666666667,Global off,Global on
HC,16,1,16,4,1,CS-,CS-,204,0.0784313725490196,9,24,0.375,Global on,Global off
HC,26,32,5,4,4,ITI,CS-,64,0.078125,4,24,0.16666666666666666,Global on,Global on
HC,29,13,16,2,2,ITI,ITI,207,0.07729468599033816,10,24,0.4166666666666667,Threat-like,Threat-like
HC,24,31,11,4,4,ITI,ITI,143,0.07692307692307693,9,24,0.375,Global on,Global on
HC,10,2,10,1,1,ITI,ITI,130,0.07692307692307693,6,24,0.25,Global off,Global off
HC,10,20,10,1,3,CS+,ITI,130,0.07692307692307693,8,24,0.3333333333333333,Global off,Safety-like
HC,11,9,3,1,1,CS-,CS+,39,0.07692307692307693,3,24,0.125,Global off,Global off
HC,11,15,3,1,2,ITI,CS+,39,0.07692307692307693,3,24,0.125,Global off,Threat-like
HC,32,29,30,4,2,ITI,ITI,393,0.07633587786259542,18,24,0.75,Global on,Threat-like
HC,3,19,8,1,3,ITI,ITI,105,0.0761904761904762,8,24,0.3333333333333333,Global off,Safety-like
HC,6,5,5,1,1,ITI,CS-,66,0.07575757575757576,5,24,0.20833333333333334,Global off,Global off
HC,30,13,8,4,2,ITI,CS+,106,0.07547169811320754,8,24,0.3333333333333333,Global on,Threat-like
HC,30,29,8,4,2,ITI,ITI,106,0.07547169811320754,6,24,0.25,Global on,Threat-like
HC,1,2,29,1,1,ITI,ITI,385,0.07532467532467532,15,24,0.625,Global off,Global off
HC,1,32,29,1,4,ITI,ITI,385,0.07532467532467532,13,24,0.5416666666666666,Global off,Global on
HC,22,8,3,4,3,CS+,CS-,40,0.075,3,24,0.125,Global on,Safety-like
HC,22,14,3,4,2,ITI,ITI,40,0.075,3,24,0.125,Global on,Threat-like
HC,22,20,3,4,3,ITI,ITI,40,0.075,3,24,0.125,Global on,Safety-like
HC,22,21,3,4,1,CS-,ITI,40,0.075,1,24,0.041666666666666664,Global on,Global off
HC,22,28,3,4,4,ITI,ITI,40,0.075,3,24,0.125,Global on,Global on
HC,8,16,8,3,4,CS-,ITI,107,0.07476635514018691,6,24,0.25,Safety-like,Global on
HC,12,20,9,3,3,ITI,ITI,121,0.0743801652892562,7,24,0.2916666666666667,Safety-like,Safety-like
HC,20,19,19,3,3,ITI,ITI,256,0.07421875,12,24,0.5,Safety-like,Safety-like
HC,21,1,10,1,1,CS+,ITI,135,0.07407407407407407,7,24,0.2916666666666667,Global off,Global off
HC,28,17,13,4,1,CS+,ITI,176,0.07386363636363637,9,24,0.375,Global on,Global off
HC,28,25,13,4,1,ITI,ITI,176,0.07386363636363637,9,24,0.375,Global on,Global off
HC,32,16,29,4,4,ITI,CS-,393,0.0737913486005089,15,24,0.625,Global on,Global on
HC,32,28,29,4,4,CS+,ITI,393,0.0737913486005089,17,24,0.7083333333333334,Global on,Global on
HC,16,12,15,4,3,ITI,ITI,204,0.07352941176470588,7,24,0.2916666666666667,Global on,Safety-like
HC,13,5,19,2,1,ITI,ITI,259,0.07335907335907337,13,24,0.5416666666666666,Threat-like,Global off
HC,13,16,19,2,4,ITI,ITI,259,0.07335907335907337,12,24,0.5,Threat-like,Global on
HC,31,29,17,4,2,ITI,ITI,232,0.07327586206896551,10,24,0.4166666666666667,Global on,Threat-like
HC,1,4,28,1,3,ITI,ITI,385,0.07272727272727272,14,24,0.5833333333333334,Global off,Safety-like
HC,1,5,28,1,1,ITI,ITI,385,0.07272727272727272,16,24,0.6666666666666666,Global off,Global off
HC,15,1,8,2,1,ITI,CS-,110,0.07272727272727272,7,24,0.2916666666666667,Threat-like,Global off
HC,7,20,5,1,3,CS-,CS-,69,0.07246376811594203,4,24,0.16666666666666666,Global off,Safety-like
HC,9,2,10,1,1,ITI,ITI,140,0.07142857142857142,10,24,0.4166666666666667,Global off,Global off
HC,9,14,10,1,2,ITI,CS+,140,0.07142857142857142,10,24,0.4166666666666667,Global off,Threat-like
HC,18,31,8,3,4,ITI,ITI,112,0.07142857142857142,7,24,0.2916666666666667,Safety-like,Global on
HC,19,17,11,3,1,ITI,ITI,157,0.07006369426751592,9,24,0.375,Safety-like,Global off
HC,4,32,14,3,4,ITI,ITI,202,0.06930693069306931,14,24,0.5833333333333334,Safety-like,Global on
HC,25,17,7,1,1,ITI,ITI,101,0.06930693069306931,5,24,0.20833333333333334,Global off,Global off
HC,5,14,12,1,2,ITI,CS-,174,0.06896551724137931,9,24,0.375,Global off,Threat-like
HC,32,31,27,4,4,ITI,CS-,393,0.06870229007633588,17,24,0.7083333333333334,Global on,Global on
HC,2,13,16,1,2,ITI,CS-,233,0.06866952789699571,8,24,0.3333333333333333,Global off,Threat-like
HC,27,1,5,4,1,ITI,ITI,73,0.0684931506849315,5,24,0.20833333333333334,Global on,Global off
HC,17,19,14,1,3,ITI,ITI,206,0.06796116504854369,10,24,0.4166666666666667,Global off,Safety-like
HC,29,31,14,2,4,ITI,ITI,207,0.06763285024154589,11,24,0.4583333333333333,Threat-like,Global on
HC,1,13,26,1,2,ITI,ITI,385,0.06753246753246753,16,24,0.6666666666666666,Global off,Threat-like
HC,1,17,26,1,1,ITI,ITI,385,0.06753246753246753,14,24,0.5833333333333334,Global off,Global off
HC,21,24,9,1,4,ITI,ITI,135,0.06666666666666667,6,24,0.25,Global off,Global on
HC,3,4,7,1,3,ITI,ITI,105,0.06666666666666667,7,24,0.2916666666666667,Global off,Safety-like
HC,30,2,7,4,1,ITI,CS+,106,0.0660377358490566,5,24,0.20833333333333334,Global on,Global off
HC,30,17,7,4,1,ITI,ITI,106,0.0660377358490566,7,24,0.2916666666666667,Global on,Global off
HC,8,2,7,3,1,ITI,ITI,107,0.06542056074766354,6,24,0.25,Safety-like,Global off
HC,8,20,7,3,3,CS-,ITI,107,0.06542056074766354,5,24,0.20833333333333334,Safety-like,Safety-like
HC,31,28,15,4,4,CS-,ITI,232,0.06465517241379311,12,24,0.5,Global on,Global on
HC,4,13,13,3,2,ITI,CS+,202,0.06435643564356436,9,24,0.375,Safety-like,Threat-like
HC,4,16,13,3,4,ITI,ITI,202,0.06435643564356436,11,24,0.4583333333333333,Safety-like,Global on
HC,16,4,13,4,3,CS-,ITI,204,0.06372549019607843,8,24,0.3333333333333333,Global on,Safety-like
HC,19,28,10,3,4,ITI,ITI,157,0.06369426751592357,7,24,0.2916666666666667,Safety-like,Global on
HC,15,5,7,2,1,ITI,ITI,110,0.06363636363636363,6,24,0.25,Threat-like,Global off
HC,15,16,7,2,4,ITI,CS-,110,0.06363636363636363,7,24,0.2916666666666667,Threat-like,Global on
HC,15,29,7,2,2,CS-,CS-,110,0.06363636363636363,6,24,0.25,Threat-like,Threat-like
HC,17,1,13,1,1,ITI,ITI,206,0.06310679611650485,8,24,0.3333333333333333,Global off,Global off
HC,29,17,13,2,1,ITI,ITI,207,0.06280193236714976,10,24,0.4166666666666667,Threat-like,Global off
HC,18,19,7,3,3,ITI,ITI,112,0.0625,7,24,0.2916666666666667,Safety-like,Safety-like
HC,18,20,7,3,3,ITI,ITI,112,0.0625,6,24,0.25,Safety-like,Safety-like
HC,26,20,4,4,3,ITI,ITI,64,0.0625,4,24,0.16666666666666666,Global on,Safety-like
HC,26,23,4,4,4,ITI,CS+,64,0.0625,1,24,0.041666666666666664,Global on,Global on
HC,26,31,4,4,4,ITI,ITI,64,0.0625,4,24,0.16666666666666666,Global on,Global on
HC,10,3,8,1,1,CS-,ITI,130,0.06153846153846154,4,24,0.16666666666666666,Global off,Global off
HC,10,12,8,1,3,ITI,CS-,130,0.06153846153846154,8,24,0.3333333333333333,Global off,Safety-like
HC,6,13,4,1,2,ITI,ITI,66,0.06060606060606061,4,24,0.16666666666666666,Global off,Threat-like
HC,2,16,14,1,4,ITI,ITI,233,0.060085836909871244,12,24,0.5,Global off,Global on
HC,25,13,6,1,2,CS-,CS-,101,0.0594059405940594,6,24,0.25,Global off,Threat-like
HC,25,31,6,1,4,ITI,ITI,101,0.0594059405940594,6,24,0.25,Global off,Global on
HC,21,17,8,1,1,CS-,ITI,135,0.05925925925925926,5,24,0.20833333333333334,Global off,Global off
HC,21,20,8,1,3,ITI,ITI,135,0.05925925925925926,6,24,0.25,Global off,Safety-like
HC,21,29,8,1,2,ITI,ITI,135,0.05925925925925926,5,24,0.20833333333333334,Global off,Threat-like
HC,21,31,8,1,4,ITI,CS+,135,0.05925925925925926,7,24,0.2916666666666667,Global off,Global on
HC,16,13,12,4,2,ITI,ITI,204,0.058823529411764705,9,24,0.375,Global on,Threat-like
HC,16,14,12,4,2,CS+,CS+,204,0.058823529411764705,9,24,0.375,Global on,Threat-like
HC,20,1,15,3,1,ITI,ITI,256,0.05859375,8,24,0.3333333333333333,Safety-like,Global off
HC,14,29,10,2,2,ITI,ITI,171,0.05847953216374269,6,24,0.25,Threat-like,Threat-like
HC,17,28,12,1,4,ITI,ITI,206,0.05825242718446602,7,24,0.2916666666666667,Global off,Global on
HC,7,13,4,1,2,ITI,CS-,69,0.057971014492753624,3,24,0.125,Global off,Threat-like
HC,7,16,4,1,4,ITI,CS-,69,0.057971014492753624,4,24,0.16666666666666666,Global off,Global on
HC,13,15,15,2,2,ITI,CS-,259,0.05791505791505792,9,24,0.375,Threat-like,Threat-like
HC,13,29,15,2,2,CS-,ITI,259,0.05791505791505792,11,24,0.4583333333333333,Threat-like,Threat-like
HC,12,2,7,3,1,CS-,ITI,121,0.05785123966942149,5,24,0.20833333333333334,Safety-like,Global off
HC,12,10,7,3,1,CS+,ITI,121,0.05785123966942149,4,24,0.16666666666666666,Safety-like,Global off
HC,12,25,7,3,1,CS+,ITI,121,0.05785123966942149,5,24,0.20833333333333334,Safety-like,Global off
HC,5,2,10,1,1,ITI,ITI,174,0.05747126436781609,8,24,0.3333333333333333,Global off,Global off
HC,5,7,10,1,1,ITI,ITI,174,0.05747126436781609,7,24,0.2916666666666667,Global off,Global off
HC,19,23,9,3,4,ITI,ITI,157,0.05732484076433121,7,24,0.2916666666666667,Safety-like,Global on
HC,9,10,8,1,1,CS-,ITI,140,0.05714285714285714,7,24,0.2916666666666667,Global off,Global off
HC,9,15,8,1,2,ITI,ITI,140,0.05714285714285714,7,24,0.2916666666666667,Global off,Threat-like
HC,9,32,8,1,4,ITI,ITI,140,0.05714285714285714,7,24,0.2916666666666667,Global off,Global on
HC,3,9,6,1,1,ITI,ITI,105,0.05714285714285714,5,24,0.20833333333333334,Global off,Global off
HC,3,20,6,1,3,ITI,ITI,105,0.05714285714285714,5,24,0.20833333333333334,Global off,Safety-like
HC,30,1,6,4,1,CS+,CS+,106,0.05660377358490566,5,24,0.20833333333333334,Global on,Global off
HC,30,14,6,4,2,ITI,ITI,106,0.05660377358490566,5,24,0.20833333333333334,Global on,Threat-like
HC,30,31,6,4,4,ITI,ITI,106,0.05660377358490566,5,24,0.20833333333333334,Global on,Global on
HC,8,24,6,3,4,ITI,CS+,107,0.056074766355140186,5,24,0.20833333333333334,Safety-like,Global on
HC,8,32,6,3,4,CS+,CS+,107,0.056074766355140186,5,24,0.20833333333333334,Safety-like,Global on
HC,31,20,13,4,3,ITI,ITI,232,0.05603448275862069,8,24,0.3333333333333333,Global on,Safety-like
HC,24,1,8,4,1,ITI,ITI,143,0.055944055944055944,8,24,0.3333333333333333,Global on,Global off
HC,27,4,4,4,3,CS-,CS-,73,0.0547945205479452,4,24,0.16666666666666666,Global on,Safety-like
HC,27,20,4,4,3,ITI,ITI,73,0.0547945205479452,4,24,0.16666666666666666,Global on,Safety-like
HC,27,31,4,4,4,ITI,CS+,73,0.0547945205479452,4,24,0.16666666666666666,Global on,Global on
HC,20,24,14,3,4,ITI,ITI,256,0.0546875,12,24,0.5,Safety-like,Global on
HC,20,31,14,3,4,ITI,ITI,256,0.0546875,10,24,0.4166666666666667,Safety-like,Global on
HC,4,19,11,3,3,CS-,ITI,202,0.054455445544554455,7,24,0.2916666666666667,Safety-like,Safety-like
HC,4,20,11,3,3,ITI,ITI,202,0.054455445544554455,9,24,0.375,Safety-like,Safety-like
HC,13,31,14,2,4,ITI,ITI,259,0.05405405405405406,9,24,0.375,Threat-like,Global on
HC,23,1,6,4,1,CS-,CS-,111,0.05405405405405406,5,24,0.20833333333333334,Global on,Global off
HC,10,4,7,1,3,ITI,ITI,130,0.05384615384615385,5,24,0.20833333333333334,Global off,Safety-like
HC,10,13,7,1,2,CS-,ITI,130,0.05384615384615385,5,24,0.20833333333333334,Global off,Threat-like
HC,10,14,7,1,2,ITI,ITI,130,0.05384615384615385,7,24,0.2916666666666667,Global off,Threat-like
HC,10,17,7,1,1,ITI,ITI,130,0.05384615384615385,6,24,0.25,Global off,Global off
HC,18,17,6,3,1,CS+,ITI,112,0.05357142857142857,6,24,0.25,Safety-like,Global off
HC,18,21,6,3,1,ITI,CS-,112,0.05357142857142857,4,24,0.16666666666666666,Safety-like,Global off
HC,18,25,6,3,1,ITI,ITI,112,0.05357142857142857,4,24,0.16666666666666666,Safety-like,Global off
HC,18,30,6,3,4,ITI,ITI,112,0.05357142857142857,4,24,0.16666666666666666,Safety-like,Global on
HC,17,21,11,1,1,ITI,CS-,206,0.05339805825242718,7,24,0.2916666666666667,Global off,Global off
HC,17,23,11,1,4,ITI,ITI,206,0.05339805825242718,10,24,0.4166666666666667,Global off,Global on
HC,29,16,11,2,4,ITI,CS-,207,0.05314009661835749,7,24,0.2916666666666667,Threat-like,Global on
HC,14,10,9,2,1,ITI,ITI,171,0.05263157894736842,6,24,0.25,Threat-like,Global off
HC,14,16,9,2,4,ITI,CS-,171,0.05263157894736842,8,24,0.3333333333333333,Threat-like,Global on
HC,14,32,9,2,4,CS-,CS-,171,0.05263157894736842,7,24,0.2916666666666667,Threat-like,Global on
HC,21,2,7,1,1,ITI,ITI,135,0.05185185185185185,4,24,0.16666666666666666,Global off,Global off
HC,21,5,7,1,1,CS-,ITI,135,0.05185185185185185,7,24,0.2916666666666667,Global off,Global off
HC,21,16,7,1,4,CS-,CS-,135,0.05185185185185185,4,24,0.16666666666666666,Global off,Global on
HC,5,31,9,1,4,ITI,ITI,174,0.05172413793103448,9,24,0.375,Global off,Global on
HC,11,3,2,1,1,CS-,CS-,39,0.05128205128205128,2,24,0.08333333333333333,Global off,Global off
HC,11,4,2,1,3,ITI,CS+,39,0.05128205128205128,2,24,0.08333333333333333,Global off,Safety-like
HC,11,17,2,1,1,CS-,ITI,39,0.05128205128205128,2,24,0.08333333333333333,Global off,Global off
HC,11,18,2,1,3,CS+,ITI,39,0.05128205128205128,2,24,0.08333333333333333,Global off,Safety-like
HC,11,30,2,1,4,CS+,ITI,39,0.05128205128205128,2,24,0.08333333333333333,Global off,Global on
HC,11,31,2,1,4,CS+,CS+,39,0.05128205128205128,1,24,0.041666666666666664,Global off,Global on
HC,32,24,20,4,4,ITI,ITI,393,0.05089058524173028,12,24,0.5,Global on,Global on
HC,20,2,13,3,1,ITI,ITI,256,0.05078125,13,24,0.5416666666666666,Safety-like,Global off
HC,20,17,13,3,1,ITI,ITI,256,0.05078125,10,24,0.4166666666666667,Safety-like,Global off
HC,20,18,13,3,3,ITI,ITI,256,0.05078125,9,24,0.375,Safety-like,Safety-like
HC,20,23,13,3,4,ITI,ITI,256,0.05078125,12,24,0.5,Safety-like,Global on
HC,13,9,13,2,1,CS+,CS+,259,0.05019305019305019,10,24,0.4166666666666667,Threat-like,Global off
HC,9,5,7,1,1,ITI,ITI,140,0.05,6,24,0.25,Global off,Global off
HC,9,17,7,1,1,CS+,ITI,140,0.05,7,24,0.2916666666666667,Global off,Global off
HC,22,1,2,4,1,ITI,ITI,40,0.05,2,24,0.08333333333333333,Global on,Global off
HC,22,2,2,4,1,ITI,ITI,40,0.05,2,24,0.08333333333333333,Global on,Global off
HC,22,4,2,4,3,CS-,CS-,40,0.05,2,24,0.08333333333333333,Global on,Safety-like
HC,22,9,2,4,1,CS-,CS+,40,0.05,2,24,0.08333333333333333,Global on,Global off
HC,22,13,2,4,2,CS-,CS-,40,0.05,2,24,0.08333333333333333,Global on,Threat-like
HC,22,23,2,4,4,CS+,ITI,40,0.05,2,24,0.08333333333333333,Global on,Global on
HC,22,29,2,4,2,ITI,CS+,40,0.05,2,24,0.08333333333333333,Global on,Threat-like
HC,22,31,2,4,4,ITI,ITI,40,0.05,2,24,0.08333333333333333,Global on,Global on
HC,22,32,2,4,4,ITI,CS+,40,0.05,2,24,0.08333333333333333,Global on,Global on
HC,12,5,6,3,1,ITI,CS+,121,0.049586776859504134,6,24,0.25,Safety-like,Global off
HC,12,28,6,3,4,ITI,ITI,121,0.049586776859504134,6,24,0.25,Safety-like,Global on
HC,4,28,10,3,4,ITI,ITI,202,0.04950495049504951,9,24,0.375,Safety-like,Global on
HC,25,20,5,1,3,ITI,ITI,101,0.04950495049504951,4,24,0.16666666666666666,Global off,Safety-like
HC,17,9,10,1,1,ITI,ITI,206,0.04854368932038835,7,24,0.2916666666666667,Global off,Global off
HC,32,13,19,4,2,ITI,ITI,393,0.04834605597964377,13,24,0.5416666666666666,Global on,Threat-like
HC,32,20,19,4,3,ITI,ITI,393,0.04834605597964377,14,24,0.5833333333333334,Global on,Safety-like
HC,3,8,5,1,3,ITI,CS-,105,0.047619047619047616,5,24,0.20833333333333334,Global off,Safety-like
HC,2,17,11,1,1,ITI,ITI,233,0.04721030042918455,7,24,0.2916666666666667,Global off,Global off
HC,26,2,3,4,1,ITI,ITI,64,0.046875,3,24,0.125,Global on,Global off
HC,26,4,3,4,3,CS+,CS+,64,0.046875,3,24,0.125,Global on,Safety-like
HC,26,9,3,4,1,CS+,ITI,64,0.046875,3,24,0.125,Global on,Global off
HC,26,10,3,4,1,ITI,CS-,64,0.046875,2,24,0.08333333333333333,Global on,Global off
HC,26,13,3,4,2,CS-,CS-,64,0.046875,2,24,0.08333333333333333,Global on,Threat-like
HC,26,25,3,4,1,ITI,ITI,64,0.046875,3,24,0.125,Global on,Global off
HC,14,12,8,2,3,ITI,ITI,171,0.04678362573099415,7,24,0.2916666666666667,Threat-like,Safety-like
HC,8,5,5,3,1,CS-,CS-,107,0.04672897196261682,4,24,0.16666666666666666,Safety-like,Global off
HC,8,14,5,3,2,CS-,ITI,107,0.04672897196261682,4,24,0.16666666666666666,Safety-like,Threat-like
HC,10,9,6,1,1,ITI,ITI,130,0.046153846153846156,6,24,0.25,Global off,Global off
HC,32,2,18,4,1,CS-,CS-,393,0.04580152671755725,12,24,0.5,Global on,Global off
HC,28,1,8,4,1,CS+,ITI,176,0.045454545454545456,7,24,0.2916666666666667,Global on,Global off
HC,28,24,8,4,4,ITI,ITI,176,0.045454545454545456,8,24,0.3333333333333333,Global on,Global on
HC,28,29,8,4,2,CS-,CS+,176,0.045454545454545456,5,24,0.20833333333333334,Global on,Threat-like
HC,23,13,5,4,2,ITI,CS-,111,0.04504504504504504,4,24,0.16666666666666666,Global on,Threat-like
HC,23,16,5,4,4,ITI,CS+,111,0.04504504504504504,4,24,0.16666666666666666,Global on,Global on
HC,23,19,5,4,3,CS+,ITI,111,0.04504504504504504,4,24,0.16666666666666666,Global on,Safety-like
HC,23,24,5,4,4,ITI,ITI,111,0.04504504504504504,4,24,0.16666666666666666,Global on,Global on
HC,23,29,5,4,2,CS+,ITI,111,0.04504504504504504,3,24,0.125,Global on,Threat-like
HC,23,30,5,4,4,ITI,ITI,111,0.04504504504504504,3,24,0.125,Global on,Global on
HC,18,29,5,3,2,ITI,CS+,112,0.044642857142857144,5,24,0.20833333333333334,Safety-like,Threat-like
HC,19,1,7,3,1,ITI,ITI,157,0.044585987261146494,6,24,0.25,Safety-like,Global off
HC,19,2,7,3,1,ITI,ITI,157,0.044585987261146494,6,24,0.25,Safety-like,Global off
HC,19,4,7,3,3,CS-,CS-,157,0.044585987261146494,5,24,0.20833333333333334,Safety-like,Safety-like
HC,19,18,7,3,3,CS+,ITI,157,0.044585987261146494,5,24,0.20833333333333334,Safety-like,Safety-like
HC,19,24,7,3,4,ITI,CS-,157,0.044585987261146494,6,24,0.25,Safety-like,Global on
HC,19,30,7,3,4,ITI,ITI,157,0.044585987261146494,5,24,0.20833333333333334,Safety-like,Global on
HC,4,10,9,3,1,ITI,ITI,202,0.04455445544554455,9,24,0.375,Safety-like,Global off
HC,4,18,9,3,3,CS+,ITI,202,0.04455445544554455,7,24,0.2916666666666667,Safety-like,Safety-like
HC,21,32,6,1,4,CS-,ITI,135,0.044444444444444446,5,24,0.20833333333333334,Global off,Global on
HC,16,5,9,4,1,ITI,ITI,204,0.04411764705882353,8,24,0.3333333333333333,Global on,Global off
HC,17,31,9,1,4,ITI,ITI,206,0.043689320388349516,8,24,0.3333333333333333,Global off,Global on
HC,7,2,3,1,1,CS+,ITI,69,0.043478260869565216,2,24,0.08333333333333333,Global off,Global off
HC,7,15,3,1,2,ITI,CS+,69,0.043478260869565216,2,24,0.08333333333333333,Global off,Threat-like
HC,7,31,3,1,4,CS+,ITI,69,0.043478260869565216,3,24,0.125,Global off,Global on
HC,31,13,10,4,2,ITI,CS+,232,0.04310344827586207,8,24,0.3333333333333333,Global on,Threat-like
HC,31,19,10,4,3,ITI,ITI,232,0.04310344827586207,7,24,0.2916666666666667,Global on,Safety-like
HC,20,4,11,3,3,ITI,ITI,256,0.04296875,11,24,0.4583333333333333,Safety-like,Safety-like
HC,2,5,10,1,1,ITI,ITI,233,0.04291845493562232,9,24,0.375,Global off,Global off
HC,2,8,10,1,3,CS-,ITI,233,0.04291845493562232,7,24,0.2916666666666667,Global off,Safety-like
HC,9,4,6,1,3,ITI,ITI,140,0.04285714285714286,4,24,0.16666666666666666,Global off,Safety-like
HC,13,2,11,2,1,ITI,ITI,259,0.04247104247104247,9,24,0.375,Threat-like,Global off
HC,13,32,11,2,4,ITI,CS+,259,0.04247104247104247,9,24,0.375,Threat-like,Global on
HC,24,4,6,4,3,ITI,ITI,143,0.04195804195804196,6,24,0.25,Global on,Safety-like
HC,24,8,6,4,3,ITI,ITI,143,0.04195804195804196,6,24,0.25,Global on,Safety-like
HC,24,16,6,4,4,ITI,CS+,143,0.04195804195804196,6,24,0.25,Global on,Global on
HC,1,20,16,1,3,ITI,ITI,385,0.04155844155844156,12,24,0.5,Global off,Safety-like
HC,1,29,16,1,2,ITI,ITI,385,0.04155844155844156,11,24,0.4583333333333333,Global off,Threat-like
HC,1,31,16,1,4,ITI,ITI,385,0.04155844155844156,11,24,0.4583333333333333,Global off,Global on
HC,12,8,5,3,3,ITI,CS+,121,0.04132231404958678,5,24,0.20833333333333334,Safety-like,Safety-like
HC,12,9,5,3,1,CS+,ITI,121,0.04132231404958678,3,24,0.125,Safety-like,Global off
HC,12,29,5,3,2,CS-,ITI,121,0.04132231404958678,4,24,0.16666666666666666,Safety-like,Threat-like
HC,12,32,5,3,4,ITI,ITI,121,0.04132231404958678,5,24,0.20833333333333334,Safety-like,Global on
HC,27,14,3,4,2,ITI,CS+,73,0.0410958904109589,3,24,0.125,Global on,Threat-like
HC,27,18,3,4,3,ITI,ITI,73,0.0410958904109589,2,24,0.08333333333333333,Global on,Safety-like
HC,27,29,3,4,2,ITI,ITI,73,0.0410958904109589,3,24,0.125,Global on,Threat-like
HC,14,4,7,2,3,CS-,ITI,171,0.04093567251461988,6,24,0.25,Threat-like,Safety-like
HC,14,9,7,2,1,ITI,ITI,171,0.04093567251461988,5,24,0.20833333333333334,Threat-like,Global off
HC,32,1,16,4,1,CS+,CS+,393,0.04071246819338423,11,24,0.4583333333333333,Global on,Global off
HC,5,8,7,1,3,ITI,ITI,174,0.040229885057471264,7,24,0.2916666666666667,Global off,Safety-like
HC,5,10,7,1,1,CS+,ITI,174,0.040229885057471264,5,24,0.20833333333333334,Global off,Global off
HC,28,19,7,4,3,ITI,ITI,176,0.03977272727272727,6,24,0.25,Global on,Safety-like
HC,25,2,4,1,1,CS+,ITI,101,0.039603960396039604,4,24,0.16666666666666666,Global off,Global off
HC,25,4,4,1,3,ITI,CS+,101,0.039603960396039604,3,24,0.125,Global off,Safety-like
HC,25,5,4,1,1,CS-,CS-,101,0.039603960396039604,3,24,0.125,Global off,Global off
HC,25,10,4,1,1,CS-,CS-,101,0.039603960396039604,4,24,0.16666666666666666,Global off,Global off
HC,25,30,4,1,4,ITI,CS+,101,0.039603960396039604,4,24,0.16666666666666666,Global off,Global on
HC,25,32,4,1,4,ITI,CS+,101,0.039603960396039604,4,24,0.16666666666666666,Global off,Global on
HC,16,8,8,4,3,CS-,ITI,204,0.0392156862745098,7,24,0.2916666666666667,Global on,Safety-like
HC,1,9,15,1,1,ITI,ITI,385,0.03896103896103896,9,24,0.375,Global off,Global off
HC,17,3,8,1,1,ITI,ITI,206,0.038834951456310676,8,24,0.3333333333333333,Global off,Global off
HC,17,18,8,1,3,ITI,ITI,206,0.038834951456310676,6,24,0.25,Global off,Safety-like
HC,17,29,8,1,2,ITI,ITI,206,0.038834951456310676,6,24,0.25,Global off,Threat-like
HC,31,1,9,4,1,ITI,CS-,232,0.03879310344827586,8,24,0.3333333333333333,Global on,Global off
HC,31,16,9,4,4,ITI,CS-,232,0.03879310344827586,7,24,0.2916666666666667,Global on,Global on
HC,29,2,8,2,1,ITI,ITI,207,0.03864734299516908,6,24,0.25,Threat-like,Global off
HC,29,20,8,2,3,CS+,ITI,207,0.03864734299516908,7,24,0.2916666666666667,Threat-like,Safety-like
HC,29,25,8,2,1,ITI,ITI,207,0.03864734299516908,6,24,0.25,Threat-like,Global off
HC,13,10,10,2,1,ITI,ITI,259,0.03861003861003861,8,24,0.3333333333333333,Threat-like,Global off
HC,13,17,10,2,1,ITI,ITI,259,0.03861003861003861,8,24,0.3333333333333333,Threat-like,Global off
HC,13,21,10,2,1,ITI,ITI,259,0.03861003861003861,9,24,0.375,Threat-like,Global off
HC,10,5,5,1,1,CS+,CS+,130,0.038461538461538464,5,24,0.20833333333333334,Global off,Global off
HC,10,19,5,1,3,CS+,CS+,130,0.038461538461538464,5,24,0.20833333333333334,Global off,Safety-like
HC,10,31,5,1,4,CS+,CS+,130,0.038461538461538464,4,24,0.16666666666666666,Global off,Global on
HC,19,27,6,3,4,ITI,ITI,157,0.03821656050955414,6,24,0.25,Safety-like,Global on
HC,19,29,6,3,2,ITI,ITI,157,0.03821656050955414,4,24,0.16666666666666666,Safety-like,Threat-like
HC,32,30,15,4,4,ITI,ITI,393,0.03816793893129771,14,24,0.5833333333333334,Global on,Global on
HC,3,12,4,1,3,CS+,ITI,105,0.0380952380952381,4,24,0.16666666666666666,Global off,Safety-like
HC,3,16,4,1,4,ITI,CS-,105,0.0380952380952381,4,24,0.16666666666666666,Global off,Global on
HC,3,23,4,1,4,ITI,ITI,105,0.0380952380952381,2,24,0.08333333333333333,Global off,Global on
HC,3,25,4,1,1,CS-,ITI,105,0.0380952380952381,4,24,0.16666666666666666,Global off,Global off
HC,3,31,4,1,4,ITI,CS+,105,0.0380952380952381,2,24,0.08333333333333333,Global off,Global on
HC,3,32,4,1,4,ITI,ITI,105,0.0380952380952381,4,24,0.16666666666666666,Global off,Global on
HC,30,26,4,4,4,ITI,CS+,106,0.03773584905660377,4,24,0.16666666666666666,Global on,Global on
HC,30,28,4,4,4,ITI,ITI,106,0.03773584905660377,3,24,0.125,Global on,Global on
HC,8,12,4,3,3,CS+,CS+,107,0.037383177570093455,2,24,0.08333333333333333,Safety-like,Safety-like
HC,8,13,4,3,2,ITI,ITI,107,0.037383177570093455,4,24,0.16666666666666666,Safety-like,Threat-like
HC,8,15,4,3,2,ITI,ITI,107,0.037383177570093455,4,24,0.16666666666666666,Safety-like,Threat-like
HC,8,19,4,3,3,ITI,ITI,107,0.037383177570093455,4,24,0.16666666666666666,Safety-like,Safety-like
HC,21,6,5,1,1,ITI,ITI,135,0.037037037037037035,5,24,0.20833333333333334,Global off,Global off
HC,21,14,5,1,2,ITI,ITI,135,0.037037037037037035,3,24,0.125,Global off,Threat-like
HC,21,19,5,1,3,ITI,ITI,135,0.037037037037037035,5,24,0.20833333333333334,Global off,Safety-like
HC,21,28,5,1,4,ITI,ITI,135,0.037037037037037035,5,24,0.20833333333333334,Global off,Global on
HC,1,6,14,1,1,ITI,ITI,385,0.03636363636363636,11,24,0.4583333333333333,Global off,Global off
HC,15,3,4,2,1,ITI,ITI,110,0.03636363636363636,3,24,0.125,Threat-like,Global off
HC,15,8,4,2,3,ITI,ITI,110,0.03636363636363636,4,24,0.16666666666666666,Threat-like,Safety-like
HC,15,9,4,2,1,ITI,ITI,110,0.03636363636363636,4,24,0.16666666666666666,Threat-like,Global off
HC,15,14,4,2,2,ITI,ITI,110,0.03636363636363636,3,24,0.125,Threat-like,Threat-like
HC,23,21,4,4,1,ITI,ITI,111,0.036036036036036036,4,24,0.16666666666666666,Global on,Global off
HC,23,27,4,4,4,ITI,CS+,111,0.036036036036036036,4,24,0.16666666666666666,Global on,Global on
HC,9,16,5,1,4,ITI,CS+,140,0.03571428571428571,4,24,0.16666666666666666,Global off,Global on
HC,18,2,4,3,1,CS-,ITI,112,0.03571428571428571,4,24,0.16666666666666666,Safety-like,Global off
HC,18,28,4,3,4,ITI,ITI,112,0.03571428571428571,4,24,0.16666666666666666,Safety-like,Global on
HC,32,12,14,4,3,ITI,CS+,393,0.035623409669211195,10,24,0.4166666666666667,Global on,Safety-like
HC,32,17,14,4,1,CS+,ITI,393,0.035623409669211195,9,24,0.375,Global on,Global off
HC,32,25,14,4,1,ITI,ITI,393,0.035623409669211195,9,24,0.375,Global on,Global off
HC,14,2,6,2,1,CS+,ITI,171,0.03508771929824561,4,24,0.16666666666666666,Threat-like,Global off
HC,14,3,6,2,1,CS+,ITI,171,0.03508771929824561,4,24,0.16666666666666666,Threat-like,Global off
HC,14,15,6,2,2,CS-,CS-,171,0.03508771929824561,6,24,0.25,Threat-like,Threat-like
HC,24,2,5,4,1,CS+,CS+,143,0.03496503496503497,4,24,0.16666666666666666,Global on,Global off
HC,24,12,5,4,3,ITI,CS+,143,0.03496503496503497,5,24,0.20833333333333334,Global on,Safety-like
HC,24,17,5,4,1,ITI,ITI,143,0.03496503496503497,4,24,0.16666666666666666,Global on,Global off
HC,24,18,5,4,3,ITI,ITI,143,0.03496503496503497,5,24,0.20833333333333334,Global on,Safety-like
HC,24,28,5,4,4,ITI,ITI,143,0.03496503496503497,3,24,0.125,Global on,Global on
HC,24,29,5,4,2,ITI,CS-,143,0.03496503496503497,3,24,0.125,Global on,Threat-like
HC,4,12,7,3,3,ITI,ITI,202,0.034653465346534656,7,24,0.2916666666666667,Safety-like,Safety-like
HC,4,17,7,3,1,ITI,ITI,202,0.034653465346534656,5,24,0.20833333333333334,Safety-like,Global off
HC,31,9,8,4,1,CS-,CS-,232,0.034482758620689655,6,24,0.25,Global on,Global off
HC,31,14,8,4,2,CS+,CS+,232,0.034482758620689655,5,24,0.20833333333333334,Global on,Threat-like
HC,31,15,8,4,2,CS+,CS+,232,0.034482758620689655,6,24,0.25,Global on,Threat-like
HC,5,32,6,1,4,ITI,ITI,174,0.034482758620689655,6,24,0.25,Global off,Global on
HC,2,3,8,1,1,ITI,ITI,233,0.034334763948497854,6,24,0.25,Global off,Global off
HC,2,18,8,1,3,ITI,ITI,233,0.034334763948497854,5,24,0.20833333333333334,Global off,Safety-like
HC,2,24,8,1,4,CS+,ITI,233,0.034334763948497854,6,24,0.25,Global off,Global on
HC,2,31,8,1,4,ITI,ITI,233,0.034334763948497854,7,24,0.2916666666666667,Global off,Global on
HC,16,2,7,4,1,CS+,ITI,204,0.03431372549019608,6,24,0.25,Global on,Global off
HC,16,9,7,4,1,CS-,CS+,204,0.03431372549019608,5,24,0.20833333333333334,Global on,Global off
HC,16,31,7,4,4,CS-,ITI,204,0.03431372549019608,6,24,0.25,Global on,Global on
HC,28,4,6,4,3,ITI,ITI,176,0.03409090909090909,5,24,0.20833333333333334,Global on,Safety-like
HC,28,12,6,4,3,ITI,ITI,176,0.03409090909090909,5,24,0.20833333333333334,Global on,Safety-like
HC,28,26,6,4,4,ITI,CS+,176,0.03409090909090909,5,24,0.20833333333333334,Global on,Global on
HC,28,27,6,4,4,ITI,ITI,176,0.03409090909090909,6,24,0.25,Global on,Global on
HC,28,31,6,4,4,ITI,CS-,176,0.03409090909090909,5,24,0.20833333333333334,Global on,Global on
HC,17,13,7,1,2,ITI,ITI,206,0.03398058252427184,4,24,0.16666666666666666,Global off,Threat-like
HC,1,3,13,1,1,ITI,ITI,385,0.033766233766233764,10,24,0.4166666666666667,Global off,Global off
HC,12,16,4,3,4,CS+,CS+,121,0.03305785123966942,3,24,0.125,Safety-like,Global on
HC,12,21,4,3,1,ITI,ITI,121,0.03305785123966942,2,24,0.08333333333333333,Safety-like,Global off
HC,12,30,4,3,4,ITI,ITI,121,0.03305785123966942,3,24,0.125,Safety-like,Global on
HC,19,21,5,3,1,ITI,ITI,157,0.03184713375796178,4,24,0.16666666666666666,Safety-like,Global off
HC,19,31,5,3,4,ITI,ITI,157,0.03184713375796178,5,24,0.20833333333333334,Safety-like,Global on
HC,20,27,8,3,4,ITI,ITI,256,0.03125,8,24,0.3333333333333333,Safety-like,Global on
HC,26,8,2,4,3,ITI,CS+,64,0.03125,2,24,0.08333333333333333,Global on,Safety-like
HC,26,14,2,4,2,CS-,CS-,64,0.03125,2,24,0.08333333333333333,Global on,Threat-like
HC,26,19,2,4,3,ITI,ITI,64,0.03125,1,24,0.041666666666666664,Global on,Safety-like
HC,26,21,2,4,1,ITI,CS+,64,0.03125,2,24,0.08333333333333333,Global on,Global off
HC,26,30,2,4,4,ITI,CS-,64,0.03125,2,24,0.08333333333333333,Global on,Global on
HC,1,10,12,1,1,ITI,ITI,385,0.03116883116883117,10,24,0.4166666666666667,Global off,Global off
HC,1,21,12,1,1,ITI,ITI,385,0.03116883116883117,9,24,0.375,Global off,Global off
HC,13,8,8,2,3,CS-,CS-,259,0.03088803088803089,7,24,0.2916666666666667,Threat-like,Safety-like
HC,10,7,4,1,1,CS-,CS-,130,0.03076923076923077,3,24,0.125,Global off,Global off
HC,10,8,4,1,3,CS-,CS-,130,0.03076923076923077,3,24,0.125,Global off,Safety-like
HC,32,18,12,4,3,ITI,ITI,393,0.030534351145038167,8,24,0.3333333333333333,Global on,Safety-like
HC,6,8,2,1,3,CS-,ITI,66,0.030303030303030304,2,24,0.08333333333333333,Global off,Safety-like
HC,6,11,2,1,1,ITI,CS+,66,0.030303030303030304,2,24,0.08333333333333333,Global off,Global off
HC,6,15,2,1,2,CS+,CS+,66,0.030303030303030304,2,24,0.08333333333333333,Global off,Threat-like
HC,6,16,2,1,4,CS+,ITI,66,0.030303030303030304,2,24,0.08333333333333333,Global off,Global on
HC,6,18,2,1,3,CS+,CS+,66,0.030303030303030304,2,24,0.08333333333333333,Global off,Safety-like
HC,6,20,2,1,3,CS-,ITI,66,0.030303030303030304,2,24,0.08333333333333333,Global off,Safety-like
HC,6,23,2,1,4,CS-,CS-,66,0.030303030303030304,2,24,0.08333333333333333,Global off,Global on
HC,6,24,2,1,4,ITI,ITI,66,0.030303030303030304,2,24,0.08333333333333333,Global off,Global on
HC,31,2,7,4,1,CS-,CS+,232,0.03017241379310345,6,24,0.25,Global on,Global off
HC,31,3,7,4,1,CS-,CS-,232,0.03017241379310345,5,24,0.20833333333333334,Global on,Global off
HC,31,23,7,4,4,ITI,ITI,232,0.03017241379310345,6,24,0.25,Global on,Global on
HC,31,25,7,4,1,ITI,ITI,232,0.03017241379310345,4,24,0.16666666666666666,Global on,Global off
HC,31,30,7,4,4,ITI,ITI,232,0.03017241379310345,5,24,0.20833333333333334,Global on,Global on
HC,2,6,7,1,1,CS+,ITI,233,0.030042918454935622,6,24,0.25,Global off,Global off
HC,2,7,7,1,1,ITI,ITI,233,0.030042918454935622,5,24,0.20833333333333334,Global off,Global off
HC,2,9,7,1,1,CS+,CS+,233,0.030042918454935622,5,24,0.20833333333333334,Global off,Global off
HC,2,14,7,1,2,ITI,ITI,233,0.030042918454935622,6,24,0.25,Global off,Threat-like
HC,2,15,7,1,2,ITI,ITI,233,0.030042918454935622,7,24,0.2916666666666667,Global off,Threat-like
HC,2,29,7,1,2,ITI,ITI,233,0.030042918454935622,6,24,0.25,Global off,Threat-like
HC,4,14,6,3,2,CS+,ITI,202,0.0297029702970297,3,24,0.125,Safety-like,Threat-like
HC,4,24,6,3,4,CS+,ITI,202,0.0297029702970297,6,24,0.25,Safety-like,Global on
HC,4,31,6,3,4,ITI,ITI,202,0.0297029702970297,3,24,0.125,Safety-like,Global on
HC,25,21,3,1,1,ITI,ITI,101,0.0297029702970297,3,24,0.125,Global off,Global off
HC,25,24,3,1,4,ITI,ITI,101,0.0297029702970297,3,24,0.125,Global off,Global on
HC,21,15,4,1,2,CS-,CS-,135,0.02962962962962963,4,24,0.16666666666666666,Global off,Threat-like
HC,16,23,6,4,4,CS+,ITI,204,0.029411764705882353,4,24,0.16666666666666666,Global on,Global on
HC,16,24,6,4,4,CS-,ITI,204,0.029411764705882353,6,24,0.25,Global on,Global on
HC,16,28,6,4,4,CS+,CS+,204,0.029411764705882353,5,24,0.20833333333333334,Global on,Global on
HC,14,5,5,2,1,CS+,CS+,171,0.029239766081871343,5,24,0.20833333333333334,Threat-like,Global off
HC,14,17,5,2,1,CS-,CS-,171,0.029239766081871343,5,24,0.20833333333333334,Threat-like,Global off
HC,14,21,5,2,1,CS-,ITI,171,0.029239766081871343,3,24,0.125,Threat-like,Global off
HC,14,30,5,2,4,CS+,CS+,171,0.029239766081871343,4,24,0.16666666666666666,Threat-like,Global on
HC,14,31,5,2,4,ITI,CS+,171,0.029239766081871343,5,24,0.20833333333333334,Threat-like,Global on
HC,17,2,6,1,1,ITI,CS-,206,0.02912621359223301,6,24,0.25,Global off,Global off
HC,29,4,6,2,3,ITI,CS+,207,0.028985507246376812,5,24,0.20833333333333334,Threat-like,Safety-like
HC,29,9,6,2,1,CS+,CS+,207,0.028985507246376812,5,24,0.20833333333333334,Threat-like,Global off
HC,29,10,6,2,1,ITI,CS+,207,0.028985507246376812,4,24,0.16666666666666666,Threat-like,Global off
HC,29,27,6,2,4,ITI,CS+,207,0.028985507246376812,6,24,0.25,Threat-like,Global on
HC,29,28,6,2,4,CS-,ITI,207,0.028985507246376812,4,24,0.16666666666666666,Threat-like,Global on
HC,7,4,2,1,3,CS+,CS+,69,0.028985507246376812,2,24,0.08333333333333333,Global off,Safety-like
HC,7,6,2,1,1,ITI,CS+,69,0.028985507246376812,2,24,0.08333333333333333,Global off,Global off
HC,7,8,2,1,3,CS-,CS-,69,0.028985507246376812,2,24,0.08333333333333333,Global off,Safety-like
HC,7,9,2,1,1,CS-,CS-,69,0.028985507246376812,2,24,0.08333333333333333,Global off,Global off
HC,7,14,2,1,2,ITI,CS+,69,0.028985507246376812,2,24,0.08333333333333333,Global off,Threat-like
HC,7,19,2,1,3,CS+,CS+,69,0.028985507246376812,2,24,0.08333333333333333,Global off,Safety-like
HC,7,22,2,1,4,CS-,ITI,69,0.028985507246376812,2,24,0.08333333333333333,Global off,Global on
HC,7,24,2,1,4,ITI,CS-,69,0.028985507246376812,2,24,0.08333333333333333,Global off,Global on
HC,7,29,2,1,2,CS+,CS+,69,0.028985507246376812,1,24,0.041666666666666664,Global off,Threat-like
HC,5,21,5,1,1,ITI,ITI,174,0.028735632183908046,4,24,0.16666666666666666,Global off,Global off
HC,5,23,5,1,4,ITI,ITI,174,0.028735632183908046,5,24,0.20833333333333334,Global off,Global on
HC,9,26,4,1,4,CS+,ITI,140,0.02857142857142857,4,24,0.16666666666666666,Global off,Global on
HC,3,2,3,1,1,ITI,ITI,105,0.02857142857142857,3,24,0.125,Global off,Global off
HC,3,5,3,1,1,ITI,CS+,105,0.02857142857142857,3,24,0.125,Global off,Global off
HC,3,10,3,1,1,CS+,CS+,105,0.02857142857142857,3,24,0.125,Global off,Global off
HC,3,14,3,1,2,CS+,ITI,105,0.02857142857142857,3,24,0.125,Global off,Threat-like
HC,3,24,3,1,4,CS+,ITI,105,0.02857142857142857,3,24,0.125,Global off,Global on
HC,28,10,5,4,1,CS-,CS+,176,0.028409090909090908,5,24,0.20833333333333334,Global on,Global off
HC,30,3,3,4,1,CS+,ITI,106,0.02830188679245283,2,24,0.08333333333333333,Global on,Global off
HC,30,4,3,4,3,ITI,CS+,106,0.02830188679245283,3,24,0.125,Global on,Safety-like
HC,30,10,3,4,1,CS-,CS-,106,0.02830188679245283,3,24,0.125,Global on,Global off
HC,30,15,3,4,2,ITI,CS+,106,0.02830188679245283,3,24,0.125,Global on,Threat-like
HC,8,3,3,3,1,ITI,ITI,107,0.028037383177570093,3,24,0.125,Safety-like,Global off
HC,8,18,3,3,3,ITI,ITI,107,0.028037383177570093,3,24,0.125,Safety-like,Safety-like
HC,8,29,3,3,2,ITI,ITI,107,0.028037383177570093,2,24,0.08333333333333333,Safety-like,Threat-like
HC,8,31,3,3,4,ITI,ITI,107,0.028037383177570093,2,24,0.08333333333333333,Safety-like,Global on
HC,32,4,11,4,3,CS+,CS+,393,0.027989821882951654,9,24,0.375,Global on,Safety-like
HC,32,19,11,4,3,ITI,ITI,393,0.027989821882951654,8,24,0.3333333333333333,Global on,Safety-like
HC,24,10,4,4,1,CS-,CS-,143,0.027972027972027972,4,24,0.16666666666666666,Global on,Global off
HC,24,13,4,4,2,ITI,ITI,143,0.027972027972027972,3,24,0.125,Global on,Threat-like
HC,24,21,4,4,1,CS+,CS+,143,0.027972027972027972,4,24,0.16666666666666666,Global on,Global off
HC,24,30,4,4,4,ITI,ITI,143,0.027972027972027972,4,24,0.16666666666666666,Global on,Global on
HC,27,2,2,4,1,CS+,CS+,73,0.0273972602739726,2,24,0.08333333333333333,Global on,Global off
HC,27,5,2,4,1,ITI,CS+,73,0.0273972602739726,2,24,0.08333333333333333,Global on,Global off
HC,27,9,2,4,1,CS+,CS+,73,0.0273972602739726,2,24,0.08333333333333333,Global on,Global off
HC,27,11,2,4,1,CS+,CS+,73,0.0273972602739726,2,24,0.08333333333333333,Global on,Global off
HC,27,16,2,4,4,CS-,CS+,73,0.0273972602739726,2,24,0.08333333333333333,Global on,Global on
HC,27,24,2,4,4,ITI,ITI,73,0.0273972602739726,2,24,0.08333333333333333,Global on,Global on
HC,27,26,2,4,4,CS+,CS+,73,0.0273972602739726,2,24,0.08333333333333333,Global on,Global on
HC,15,2,3,2,1,CS+,CS+,110,0.02727272727272727,3,24,0.125,Threat-like,Global off
HC,15,10,3,2,1,CS-,CS+,110,0.02727272727272727,3,24,0.125,Threat-like,Global off
HC,15,12,3,2,3,CS+,ITI,110,0.02727272727272727,3,24,0.125,Threat-like,Safety-like
HC,13,4,7,2,3,CS-,ITI,259,0.02702702702702703,6,24,0.25,Threat-like,Safety-like
HC,13,7,7,2,1,ITI,ITI,259,0.02702702702702703,5,24,0.20833333333333334,Threat-like,Global off
HC,23,2,3,4,1,CS+,ITI,111,0.02702702702702703,2,24,0.08333333333333333,Global on,Global off
HC,23,5,3,4,1,CS+,CS+,111,0.02702702702702703,1,24,0.041666666666666664,Global on,Global off
HC,23,12,3,4,3,ITI,ITI,111,0.02702702702702703,3,24,0.125,Global on,Safety-like
HC,23,14,3,4,2,ITI,CS+,111,0.02702702702702703,3,24,0.125,Global on,Threat-like
HC,23,15,3,4,2,CS+,ITI,111,0.02702702702702703,2,24,0.08333333333333333,Global on,Threat-like
HC,23,18,3,4,3,ITI,ITI,111,0.02702702702702703,3,24,0.125,Global on,Safety-like
HC,23,26,3,4,4,ITI,ITI,111,0.02702702702702703,1,24,0.041666666666666664,Global on,Global on
HC,23,28,3,4,4,CS-,ITI,111,0.02702702702702703,2,24,0.08333333333333333,Global on,Global on
HC,18,5,3,3,1,ITI,ITI,112,0.026785714285714284,3,24,0.125,Safety-like,Global off
HC,18,8,3,3,3,ITI,ITI,112,0.026785714285714284,2,24,0.08333333333333333,Safety-like,Safety-like
HC,18,13,3,3,2,ITI,CS+,112,0.026785714285714284,3,24,0.125,Safety-like,Threat-like
HC,18,24,3,3,4,CS+,ITI,112,0.026785714285714284,3,24,0.125,Safety-like,Global on
HC,1,14,10,1,2,ITI,ITI,385,0.025974025974025976,7,24,0.2916666666666667,Global off,Threat-like
HC,1,16,10,1,4,ITI,ITI,385,0.025974025974025976,9,24,0.375,Global off,Global on
HC,1,24,10,1,4,ITI,ITI,385,0.025974025974025976,9,24,0.375,Global off,Global on
HC,31,27,6,4,4,ITI,ITI,232,0.02586206896551724,5,24,0.20833333333333334,Global on,Global on
HC,2,20,6,1,3,ITI,ITI,233,0.02575107296137339,5,24,0.20833333333333334,Global off,Safety-like
HC,11,1,1,1,1,CS+,CS+,39,0.02564102564102564,1,24,0.041666666666666664,Global off,Global off
HC,11,5,1,1,1,CS+,ITI,39,0.02564102564102564,1,24,0.041666666666666664,Global off,Global off
HC,11,8,1,1,3,CS-,CS-,39,0.02564102564102564,1,24,0.041666666666666664,Global off,Safety-like
HC,11,12,1,1,3,ITI,ITI,39,0.02564102564102564,1,24,0.041666666666666664,Global off,Safety-like
HC,11,14,1,1,2,ITI,CS-,39,0.02564102564102564,1,24,0.041666666666666664,Global off,Threat-like
HC,11,16,1,1,4,ITI,CS+,39,0.02564102564102564,1,24,0.041666666666666664,Global off,Global on
HC,11,19,1,1,3,ITI,ITI,39,0.02564102564102564,1,24,0.041666666666666664,Global off,Safety-like
HC,11,20,1,1,3,CS+,ITI,39,0.02564102564102564,1,24,0.041666666666666664,Global off,Safety-like
HC,11,24,1,1,4,ITI,ITI,39,0.02564102564102564,1,24,0.041666666666666664,Global off,Global on
HC,19,8,4,3,3,ITI,CS-,157,0.025477707006369428,4,24,0.16666666666666666,Safety-like,Safety-like
HC,19,10,4,3,1,ITI,ITI,157,0.025477707006369428,3,24,0.125,Safety-like,Global off
HC,19,14,4,3,2,ITI,CS+,157,0.025477707006369428,3,24,0.125,Safety-like,Threat-like
HC,32,5,10,4,1,CS-,ITI,393,0.02544529262086514,8,24,0.3333333333333333,Global on,Global off
HC,32,14,10,4,2,ITI,CS-,393,0.02544529262086514,9,24,0.375,Global on,Threat-like
HC,22,12,1,4,3,ITI,ITI,40,0.025,1,24,0.041666666666666664,Global on,Safety-like
HC,22,16,1,4,4,ITI,ITI,40,0.025,1,24,0.041666666666666664,Global on,Global on
HC,22,17,1,4,1,ITI,CS+,40,0.025,1,24,0.041666666666666664,Global on,Global off
HC,22,18,1,4,3,ITI,CS+,40,0.025,1,24,0.041666666666666664,Global on,Safety-like
HC,22,19,1,4,3,ITI,ITI,40,0.025,1,24,0.041666666666666664,Global on,Safety-like
HC,22,26,1,4,4,ITI,ITI,40,0.025,1,24,0.041666666666666664,Global on,Global on
HC,22,30,1,4,4,ITI,ITI,40,0.025,1,24,0.041666666666666664,Global on,Global on
HC,12,3,3,3,1,CS+,CS+,121,0.024793388429752067,3,24,0.125,Safety-like,Global off
HC,12,13,3,3,2,CS+,CS+,121,0.024793388429752067,3,24,0.125,Safety-like,Threat-like
HC,12,24,3,3,4,ITI,CS-,121,0.024793388429752067,3,24,0.125,Safety-like,Global on
HC,4,3,5,3,1,CS+,ITI,202,0.024752475247524754,2,24,0.08333333333333333,Safety-like,Global off
HC,4,5,5,3,1,ITI,ITI,202,0.024752475247524754,5,24,0.20833333333333334,Safety-like,Global off
HC,4,8,5,3,3,CS+,CS+,202,0.024752475247524754,4,24,0.16666666666666666,Safety-like,Safety-like
HC,4,9,5,3,1,ITI,ITI,202,0.024752475247524754,5,24,0.20833333333333334,Safety-like,Global off
HC,4,21,5,3,1,ITI,ITI,202,0.024752475247524754,4,24,0.16666666666666666,Safety-like,Global off
HC,16,15,5,4,2,CS+,CS+,204,0.024509803921568627,5,24,0.20833333333333334,Global on,Threat-like
HC,16,20,5,4,3,CS+,CS+,204,0.024509803921568627,5,24,0.20833333333333334,Global on,Safety-like
HC,16,21,5,4,1,ITI,CS+,204,0.024509803921568627,4,24,0.16666666666666666,Global on,Global off
HC,17,10,5,1,1,ITI,ITI,206,0.024271844660194174,5,24,0.20833333333333334,Global off,Global off
HC,17,15,5,1,2,ITI,ITI,206,0.024271844660194174,4,24,0.16666666666666666,Global off,Threat-like
HC,17,24,5,1,4,CS+,ITI,206,0.024271844660194174,5,24,0.20833333333333334,Global off,Global on
HC,17,25,5,1,1,CS-,ITI,206,0.024271844660194174,4,24,0.16666666666666666,Global off,Global off
HC,29,15,5,2,2,CS-,CS+,207,0.024154589371980676,5,24,0.20833333333333334,Threat-like,Threat-like
HC,29,30,5,2,4,CS-,CS-,207,0.024154589371980676,4,24,0.16666666666666666,Threat-like,Global on
HC,20,12,6,3,3,ITI,ITI,256,0.0234375,5,24,0.20833333333333334,Safety-like,Safety-like
HC,20,29,6,3,2,ITI,ITI,256,0.0234375,4,24,0.16666666666666666,Safety-like,Threat-like
HC,14,28,4,2,4,CS-,CS-,171,0.023391812865497075,4,24,0.16666666666666666,Threat-like,Global on
HC,13,19,6,2,3,ITI,ITI,259,0.023166023166023165,4,24,0.16666666666666666,Threat-like,Safety-like
HC,10,21,3,1,1,CS+,CS+,130,0.023076923076923078,2,24,0.08333333333333333,Global off,Global off
HC,10,28,3,1,4,ITI,CS+,130,0.023076923076923078,3,24,0.125,Global off,Global on
HC,10,29,3,1,2,CS+,ITI,130,0.023076923076923078,3,24,0.125,Global off,Threat-like
HC,5,3,4,1,1,CS+,CS+,174,0.022988505747126436,3,24,0.125,Global off,Global off
HC,5,6,4,1,1,ITI,ITI,174,0.022988505747126436,4,24,0.16666666666666666,Global off,Global off
HC,5,12,4,1,3,CS-,ITI,174,0.022988505747126436,4,24,0.16666666666666666,Global off,Safety-like
HC,5,15,4,1,2,ITI,CS+,174,0.022988505747126436,4,24,0.16666666666666666,Global off,Threat-like
HC,5,29,4,1,2,ITI,CS-,174,0.022988505747126436,4,24,0.16666666666666666,Global off,Threat-like
HC,5,30,4,1,4,ITI,ITI,174,0.022988505747126436,3,24,0.125,Global off,Global on
HC,32,9,9,4,1,CS+,ITI,393,0.022900763358778626,8,24,0.3333333333333333,Global on,Global off
HC,32,27,9,4,4,ITI,ITI,393,0.022900763358778626,7,24,0.2916666666666667,Global on,Global on
HC,28,13,4,4,2,ITI,ITI,176,0.022727272727272728,4,24,0.16666666666666666,Global on,Threat-like
HC,28,18,4,4,3,CS+,ITI,176,0.022727272727272728,4,24,0.16666666666666666,Global on,Safety-like
HC,28,23,4,4,4,ITI,ITI,176,0.022727272727272728,3,24,0.125,Global on,Global on
HC,28,30,4,4,4,ITI,CS+,176,0.022727272727272728,4,24,0.16666666666666666,Global on,Global on
HC,21,4,3,1,3,ITI,CS+,135,0.022222222222222223,2,24,0.08333333333333333,Global off,Safety-like
HC,21,9,3,1,1,ITI,ITI,135,0.022222222222222223,3,24,0.125,Global off,Global off
HC,21,10,3,1,1,CS+,ITI,135,0.022222222222222223,2,24,0.08333333333333333,Global off,Global off
HC,21,12,3,1,3,ITI,ITI,135,0.022222222222222223,3,24,0.125,Global off,Safety-like
HC,21,13,3,1,2,ITI,CS+,135,0.022222222222222223,3,24,0.125,Global off,Threat-like
HC,21,22,3,1,4,ITI,ITI,135,0.022222222222222223,3,24,0.125,Global off,Global on
HC,21,23,3,1,4,ITI,ITI,135,0.022222222222222223,3,24,0.125,Global off,Global on
HC,21,27,3,1,4,ITI,ITI,135,0.022222222222222223,2,24,0.08333333333333333,Global off,Global on
HC,31,7,5,4,1,ITI,CS-,232,0.021551724137931036,4,24,0.16666666666666666,Global on,Global off
HC,31,17,5,4,1,ITI,ITI,232,0.021551724137931036,5,24,0.20833333333333334,Global on,Global off
HC,31,24,5,4,4,ITI,ITI,232,0.021551724137931036,5,24,0.20833333333333334,Global on,Global on
HC,31,26,5,4,4,CS+,ITI,232,0.021551724137931036,5,24,0.20833333333333334,Global on,Global on
HC,2,10,5,1,1,CS-,ITI,233,0.02145922746781116,4,24,0.16666666666666666,Global off,Global off
HC,2,19,5,1,3,ITI,ITI,233,0.02145922746781116,5,24,0.20833333333333334,Global off,Safety-like
HC,2,23,5,1,4,ITI,ITI,233,0.02145922746781116,4,24,0.16666666666666666,Global off,Global on
HC,2,32,5,1,4,ITI,CS-,233,0.02145922746781116,3,24,0.125,Global off,Global on
HC,9,6,3,1,1,CS-,ITI,140,0.02142857142857143,3,24,0.125,Global off,Global off
HC,9,28,3,1,4,CS-,CS+,140,0.02142857142857143,3,24,0.125,Global off,Global on
HC,9,29,3,1,2,ITI,CS+,140,0.02142857142857143,3,24,0.125,Global off,Threat-like
HC,24,3,3,4,1,CS+,ITI,143,0.02097902097902098,2,24,0.08333333333333333,Global on,Global off
HC,24,9,3,4,1,CS-,CS-,143,0.02097902097902098,3,24,0.125,Global on,Global off
HC,24,23,3,4,4,ITI,ITI,143,0.02097902097902098,3,24,0.125,Global on,Global on
HC,1,8,8,1,3,ITI,ITI,385,0.02077922077922078,7,24,0.2916666666666667,Global off,Safety-like
HC,1,15,8,1,2,ITI,ITI,385,0.02077922077922078,8,24,0.3333333333333333,Global off,Threat-like
HC,1,18,8,1,3,ITI,ITI,385,0.02077922077922078,5,24,0.20833333333333334,Global off,Safety-like
HC,32,11,8,4,1,CS-,CS-,393,0.020356234096692113,7,24,0.2916666666666667,Global on,Global off
HC,4,15,4,3,2,ITI,ITI,202,0.019801980198019802,4,24,0.16666666666666666,Safety-like,Threat-like
HC,4,23,4,3,4,ITI,ITI,202,0.019801980198019802,3,24,0.125,Safety-like,Global on
HC,25,7,2,1,1,ITI,ITI,101,0.019801980198019802,2,24,0.08333333333333333,Global off,Global off
HC,25,9,2,1,1,ITI,ITI,101,0.019801980198019802,2,24,0.08333333333333333,Global off,Global off
HC,25,12,2,1,3,CS-,ITI,101,0.019801980198019802,2,24,0.08333333333333333,Global off,Safety-like
HC,25,14,2,1,2,CS+,CS+,101,0.019801980198019802,2,24,0.08333333333333333,Global off,Threat-like
HC,25,18,2,1,3,ITI,ITI,101,0.019801980198019802,2,24,0.08333333333333333,Global off,Safety-like
HC,25,27,2,1,4,CS-,CS-,101,0.019801980198019802,2,24,0.08333333333333333,Global off,Global on
HC,16,3,4,4,1,CS+,ITI,204,0.0196078431372549,4,24,0.16666666666666666,Global on,Global off
HC,16,7,4,4,1,ITI,ITI,204,0.0196078431372549,3,24,0.125,Global on,Global off
HC,16,10,4,4,1,CS-,CS-,204,0.0196078431372549,3,24,0.125,Global on,Global off
HC,16,17,4,4,1,CS+,CS+,204,0.0196078431372549,4,24,0.16666666666666666,Global on,Global off
HC,16,25,4,4,1,CS-,CS-,204,0.0196078431372549,4,24,0.16666666666666666,Global on,Global off
HC,16,29,4,4,2,CS+,CS+,204,0.0196078431372549,4,24,0.16666666666666666,Global on,Threat-like
HC,16,30,4,4,4,ITI,CS-,204,0.0196078431372549,4,24,0.16666666666666666,Global on,Global on
HC,20,9,5,3,1,ITI,ITI,256,0.01953125,5,24,0.20833333333333334,Safety-like,Global off
HC,20,13,5,3,2,CS-,CS-,256,0.01953125,4,24,0.16666666666666666,Safety-like,Threat-like
HC,20,16,5,3,4,CS+,CS+,256,0.01953125,5,24,0.20833333333333334,Safety-like,Global on
HC,17,5,4,1,1,ITI,ITI,206,0.019417475728155338,4,24,0.16666666666666666,Global off,Global off
HC,17,27,4,1,4,ITI,ITI,206,0.019417475728155338,4,24,0.16666666666666666,Global off,Global on
HC,29,5,4,2,1,ITI,ITI,207,0.01932367149758454,4,24,0.16666666666666666,Threat-like,Global off
HC,29,6,4,2,1,ITI,CS+,207,0.01932367149758454,4,24,0.16666666666666666,Threat-like,Global off
HC,29,14,4,2,2,ITI,CS+,207,0.01932367149758454,4,24,0.16666666666666666,Threat-like,Threat-like
HC,29,26,4,2,4,ITI,ITI,207,0.01932367149758454,3,24,0.125,Threat-like,Global on
HC,13,6,5,2,1,CS-,ITI,259,0.019305019305019305,5,24,0.20833333333333334,Threat-like,Global off
HC,3,7,2,1,1,ITI,CS+,105,0.01904761904761905,2,24,0.08333333333333333,Global off,Global off
HC,3,17,2,1,1,CS-,ITI,105,0.01904761904761905,2,24,0.08333333333333333,Global off,Global off
HC,3,21,2,1,1,CS-,ITI,105,0.01904761904761905,2,24,0.08333333333333333,Global off,Global off
HC,3,22,2,1,4,CS-,CS-,105,0.01904761904761905,2,24,0.08333333333333333,Global off,Global on
HC,3,28,2,1,4,CS+,CS-,105,0.01904761904761905,2,24,0.08333333333333333,Global off,Global on
HC,3,29,2,1,2,ITI,ITI,105,0.01904761904761905,1,24,0.041666666666666664,Global off,Threat-like
HC,30,8,2,4,3,CS+,CS+,106,0.018867924528301886,1,24,0.041666666666666664,Global on,Safety-like
HC,30,16,2,4,4,CS+,CS+,106,0.018867924528301886,2,24,0.08333333333333333,Global on,Global on
HC,30,19,2,4,3,ITI,ITI,106,0.018867924528301886,2,24,0.08333333333333333,Global on,Safety-like
HC,30,21,2,4,1,CS+,CS+,106,0.018867924528301886,2,24,0.08333333333333333,Global on,Global off
HC,30,24,2,4,4,CS-,CS-,106,0.018867924528301886,2,24,0.08333333333333333,Global on,Global on
HC,30,25,2,4,1,CS+,CS+,106,0.018867924528301886,2,24,0.08333333333333333,Global on,Global off
HC,8,10,2,3,1,CS-,CS+,107,0.018691588785046728,2,24,0.08333333333333333,Safety-like,Global off
HC,8,17,2,3,1,CS+,CS+,107,0.018691588785046728,2,24,0.08333333333333333,Safety-like,Global off
HC,8,28,2,3,4,CS+,CS+,107,0.018691588785046728,2,24,0.08333333333333333,Safety-like,Global on
HC,1,19,7,1,3,ITI,ITI,385,0.01818181818181818,6,24,0.25,Global off,Safety-like
HC,1,23,7,1,4,CS-,ITI,385,0.01818181818181818,6,24,0.25,Global off,Global on
HC,1,25,7,1,1,CS+,ITI,385,0.01818181818181818,6,24,0.25,Global off,Global off
HC,15,4,2,2,3,CS+,CS+,110,0.01818181818181818,2,24,0.08333333333333333,Threat-like,Safety-like
HC,15,11,2,2,1,CS+,CS+,110,0.01818181818181818,2,24,0.08333333333333333,Threat-like,Global off
HC,15,17,2,2,1,CS+,CS+,110,0.01818181818181818,2,24,0.08333333333333333,Threat-like,Global off
HC,15,20,2,2,3,CS-,ITI,110,0.01818181818181818,2,24,0.08333333333333333,Threat-like,Safety-like
HC,15,21,2,2,1,CS+,CS+,110,0.01818181818181818,1,24,0.041666666666666664,Threat-like,Global off
HC,15,24,2,2,4,CS+,CS+,110,0.01818181818181818,2,24,0.08333333333333333,Threat-like,Global on
HC,15,26,2,2,4,CS-,CS-,110,0.01818181818181818,2,24,0.08333333333333333,Threat-like,Global on
HC,23,3,2,4,1,CS-,CS-,111,0.018018018018018018,2,24,0.08333333333333333,Global on,Global off
HC,23,7,2,4,1,ITI,CS-,111,0.018018018018018018,2,24,0.08333333333333333,Global on,Global off
HC,18,4,2,3,3,CS+,CS+,112,0.017857142857142856,2,24,0.08333333333333333,Safety-like,Safety-like
HC,18,10,2,3,1,CS+,CS+,112,0.017857142857142856,2,24,0.08333333333333333,Safety-like,Global off
HC,18,11,2,3,1,ITI,CS-,112,0.017857142857142856,2,24,0.08333333333333333,Safety-like,Global off
HC,18,14,2,3,2,ITI,CS-,112,0.017857142857142856,2,24,0.08333333333333333,Safety-like,Threat-like
HC,18,23,2,3,4,CS-,CS-,112,0.017857142857142856,2,24,0.08333333333333333,Safety-like,Global on
HC,32,3,7,4,1,CS+,ITI,393,0.017811704834605598,5,24,0.20833333333333334,Global on,Global off
HC,32,21,7,4,1,ITI,CS-,393,0.017811704834605598,6,24,0.25,Global on,Global off
HC,14,8,3,2,3,CS+,CS+,171,0.017543859649122806,2,24,0.08333333333333333,Threat-like,Safety-like
HC,14,19,3,2,3,CS+,CS+,171,0.017543859649122806,3,24,0.125,Threat-like,Safety-like
HC,14,20,3,2,3,CS-,ITI,171,0.017543859649122806,3,24,0.125,Threat-like,Safety-like
HC,14,23,3,2,4,CS+,CS+,171,0.017543859649122806,3,24,0.125,Threat-like,Global on
HC,14,26,3,2,4,CS+,ITI,171,0.017543859649122806,2,24,0.08333333333333333,Threat-like,Global on
HC,31,5,4,4,1,ITI,ITI,232,0.017241379310344827,4,24,0.16666666666666666,Global on,Global off
HC,31,11,4,4,1,CS-,ITI,232,0.017241379310344827,4,24,0.16666666666666666,Global on,Global off
HC,31,12,4,4,3,CS+,CS+,232,0.017241379310344827,4,24,0.16666666666666666,Global on,Safety-like
HC,5,17,3,1,1,CS+,CS+,174,0.017241379310344827,3,24,0.125,Global off,Global off
HC,2,12,4,1,3,CS-,ITI,233,0.017167381974248927,3,24,0.125,Global off,Safety-like
HC,2,25,4,1,1,ITI,CS-,233,0.017167381974248927,4,24,0.16666666666666666,Global off,Global off
HC,2,30,4,1,4,CS+,ITI,233,0.017167381974248927,4,24,0.16666666666666666,Global off,Global on
HC,28,3,3,4,1,CS+,ITI,176,0.017045454545454544,3,24,0.125,Global on,Global off
HC,28,5,3,4,1,CS-,ITI,176,0.017045454545454544,3,24,0.125,Global on,Global off
HC,28,16,3,4,4,ITI,CS-,176,0.017045454545454544,3,24,0.125,Global on,Global on
HC,12,7,2,3,1,CS+,CS+,121,0.01652892561983471,2,24,0.08333333333333333,Safety-like,Global off
HC,12,15,2,3,2,ITI,CS+,121,0.01652892561983471,2,24,0.08333333333333333,Safety-like,Threat-like
HC,12,17,2,3,1,ITI,ITI,121,0.01652892561983471,1,24,0.041666666666666664,Safety-like,Global off
HC,12,26,2,3,4,CS+,ITI,121,0.01652892561983471,2,24,0.08333333333333333,Safety-like,Global on
HC,20,8,4,3,3,CS-,ITI,256,0.015625,4,24,0.16666666666666666,Safety-like,Safety-like
HC,20,21,4,3,1,ITI,ITI,256,0.015625,4,24,0.16666666666666666,Safety-like,Global off
HC,20,25,4,3,1,ITI,ITI,256,0.015625,4,24,0.16666666666666666,Safety-like,Global off
HC,20,30,4,3,4,CS+,CS+,256,0.015625,4,24,0.16666666666666666,Safety-like,Global on
HC,26,5,1,4,1,CS-,ITI,64,0.015625,1,24,0.041666666666666664,Global on,Global off
HC,26,16,1,4,4,CS-,CS-,64,0.015625,1,24,0.041666666666666664,Global on,Global on
HC,26,18,1,4,3,ITI,ITI,64,0.015625,1,24,0.041666666666666664,Global on,Safety-like
HC,26,29,1,4,2,ITI,ITI,64,0.015625,1,24,0.041666666666666664,Global on,Threat-like
HC,1,27,6,1,4,ITI,ITI,385,0.015584415584415584,6,24,0.25,Global off,Global on
HC,13,23,4,2,4,CS+,CS+,259,0.015444015444015444,4,24,0.16666666666666666,Threat-like,Global on
HC,10,15,2,1,2,ITI,CS-,130,0.015384615384615385,2,24,0.08333333333333333,Global off,Threat-like
HC,10,16,2,1,4,ITI,CS+,130,0.015384615384615385,2,24,0.08333333333333333,Global off,Global on
HC,10,18,2,1,3,CS+,ITI,130,0.015384615384615385,2,24,0.08333333333333333,Global off,Safety-like
HC,10,22,2,1,4,CS-,CS-,130,0.015384615384615385,2,24,0.08333333333333333,Global off,Global on
HC,10,30,2,1,4,ITI,CS-,130,0.015384615384615385,2,24,0.08333333333333333,Global off,Global on
HC,10,32,2,1,4,ITI,CS-,130,0.015384615384615385,2,24,0.08333333333333333,Global off,Global on
HC,32,10,6,4,1,CS+,ITI,393,0.015267175572519083,6,24,0.25,Global on,Global off
HC,6,7,1,1,1,ITI,ITI,66,0.015151515151515152,1,24,0.041666666666666664,Global off,Global off
HC,6,9,1,1,1,ITI,ITI,66,0.015151515151515152,1,24,0.041666666666666664,Global off,Global off
HC,6,10,1,1,1,CS-,CS-,66,0.015151515151515152,1,24,0.041666666666666664,Global off,Global off
HC,6,12,1,1,3,ITI,CS-,66,0.015151515151515152,1,24,0.041666666666666664,Global off,Safety-like
HC,6,17,1,1,1,CS+,CS+,66,0.015151515151515152,1,24,0.041666666666666664,Global off,Global off
HC,6,21,1,1,1,CS-,CS-,66,0.015151515151515152,1,24,0.041666666666666664,Global off,Global off
HC,6,22,1,1,4,ITI,ITI,66,0.015151515151515152,1,24,0.041666666666666664,Global off,Global on
HC,6,30,1,1,4,CS+,CS+,66,0.015151515151515152,1,24,0.041666666666666664,Global off,Global on
HC,6,31,1,1,4,ITI,ITI,66,0.015151515151515152,1,24,0.041666666666666664,Global off,Global on
HC,4,6,3,3,1,CS+,ITI,202,0.01485148514851485,3,24,0.125,Safety-like,Global off
HC,4,29,3,3,2,ITI,ITI,202,0.01485148514851485,3,24,0.125,Safety-like,Threat-like
HC,4,30,3,3,4,ITI,ITI,202,0.01485148514851485,3,24,0.125,Safety-like,Global on
HC,21,7,2,1,1,CS-,CS-,135,0.014814814814814815,2,24,0.08333333333333333,Global off,Global off
HC,21,8,2,1,3,CS+,CS-,135,0.014814814814814815,2,24,0.08333333333333333,Global off,Safety-like
HC,21,18,2,1,3,ITI,ITI,135,0.014814814814814815,2,24,0.08333333333333333,Global off,Safety-like
HC,16,6,3,4,1,ITI,ITI,204,0.014705882352941176,3,24,0.125,Global on,Global off
HC,16,11,3,4,1,CS+,CS+,204,0.014705882352941176,3,24,0.125,Global on,Global off
HC,16,19,3,4,3,CS+,CS+,204,0.014705882352941176,3,24,0.125,Global on,Safety-like
HC,16,22,3,4,4,ITI,ITI,204,0.014705882352941176,3,24,0.125,Global on,Global on
HC,16,26,3,4,4,CS+,CS+,204,0.014705882352941176,2,24,0.08333333333333333,Global on,Global on
HC,17,4,3,1,3,ITI,ITI,206,0.014563106796116505,3,24,0.125,Global off,Safety-like
HC,17,7,3,1,1,ITI,ITI,206,0.014563106796116505,3,24,0.125,Global off,Global off
HC,17,11,3,1,1,ITI,ITI,206,0.014563106796116505,3,24,0.125,Global off,Global off
HC,17,22,3,1,4,ITI,ITI,206,0.014563106796116505,3,24,0.125,Global off,Global on
HC,17,30,3,1,4,ITI,ITI,206,0.014563106796116505,3,24,0.125,Global off,Global on
HC,29,3,3,2,1,ITI,ITI,207,0.014492753623188406,2,24,0.08333333333333333,Threat-like,Global off
HC,29,8,3,2,3,CS-,CS-,207,0.014492753623188406,3,24,0.125,Threat-like,Safety-like
HC,7,17,1,1,1,ITI,ITI,69,0.014492753623188406,1,24,0.041666666666666664,Global off,Global off
HC,7,18,1,1,3,CS-,CS-,69,0.014492753623188406,1,24,0.041666666666666664,Global off,Safety-like
HC,7,21,1,1,1,CS-,CS-,69,0.014492753623188406,1,24,0.041666666666666664,Global off,Global off
HC,7,23,1,1,4,ITI,CS-,69,0.014492753623188406,1,24,0.041666666666666664,Global off,Global on
HC,7,27,1,1,4,ITI,ITI,69,0.014492753623188406,1,24,0.041666666666666664,Global off,Global on
HC,7,28,1,1,4,ITI,ITI,69,0.014492753623188406,1,24,0.041666666666666664,Global off,Global on
HC,7,30,1,1,4,ITI,CS-,69,0.014492753623188406,1,24,0.041666666666666664,Global off,Global on
HC,9,7,2,1,1,CS+,CS+,140,0.014285714285714285,2,24,0.08333333333333333,Global off,Global off
HC,9,19,2,1,3,CS+,ITI,140,0.014285714285714285,2,24,0.08333333333333333,Global off,Safety-like
HC,9,20,2,1,3,CS+,ITI,140,0.014285714285714285,2,24,0.08333333333333333,Global off,Safety-like
HC,9,25,2,1,1,ITI,ITI,140,0.014285714285714285,2,24,0.08333333333333333,Global off,Global off
HC,9,30,2,1,4,ITI,CS+,140,0.014285714285714285,2,24,0.08333333333333333,Global off,Global on
HC,9,31,2,1,4,CS+,ITI,140,0.014285714285714285,2,24,0.08333333333333333,Global off,Global on
HC,24,5,2,4,1,CS+,CS-,143,0.013986013986013986,2,24,0.08333333333333333,Global on,Global off
HC,24,6,2,4,1,ITI,ITI,143,0.013986013986013986,2,24,0.08333333333333333,Global on,Global off
HC,24,14,2,4,2,ITI,CS-,143,0.013986013986013986,2,24,0.08333333333333333,Global on,Threat-like
HC,24,19,2,4,3,CS+,ITI,143,0.013986013986013986,2,24,0.08333333333333333,Global on,Safety-like
HC,24,27,2,4,4,CS-,CS-,143,0.013986013986013986,2,24,0.08333333333333333,Global on,Global on
HC,27,3,1,4,1,CS-,ITI,73,0.0136986301369863,1,24,0.041666666666666664,Global on,Global off
HC,27,12,1,4,3,ITI,ITI,73,0.0136986301369863,1,24,0.041666666666666664,Global on,Safety-like
HC,27,15,1,4,2,CS-,ITI,73,0.0136986301369863,1,24,0.041666666666666664,Global on,Threat-like
HC,27,17,1,4,1,ITI,ITI,73,0.0136986301369863,1,24,0.041666666666666664,Global on,Global off
HC,27,23,1,4,4,ITI,CS+,73,0.0136986301369863,1,24,0.041666666666666664,Global on,Global on
HC,27,30,1,4,4,CS-,ITI,73,0.0136986301369863,1,24,0.041666666666666664,Global on,Global on
HC,1,12,5,1,3,ITI,CS+,385,0.012987012987012988,3,24,0.125,Global off,Safety-like
HC,1,26,5,1,4,ITI,ITI,385,0.012987012987012988,5,24,0.20833333333333334,Global off,Global on
HC,31,4,3,4,3,CS+,ITI,232,0.01293103448275862,3,24,0.125,Global on,Safety-like
HC,31,10,3,4,1,ITI,ITI,232,0.01293103448275862,3,24,0.125,Global on,Global off
HC,31,18,3,4,3,CS-,ITI,232,0.01293103448275862,2,24,0.08333333333333333,Global on,Safety-like
HC,31,21,3,4,1,CS-,CS-,232,0.01293103448275862,3,24,0.125,Global on,Global off
HC,2,21,3,1,1,ITI,ITI,233,0.012875536480686695,3,24,0.125,Global off,Global off
HC,19,5,2,3,1,CS+,CS+,157,0.012738853503184714,2,24,0.08333333333333333,Safety-like,Global off
HC,19,12,2,3,3,ITI,ITI,157,0.012738853503184714,2,24,0.08333333333333333,Safety-like,Safety-like
HC,19,15,2,3,2,ITI,CS-,157,0.012738853503184714,2,24,0.08333333333333333,Safety-like,Threat-like
HC,19,25,2,3,1,CS-,ITI,157,0.012738853503184714,2,24,0.08333333333333333,Safety-like,Global off
HC,19,26,2,3,4,ITI,CS-,157,0.012738853503184714,2,24,0.08333333333333333,Safety-like,Global on
HC,32,7,5,4,1,ITI,CS-,393,0.01272264631043257,5,24,0.20833333333333334,Global on,Global off
HC,32,15,5,4,2,ITI,CS-,393,0.01272264631043257,5,24,0.20833333333333334,Global on,Threat-like
HC,32,26,5,4,4,CS-,CS-,393,0.01272264631043257,4,24,0.16666666666666666,Global on,Global on
HC,20,5,3,3,1,ITI,ITI,256,0.01171875,3,24,0.125,Safety-like,Global off
HC,20,26,3,3,4,ITI,ITI,256,0.01171875,3,24,0.125,Safety-like,Global on
HC,14,18,2,2,3,CS-,CS-,171,0.011695906432748537,2,24,0.08333333333333333,Threat-like,Safety-like
HC,14,24,2,2,4,CS+,ITI,171,0.011695906432748537,2,24,0.08333333333333333,Threat-like,Global on
HC,14,25,2,2,1,ITI,ITI,171,0.011695906432748537,2,24,0.08333333333333333,Threat-like,Global off
HC,13,12,3,2,3,ITI,ITI,259,0.011583011583011582,3,24,0.125,Threat-like,Safety-like
HC,13,20,3,2,3,ITI,ITI,259,0.011583011583011582,3,24,0.125,Threat-like,Safety-like
HC,13,22,3,2,4,ITI,ITI,259,0.011583011583011582,3,24,0.125,Threat-like,Global on
HC,13,24,3,2,4,ITI,ITI,259,0.011583011583011582,3,24,0.125,Threat-like,Global on
HC,5,4,2,1,3,CS+,CS-,174,0.011494252873563218,2,24,0.08333333333333333,Global off,Safety-like
HC,5,9,2,1,1,ITI,ITI,174,0.011494252873563218,2,24,0.08333333333333333,Global off,Global off
HC,5,11,2,1,1,CS+,ITI,174,0.011494252873563218,1,24,0.041666666666666664,Global off,Global off
HC,5,18,2,1,3,CS+,CS-,174,0.011494252873563218,2,24,0.08333333333333333,Global off,Safety-like
HC,5,19,2,1,3,ITI,ITI,174,0.011494252873563218,2,24,0.08333333333333333,Global off,Safety-like
HC,5,24,2,1,4,ITI,CS+,174,0.011494252873563218,2,24,0.08333333333333333,Global off,Global on
HC,5,25,2,1,1,CS-,CS-,174,0.011494252873563218,2,24,0.08333333333333333,Global off,Global off
HC,28,2,2,4,1,ITI,ITI,176,0.011363636363636364,2,24,0.08333333333333333,Global on,Global off
HC,28,9,2,4,1,CS-,CS-,176,0.011363636363636364,2,24,0.08333333333333333,Global on,Global off
HC,28,22,2,4,4,ITI,ITI,176,0.011363636363636364,2,24,0.08333333333333333,Global on,Global on
HC,1,7,4,1,1,ITI,ITI,385,0.01038961038961039,4,24,0.16666666666666666,Global off,Global off
HC,1,28,4,1,4,ITI,ITI,385,0.01038961038961039,3,24,0.125,Global off,Global on
HC,32,6,4,4,1,CS-,CS-,393,0.010178117048346057,4,24,0.16666666666666666,Global on,Global off
HC,32,23,4,4,4,ITI,CS+,393,0.010178117048346057,4,24,0.16666666666666666,Global on,Global on
HC,4,7,2,3,1,CS+,CS+,202,0.009900990099009901,2,24,0.08333333333333333,Safety-like,Global off
HC,25,3,1,1,1,ITI,CS+,101,0.009900990099009901,1,24,0.041666666666666664,Global off,Global off
HC,25,11,1,1,1,ITI,ITI,101,0.009900990099009901,1,24,0.041666666666666664,Global off,Global off
HC,25,15,1,1,2,ITI,CS+,101,0.009900990099009901,1,24,0.041666666666666664,Global off,Threat-like
HC,25,16,1,1,4,ITI,CS+,101,0.009900990099009901,1,24,0.041666666666666664,Global off,Global on
HC,25,19,1,1,3,ITI,ITI,101,0.009900990099009901,1,24,0.041666666666666664,Global off,Safety-like
HC,25,23,1,1,4,ITI,ITI,101,0.009900990099009901,1,24,0.041666666666666664,Global off,Global on
HC,25,26,1,1,4,ITI,ITI,101,0.009900990099009901,1,24,0.041666666666666664,Global off,Global on
HC,16,27,2,4,4,CS-,CS-,204,0.00980392156862745,1,24,0.041666666666666664,Global on,Global on
HC,17,12,2,1,3,CS-,CS-,206,0.009708737864077669,2,24,0.08333333333333333,Global off,Safety-like
HC,17,26,2,1,4,CS-,ITI,206,0.009708737864077669,2,24,0.08333333333333333,Global off,Global on
HC,29,7,2,2,1,CS+,ITI,207,0.00966183574879227,2,24,0.08333333333333333,Threat-like,Global off
HC,29,12,2,2,3,CS-,CS-,207,0.00966183574879227,2,24,0.08333333333333333,Threat-like,Safety-like
HC,29,18,2,2,3,CS+,CS-,207,0.00966183574879227,2,24,0.08333333333333333,Threat-like,Safety-like
HC,29,22,2,2,4,CS-,ITI,207,0.00966183574879227,2,24,0.08333333333333333,Threat-like,Global on
HC,29,23,2,2,4,CS+,CS+,207,0.00966183574879227,2,24,0.08333333333333333,Threat-like,Global on
HC,3,6,1,1,1,CS+,CS+,105,0.009523809523809525,1,24,0.041666666666666664,Global off,Global off
HC,3,13,1,1,2,CS+,CS+,105,0.009523809523809525,1,24,0.041666666666666664,Global off,Threat-like
HC,3,15,1,1,2,CS+,CS+,105,0.009523809523809525,1,24,0.041666666666666664,Global off,Threat-like
HC,3,18,1,1,3,ITI,ITI,105,0.009523809523809525,1,24,0.041666666666666664,Global off,Safety-like
HC,3,26,1,1,4,CS-,CS-,105,0.009523809523809525,1,24,0.041666666666666664,Global off,Global on
HC,3,27,1,1,4,ITI,ITI,105,0.009523809523809525,1,24,0.041666666666666664,Global off,Global on
HC,3,30,1,1,4,ITI,CS-,105,0.009523809523809525,1,24,0.041666666666666664,Global off,Global on
HC,30,5,1,4,1,ITI,ITI,106,0.009433962264150943,1,24,0.041666666666666664,Global on,Global off
HC,30,6,1,4,1,CS+,ITI,106,0.009433962264150943,1,24,0.041666666666666664,Global on,Global off
HC,30,9,1,4,1,CS+,CS+,106,0.009433962264150943,1,24,0.041666666666666664,Global on,Global off
HC,30,11,1,4,1,CS-,CS-,106,0.009433962264150943,1,24,0.041666666666666664,Global on,Global off
HC,30,12,1,4,3,ITI,CS-,106,0.009433962264150943,1,24,0.041666666666666664,Global on,Safety-like
HC,30,18,1,4,3,CS+,CS+,106,0.009433962264150943,1,24,0.041666666666666664,Global on,Safety-like
HC,30,22,1,4,4,ITI,CS-,106,0.009433962264150943,1,24,0.041666666666666664,Global on,Global on
HC,30,23,1,4,4,ITI,ITI,106,0.009433962264150943,1,24,0.041666666666666664,Global on,Global on
HC,8,6,1,3,1,CS+,CS+,107,0.009345794392523364,1,24,0.041666666666666664,Safety-like,Global off
HC,8,9,1,3,1,CS-,CS-,107,0.009345794392523364,1,24,0.041666666666666664,Safety-like,Global off
HC,8,22,1,3,4,ITI,ITI,107,0.009345794392523364,1,24,0.041666666666666664,Safety-like,Global on
HC,8,23,1,3,4,ITI,ITI,107,0.009345794392523364,1,24,0.041666666666666664,Safety-like,Global on
HC,8,25,1,3,1,ITI,ITI,107,0.009345794392523364,1,24,0.041666666666666664,Safety-like,Global off
HC,8,27,1,3,4,CS+,CS+,107,0.009345794392523364,1,24,0.041666666666666664,Safety-like,Global on
HC,8,30,1,3,4,CS+,ITI,107,0.009345794392523364,1,24,0.041666666666666664,Safety-like,Global on
HC,15,18,1,2,3,CS-,CS-,110,0.00909090909090909,1,24,0.041666666666666664,Threat-like,Safety-like
HC,15,19,1,2,3,CS+,ITI,110,0.00909090909090909,1,24,0.041666666666666664,Threat-like,Safety-like
HC,15,23,1,2,4,ITI,ITI,110,0.00909090909090909,1,24,0.041666666666666664,Threat-like,Global on
HC,15,28,1,2,4,ITI,CS+,110,0.00909090909090909,1,24,0.041666666666666664,Threat-like,Global on
HC,23,4,1,4,3,CS+,CS+,111,0.009009009009009009,1,24,0.041666666666666664,Global on,Safety-like
HC,23,8,1,4,3,CS-,CS-,111,0.009009009009009009,1,24,0.041666666666666664,Global on,Safety-like
HC,23,17,1,4,1,ITI,CS-,111,0.009009009009009009,1,24,0.041666666666666664,Global on,Global off
HC,18,3,1,3,1,ITI,CS-,112,0.008928571428571428,1,24,0.041666666666666664,Safety-like,Global off
HC,18,7,1,3,1,CS-,ITI,112,0.008928571428571428,1,24,0.041666666666666664,Safety-like,Global off
HC,18,12,1,3,3,CS+,CS+,112,0.008928571428571428,1,24,0.041666666666666664,Safety-like,Safety-like
HC,18,16,1,3,4,ITI,ITI,112,0.008928571428571428,1,24,0.041666666666666664,Safety-like,Global on
HC,18,22,1,3,4,ITI,ITI,112,0.008928571428571428,1,24,0.041666666666666664,Safety-like,Global on
HC,18,26,1,3,4,CS+,ITI,112,0.008928571428571428,1,24,0.041666666666666664,Safety-like,Global on
HC,18,27,1,3,4,ITI,ITI,112,0.008928571428571428,1,24,0.041666666666666664,Safety-like,Global on
HC,31,22,2,4,4,CS+,ITI,232,0.008620689655172414,2,24,0.08333333333333333,Global on,Global on
HC,2,11,2,1,1,ITI,CS-,233,0.008583690987124463,2,24,0.08333333333333333,Global off,Global off
HC,2,26,2,1,4,ITI,CS+,233,0.008583690987124463,2,24,0.08333333333333333,Global off,Global on
HC,2,28,2,1,4,CS-,CS-,233,0.008583690987124463,2,24,0.08333333333333333,Global off,Global on
HC,12,11,1,3,1,ITI,ITI,121,0.008264462809917356,1,24,0.041666666666666664,Safety-like,Global off
HC,12,14,1,3,2,ITI,CS-,121,0.008264462809917356,1,24,0.041666666666666664,Safety-like,Threat-like
HC,12,18,1,3,3,ITI,CS+,121,0.008264462809917356,1,24,0.041666666666666664,Safety-like,Safety-like
HC,12,22,1,3,4,CS-,CS-,121,0.008264462809917356,1,24,0.041666666666666664,Safety-like,Global on
HC,12,23,1,3,4,CS+,ITI,121,0.008264462809917356,1,24,0.041666666666666664,Safety-like,Global on
HC,12,27,1,3,4,ITI,ITI,121,0.008264462809917356,1,24,0.041666666666666664,Safety-like,Global on
HC,12,31,1,3,4,CS-,ITI,121,0.008264462809917356,1,24,0.041666666666666664,Safety-like,Global on
HC,20,3,2,3,1,CS-,CS-,256,0.0078125,2,24,0.08333333333333333,Safety-like,Global off
HC,20,10,2,3,1,CS-,CS-,256,0.0078125,2,24,0.08333333333333333,Safety-like,Global off
HC,20,14,2,3,2,ITI,ITI,256,0.0078125,2,24,0.08333333333333333,Safety-like,Threat-like
HC,20,22,2,3,4,ITI,ITI,256,0.0078125,2,24,0.08333333333333333,Safety-like,Global on
HC,1,30,3,1,4,ITI,CS+,385,0.007792207792207792,2,24,0.08333333333333333,Global off,Global on
HC,13,3,2,2,1,ITI,ITI,259,0.007722007722007722,2,24,0.08333333333333333,Threat-like,Global off
HC,13,18,2,2,3,CS+,CS+,259,0.007722007722007722,2,24,0.08333333333333333,Threat-like,Safety-like
HC,13,25,2,2,1,CS-,CS-,259,0.007722007722007722,2,24,0.08333333333333333,Threat-like,Global off
HC,13,26,2,2,4,ITI,ITI,259,0.007722007722007722,2,24,0.08333333333333333,Threat-like,Global on
HC,13,28,2,2,4,CS+,CS+,259,0.007722007722007722,2,24,0.08333333333333333,Threat-like,Global on
HC,10,6,1,1,1,ITI,ITI,130,0.007692307692307693,1,24,0.041666666666666664,Global off,Global off
HC,10,11,1,1,1,CS+,CS+,130,0.007692307692307693,1,24,0.041666666666666664,Global off,Global off
HC,10,23,1,1,4,ITI,ITI,130,0.007692307692307693,1,24,0.041666666666666664,Global off,Global on
HC,10,24,1,1,4,ITI,ITI,130,0.007692307692307693,1,24,0.041666666666666664,Global off,Global on
HC,10,26,1,1,4,ITI,ITI,130,0.007692307692307693,1,24,0.041666666666666664,Global off,Global on
HC,32,8,3,4,3,CS+,CS+,393,0.007633587786259542,3,24,0.125,Global on,Safety-like
HC,32,22,3,4,4,ITI,CS+,393,0.007633587786259542,2,24,0.08333333333333333,Global on,Global on
HC,21,3,1,1,1,CS-,CS-,135,0.007407407407407408,1,24,0.041666666666666664,Global off,Global off
HC,21,25,1,1,1,ITI,ITI,135,0.007407407407407408,1,24,0.041666666666666664,Global off,Global off
HC,21,30,1,1,4,ITI,ITI,135,0.007407407407407408,1,24,0.041666666666666664,Global off,Global on
HC,9,3,1,1,1,CS-,CS-,140,0.007142857142857143,1,24,0.041666666666666664,Global off,Global off
HC,9,11,1,1,1,ITI,ITI,140,0.007142857142857143,1,24,0.041666666666666664,Global off,Global off
HC,9,12,1,1,3,CS-,CS-,140,0.007142857142857143,1,24,0.041666666666666664,Global off,Safety-like
HC,9,18,1,1,3,CS-,CS-,140,0.007142857142857143,1,24,0.041666666666666664,Global off,Safety-like
HC,9,21,1,1,1,ITI,ITI,140,0.007142857142857143,1,24,0.041666666666666664,Global off,Global off
HC,9,27,1,1,4,CS+,CS+,140,0.007142857142857143,1,24,0.041666666666666664,Global off,Global on
HC,24,7,1,4,1,ITI,CS+,143,0.006993006993006993,1,24,0.041666666666666664,Global on,Global off
HC,24,22,1,4,4,CS-,CS-,143,0.006993006993006993,1,24,0.041666666666666664,Global on,Global on
HC,24,25,1,4,1,ITI,ITI,143,0.006993006993006993,1,24,0.041666666666666664,Global on,Global off
HC,24,26,1,4,4,ITI,ITI,143,0.006993006993006993,1,24,0.041666666666666664,Global on,Global on
HC,19,3,1,3,1,ITI,ITI,157,0.006369426751592357,1,24,0.041666666666666664,Safety-like,Global off
HC,19,6,1,3,1,ITI,ITI,157,0.006369426751592357,1,24,0.041666666666666664,Safety-like,Global off
HC,19,7,1,3,1,ITI,CS+,157,0.006369426751592357,1,24,0.041666666666666664,Safety-like,Global off
HC,19,13,1,3,2,ITI,CS-,157,0.006369426751592357,1,24,0.041666666666666664,Safety-like,Threat-like
HC,19,16,1,3,4,ITI,CS+,157,0.006369426751592357,1,24,0.041666666666666664,Safety-like,Global on
HC,19,22,1,3,4,ITI,ITI,157,0.006369426751592357,1,24,0.041666666666666664,Safety-like,Global on
HC,14,6,1,2,1,ITI,CS+,171,0.005847953216374269,1,24,0.041666666666666664,Threat-like,Global off
HC,14,22,1,2,4,CS-,CS-,171,0.005847953216374269,1,24,0.041666666666666664,Threat-like,Global on
HC,14,27,1,2,4,CS+,CS+,171,0.005847953216374269,1,24,0.041666666666666664,Threat-like,Global on
HC,5,20,1,1,3,CS-,CS-,174,0.005747126436781609,1,24,0.041666666666666664,Global off,Safety-like
HC,5,27,1,1,4,ITI,ITI,174,0.005747126436781609,1,24,0.041666666666666664,Global off,Global on
HC,5,28,1,1,4,CS+,CS+,174,0.005747126436781609,1,24,0.041666666666666664,Global off,Global on
HC,28,6,1,4,1,ITI,ITI,176,0.005681818181818182,1,24,0.041666666666666664,Global on,Global off
HC,28,11,1,4,1,CS-,CS-,176,0.005681818181818182,1,24,0.041666666666666664,Global on,Global off
HC,28,14,1,4,2,ITI,CS+,176,0.005681818181818182,1,24,0.041666666666666664,Global on,Threat-like
HC,1,11,2,1,1,ITI,CS-,385,0.005194805194805195,2,24,0.08333333333333333,Global off,Global off
HC,4,11,1,3,1,CS-,ITI,202,0.0049504950495049506,1,24,0.041666666666666664,Safety-like,Global off
HC,4,22,1,3,4,CS+,ITI,202,0.0049504950495049506,1,24,0.041666666666666664,Safety-like,Global on
HC,4,25,1,3,1,ITI,ITI,202,0.0049504950495049506,1,24,0.041666666666666664,Safety-like,Global off
HC,4,27,1,3,4,CS-,CS-,202,0.0049504950495049506,1,24,0.041666666666666664,Safety-like,Global on
HC,17,6,1,1,1,CS+,ITI,206,0.0048543689320388345,1,24,0.041666666666666664,Global off,Global off
HC,17,8,1,1,3,ITI,ITI,206,0.0048543689320388345,1,24,0.041666666666666664,Global off,Safety-like
HC,17,14,1,1,2,ITI,CS+,206,0.0048543689320388345,1,24,0.041666666666666664,Global off,Threat-like
HC,17,16,1,1,4,ITI,CS-,206,0.0048543689320388345,1,24,0.041666666666666664,Global off,Global on
HC,29,11,1,2,1,CS-,CS-,207,0.004830917874396135,1,24,0.041666666666666664,Threat-like,Global off
HC,29,19,1,2,3,ITI,ITI,207,0.004830917874396135,1,24,0.041666666666666664,Threat-like,Safety-like
HC,29,24,1,2,4,ITI,ITI,207,0.004830917874396135,1,24,0.041666666666666664,Threat-like,Global on
HC,31,6,1,4,1,CS-,CS-,232,0.004310344827586207,1,24,0.041666666666666664,Global on,Global off
HC,31,8,1,4,3,CS-,CS-,232,0.004310344827586207,1,24,0.041666666666666664,Global on,Safety-like
HC,2,22,1,1,4,ITI,ITI,233,0.004291845493562232,1,24,0.041666666666666664,Global off,Global on
HC,2,27,1,1,4,CS+,ITI,233,0.004291845493562232,1,24,0.041666666666666664,Global off,Global on
HC,20,6,1,3,1,ITI,CS-,256,0.00390625,1,24,0.041666666666666664,Safety-like,Global off
HC,13,27,1,2,4,CS+,ITI,259,0.003861003861003861,1,24,0.041666666666666664,Threat-like,Global on
HC,1,22,1,1,4,ITI,ITI,385,0.0025974025974025974,1,24,0.041666666666666664,Global off,Global on
PTSD,24,32,34,4,4,ITI,ITI,146,0.2328767123287671,16,24,0.6666666666666666,Global on,Global on
PTSD,3,1,22,1,1,ITI,ITI,99,0.2222222222222222,14,24,0.5833333333333334,Global off,Global off
PTSD,30,32,20,4,4,ITI,ITI,95,0.21052631578947367,13,24,0.5416666666666666,Global on,Global on
PTSD,10,1,13,1,1,CS-,ITI,64,0.203125,8,24,0.3333333333333333,Global off,Global off
PTSD,2,1,41,1,1,ITI,ITI,208,0.1971153846153846,19,24,0.7916666666666666,Global off,Global off
PTSD,9,1,26,1,1,ITI,ITI,147,0.17687074829931973,16,24,0.6666666666666666,Global off,Global off
PTSD,7,5,9,1,1,CS-,ITI,51,0.17647058823529413,6,24,0.25,Global off,Global off
PTSD,31,32,36,4,4,ITI,ITI,206,0.17475728155339806,18,24,0.75,Global on,Global on
PTSD,14,13,24,2,2,ITI,ITI,138,0.17391304347826086,13,24,0.5416666666666666,Threat-like,Threat-like
PTSD,22,31,5,4,4,ITI,ITI,29,0.1724137931034483,4,24,0.16666666666666666,Global on,Global on
PTSD,26,32,10,4,4,ITI,CS+,59,0.1694915254237288,8,24,0.3333333333333333,Global on,Global on
PTSD,18,20,13,3,3,ITI,ITI,77,0.16883116883116883,7,24,0.2916666666666667,Safety-like,Safety-like
PTSD,29,32,26,2,4,ITI,ITI,172,0.1511627906976744,12,24,0.5,Threat-like,Global on
PTSD,27,32,13,4,4,ITI,ITI,90,0.14444444444444443,9,24,0.375,Global on,Global on
PTSD,4,1,28,3,1,ITI,ITI,195,0.14358974358974358,15,24,0.625,Safety-like,Global off
PTSD,19,32,17,3,4,ITI,ITI,120,0.14166666666666666,12,24,0.5,Safety-like,Global on
PTSD,10,2,9,1,1,ITI,ITI,64,0.140625,8,24,0.3333333333333333,Global off,Global off
PTSD,22,6,4,4,1,CS-,ITI,29,0.13793103448275862,4,24,0.16666666666666666,Global on,Global off
PTSD,24,20,20,4,3,ITI,ITI,146,0.136986301369863,13,24,0.5416666666666666,Global on,Safety-like
PTSD,28,20,23,4,3,ITI,ITI,171,0.13450292397660818,14,24,0.5833333333333334,Global on,Safety-like
PTSD,25,32,16,1,4,ITI,ITI,122,0.13114754098360656,10,24,0.4166666666666667,Global off,Global on
PTSD,28,32,22,4,4,ITI,ITI,171,0.1286549707602339,16,24,0.6666666666666666,Global on,Global on
PTSD,17,1,22,1,1,ITI,ITI,173,0.12716763005780346,16,24,0.6666666666666666,Global off,Global off
PTSD,30,13,12,4,2,ITI,CS+,95,0.12631578947368421,9,24,0.375,Global on,Threat-like
PTSD,11,1,5,1,1,CS+,ITI,40,0.125,4,24,0.16666666666666666,Global off,Global off
PTSD,11,4,5,1,3,CS+,CS+,40,0.125,4,24,0.16666666666666666,Global off,Safety-like
PTSD,21,1,11,1,1,ITI,ITI,89,0.12359550561797752,7,24,0.2916666666666667,Global off,Global off
PTSD,5,1,22,1,1,ITI,ITI,184,0.11956521739130435,14,24,0.5833333333333334,Global off,Global off
PTSD,20,32,28,3,4,ITI,ITI,238,0.11764705882352941,16,24,0.6666666666666666,Safety-like,Global on
PTSD,7,16,6,1,4,ITI,ITI,51,0.11764705882352941,3,24,0.125,Global off,Global on
PTSD,23,31,8,4,4,ITI,ITI,73,0.1095890410958904,7,24,0.2916666666666667,Global on,Global on
PTSD,19,20,13,3,3,ITI,ITI,120,0.10833333333333334,12,24,0.5,Safety-like,Safety-like
PTSD,8,32,10,3,4,ITI,ITI,93,0.10752688172043011,8,24,0.3333333333333333,Safety-like,Global on
PTSD,16,32,19,4,4,ITI,ITI,182,0.1043956043956044,11,24,0.4583333333333333,Global on,Global on
PTSD,18,32,8,3,4,ITI,CS+,77,0.1038961038961039,7,24,0.2916666666666667,Safety-like,Global on
PTSD,22,21,3,4,1,ITI,ITI,29,0.10344827586206896,3,24,0.125,Global on,Global off
PTSD,1,2,39,1,1,ITI,ITI,385,0.1012987012987013,18,24,0.75,Global off,Global off
PTSD,11,9,4,1,1,ITI,ITI,40,0.1,4,24,0.16666666666666666,Global off,Global off
PTSD,7,1,5,1,1,CS+,ITI,51,0.09803921568627451,4,24,0.16666666666666666,Global off,Global off
PTSD,7,31,5,1,4,CS-,ITI,51,0.09803921568627451,4,24,0.16666666666666666,Global off,Global on
PTSD,5,13,18,1,2,ITI,ITI,184,0.09782608695652174,13,24,0.5416666666666666,Global off,Threat-like
PTSD,23,32,7,4,4,CS+,ITI,73,0.0958904109589041,7,24,0.2916666666666667,Global on,Global on
PTSD,15,1,8,2,1,CS-,ITI,84,0.09523809523809523,7,24,0.2916666666666667,Threat-like,Global off
PTSD,15,13,8,2,2,ITI,ITI,84,0.09523809523809523,7,24,0.2916666666666667,Threat-like,Threat-like
PTSD,15,32,8,2,4,ITI,CS-,84,0.09523809523809523,5,24,0.20833333333333334,Threat-like,Global on
PTSD,32,28,38,4,4,ITI,ITI,400,0.095,19,24,0.7916666666666666,Global on,Global on
PTSD,14,1,13,2,1,ITI,ITI,138,0.09420289855072464,10,24,0.4166666666666667,Threat-like,Global off
PTSD,10,9,6,1,1,ITI,ITI,64,0.09375,6,24,0.25,Global off,Global off
PTSD,12,1,6,3,1,CS-,ITI,64,0.09375,6,24,0.25,Safety-like,Global off
PTSD,12,32,6,3,4,ITI,ITI,64,0.09375,4,24,0.16666666666666666,Safety-like,Global on
PTSD,1,5,36,1,1,ITI,ITI,385,0.09350649350649351,17,24,0.7083333333333334,Global off,Global off
PTSD,19,28,11,3,4,ITI,ITI,120,0.09166666666666666,10,24,0.4166666666666667,Safety-like,Global on
PTSD,13,32,22,2,4,ITI,ITI,243,0.09053497942386832,14,24,0.5833333333333334,Threat-like,Global on
PTSD,21,2,8,1,1,CS-,ITI,89,0.0898876404494382,5,24,0.20833333333333334,Global off,Global off
PTSD,21,31,8,1,4,ITI,ITI,89,0.0898876404494382,7,24,0.2916666666666667,Global off,Global on
PTSD,27,25,8,4,1,ITI,ITI,90,0.08888888888888889,6,24,0.25,Global on,Global off
PTSD,16,13,16,4,2,ITI,ITI,182,0.08791208791208792,14,24,0.5833333333333334,Global on,Threat-like
PTSD,5,16,16,1,4,ITI,ITI,184,0.08695652173913043,10,24,0.4166666666666667,Global off,Global on
PTSD,8,4,8,3,3,CS-,ITI,93,0.08602150537634409,7,24,0.2916666666666667,Safety-like,Safety-like
PTSD,26,13,5,4,2,CS+,ITI,59,0.0847457627118644,4,24,0.16666666666666666,Global on,Threat-like
PTSD,26,14,5,4,2,ITI,CS-,59,0.0847457627118644,5,24,0.20833333333333334,Global on,Threat-like
PTSD,26,28,5,4,4,ITI,ITI,59,0.0847457627118644,5,24,0.20833333333333334,Global on,Global on
PTSD,13,1,20,2,1,ITI,ITI,243,0.0823045267489712,13,24,0.5416666666666666,Threat-like,Global off
PTSD,23,4,6,4,3,ITI,ITI,73,0.0821917808219178,6,24,0.25,Global on,Safety-like
PTSD,23,20,6,4,3,ITI,ITI,73,0.0821917808219178,5,24,0.20833333333333334,Global on,Safety-like
PTSD,4,20,16,3,3,ITI,ITI,195,0.08205128205128205,11,24,0.4583333333333333,Safety-like,Safety-like
PTSD,25,1,10,1,1,ITI,ITI,122,0.08196721311475409,9,24,0.375,Global off,Global off
PTSD,2,5,17,1,1,ITI,ITI,208,0.08173076923076923,13,24,0.5416666666666666,Global off,Global off
PTSD,9,4,12,1,3,ITI,ITI,147,0.08163265306122448,10,24,0.4166666666666667,Global off,Safety-like
PTSD,29,31,14,2,4,ITI,ITI,172,0.08139534883720931,10,24,0.4166666666666667,Threat-like,Global on
PTSD,17,19,14,1,3,ITI,ITI,173,0.08092485549132948,10,24,0.4166666666666667,Global off,Safety-like
PTSD,17,20,14,1,3,ITI,ITI,173,0.08092485549132948,12,24,0.5,Global off,Safety-like
PTSD,17,32,14,1,4,ITI,ITI,173,0.08092485549132948,9,24,0.375,Global off,Global on
PTSD,32,20,32,4,3,ITI,ITI,400,0.08,16,24,0.6666666666666666,Global on,Safety-like
PTSD,32,31,32,4,4,ITI,ITI,400,0.08,15,24,0.625,Global on,Global on
PTSD,20,28,19,3,4,ITI,ITI,238,0.07983193277310924,9,24,0.375,Safety-like,Global on
PTSD,6,5,7,1,1,CS-,CS-,88,0.07954545454545454,6,24,0.25,Global off,Global off
PTSD,21,32,7,1,4,ITI,ITI,89,0.07865168539325842,5,24,0.20833333333333334,Global off,Global on
PTSD,10,13,5,1,2,ITI,CS+,64,0.078125,5,24,0.20833333333333334,Global off,Threat-like
PTSD,12,13,5,3,2,ITI,ITI,64,0.078125,4,24,0.16666666666666666,Safety-like,Threat-like
PTSD,18,1,6,3,1,ITI,ITI,77,0.07792207792207792,4,24,0.16666666666666666,Safety-like,Global off
PTSD,4,2,15,3,1,ITI,ITI,195,0.07692307692307693,12,24,0.5,Safety-like,Global off
PTSD,20,1,18,3,1,ITI,ITI,238,0.07563025210084033,13,24,0.5416666666666666,Safety-like,Global off
PTSD,20,19,18,3,3,ITI,ITI,238,0.07563025210084033,10,24,0.4166666666666667,Safety-like,Safety-like
PTSD,19,1,9,3,1,ITI,ITI,120,0.075,9,24,0.375,Safety-like,Global off
PTSD,19,17,9,3,1,ITI,ITI,120,0.075,6,24,0.25,Safety-like,Global off
PTSD,19,31,9,3,4,ITI,ITI,120,0.075,6,24,0.25,Safety-like,Global on
PTSD,11,16,3,1,4,ITI,CS+,40,0.075,3,24,0.125,Global off,Global on
PTSD,11,20,3,1,3,ITI,ITI,40,0.075,3,24,0.125,Global off,Safety-like
PTSD,11,25,3,1,1,CS-,ITI,40,0.075,3,24,0.125,Global off,Global off
PTSD,11,28,3,1,4,ITI,ITI,40,0.075,3,24,0.125,Global off,Global on
PTSD,9,13,11,1,2,ITI,ITI,147,0.07482993197278912,9,24,0.375,Global off,Threat-like
PTSD,13,29,18,2,2,ITI,ITI,243,0.07407407407407407,12,24,0.5,Threat-like,Threat-like
PTSD,25,13,9,1,2,ITI,ITI,122,0.07377049180327869,8,24,0.3333333333333333,Global off,Threat-like
PTSD,25,17,9,1,1,ITI,ITI,122,0.07377049180327869,8,24,0.3333333333333333,Global off,Global off
PTSD,30,1,7,4,1,ITI,CS-,95,0.07368421052631578,7,24,0.2916666666666667,Global on,Global off
PTSD,31,29,15,4,2,ITI,ITI,206,0.07281553398058252,9,24,0.375,Global on,Threat-like
PTSD,20,2,17,3,1,ITI,ITI,238,0.07142857142857142,12,24,0.5,Safety-like,Global off
PTSD,20,24,17,3,4,ITI,ITI,238,0.07142857142857142,11,24,0.4583333333333333,Safety-like,Global on
PTSD,3,9,7,1,1,ITI,ITI,99,0.0707070707070707,7,24,0.2916666666666667,Global off,Global off
PTSD,13,9,17,2,1,ITI,ITI,243,0.06995884773662552,13,24,0.5416666666666666,Threat-like,Global off
PTSD,13,31,17,2,4,CS+,ITI,243,0.06995884773662552,12,24,0.5,Threat-like,Global on
PTSD,22,2,2,4,1,CS+,CS+,29,0.06896551724137931,2,24,0.08333333333333333,Global on,Global off
PTSD,22,13,2,4,2,ITI,ITI,29,0.06896551724137931,2,24,0.08333333333333333,Global on,Threat-like
PTSD,22,20,2,4,3,ITI,CS-,29,0.06896551724137931,2,24,0.08333333333333333,Global on,Safety-like
PTSD,22,30,2,4,4,ITI,CS-,29,0.06896551724137931,2,24,0.08333333333333333,Global on,Global on
PTSD,22,32,2,4,4,CS+,ITI,29,0.06896551724137931,2,24,0.08333333333333333,Global on,Global on
PTSD,23,8,5,4,3,ITI,CS+,73,0.0684931506849315,5,24,0.20833333333333334,Global on,Safety-like
PTSD,23,24,5,4,4,ITI,ITI,73,0.0684931506849315,5,24,0.20833333333333334,Global on,Global on
PTSD,6,1,6,1,1,ITI,CS-,88,0.06818181818181818,5,24,0.20833333333333334,Global off,Global off
PTSD,6,8,6,1,3,CS+,CS+,88,0.06818181818181818,5,24,0.20833333333333334,Global off,Safety-like
PTSD,6,13,6,1,2,ITI,ITI,88,0.06818181818181818,6,24,0.25,Global off,Threat-like
PTSD,6,16,6,1,4,ITI,CS-,88,0.06818181818181818,4,24,0.16666666666666666,Global off,Global on
PTSD,26,25,4,4,1,ITI,ITI,59,0.06779661016949153,3,24,0.125,Global on,Global off
PTSD,26,29,4,4,2,ITI,ITI,59,0.06779661016949153,4,24,0.16666666666666666,Global on,Threat-like
PTSD,32,1,27,4,1,ITI,ITI,400,0.0675,17,24,0.7083333333333334,Global on,Global off
PTSD,32,13,27,4,2,CS+,CS+,400,0.0675,17,24,0.7083333333333334,Global on,Threat-like
PTSD,21,13,6,1,2,ITI,ITI,89,0.06741573033707865,6,24,0.25,Global off,Threat-like
PTSD,21,17,6,1,1,ITI,ITI,89,0.06741573033707865,4,24,0.16666666666666666,Global off,Global off
PTSD,27,1,6,4,1,ITI,ITI,90,0.06666666666666667,6,24,0.25,Global on,Global off
PTSD,27,19,6,4,3,ITI,CS+,90,0.06666666666666667,6,24,0.25,Global on,Safety-like
PTSD,27,28,6,4,4,ITI,ITI,90,0.06666666666666667,5,24,0.20833333333333334,Global on,Global on
PTSD,13,16,16,2,4,ITI,ITI,243,0.06584362139917696,12,24,0.5,Threat-like,Global on
PTSD,25,9,8,1,1,ITI,ITI,122,0.06557377049180328,6,24,0.25,Global off,Global off
PTSD,25,27,8,1,4,ITI,ITI,122,0.06557377049180328,7,24,0.2916666666666667,Global off,Global on
PTSD,5,4,12,1,3,ITI,ITI,184,0.06521739130434782,11,24,0.4583333333333333,Global off,Safety-like
PTSD,14,29,9,2,2,CS+,CS+,138,0.06521739130434782,7,24,0.2916666666666667,Threat-like,Threat-like
PTSD,1,13,25,1,2,ITI,ITI,385,0.06493506493506493,15,24,0.625,Global off,Threat-like
PTSD,18,17,5,3,1,ITI,ITI,77,0.06493506493506493,5,24,0.20833333333333334,Safety-like,Global off
PTSD,18,19,5,3,3,ITI,ITI,77,0.06493506493506493,5,24,0.20833333333333334,Safety-like,Safety-like
PTSD,8,5,6,3,1,CS+,CS+,93,0.06451612903225806,5,24,0.20833333333333334,Safety-like,Global off
PTSD,8,6,6,3,1,CS+,ITI,93,0.06451612903225806,3,24,0.125,Safety-like,Global off
PTSD,8,20,6,3,3,ITI,ITI,93,0.06451612903225806,5,24,0.20833333333333334,Safety-like,Safety-like
PTSD,29,1,11,2,1,ITI,ITI,172,0.06395348837209303,8,24,0.3333333333333333,Threat-like,Global off
PTSD,29,30,11,2,4,ITI,ITI,172,0.06395348837209303,8,24,0.3333333333333333,Threat-like,Global on
PTSD,32,16,25,4,4,ITI,ITI,400,0.0625,14,24,0.5833333333333334,Global on,Global on
PTSD,2,4,13,1,3,CS+,ITI,208,0.0625,10,24,0.4166666666666667,Global off,Safety-like
PTSD,10,29,4,1,2,CS-,CS-,64,0.0625,4,24,0.16666666666666666,Global off,Threat-like
PTSD,10,32,4,1,4,CS-,CS-,64,0.0625,4,24,0.16666666666666666,Global off,Global on
PTSD,12,4,4,3,3,ITI,ITI,64,0.0625,4,24,0.16666666666666666,Safety-like,Safety-like
PTSD,12,5,4,3,1,ITI,ITI,64,0.0625,4,24,0.16666666666666666,Safety-like,Global off
PTSD,12,16,4,3,4,ITI,CS+,64,0.0625,4,24,0.16666666666666666,Safety-like,Global on
PTSD,12,20,4,3,3,CS-,ITI,64,0.0625,4,24,0.16666666666666666,Safety-like,Safety-like
PTSD,24,4,9,4,3,ITI,ITI,146,0.06164383561643835,7,24,0.2916666666666667,Global on,Safety-like
PTSD,3,4,6,1,3,ITI,CS-,99,0.06060606060606061,6,24,0.25,Global off,Safety-like
PTSD,3,17,6,1,1,CS+,ITI,99,0.06060606060606061,6,24,0.25,Global off,Global off
PTSD,16,4,11,4,3,CS-,ITI,182,0.06043956043956044,9,24,0.375,Global on,Safety-like
PTSD,16,14,11,4,2,CS+,ITI,182,0.06043956043956044,9,24,0.375,Global on,Threat-like
PTSD,5,14,11,1,2,ITI,ITI,184,0.059782608695652176,8,24,0.3333333333333333,Global off,Threat-like
PTSD,1,3,23,1,1,ITI,ITI,385,0.05974025974025974,13,24,0.5416666666666666,Global off,Global off
PTSD,15,9,5,2,1,ITI,ITI,84,0.05952380952380952,5,24,0.20833333333333334,Threat-like,Global off
PTSD,15,14,5,2,2,ITI,ITI,84,0.05952380952380952,4,24,0.16666666666666666,Threat-like,Threat-like
PTSD,15,16,5,2,4,ITI,ITI,84,0.05952380952380952,3,24,0.125,Threat-like,Global on
PTSD,15,20,5,2,3,ITI,ITI,84,0.05952380952380952,5,24,0.20833333333333334,Threat-like,Safety-like
PTSD,15,31,5,2,4,ITI,ITI,84,0.05952380952380952,4,24,0.16666666666666666,Threat-like,Global on
PTSD,20,17,14,3,1,ITI,ITI,238,0.058823529411764705,8,24,0.3333333333333333,Safety-like,Global off
PTSD,7,2,3,1,1,ITI,ITI,51,0.058823529411764705,3,24,0.125,Global off,Global off
PTSD,7,24,3,1,4,CS+,ITI,51,0.058823529411764705,3,24,0.125,Global off,Global on
PTSD,7,32,3,1,4,CS-,CS-,51,0.058823529411764705,2,24,0.08333333333333333,Global off,Global on
PTSD,28,13,10,4,2,ITI,ITI,171,0.05847953216374269,8,24,0.3333333333333333,Global on,Threat-like
PTSD,28,27,10,4,4,ITI,ITI,171,0.05847953216374269,8,24,0.3333333333333333,Global on,Global on
PTSD,14,2,8,2,1,ITI,ITI,138,0.057971014492753624,7,24,0.2916666666666667,Threat-like,Global off
PTSD,14,31,8,2,4,ITI,CS-,138,0.057971014492753624,5,24,0.20833333333333334,Threat-like,Global on
PTSD,2,13,12,1,2,ITI,ITI,208,0.057692307692307696,10,24,0.4166666666666667,Global off,Threat-like
PTSD,2,17,12,1,1,ITI,ITI,208,0.057692307692307696,11,24,0.4583333333333333,Global off,Global off
PTSD,2,20,12,1,3,CS-,ITI,208,0.057692307692307696,10,24,0.4166666666666667,Global off,Safety-like
PTSD,13,5,14,2,1,CS+,CS+,243,0.05761316872427984,9,24,0.375,Threat-like,Global off
PTSD,25,21,7,1,1,ITI,ITI,122,0.05737704918032787,4,24,0.16666666666666666,Global off,Global off
PTSD,25,29,7,1,2,ITI,ITI,122,0.05737704918032787,6,24,0.25,Global off,Threat-like
PTSD,6,14,5,1,2,ITI,ITI,88,0.056818181818181816,5,24,0.20833333333333334,Global off,Threat-like
PTSD,4,32,11,3,4,ITI,ITI,195,0.05641025641025641,10,24,0.4166666666666667,Safety-like,Global on
PTSD,21,28,5,1,4,CS-,ITI,89,0.056179775280898875,4,24,0.16666666666666666,Global off,Global on
PTSD,27,20,5,4,3,ITI,ITI,90,0.05555555555555555,4,24,0.16666666666666666,Global on,Safety-like
PTSD,32,24,22,4,4,ITI,ITI,400,0.055,13,24,0.5416666666666666,Global on,Global on
PTSD,23,5,4,4,1,CS-,CS-,73,0.0547945205479452,4,24,0.16666666666666666,Global on,Global off
PTSD,20,4,13,3,3,ITI,ITI,238,0.0546218487394958,10,24,0.4166666666666667,Safety-like,Safety-like
PTSD,20,18,13,3,3,ITI,ITI,238,0.0546218487394958,7,24,0.2916666666666667,Safety-like,Safety-like
PTSD,9,2,8,1,1,ITI,ITI,147,0.05442176870748299,6,24,0.25,Global off,Global off
PTSD,9,29,8,1,2,ITI,CS-,147,0.05442176870748299,6,24,0.25,Global off,Threat-like
PTSD,5,7,10,1,1,ITI,CS-,184,0.05434782608695652,5,24,0.20833333333333334,Global off,Global off
PTSD,8,1,5,3,1,ITI,ITI,93,0.053763440860215055,5,24,0.20833333333333334,Safety-like,Global off
PTSD,8,13,5,3,2,CS-,CS-,93,0.053763440860215055,5,24,0.20833333333333334,Safety-like,Threat-like
PTSD,8,14,5,3,2,CS+,CS+,93,0.053763440860215055,4,24,0.16666666666666666,Safety-like,Threat-like
PTSD,8,24,5,3,4,CS+,ITI,93,0.053763440860215055,5,24,0.20833333333333334,Safety-like,Global on
PTSD,8,28,5,3,4,CS+,CS-,93,0.053763440860215055,4,24,0.16666666666666666,Safety-like,Global on
PTSD,31,14,11,4,2,ITI,CS-,206,0.05339805825242718,7,24,0.2916666666666667,Global on,Threat-like
PTSD,28,17,9,4,1,ITI,ITI,171,0.05263157894736842,6,24,0.25,Global on,Global off
PTSD,30,17,5,4,1,ITI,CS-,95,0.05263157894736842,5,24,0.20833333333333334,Global on,Global off
PTSD,30,29,5,4,2,CS+,CS+,95,0.05263157894736842,5,24,0.20833333333333334,Global on,Threat-like
PTSD,32,29,21,4,2,ITI,ITI,400,0.0525,13,24,0.5416666666666666,Global on,Threat-like
PTSD,29,16,9,2,4,CS-,CS-,172,0.05232558139534884,8,24,0.3333333333333333,Threat-like,Global on
PTSD,17,4,9,1,3,ITI,ITI,173,0.05202312138728324,6,24,0.25,Global off,Safety-like
PTSD,1,9,20,1,1,ITI,ITI,385,0.05194805194805195,9,24,0.375,Global off,Global off
PTSD,1,17,20,1,1,ITI,ITI,385,0.05194805194805195,16,24,0.6666666666666666,Global off,Global off
PTSD,1,32,20,1,4,ITI,ITI,385,0.05194805194805195,15,24,0.625,Global off,Global on
PTSD,18,2,4,3,1,ITI,CS+,77,0.05194805194805195,4,24,0.16666666666666666,Safety-like,Global off
PTSD,26,5,3,4,1,ITI,CS+,59,0.05084745762711865,3,24,0.125,Global on,Global off
PTSD,26,18,3,4,3,ITI,ITI,59,0.05084745762711865,2,24,0.08333333333333333,Global on,Safety-like
PTSD,26,31,3,4,4,CS+,ITI,59,0.05084745762711865,3,24,0.125,Global on,Global on
PTSD,14,5,7,2,1,CS+,CS+,138,0.050724637681159424,7,24,0.2916666666666667,Threat-like,Global off
PTSD,3,2,5,1,1,ITI,ITI,99,0.050505050505050504,5,24,0.20833333333333334,Global off,Global off
PTSD,3,19,5,1,3,ITI,ITI,99,0.050505050505050504,5,24,0.20833333333333334,Global off,Safety-like
PTSD,3,31,5,1,4,ITI,ITI,99,0.050505050505050504,4,24,0.16666666666666666,Global off,Global on
PTSD,3,32,5,1,4,ITI,CS-,99,0.050505050505050504,5,24,0.20833333333333334,Global off,Global on
PTSD,19,27,6,3,4,CS+,ITI,120,0.05,3,24,0.125,Safety-like,Global on
PTSD,11,13,2,1,2,CS+,ITI,40,0.05,2,24,0.08333333333333333,Global off,Threat-like
PTSD,11,15,2,1,2,CS+,CS+,40,0.05,2,24,0.08333333333333333,Global off,Threat-like
PTSD,11,19,2,1,3,CS+,CS+,40,0.05,2,24,0.08333333333333333,Global off,Safety-like
PTSD,16,1,9,4,1,CS-,ITI,182,0.04945054945054945,7,24,0.2916666666666667,Global on,Global off
PTSD,16,29,9,4,2,ITI,ITI,182,0.04945054945054945,7,24,0.2916666666666667,Global on,Threat-like
PTSD,13,2,12,2,1,CS-,ITI,243,0.04938271604938271,10,24,0.4166666666666667,Threat-like,Global off
PTSD,1,20,19,1,3,ITI,ITI,385,0.04935064935064935,15,24,0.625,Global off,Safety-like
PTSD,25,20,6,1,3,ITI,ITI,122,0.04918032786885246,5,24,0.20833333333333334,Global off,Safety-like
PTSD,5,9,9,1,1,ITI,CS-,184,0.04891304347826087,9,24,0.375,Global off,Global off
PTSD,5,32,9,1,4,ITI,CS+,184,0.04891304347826087,7,24,0.2916666666666667,Global off,Global on
PTSD,31,2,10,4,1,ITI,ITI,206,0.04854368932038835,8,24,0.3333333333333333,Global on,Global off
PTSD,31,4,10,4,3,ITI,ITI,206,0.04854368932038835,6,24,0.25,Global on,Safety-like
PTSD,31,16,10,4,4,ITI,CS-,206,0.04854368932038835,6,24,0.25,Global on,Global on
PTSD,31,20,10,4,3,CS+,ITI,206,0.04854368932038835,8,24,0.3333333333333333,Global on,Safety-like
PTSD,31,28,10,4,4,ITI,ITI,206,0.04854368932038835,6,24,0.25,Global on,Global on
PTSD,24,28,7,4,4,CS-,ITI,146,0.04794520547945205,7,24,0.2916666666666667,Global on,Global on
PTSD,24,31,7,4,4,ITI,ITI,146,0.04794520547945205,6,24,0.25,Global on,Global on
PTSD,9,17,7,1,1,ITI,ITI,147,0.047619047619047616,5,24,0.20833333333333334,Global off,Global off
PTSD,9,31,7,1,4,ITI,ITI,147,0.047619047619047616,5,24,0.20833333333333334,Global off,Global on
PTSD,9,32,7,1,4,ITI,CS-,147,0.047619047619047616,7,24,0.2916666666666667,Global off,Global on
PTSD,15,5,4,2,1,ITI,ITI,84,0.047619047619047616,4,24,0.16666666666666666,Threat-like,Global off
PTSD,15,27,4,2,4,CS+,ITI,84,0.047619047619047616,4,24,0.16666666666666666,Threat-like,Global on
PTSD,15,29,4,2,2,CS-,ITI,84,0.047619047619047616,4,24,0.16666666666666666,Threat-like,Threat-like
PTSD,10,5,3,1,1,ITI,ITI,64,0.046875,3,24,0.125,Global off,Global off
PTSD,10,16,3,1,4,CS+,ITI,64,0.046875,3,24,0.125,Global off,Global on
PTSD,12,14,3,3,2,CS+,CS+,64,0.046875,3,24,0.125,Safety-like,Threat-like
PTSD,12,17,3,3,1,ITI,CS+,64,0.046875,2,24,0.08333333333333333,Safety-like,Global off
PTSD,12,24,3,3,4,ITI,ITI,64,0.046875,1,24,0.041666666666666664,Safety-like,Global on
PTSD,12,28,3,3,4,ITI,ITI,64,0.046875,3,24,0.125,Safety-like,Global on
PTSD,28,1,8,4,1,ITI,ITI,171,0.04678362573099415,7,24,0.2916666666666667,Global on,Global off
PTSD,28,19,8,4,3,ITI,ITI,171,0.04678362573099415,7,24,0.2916666666666667,Global on,Safety-like
PTSD,1,4,18,1,3,ITI,ITI,385,0.046753246753246755,14,24,0.5833333333333334,Global off,Safety-like
PTSD,4,3,9,3,1,ITI,ITI,195,0.046153846153846156,5,24,0.20833333333333334,Safety-like,Global off
PTSD,4,12,9,3,3,ITI,ITI,195,0.046153846153846156,7,24,0.2916666666666667,Safety-like,Safety-like
PTSD,4,17,9,3,1,ITI,ITI,195,0.046153846153846156,6,24,0.25,Safety-like,Global off
PTSD,6,2,4,1,1,CS+,ITI,88,0.045454545454545456,3,24,0.125,Global off,Global off
PTSD,6,21,4,1,1,CS+,ITI,88,0.045454545454545456,3,24,0.125,Global off,Global off
PTSD,6,24,4,1,4,CS-,CS-,88,0.045454545454545456,4,24,0.16666666666666666,Global off,Global on
PTSD,6,25,4,1,1,ITI,ITI,88,0.045454545454545456,2,24,0.08333333333333333,Global off,Global off
PTSD,6,29,4,1,2,CS-,CS-,88,0.045454545454545456,4,24,0.16666666666666666,Global off,Threat-like
PTSD,13,14,11,2,2,ITI,ITI,243,0.04526748971193416,6,24,0.25,Threat-like,Threat-like
PTSD,13,15,11,2,2,ITI,CS+,243,0.04526748971193416,9,24,0.375,Threat-like,Threat-like
PTSD,32,30,18,4,4,ITI,ITI,400,0.045,11,24,0.4583333333333333,Global on,Global on
PTSD,21,4,4,1,3,ITI,CS+,89,0.0449438202247191,4,24,0.16666666666666666,Global off,Safety-like
PTSD,27,4,4,4,3,ITI,ITI,90,0.044444444444444446,3,24,0.125,Global on,Safety-like
PTSD,27,18,4,4,3,ITI,ITI,90,0.044444444444444446,4,24,0.16666666666666666,Global on,Safety-like
PTSD,27,31,4,4,4,ITI,ITI,90,0.044444444444444446,4,24,0.16666666666666666,Global on,Global on
PTSD,1,16,17,1,4,ITI,CS-,385,0.04415584415584416,12,24,0.5,Global off,Global on
PTSD,16,2,8,4,1,CS+,CS+,182,0.04395604395604396,6,24,0.25,Global on,Global off
PTSD,16,17,8,4,1,CS-,ITI,182,0.04395604395604396,7,24,0.2916666666666667,Global on,Global off
PTSD,16,31,8,4,4,ITI,ITI,182,0.04395604395604396,5,24,0.20833333333333334,Global on,Global on
PTSD,5,8,8,1,3,ITI,ITI,184,0.043478260869565216,7,24,0.2916666666666667,Global off,Safety-like
PTSD,14,9,6,2,1,CS+,ITI,138,0.043478260869565216,5,24,0.20833333333333334,Threat-like,Global off
PTSD,14,16,6,2,4,CS+,CS+,138,0.043478260869565216,6,24,0.25,Threat-like,Global on
PTSD,2,32,9,1,4,ITI,ITI,208,0.04326923076923077,7,24,0.2916666666666667,Global off,Global on
PTSD,30,2,4,4,1,CS+,CS-,95,0.042105263157894736,4,24,0.16666666666666666,Global on,Global off
PTSD,30,16,4,4,4,CS-,CS-,95,0.042105263157894736,4,24,0.16666666666666666,Global on,Global on
PTSD,30,24,4,4,4,CS+,ITI,95,0.042105263157894736,4,24,0.16666666666666666,Global on,Global on
PTSD,30,25,4,4,1,CS+,CS-,95,0.042105263157894736,3,24,0.125,Global on,Global off
PTSD,30,31,4,4,4,ITI,CS-,95,0.042105263157894736,4,24,0.16666666666666666,Global on,Global on
PTSD,19,4,5,3,3,ITI,ITI,120,0.041666666666666664,4,24,0.16666666666666666,Safety-like,Safety-like
PTSD,13,8,10,2,3,ITI,ITI,243,0.0411522633744856,8,24,0.3333333333333333,Threat-like,Safety-like
PTSD,24,13,6,4,2,ITI,ITI,146,0.0410958904109589,5,24,0.20833333333333334,Global on,Threat-like
PTSD,24,16,6,4,4,ITI,ITI,146,0.0410958904109589,3,24,0.125,Global on,Global on
PTSD,23,1,3,4,1,CS+,CS+,73,0.0410958904109589,3,24,0.125,Global on,Global off
PTSD,23,3,3,4,1,ITI,ITI,73,0.0410958904109589,2,24,0.08333333333333333,Global on,Global off
PTSD,23,29,3,4,2,ITI,ITI,73,0.0410958904109589,2,24,0.08333333333333333,Global on,Threat-like
PTSD,23,30,3,4,4,ITI,CS+,73,0.0410958904109589,3,24,0.125,Global on,Global on
PTSD,4,5,8,3,1,ITI,ITI,195,0.041025641025641026,7,24,0.2916666666666667,Safety-like,Global off
PTSD,4,31,8,3,4,ITI,ITI,195,0.041025641025641026,6,24,0.25,Safety-like,Global on
PTSD,25,5,5,1,1,ITI,ITI,122,0.040983606557377046,4,24,0.16666666666666666,Global off,Global off
PTSD,25,28,5,1,4,ITI,ITI,122,0.040983606557377046,4,24,0.16666666666666666,Global off,Global on
PTSD,28,18,7,4,3,ITI,ITI,171,0.04093567251461988,6,24,0.25,Global on,Safety-like
PTSD,28,31,7,4,4,ITI,ITI,171,0.04093567251461988,7,24,0.2916666666666667,Global on,Global on
PTSD,9,3,6,1,1,ITI,ITI,147,0.04081632653061224,6,24,0.25,Global off,Global off
PTSD,29,13,7,2,2,CS-,CS-,172,0.040697674418604654,6,24,0.25,Threat-like,Threat-like
PTSD,29,25,7,2,1,ITI,ITI,172,0.040697674418604654,6,24,0.25,Threat-like,Global off
PTSD,29,27,7,2,4,CS+,ITI,172,0.040697674418604654,4,24,0.16666666666666666,Threat-like,Global on
PTSD,29,28,7,2,4,ITI,CS+,172,0.040697674418604654,7,24,0.2916666666666667,Threat-like,Global on
PTSD,17,25,7,1,1,ITI,ITI,173,0.04046242774566474,6,24,0.25,Global off,Global off
PTSD,3,5,4,1,1,ITI,ITI,99,0.04040404040404041,3,24,0.125,Global off,Global off
PTSD,3,16,4,1,4,ITI,CS-,99,0.04040404040404041,4,24,0.16666666666666666,Global off,Global on
PTSD,3,20,4,1,3,ITI,ITI,99,0.04040404040404041,4,24,0.16666666666666666,Global off,Safety-like
PTSD,7,8,2,1,3,CS+,CS+,51,0.0392156862745098,2,24,0.08333333333333333,Global off,Safety-like
PTSD,7,13,2,1,2,CS-,CS-,51,0.0392156862745098,2,24,0.08333333333333333,Global off,Threat-like
PTSD,7,15,2,1,2,CS-,CS-,51,0.0392156862745098,1,24,0.041666666666666664,Global off,Threat-like
PTSD,7,21,2,1,1,CS-,ITI,51,0.0392156862745098,2,24,0.08333333333333333,Global off,Global off
PTSD,1,29,15,1,2,ITI,ITI,385,0.03896103896103896,11,24,0.4583333333333333,Global off,Threat-like
PTSD,1,31,15,1,4,ITI,ITI,385,0.03896103896103896,12,24,0.5,Global off,Global on
PTSD,18,13,3,3,2,ITI,CS+,77,0.03896103896103896,2,24,0.08333333333333333,Safety-like,Threat-like
PTSD,18,15,3,3,2,ITI,CS+,77,0.03896103896103896,3,24,0.125,Safety-like,Threat-like
PTSD,18,23,3,3,4,CS+,ITI,77,0.03896103896103896,3,24,0.125,Safety-like,Global on
PTSD,18,31,3,3,4,ITI,ITI,77,0.03896103896103896,3,24,0.125,Safety-like,Global on
PTSD,31,15,8,4,2,CS+,ITI,206,0.038834951456310676,6,24,0.25,Global on,Threat-like
PTSD,31,23,8,4,4,ITI,ITI,206,0.038834951456310676,6,24,0.25,Global on,Global on
PTSD,2,6,8,1,1,ITI,ITI,208,0.038461538461538464,7,24,0.2916666666666667,Global off,Global off
PTSD,2,14,8,1,2,CS+,ITI,208,0.038461538461538464,5,24,0.20833333333333334,Global off,Threat-like
PTSD,2,24,8,1,4,ITI,ITI,208,0.038461538461538464,8,24,0.3333333333333333,Global off,Global on
PTSD,16,15,7,4,2,CS+,ITI,182,0.038461538461538464,5,24,0.20833333333333334,Global on,Threat-like
PTSD,16,25,7,4,1,CS+,CS-,182,0.038461538461538464,4,24,0.16666666666666666,Global on,Global off
PTSD,16,28,7,4,4,CS+,ITI,182,0.038461538461538464,6,24,0.25,Global on,Global on
PTSD,32,14,15,4,2,ITI,CS+,400,0.0375,10,24,0.4166666666666667,Global on,Threat-like
PTSD,14,15,5,2,2,ITI,CS-,138,0.036231884057971016,5,24,0.20833333333333334,Threat-like,Threat-like
PTSD,14,25,5,2,1,ITI,ITI,138,0.036231884057971016,5,24,0.20833333333333334,Threat-like,Global off
PTSD,14,27,5,2,4,CS-,ITI,138,0.036231884057971016,3,24,0.125,Threat-like,Global on
PTSD,14,32,5,2,4,ITI,ITI,138,0.036231884057971016,5,24,0.20833333333333334,Threat-like,Global on
PTSD,4,8,7,3,3,ITI,ITI,195,0.035897435897435895,4,24,0.16666666666666666,Safety-like,Safety-like
PTSD,4,9,7,3,1,ITI,ITI,195,0.035897435897435895,7,24,0.2916666666666667,Safety-like,Global off
PTSD,4,24,7,3,4,ITI,ITI,195,0.035897435897435895,5,24,0.20833333333333334,Safety-like,Global on
PTSD,15,2,3,2,1,CS-,CS-,84,0.03571428571428571,3,24,0.125,Threat-like,Global off
PTSD,15,8,3,2,3,CS+,CS+,84,0.03571428571428571,3,24,0.125,Threat-like,Safety-like
PTSD,15,21,3,2,1,ITI,ITI,84,0.03571428571428571,2,24,0.08333333333333333,Threat-like,Global off
PTSD,28,2,6,4,1,CS+,ITI,171,0.03508771929824561,6,24,0.25,Global on,Global off
PTSD,28,25,6,4,1,ITI,ITI,171,0.03508771929824561,5,24,0.20833333333333334,Global on,Global off
PTSD,28,26,6,4,4,ITI,ITI,171,0.03508771929824561,5,24,0.20833333333333334,Global on,Global on
PTSD,28,30,6,4,4,ITI,CS+,171,0.03508771929824561,5,24,0.20833333333333334,Global on,Global on
PTSD,32,4,14,4,3,CS+,ITI,400,0.035,8,24,0.3333333333333333,Global on,Safety-like
PTSD,32,25,14,4,1,CS+,CS+,400,0.035,8,24,0.3333333333333333,Global on,Global off
PTSD,29,9,6,2,1,ITI,ITI,172,0.03488372093023256,6,24,0.25,Threat-like,Global off
PTSD,29,24,6,2,4,ITI,ITI,172,0.03488372093023256,6,24,0.25,Threat-like,Global on
PTSD,17,2,6,1,1,ITI,ITI,173,0.03468208092485549,5,24,0.20833333333333334,Global off,Global off
PTSD,17,3,6,1,1,ITI,ITI,173,0.03468208092485549,6,24,0.25,Global off,Global off
PTSD,17,9,6,1,1,ITI,ITI,173,0.03468208092485549,5,24,0.20833333333333334,Global off,Global off
PTSD,17,24,6,1,4,CS+,CS+,173,0.03468208092485549,5,24,0.20833333333333334,Global off,Global on
PTSD,17,28,6,1,4,ITI,ITI,173,0.03468208092485549,6,24,0.25,Global off,Global on
PTSD,17,29,6,1,2,ITI,ITI,173,0.03468208092485549,4,24,0.16666666666666666,Global off,Threat-like
PTSD,22,5,1,4,1,ITI,ITI,29,0.034482758620689655,1,24,0.041666666666666664,Global on,Global off
PTSD,22,15,1,4,2,ITI,ITI,29,0.034482758620689655,1,24,0.041666666666666664,Global on,Threat-like
PTSD,22,17,1,4,1,CS-,ITI,29,0.034482758620689655,1,24,0.041666666666666664,Global on,Global off
PTSD,22,23,1,4,4,ITI,ITI,29,0.034482758620689655,1,24,0.041666666666666664,Global on,Global on
PTSD,22,24,1,4,4,ITI,ITI,29,0.034482758620689655,1,24,0.041666666666666664,Global on,Global on
PTSD,22,28,1,4,4,ITI,ITI,29,0.034482758620689655,1,24,0.041666666666666664,Global on,Global on
PTSD,22,29,1,4,2,ITI,ITI,29,0.034482758620689655,1,24,0.041666666666666664,Global on,Threat-like
PTSD,24,2,5,4,1,ITI,CS-,146,0.03424657534246575,5,24,0.20833333333333334,Global on,Global off
PTSD,24,5,5,4,1,ITI,CS+,146,0.03424657534246575,3,24,0.125,Global on,Global off
PTSD,24,18,5,4,3,CS+,ITI,146,0.03424657534246575,5,24,0.20833333333333334,Global on,Safety-like
PTSD,6,9,3,1,1,ITI,ITI,88,0.03409090909090909,3,24,0.125,Global off,Global off
PTSD,6,17,3,1,1,CS+,CS+,88,0.03409090909090909,3,24,0.125,Global off,Global off
PTSD,6,18,3,1,3,ITI,ITI,88,0.03409090909090909,3,24,0.125,Global off,Safety-like
PTSD,6,20,3,1,3,ITI,CS+,88,0.03409090909090909,3,24,0.125,Global off,Safety-like
PTSD,6,32,3,1,4,ITI,CS+,88,0.03409090909090909,3,24,0.125,Global off,Global on
PTSD,9,19,5,1,3,ITI,CS+,147,0.034013605442176874,5,24,0.20833333333333334,Global off,Safety-like
PTSD,9,25,5,1,1,ITI,ITI,147,0.034013605442176874,5,24,0.20833333333333334,Global off,Global off
PTSD,31,24,7,4,4,CS+,ITI,206,0.03398058252427184,6,24,0.25,Global on,Global on
PTSD,26,3,2,4,1,CS-,CS-,59,0.03389830508474576,2,24,0.08333333333333333,Global on,Global off
PTSD,26,12,2,4,3,CS+,CS+,59,0.03389830508474576,2,24,0.08333333333333333,Global on,Safety-like
PTSD,26,19,2,4,3,ITI,ITI,59,0.03389830508474576,2,24,0.08333333333333333,Global on,Safety-like
PTSD,26,23,2,4,4,ITI,ITI,59,0.03389830508474576,2,24,0.08333333333333333,Global on,Global on
PTSD,26,30,2,4,4,ITI,ITI,59,0.03389830508474576,2,24,0.08333333333333333,Global on,Global on
PTSD,21,5,3,1,1,ITI,ITI,89,0.033707865168539325,2,24,0.08333333333333333,Global off,Global off
PTSD,21,12,3,1,3,ITI,CS+,89,0.033707865168539325,2,24,0.08333333333333333,Global off,Safety-like
PTSD,21,15,3,1,2,ITI,CS+,89,0.033707865168539325,3,24,0.125,Global off,Threat-like
PTSD,21,18,3,1,3,ITI,ITI,89,0.033707865168539325,3,24,0.125,Global off,Safety-like
PTSD,21,20,3,1,3,ITI,CS+,89,0.033707865168539325,3,24,0.125,Global off,Safety-like
PTSD,2,16,7,1,4,ITI,CS+,208,0.03365384615384615,6,24,0.25,Global off,Global on
PTSD,2,25,7,1,1,ITI,ITI,208,0.03365384615384615,6,24,0.25,Global off,Global off
PTSD,19,6,4,3,1,CS+,CS+,120,0.03333333333333333,4,24,0.16666666666666666,Safety-like,Global off
PTSD,19,16,4,3,4,ITI,ITI,120,0.03333333333333333,3,24,0.125,Safety-like,Global on
PTSD,19,24,4,3,4,ITI,ITI,120,0.03333333333333333,4,24,0.16666666666666666,Safety-like,Global on
PTSD,27,2,3,4,1,ITI,CS-,90,0.03333333333333333,3,24,0.125,Global on,Global off
PTSD,27,9,3,4,1,ITI,ITI,90,0.03333333333333333,3,24,0.125,Global on,Global off
PTSD,27,17,3,4,1,ITI,ITI,90,0.03333333333333333,2,24,0.08333333333333333,Global on,Global off
PTSD,27,24,3,4,4,ITI,CS-,90,0.03333333333333333,3,24,0.125,Global on,Global on
PTSD,27,26,3,4,4,ITI,ITI,90,0.03333333333333333,3,24,0.125,Global on,Global on
PTSD,27,29,3,4,2,CS+,ITI,90,0.03333333333333333,3,24,0.125,Global on,Threat-like
PTSD,16,3,6,4,1,CS+,ITI,182,0.03296703296703297,6,24,0.25,Global on,Global off
PTSD,16,6,6,4,1,CS-,CS-,182,0.03296703296703297,5,24,0.20833333333333334,Global on,Global off
PTSD,13,4,8,2,3,ITI,ITI,243,0.03292181069958848,7,24,0.2916666666666667,Threat-like,Safety-like
PTSD,25,4,4,1,3,ITI,CS-,122,0.03278688524590164,4,24,0.16666666666666666,Global off,Safety-like
PTSD,5,15,6,1,2,CS+,ITI,184,0.03260869565217391,3,24,0.125,Global off,Threat-like
PTSD,32,17,13,4,1,ITI,ITI,400,0.0325,11,24,0.4583333333333333,Global on,Global off
PTSD,8,7,3,3,1,CS+,CS+,93,0.03225806451612903,3,24,0.125,Safety-like,Global off
PTSD,8,16,3,3,4,CS+,CS+,93,0.03225806451612903,3,24,0.125,Safety-like,Global on
PTSD,8,19,3,3,3,ITI,ITI,93,0.03225806451612903,3,24,0.125,Safety-like,Safety-like
PTSD,8,26,3,3,4,CS+,ITI,93,0.03225806451612903,3,24,0.125,Safety-like,Global on
PTSD,30,4,3,4,3,ITI,ITI,95,0.031578947368421054,3,24,0.125,Global on,Safety-like
PTSD,30,14,3,4,2,CS-,ITI,95,0.031578947368421054,2,24,0.08333333333333333,Global on,Threat-like
PTSD,10,23,2,1,4,ITI,CS+,64,0.03125,2,24,0.08333333333333333,Global off,Global on
PTSD,10,25,2,1,1,CS-,ITI,64,0.03125,2,24,0.08333333333333333,Global off,Global off
PTSD,10,31,2,1,4,CS+,CS+,64,0.03125,2,24,0.08333333333333333,Global off,Global on
PTSD,12,2,2,3,1,CS+,CS+,64,0.03125,2,24,0.08333333333333333,Safety-like,Global off
PTSD,12,9,2,3,1,CS-,ITI,64,0.03125,2,24,0.08333333333333333,Safety-like,Global off
PTSD,12,25,2,3,1,CS+,CS-,64,0.03125,2,24,0.08333333333333333,Safety-like,Global off
PTSD,12,29,2,3,2,ITI,CS+,64,0.03125,2,24,0.08333333333333333,Safety-like,Threat-like
PTSD,12,31,2,3,4,CS+,CS+,64,0.03125,2,24,0.08333333333333333,Safety-like,Global on
PTSD,1,6,12,1,1,ITI,ITI,385,0.03116883116883117,10,24,0.4166666666666667,Global off,Global off
PTSD,1,19,12,1,3,ITI,ITI,385,0.03116883116883117,9,24,0.375,Global off,Safety-like
PTSD,4,16,6,3,4,ITI,CS+,195,0.03076923076923077,5,24,0.20833333333333334,Safety-like,Global on
PTSD,4,18,6,3,3,ITI,ITI,195,0.03076923076923077,6,24,0.25,Safety-like,Safety-like
PTSD,4,19,6,3,3,ITI,ITI,195,0.03076923076923077,5,24,0.20833333333333334,Safety-like,Safety-like
PTSD,4,28,6,3,4,ITI,ITI,195,0.03076923076923077,5,24,0.20833333333333334,Safety-like,Global on
PTSD,4,30,6,3,4,ITI,ITI,195,0.03076923076923077,5,24,0.20833333333333334,Safety-like,Global on
PTSD,3,23,3,1,4,CS+,ITI,99,0.030303030303030304,3,24,0.125,Global off,Global on
PTSD,3,24,3,1,4,ITI,ITI,99,0.030303030303030304,2,24,0.08333333333333333,Global off,Global on
PTSD,3,29,3,1,2,ITI,CS+,99,0.030303030303030304,3,24,0.125,Global off,Threat-like
PTSD,32,2,12,4,1,CS-,CS-,400,0.03,10,24,0.4166666666666667,Global on,Global off
PTSD,20,29,7,3,2,ITI,ITI,238,0.029411764705882353,6,24,0.25,Safety-like,Threat-like
PTSD,20,31,7,3,4,ITI,ITI,238,0.029411764705882353,6,24,0.25,Safety-like,Global on
PTSD,31,1,6,4,1,CS-,ITI,206,0.02912621359223301,6,24,0.25,Global on,Global off
PTSD,31,13,6,4,2,CS-,ITI,206,0.02912621359223301,5,24,0.20833333333333334,Global on,Threat-like
PTSD,31,19,6,4,3,ITI,ITI,206,0.02912621359223301,5,24,0.20833333333333334,Global on,Safety-like
PTSD,31,25,6,4,1,ITI,CS+,206,0.02912621359223301,6,24,0.25,Global on,Global off
PTSD,29,12,5,2,3,CS+,CS+,172,0.029069767441860465,4,24,0.16666666666666666,Threat-like,Safety-like
PTSD,29,19,5,2,3,CS-,CS-,172,0.029069767441860465,3,24,0.125,Threat-like,Safety-like
PTSD,17,8,5,1,3,ITI,ITI,173,0.028901734104046242,4,24,0.16666666666666666,Global off,Safety-like
PTSD,13,17,7,2,1,CS+,ITI,243,0.02880658436213992,6,24,0.25,Threat-like,Global off
PTSD,1,14,11,1,2,ITI,ITI,385,0.02857142857142857,10,24,0.4166666666666667,Global off,Threat-like
PTSD,1,21,11,1,1,CS+,ITI,385,0.02857142857142857,11,24,0.4583333333333333,Global off,Global off
PTSD,16,5,5,4,1,CS-,CS-,182,0.027472527472527472,4,24,0.16666666666666666,Global on,Global off
PTSD,16,9,5,4,1,CS-,ITI,182,0.027472527472527472,5,24,0.20833333333333334,Global on,Global off
PTSD,16,20,5,4,3,ITI,ITI,182,0.027472527472527472,5,24,0.20833333333333334,Global on,Safety-like
PTSD,24,6,4,4,1,ITI,ITI,146,0.0273972602739726,4,24,0.16666666666666666,Global on,Global off
PTSD,24,17,4,4,1,ITI,ITI,146,0.0273972602739726,4,24,0.16666666666666666,Global on,Global off
PTSD,24,29,4,4,2,CS+,ITI,146,0.0273972602739726,4,24,0.16666666666666666,Global on,Threat-like
PTSD,23,2,2,4,1,CS+,CS+,73,0.0273972602739726,2,24,0.08333333333333333,Global on,Global off
PTSD,23,13,2,4,2,CS-,CS-,73,0.0273972602739726,2,24,0.08333333333333333,Global on,Threat-like
PTSD,23,16,2,4,4,CS+,CS+,73,0.0273972602739726,1,24,0.041666666666666664,Global on,Global on
PTSD,23,17,2,4,1,ITI,ITI,73,0.0273972602739726,2,24,0.08333333333333333,Global on,Global off
PTSD,23,19,2,4,3,CS+,ITI,73,0.0273972602739726,2,24,0.08333333333333333,Global on,Safety-like
PTSD,23,28,2,4,4,ITI,ITI,73,0.0273972602739726,2,24,0.08333333333333333,Global on,Global on
PTSD,9,5,4,1,1,ITI,ITI,147,0.027210884353741496,4,24,0.16666666666666666,Global off,Global off
PTSD,9,10,4,1,1,CS-,ITI,147,0.027210884353741496,4,24,0.16666666666666666,Global off,Global off
PTSD,9,16,4,1,4,ITI,CS+,147,0.027210884353741496,4,24,0.16666666666666666,Global off,Global on
PTSD,9,24,4,1,4,CS-,ITI,147,0.027210884353741496,4,24,0.16666666666666666,Global off,Global on
PTSD,9,26,4,1,4,ITI,ITI,147,0.027210884353741496,3,24,0.125,Global off,Global on
PTSD,5,21,5,1,1,ITI,ITI,184,0.02717391304347826,5,24,0.20833333333333334,Global off,Global off
PTSD,5,24,5,1,4,ITI,ITI,184,0.02717391304347826,5,24,0.20833333333333334,Global off,Global on
PTSD,5,27,5,1,4,CS+,ITI,184,0.02717391304347826,5,24,0.20833333333333334,Global off,Global on
PTSD,5,29,5,1,2,CS-,CS-,184,0.02717391304347826,5,24,0.20833333333333334,Global off,Threat-like
PTSD,18,4,2,3,3,ITI,CS+,77,0.025974025974025976,2,24,0.08333333333333333,Safety-like,Safety-like
PTSD,18,5,2,3,1,ITI,ITI,77,0.025974025974025976,2,24,0.08333333333333333,Safety-like,Global off
PTSD,18,8,2,3,3,CS+,CS-,77,0.025974025974025976,2,24,0.08333333333333333,Safety-like,Safety-like
PTSD,18,9,2,3,1,CS-,ITI,77,0.025974025974025976,2,24,0.08333333333333333,Safety-like,Global off
PTSD,18,14,2,3,2,ITI,CS+,77,0.025974025974025976,2,24,0.08333333333333333,Safety-like,Threat-like
PTSD,18,21,2,3,1,ITI,CS-,77,0.025974025974025976,2,24,0.08333333333333333,Safety-like,Global off
PTSD,18,24,2,3,4,CS+,CS+,77,0.025974025974025976,2,24,0.08333333333333333,Safety-like,Global on
PTSD,18,30,2,3,4,ITI,CS+,77,0.025974025974025976,2,24,0.08333333333333333,Safety-like,Global on
PTSD,4,10,5,3,1,ITI,ITI,195,0.02564102564102564,5,24,0.20833333333333334,Safety-like,Global off
PTSD,20,6,6,3,1,ITI,CS-,238,0.025210084033613446,5,24,0.20833333333333334,Safety-like,Global off
PTSD,20,27,6,3,4,CS-,ITI,238,0.025210084033613446,6,24,0.25,Safety-like,Global on
PTSD,32,9,10,4,1,CS-,ITI,400,0.025,9,24,0.375,Global on,Global off
PTSD,32,27,10,4,4,ITI,ITI,400,0.025,8,24,0.3333333333333333,Global on,Global on
PTSD,19,5,3,3,1,ITI,ITI,120,0.025,3,24,0.125,Safety-like,Global off
PTSD,19,18,3,3,3,CS-,CS-,120,0.025,2,24,0.08333333333333333,Safety-like,Safety-like
PTSD,19,23,3,3,4,ITI,ITI,120,0.025,3,24,0.125,Safety-like,Global on
PTSD,11,2,1,1,1,CS+,CS+,40,0.025,1,24,0.041666666666666664,Global off,Global off
PTSD,11,3,1,1,1,CS-,ITI,40,0.025,1,24,0.041666666666666664,Global off,Global off
PTSD,11,5,1,1,1,ITI,CS+,40,0.025,1,24,0.041666666666666664,Global off,Global off
PTSD,11,10,1,1,1,ITI,CS-,40,0.025,1,24,0.041666666666666664,Global off,Global off
PTSD,11,12,1,1,3,CS+,CS+,40,0.025,1,24,0.041666666666666664,Global off,Safety-like
PTSD,11,14,1,1,2,ITI,CS+,40,0.025,1,24,0.041666666666666664,Global off,Threat-like
PTSD,11,27,1,1,4,ITI,ITI,40,0.025,1,24,0.041666666666666664,Global off,Global on
PTSD,11,31,1,1,4,ITI,ITI,40,0.025,1,24,0.041666666666666664,Global off,Global on
PTSD,13,3,6,2,1,ITI,ITI,243,0.024691358024691357,5,24,0.20833333333333334,Threat-like,Global off
PTSD,13,7,6,2,1,CS-,CS-,243,0.024691358024691357,6,24,0.25,Threat-like,Global off
PTSD,13,10,6,2,1,CS+,CS+,243,0.024691358024691357,6,24,0.25,Threat-like,Global off
PTSD,13,12,6,2,3,CS-,ITI,243,0.024691358024691357,5,24,0.20833333333333334,Threat-like,Safety-like
PTSD,25,2,3,1,1,CS-,CS-,122,0.02459016393442623,2,24,0.08333333333333333,Global off,Global off
PTSD,25,15,3,1,2,ITI,CS+,122,0.02459016393442623,3,24,0.125,Global off,Threat-like
PTSD,25,16,3,1,4,ITI,CS+,122,0.02459016393442623,3,24,0.125,Global off,Global on
PTSD,25,18,3,1,3,ITI,ITI,122,0.02459016393442623,3,24,0.125,Global off,Safety-like
PTSD,31,17,5,4,1,ITI,ITI,206,0.024271844660194174,3,24,0.125,Global on,Global off
PTSD,31,27,5,4,4,ITI,ITI,206,0.024271844660194174,5,24,0.20833333333333334,Global on,Global on
PTSD,31,30,5,4,4,ITI,CS-,206,0.024271844660194174,5,24,0.20833333333333334,Global on,Global on
PTSD,2,3,5,1,1,CS-,ITI,208,0.02403846153846154,4,24,0.16666666666666666,Global off,Global off
PTSD,2,8,5,1,3,CS+,CS+,208,0.02403846153846154,4,24,0.16666666666666666,Global off,Safety-like
PTSD,2,9,5,1,1,ITI,ITI,208,0.02403846153846154,4,24,0.16666666666666666,Global off,Global off
PTSD,15,3,2,2,1,CS+,ITI,84,0.023809523809523808,2,24,0.08333333333333333,Threat-like,Global off
PTSD,15,4,2,2,3,CS+,CS+,84,0.023809523809523808,2,24,0.08333333333333333,Threat-like,Safety-like
PTSD,15,12,2,2,3,CS+,CS+,84,0.023809523809523808,2,24,0.08333333333333333,Threat-like,Safety-like
PTSD,15,17,2,2,1,CS+,ITI,84,0.023809523809523808,2,24,0.08333333333333333,Threat-like,Global off
PTSD,15,30,2,2,4,CS+,CS+,84,0.023809523809523808,2,24,0.08333333333333333,Threat-like,Global on
PTSD,28,4,4,4,3,CS-,CS-,171,0.023391812865497075,4,24,0.16666666666666666,Global on,Safety-like
PTSD,28,5,4,4,1,ITI,ITI,171,0.023391812865497075,4,24,0.16666666666666666,Global on,Global off
PTSD,28,10,4,4,1,CS-,CS-,171,0.023391812865497075,3,24,0.125,Global on,Global off
PTSD,28,29,4,4,2,ITI,CS-,171,0.023391812865497075,4,24,0.16666666666666666,Global on,Threat-like
PTSD,29,4,4,2,3,ITI,ITI,172,0.023255813953488372,3,24,0.125,Threat-like,Safety-like
PTSD,29,5,4,2,1,ITI,ITI,172,0.023255813953488372,4,24,0.16666666666666666,Threat-like,Global off
PTSD,29,14,4,2,2,CS+,ITI,172,0.023255813953488372,4,24,0.16666666666666666,Threat-like,Threat-like
PTSD,29,15,4,2,2,ITI,ITI,172,0.023255813953488372,3,24,0.125,Threat-like,Threat-like
PTSD,29,17,4,2,1,CS+,ITI,172,0.023255813953488372,4,24,0.16666666666666666,Threat-like,Global off
PTSD,29,20,4,2,3,ITI,ITI,172,0.023255813953488372,3,24,0.125,Threat-like,Safety-like
PTSD,17,6,4,1,1,ITI,ITI,173,0.023121387283236993,3,24,0.125,Global off,Global off
PTSD,17,15,4,1,2,ITI,CS+,173,0.023121387283236993,4,24,0.16666666666666666,Global off,Threat-like
PTSD,17,18,4,1,3,ITI,ITI,173,0.023121387283236993,4,24,0.16666666666666666,Global off,Safety-like
PTSD,17,21,4,1,1,ITI,ITI,173,0.023121387283236993,4,24,0.16666666666666666,Global off,Global off
PTSD,6,3,2,1,1,CS-,CS-,88,0.022727272727272728,2,24,0.08333333333333333,Global off,Global off
PTSD,6,15,2,1,2,CS-,ITI,88,0.022727272727272728,1,24,0.041666666666666664,Global off,Threat-like
PTSD,6,26,2,1,4,CS+,ITI,88,0.022727272727272728,2,24,0.08333333333333333,Global off,Global on
PTSD,6,30,2,1,4,CS+,CS+,88,0.022727272727272728,2,24,0.08333333333333333,Global off,Global on
PTSD,6,31,2,1,4,CS-,CS+,88,0.022727272727272728,2,24,0.08333333333333333,Global off,Global on
PTSD,21,6,2,1,1,ITI,ITI,89,0.02247191011235955,2,24,0.08333333333333333,Global off,Global off
PTSD,21,16,2,1,4,CS-,CS-,89,0.02247191011235955,2,24,0.08333333333333333,Global off,Global on
PTSD,21,23,2,1,4,ITI,CS+,89,0.02247191011235955,2,24,0.08333333333333333,Global off,Global on
PTSD,21,24,2,1,4,CS-,CS-,89,0.02247191011235955,2,24,0.08333333333333333,Global off,Global on
PTSD,21,25,2,1,1,ITI,ITI,89,0.02247191011235955,2,24,0.08333333333333333,Global off,Global off
PTSD,21,27,2,1,4,CS-,CS-,89,0.02247191011235955,2,24,0.08333333333333333,Global off,Global on
PTSD,21,29,2,1,2,ITI,CS+,89,0.02247191011235955,2,24,0.08333333333333333,Global off,Threat-like
PTSD,27,7,2,4,1,CS+,CS+,90,0.022222222222222223,2,24,0.08333333333333333,Global on,Global off
PTSD,27,10,2,4,1,CS+,CS+,90,0.022222222222222223,2,24,0.08333333333333333,Global on,Global off
PTSD,27,16,2,4,4,ITI,ITI,90,0.022222222222222223,2,24,0.08333333333333333,Global on,Global on
PTSD,16,8,4,4,3,CS-,ITI,182,0.02197802197802198,3,24,0.125,Global on,Safety-like
PTSD,16,10,4,4,1,ITI,ITI,182,0.02197802197802198,4,24,0.16666666666666666,Global on,Global off
PTSD,16,21,4,4,1,CS-,ITI,182,0.02197802197802198,4,24,0.16666666666666666,Global on,Global off
PTSD,16,24,4,4,4,CS+,CS+,182,0.02197802197802198,3,24,0.125,Global on,Global on
PTSD,16,30,4,4,4,ITI,CS+,182,0.02197802197802198,3,24,0.125,Global on,Global on
PTSD,5,6,4,1,1,ITI,ITI,184,0.021739130434782608,4,24,0.16666666666666666,Global off,Global off
PTSD,5,19,4,1,3,CS+,ITI,184,0.021739130434782608,4,24,0.16666666666666666,Global off,Safety-like
PTSD,5,23,4,1,4,CS+,CS+,184,0.021739130434782608,3,24,0.125,Global off,Global on
PTSD,5,25,4,1,1,CS+,ITI,184,0.021739130434782608,3,24,0.125,Global off,Global off
PTSD,5,30,4,1,4,CS+,CS-,184,0.021739130434782608,4,24,0.16666666666666666,Global off,Global on
PTSD,5,31,4,1,4,CS+,ITI,184,0.021739130434782608,4,24,0.16666666666666666,Global off,Global on
PTSD,14,4,3,2,3,ITI,ITI,138,0.021739130434782608,3,24,0.125,Threat-like,Safety-like
PTSD,14,8,3,2,3,CS+,CS+,138,0.021739130434782608,3,24,0.125,Threat-like,Safety-like
PTSD,14,10,3,2,1,ITI,CS+,138,0.021739130434782608,3,24,0.125,Threat-like,Global off
PTSD,14,12,3,2,3,ITI,ITI,138,0.021739130434782608,3,24,0.125,Threat-like,Safety-like
PTSD,14,20,3,2,3,ITI,CS+,138,0.021739130434782608,3,24,0.125,Threat-like,Safety-like
PTSD,14,24,3,2,4,CS-,CS-,138,0.021739130434782608,3,24,0.125,Threat-like,Global on
PTSD,14,26,3,2,4,ITI,ITI,138,0.021739130434782608,3,24,0.125,Threat-like,Global on
PTSD,8,2,2,3,1,CS+,CS+,93,0.021505376344086023,2,24,0.08333333333333333,Safety-like,Global off
PTSD,8,3,2,3,1,CS-,ITI,93,0.021505376344086023,1,24,0.041666666666666664,Safety-like,Global off
PTSD,8,21,2,3,1,CS+,CS+,93,0.021505376344086023,2,24,0.08333333333333333,Safety-like,Global off
PTSD,8,22,2,3,4,CS-,ITI,93,0.021505376344086023,2,24,0.08333333333333333,Safety-like,Global on
PTSD,8,29,2,3,2,CS+,CS+,93,0.021505376344086023,2,24,0.08333333333333333,Safety-like,Threat-like
PTSD,30,5,2,4,1,CS+,CS+,95,0.021052631578947368,2,24,0.08333333333333333,Global on,Global off
PTSD,30,8,2,4,3,ITI,CS-,95,0.021052631578947368,2,24,0.08333333333333333,Global on,Safety-like
PTSD,30,9,2,4,1,CS+,CS+,95,0.021052631578947368,2,24,0.08333333333333333,Global on,Global off
PTSD,30,15,2,4,2,CS-,ITI,95,0.021052631578947368,2,24,0.08333333333333333,Global on,Threat-like
PTSD,30,20,2,4,3,CS+,CS+,95,0.021052631578947368,2,24,0.08333333333333333,Global on,Safety-like
PTSD,30,21,2,4,1,CS-,CS-,95,0.021052631578947368,2,24,0.08333333333333333,Global on,Global off
PTSD,30,26,2,4,4,CS+,CS-,95,0.021052631578947368,2,24,0.08333333333333333,Global on,Global on
PTSD,20,14,5,3,2,ITI,ITI,238,0.02100840336134454,4,24,0.16666666666666666,Safety-like,Threat-like
PTSD,1,12,8,1,3,ITI,ITI,385,0.02077922077922078,6,24,0.25,Global off,Safety-like
PTSD,1,24,8,1,4,ITI,ITI,385,0.02077922077922078,7,24,0.2916666666666667,Global off,Global on
PTSD,1,25,8,1,1,ITI,ITI,385,0.02077922077922078,7,24,0.2916666666666667,Global off,Global off
PTSD,13,6,5,2,1,ITI,CS+,243,0.0205761316872428,5,24,0.20833333333333334,Threat-like,Global off
PTSD,13,24,5,2,4,ITI,ITI,243,0.0205761316872428,4,24,0.16666666666666666,Threat-like,Global on
PTSD,13,25,5,2,1,CS-,ITI,243,0.0205761316872428,4,24,0.16666666666666666,Threat-like,Global off
PTSD,24,1,3,4,1,ITI,CS-,146,0.02054794520547945,3,24,0.125,Global on,Global off
PTSD,24,14,3,4,2,ITI,ITI,146,0.02054794520547945,3,24,0.125,Global on,Threat-like
PTSD,24,21,3,4,1,ITI,ITI,146,0.02054794520547945,3,24,0.125,Global on,Global off
PTSD,24,23,3,4,4,ITI,ITI,146,0.02054794520547945,2,24,0.08333333333333333,Global on,Global on
PTSD,24,30,3,4,4,ITI,ITI,146,0.02054794520547945,3,24,0.125,Global on,Global on
PTSD,4,6,4,3,1,CS-,ITI,195,0.020512820512820513,4,24,0.16666666666666666,Safety-like,Global off
PTSD,4,26,4,3,4,CS-,CS-,195,0.020512820512820513,4,24,0.16666666666666666,Safety-like,Global on
PTSD,9,14,3,1,2,ITI,ITI,147,0.02040816326530612,3,24,0.125,Global off,Threat-like
PTSD,9,21,3,1,1,CS+,ITI,147,0.02040816326530612,2,24,0.08333333333333333,Global off,Global off
PTSD,9,27,3,1,4,ITI,CS+,147,0.02040816326530612,3,24,0.125,Global off,Global on
PTSD,3,14,2,1,2,CS-,CS-,99,0.020202020202020204,2,24,0.08333333333333333,Global off,Threat-like
PTSD,3,18,2,1,3,CS+,CS+,99,0.020202020202020204,1,24,0.041666666666666664,Global off,Safety-like
PTSD,3,25,2,1,1,CS+,ITI,99,0.020202020202020204,2,24,0.08333333333333333,Global off,Global off
PTSD,3,28,2,1,4,CS-,CS-,99,0.020202020202020204,2,24,0.08333333333333333,Global off,Global on
PTSD,32,21,8,4,1,ITI,ITI,400,0.02,7,24,0.2916666666666667,Global on,Global off
PTSD,32,23,8,4,4,CS+,CS+,400,0.02,7,24,0.2916666666666667,Global on,Global on
PTSD,7,3,1,1,1,CS+,CS+,51,0.0196078431372549,1,24,0.041666666666666664,Global off,Global off
PTSD,7,9,1,1,1,ITI,ITI,51,0.0196078431372549,1,24,0.041666666666666664,Global off,Global off
PTSD,7,11,1,1,1,CS+,ITI,51,0.0196078431372549,1,24,0.041666666666666664,Global off,Global off
PTSD,7,14,1,1,2,CS-,ITI,51,0.0196078431372549,1,24,0.041666666666666664,Global off,Threat-like
PTSD,7,19,1,1,3,ITI,ITI,51,0.0196078431372549,1,24,0.041666666666666664,Global off,Safety-like
PTSD,7,20,1,1,3,ITI,ITI,51,0.0196078431372549,1,24,0.041666666666666664,Global off,Safety-like
PTSD,7,23,1,1,4,CS-,ITI,51,0.0196078431372549,1,24,0.041666666666666664,Global off,Global on
PTSD,7,25,1,1,1,ITI,ITI,51,0.0196078431372549,1,24,0.041666666666666664,Global off,Global off
PTSD,7,29,1,1,2,ITI,ITI,51,0.0196078431372549,1,24,0.041666666666666664,Global off,Threat-like
PTSD,31,5,4,4,1,CS-,CS-,206,0.019417475728155338,3,24,0.125,Global on,Global off
PTSD,31,8,4,4,3,ITI,ITI,206,0.019417475728155338,4,24,0.16666666666666666,Global on,Safety-like
PTSD,31,10,4,4,1,ITI,CS-,206,0.019417475728155338,4,24,0.16666666666666666,Global on,Global off
PTSD,31,11,4,4,1,ITI,CS+,206,0.019417475728155338,3,24,0.125,Global on,Global off
PTSD,2,23,4,1,4,ITI,CS-,208,0.019230769230769232,3,24,0.125,Global off,Global on
PTSD,2,28,4,1,4,CS-,ITI,208,0.019230769230769232,4,24,0.16666666666666666,Global off,Global on
PTSD,2,30,4,1,4,ITI,CS+,208,0.019230769230769232,4,24,0.16666666666666666,Global off,Global on
PTSD,1,8,7,1,3,ITI,CS+,385,0.01818181818181818,6,24,0.25,Global off,Safety-like
PTSD,28,8,3,4,3,CS+,ITI,171,0.017543859649122806,3,24,0.125,Global on,Safety-like
PTSD,28,9,3,4,1,ITI,ITI,171,0.017543859649122806,3,24,0.125,Global on,Global off
PTSD,28,12,3,4,3,CS+,ITI,171,0.017543859649122806,2,24,0.08333333333333333,Global on,Safety-like
PTSD,28,16,3,4,4,ITI,ITI,171,0.017543859649122806,3,24,0.125,Global on,Global on
PTSD,28,21,3,4,1,CS+,CS+,171,0.017543859649122806,3,24,0.125,Global on,Global off
PTSD,28,23,3,4,4,ITI,ITI,171,0.017543859649122806,3,24,0.125,Global on,Global on
PTSD,32,5,7,4,1,CS+,CS+,400,0.0175,5,24,0.20833333333333334,Global on,Global off
PTSD,32,15,7,4,2,ITI,CS-,400,0.0175,6,24,0.25,Global on,Threat-like
PTSD,29,2,3,2,1,CS+,CS+,172,0.01744186046511628,3,24,0.125,Threat-like,Global off
PTSD,29,3,3,2,1,CS+,CS+,172,0.01744186046511628,2,24,0.08333333333333333,Threat-like,Global off
PTSD,29,6,3,2,1,ITI,CS+,172,0.01744186046511628,3,24,0.125,Threat-like,Global off
PTSD,29,10,3,2,1,CS-,ITI,172,0.01744186046511628,3,24,0.125,Threat-like,Global off
PTSD,29,21,3,2,1,ITI,ITI,172,0.01744186046511628,2,24,0.08333333333333333,Threat-like,Global off
PTSD,17,5,3,1,1,ITI,ITI,173,0.017341040462427744,3,24,0.125,Global off,Global off
PTSD,17,7,3,1,1,ITI,ITI,173,0.017341040462427744,3,24,0.125,Global off,Global off
PTSD,17,13,3,1,2,ITI,ITI,173,0.017341040462427744,2,24,0.08333333333333333,Global off,Threat-like
PTSD,17,14,3,1,2,ITI,CS+,173,0.017341040462427744,2,24,0.08333333333333333,Global off,Threat-like
PTSD,17,16,3,1,4,ITI,CS+,173,0.017341040462427744,3,24,0.125,Global off,Global on
PTSD,17,27,3,1,4,ITI,ITI,173,0.017341040462427744,3,24,0.125,Global off,Global on
PTSD,17,30,3,1,4,ITI,CS+,173,0.017341040462427744,3,24,0.125,Global off,Global on
PTSD,17,31,3,1,4,ITI,CS+,173,0.017341040462427744,3,24,0.125,Global off,Global on
PTSD,26,1,1,4,1,ITI,ITI,59,0.01694915254237288,1,24,0.041666666666666664,Global on,Global off
PTSD,26,4,1,4,3,ITI,ITI,59,0.01694915254237288,1,24,0.041666666666666664,Global on,Safety-like
PTSD,26,11,1,4,1,CS-,CS+,59,0.01694915254237288,1,24,0.041666666666666664,Global on,Global off
PTSD,26,17,1,4,1,ITI,ITI,59,0.01694915254237288,1,24,0.041666666666666664,Global on,Global off
PTSD,26,20,1,4,3,ITI,ITI,59,0.01694915254237288,1,24,0.041666666666666664,Global on,Safety-like
PTSD,26,24,1,4,4,CS+,CS+,59,0.01694915254237288,1,24,0.041666666666666664,Global on,Global on
PTSD,26,27,1,4,4,CS+,CS+,59,0.01694915254237288,1,24,0.041666666666666664,Global on,Global on
PTSD,20,3,4,3,1,CS+,CS+,238,0.01680672268907563,4,24,0.16666666666666666,Safety-like,Global off
PTSD,20,5,4,3,1,ITI,ITI,238,0.01680672268907563,4,24,0.16666666666666666,Safety-like,Global off
PTSD,20,9,4,3,1,ITI,CS-,238,0.01680672268907563,3,24,0.125,Safety-like,Global off
PTSD,20,12,4,3,3,ITI,ITI,238,0.01680672268907563,4,24,0.16666666666666666,Safety-like,Safety-like
PTSD,20,23,4,3,4,ITI,CS+,238,0.01680672268907563,4,24,0.16666666666666666,Safety-like,Global on
PTSD,20,25,4,3,1,ITI,ITI,238,0.01680672268907563,4,24,0.16666666666666666,Safety-like,Global off
PTSD,19,2,2,3,1,CS-,ITI,120,0.016666666666666666,1,24,0.041666666666666664,Safety-like,Global off
PTSD,19,8,2,3,3,ITI,CS+,120,0.016666666666666666,2,24,0.08333333333333333,Safety-like,Safety-like
PTSD,19,15,2,3,2,CS-,CS+,120,0.016666666666666666,1,24,0.041666666666666664,Safety-like,Threat-like
PTSD,19,22,2,3,4,CS-,CS+,120,0.016666666666666666,2,24,0.08333333333333333,Safety-like,Global on
PTSD,19,26,2,3,4,CS+,ITI,120,0.016666666666666666,2,24,0.08333333333333333,Safety-like,Global on
PTSD,19,29,2,3,2,ITI,ITI,120,0.016666666666666666,2,24,0.08333333333333333,Safety-like,Threat-like
PTSD,16,27,3,4,4,ITI,ITI,182,0.016483516483516484,3,24,0.125,Global on,Global on
PTSD,13,20,4,2,3,ITI,ITI,243,0.01646090534979424,4,24,0.16666666666666666,Threat-like,Safety-like
PTSD,13,21,4,2,1,CS-,ITI,243,0.01646090534979424,4,24,0.16666666666666666,Threat-like,Global off
PTSD,13,28,4,2,4,CS+,ITI,243,0.01646090534979424,3,24,0.125,Threat-like,Global on
PTSD,25,3,2,1,1,ITI,CS+,122,0.01639344262295082,2,24,0.08333333333333333,Global off,Global off
PTSD,25,6,2,1,1,ITI,CS-,122,0.01639344262295082,2,24,0.08333333333333333,Global off,Global off
PTSD,25,19,2,1,3,ITI,CS-,122,0.01639344262295082,2,24,0.08333333333333333,Global off,Safety-like
PTSD,25,23,2,1,4,CS+,ITI,122,0.01639344262295082,2,24,0.08333333333333333,Global off,Global on
PTSD,25,24,2,1,4,ITI,ITI,122,0.01639344262295082,1,24,0.041666666666666664,Global off,Global on
PTSD,25,30,2,1,4,ITI,CS-,122,0.01639344262295082,2,24,0.08333333333333333,Global off,Global on
PTSD,5,10,3,1,1,CS+,CS+,184,0.016304347826086956,3,24,0.125,Global off,Global off
PTSD,5,17,3,1,1,ITI,ITI,184,0.016304347826086956,3,24,0.125,Global off,Global off
PTSD,5,20,3,1,3,ITI,ITI,184,0.016304347826086956,3,24,0.125,Global off,Safety-like
PTSD,10,4,1,1,3,CS-,ITI,64,0.015625,1,24,0.041666666666666664,Global off,Safety-like
PTSD,10,6,1,1,1,ITI,ITI,64,0.015625,1,24,0.041666666666666664,Global off,Global off
PTSD,10,7,1,1,1,CS+,CS+,64,0.015625,1,24,0.041666666666666664,Global off,Global off
PTSD,10,14,1,1,2,ITI,ITI,64,0.015625,1,24,0.041666666666666664,Global off,Threat-like
PTSD,10,15,1,1,2,ITI,ITI,64,0.015625,1,24,0.041666666666666664,Global off,Threat-like
PTSD,10,17,1,1,1,CS-,CS-,64,0.015625,1,24,0.041666666666666664,Global off,Global off
PTSD,10,19,1,1,3,ITI,ITI,64,0.015625,1,24,0.041666666666666664,Global off,Safety-like
PTSD,10,20,1,1,3,CS+,CS+,64,0.015625,1,24,0.041666666666666664,Global off,Safety-like
PTSD,10,26,1,1,4,ITI,CS+,64,0.015625,1,24,0.041666666666666664,Global off,Global on
PTSD,10,27,1,1,4,ITI,ITI,64,0.015625,1,24,0.041666666666666664,Global off,Global on
PTSD,10,30,1,1,4,CS+,CS+,64,0.015625,1,24,0.041666666666666664,Global off,Global on
PTSD,12,3,1,3,1,CS+,ITI,64,0.015625,1,24,0.041666666666666664,Safety-like,Global off
PTSD,12,10,1,3,1,ITI,CS+,64,0.015625,1,24,0.041666666666666664,Safety-like,Global off
PTSD,12,15,1,3,2,CS+,ITI,64,0.015625,1,24,0.041666666666666664,Safety-like,Threat-like
PTSD,12,18,1,3,3,CS+,ITI,64,0.015625,1,24,0.041666666666666664,Safety-like,Safety-like
PTSD,12,19,1,3,3,CS+,CS+,64,0.015625,1,24,0.041666666666666664,Safety-like,Safety-like
PTSD,12,23,1,3,4,ITI,ITI,64,0.015625,1,24,0.041666666666666664,Safety-like,Global on
PTSD,12,26,1,3,4,CS-,ITI,64,0.015625,1,24,0.041666666666666664,Safety-like,Global on
PTSD,12,27,1,3,4,CS+,CS+,64,0.015625,1,24,0.041666666666666664,Safety-like,Global on
PTSD,12,30,1,3,4,ITI,ITI,64,0.015625,1,24,0.041666666666666664,Safety-like,Global on
PTSD,1,23,6,1,4,CS-,CS-,385,0.015584415584415584,6,24,0.25,Global off,Global on
PTSD,1,28,6,1,4,ITI,ITI,385,0.015584415584415584,4,24,0.16666666666666666,Global off,Global on
PTSD,4,14,3,3,2,ITI,CS-,195,0.015384615384615385,3,24,0.125,Safety-like,Threat-like
PTSD,4,22,3,3,4,CS+,ITI,195,0.015384615384615385,3,24,0.125,Safety-like,Global on
PTSD,32,10,6,4,1,ITI,ITI,400,0.015,3,24,0.125,Global on,Global off
PTSD,32,11,6,4,1,ITI,ITI,400,0.015,5,24,0.20833333333333334,Global on,Global off
PTSD,31,7,3,4,1,ITI,ITI,206,0.014563106796116505,2,24,0.08333333333333333,Global on,Global off
PTSD,31,9,3,4,1,ITI,CS+,206,0.014563106796116505,3,24,0.125,Global on,Global off
PTSD,31,26,3,4,4,ITI,CS+,206,0.014563106796116505,3,24,0.125,Global on,Global on
PTSD,14,3,2,2,1,CS-,CS-,138,0.014492753623188406,2,24,0.08333333333333333,Threat-like,Global off
PTSD,14,7,2,2,1,CS+,CS+,138,0.014492753623188406,2,24,0.08333333333333333,Threat-like,Global off
PTSD,14,11,2,2,1,CS+,CS+,138,0.014492753623188406,2,24,0.08333333333333333,Threat-like,Global off
PTSD,14,18,2,2,3,ITI,ITI,138,0.014492753623188406,2,24,0.08333333333333333,Threat-like,Safety-like
PTSD,14,19,2,2,3,CS+,CS+,138,0.014492753623188406,2,24,0.08333333333333333,Threat-like,Safety-like
PTSD,14,28,2,2,4,CS-,CS-,138,0.014492753623188406,2,24,0.08333333333333333,Threat-like,Global on
PTSD,2,12,3,1,3,CS+,CS+,208,0.014423076923076924,3,24,0.125,Global off,Safety-like
PTSD,2,18,3,1,3,ITI,ITI,208,0.014423076923076924,2,24,0.08333333333333333,Global off,Safety-like
PTSD,2,21,3,1,1,ITI,ITI,208,0.014423076923076924,3,24,0.125,Global off,Global off
PTSD,2,26,3,1,4,ITI,ITI,208,0.014423076923076924,3,24,0.125,Global off,Global on
PTSD,2,29,3,1,2,ITI,ITI,208,0.014423076923076924,3,24,0.125,Global off,Threat-like
PTSD,2,31,3,1,4,ITI,ITI,208,0.014423076923076924,2,24,0.08333333333333333,Global off,Global on
PTSD,24,3,2,4,1,CS+,ITI,146,0.0136986301369863,2,24,0.08333333333333333,Global on,Global off
PTSD,24,8,2,4,3,CS-,ITI,146,0.0136986301369863,2,24,0.08333333333333333,Global on,Safety-like
PTSD,24,15,2,4,2,ITI,ITI,146,0.0136986301369863,2,24,0.08333333333333333,Global on,Threat-like
PTSD,24,19,2,4,3,CS+,ITI,146,0.0136986301369863,2,24,0.08333333333333333,Global on,Safety-like
PTSD,23,6,1,4,1,ITI,CS+,73,0.0136986301369863,1,24,0.041666666666666664,Global on,Global off
PTSD,23,10,1,4,1,ITI,CS-,73,0.0136986301369863,1,24,0.041666666666666664,Global on,Global off
PTSD,23,14,1,4,2,CS+,CS+,73,0.0136986301369863,1,24,0.041666666666666664,Global on,Threat-like
PTSD,23,15,1,4,2,ITI,ITI,73,0.0136986301369863,1,24,0.041666666666666664,Global on,Threat-like
PTSD,23,18,1,4,3,ITI,ITI,73,0.0136986301369863,1,24,0.041666666666666664,Global on,Safety-like
PTSD,23,21,1,4,1,ITI,CS-,73,0.0136986301369863,1,24,0.041666666666666664,Global on,Global off
PTSD,23,25,1,4,1,ITI,ITI,73,0.0136986301369863,1,24,0.041666666666666664,Global on,Global off
PTSD,23,27,1,4,4,ITI,CS-,73,0.0136986301369863,1,24,0.041666666666666664,Global on,Global on
PTSD,9,6,2,1,1,CS+,CS-,147,0.013605442176870748,2,24,0.08333333333333333,Global off,Global off
PTSD,9,7,2,1,1,CS-,CS-,147,0.013605442176870748,2,24,0.08333333333333333,Global off,Global off
PTSD,9,11,2,1,1,CS-,CS+,147,0.013605442176870748,2,24,0.08333333333333333,Global off,Global off
PTSD,9,18,2,1,3,ITI,ITI,147,0.013605442176870748,2,24,0.08333333333333333,Global off,Safety-like
PTSD,9,23,2,1,4,CS+,ITI,147,0.013605442176870748,2,24,0.08333333333333333,Global off,Global on
PTSD,9,30,2,1,4,CS+,CS+,147,0.013605442176870748,2,24,0.08333333333333333,Global off,Global on
PTSD,1,11,5,1,1,ITI,CS+,385,0.012987012987012988,4,24,0.16666666666666666,Global off,Global off
PTSD,1,18,5,1,3,CS-,ITI,385,0.012987012987012988,5,24,0.20833333333333334,Global off,Safety-like
PTSD,18,3,1,3,1,CS-,ITI,77,0.012987012987012988,1,24,0.041666666666666664,Safety-like,Global off
PTSD,18,6,1,3,1,ITI,ITI,77,0.012987012987012988,1,24,0.041666666666666664,Safety-like,Global off
PTSD,18,7,1,3,1,CS-,ITI,77,0.012987012987012988,1,24,0.041666666666666664,Safety-like,Global off
PTSD,18,12,1,3,3,ITI,CS-,77,0.012987012987012988,1,24,0.041666666666666664,Safety-like,Safety-like
PTSD,18,25,1,3,1,ITI,ITI,77,0.012987012987012988,1,24,0.041666666666666664,Safety-like,Global off
PTSD,18,26,1,3,4,ITI,ITI,77,0.012987012987012988,1,24,0.041666666666666664,Safety-like,Global on
PTSD,18,27,1,3,4,ITI,CS-,77,0.012987012987012988,1,24,0.041666666666666664,Safety-like,Global on
PTSD,18,28,1,3,4,ITI,CS-,77,0.012987012987012988,1,24,0.041666666666666664,Safety-like,Global on
PTSD,20,10,3,3,1,ITI,ITI,238,0.012605042016806723,3,24,0.125,Safety-like,Global off
PTSD,20,13,3,3,2,ITI,CS+,238,0.012605042016806723,2,24,0.08333333333333333,Safety-like,Threat-like
PTSD,20,16,3,3,4,ITI,ITI,238,0.012605042016806723,3,24,0.125,Safety-like,Global on
PTSD,20,21,3,3,1,CS+,ITI,238,0.012605042016806723,3,24,0.125,Safety-like,Global off
PTSD,20,26,3,3,4,ITI,ITI,238,0.012605042016806723,3,24,0.125,Safety-like,Global on
PTSD,20,30,3,3,4,ITI,CS-,238,0.012605042016806723,1,24,0.041666666666666664,Safety-like,Global on
PTSD,32,8,5,4,3,CS+,CS+,400,0.0125,5,24,0.20833333333333334,Global on,Safety-like
PTSD,32,12,5,4,3,ITI,ITI,400,0.0125,5,24,0.20833333333333334,Global on,Safety-like
PTSD,15,10,1,2,1,CS-,CS-,84,0.011904761904761904,1,24,0.041666666666666664,Threat-like,Global off
PTSD,15,19,1,2,3,ITI,ITI,84,0.011904761904761904,1,24,0.041666666666666664,Threat-like,Safety-like
PTSD,15,24,1,2,4,CS+,CS+,84,0.011904761904761904,1,24,0.041666666666666664,Threat-like,Global on
PTSD,15,25,1,2,1,ITI,ITI,84,0.011904761904761904,1,24,0.041666666666666664,Threat-like,Global off
PTSD,28,3,2,4,1,CS-,CS-,171,0.011695906432748537,2,24,0.08333333333333333,Global on,Global off
PTSD,28,6,2,4,1,ITI,CS+,171,0.011695906432748537,2,24,0.08333333333333333,Global on,Global off
PTSD,28,11,2,4,1,CS-,CS-,171,0.011695906432748537,2,24,0.08333333333333333,Global on,Global off
PTSD,28,24,2,4,4,CS+,CS+,171,0.011695906432748537,2,24,0.08333333333333333,Global on,Global on
PTSD,29,7,2,2,1,CS-,CS-,172,0.011627906976744186,2,24,0.08333333333333333,Threat-like,Global off
PTSD,29,8,2,2,3,CS+,ITI,172,0.011627906976744186,1,24,0.041666666666666664,Threat-like,Safety-like
PTSD,29,22,2,2,4,CS+,ITI,172,0.011627906976744186,2,24,0.08333333333333333,Threat-like,Global on
PTSD,29,23,2,2,4,ITI,CS-,172,0.011627906976744186,2,24,0.08333333333333333,Threat-like,Global on
PTSD,29,26,2,2,4,ITI,ITI,172,0.011627906976744186,2,24,0.08333333333333333,Threat-like,Global on
PTSD,17,10,2,1,1,ITI,CS-,173,0.011560693641618497,2,24,0.08333333333333333,Global off,Global off
PTSD,17,11,2,1,1,ITI,ITI,173,0.011560693641618497,2,24,0.08333333333333333,Global off,Global off
PTSD,17,12,2,1,3,CS+,CS-,173,0.011560693641618497,2,24,0.08333333333333333,Global off,Safety-like
PTSD,17,22,2,1,4,ITI,ITI,173,0.011560693641618497,2,24,0.08333333333333333,Global off,Global on
PTSD,17,23,2,1,4,CS+,ITI,173,0.011560693641618497,1,24,0.041666666666666664,Global off,Global on
PTSD,17,26,2,1,4,ITI,CS+,173,0.011560693641618497,2,24,0.08333333333333333,Global off,Global on
PTSD,6,4,1,1,3,ITI,ITI,88,0.011363636363636364,1,24,0.041666666666666664,Global off,Safety-like
PTSD,6,7,1,1,1,ITI,ITI,88,0.011363636363636364,1,24,0.041666666666666664,Global off,Global off
PTSD,6,10,1,1,1,ITI,CS+,88,0.011363636363636364,1,24,0.041666666666666664,Global off,Global off
PTSD,6,11,1,1,1,CS+,CS+,88,0.011363636363636364,1,24,0.041666666666666664,Global off,Global off
PTSD,6,22,1,1,4,CS+,CS+,88,0.011363636363636364,1,24,0.041666666666666664,Global off,Global on
PTSD,6,23,1,1,4,CS+,CS+,88,0.011363636363636364,1,24,0.041666666666666664,Global off,Global on
PTSD,6,28,1,1,4,CS-,CS-,88,0.011363636363636364,1,24,0.041666666666666664,Global off,Global on
PTSD,21,3,1,1,1,ITI,ITI,89,0.011235955056179775,1,24,0.041666666666666664,Global off,Global off
PTSD,21,8,1,1,3,CS+,CS+,89,0.011235955056179775,1,24,0.041666666666666664,Global off,Safety-like
PTSD,21,11,1,1,1,ITI,ITI,89,0.011235955056179775,1,24,0.041666666666666664,Global off,Global off
PTSD,21,14,1,1,2,ITI,CS-,89,0.011235955056179775,1,24,0.041666666666666664,Global off,Threat-like
PTSD,21,22,1,1,4,CS-,ITI,89,0.011235955056179775,1,24,0.041666666666666664,Global off,Global on
PTSD,27,3,1,4,1,ITI,ITI,90,0.011111111111111112,1,24,0.041666666666666664,Global on,Global off
PTSD,27,5,1,4,1,CS-,ITI,90,0.011111111111111112,1,24,0.041666666666666664,Global on,Global off
PTSD,27,6,1,4,1,ITI,ITI,90,0.011111111111111112,1,24,0.041666666666666664,Global on,Global off
PTSD,27,8,1,4,3,CS-,CS-,90,0.011111111111111112,1,24,0.041666666666666664,Global on,Safety-like
PTSD,27,11,1,4,1,CS+,ITI,90,0.011111111111111112,1,24,0.041666666666666664,Global on,Global off
PTSD,27,12,1,4,3,CS+,ITI,90,0.011111111111111112,1,24,0.041666666666666664,Global on,Safety-like
PTSD,27,13,1,4,2,ITI,CS+,90,0.011111111111111112,1,24,0.041666666666666664,Global on,Threat-like
PTSD,27,14,1,4,2,ITI,ITI,90,0.011111111111111112,1,24,0.041666666666666664,Global on,Threat-like
PTSD,27,23,1,4,4,ITI,ITI,90,0.011111111111111112,1,24,0.041666666666666664,Global on,Global on
PTSD,27,30,1,4,4,CS-,CS-,90,0.011111111111111112,1,24,0.041666666666666664,Global on,Global on
PTSD,16,7,2,4,1,CS-,ITI,182,0.01098901098901099,2,24,0.08333333333333333,Global on,Global off
PTSD,16,11,2,4,1,CS+,CS+,182,0.01098901098901099,2,24,0.08333333333333333,Global on,Global off
PTSD,16,22,2,4,4,CS-,CS-,182,0.01098901098901099,2,24,0.08333333333333333,Global on,Global on
PTSD,16,23,2,4,4,CS+,ITI,182,0.01098901098901099,2,24,0.08333333333333333,Global on,Global on
PTSD,16,26,2,4,4,CS+,CS+,182,0.01098901098901099,2,24,0.08333333333333333,Global on,Global on
PTSD,5,2,2,1,1,ITI,CS+,184,0.010869565217391304,2,24,0.08333333333333333,Global off,Global off
PTSD,5,3,2,1,1,CS+,CS-,184,0.010869565217391304,2,24,0.08333333333333333,Global off,Global off
PTSD,5,12,2,1,3,ITI,CS+,184,0.010869565217391304,2,24,0.08333333333333333,Global off,Safety-like
PTSD,8,9,1,3,1,ITI,ITI,93,0.010752688172043012,1,24,0.041666666666666664,Safety-like,Global off
PTSD,8,10,1,3,1,ITI,CS-,93,0.010752688172043012,1,24,0.041666666666666664,Safety-like,Global off
PTSD,8,11,1,3,1,ITI,CS+,93,0.010752688172043012,1,24,0.041666666666666664,Safety-like,Global off
PTSD,8,12,1,3,3,ITI,ITI,93,0.010752688172043012,1,24,0.041666666666666664,Safety-like,Safety-like
PTSD,8,15,1,3,2,CS-,ITI,93,0.010752688172043012,1,24,0.041666666666666664,Safety-like,Threat-like
PTSD,8,23,1,3,4,CS-,ITI,93,0.010752688172043012,1,24,0.041666666666666664,Safety-like,Global on
PTSD,8,25,1,3,1,ITI,ITI,93,0.010752688172043012,1,24,0.041666666666666664,Safety-like,Global off
PTSD,8,27,1,3,4,ITI,ITI,93,0.010752688172043012,1,24,0.041666666666666664,Safety-like,Global on
PTSD,8,30,1,3,4,ITI,ITI,93,0.010752688172043012,1,24,0.041666666666666664,Safety-like,Global on
PTSD,8,31,1,3,4,ITI,ITI,93,0.010752688172043012,1,24,0.041666666666666664,Safety-like,Global on
PTSD,30,11,1,4,1,CS-,CS-,95,0.010526315789473684,1,24,0.041666666666666664,Global on,Global off
PTSD,30,18,1,4,3,CS+,ITI,95,0.010526315789473684,1,24,0.041666666666666664,Global on,Safety-like
PTSD,30,19,1,4,3,ITI,ITI,95,0.010526315789473684,1,24,0.041666666666666664,Global on,Safety-like
PTSD,30,22,1,4,4,CS-,CS-,95,0.010526315789473684,1,24,0.041666666666666664,Global on,Global on
PTSD,30,27,1,4,4,CS+,ITI,95,0.010526315789473684,1,24,0.041666666666666664,Global on,Global on
PTSD,30,28,1,4,4,ITI,ITI,95,0.010526315789473684,1,24,0.041666666666666664,Global on,Global on
PTSD,1,10,4,1,1,CS-,CS-,385,0.01038961038961039,4,24,0.16666666666666666,Global off,Global off
PTSD,1,26,4,1,4,ITI,ITI,385,0.01038961038961039,4,24,0.16666666666666666,Global off,Global on
PTSD,4,7,2,3,1,CS+,ITI,195,0.010256410256410256,2,24,0.08333333333333333,Safety-like,Global off
PTSD,4,21,2,3,1,ITI,CS+,195,0.010256410256410256,2,24,0.08333333333333333,Safety-like,Global off
PTSD,4,27,2,3,4,ITI,ITI,195,0.010256410256410256,2,24,0.08333333333333333,Safety-like,Global on
PTSD,4,29,2,3,2,CS+,CS+,195,0.010256410256410256,2,24,0.08333333333333333,Safety-like,Threat-like
PTSD,3,6,1,1,1,ITI,CS+,99,0.010101010101010102,1,24,0.041666666666666664,Global off,Global off
PTSD,3,7,1,1,1,CS+,ITI,99,0.010101010101010102,1,24,0.041666666666666664,Global off,Global off
PTSD,3,8,1,1,3,CS-,ITI,99,0.010101010101010102,1,24,0.041666666666666664,Global off,Safety-like
PTSD,3,10,1,1,1,CS+,ITI,99,0.010101010101010102,1,24,0.041666666666666664,Global off,Global off
PTSD,3,15,1,1,2,ITI,ITI,99,0.010101010101010102,1,24,0.041666666666666664,Global off,Threat-like
PTSD,3,21,1,1,1,ITI,CS-,99,0.010101010101010102,1,24,0.041666666666666664,Global off,Global off
PTSD,3,26,1,1,4,ITI,ITI,99,0.010101010101010102,1,24,0.041666666666666664,Global off,Global on
PTSD,3,27,1,1,4,ITI,ITI,99,0.010101010101010102,1,24,0.041666666666666664,Global off,Global on
PTSD,3,30,1,1,4,CS+,CS+,99,0.010101010101010102,1,24,0.041666666666666664,Global off,Global on
PTSD,32,19,4,4,3,ITI,ITI,400,0.01,4,24,0.16666666666666666,Global on,Safety-like
PTSD,32,22,4,4,4,CS+,ITI,400,0.01,4,24,0.16666666666666666,Global on,Global on
PTSD,31,21,2,4,1,ITI,ITI,206,0.009708737864077669,2,24,0.08333333333333333,Global on,Global off
PTSD,2,10,2,1,1,CS+,ITI,208,0.009615384615384616,2,24,0.08333333333333333,Global off,Global off
PTSD,2,11,2,1,1,CS+,ITI,208,0.009615384615384616,2,24,0.08333333333333333,Global off,Global off
PTSD,2,19,2,1,3,CS-,CS-,208,0.009615384615384616,1,24,0.041666666666666664,Global off,Safety-like
PTSD,20,7,2,3,1,ITI,CS-,238,0.008403361344537815,2,24,0.08333333333333333,Safety-like,Global off
PTSD,20,8,2,3,3,CS-,CS-,238,0.008403361344537815,2,24,0.08333333333333333,Safety-like,Safety-like
PTSD,20,22,2,3,4,ITI,ITI,238,0.008403361344537815,2,24,0.08333333333333333,Safety-like,Global on
PTSD,19,3,1,3,1,ITI,CS+,120,0.008333333333333333,1,24,0.041666666666666664,Safety-like,Global off
PTSD,19,7,1,3,1,ITI,CS+,120,0.008333333333333333,1,24,0.041666666666666664,Safety-like,Global off
PTSD,19,9,1,3,1,ITI,ITI,120,0.008333333333333333,1,24,0.041666666666666664,Safety-like,Global off
PTSD,19,10,1,3,1,ITI,CS-,120,0.008333333333333333,1,24,0.041666666666666664,Safety-like,Global off
PTSD,19,11,1,3,1,CS+,ITI,120,0.008333333333333333,1,24,0.041666666666666664,Safety-like,Global off
PTSD,19,13,1,3,2,ITI,ITI,120,0.008333333333333333,1,24,0.041666666666666664,Safety-like,Threat-like
PTSD,19,14,1,3,2,CS+,CS+,120,0.008333333333333333,1,24,0.041666666666666664,Safety-like,Threat-like
PTSD,19,21,1,3,1,ITI,CS+,120,0.008333333333333333,1,24,0.041666666666666664,Safety-like,Global off
PTSD,13,23,2,2,4,CS+,ITI,243,0.00823045267489712,2,24,0.08333333333333333,Threat-like,Global on
PTSD,13,26,2,2,4,CS+,ITI,243,0.00823045267489712,2,24,0.08333333333333333,Threat-like,Global on
PTSD,13,30,2,2,4,ITI,CS-,243,0.00823045267489712,2,24,0.08333333333333333,Threat-like,Global on
PTSD,25,8,1,1,3,ITI,CS+,122,0.00819672131147541,1,24,0.041666666666666664,Global off,Safety-like
PTSD,25,11,1,1,1,CS+,ITI,122,0.00819672131147541,1,24,0.041666666666666664,Global off,Global off
PTSD,25,14,1,1,2,ITI,ITI,122,0.00819672131147541,1,24,0.041666666666666664,Global off,Threat-like
PTSD,25,26,1,1,4,ITI,ITI,122,0.00819672131147541,1,24,0.041666666666666664,Global off,Global on
PTSD,1,7,3,1,1,CS-,ITI,385,0.007792207792207792,3,24,0.125,Global off,Global off
PTSD,1,27,3,1,4,ITI,ITI,385,0.007792207792207792,3,24,0.125,Global off,Global on
PTSD,32,6,3,4,1,CS+,CS+,400,0.0075,3,24,0.125,Global on,Global off
PTSD,14,6,1,2,1,CS-,CS-,138,0.007246376811594203,1,24,0.041666666666666664,Threat-like,Global off
PTSD,14,21,1,2,1,ITI,ITI,138,0.007246376811594203,1,24,0.041666666666666664,Threat-like,Global off
PTSD,14,22,1,2,4,ITI,ITI,138,0.007246376811594203,1,24,0.041666666666666664,Threat-like,Global on
PTSD,14,30,1,2,4,ITI,ITI,138,0.007246376811594203,1,24,0.041666666666666664,Threat-like,Global on
PTSD,24,7,1,4,1,CS-,CS-,146,0.00684931506849315,1,24,0.041666666666666664,Global on,Global off
PTSD,24,9,1,4,1,CS+,CS+,146,0.00684931506849315,1,24,0.041666666666666664,Global on,Global off
PTSD,24,10,1,4,1,ITI,ITI,146,0.00684931506849315,1,24,0.041666666666666664,Global on,Global off
PTSD,24,12,1,4,3,ITI,CS+,146,0.00684931506849315,1,24,0.041666666666666664,Global on,Safety-like
PTSD,24,22,1,4,4,ITI,ITI,146,0.00684931506849315,1,24,0.041666666666666664,Global on,Global on
PTSD,24,25,1,4,1,CS+,ITI,146,0.00684931506849315,1,24,0.041666666666666664,Global on,Global off
PTSD,24,26,1,4,4,ITI,ITI,146,0.00684931506849315,1,24,0.041666666666666664,Global on,Global on
PTSD,9,8,1,1,3,ITI,ITI,147,0.006802721088435374,1,24,0.041666666666666664,Global off,Safety-like
PTSD,9,15,1,1,2,ITI,CS-,147,0.006802721088435374,1,24,0.041666666666666664,Global off,Threat-like
PTSD,9,20,1,1,3,ITI,CS+,147,0.006802721088435374,1,24,0.041666666666666664,Global off,Safety-like
PTSD,9,28,1,1,4,CS+,ITI,147,0.006802721088435374,1,24,0.041666666666666664,Global off,Global on
PTSD,28,14,1,4,2,CS+,CS+,171,0.005847953216374269,1,24,0.041666666666666664,Global on,Threat-like
PTSD,29,11,1,2,1,ITI,CS+,172,0.005813953488372093,1,24,0.041666666666666664,Threat-like,Global off
PTSD,29,18,1,2,3,CS-,ITI,172,0.005813953488372093,1,24,0.041666666666666664,Threat-like,Safety-like
PTSD,16,12,1,4,3,CS-,ITI,182,0.005494505494505495,1,24,0.041666666666666664,Global on,Safety-like
PTSD,16,18,1,4,3,ITI,CS+,182,0.005494505494505495,1,24,0.041666666666666664,Global on,Safety-like
PTSD,5,18,1,1,3,ITI,ITI,184,0.005434782608695652,1,24,0.041666666666666664,Global off,Safety-like
PTSD,5,22,1,1,4,CS-,CS-,184,0.005434782608695652,1,24,0.041666666666666664,Global off,Global on
PTSD,5,26,1,1,4,ITI,ITI,184,0.005434782608695652,1,24,0.041666666666666664,Global off,Global on
PTSD,5,28,1,1,4,CS-,ITI,184,0.005434782608695652,1,24,0.041666666666666664,Global off,Global on
PTSD,1,15,2,1,2,CS+,ITI,385,0.005194805194805195,2,24,0.08333333333333333,Global off,Threat-like
PTSD,1,30,2,1,4,ITI,CS+,385,0.005194805194805195,2,24,0.08333333333333333,Global off,Global on
PTSD,4,11,1,3,1,ITI,CS+,195,0.005128205128205128,1,24,0.041666666666666664,Safety-like,Global off
PTSD,4,13,1,3,2,CS-,ITI,195,0.005128205128205128,1,24,0.041666666666666664,Safety-like,Threat-like
PTSD,4,15,1,3,2,CS+,CS+,195,0.005128205128205128,1,24,0.041666666666666664,Safety-like,Threat-like
PTSD,4,23,1,3,4,ITI,CS+,195,0.005128205128205128,1,24,0.041666666666666664,Safety-like,Global on
PTSD,32,7,2,4,1,CS-,CS-,400,0.005,2,24,0.08333333333333333,Global on,Global off
PTSD,32,18,2,4,3,CS-,ITI,400,0.005,2,24,0.08333333333333333,Global on,Safety-like
PTSD,32,26,2,4,4,CS+,CS+,400,0.005,2,24,0.08333333333333333,Global on,Global on
PTSD,31,3,1,4,1,CS+,CS+,206,0.0048543689320388345,1,24,0.041666666666666664,Global on,Global off
PTSD,31,6,1,4,1,ITI,CS-,206,0.0048543689320388345,1,24,0.041666666666666664,Global on,Global off
PTSD,31,12,1,4,3,CS-,CS-,206,0.0048543689320388345,1,24,0.041666666666666664,Global on,Safety-like
PTSD,31,18,1,4,3,ITI,ITI,206,0.0048543689320388345,1,24,0.041666666666666664,Global on,Safety-like
PTSD,31,22,1,4,4,ITI,CS+,206,0.0048543689320388345,1,24,0.041666666666666664,Global on,Global on
PTSD,2,7,1,1,1,ITI,CS+,208,0.004807692307692308,1,24,0.041666666666666664,Global off,Global off
PTSD,2,15,1,1,2,ITI,CS+,208,0.004807692307692308,1,24,0.041666666666666664,Global off,Threat-like
PTSD,2,22,1,1,4,CS-,ITI,208,0.004807692307692308,1,24,0.041666666666666664,Global off,Global on
PTSD,20,11,1,3,1,ITI,ITI,238,0.004201680672268907,1,24,0.041666666666666664,Safety-like,Global off
PTSD,20,15,1,3,2,ITI,CS-,238,0.004201680672268907,1,24,0.041666666666666664,Safety-like,Threat-like
PTSD,13,11,1,2,1,CS-,ITI,243,0.00411522633744856,1,24,0.041666666666666664,Threat-like,Global off
PTSD,13,19,1,2,3,CS+,CS+,243,0.00411522633744856,1,24,0.041666666666666664,Threat-like,Safety-like
PTSD,13,22,1,2,4,ITI,ITI,243,0.00411522633744856,1,24,0.041666666666666664,Threat-like,Global on
PTSD,1,22,1,1,4,CS-,ITI,385,0.0025974025974025974,1,24,0.041666666666666664,Global off,Global on
PTSD,32,3,1,4,1,ITI,ITI,400,0.0025,1,24,0.041666666666666664,Global on,Global off
