source,target,source_basin_PTSD,target_basin_PTSD,source_basin_label_PTSD,target_basin_label_PTSD,count_PTSD,source_total_PTSD,probability_PTSD,subject_support_count_PTSD,subject_support_prop_PTSD,most_common_source_event_PTSD,most_common_target_event_PTSD,source_basin_HC,target_basin_HC,source_basin_label_HC,target_basin_label_HC,count_HC,source_total_HC,probability_HC,subject_support_count_HC,subject_support_prop_HC,most_common_source_event_HC,most_common_target_event_HC,source_basin,target_basin,source_basin_label,target_basin_label,PTSD_minus_HC_count,PTSD_minus_HC_probability,PTSD_minus_HC_subject_support_count,PTSD_minus_HC_subject_support_prop,abs_probability_difference
31,32,4.0,4.0,Global on,Global on,34.0,112.0,0.30357142857142855,18.0,0.75,ITI,ITI,4.0,4.0,Global on,Global on,12.0,109.0,0.11009174311926606,10.0,0.4166666666666667,ITI,CS-,4.0,4.0,Global on,Global on,22.0,0.1934796854521625,8.0,0.3333333333333333,0.1934796854521625
17,1,1.0,1.0,Global off,Global off,20.0,96.0,0.20833333333333334,11.0,0.4583333333333333,ITI,ITI,1.0,1.0,Global off,Global off,11.0,119.0,0.09243697478991597,9.0,0.375,ITI,CS+,1.0,1.0,Global off,Global off,9.0,0.11589635854341737,2.0,0.08333333333333331,0.11589635854341737
4,2,3.0,1.0,Safety-like,Global off,13.0,107.0,0.12149532710280374,10.0,0.4166666666666667,ITI,ITI,3.0,1.0,Safety-like,Global off,1.0,108.0,0.009259259259259259,1.0,0.041666666666666664,ITI,CS-,3.0,1.0,Safety-like,Global off,12.0,0.11223606784354448,9.0,0.375,0.11223606784354448
6,5,0.0,0.0,0,0,0.0,0.0,0.0,0.0,0.0,0,0,1.0,1.0,Global off,Global off,5.0,47.0,0.10638297872340426,4.0,0.16666666666666666,ITI,CS+,1.0,1.0,Global off,Global off,-5.0,-0.10638297872340426,-4.0,-0.16666666666666666,0.10638297872340426
23,20,4.0,3.0,Global on,Safety-like,6.0,50.0,0.12,5.0,0.20833333333333334,ITI,ITI,4.0,3.0,Global on,Safety-like,1.0,44.0,0.022727272727272728,1.0,0.041666666666666664,CS+,CS+,4.0,3.0,Global on,Safety-like,5.0,0.09727272727272726,4.0,0.16666666666666669,0.09727272727272726
13,1,2.0,1.0,Threat-like,Global off,8.0,128.0,0.0625,8.0,0.3333333333333333,ITI,ITI,2.0,1.0,Threat-like,Global off,22.0,139.0,0.15827338129496402,14.0,0.5833333333333334,CS+,ITI,2.0,1.0,Threat-like,Global off,-14.0,-0.09577338129496402,-6.0,-0.25000000000000006,0.09577338129496402
7,21,0.0,0.0,0,0,0.0,0.0,0.0,0.0,0.0,0,0,1.0,1.0,Global off,Global off,3.0,32.0,0.09375,2.0,0.08333333333333333,ITI,CS+,1.0,1.0,Global off,Global off,-3.0,-0.09375,-2.0,-0.08333333333333333,0.09375
22,17,4.0,1.0,Global on,Global off,2.0,22.0,0.09090909090909091,2.0,0.08333333333333333,CS-,CS-,0.0,0.0,0,0,0.0,0.0,0.0,0.0,0.0,0,0,4.0,1.0,Global on,Global off,2.0,0.09090909090909091,2.0,0.08333333333333333,0.09090909090909091
23,16,0.0,0.0,0,0,0.0,0.0,0.0,0.0,0.0,0,0,4.0,4.0,Global on,Global on,4.0,44.0,0.09090909090909091,4.0,0.16666666666666666,ITI,ITI,4.0,4.0,Global on,Global on,-4.0,-0.09090909090909091,-4.0,-0.16666666666666666,0.09090909090909091
22,1,4.0,1.0,Global on,Global off,2.0,22.0,0.09090909090909091,2.0,0.08333333333333333,ITI,CS+,0.0,0.0,0,0,0.0,0.0,0.0,0.0,0.0,0,0,4.0,1.0,Global on,Global off,2.0,0.09090909090909091,2.0,0.08333333333333333,0.09090909090909091
18,5,3.0,1.0,Safety-like,Global off,5.0,55.0,0.09090909090909091,5.0,0.20833333333333334,CS-,CS-,0.0,0.0,0,0,0.0,0.0,0.0,0.0,0.0,0,0,3.0,1.0,Safety-like,Global off,5.0,0.09090909090909091,5.0,0.20833333333333334,0.09090909090909091
3,15,1.0,2.0,Global off,Threat-like,4.0,47.0,0.0851063829787234,3.0,0.125,ITI,ITI,0.0,0.0,0,0,0.0,0.0,0.0,0.0,0.0,0,0,1.0,2.0,Global off,Threat-like,4.0,0.0851063829787234,3.0,0.125,0.0851063829787234
11,20,1.0,3.0,Global off,Safety-like,2.0,24.0,0.08333333333333333,2.0,0.08333333333333333,CS-,CS-,0.0,0.0,0,0,0.0,0.0,0.0,0.0,0.0,0,0,1.0,3.0,Global off,Safety-like,2.0,0.08333333333333333,2.0,0.08333333333333333,0.08333333333333333
8,31,0.0,0.0,0,0,0.0,0.0,0.0,0.0,0.0,0,0,3.0,4.0,Safety-like,Global on,4.0,48.0,0.08333333333333333,4.0,0.16666666666666666,ITI,ITI,3.0,4.0,Safety-like,Global on,-4.0,-0.08333333333333333,-4.0,-0.16666666666666666,0.08333333333333333
7,12,1.0,3.0,Global off,Safety-like,3.0,36.0,0.08333333333333333,3.0,0.125,CS+,CS+,0.0,0.0,0,0,0.0,0.0,0.0,0.0,0.0,0,0,1.0,3.0,Global off,Safety-like,3.0,0.08333333333333333,3.0,0.125,0.08333333333333333
24,16,4.0,4.0,Global on,Global on,8.0,74.0,0.10810810810810811,8.0,0.3333333333333333,ITI,CS+,4.0,4.0,Global on,Global on,2.0,79.0,0.02531645569620253,2.0,0.08333333333333333,CS+,CS+,4.0,4.0,Global on,Global on,6.0,0.08279165241190559,6.0,0.25,0.08279165241190559
27,20,4.0,3.0,Global on,Safety-like,3.0,39.0,0.07692307692307693,3.0,0.125,ITI,ITI,4.0,3.0,Global on,Safety-like,6.0,38.0,0.15789473684210525,5.0,0.20833333333333334,ITI,ITI,4.0,3.0,Global on,Safety-like,-3.0,-0.08097165991902833,-2.0,-0.08333333333333334,0.08097165991902833
30,5,0.0,0.0,0,0,0.0,0.0,0.0,0.0,0.0,0,0,4.0,1.0,Global on,Global off,5.0,62.0,0.08064516129032258,4.0,0.16666666666666666,ITI,ITI,4.0,1.0,Global on,Global off,-5.0,-0.08064516129032258,-4.0,-0.16666666666666666,0.08064516129032258
23,24,4.0,4.0,Global on,Global on,4.0,50.0,0.08,4.0,0.16666666666666666,CS+,CS+,4.0,4.0,Global on,Global on,7.0,44.0,0.1590909090909091,6.0,0.25,ITI,ITI,4.0,4.0,Global on,Global on,-3.0,-0.07909090909090909,-2.0,-0.08333333333333334,0.07909090909090909
23,31,4.0,4.0,Global on,Global on,3.0,50.0,0.06,3.0,0.125,CS-,ITI,4.0,4.0,Global on,Global on,6.0,44.0,0.13636363636363635,5.0,0.20833333333333334,ITI,ITI,4.0,4.0,Global on,Global on,-3.0,-0.07636363636363636,-2.0,-0.08333333333333334,0.07636363636363636
27,31,4.0,4.0,Global on,Global on,4.0,39.0,0.10256410256410256,2.0,0.08333333333333333,ITI,CS+,4.0,4.0,Global on,Global on,1.0,38.0,0.02631578947368421,1.0,0.041666666666666664,CS-,ITI,4.0,4.0,Global on,Global on,3.0,0.07624831309041835,1.0,0.041666666666666664,0.07624831309041835
10,14,1.0,2.0,Global off,Threat-like,3.0,57.0,0.05263157894736842,3.0,0.125,ITI,CS+,1.0,2.0,Global off,Threat-like,6.0,47.0,0.1276595744680851,4.0,0.16666666666666666,CS+,CS+,1.0,2.0,Global off,Threat-like,-3.0,-0.07502799552071668,-1.0,-0.04166666666666666,0.07502799552071668
26,17,0.0,0.0,0,0,0.0,0.0,0.0,0.0,0.0,0,0,4.0,1.0,Global on,Global off,2.0,27.0,0.07407407407407407,2.0,0.08333333333333333,CS-,ITI,4.0,1.0,Global on,Global off,-2.0,-0.07407407407407407,-2.0,-0.08333333333333333,0.07407407407407407
29,2,2.0,1.0,Threat-like,Global off,3.0,107.0,0.028037383177570093,3.0,0.125,ITI,ITI,2.0,1.0,Threat-like,Global off,10.0,102.0,0.09803921568627451,6.0,0.25,ITI,ITI,2.0,1.0,Threat-like,Global off,-7.0,-0.07000183250870441,-3.0,-0.125,0.07000183250870441
6,10,1.0,1.0,Global off,Global off,3.0,43.0,0.06976744186046512,2.0,0.08333333333333333,CS+,ITI,0.0,0.0,0,0,0.0,0.0,0.0,0.0,0.0,0,0,1.0,1.0,Global off,Global off,3.0,0.06976744186046512,2.0,0.08333333333333333,0.06976744186046512
22,31,4.0,4.0,Global on,Global on,3.0,22.0,0.13636363636363635,3.0,0.125,CS+,CS+,4.0,4.0,Global on,Global on,1.0,15.0,0.06666666666666667,1.0,0.041666666666666664,ITI,ITI,4.0,4.0,Global on,Global on,2.0,0.06969696969696969,2.0,0.08333333333333334,0.06969696969696969
12,1,3.0,1.0,Safety-like,Global off,7.0,40.0,0.175,6.0,0.25,ITI,ITI,3.0,1.0,Safety-like,Global off,7.0,66.0,0.10606060606060606,6.0,0.25,ITI,ITI,3.0,1.0,Safety-like,Global off,0.0,0.06893939393939393,0.0,0.0,0.06893939393939393
18,2,3.0,1.0,Safety-like,Global off,6.0,55.0,0.10909090909090909,6.0,0.25,ITI,ITI,3.0,1.0,Safety-like,Global off,2.0,49.0,0.04081632653061224,2.0,0.08333333333333333,ITI,CS-,3.0,1.0,Safety-like,Global off,4.0,0.06827458256029684,4.0,0.16666666666666669,0.06827458256029684
3,16,1.0,4.0,Global off,Global on,5.0,47.0,0.10638297872340426,4.0,0.16666666666666666,ITI,CS+,1.0,4.0,Global off,Global on,2.0,52.0,0.038461538461538464,2.0,0.08333333333333333,CS-,ITI,1.0,4.0,Global off,Global on,3.0,0.06792144026186579,2.0,0.08333333333333333,0.06792144026186579
22,29,0.0,0.0,0,0,0.0,0.0,0.0,0.0,0.0,0,0,4.0,2.0,Global on,Threat-like,1.0,15.0,0.06666666666666667,1.0,0.041666666666666664,ITI,ITI,4.0,2.0,Global on,Threat-like,-1.0,-0.06666666666666667,-1.0,-0.041666666666666664,0.06666666666666667
22,13,0.0,0.0,0,0,0.0,0.0,0.0,0.0,0.0,0,0,4.0,2.0,Global on,Threat-like,1.0,15.0,0.06666666666666667,1.0,0.041666666666666664,ITI,ITI,4.0,2.0,Global on,Threat-like,-1.0,-0.06666666666666667,-1.0,-0.041666666666666664,0.06666666666666667
22,30,0.0,0.0,0,0,0.0,0.0,0.0,0.0,0.0,0,0,4.0,4.0,Global on,Global on,1.0,15.0,0.06666666666666667,1.0,0.041666666666666664,CS-,ITI,4.0,4.0,Global on,Global on,-1.0,-0.06666666666666667,-1.0,-0.041666666666666664,0.06666666666666667
22,3,0.0,0.0,0,0,0.0,0.0,0.0,0.0,0.0,0,0,4.0,1.0,Global on,Global off,1.0,15.0,0.06666666666666667,1.0,0.041666666666666664,CS+,ITI,4.0,1.0,Global on,Global off,-1.0,-0.06666666666666667,-1.0,-0.041666666666666664,0.06666666666666667
22,14,0.0,0.0,0,0,0.0,0.0,0.0,0.0,0.0,0,0,4.0,2.0,Global on,Threat-like,1.0,15.0,0.06666666666666667,1.0,0.041666666666666664,ITI,ITI,4.0,2.0,Global on,Threat-like,-1.0,-0.06666666666666667,-1.0,-0.041666666666666664,0.06666666666666667
10,17,1.0,1.0,Global off,Global off,5.0,57.0,0.08771929824561403,4.0,0.16666666666666666,CS+,ITI,1.0,1.0,Global off,Global off,1.0,47.0,0.02127659574468085,1.0,0.041666666666666664,CS-,ITI,1.0,1.0,Global off,Global off,4.0,0.06644270250093318,3.0,0.125,0.06644270250093318
3,1,1.0,1.0,Global off,Global off,6.0,47.0,0.1276595744680851,5.0,0.20833333333333334,ITI,ITI,1.0,1.0,Global off,Global off,10.0,52.0,0.19230769230769232,8.0,0.3333333333333333,ITI,ITI,1.0,1.0,Global off,Global off,-4.0,-0.06464811783960722,-3.0,-0.12499999999999997,0.06464811783960722
6,21,0.0,0.0,0,0,0.0,0.0,0.0,0.0,0.0,0,0,1.0,1.0,Global off,Global off,3.0,47.0,0.06382978723404255,3.0,0.125,CS-,ITI,1.0,1.0,Global off,Global off,-3.0,-0.06382978723404255,-3.0,-0.125,0.06382978723404255
3,23,1.0,4.0,Global off,Global on,3.0,47.0,0.06382978723404255,3.0,0.125,ITI,ITI,0.0,0.0,0,0,0.0,0.0,0.0,0.0,0.0,0,0,1.0,4.0,Global off,Global on,3.0,0.06382978723404255,3.0,0.125,0.06382978723404255
28,19,4.0,3.0,Global on,Safety-like,6.0,79.0,0.0759493670886076,5.0,0.20833333333333334,CS-,ITI,4.0,3.0,Global on,Safety-like,1.0,82.0,0.012195121951219513,1.0,0.041666666666666664,ITI,ITI,4.0,3.0,Global on,Safety-like,5.0,0.06375424513738809,4.0,0.16666666666666669,0.06375424513738809
17,20,1.0,3.0,Global off,Safety-like,6.0,96.0,0.0625,4.0,0.16666666666666666,ITI,ITI,1.0,3.0,Global off,Safety-like,15.0,119.0,0.12605042016806722,11.0,0.4583333333333333,ITI,ITI,1.0,3.0,Global off,Safety-like,-9.0,-0.06355042016806722,-7.0,-0.29166666666666663,0.06355042016806722
15,30,0.0,0.0,0,0,0.0,0.0,0.0,0.0,0.0,0,0,2.0,4.0,Threat-like,Global on,4.0,63.0,0.06349206349206349,4.0,0.16666666666666666,CS+,ITI,2.0,4.0,Threat-like,Global on,-4.0,-0.06349206349206349,-4.0,-0.16666666666666666,0.06349206349206349
8,29,0.0,0.0,0,0,0.0,0.0,0.0,0.0,0.0,0,0,3.0,2.0,Safety-like,Threat-like,3.0,48.0,0.0625,3.0,0.125,ITI,ITI,3.0,2.0,Safety-like,Threat-like,-3.0,-0.0625,-3.0,-0.125,0.0625
7,2,0.0,0.0,0,0,0.0,0.0,0.0,0.0,0.0,0,0,1.0,1.0,Global off,Global off,2.0,32.0,0.0625,2.0,0.08333333333333333,CS-,ITI,1.0,1.0,Global off,Global off,-2.0,-0.0625,-2.0,-0.08333333333333333,0.0625
29,32,2.0,4.0,Threat-like,Global on,8.0,107.0,0.07476635514018691,6.0,0.25,ITI,CS-,2.0,4.0,Threat-like,Global on,14.0,102.0,0.13725490196078433,12.0,0.5,ITI,ITI,2.0,4.0,Threat-like,Global on,-6.0,-0.062488546820597415,-6.0,-0.25,0.062488546820597415
26,29,4.0,2.0,Global on,Threat-like,3.0,22.0,0.13636363636363635,3.0,0.125,ITI,ITI,4.0,2.0,Global on,Threat-like,2.0,27.0,0.07407407407407407,2.0,0.08333333333333333,CS-,ITI,4.0,2.0,Global on,Threat-like,1.0,0.062289562289562284,1.0,0.04166666666666667,0.062289562289562284
19,17,3.0,1.0,Safety-like,Global off,5.0,72.0,0.06944444444444445,3.0,0.125,ITI,ITI,3.0,1.0,Safety-like,Global off,10.0,76.0,0.13157894736842105,8.0,0.3333333333333333,ITI,ITI,3.0,1.0,Safety-like,Global off,-5.0,-0.0621345029239766,-5.0,-0.20833333333333331,0.0621345029239766
6,20,1.0,3.0,Global off,Safety-like,1.0,43.0,0.023255813953488372,1.0,0.041666666666666664,ITI,CS+,1.0,3.0,Global off,Safety-like,4.0,47.0,0.0851063829787234,4.0,0.16666666666666666,ITI,ITI,1.0,3.0,Global off,Safety-like,-3.0,-0.06185056902523503,-3.0,-0.125,0.06185056902523503
30,29,4.0,2.0,Global on,Threat-like,2.0,57.0,0.03508771929824561,2.0,0.08333333333333333,ITI,ITI,4.0,2.0,Global on,Threat-like,6.0,62.0,0.0967741935483871,6.0,0.25,CS+,ITI,4.0,2.0,Global on,Threat-like,-4.0,-0.06168647425014148,-4.0,-0.16666666666666669,0.06168647425014148
8,5,3.0,1.0,Safety-like,Global off,3.0,49.0,0.061224489795918366,3.0,0.125,CS-,CS-,0.0,0.0,0,0,0.0,0.0,0.0,0.0,0.0,0,0,3.0,1.0,Safety-like,Global off,3.0,0.061224489795918366,3.0,0.125,0.061224489795918366
28,25,0.0,0.0,0,0,0.0,0.0,0.0,0.0,0.0,0,0,4.0,1.0,Global on,Global off,5.0,82.0,0.06097560975609756,5.0,0.20833333333333334,ITI,CS-,4.0,1.0,Global on,Global off,-5.0,-0.06097560975609756,-5.0,-0.20833333333333334,0.06097560975609756
23,21,4.0,1.0,Global on,Global off,3.0,50.0,0.06,2.0,0.08333333333333333,ITI,ITI,0.0,0.0,0,0,0.0,0.0,0.0,0.0,0.0,0,0,4.0,1.0,Global on,Global off,3.0,0.06,2.0,0.08333333333333333,0.06
23,4,4.0,3.0,Global on,Safety-like,3.0,50.0,0.06,2.0,0.08333333333333333,ITI,ITI,0.0,0.0,0,0,0.0,0.0,0.0,0.0,0.0,0,0,4.0,3.0,Global on,Safety-like,3.0,0.06,2.0,0.08333333333333333,0.06
23,30,4.0,4.0,Global on,Global on,3.0,50.0,0.06,3.0,0.125,ITI,CS+,0.0,0.0,0,0,0.0,0.0,0.0,0.0,0.0,0,0,4.0,4.0,Global on,Global on,3.0,0.06,3.0,0.125,0.06
12,24,3.0,4.0,Safety-like,Global on,3.0,40.0,0.075,3.0,0.125,ITI,ITI,3.0,4.0,Safety-like,Global on,1.0,66.0,0.015151515151515152,1.0,0.041666666666666664,CS+,CS+,3.0,4.0,Safety-like,Global on,2.0,0.059848484848484845,2.0,0.08333333333333334,0.059848484848484845
20,30,3.0,4.0,Safety-like,Global on,8.0,135.0,0.05925925925925926,6.0,0.25,ITI,CS+,0.0,0.0,0,0,0.0,0.0,0.0,0.0,0.0,0,0,3.0,4.0,Safety-like,Global on,8.0,0.05925925925925926,6.0,0.25,0.05925925925925926
19,32,3.0,4.0,Safety-like,Global on,9.0,72.0,0.125,8.0,0.3333333333333333,ITI,ITI,3.0,4.0,Safety-like,Global on,5.0,76.0,0.06578947368421052,5.0,0.20833333333333334,ITI,CS-,3.0,4.0,Safety-like,Global on,4.0,0.05921052631578948,3.0,0.12499999999999997,0.05921052631578948
2,32,1.0,4.0,Global off,Global on,10.0,106.0,0.09433962264150944,7.0,0.2916666666666667,ITI,ITI,1.0,4.0,Global off,Global on,4.0,113.0,0.035398230088495575,3.0,0.125,CS-,ITI,1.0,4.0,Global off,Global on,6.0,0.058941392553013866,4.0,0.16666666666666669,0.058941392553013866
9,19,0.0,0.0,0,0,0.0,0.0,0.0,0.0,0.0,0,0,1.0,3.0,Global off,Safety-like,4.0,68.0,0.058823529411764705,3.0,0.125,ITI,ITI,1.0,3.0,Global off,Safety-like,-4.0,-0.058823529411764705,-3.0,-0.125,0.058823529411764705
9,32,1.0,4.0,Global off,Global on,8.0,78.0,0.10256410256410256,6.0,0.25,ITI,ITI,1.0,4.0,Global off,Global on,3.0,68.0,0.04411764705882353,3.0,0.125,CS+,CS+,1.0,4.0,Global off,Global on,5.0,0.05844645550527903,3.0,0.125,0.05844645550527903
3,29,0.0,0.0,0,0,0.0,0.0,0.0,0.0,0.0,0,0,1.0,2.0,Global off,Threat-like,3.0,52.0,0.057692307692307696,3.0,0.125,ITI,ITI,1.0,2.0,Global off,Threat-like,-3.0,-0.057692307692307696,-3.0,-0.125,0.057692307692307696
24,1,4.0,1.0,Global on,Global off,8.0,74.0,0.10810810810810811,8.0,0.3333333333333333,ITI,ITI,4.0,1.0,Global on,Global off,4.0,79.0,0.05063291139240506,4.0,0.16666666666666666,CS-,CS-,4.0,1.0,Global on,Global off,4.0,0.05747519671570305,4.0,0.16666666666666666,0.05747519671570305
23,1,4.0,1.0,Global on,Global off,4.0,50.0,0.08,4.0,0.16666666666666666,ITI,ITI,4.0,1.0,Global on,Global off,1.0,44.0,0.022727272727272728,1.0,0.041666666666666664,CS+,CS+,4.0,1.0,Global on,Global off,3.0,0.057272727272727274,3.0,0.125,0.057272727272727274
3,31,1.0,4.0,Global off,Global on,1.0,47.0,0.02127659574468085,1.0,0.041666666666666664,CS-,CS-,1.0,4.0,Global off,Global on,4.0,52.0,0.07692307692307693,4.0,0.16666666666666666,ITI,CS-,1.0,4.0,Global off,Global on,-3.0,-0.05564648117839607,-3.0,-0.125,0.05564648117839607
31,19,4.0,3.0,Global on,Safety-like,2.0,112.0,0.017857142857142856,1.0,0.041666666666666664,CS-,CS-,4.0,3.0,Global on,Safety-like,8.0,109.0,0.07339449541284404,7.0,0.2916666666666667,ITI,ITI,4.0,3.0,Global on,Safety-like,-6.0,-0.055537352555701185,-6.0,-0.25,0.055537352555701185
30,15,4.0,2.0,Global on,Threat-like,5.0,57.0,0.08771929824561403,5.0,0.20833333333333334,ITI,CS-,4.0,2.0,Global on,Threat-like,2.0,62.0,0.03225806451612903,2.0,0.08333333333333333,ITI,CS-,4.0,2.0,Global on,Threat-like,3.0,0.055461233729485,3.0,0.125,0.055461233729485
25,14,1.0,2.0,Global off,Threat-like,3.0,55.0,0.05454545454545454,3.0,0.125,ITI,CS+,0.0,0.0,0,0,0.0,0.0,0.0,0.0,0.0,0,0,1.0,2.0,Global off,Threat-like,3.0,0.05454545454545454,3.0,0.125,0.05454545454545454
21,1,0.0,0.0,0,0,0.0,0.0,0.0,0.0,0.0,0,0,1.0,1.0,Global off,Global off,3.0,55.0,0.05454545454545454,3.0,0.125,ITI,ITI,1.0,1.0,Global off,Global off,-3.0,-0.05454545454545454,-3.0,-0.125,0.05454545454545454
14,30,2.0,4.0,Threat-like,Global on,6.0,77.0,0.07792207792207792,5.0,0.20833333333333334,CS+,ITI,2.0,4.0,Threat-like,Global on,2.0,85.0,0.023529411764705882,2.0,0.08333333333333333,CS+,CS-,2.0,4.0,Threat-like,Global on,4.0,0.05439266615737204,3.0,0.125,0.05439266615737204
24,23,4.0,4.0,Global on,Global on,4.0,74.0,0.05405405405405406,4.0,0.16666666666666666,CS+,ITI,0.0,0.0,0,0,0.0,0.0,0.0,0.0,0.0,0,0,4.0,4.0,Global on,Global on,4.0,0.05405405405405406,4.0,0.16666666666666666,0.05405405405405406
30,9,4.0,1.0,Global on,Global off,4.0,57.0,0.07017543859649122,3.0,0.125,ITI,ITI,4.0,1.0,Global on,Global off,1.0,62.0,0.016129032258064516,1.0,0.041666666666666664,ITI,ITI,4.0,1.0,Global on,Global off,3.0,0.05404640633842671,2.0,0.08333333333333334,0.05404640633842671
26,1,4.0,1.0,Global on,Global off,2.0,22.0,0.09090909090909091,2.0,0.08333333333333333,CS+,CS+,4.0,1.0,Global on,Global off,1.0,27.0,0.037037037037037035,1.0,0.041666666666666664,ITI,CS+,4.0,1.0,Global on,Global off,1.0,0.05387205387205388,1.0,0.041666666666666664,0.05387205387205388
25,28,1.0,4.0,Global off,Global on,4.0,55.0,0.07272727272727272,4.0,0.16666666666666666,ITI,CS-,1.0,4.0,Global off,Global on,1.0,52.0,0.019230769230769232,1.0,0.041666666666666664,ITI,CS+,1.0,4.0,Global off,Global on,3.0,0.05349650349650349,3.0,0.125,0.05349650349650349
5,4,1.0,3.0,Global off,Safety-like,2.0,82.0,0.024390243902439025,2.0,0.08333333333333333,CS+,CS+,1.0,3.0,Global off,Safety-like,7.0,90.0,0.07777777777777778,5.0,0.20833333333333334,CS-,CS-,1.0,3.0,Global off,Safety-like,-5.0,-0.053387533875338754,-3.0,-0.125,0.053387533875338754
27,2,4.0,1.0,Global on,Global off,1.0,39.0,0.02564102564102564,1.0,0.041666666666666664,ITI,ITI,4.0,1.0,Global on,Global off,3.0,38.0,0.07894736842105263,3.0,0.125,ITI,ITI,4.0,1.0,Global on,Global off,-2.0,-0.05330634278002699,-2.0,-0.08333333333333334,0.05330634278002699
29,31,2.0,4.0,Threat-like,Global on,13.0,107.0,0.12149532710280374,9.0,0.375,ITI,CS-,2.0,4.0,Threat-like,Global on,7.0,102.0,0.06862745098039216,7.0,0.2916666666666667,ITI,CS+,2.0,4.0,Threat-like,Global on,6.0,0.052867876122411575,2.0,0.08333333333333331,0.052867876122411575
27,15,0.0,0.0,0,0,0.0,0.0,0.0,0.0,0.0,0,0,4.0,2.0,Global on,Threat-like,2.0,38.0,0.05263157894736842,2.0,0.08333333333333333,CS+,CS+,4.0,2.0,Global on,Threat-like,-2.0,-0.05263157894736842,-2.0,-0.08333333333333333,0.05263157894736842
30,16,4.0,4.0,Global on,Global on,3.0,57.0,0.05263157894736842,3.0,0.125,ITI,CS+,0.0,0.0,0,0,0.0,0.0,0.0,0.0,0.0,0,0,4.0,4.0,Global on,Global on,3.0,0.05263157894736842,3.0,0.125,0.05263157894736842
21,20,1.0,3.0,Global off,Safety-like,5.0,40.0,0.125,4.0,0.16666666666666666,ITI,ITI,1.0,3.0,Global off,Safety-like,4.0,55.0,0.07272727272727272,3.0,0.125,ITI,ITI,1.0,3.0,Global off,Safety-like,1.0,0.052272727272727276,1.0,0.04166666666666666,0.052272727272727276
16,12,4.0,3.0,Global on,Safety-like,1.0,111.0,0.009009009009009009,1.0,0.041666666666666664,CS+,ITI,4.0,3.0,Global on,Safety-like,6.0,99.0,0.06060606060606061,4.0,0.16666666666666666,CS-,ITI,4.0,3.0,Global on,Safety-like,-5.0,-0.0515970515970516,-3.0,-0.125,0.0515970515970516
27,25,4.0,1.0,Global on,Global off,2.0,39.0,0.05128205128205128,2.0,0.08333333333333333,CS-,ITI,0.0,0.0,0,0,0.0,0.0,0.0,0.0,0.0,0,0,4.0,1.0,Global on,Global off,2.0,0.05128205128205128,2.0,0.08333333333333333,0.05128205128205128
9,6,1.0,1.0,Global off,Global off,4.0,78.0,0.05128205128205128,4.0,0.16666666666666666,ITI,ITI,0.0,0.0,0,0,0.0,0.0,0.0,0.0,0.0,0,0,1.0,1.0,Global off,Global off,4.0,0.05128205128205128,4.0,0.16666666666666666,0.05128205128205128
15,32,2.0,4.0,Threat-like,Global on,3.0,50.0,0.06,3.0,0.125,CS+,ITI,2.0,4.0,Threat-like,Global on,7.0,63.0,0.1111111111111111,7.0,0.2916666666666667,ITI,ITI,2.0,4.0,Threat-like,Global on,-4.0,-0.05111111111111111,-4.0,-0.16666666666666669,0.05111111111111111
12,20,3.0,3.0,Safety-like,Safety-like,1.0,40.0,0.025,1.0,0.041666666666666664,ITI,ITI,3.0,3.0,Safety-like,Safety-like,5.0,66.0,0.07575757575757576,4.0,0.16666666666666666,CS-,ITI,3.0,3.0,Safety-like,Safety-like,-4.0,-0.05075757575757576,-3.0,-0.125,0.05075757575757576
32,29,4.0,2.0,Global on,Threat-like,16.0,208.0,0.07692307692307693,11.0,0.4583333333333333,ITI,ITI,4.0,2.0,Global on,Threat-like,5.0,191.0,0.02617801047120419,5.0,0.20833333333333334,ITI,CS-,4.0,2.0,Global on,Threat-like,11.0,0.05074506645187274,6.0,0.24999999999999997,0.05074506645187274
27,18,4.0,3.0,Global on,Safety-like,3.0,39.0,0.07692307692307693,3.0,0.125,ITI,ITI,4.0,3.0,Global on,Safety-like,1.0,38.0,0.02631578947368421,1.0,0.041666666666666664,ITI,ITI,4.0,3.0,Global on,Safety-like,2.0,0.05060728744939272,2.0,0.08333333333333334,0.05060728744939272
13,29,2.0,2.0,Threat-like,Threat-like,12.0,128.0,0.09375,8.0,0.3333333333333333,ITI,ITI,2.0,2.0,Threat-like,Threat-like,6.0,139.0,0.04316546762589928,5.0,0.20833333333333334,CS+,ITI,2.0,2.0,Threat-like,Threat-like,6.0,0.05058453237410072,3.0,0.12499999999999997,0.05058453237410072
6,16,1.0,4.0,Global off,Global on,4.0,43.0,0.09302325581395349,2.0,0.08333333333333333,CS+,CS+,1.0,4.0,Global off,Global on,2.0,47.0,0.0425531914893617,2.0,0.08333333333333333,ITI,CS-,1.0,4.0,Global off,Global on,2.0,0.050470064324591786,0.0,0.0,0.050470064324591786
6,7,1.0,1.0,Global off,Global off,4.0,43.0,0.09302325581395349,4.0,0.16666666666666666,ITI,ITI,1.0,1.0,Global off,Global off,2.0,47.0,0.0425531914893617,2.0,0.08333333333333333,CS+,ITI,1.0,1.0,Global off,Global off,2.0,0.050470064324591786,2.0,0.08333333333333333,0.050470064324591786
21,22,1.0,4.0,Global off,Global on,2.0,40.0,0.05,1.0,0.041666666666666664,CS+,CS+,0.0,0.0,0,0,0.0,0.0,0.0,0.0,0.0,0,0,1.0,4.0,Global off,Global on,2.0,0.05,1.0,0.041666666666666664,0.05
12,17,3.0,1.0,Safety-like,Global off,2.0,40.0,0.05,2.0,0.08333333333333333,ITI,ITI,0.0,0.0,0,0,0.0,0.0,0.0,0.0,0.0,0,0,3.0,1.0,Safety-like,Global off,2.0,0.05,2.0,0.08333333333333333,0.05
12,11,3.0,1.0,Safety-like,Global off,2.0,40.0,0.05,2.0,0.08333333333333333,CS+,CS+,0.0,0.0,0,0,0.0,0.0,0.0,0.0,0.0,0,0,3.0,1.0,Safety-like,Global off,2.0,0.05,2.0,0.08333333333333333,0.05
21,23,1.0,4.0,Global off,Global on,2.0,40.0,0.05,2.0,0.08333333333333333,CS-,CS-,0.0,0.0,0,0,0.0,0.0,0.0,0.0,0.0,0,0,1.0,4.0,Global off,Global on,2.0,0.05,2.0,0.08333333333333333,0.05
21,9,1.0,1.0,Global off,Global off,2.0,40.0,0.05,2.0,0.08333333333333333,CS+,CS+,0.0,0.0,0,0,0.0,0.0,0.0,0.0,0.0,0,0,1.0,1.0,Global off,Global off,2.0,0.05,2.0,0.08333333333333333,0.05
24,2,4.0,1.0,Global on,Global off,1.0,74.0,0.013513513513513514,1.0,0.041666666666666664,ITI,ITI,4.0,1.0,Global on,Global off,5.0,79.0,0.06329113924050633,4.0,0.16666666666666666,ITI,ITI,4.0,1.0,Global on,Global off,-4.0,-0.04977762572699282,-3.0,-0.125,0.04977762572699282
13,15,2.0,2.0,Threat-like,Threat-like,2.0,128.0,0.015625,2.0,0.08333333333333333,CS+,CS+,2.0,2.0,Threat-like,Threat-like,9.0,139.0,0.06474820143884892,7.0,0.2916666666666667,ITI,ITI,2.0,2.0,Threat-like,Threat-like,-7.0,-0.04912320143884892,-5.0,-0.20833333333333337,0.04912320143884892
23,32,4.0,4.0,Global on,Global on,7.0,50.0,0.14,7.0,0.2916666666666667,ITI,CS-,4.0,4.0,Global on,Global on,4.0,44.0,0.09090909090909091,4.0,0.16666666666666666,CS+,ITI,4.0,4.0,Global on,Global on,3.0,0.0490909090909091,3.0,0.12500000000000003,0.0490909090909091
7,20,1.0,3.0,Global off,Safety-like,4.0,36.0,0.1111111111111111,4.0,0.16666666666666666,CS-,ITI,1.0,3.0,Global off,Safety-like,2.0,32.0,0.0625,2.0,0.08333333333333333,CS-,CS-,1.0,3.0,Global off,Safety-like,2.0,0.048611111111111105,2.0,0.08333333333333333,0.048611111111111105
6,4,1.0,3.0,Global off,Safety-like,3.0,43.0,0.06976744186046512,3.0,0.125,ITI,ITI,1.0,3.0,Global off,Safety-like,1.0,47.0,0.02127659574468085,1.0,0.041666666666666664,ITI,CS+,1.0,3.0,Global off,Safety-like,2.0,0.04849084611578426,2.0,0.08333333333333334,0.04849084611578426
28,13,4.0,2.0,Global on,Threat-like,2.0,79.0,0.02531645569620253,1.0,0.041666666666666664,CS+,CS+,4.0,2.0,Global on,Threat-like,6.0,82.0,0.07317073170731707,4.0,0.16666666666666666,ITI,CS+,4.0,2.0,Global on,Threat-like,-4.0,-0.04785427601111454,-3.0,-0.125,0.04785427601111454
21,17,1.0,1.0,Global off,Global off,1.0,40.0,0.025,1.0,0.041666666666666664,ITI,ITI,1.0,1.0,Global off,Global off,4.0,55.0,0.07272727272727272,2.0,0.08333333333333333,CS+,CS-,1.0,1.0,Global off,Global off,-3.0,-0.04772727272727272,-1.0,-0.041666666666666664,0.04772727272727272
20,1,3.0,1.0,Safety-like,Global off,12.0,135.0,0.08888888888888889,7.0,0.2916666666666667,ITI,ITI,3.0,1.0,Safety-like,Global off,6.0,145.0,0.041379310344827586,5.0,0.20833333333333334,ITI,ITI,3.0,1.0,Safety-like,Global off,6.0,0.04750957854406131,2.0,0.08333333333333334,0.04750957854406131
18,1,3.0,1.0,Safety-like,Global off,3.0,55.0,0.05454545454545454,3.0,0.125,CS+,CS+,3.0,1.0,Safety-like,Global off,5.0,49.0,0.10204081632653061,4.0,0.16666666666666666,CS-,ITI,3.0,1.0,Safety-like,Global off,-2.0,-0.04749536178107607,-1.0,-0.04166666666666666,0.04749536178107607
17,32,1.0,4.0,Global off,Global on,11.0,96.0,0.11458333333333333,8.0,0.3333333333333333,ITI,ITI,1.0,4.0,Global off,Global on,8.0,119.0,0.06722689075630252,6.0,0.25,ITI,ITI,1.0,4.0,Global off,Global on,3.0,0.04735644257703081,2.0,0.08333333333333331,0.04735644257703081
31,29,4.0,2.0,Global on,Threat-like,5.0,112.0,0.044642857142857144,4.0,0.16666666666666666,CS+,ITI,4.0,2.0,Global on,Threat-like,10.0,109.0,0.09174311926605505,9.0,0.375,ITI,CS+,4.0,2.0,Global on,Threat-like,-5.0,-0.04710026212319791,-5.0,-0.20833333333333334,0.04710026212319791
14,4,0.0,0.0,0,0,0.0,0.0,0.0,0.0,0.0,0,0,2.0,3.0,Threat-like,Safety-like,4.0,85.0,0.047058823529411764,4.0,0.16666666666666666,ITI,ITI,2.0,3.0,Threat-like,Safety-like,-4.0,-0.047058823529411764,-4.0,-0.16666666666666666,0.047058823529411764
30,2,4.0,1.0,Global on,Global off,1.0,57.0,0.017543859649122806,1.0,0.041666666666666664,ITI,ITI,4.0,1.0,Global on,Global off,4.0,62.0,0.06451612903225806,4.0,0.16666666666666666,ITI,ITI,4.0,1.0,Global on,Global off,-3.0,-0.04697226938313526,-3.0,-0.125,0.04697226938313526
4,21,0.0,0.0,0,0,0.0,0.0,0.0,0.0,0.0,0,0,3.0,1.0,Safety-like,Global off,5.0,108.0,0.046296296296296294,5.0,0.20833333333333334,CS-,ITI,3.0,1.0,Safety-like,Global off,-5.0,-0.046296296296296294,-5.0,-0.20833333333333334,0.046296296296296294
9,20,1.0,3.0,Global off,Safety-like,1.0,78.0,0.01282051282051282,1.0,0.041666666666666664,CS+,ITI,1.0,3.0,Global off,Safety-like,4.0,68.0,0.058823529411764705,4.0,0.16666666666666666,CS-,CS-,1.0,3.0,Global off,Safety-like,-3.0,-0.04600301659125189,-3.0,-0.125,0.04600301659125189
9,4,1.0,3.0,Global off,Safety-like,7.0,78.0,0.08974358974358974,6.0,0.25,ITI,ITI,1.0,3.0,Global off,Safety-like,3.0,68.0,0.04411764705882353,3.0,0.125,CS+,CS+,1.0,3.0,Global off,Safety-like,4.0,0.04562594268476621,3.0,0.125,0.04562594268476621
26,18,4.0,3.0,Global on,Safety-like,1.0,22.0,0.045454545454545456,1.0,0.041666666666666664,CS-,ITI,0.0,0.0,0,0,0.0,0.0,0.0,0.0,0.0,0,0,4.0,3.0,Global on,Safety-like,1.0,0.045454545454545456,1.0,0.041666666666666664,0.045454545454545456
22,27,4.0,4.0,Global on,Global on,1.0,22.0,0.045454545454545456,1.0,0.041666666666666664,CS+,CS+,0.0,0.0,0,0,0.0,0.0,0.0,0.0,0.0,0,0,4.0,4.0,Global on,Global on,1.0,0.045454545454545456,1.0,0.041666666666666664,0.045454545454545456
22,7,4.0,1.0,Global on,Global off,1.0,22.0,0.045454545454545456,1.0,0.041666666666666664,ITI,CS-,0.0,0.0,0,0,0.0,0.0,0.0,0.0,0.0,0,0,4.0,1.0,Global on,Global off,1.0,0.045454545454545456,1.0,0.041666666666666664,0.045454545454545456
22,5,4.0,1.0,Global on,Global off,1.0,22.0,0.045454545454545456,1.0,0.041666666666666664,ITI,CS-,0.0,0.0,0,0,0.0,0.0,0.0,0.0,0.0,0,0,4.0,1.0,Global on,Global off,1.0,0.045454545454545456,1.0,0.041666666666666664,0.045454545454545456
22,9,4.0,1.0,Global on,Global off,1.0,22.0,0.045454545454545456,1.0,0.041666666666666664,CS+,CS+,0.0,0.0,0,0,0.0,0.0,0.0,0.0,0.0,0,0,4.0,1.0,Global on,Global off,1.0,0.045454545454545456,1.0,0.041666666666666664,0.045454545454545456
23,28,0.0,0.0,0,0,0.0,0.0,0.0,0.0,0.0,0,0,4.0,4.0,Global on,Global on,2.0,44.0,0.045454545454545456,2.0,0.08333333333333333,CS+,CS+,4.0,4.0,Global on,Global on,-2.0,-0.045454545454545456,-2.0,-0.08333333333333333,0.045454545454545456
26,21,4.0,1.0,Global on,Global off,1.0,22.0,0.045454545454545456,1.0,0.041666666666666664,ITI,ITI,0.0,0.0,0,0,0.0,0.0,0.0,0.0,0.0,0,0,4.0,1.0,Global on,Global off,1.0,0.045454545454545456,1.0,0.041666666666666664,0.045454545454545456
23,10,0.0,0.0,0,0,0.0,0.0,0.0,0.0,0.0,0,0,4.0,1.0,Global on,Global off,2.0,44.0,0.045454545454545456,2.0,0.08333333333333333,CS-,CS-,4.0,1.0,Global on,Global off,-2.0,-0.045454545454545456,-2.0,-0.08333333333333333,0.045454545454545456
26,23,4.0,4.0,Global on,Global on,1.0,22.0,0.045454545454545456,1.0,0.041666666666666664,CS-,CS-,0.0,0.0,0,0,0.0,0.0,0.0,0.0,0.0,0,0,4.0,4.0,Global on,Global on,1.0,0.045454545454545456,1.0,0.041666666666666664,0.045454545454545456
12,21,0.0,0.0,0,0,0.0,0.0,0.0,0.0,0.0,0,0,3.0,1.0,Safety-like,Global off,3.0,66.0,0.045454545454545456,2.0,0.08333333333333333,CS+,ITI,3.0,1.0,Safety-like,Global off,-3.0,-0.045454545454545456,-2.0,-0.08333333333333333,0.045454545454545456
26,6,4.0,1.0,Global on,Global off,1.0,22.0,0.045454545454545456,1.0,0.041666666666666664,CS+,CS+,0.0,0.0,0,0,0.0,0.0,0.0,0.0,0.0,0,0,4.0,1.0,Global on,Global off,1.0,0.045454545454545456,1.0,0.041666666666666664,0.045454545454545456
22,12,4.0,3.0,Global on,Safety-like,1.0,22.0,0.045454545454545456,1.0,0.041666666666666664,ITI,ITI,0.0,0.0,0,0,0.0,0.0,0.0,0.0,0.0,0,0,4.0,3.0,Global on,Safety-like,1.0,0.045454545454545456,1.0,0.041666666666666664,0.045454545454545456
29,20,2.0,3.0,Threat-like,Safety-like,8.0,107.0,0.07476635514018691,7.0,0.2916666666666667,ITI,ITI,2.0,3.0,Threat-like,Safety-like,3.0,102.0,0.029411764705882353,3.0,0.125,ITI,ITI,2.0,3.0,Threat-like,Safety-like,5.0,0.04535459043430456,4.0,0.16666666666666669,0.04535459043430456
7,32,1.0,4.0,Global off,Global on,5.0,36.0,0.1388888888888889,5.0,0.20833333333333334,CS+,CS+,1.0,4.0,Global off,Global on,3.0,32.0,0.09375,3.0,0.125,ITI,ITI,1.0,4.0,Global off,Global on,2.0,0.045138888888888895,2.0,0.08333333333333334,0.045138888888888895
5,12,0.0,0.0,0,0,0.0,0.0,0.0,0.0,0.0,0,0,1.0,3.0,Global off,Safety-like,4.0,90.0,0.044444444444444446,4.0,0.16666666666666666,CS-,CS-,1.0,3.0,Global off,Safety-like,-4.0,-0.044444444444444446,-4.0,-0.16666666666666666,0.044444444444444446
17,25,1.0,1.0,Global off,Global off,3.0,96.0,0.03125,3.0,0.125,ITI,ITI,1.0,1.0,Global off,Global off,9.0,119.0,0.07563025210084033,6.0,0.25,ITI,ITI,1.0,1.0,Global off,Global off,-6.0,-0.04438025210084033,-3.0,-0.125,0.04438025210084033
15,3,2.0,1.0,Threat-like,Global off,3.0,50.0,0.06,3.0,0.125,CS+,ITI,2.0,1.0,Threat-like,Global off,1.0,63.0,0.015873015873015872,1.0,0.041666666666666664,CS-,CS-,2.0,1.0,Threat-like,Global off,2.0,0.044126984126984126,2.0,0.08333333333333334,0.044126984126984126
9,31,0.0,0.0,0,0,0.0,0.0,0.0,0.0,0.0,0,0,1.0,4.0,Global off,Global on,3.0,68.0,0.04411764705882353,3.0,0.125,CS+,ITI,1.0,4.0,Global off,Global on,-3.0,-0.04411764705882353,-3.0,-0.125,0.04411764705882353
2,5,1.0,1.0,Global off,Global off,1.0,106.0,0.009433962264150943,1.0,0.041666666666666664,CS-,ITI,1.0,1.0,Global off,Global off,6.0,113.0,0.05309734513274336,5.0,0.20833333333333334,ITI,CS-,1.0,1.0,Global off,Global off,-5.0,-0.04366338286859242,-4.0,-0.16666666666666669,0.04366338286859242
16,32,4.0,4.0,Global on,Global on,12.0,111.0,0.10810810810810811,9.0,0.375,ITI,ITI,4.0,4.0,Global on,Global on,15.0,99.0,0.15151515151515152,10.0,0.4166666666666667,ITI,ITI,4.0,4.0,Global on,Global on,-3.0,-0.043407043407043405,-1.0,-0.041666666666666685,0.043407043407043405
3,24,1.0,4.0,Global off,Global on,2.0,47.0,0.0425531914893617,2.0,0.08333333333333333,ITI,CS-,0.0,0.0,0,0,0.0,0.0,0.0,0.0,0.0,0,0,1.0,4.0,Global off,Global on,2.0,0.0425531914893617,2.0,0.08333333333333333,0.0425531914893617
3,5,1.0,1.0,Global off,Global off,2.0,47.0,0.0425531914893617,2.0,0.08333333333333333,CS+,CS+,0.0,0.0,0,0,0.0,0.0,0.0,0.0,0.0,0,0,1.0,1.0,Global off,Global off,2.0,0.0425531914893617,2.0,0.08333333333333333,0.0425531914893617
3,30,1.0,4.0,Global off,Global on,2.0,47.0,0.0425531914893617,2.0,0.08333333333333333,ITI,ITI,0.0,0.0,0,0,0.0,0.0,0.0,0.0,0.0,0,0,1.0,4.0,Global off,Global on,2.0,0.0425531914893617,2.0,0.08333333333333333,0.0425531914893617
6,11,0.0,0.0,0,0,0.0,0.0,0.0,0.0,0.0,0,0,1.0,1.0,Global off,Global off,2.0,47.0,0.0425531914893617,2.0,0.08333333333333333,ITI,ITI,1.0,1.0,Global off,Global off,-2.0,-0.0425531914893617,-2.0,-0.08333333333333333,0.0425531914893617
22,20,4.0,3.0,Global on,Safety-like,2.0,22.0,0.09090909090909091,2.0,0.08333333333333333,CS-,ITI,4.0,3.0,Global on,Safety-like,2.0,15.0,0.13333333333333333,2.0,0.08333333333333333,CS+,ITI,4.0,3.0,Global on,Safety-like,0.0,-0.04242424242424242,0.0,0.0,0.04242424242424242
19,8,3.0,3.0,Safety-like,Safety-like,4.0,72.0,0.05555555555555555,4.0,0.16666666666666666,ITI,ITI,3.0,3.0,Safety-like,Safety-like,1.0,76.0,0.013157894736842105,1.0,0.041666666666666664,ITI,ITI,3.0,3.0,Safety-like,Safety-like,3.0,0.04239766081871345,3.0,0.125,0.04239766081871345
20,4,3.0,3.0,Safety-like,Safety-like,15.0,135.0,0.1111111111111111,10.0,0.4166666666666667,ITI,ITI,3.0,3.0,Safety-like,Safety-like,10.0,145.0,0.06896551724137931,9.0,0.375,ITI,ITI,3.0,3.0,Safety-like,Safety-like,5.0,0.042145593869731796,1.0,0.041666666666666685,0.042145593869731796
9,2,1.0,1.0,Global off,Global off,9.0,78.0,0.11538461538461539,7.0,0.2916666666666667,ITI,CS+,1.0,1.0,Global off,Global off,5.0,68.0,0.07352941176470588,5.0,0.20833333333333334,CS-,CS-,1.0,1.0,Global off,Global off,4.0,0.041855203619909506,2.0,0.08333333333333334,0.041855203619909506
11,31,1.0,4.0,Global off,Global on,3.0,24.0,0.125,3.0,0.125,ITI,ITI,1.0,4.0,Global off,Global on,2.0,24.0,0.08333333333333333,2.0,0.08333333333333333,CS+,CS+,1.0,4.0,Global off,Global on,1.0,0.04166666666666667,1.0,0.04166666666666667,0.04166666666666667
11,32,1.0,4.0,Global off,Global on,2.0,24.0,0.08333333333333333,2.0,0.08333333333333333,CS+,CS+,1.0,4.0,Global off,Global on,3.0,24.0,0.125,2.0,0.08333333333333333,ITI,CS-,1.0,4.0,Global off,Global on,-1.0,-0.04166666666666667,0.0,0.0,0.04166666666666667
11,27,0.0,0.0,0,0,0.0,0.0,0.0,0.0,0.0,0,0,1.0,4.0,Global off,Global on,1.0,24.0,0.041666666666666664,1.0,0.041666666666666664,ITI,ITI,1.0,4.0,Global off,Global on,-1.0,-0.041666666666666664,-1.0,-0.041666666666666664,0.041666666666666664
11,28,0.0,0.0,0,0,0.0,0.0,0.0,0.0,0.0,0,0,1.0,4.0,Global off,Global on,1.0,24.0,0.041666666666666664,1.0,0.041666666666666664,CS-,ITI,1.0,4.0,Global off,Global on,-1.0,-0.041666666666666664,-1.0,-0.041666666666666664,0.041666666666666664
11,1,1.0,1.0,Global off,Global off,2.0,24.0,0.08333333333333333,2.0,0.08333333333333333,CS+,CS-,1.0,1.0,Global off,Global off,1.0,24.0,0.041666666666666664,1.0,0.041666666666666664,CS+,CS+,1.0,1.0,Global off,Global off,1.0,0.041666666666666664,1.0,0.041666666666666664,0.041666666666666664
11,2,0.0,0.0,0,0,0.0,0.0,0.0,0.0,0.0,0,0,1.0,1.0,Global off,Global off,1.0,24.0,0.041666666666666664,1.0,0.041666666666666664,CS-,CS-,1.0,1.0,Global off,Global off,-1.0,-0.041666666666666664,-1.0,-0.041666666666666664,0.041666666666666664
11,4,1.0,3.0,Global off,Safety-like,1.0,24.0,0.041666666666666664,1.0,0.041666666666666664,ITI,ITI,0.0,0.0,0,0,0.0,0.0,0.0,0.0,0.0,0,0,1.0,3.0,Global off,Safety-like,1.0,0.041666666666666664,1.0,0.041666666666666664,0.041666666666666664
11,17,1.0,1.0,Global off,Global off,1.0,24.0,0.041666666666666664,1.0,0.041666666666666664,ITI,ITI,1.0,1.0,Global off,Global off,2.0,24.0,0.08333333333333333,2.0,0.08333333333333333,CS+,CS+,1.0,1.0,Global off,Global off,-1.0,-0.041666666666666664,-1.0,-0.041666666666666664,0.041666666666666664
11,13,1.0,2.0,Global off,Threat-like,2.0,24.0,0.08333333333333333,2.0,0.08333333333333333,CS+,CS+,1.0,2.0,Global off,Threat-like,1.0,24.0,0.041666666666666664,1.0,0.041666666666666664,ITI,CS-,1.0,2.0,Global off,Threat-like,1.0,0.041666666666666664,1.0,0.041666666666666664,0.041666666666666664
11,15,0.0,0.0,0,0,0.0,0.0,0.0,0.0,0.0,0,0,1.0,2.0,Global off,Threat-like,1.0,24.0,0.041666666666666664,1.0,0.041666666666666664,CS-,CS-,1.0,2.0,Global off,Threat-like,-1.0,-0.041666666666666664,-1.0,-0.041666666666666664,0.041666666666666664
11,3,1.0,1.0,Global off,Global off,1.0,24.0,0.041666666666666664,1.0,0.041666666666666664,ITI,ITI,1.0,1.0,Global off,Global off,2.0,24.0,0.08333333333333333,2.0,0.08333333333333333,CS+,CS+,1.0,1.0,Global off,Global off,-1.0,-0.041666666666666664,-1.0,-0.041666666666666664,0.041666666666666664
11,9,1.0,1.0,Global off,Global off,2.0,24.0,0.08333333333333333,2.0,0.08333333333333333,ITI,ITI,1.0,1.0,Global off,Global off,1.0,24.0,0.041666666666666664,1.0,0.041666666666666664,ITI,ITI,1.0,1.0,Global off,Global off,1.0,0.041666666666666664,1.0,0.041666666666666664,0.041666666666666664
11,10,0.0,0.0,0,0,0.0,0.0,0.0,0.0,0.0,0,0,1.0,1.0,Global off,Global off,1.0,24.0,0.041666666666666664,1.0,0.041666666666666664,CS+,ITI,1.0,1.0,Global off,Global off,-1.0,-0.041666666666666664,-1.0,-0.041666666666666664,0.041666666666666664
11,21,1.0,1.0,Global off,Global off,2.0,24.0,0.08333333333333333,2.0,0.08333333333333333,CS+,CS+,1.0,1.0,Global off,Global off,1.0,24.0,0.041666666666666664,1.0,0.041666666666666664,CS+,CS+,1.0,1.0,Global off,Global off,1.0,0.041666666666666664,1.0,0.041666666666666664,0.041666666666666664
11,24,0.0,0.0,0,0,0.0,0.0,0.0,0.0,0.0,0,0,1.0,4.0,Global off,Global on,1.0,24.0,0.041666666666666664,1.0,0.041666666666666664,CS-,ITI,1.0,4.0,Global off,Global on,-1.0,-0.041666666666666664,-1.0,-0.041666666666666664,0.041666666666666664
11,23,0.0,0.0,0,0,0.0,0.0,0.0,0.0,0.0,0,0,1.0,4.0,Global off,Global on,1.0,24.0,0.041666666666666664,1.0,0.041666666666666664,CS-,CS-,1.0,4.0,Global off,Global on,-1.0,-0.041666666666666664,-1.0,-0.041666666666666664,0.041666666666666664
11,29,1.0,2.0,Global off,Threat-like,1.0,24.0,0.041666666666666664,1.0,0.041666666666666664,ITI,CS-,0.0,0.0,0,0,0.0,0.0,0.0,0.0,0.0,0,0,1.0,2.0,Global off,Threat-like,1.0,0.041666666666666664,1.0,0.041666666666666664,0.041666666666666664
11,30,1.0,4.0,Global off,Global on,1.0,24.0,0.041666666666666664,1.0,0.041666666666666664,CS+,CS+,0.0,0.0,0,0,0.0,0.0,0.0,0.0,0.0,0,0,1.0,4.0,Global off,Global on,1.0,0.041666666666666664,1.0,0.041666666666666664,0.041666666666666664
8,19,0.0,0.0,0,0,0.0,0.0,0.0,0.0,0.0,0,0,3.0,3.0,Safety-like,Safety-like,2.0,48.0,0.041666666666666664,2.0,0.08333333333333333,CS-,ITI,3.0,3.0,Safety-like,Safety-like,-2.0,-0.041666666666666664,-2.0,-0.08333333333333333,0.041666666666666664
8,17,0.0,0.0,0,0,0.0,0.0,0.0,0.0,0.0,0,0,3.0,1.0,Safety-like,Global off,2.0,48.0,0.041666666666666664,2.0,0.08333333333333333,CS-,CS-,3.0,1.0,Safety-like,Global off,-2.0,-0.041666666666666664,-2.0,-0.08333333333333333,0.041666666666666664
8,30,0.0,0.0,0,0,0.0,0.0,0.0,0.0,0.0,0,0,3.0,4.0,Safety-like,Global on,2.0,48.0,0.041666666666666664,2.0,0.08333333333333333,CS-,CS+,3.0,4.0,Safety-like,Global on,-2.0,-0.041666666666666664,-2.0,-0.08333333333333333,0.041666666666666664
8,6,0.0,0.0,0,0,0.0,0.0,0.0,0.0,0.0,0,0,3.0,1.0,Safety-like,Global off,2.0,48.0,0.041666666666666664,2.0,0.08333333333333333,CS-,ITI,3.0,1.0,Safety-like,Global off,-2.0,-0.041666666666666664,-2.0,-0.08333333333333333,0.041666666666666664
25,17,1.0,1.0,Global off,Global off,3.0,55.0,0.05454545454545454,3.0,0.125,ITI,ITI,1.0,1.0,Global off,Global off,5.0,52.0,0.09615384615384616,4.0,0.16666666666666666,ITI,ITI,1.0,1.0,Global off,Global off,-2.0,-0.041608391608391616,-1.0,-0.04166666666666666,0.041608391608391616
12,16,3.0,4.0,Safety-like,Global on,2.0,40.0,0.05,2.0,0.08333333333333333,CS-,CS-,3.0,4.0,Safety-like,Global on,6.0,66.0,0.09090909090909091,5.0,0.20833333333333334,ITI,CS-,3.0,4.0,Safety-like,Global on,-4.0,-0.04090909090909091,-3.0,-0.125,0.04090909090909091
30,13,4.0,2.0,Global on,Threat-like,6.0,57.0,0.10526315789473684,5.0,0.20833333333333334,CS+,CS+,4.0,2.0,Global on,Threat-like,4.0,62.0,0.06451612903225806,4.0,0.16666666666666666,ITI,ITI,4.0,2.0,Global on,Threat-like,2.0,0.040747028862478774,1.0,0.041666666666666685,0.040747028862478774
25,20,1.0,3.0,Global off,Safety-like,2.0,55.0,0.03636363636363636,2.0,0.08333333333333333,ITI,ITI,1.0,3.0,Global off,Safety-like,4.0,52.0,0.07692307692307693,4.0,0.16666666666666666,CS-,CS-,1.0,3.0,Global off,Safety-like,-2.0,-0.040559440559440565,-2.0,-0.08333333333333333,0.040559440559440565
25,13,1.0,2.0,Global off,Threat-like,2.0,55.0,0.03636363636363636,2.0,0.08333333333333333,CS-,CS+,1.0,2.0,Global off,Threat-like,4.0,52.0,0.07692307692307693,3.0,0.125,ITI,ITI,1.0,2.0,Global off,Threat-like,-2.0,-0.040559440559440565,-1.0,-0.04166666666666667,0.040559440559440565
25,2,1.0,1.0,Global off,Global off,2.0,55.0,0.03636363636363636,2.0,0.08333333333333333,ITI,ITI,1.0,1.0,Global off,Global off,4.0,52.0,0.07692307692307693,4.0,0.16666666666666666,ITI,ITI,1.0,1.0,Global off,Global off,-2.0,-0.040559440559440565,-2.0,-0.08333333333333333,0.040559440559440565
8,14,3.0,2.0,Safety-like,Threat-like,3.0,49.0,0.061224489795918366,2.0,0.08333333333333333,CS-,CS+,3.0,2.0,Safety-like,Threat-like,1.0,48.0,0.020833333333333332,1.0,0.041666666666666664,CS-,CS-,3.0,2.0,Safety-like,Threat-like,2.0,0.04039115646258504,1.0,0.041666666666666664,0.04039115646258504
8,24,3.0,4.0,Safety-like,Global on,3.0,49.0,0.061224489795918366,2.0,0.08333333333333333,CS-,ITI,3.0,4.0,Safety-like,Global on,1.0,48.0,0.020833333333333332,1.0,0.041666666666666664,ITI,ITI,3.0,4.0,Safety-like,Global on,2.0,0.04039115646258504,1.0,0.041666666666666664,0.04039115646258504
17,13,1.0,2.0,Global off,Threat-like,1.0,96.0,0.010416666666666666,1.0,0.041666666666666664,ITI,CS+,1.0,2.0,Global off,Threat-like,6.0,119.0,0.05042016806722689,6.0,0.25,ITI,ITI,1.0,2.0,Global off,Threat-like,-5.0,-0.04000350140056023,-5.0,-0.20833333333333334,0.04000350140056023
15,20,2.0,3.0,Threat-like,Safety-like,2.0,50.0,0.04,2.0,0.08333333333333333,ITI,ITI,0.0,0.0,0,0,0.0,0.0,0.0,0.0,0.0,0,0,2.0,3.0,Threat-like,Safety-like,2.0,0.04,2.0,0.08333333333333333,0.04
15,5,2.0,1.0,Threat-like,Global off,2.0,50.0,0.04,2.0,0.08333333333333333,CS+,CS+,0.0,0.0,0,0,0.0,0.0,0.0,0.0,0.0,0,0,2.0,1.0,Threat-like,Global off,2.0,0.04,2.0,0.08333333333333333,0.04
23,15,4.0,2.0,Global on,Threat-like,2.0,50.0,0.04,2.0,0.08333333333333333,ITI,CS-,0.0,0.0,0,0,0.0,0.0,0.0,0.0,0.0,0,0,4.0,2.0,Global on,Threat-like,2.0,0.04,2.0,0.08333333333333333,0.04
20,24,3.0,4.0,Safety-like,Global on,3.0,135.0,0.022222222222222223,3.0,0.125,ITI,ITI,3.0,4.0,Safety-like,Global on,9.0,145.0,0.06206896551724138,7.0,0.2916666666666667,ITI,ITI,3.0,4.0,Safety-like,Global on,-6.0,-0.03984674329501915,-4.0,-0.16666666666666669,0.03984674329501915
20,2,3.0,1.0,Safety-like,Global off,3.0,135.0,0.022222222222222223,3.0,0.125,ITI,ITI,3.0,1.0,Safety-like,Global off,9.0,145.0,0.06206896551724138,8.0,0.3333333333333333,ITI,ITI,3.0,1.0,Safety-like,Global off,-6.0,-0.03984674329501915,-5.0,-0.20833333333333331,0.03984674329501915
5,29,1.0,2.0,Global off,Threat-like,6.0,82.0,0.07317073170731707,6.0,0.25,ITI,ITI,1.0,2.0,Global off,Threat-like,3.0,90.0,0.03333333333333333,3.0,0.125,ITI,ITI,1.0,2.0,Global off,Threat-like,3.0,0.039837398373983736,3.0,0.125,0.039837398373983736
5,32,1.0,4.0,Global off,Global on,6.0,82.0,0.07317073170731707,6.0,0.25,ITI,ITI,1.0,4.0,Global off,Global on,3.0,90.0,0.03333333333333333,3.0,0.125,CS-,ITI,1.0,4.0,Global off,Global on,3.0,0.039837398373983736,3.0,0.125,0.039837398373983736
8,2,3.0,1.0,Safety-like,Global off,5.0,49.0,0.10204081632653061,5.0,0.20833333333333334,ITI,ITI,3.0,1.0,Safety-like,Global off,3.0,48.0,0.0625,3.0,0.125,ITI,ITI,3.0,1.0,Safety-like,Global off,2.0,0.039540816326530615,2.0,0.08333333333333334,0.039540816326530615
32,17,4.0,1.0,Global on,Global off,5.0,208.0,0.02403846153846154,4.0,0.16666666666666666,ITI,ITI,4.0,1.0,Global on,Global off,12.0,191.0,0.06282722513089005,10.0,0.4166666666666667,ITI,ITI,4.0,1.0,Global on,Global off,-7.0,-0.03878876359242851,-6.0,-0.25,0.03878876359242851
21,31,1.0,4.0,Global off,Global on,3.0,40.0,0.075,3.0,0.125,ITI,CS+,1.0,4.0,Global off,Global on,2.0,55.0,0.03636363636363636,2.0,0.08333333333333333,CS+,CS-,1.0,4.0,Global off,Global on,1.0,0.038636363636363635,1.0,0.04166666666666667,0.038636363636363635
21,14,1.0,2.0,Global off,Threat-like,3.0,40.0,0.075,3.0,0.125,ITI,ITI,1.0,2.0,Global off,Threat-like,2.0,55.0,0.03636363636363636,2.0,0.08333333333333333,CS+,CS+,1.0,2.0,Global off,Threat-like,1.0,0.038636363636363635,1.0,0.04166666666666667,0.038636363636363635
21,24,1.0,4.0,Global off,Global on,3.0,40.0,0.075,3.0,0.125,CS-,ITI,1.0,4.0,Global off,Global on,2.0,55.0,0.03636363636363636,2.0,0.08333333333333333,CS-,CS-,1.0,4.0,Global off,Global on,1.0,0.038636363636363635,1.0,0.04166666666666667,0.038636363636363635
3,28,0.0,0.0,0,0,0.0,0.0,0.0,0.0,0.0,0,0,1.0,4.0,Global off,Global on,2.0,52.0,0.038461538461538464,2.0,0.08333333333333333,CS+,CS+,1.0,4.0,Global off,Global on,-2.0,-0.038461538461538464,-2.0,-0.08333333333333333,0.038461538461538464
3,6,0.0,0.0,0,0,0.0,0.0,0.0,0.0,0.0,0,0,1.0,1.0,Global off,Global off,2.0,52.0,0.038461538461538464,2.0,0.08333333333333333,CS-,CS-,1.0,1.0,Global off,Global off,-2.0,-0.038461538461538464,-2.0,-0.08333333333333333,0.038461538461538464
3,18,0.0,0.0,0,0,0.0,0.0,0.0,0.0,0.0,0,0,1.0,3.0,Global off,Safety-like,2.0,52.0,0.038461538461538464,2.0,0.08333333333333333,CS-,CS-,1.0,3.0,Global off,Safety-like,-2.0,-0.038461538461538464,-2.0,-0.08333333333333333,0.038461538461538464
28,14,4.0,2.0,Global on,Threat-like,4.0,79.0,0.05063291139240506,4.0,0.16666666666666666,CS+,CS+,4.0,2.0,Global on,Threat-like,1.0,82.0,0.012195121951219513,1.0,0.041666666666666664,CS+,CS+,4.0,2.0,Global on,Threat-like,3.0,0.038437789441185546,3.0,0.125,0.038437789441185546
7,1,1.0,1.0,Global off,Global off,2.0,36.0,0.05555555555555555,2.0,0.08333333333333333,ITI,CS+,1.0,1.0,Global off,Global off,3.0,32.0,0.09375,3.0,0.125,ITI,ITI,1.0,1.0,Global off,Global off,-1.0,-0.03819444444444445,-1.0,-0.04166666666666667,0.03819444444444445
7,5,1.0,1.0,Global off,Global off,2.0,36.0,0.05555555555555555,2.0,0.08333333333333333,ITI,ITI,1.0,1.0,Global off,Global off,3.0,32.0,0.09375,3.0,0.125,ITI,ITI,1.0,1.0,Global off,Global off,-1.0,-0.03819444444444445,-1.0,-0.04166666666666667,0.03819444444444445
19,31,3.0,4.0,Safety-like,Global on,2.0,72.0,0.027777777777777776,2.0,0.08333333333333333,ITI,CS-,3.0,4.0,Safety-like,Global on,5.0,76.0,0.06578947368421052,4.0,0.16666666666666666,CS+,CS+,3.0,4.0,Safety-like,Global on,-3.0,-0.038011695906432746,-2.0,-0.08333333333333333,0.038011695906432746
4,5,3.0,1.0,Safety-like,Global off,6.0,107.0,0.056074766355140186,4.0,0.16666666666666666,ITI,ITI,3.0,1.0,Safety-like,Global off,2.0,108.0,0.018518518518518517,2.0,0.08333333333333333,CS+,CS+,3.0,1.0,Safety-like,Global off,4.0,0.03755624783662167,2.0,0.08333333333333333,0.03755624783662167
29,9,2.0,1.0,Threat-like,Global off,4.0,107.0,0.037383177570093455,3.0,0.125,ITI,CS-,0.0,0.0,0,0,0.0,0.0,0.0,0.0,0.0,0,0,2.0,1.0,Threat-like,Global off,4.0,0.037383177570093455,3.0,0.125,0.037383177570093455
24,28,4.0,4.0,Global on,Global on,1.0,74.0,0.013513513513513514,1.0,0.041666666666666664,ITI,ITI,4.0,4.0,Global on,Global on,4.0,79.0,0.05063291139240506,4.0,0.16666666666666666,ITI,ITI,4.0,4.0,Global on,Global on,-3.0,-0.03711939787889155,-3.0,-0.125,0.03711939787889155
24,14,4.0,2.0,Global on,Threat-like,1.0,74.0,0.013513513513513514,1.0,0.041666666666666664,ITI,CS+,4.0,2.0,Global on,Threat-like,4.0,79.0,0.05063291139240506,4.0,0.16666666666666666,ITI,ITI,4.0,2.0,Global on,Threat-like,-3.0,-0.03711939787889155,-3.0,-0.125,0.03711939787889155
26,8,0.0,0.0,0,0,0.0,0.0,0.0,0.0,0.0,0,0,4.0,3.0,Global on,Safety-like,1.0,27.0,0.037037037037037035,1.0,0.041666666666666664,ITI,ITI,4.0,3.0,Global on,Safety-like,-1.0,-0.037037037037037035,-1.0,-0.041666666666666664,0.037037037037037035
26,15,0.0,0.0,0,0,0.0,0.0,0.0,0.0,0.0,0,0,4.0,2.0,Global on,Threat-like,1.0,27.0,0.037037037037037035,1.0,0.041666666666666664,ITI,CS-,4.0,2.0,Global on,Threat-like,-1.0,-0.037037037037037035,-1.0,-0.041666666666666664,0.037037037037037035
26,4,0.0,0.0,0,0,0.0,0.0,0.0,0.0,0.0,0,0,4.0,3.0,Global on,Safety-like,1.0,27.0,0.037037037037037035,1.0,0.041666666666666664,ITI,ITI,4.0,3.0,Global on,Safety-like,-1.0,-0.037037037037037035,-1.0,-0.041666666666666664,0.037037037037037035
26,16,0.0,0.0,0,0,0.0,0.0,0.0,0.0,0.0,0,0,4.0,4.0,Global on,Global on,1.0,27.0,0.037037037037037035,1.0,0.041666666666666664,ITI,CS+,4.0,4.0,Global on,Global on,-1.0,-0.037037037037037035,-1.0,-0.041666666666666664,0.037037037037037035
26,30,0.0,0.0,0,0,0.0,0.0,0.0,0.0,0.0,0,0,4.0,4.0,Global on,Global on,1.0,27.0,0.037037037037037035,1.0,0.041666666666666664,ITI,CS-,4.0,4.0,Global on,Global on,-1.0,-0.037037037037037035,-1.0,-0.041666666666666664,0.037037037037037035
26,27,0.0,0.0,0,0,0.0,0.0,0.0,0.0,0.0,0,0,4.0,4.0,Global on,Global on,1.0,27.0,0.037037037037037035,1.0,0.041666666666666664,CS-,CS-,4.0,4.0,Global on,Global on,-1.0,-0.037037037037037035,-1.0,-0.041666666666666664,0.037037037037037035
26,11,0.0,0.0,0,0,0.0,0.0,0.0,0.0,0.0,0,0,4.0,1.0,Global on,Global off,1.0,27.0,0.037037037037037035,1.0,0.041666666666666664,CS-,CS-,4.0,1.0,Global on,Global off,-1.0,-0.037037037037037035,-1.0,-0.041666666666666664,0.037037037037037035
4,29,3.0,2.0,Safety-like,Threat-like,2.0,107.0,0.018691588785046728,2.0,0.08333333333333333,ITI,CS-,3.0,2.0,Safety-like,Threat-like,6.0,108.0,0.05555555555555555,5.0,0.20833333333333334,CS+,ITI,3.0,2.0,Safety-like,Threat-like,-4.0,-0.03686396677050882,-3.0,-0.125,0.03686396677050882
31,2,0.0,0.0,0,0,0.0,0.0,0.0,0.0,0.0,0,0,4.0,1.0,Global on,Global off,4.0,109.0,0.03669724770642202,3.0,0.125,ITI,CS-,4.0,1.0,Global on,Global off,-4.0,-0.03669724770642202,-3.0,-0.125,0.03669724770642202
6,32,1.0,4.0,Global off,Global on,3.0,43.0,0.06976744186046512,2.0,0.08333333333333333,ITI,ITI,1.0,4.0,Global off,Global on,5.0,47.0,0.10638297872340426,5.0,0.20833333333333334,ITI,CS-,1.0,4.0,Global off,Global on,-2.0,-0.03661553686293914,-3.0,-0.125,0.03661553686293914
28,30,0.0,0.0,0,0,0.0,0.0,0.0,0.0,0.0,0,0,4.0,4.0,Global on,Global on,3.0,82.0,0.036585365853658534,3.0,0.125,ITI,CS+,4.0,4.0,Global on,Global on,-3.0,-0.036585365853658534,-3.0,-0.125,0.036585365853658534
9,18,1.0,3.0,Global off,Safety-like,4.0,78.0,0.05128205128205128,3.0,0.125,ITI,CS-,1.0,3.0,Global off,Safety-like,1.0,68.0,0.014705882352941176,1.0,0.041666666666666664,ITI,ITI,1.0,3.0,Global off,Safety-like,3.0,0.0365761689291101,2.0,0.08333333333333334,0.0365761689291101
1,14,1.0,2.0,Global off,Threat-like,1.0,212.0,0.0047169811320754715,1.0,0.041666666666666664,CS-,ITI,1.0,2.0,Global off,Threat-like,8.0,194.0,0.041237113402061855,7.0,0.2916666666666667,CS+,ITI,1.0,2.0,Global off,Threat-like,-7.0,-0.036520132269986384,-6.0,-0.25,0.036520132269986384
30,14,4.0,2.0,Global on,Threat-like,3.0,57.0,0.05263157894736842,2.0,0.08333333333333333,CS+,ITI,4.0,2.0,Global on,Threat-like,1.0,62.0,0.016129032258064516,1.0,0.041666666666666664,CS+,ITI,4.0,2.0,Global on,Threat-like,2.0,0.0365025466893039,1.0,0.041666666666666664,0.0365025466893039
30,8,4.0,3.0,Global on,Safety-like,3.0,57.0,0.05263157894736842,3.0,0.125,ITI,CS-,4.0,3.0,Global on,Safety-like,1.0,62.0,0.016129032258064516,1.0,0.041666666666666664,CS+,ITI,4.0,3.0,Global on,Safety-like,2.0,0.0365025466893039,2.0,0.08333333333333334,0.0365025466893039
21,8,0.0,0.0,0,0,0.0,0.0,0.0,0.0,0.0,0,0,1.0,3.0,Global off,Safety-like,2.0,55.0,0.03636363636363636,2.0,0.08333333333333333,CS-,CS+,1.0,3.0,Global off,Safety-like,-2.0,-0.03636363636363636,-2.0,-0.08333333333333333,0.03636363636363636
21,7,0.0,0.0,0,0,0.0,0.0,0.0,0.0,0.0,0,0,1.0,1.0,Global off,Global off,2.0,55.0,0.03636363636363636,2.0,0.08333333333333333,CS-,CS-,1.0,1.0,Global off,Global off,-2.0,-0.03636363636363636,-2.0,-0.08333333333333333,0.03636363636363636
21,27,0.0,0.0,0,0,0.0,0.0,0.0,0.0,0.0,0,0,1.0,4.0,Global off,Global on,2.0,55.0,0.03636363636363636,1.0,0.041666666666666664,ITI,ITI,1.0,4.0,Global off,Global on,-2.0,-0.03636363636363636,-1.0,-0.041666666666666664,0.03636363636363636
18,29,3.0,2.0,Safety-like,Threat-like,2.0,55.0,0.03636363636363636,1.0,0.041666666666666664,CS-,ITI,0.0,0.0,0,0,0.0,0.0,0.0,0.0,0.0,0,0,3.0,2.0,Safety-like,Threat-like,2.0,0.03636363636363636,1.0,0.041666666666666664,0.03636363636363636
21,28,0.0,0.0,0,0,0.0,0.0,0.0,0.0,0.0,0,0,1.0,4.0,Global off,Global on,2.0,55.0,0.03636363636363636,2.0,0.08333333333333333,ITI,ITI,1.0,4.0,Global off,Global on,-2.0,-0.03636363636363636,-2.0,-0.08333333333333333,0.03636363636363636
25,8,1.0,3.0,Global off,Safety-like,2.0,55.0,0.03636363636363636,2.0,0.08333333333333333,CS+,ITI,0.0,0.0,0,0,0.0,0.0,0.0,0.0,0.0,0,0,1.0,3.0,Global off,Safety-like,2.0,0.03636363636363636,2.0,0.08333333333333333,0.03636363636363636
25,10,1.0,1.0,Global off,Global off,2.0,55.0,0.03636363636363636,1.0,0.041666666666666664,CS-,ITI,0.0,0.0,0,0,0.0,0.0,0.0,0.0,0.0,0,0,1.0,1.0,Global off,Global off,2.0,0.03636363636363636,1.0,0.041666666666666664,0.03636363636363636
28,10,4.0,1.0,Global on,Global off,1.0,79.0,0.012658227848101266,1.0,0.041666666666666664,CS-,ITI,4.0,1.0,Global on,Global off,4.0,82.0,0.04878048780487805,2.0,0.08333333333333333,ITI,ITI,4.0,1.0,Global on,Global off,-3.0,-0.03612225995677679,-1.0,-0.041666666666666664,0.03612225995677679
32,13,4.0,2.0,Global on,Threat-like,10.0,208.0,0.04807692307692308,8.0,0.3333333333333333,ITI,CS-,4.0,2.0,Global on,Threat-like,16.0,191.0,0.08376963350785341,11.0,0.4583333333333333,ITI,CS+,4.0,2.0,Global on,Threat-like,-6.0,-0.03569271043093033,-3.0,-0.125,0.03569271043093033
25,4,1.0,3.0,Global off,Safety-like,3.0,55.0,0.05454545454545454,3.0,0.125,ITI,ITI,1.0,3.0,Global off,Safety-like,1.0,52.0,0.019230769230769232,1.0,0.041666666666666664,CS+,CS+,1.0,3.0,Global off,Safety-like,2.0,0.03531468531468531,2.0,0.08333333333333334,0.03531468531468531
14,28,0.0,0.0,0,0,0.0,0.0,0.0,0.0,0.0,0,0,2.0,4.0,Threat-like,Global on,3.0,85.0,0.03529411764705882,3.0,0.125,ITI,ITI,2.0,4.0,Threat-like,Global on,-3.0,-0.03529411764705882,-3.0,-0.125,0.03529411764705882
5,1,1.0,1.0,Global off,Global off,12.0,82.0,0.14634146341463414,9.0,0.375,ITI,ITI,1.0,1.0,Global off,Global off,10.0,90.0,0.1111111111111111,9.0,0.375,CS+,ITI,1.0,1.0,Global off,Global off,2.0,0.03523035230352303,0.0,0.0,0.03523035230352303
10,19,1.0,3.0,Global off,Safety-like,2.0,57.0,0.03508771929824561,2.0,0.08333333333333333,CS+,CS-,0.0,0.0,0,0,0.0,0.0,0.0,0.0,0.0,0,0,1.0,3.0,Global off,Safety-like,2.0,0.03508771929824561,2.0,0.08333333333333333,0.03508771929824561
10,25,1.0,1.0,Global off,Global off,2.0,57.0,0.03508771929824561,2.0,0.08333333333333333,ITI,CS+,0.0,0.0,0,0,0.0,0.0,0.0,0.0,0.0,0,0,1.0,1.0,Global off,Global off,2.0,0.03508771929824561,2.0,0.08333333333333333,0.03508771929824561
19,20,3.0,3.0,Safety-like,Safety-like,6.0,72.0,0.08333333333333333,5.0,0.20833333333333334,ITI,ITI,3.0,3.0,Safety-like,Safety-like,9.0,76.0,0.11842105263157894,7.0,0.2916666666666667,ITI,ITI,3.0,3.0,Safety-like,Safety-like,-3.0,-0.03508771929824561,-2.0,-0.08333333333333334,0.03508771929824561
10,4,1.0,3.0,Global off,Safety-like,2.0,57.0,0.03508771929824561,2.0,0.08333333333333333,CS-,CS-,0.0,0.0,0,0,0.0,0.0,0.0,0.0,0.0,0,0,1.0,3.0,Global off,Safety-like,2.0,0.03508771929824561,2.0,0.08333333333333333,0.03508771929824561
12,2,3.0,1.0,Safety-like,Global off,2.0,40.0,0.05,2.0,0.08333333333333333,CS-,CS-,3.0,1.0,Safety-like,Global off,1.0,66.0,0.015151515151515152,1.0,0.041666666666666664,CS+,CS+,3.0,1.0,Safety-like,Global off,1.0,0.03484848484848485,1.0,0.041666666666666664,0.03484848484848485
2,20,1.0,3.0,Global off,Safety-like,1.0,106.0,0.009433962264150943,1.0,0.041666666666666664,ITI,ITI,1.0,3.0,Global off,Safety-like,5.0,113.0,0.04424778761061947,5.0,0.20833333333333334,ITI,ITI,1.0,3.0,Global off,Safety-like,-4.0,-0.03481382534646853,-4.0,-0.16666666666666669,0.03481382534646853
25,9,1.0,1.0,Global off,Global off,4.0,55.0,0.07272727272727272,4.0,0.16666666666666666,ITI,ITI,1.0,1.0,Global off,Global off,2.0,52.0,0.038461538461538464,2.0,0.08333333333333333,ITI,ITI,1.0,1.0,Global off,Global off,2.0,0.03426573426573426,2.0,0.08333333333333333,0.03426573426573426
21,32,1.0,4.0,Global off,Global on,3.0,40.0,0.075,3.0,0.125,CS+,ITI,1.0,4.0,Global off,Global on,6.0,55.0,0.10909090909090909,5.0,0.20833333333333334,ITI,ITI,1.0,4.0,Global off,Global on,-3.0,-0.03409090909090909,-2.0,-0.08333333333333334,0.03409090909090909
14,6,2.0,1.0,Threat-like,Global off,1.0,77.0,0.012987012987012988,1.0,0.041666666666666664,CS-,ITI,2.0,1.0,Threat-like,Global off,4.0,85.0,0.047058823529411764,4.0,0.16666666666666666,CS+,ITI,2.0,1.0,Threat-like,Global off,-3.0,-0.03407181054239877,-3.0,-0.125,0.03407181054239877
5,7,0.0,0.0,0,0,0.0,0.0,0.0,0.0,0.0,0,0,1.0,1.0,Global off,Global off,3.0,90.0,0.03333333333333333,3.0,0.125,CS+,ITI,1.0,1.0,Global off,Global off,-3.0,-0.03333333333333333,-3.0,-0.125,0.03333333333333333
10,2,1.0,1.0,Global off,Global off,3.0,57.0,0.05263157894736842,3.0,0.125,ITI,ITI,1.0,1.0,Global off,Global off,4.0,47.0,0.0851063829787234,4.0,0.16666666666666666,ITI,CS+,1.0,1.0,Global off,Global off,-1.0,-0.032474804031354984,-1.0,-0.04166666666666666,0.032474804031354984
15,14,2.0,2.0,Threat-like,Threat-like,4.0,50.0,0.08,4.0,0.16666666666666666,CS+,ITI,2.0,2.0,Threat-like,Threat-like,3.0,63.0,0.047619047619047616,3.0,0.125,CS+,ITI,2.0,2.0,Threat-like,Threat-like,1.0,0.032380952380952385,1.0,0.04166666666666666,0.032380952380952385
15,29,2.0,2.0,Threat-like,Threat-like,4.0,50.0,0.08,4.0,0.16666666666666666,ITI,CS-,2.0,2.0,Threat-like,Threat-like,3.0,63.0,0.047619047619047616,2.0,0.08333333333333333,CS+,CS-,2.0,2.0,Threat-like,Threat-like,1.0,0.032380952380952385,2.0,0.08333333333333333,0.032380952380952385
30,4,0.0,0.0,0,0,0.0,0.0,0.0,0.0,0.0,0,0,4.0,3.0,Global on,Safety-like,2.0,62.0,0.03225806451612903,2.0,0.08333333333333333,ITI,ITI,4.0,3.0,Global on,Safety-like,-2.0,-0.03225806451612903,-2.0,-0.08333333333333333,0.03225806451612903
30,12,0.0,0.0,0,0,0.0,0.0,0.0,0.0,0.0,0,0,4.0,3.0,Global on,Safety-like,2.0,62.0,0.03225806451612903,2.0,0.08333333333333333,CS+,CS+,4.0,3.0,Global on,Safety-like,-2.0,-0.03225806451612903,-2.0,-0.08333333333333333,0.03225806451612903
24,20,4.0,3.0,Global on,Safety-like,7.0,74.0,0.0945945945945946,6.0,0.25,CS-,CS-,4.0,3.0,Global on,Safety-like,10.0,79.0,0.12658227848101267,9.0,0.375,ITI,ITI,4.0,3.0,Global on,Safety-like,-3.0,-0.03198768388641807,-3.0,-0.125,0.03198768388641807
18,9,3.0,1.0,Safety-like,Global off,4.0,55.0,0.07272727272727272,3.0,0.125,ITI,CS-,3.0,1.0,Safety-like,Global off,2.0,49.0,0.04081632653061224,2.0,0.08333333333333333,CS-,CS-,3.0,1.0,Safety-like,Global off,2.0,0.03191094619666048,1.0,0.04166666666666667,0.03191094619666048
18,24,3.0,4.0,Safety-like,Global on,4.0,55.0,0.07272727272727272,3.0,0.125,ITI,ITI,3.0,4.0,Safety-like,Global on,2.0,49.0,0.04081632653061224,2.0,0.08333333333333333,CS+,ITI,3.0,4.0,Safety-like,Global on,2.0,0.03191094619666048,1.0,0.04166666666666667,0.03191094619666048
21,2,1.0,1.0,Global off,Global off,2.0,40.0,0.05,2.0,0.08333333333333333,ITI,ITI,1.0,1.0,Global off,Global off,1.0,55.0,0.01818181818181818,1.0,0.041666666666666664,CS+,CS+,1.0,1.0,Global off,Global off,1.0,0.03181818181818182,1.0,0.041666666666666664,0.03181818181818182
15,17,0.0,0.0,0,0,0.0,0.0,0.0,0.0,0.0,0,0,2.0,1.0,Threat-like,Global off,2.0,63.0,0.031746031746031744,2.0,0.08333333333333333,CS-,ITI,2.0,1.0,Threat-like,Global off,-2.0,-0.031746031746031744,-2.0,-0.08333333333333333,0.031746031746031744
15,11,0.0,0.0,0,0,0.0,0.0,0.0,0.0,0.0,0,0,2.0,1.0,Threat-like,Global off,2.0,63.0,0.031746031746031744,2.0,0.08333333333333333,CS+,ITI,2.0,1.0,Threat-like,Global off,-2.0,-0.031746031746031744,-2.0,-0.08333333333333333,0.031746031746031744
16,1,4.0,1.0,Global on,Global off,8.0,111.0,0.07207207207207207,5.0,0.20833333333333334,ITI,ITI,4.0,1.0,Global on,Global off,4.0,99.0,0.04040404040404041,4.0,0.16666666666666666,ITI,ITI,4.0,1.0,Global on,Global off,4.0,0.031668031668031664,1.0,0.041666666666666685,0.031668031668031664
18,17,3.0,1.0,Safety-like,Global off,5.0,55.0,0.09090909090909091,4.0,0.16666666666666666,ITI,ITI,3.0,1.0,Safety-like,Global off,6.0,49.0,0.12244897959183673,5.0,0.20833333333333334,ITI,ITI,3.0,1.0,Safety-like,Global off,-1.0,-0.03153988868274582,-1.0,-0.041666666666666685,0.03153988868274582
9,17,1.0,1.0,Global off,Global off,1.0,78.0,0.01282051282051282,1.0,0.041666666666666664,CS-,ITI,1.0,1.0,Global off,Global off,3.0,68.0,0.04411764705882353,3.0,0.125,ITI,ITI,1.0,1.0,Global off,Global off,-2.0,-0.03129713423831071,-2.0,-0.08333333333333334,0.03129713423831071
17,6,1.0,1.0,Global off,Global off,3.0,96.0,0.03125,3.0,0.125,ITI,ITI,0.0,0.0,0,0,0.0,0.0,0.0,0.0,0.0,0,0,1.0,1.0,Global off,Global off,3.0,0.03125,3.0,0.125,0.03125
17,23,1.0,4.0,Global off,Global on,3.0,96.0,0.03125,3.0,0.125,ITI,ITI,0.0,0.0,0,0,0.0,0.0,0.0,0.0,0.0,0,0,1.0,4.0,Global off,Global on,3.0,0.03125,3.0,0.125,0.03125
7,3,0.0,0.0,0,0,0.0,0.0,0.0,0.0,0.0,0,0,1.0,1.0,Global off,Global off,1.0,32.0,0.03125,1.0,0.041666666666666664,ITI,ITI,1.0,1.0,Global off,Global off,-1.0,-0.03125,-1.0,-0.041666666666666664,0.03125
7,24,0.0,0.0,0,0,0.0,0.0,0.0,0.0,0.0,0,0,1.0,4.0,Global off,Global on,1.0,32.0,0.03125,1.0,0.041666666666666664,CS-,CS-,1.0,4.0,Global off,Global on,-1.0,-0.03125,-1.0,-0.041666666666666664,0.03125
7,11,0.0,0.0,0,0,0.0,0.0,0.0,0.0,0.0,0,0,1.0,1.0,Global off,Global off,1.0,32.0,0.03125,1.0,0.041666666666666664,CS+,CS+,1.0,1.0,Global off,Global off,-1.0,-0.03125,-1.0,-0.041666666666666664,0.03125
7,18,0.0,0.0,0,0,0.0,0.0,0.0,0.0,0.0,0,0,1.0,3.0,Global off,Safety-like,1.0,32.0,0.03125,1.0,0.041666666666666664,ITI,ITI,1.0,3.0,Global off,Safety-like,-1.0,-0.03125,-1.0,-0.041666666666666664,0.03125
6,14,1.0,2.0,Global off,Threat-like,5.0,43.0,0.11627906976744186,5.0,0.20833333333333334,CS-,CS+,1.0,2.0,Global off,Threat-like,4.0,47.0,0.0851063829787234,4.0,0.16666666666666666,CS+,ITI,1.0,2.0,Global off,Threat-like,1.0,0.031172686788718457,1.0,0.041666666666666685,0.031172686788718457
5,6,1.0,1.0,Global off,Global off,2.0,82.0,0.024390243902439025,2.0,0.08333333333333333,CS+,CS+,1.0,1.0,Global off,Global off,5.0,90.0,0.05555555555555555,4.0,0.16666666666666666,ITI,ITI,1.0,1.0,Global off,Global off,-3.0,-0.031165311653116527,-2.0,-0.08333333333333333,0.031165311653116527
5,31,1.0,4.0,Global off,Global on,2.0,82.0,0.024390243902439025,2.0,0.08333333333333333,CS-,ITI,1.0,4.0,Global off,Global on,5.0,90.0,0.05555555555555555,5.0,0.20833333333333334,CS+,ITI,1.0,4.0,Global off,Global on,-3.0,-0.031165311653116527,-3.0,-0.125,0.031165311653116527
2,1,1.0,1.0,Global off,Global off,23.0,106.0,0.2169811320754717,14.0,0.5833333333333334,ITI,ITI,1.0,1.0,Global off,Global off,21.0,113.0,0.18584070796460178,12.0,0.5,ITI,ITI,1.0,1.0,Global off,Global off,2.0,0.031140424110869924,2.0,0.08333333333333337,0.031140424110869924
12,4,3.0,3.0,Safety-like,Safety-like,3.0,40.0,0.075,3.0,0.125,CS-,ITI,3.0,3.0,Safety-like,Safety-like,7.0,66.0,0.10606060606060606,4.0,0.16666666666666666,CS-,CS-,3.0,3.0,Safety-like,Safety-like,-4.0,-0.031060606060606066,-1.0,-0.04166666666666666,0.031060606060606066
20,17,3.0,1.0,Safety-like,Global off,7.0,135.0,0.05185185185185185,7.0,0.2916666666666667,ITI,ITI,3.0,1.0,Safety-like,Global off,12.0,145.0,0.08275862068965517,9.0,0.375,ITI,ITI,3.0,1.0,Safety-like,Global off,-5.0,-0.03090676883780332,-2.0,-0.08333333333333331,0.03090676883780332
14,16,2.0,4.0,Threat-like,Global on,6.0,77.0,0.07792207792207792,5.0,0.20833333333333334,ITI,ITI,2.0,4.0,Threat-like,Global on,4.0,85.0,0.047058823529411764,4.0,0.16666666666666666,CS+,CS+,2.0,4.0,Threat-like,Global on,2.0,0.030863254392666156,1.0,0.041666666666666685,0.030863254392666156
30,23,4.0,4.0,Global on,Global on,1.0,57.0,0.017543859649122806,1.0,0.041666666666666664,ITI,ITI,4.0,4.0,Global on,Global on,3.0,62.0,0.04838709677419355,3.0,0.125,CS+,ITI,4.0,4.0,Global on,Global on,-2.0,-0.03084323712507074,-2.0,-0.08333333333333334,0.03084323712507074
29,21,2.0,1.0,Threat-like,Global off,3.0,107.0,0.028037383177570093,3.0,0.125,ITI,ITI,2.0,1.0,Threat-like,Global off,6.0,102.0,0.058823529411764705,3.0,0.125,ITI,ITI,2.0,1.0,Threat-like,Global off,-3.0,-0.030786146234194612,0.0,0.0,0.030786146234194612
19,1,3.0,1.0,Safety-like,Global off,6.0,72.0,0.08333333333333333,6.0,0.25,ITI,ITI,3.0,1.0,Safety-like,Global off,4.0,76.0,0.05263157894736842,4.0,0.16666666666666666,ITI,ITI,3.0,1.0,Safety-like,Global off,2.0,0.03070175438596491,2.0,0.08333333333333334,0.03070175438596491
14,32,2.0,4.0,Threat-like,Global on,4.0,77.0,0.05194805194805195,4.0,0.16666666666666666,ITI,ITI,2.0,4.0,Threat-like,Global on,7.0,85.0,0.08235294117647059,6.0,0.25,ITI,ITI,2.0,4.0,Threat-like,Global on,-3.0,-0.030404889228418636,-2.0,-0.08333333333333334,0.030404889228418636
14,29,2.0,2.0,Threat-like,Threat-like,4.0,77.0,0.05194805194805195,3.0,0.125,ITI,ITI,2.0,2.0,Threat-like,Threat-like,7.0,85.0,0.08235294117647059,6.0,0.25,CS+,ITI,2.0,2.0,Threat-like,Threat-like,-3.0,-0.030404889228418636,-3.0,-0.125,0.030404889228418636
12,10,0.0,0.0,0,0,0.0,0.0,0.0,0.0,0.0,0,0,3.0,1.0,Safety-like,Global off,2.0,66.0,0.030303030303030304,2.0,0.08333333333333333,CS-,ITI,3.0,1.0,Safety-like,Global off,-2.0,-0.030303030303030304,-2.0,-0.08333333333333333,0.030303030303030304
12,8,0.0,0.0,0,0,0.0,0.0,0.0,0.0,0.0,0,0,3.0,3.0,Safety-like,Safety-like,2.0,66.0,0.030303030303030304,2.0,0.08333333333333333,CS+,CS-,3.0,3.0,Safety-like,Safety-like,-2.0,-0.030303030303030304,-2.0,-0.08333333333333333,0.030303030303030304
2,17,1.0,1.0,Global off,Global off,6.0,106.0,0.05660377358490566,4.0,0.16666666666666666,ITI,CS+,1.0,1.0,Global off,Global off,3.0,113.0,0.02654867256637168,3.0,0.125,ITI,ITI,1.0,1.0,Global off,Global off,3.0,0.03005510101853398,1.0,0.04166666666666666,0.03005510101853398
29,30,2.0,4.0,Threat-like,Global on,1.0,107.0,0.009345794392523364,1.0,0.041666666666666664,ITI,ITI,2.0,4.0,Threat-like,Global on,4.0,102.0,0.0392156862745098,3.0,0.125,ITI,ITI,2.0,4.0,Threat-like,Global on,-3.0,-0.029869891881986438,-2.0,-0.08333333333333334,0.029869891881986438
21,19,1.0,3.0,Global off,Safety-like,1.0,40.0,0.025,1.0,0.041666666666666664,ITI,ITI,1.0,3.0,Global off,Safety-like,3.0,55.0,0.05454545454545454,2.0,0.08333333333333333,ITI,ITI,1.0,3.0,Global off,Safety-like,-2.0,-0.02954545454545454,-1.0,-0.041666666666666664,0.02954545454545454
21,29,1.0,2.0,Global off,Threat-like,1.0,40.0,0.025,1.0,0.041666666666666664,ITI,ITI,1.0,2.0,Global off,Threat-like,3.0,55.0,0.05454545454545454,3.0,0.125,ITI,ITI,1.0,2.0,Global off,Threat-like,-2.0,-0.02954545454545454,-2.0,-0.08333333333333334,0.02954545454545454
3,32,1.0,4.0,Global off,Global on,5.0,47.0,0.10638297872340426,5.0,0.20833333333333334,ITI,CS+,1.0,4.0,Global off,Global on,4.0,52.0,0.07692307692307693,3.0,0.125,ITI,ITI,1.0,4.0,Global off,Global on,1.0,0.02945990180032733,2.0,0.08333333333333334,0.02945990180032733
30,1,4.0,1.0,Global on,Global off,2.0,57.0,0.03508771929824561,1.0,0.041666666666666664,CS+,CS-,4.0,1.0,Global on,Global off,4.0,62.0,0.06451612903225806,4.0,0.16666666666666666,CS+,CS+,4.0,1.0,Global on,Global off,-2.0,-0.02942840973401245,-3.0,-0.125,0.02942840973401245
9,30,0.0,0.0,0,0,0.0,0.0,0.0,0.0,0.0,0,0,1.0,4.0,Global off,Global on,2.0,68.0,0.029411764705882353,2.0,0.08333333333333333,CS+,CS+,1.0,4.0,Global off,Global on,-2.0,-0.029411764705882353,-2.0,-0.08333333333333333,0.029411764705882353
9,22,0.0,0.0,0,0,0.0,0.0,0.0,0.0,0.0,0,0,1.0,4.0,Global off,Global on,2.0,68.0,0.029411764705882353,1.0,0.041666666666666664,CS+,CS+,1.0,4.0,Global off,Global on,-2.0,-0.029411764705882353,-1.0,-0.041666666666666664,0.029411764705882353
19,18,3.0,3.0,Safety-like,Safety-like,4.0,72.0,0.05555555555555555,4.0,0.16666666666666666,ITI,ITI,3.0,3.0,Safety-like,Safety-like,2.0,76.0,0.02631578947368421,2.0,0.08333333333333333,ITI,CS-,3.0,3.0,Safety-like,Safety-like,2.0,0.029239766081871343,2.0,0.08333333333333333,0.029239766081871343
28,20,4.0,3.0,Global on,Safety-like,10.0,79.0,0.12658227848101267,9.0,0.375,ITI,CS-,4.0,3.0,Global on,Safety-like,8.0,82.0,0.0975609756097561,8.0,0.3333333333333333,ITI,ITI,4.0,3.0,Global on,Safety-like,2.0,0.029021302871256566,1.0,0.041666666666666685,0.029021302871256566
10,5,1.0,1.0,Global off,Global off,2.0,57.0,0.03508771929824561,1.0,0.041666666666666664,CS+,CS-,1.0,1.0,Global off,Global off,3.0,47.0,0.06382978723404255,3.0,0.125,CS+,ITI,1.0,1.0,Global off,Global off,-1.0,-0.028742067935796936,-2.0,-0.08333333333333334,0.028742067935796936
4,32,3.0,4.0,Safety-like,Global on,10.0,107.0,0.09345794392523364,7.0,0.2916666666666667,ITI,ITI,3.0,4.0,Safety-like,Global on,7.0,108.0,0.06481481481481481,6.0,0.25,ITI,ITI,3.0,4.0,Safety-like,Global on,3.0,0.02864312911041883,1.0,0.041666666666666685,0.02864312911041883
26,12,4.0,3.0,Global on,Safety-like,1.0,22.0,0.045454545454545456,1.0,0.041666666666666664,ITI,ITI,4.0,3.0,Global on,Safety-like,2.0,27.0,0.07407407407407407,2.0,0.08333333333333333,ITI,CS+,4.0,3.0,Global on,Safety-like,-1.0,-0.028619528619528614,-1.0,-0.041666666666666664,0.028619528619528614
26,13,4.0,2.0,Global on,Threat-like,1.0,22.0,0.045454545454545456,1.0,0.041666666666666664,ITI,ITI,4.0,2.0,Global on,Threat-like,2.0,27.0,0.07407407407407407,2.0,0.08333333333333333,ITI,CS-,4.0,2.0,Global on,Threat-like,-1.0,-0.028619528619528614,-1.0,-0.041666666666666664,0.028619528619528614
19,14,3.0,2.0,Safety-like,Threat-like,3.0,72.0,0.041666666666666664,3.0,0.125,ITI,CS+,3.0,2.0,Safety-like,Threat-like,1.0,76.0,0.013157894736842105,1.0,0.041666666666666664,ITI,ITI,3.0,2.0,Safety-like,Threat-like,2.0,0.02850877192982456,2.0,0.08333333333333334,0.02850877192982456
31,9,4.0,1.0,Global on,Global off,4.0,112.0,0.03571428571428571,4.0,0.16666666666666666,CS+,ITI,4.0,1.0,Global on,Global off,7.0,109.0,0.06422018348623854,5.0,0.20833333333333334,CS+,CS+,4.0,1.0,Global on,Global off,-3.0,-0.028505897771952823,-1.0,-0.041666666666666685,0.028505897771952823
14,20,2.0,3.0,Threat-like,Safety-like,4.0,77.0,0.05194805194805195,2.0,0.08333333333333333,ITI,ITI,2.0,3.0,Threat-like,Safety-like,2.0,85.0,0.023529411764705882,2.0,0.08333333333333333,ITI,CS-,2.0,3.0,Threat-like,Safety-like,2.0,0.02841864018334607,0.0,0.0,0.02841864018334607
14,25,2.0,1.0,Threat-like,Global off,4.0,77.0,0.05194805194805195,4.0,0.16666666666666666,CS+,CS+,2.0,1.0,Threat-like,Global off,2.0,85.0,0.023529411764705882,2.0,0.08333333333333333,ITI,ITI,2.0,1.0,Threat-like,Global off,2.0,0.02841864018334607,2.0,0.08333333333333333,0.02841864018334607
4,18,3.0,3.0,Safety-like,Safety-like,5.0,107.0,0.04672897196261682,4.0,0.16666666666666666,ITI,ITI,3.0,3.0,Safety-like,Safety-like,2.0,108.0,0.018518518518518517,2.0,0.08333333333333333,ITI,ITI,3.0,3.0,Safety-like,Safety-like,3.0,0.028210453444098303,2.0,0.08333333333333333,0.028210453444098303
23,13,4.0,2.0,Global on,Threat-like,2.0,50.0,0.04,2.0,0.08333333333333333,CS-,CS+,4.0,2.0,Global on,Threat-like,3.0,44.0,0.06818181818181818,3.0,0.125,CS+,CS+,4.0,2.0,Global on,Threat-like,-1.0,-0.028181818181818176,-1.0,-0.04166666666666667,0.028181818181818176
29,8,2.0,3.0,Threat-like,Safety-like,3.0,107.0,0.028037383177570093,2.0,0.08333333333333333,ITI,ITI,0.0,0.0,0,0,0.0,0.0,0.0,0.0,0.0,0,0,2.0,3.0,Threat-like,Safety-like,3.0,0.028037383177570093,2.0,0.08333333333333333,0.028037383177570093
31,30,4.0,4.0,Global on,Global on,2.0,112.0,0.017857142857142856,2.0,0.08333333333333333,CS+,CS+,4.0,4.0,Global on,Global on,5.0,109.0,0.045871559633027525,4.0,0.16666666666666666,ITI,ITI,4.0,4.0,Global on,Global on,-3.0,-0.02801441677588467,-2.0,-0.08333333333333333,0.02801441677588467
7,30,1.0,4.0,Global off,Global on,1.0,36.0,0.027777777777777776,1.0,0.041666666666666664,CS+,ITI,0.0,0.0,0,0,0.0,0.0,0.0,0.0,0.0,0,0,1.0,4.0,Global off,Global on,1.0,0.027777777777777776,1.0,0.041666666666666664,0.027777777777777776
19,3,3.0,1.0,Safety-like,Global off,2.0,72.0,0.027777777777777776,2.0,0.08333333333333333,CS-,CS+,0.0,0.0,0,0,0.0,0.0,0.0,0.0,0.0,0,0,3.0,1.0,Safety-like,Global off,2.0,0.027777777777777776,2.0,0.08333333333333333,0.027777777777777776
7,9,1.0,1.0,Global off,Global off,1.0,36.0,0.027777777777777776,1.0,0.041666666666666664,CS-,CS-,0.0,0.0,0,0,0.0,0.0,0.0,0.0,0.0,0,0,1.0,1.0,Global off,Global off,1.0,0.027777777777777776,1.0,0.041666666666666664,0.027777777777777776
19,10,3.0,1.0,Safety-like,Global off,2.0,72.0,0.027777777777777776,2.0,0.08333333333333333,ITI,CS+,0.0,0.0,0,0,0.0,0.0,0.0,0.0,0.0,0,0,3.0,1.0,Safety-like,Global off,2.0,0.027777777777777776,2.0,0.08333333333333333,0.027777777777777776
7,31,1.0,4.0,Global off,Global on,1.0,36.0,0.027777777777777776,1.0,0.041666666666666664,ITI,CS+,0.0,0.0,0,0,0.0,0.0,0.0,0.0,0.0,0,0,1.0,4.0,Global off,Global on,1.0,0.027777777777777776,1.0,0.041666666666666664,0.027777777777777776
7,13,1.0,2.0,Global off,Threat-like,1.0,36.0,0.027777777777777776,1.0,0.041666666666666664,CS-,CS-,0.0,0.0,0,0,0.0,0.0,0.0,0.0,0.0,0,0,1.0,2.0,Global off,Threat-like,1.0,0.027777777777777776,1.0,0.041666666666666664,0.027777777777777776
4,27,0.0,0.0,0,0,0.0,0.0,0.0,0.0,0.0,0,0,3.0,4.0,Safety-like,Global on,3.0,108.0,0.027777777777777776,3.0,0.125,ITI,ITI,3.0,4.0,Safety-like,Global on,-3.0,-0.027777777777777776,-3.0,-0.125,0.027777777777777776
31,14,4.0,2.0,Global on,Threat-like,1.0,112.0,0.008928571428571428,1.0,0.041666666666666664,CS+,ITI,4.0,2.0,Global on,Threat-like,4.0,109.0,0.03669724770642202,4.0,0.16666666666666666,ITI,CS-,4.0,2.0,Global on,Threat-like,-3.0,-0.027768676277850592,-3.0,-0.125,0.027768676277850592
31,4,4.0,3.0,Global on,Safety-like,1.0,112.0,0.008928571428571428,1.0,0.041666666666666664,CS+,CS+,4.0,3.0,Global on,Safety-like,4.0,109.0,0.03669724770642202,4.0,0.16666666666666666,ITI,ITI,4.0,3.0,Global on,Safety-like,-3.0,-0.027768676277850592,-3.0,-0.125,0.027768676277850592
24,32,4.0,4.0,Global on,Global on,12.0,74.0,0.16216216216216217,8.0,0.3333333333333333,ITI,ITI,4.0,4.0,Global on,Global on,15.0,79.0,0.189873417721519,11.0,0.4583333333333333,ITI,ITI,4.0,4.0,Global on,Global on,-3.0,-0.02771125555935683,-3.0,-0.125,0.02771125555935683
4,9,3.0,1.0,Safety-like,Global off,1.0,107.0,0.009345794392523364,1.0,0.041666666666666664,ITI,ITI,3.0,1.0,Safety-like,Global off,4.0,108.0,0.037037037037037035,4.0,0.16666666666666666,CS-,CS-,3.0,1.0,Safety-like,Global off,-3.0,-0.02769124264451367,-3.0,-0.125,0.02769124264451367
4,23,3.0,4.0,Safety-like,Global on,1.0,107.0,0.009345794392523364,1.0,0.041666666666666664,CS-,ITI,3.0,4.0,Safety-like,Global on,4.0,108.0,0.037037037037037035,3.0,0.125,ITI,CS+,3.0,4.0,Safety-like,Global on,-3.0,-0.02769124264451367,-2.0,-0.08333333333333334,0.02769124264451367
28,1,4.0,1.0,Global on,Global off,7.0,79.0,0.08860759493670886,4.0,0.16666666666666666,ITI,ITI,4.0,1.0,Global on,Global off,5.0,82.0,0.06097560975609756,5.0,0.20833333333333334,ITI,ITI,4.0,1.0,Global on,Global off,2.0,0.0276319851806113,-1.0,-0.041666666666666685,0.0276319851806113
10,16,1.0,4.0,Global off,Global on,4.0,57.0,0.07017543859649122,3.0,0.125,ITI,CS-,1.0,4.0,Global off,Global on,2.0,47.0,0.0425531914893617,2.0,0.08333333333333333,CS-,CS-,1.0,4.0,Global off,Global on,2.0,0.027622247107129523,1.0,0.04166666666666667,0.027622247107129523
4,14,3.0,2.0,Safety-like,Threat-like,2.0,107.0,0.018691588785046728,2.0,0.08333333333333333,ITI,CS+,3.0,2.0,Safety-like,Threat-like,5.0,108.0,0.046296296296296294,5.0,0.20833333333333334,ITI,ITI,3.0,2.0,Safety-like,Threat-like,-3.0,-0.027604707511249566,-3.0,-0.125,0.027604707511249566
20,15,0.0,0.0,0,0,0.0,0.0,0.0,0.0,0.0,0,0,3.0,2.0,Safety-like,Threat-like,4.0,145.0,0.027586206896551724,4.0,0.16666666666666666,ITI,CS-,3.0,2.0,Safety-like,Threat-like,-4.0,-0.027586206896551724,-4.0,-0.16666666666666666,0.027586206896551724
20,26,0.0,0.0,0,0,0.0,0.0,0.0,0.0,0.0,0,0,3.0,4.0,Safety-like,Global on,4.0,145.0,0.027586206896551724,3.0,0.125,CS-,ITI,3.0,4.0,Safety-like,Global on,-4.0,-0.027586206896551724,-3.0,-0.125,0.027586206896551724
29,10,2.0,1.0,Threat-like,Global off,4.0,107.0,0.037383177570093455,4.0,0.16666666666666666,ITI,ITI,2.0,1.0,Threat-like,Global off,1.0,102.0,0.00980392156862745,1.0,0.041666666666666664,CS+,ITI,2.0,1.0,Threat-like,Global off,3.0,0.027579256001466004,3.0,0.125,0.027579256001466004
4,12,3.0,3.0,Safety-like,Safety-like,4.0,107.0,0.037383177570093455,4.0,0.16666666666666666,ITI,CS+,3.0,3.0,Safety-like,Safety-like,7.0,108.0,0.06481481481481481,5.0,0.20833333333333334,ITI,ITI,3.0,3.0,Safety-like,Safety-like,-3.0,-0.027431637244721356,-1.0,-0.041666666666666685,0.027431637244721356
29,14,2.0,2.0,Threat-like,Threat-like,5.0,107.0,0.04672897196261682,5.0,0.20833333333333334,ITI,ITI,2.0,2.0,Threat-like,Threat-like,2.0,102.0,0.0196078431372549,2.0,0.08333333333333333,CS-,CS-,2.0,2.0,Threat-like,Threat-like,3.0,0.02712112882536192,3.0,0.125,0.02712112882536192
1,12,1.0,3.0,Global off,Safety-like,3.0,212.0,0.014150943396226415,3.0,0.125,CS+,ITI,1.0,3.0,Global off,Safety-like,8.0,194.0,0.041237113402061855,8.0,0.3333333333333333,ITI,ITI,1.0,3.0,Global off,Safety-like,-5.0,-0.02708617000583544,-5.0,-0.20833333333333331,0.02708617000583544
20,23,3.0,4.0,Safety-like,Global on,1.0,135.0,0.007407407407407408,1.0,0.041666666666666664,ITI,ITI,3.0,4.0,Safety-like,Global on,5.0,145.0,0.034482758620689655,5.0,0.20833333333333334,ITI,ITI,3.0,4.0,Safety-like,Global on,-4.0,-0.027075351213282247,-4.0,-0.16666666666666669,0.027075351213282247
24,17,4.0,1.0,Global on,Global off,2.0,74.0,0.02702702702702703,1.0,0.041666666666666664,ITI,ITI,0.0,0.0,0,0,0.0,0.0,0.0,0.0,0.0,0,0,4.0,1.0,Global on,Global off,2.0,0.02702702702702703,1.0,0.041666666666666664,0.02702702702702703
27,4,4.0,3.0,Global on,Safety-like,1.0,39.0,0.02564102564102564,1.0,0.041666666666666664,CS-,ITI,4.0,3.0,Global on,Safety-like,2.0,38.0,0.05263157894736842,2.0,0.08333333333333333,ITI,CS-,4.0,3.0,Global on,Safety-like,-1.0,-0.026990553306342778,-1.0,-0.041666666666666664,0.026990553306342778
27,32,4.0,4.0,Global on,Global on,1.0,39.0,0.02564102564102564,1.0,0.041666666666666664,ITI,ITI,4.0,4.0,Global on,Global on,2.0,38.0,0.05263157894736842,1.0,0.041666666666666664,CS-,ITI,4.0,4.0,Global on,Global on,-1.0,-0.026990553306342778,0.0,0.0,0.026990553306342778
27,13,4.0,2.0,Global on,Threat-like,1.0,39.0,0.02564102564102564,1.0,0.041666666666666664,CS+,ITI,4.0,2.0,Global on,Threat-like,2.0,38.0,0.05263157894736842,2.0,0.08333333333333333,CS+,ITI,4.0,2.0,Global on,Threat-like,-1.0,-0.026990553306342778,-1.0,-0.041666666666666664,0.026990553306342778
13,17,2.0,1.0,Threat-like,Global off,3.0,128.0,0.0234375,3.0,0.125,ITI,ITI,2.0,1.0,Threat-like,Global off,7.0,139.0,0.050359712230215826,6.0,0.25,ITI,ITI,2.0,1.0,Threat-like,Global off,-4.0,-0.026922212230215826,-3.0,-0.125,0.026922212230215826
17,18,1.0,3.0,Global off,Safety-like,5.0,96.0,0.052083333333333336,5.0,0.20833333333333334,ITI,ITI,1.0,3.0,Global off,Safety-like,3.0,119.0,0.025210084033613446,3.0,0.125,ITI,ITI,1.0,3.0,Global off,Safety-like,2.0,0.02687324929971989,2.0,0.08333333333333334,0.02687324929971989
5,15,1.0,2.0,Global off,Threat-like,4.0,82.0,0.04878048780487805,4.0,0.16666666666666666,ITI,ITI,1.0,2.0,Global off,Threat-like,2.0,90.0,0.022222222222222223,2.0,0.08333333333333333,CS+,CS+,1.0,2.0,Global off,Threat-like,2.0,0.026558265582655827,2.0,0.08333333333333333,0.026558265582655827
2,12,0.0,0.0,0,0,0.0,0.0,0.0,0.0,0.0,0,0,1.0,3.0,Global off,Safety-like,3.0,113.0,0.02654867256637168,3.0,0.125,CS-,CS-,1.0,3.0,Global off,Safety-like,-3.0,-0.02654867256637168,-3.0,-0.125,0.02654867256637168
2,8,0.0,0.0,0,0,0.0,0.0,0.0,0.0,0.0,0,0,1.0,3.0,Global off,Safety-like,3.0,113.0,0.02654867256637168,3.0,0.125,CS-,ITI,1.0,3.0,Global off,Safety-like,-3.0,-0.02654867256637168,-3.0,-0.125,0.02654867256637168
31,21,4.0,1.0,Global on,Global off,4.0,112.0,0.03571428571428571,4.0,0.16666666666666666,CS+,ITI,4.0,1.0,Global on,Global off,1.0,109.0,0.009174311926605505,1.0,0.041666666666666664,ITI,ITI,4.0,1.0,Global on,Global off,3.0,0.026539973787680207,3.0,0.125,0.026539973787680207
31,15,4.0,2.0,Global on,Threat-like,4.0,112.0,0.03571428571428571,4.0,0.16666666666666666,CS+,CS+,4.0,2.0,Global on,Threat-like,1.0,109.0,0.009174311926605505,1.0,0.041666666666666664,CS-,CS-,4.0,2.0,Global on,Threat-like,3.0,0.026539973787680207,3.0,0.125,0.026539973787680207
13,31,2.0,4.0,Threat-like,Global on,8.0,128.0,0.0625,6.0,0.25,ITI,CS+,2.0,4.0,Threat-like,Global on,5.0,139.0,0.03597122302158273,5.0,0.20833333333333334,ITI,ITI,2.0,4.0,Threat-like,Global on,3.0,0.026528776978417268,1.0,0.04166666666666666,0.026528776978417268
27,23,0.0,0.0,0,0,0.0,0.0,0.0,0.0,0.0,0,0,4.0,4.0,Global on,Global on,1.0,38.0,0.02631578947368421,1.0,0.041666666666666664,ITI,CS+,4.0,4.0,Global on,Global on,-1.0,-0.02631578947368421,-1.0,-0.041666666666666664,0.02631578947368421
27,10,0.0,0.0,0,0,0.0,0.0,0.0,0.0,0.0,0,0,4.0,1.0,Global on,Global off,1.0,38.0,0.02631578947368421,1.0,0.041666666666666664,ITI,ITI,4.0,1.0,Global on,Global off,-1.0,-0.02631578947368421,-1.0,-0.041666666666666664,0.02631578947368421
27,17,0.0,0.0,0,0,0.0,0.0,0.0,0.0,0.0,0,0,4.0,1.0,Global on,Global off,1.0,38.0,0.02631578947368421,1.0,0.041666666666666664,ITI,ITI,4.0,1.0,Global on,Global off,-1.0,-0.02631578947368421,-1.0,-0.041666666666666664,0.02631578947368421
27,11,0.0,0.0,0,0,0.0,0.0,0.0,0.0,0.0,0,0,4.0,1.0,Global on,Global off,1.0,38.0,0.02631578947368421,1.0,0.041666666666666664,ITI,CS-,4.0,1.0,Global on,Global off,-1.0,-0.02631578947368421,-1.0,-0.041666666666666664,0.02631578947368421
19,9,0.0,0.0,0,0,0.0,0.0,0.0,0.0,0.0,0,0,3.0,1.0,Safety-like,Global off,2.0,76.0,0.02631578947368421,2.0,0.08333333333333333,CS+,CS+,3.0,1.0,Safety-like,Global off,-2.0,-0.02631578947368421,-2.0,-0.08333333333333333,0.02631578947368421
14,11,2.0,1.0,Threat-like,Global off,2.0,77.0,0.025974025974025976,2.0,0.08333333333333333,CS+,CS+,0.0,0.0,0,0,0.0,0.0,0.0,0.0,0.0,0,0,2.0,1.0,Threat-like,Global off,2.0,0.025974025974025976,2.0,0.08333333333333333,0.025974025974025976
16,30,4.0,4.0,Global on,Global on,4.0,111.0,0.036036036036036036,4.0,0.16666666666666666,CS-,CS-,4.0,4.0,Global on,Global on,1.0,99.0,0.010101010101010102,1.0,0.041666666666666664,ITI,ITI,4.0,4.0,Global on,Global on,3.0,0.025935025935025932,3.0,0.125,0.025935025935025932
16,19,4.0,3.0,Global on,Safety-like,4.0,111.0,0.036036036036036036,3.0,0.125,CS-,ITI,4.0,3.0,Global on,Safety-like,1.0,99.0,0.010101010101010102,1.0,0.041666666666666664,CS-,CS-,4.0,3.0,Global on,Safety-like,3.0,0.025935025935025932,2.0,0.08333333333333334,0.025935025935025932
28,8,4.0,3.0,Global on,Safety-like,3.0,79.0,0.0379746835443038,3.0,0.125,CS+,CS+,4.0,3.0,Global on,Safety-like,1.0,82.0,0.012195121951219513,1.0,0.041666666666666664,CS-,CS-,4.0,3.0,Global on,Safety-like,2.0,0.025779561593084286,2.0,0.08333333333333334,0.025779561593084286
12,13,3.0,2.0,Safety-like,Threat-like,2.0,40.0,0.05,2.0,0.08333333333333333,CS+,CS+,3.0,2.0,Safety-like,Threat-like,5.0,66.0,0.07575757575757576,4.0,0.16666666666666666,ITI,ITI,3.0,2.0,Safety-like,Threat-like,-3.0,-0.025757575757575757,-2.0,-0.08333333333333333,0.025757575757575757
16,14,4.0,2.0,Global on,Threat-like,5.0,111.0,0.04504504504504504,5.0,0.20833333333333334,CS+,CS+,4.0,2.0,Global on,Threat-like,7.0,99.0,0.0707070707070707,5.0,0.20833333333333334,CS+,CS+,4.0,2.0,Global on,Threat-like,-2.0,-0.02566202566202566,0.0,0.0,0.02566202566202566
27,6,4.0,1.0,Global on,Global off,1.0,39.0,0.02564102564102564,1.0,0.041666666666666664,CS-,CS-,0.0,0.0,0,0,0.0,0.0,0.0,0.0,0.0,0,0,4.0,1.0,Global on,Global off,1.0,0.02564102564102564,1.0,0.041666666666666664,0.02564102564102564
27,7,4.0,1.0,Global on,Global off,1.0,39.0,0.02564102564102564,1.0,0.041666666666666664,ITI,CS+,0.0,0.0,0,0,0.0,0.0,0.0,0.0,0.0,0,0,4.0,1.0,Global on,Global off,1.0,0.02564102564102564,1.0,0.041666666666666664,0.02564102564102564
27,5,4.0,1.0,Global on,Global off,1.0,39.0,0.02564102564102564,1.0,0.041666666666666664,ITI,CS+,0.0,0.0,0,0,0.0,0.0,0.0,0.0,0.0,0,0,4.0,1.0,Global on,Global off,1.0,0.02564102564102564,1.0,0.041666666666666664,0.02564102564102564
27,3,4.0,1.0,Global on,Global off,1.0,39.0,0.02564102564102564,1.0,0.041666666666666664,ITI,ITI,0.0,0.0,0,0,0.0,0.0,0.0,0.0,0.0,0,0,4.0,1.0,Global on,Global off,1.0,0.02564102564102564,1.0,0.041666666666666664,0.02564102564102564
27,30,4.0,4.0,Global on,Global on,1.0,39.0,0.02564102564102564,1.0,0.041666666666666664,CS+,CS+,0.0,0.0,0,0,0.0,0.0,0.0,0.0,0.0,0,0,4.0,4.0,Global on,Global on,1.0,0.02564102564102564,1.0,0.041666666666666664,0.02564102564102564
9,7,1.0,1.0,Global off,Global off,2.0,78.0,0.02564102564102564,2.0,0.08333333333333333,ITI,CS+,0.0,0.0,0,0,0.0,0.0,0.0,0.0,0.0,0,0,1.0,1.0,Global off,Global off,2.0,0.02564102564102564,2.0,0.08333333333333333,0.02564102564102564
19,2,3.0,1.0,Safety-like,Global off,1.0,72.0,0.013888888888888888,1.0,0.041666666666666664,ITI,ITI,3.0,1.0,Safety-like,Global off,3.0,76.0,0.039473684210526314,3.0,0.125,ITI,ITI,3.0,1.0,Safety-like,Global off,-2.0,-0.025584795321637425,-2.0,-0.08333333333333334,0.025584795321637425
19,25,3.0,1.0,Safety-like,Global off,1.0,72.0,0.013888888888888888,1.0,0.041666666666666664,ITI,CS-,3.0,1.0,Safety-like,Global off,3.0,76.0,0.039473684210526314,2.0,0.08333333333333333,ITI,CS+,3.0,1.0,Safety-like,Global off,-2.0,-0.025584795321637425,-1.0,-0.041666666666666664,0.025584795321637425
19,12,3.0,3.0,Safety-like,Safety-like,1.0,72.0,0.013888888888888888,1.0,0.041666666666666664,ITI,ITI,3.0,3.0,Safety-like,Safety-like,3.0,76.0,0.039473684210526314,3.0,0.125,ITI,ITI,3.0,3.0,Safety-like,Safety-like,-2.0,-0.025584795321637425,-2.0,-0.08333333333333334,0.025584795321637425
23,29,4.0,2.0,Global on,Threat-like,1.0,50.0,0.02,1.0,0.041666666666666664,ITI,ITI,4.0,2.0,Global on,Threat-like,2.0,44.0,0.045454545454545456,2.0,0.08333333333333333,CS-,CS-,4.0,2.0,Global on,Threat-like,-1.0,-0.025454545454545455,-1.0,-0.041666666666666664,0.025454545454545455
28,5,4.0,1.0,Global on,Global off,2.0,79.0,0.02531645569620253,2.0,0.08333333333333333,CS+,CS+,0.0,0.0,0,0,0.0,0.0,0.0,0.0,0.0,0,0,4.0,1.0,Global on,Global off,2.0,0.02531645569620253,2.0,0.08333333333333333,0.02531645569620253
28,24,4.0,4.0,Global on,Global on,2.0,79.0,0.02531645569620253,2.0,0.08333333333333333,ITI,ITI,0.0,0.0,0,0,0.0,0.0,0.0,0.0,0.0,0,0,4.0,4.0,Global on,Global on,2.0,0.02531645569620253,2.0,0.08333333333333333,0.02531645569620253
28,23,4.0,4.0,Global on,Global on,2.0,79.0,0.02531645569620253,2.0,0.08333333333333333,ITI,ITI,0.0,0.0,0,0,0.0,0.0,0.0,0.0,0.0,0,0,4.0,4.0,Global on,Global on,2.0,0.02531645569620253,2.0,0.08333333333333333,0.02531645569620253
28,16,4.0,4.0,Global on,Global on,2.0,79.0,0.02531645569620253,2.0,0.08333333333333333,CS+,CS+,0.0,0.0,0,0,0.0,0.0,0.0,0.0,0.0,0,0,4.0,4.0,Global on,Global on,2.0,0.02531645569620253,2.0,0.08333333333333333,0.02531645569620253
24,12,0.0,0.0,0,0,0.0,0.0,0.0,0.0,0.0,0,0,4.0,3.0,Global on,Safety-like,2.0,79.0,0.02531645569620253,2.0,0.08333333333333333,ITI,ITI,4.0,3.0,Global on,Safety-like,-2.0,-0.02531645569620253,-2.0,-0.08333333333333333,0.02531645569620253
24,8,0.0,0.0,0,0,0.0,0.0,0.0,0.0,0.0,0,0,4.0,3.0,Global on,Safety-like,2.0,79.0,0.02531645569620253,2.0,0.08333333333333333,CS+,ITI,4.0,3.0,Global on,Safety-like,-2.0,-0.02531645569620253,-2.0,-0.08333333333333333,0.02531645569620253
24,15,0.0,0.0,0,0,0.0,0.0,0.0,0.0,0.0,0,0,4.0,2.0,Global on,Threat-like,2.0,79.0,0.02531645569620253,2.0,0.08333333333333333,ITI,CS+,4.0,2.0,Global on,Threat-like,-2.0,-0.02531645569620253,-2.0,-0.08333333333333333,0.02531645569620253
6,3,1.0,1.0,Global off,Global off,2.0,43.0,0.046511627906976744,2.0,0.08333333333333333,CS+,CS+,1.0,1.0,Global off,Global off,1.0,47.0,0.02127659574468085,1.0,0.041666666666666664,CS-,CS-,1.0,1.0,Global off,Global off,1.0,0.025235032162295893,1.0,0.041666666666666664,0.025235032162295893
17,30,0.0,0.0,0,0,0.0,0.0,0.0,0.0,0.0,0,0,1.0,4.0,Global off,Global on,3.0,119.0,0.025210084033613446,3.0,0.125,ITI,ITI,1.0,4.0,Global off,Global on,-3.0,-0.025210084033613446,-3.0,-0.125,0.025210084033613446
17,15,0.0,0.0,0,0,0.0,0.0,0.0,0.0,0.0,0,0,1.0,2.0,Global off,Threat-like,3.0,119.0,0.025210084033613446,3.0,0.125,CS+,ITI,1.0,2.0,Global off,Threat-like,-3.0,-0.025210084033613446,-3.0,-0.125,0.025210084033613446
10,6,1.0,1.0,Global off,Global off,1.0,57.0,0.017543859649122806,1.0,0.041666666666666664,ITI,ITI,1.0,1.0,Global off,Global off,2.0,47.0,0.0425531914893617,2.0,0.08333333333333333,CS-,CS-,1.0,1.0,Global off,Global off,-1.0,-0.025009331840238895,-1.0,-0.041666666666666664,0.025009331840238895
21,10,1.0,1.0,Global off,Global off,1.0,40.0,0.025,1.0,0.041666666666666664,ITI,ITI,0.0,0.0,0,0,0.0,0.0,0.0,0.0,0.0,0,0,1.0,1.0,Global off,Global off,1.0,0.025,1.0,0.041666666666666664,0.025
21,15,1.0,2.0,Global off,Threat-like,1.0,40.0,0.025,1.0,0.041666666666666664,CS-,CS-,0.0,0.0,0,0,0.0,0.0,0.0,0.0,0.0,0,0,1.0,2.0,Global off,Threat-like,1.0,0.025,1.0,0.041666666666666664,0.025
12,22,3.0,4.0,Safety-like,Global on,1.0,40.0,0.025,1.0,0.041666666666666664,ITI,ITI,0.0,0.0,0,0,0.0,0.0,0.0,0.0,0.0,0,0,3.0,4.0,Safety-like,Global on,1.0,0.025,1.0,0.041666666666666664,0.025
12,15,3.0,2.0,Safety-like,Threat-like,1.0,40.0,0.025,1.0,0.041666666666666664,CS-,CS-,0.0,0.0,0,0,0.0,0.0,0.0,0.0,0.0,0,0,3.0,2.0,Safety-like,Threat-like,1.0,0.025,1.0,0.041666666666666664,0.025
27,24,4.0,4.0,Global on,Global on,2.0,39.0,0.05128205128205128,2.0,0.08333333333333333,CS+,CS-,4.0,4.0,Global on,Global on,1.0,38.0,0.02631578947368421,1.0,0.041666666666666664,ITI,CS-,4.0,4.0,Global on,Global on,1.0,0.02496626180836707,1.0,0.041666666666666664,0.02496626180836707
18,31,3.0,4.0,Safety-like,Global on,2.0,55.0,0.03636363636363636,2.0,0.08333333333333333,ITI,CS+,3.0,4.0,Safety-like,Global on,3.0,49.0,0.061224489795918366,3.0,0.125,ITI,ITI,3.0,4.0,Safety-like,Global on,-1.0,-0.024860853432282004,-1.0,-0.04166666666666667,0.024860853432282004
18,28,3.0,4.0,Safety-like,Global on,2.0,55.0,0.03636363636363636,2.0,0.08333333333333333,CS+,CS+,3.0,4.0,Safety-like,Global on,3.0,49.0,0.061224489795918366,3.0,0.125,ITI,ITI,3.0,4.0,Safety-like,Global on,-1.0,-0.024860853432282004,-1.0,-0.04166666666666667,0.024860853432282004
16,21,4.0,1.0,Global on,Global off,5.0,111.0,0.04504504504504504,2.0,0.08333333333333333,CS+,ITI,4.0,1.0,Global on,Global off,2.0,99.0,0.020202020202020204,1.0,0.041666666666666664,CS+,ITI,4.0,1.0,Global on,Global off,3.0,0.02484302484302484,1.0,0.041666666666666664,0.02484302484302484
16,17,4.0,1.0,Global on,Global off,5.0,111.0,0.04504504504504504,5.0,0.20833333333333334,CS-,ITI,4.0,1.0,Global on,Global off,2.0,99.0,0.020202020202020204,2.0,0.08333333333333333,CS+,CS+,4.0,1.0,Global on,Global off,3.0,0.02484302484302484,3.0,0.125,0.02484302484302484
2,16,1.0,4.0,Global off,Global on,3.0,106.0,0.02830188679245283,2.0,0.08333333333333333,ITI,ITI,1.0,4.0,Global off,Global on,6.0,113.0,0.05309734513274336,6.0,0.25,CS+,CS+,1.0,4.0,Global off,Global on,-3.0,-0.02479545834029053,-4.0,-0.16666666666666669,0.02479545834029053
20,19,3.0,3.0,Safety-like,Safety-like,8.0,135.0,0.05925925925925926,7.0,0.2916666666666667,ITI,ITI,3.0,3.0,Safety-like,Safety-like,5.0,145.0,0.034482758620689655,5.0,0.20833333333333334,ITI,ITI,3.0,3.0,Safety-like,Safety-like,3.0,0.024776500638569607,2.0,0.08333333333333334,0.024776500638569607
16,31,4.0,4.0,Global on,Global on,4.0,111.0,0.036036036036036036,4.0,0.16666666666666666,CS+,ITI,4.0,4.0,Global on,Global on,6.0,99.0,0.06060606060606061,4.0,0.16666666666666666,CS+,ITI,4.0,4.0,Global on,Global on,-2.0,-0.024570024570024572,0.0,0.0,0.024570024570024572
24,27,4.0,4.0,Global on,Global on,1.0,74.0,0.013513513513513514,1.0,0.041666666666666664,CS-,CS-,4.0,4.0,Global on,Global on,3.0,79.0,0.0379746835443038,3.0,0.125,ITI,ITI,4.0,4.0,Global on,Global on,-2.0,-0.024461170030790284,-2.0,-0.08333333333333334,0.024461170030790284
5,25,1.0,1.0,Global off,Global off,2.0,82.0,0.024390243902439025,2.0,0.08333333333333333,CS-,CS-,0.0,0.0,0,0,0.0,0.0,0.0,0.0,0.0,0,0,1.0,1.0,Global off,Global off,2.0,0.024390243902439025,2.0,0.08333333333333333,0.024390243902439025
5,3,1.0,1.0,Global off,Global off,2.0,82.0,0.024390243902439025,2.0,0.08333333333333333,ITI,CS+,0.0,0.0,0,0,0.0,0.0,0.0,0.0,0.0,0,0,1.0,1.0,Global off,Global off,2.0,0.024390243902439025,2.0,0.08333333333333333,0.024390243902439025
7,15,1.0,2.0,Global off,Threat-like,2.0,36.0,0.05555555555555555,2.0,0.08333333333333333,CS+,ITI,1.0,2.0,Global off,Threat-like,1.0,32.0,0.03125,1.0,0.041666666666666664,CS+,CS+,1.0,2.0,Global off,Threat-like,1.0,0.024305555555555552,1.0,0.041666666666666664,0.024305555555555552
7,23,1.0,4.0,Global off,Global on,2.0,36.0,0.05555555555555555,2.0,0.08333333333333333,CS+,CS+,1.0,4.0,Global off,Global on,1.0,32.0,0.03125,1.0,0.041666666666666664,CS+,ITI,1.0,4.0,Global off,Global on,1.0,0.024305555555555552,1.0,0.041666666666666664,0.024305555555555552
7,8,1.0,3.0,Global off,Safety-like,2.0,36.0,0.05555555555555555,2.0,0.08333333333333333,CS+,CS+,1.0,3.0,Global off,Safety-like,1.0,32.0,0.03125,1.0,0.041666666666666664,CS-,CS-,1.0,3.0,Global off,Safety-like,1.0,0.024305555555555552,1.0,0.041666666666666664,0.024305555555555552
27,29,4.0,2.0,Global on,Threat-like,3.0,39.0,0.07692307692307693,3.0,0.125,ITI,ITI,4.0,2.0,Global on,Threat-like,2.0,38.0,0.05263157894736842,2.0,0.08333333333333333,ITI,ITI,4.0,2.0,Global on,Threat-like,1.0,0.02429149797570851,1.0,0.04166666666666667,0.02429149797570851
22,32,4.0,4.0,Global on,Global on,2.0,22.0,0.09090909090909091,1.0,0.041666666666666664,ITI,CS-,4.0,4.0,Global on,Global on,1.0,15.0,0.06666666666666667,1.0,0.041666666666666664,CS-,CS-,4.0,4.0,Global on,Global on,1.0,0.024242424242424246,0.0,0.0,0.024242424242424246
15,7,2.0,1.0,Threat-like,Global off,2.0,50.0,0.04,2.0,0.08333333333333333,CS+,CS+,2.0,1.0,Threat-like,Global off,1.0,63.0,0.015873015873015872,1.0,0.041666666666666664,ITI,CS+,2.0,1.0,Threat-like,Global off,1.0,0.02412698412698413,1.0,0.041666666666666664,0.02412698412698413
15,4,2.0,3.0,Threat-like,Safety-like,2.0,50.0,0.04,2.0,0.08333333333333333,CS+,CS+,2.0,3.0,Threat-like,Safety-like,1.0,63.0,0.015873015873015872,1.0,0.041666666666666664,ITI,ITI,2.0,3.0,Threat-like,Safety-like,1.0,0.02412698412698413,1.0,0.041666666666666664,0.02412698412698413
28,2,4.0,1.0,Global on,Global off,1.0,79.0,0.012658227848101266,1.0,0.041666666666666664,CS+,ITI,4.0,1.0,Global on,Global off,3.0,82.0,0.036585365853658534,2.0,0.08333333333333333,ITI,ITI,4.0,1.0,Global on,Global off,-2.0,-0.02392713800555727,-1.0,-0.041666666666666664,0.02392713800555727
28,3,4.0,1.0,Global on,Global off,1.0,79.0,0.012658227848101266,1.0,0.041666666666666664,ITI,ITI,4.0,1.0,Global on,Global off,3.0,82.0,0.036585365853658534,2.0,0.08333333333333333,ITI,ITI,4.0,1.0,Global on,Global off,-2.0,-0.02392713800555727,-1.0,-0.041666666666666664,0.02392713800555727
28,18,4.0,3.0,Global on,Safety-like,1.0,79.0,0.012658227848101266,1.0,0.041666666666666664,CS+,ITI,4.0,3.0,Global on,Safety-like,3.0,82.0,0.036585365853658534,3.0,0.125,ITI,CS+,4.0,3.0,Global on,Safety-like,-2.0,-0.02392713800555727,-2.0,-0.08333333333333334,0.02392713800555727
1,2,1.0,1.0,Global off,Global off,16.0,212.0,0.07547169811320754,13.0,0.5416666666666666,ITI,ITI,1.0,1.0,Global off,Global off,10.0,194.0,0.05154639175257732,6.0,0.25,ITI,ITI,1.0,1.0,Global off,Global off,6.0,0.023925306360630227,7.0,0.29166666666666663,0.023925306360630227
13,5,2.0,1.0,Threat-like,Global off,8.0,128.0,0.0625,7.0,0.2916666666666667,ITI,ITI,2.0,1.0,Threat-like,Global off,12.0,139.0,0.08633093525179857,10.0,0.4166666666666667,ITI,ITI,2.0,1.0,Threat-like,Global off,-4.0,-0.023830935251798566,-3.0,-0.125,0.023830935251798566
9,10,1.0,1.0,Global off,Global off,3.0,78.0,0.038461538461538464,3.0,0.125,CS+,CS-,1.0,1.0,Global off,Global off,1.0,68.0,0.014705882352941176,1.0,0.041666666666666664,CS+,CS+,1.0,1.0,Global off,Global off,2.0,0.023755656108597287,2.0,0.08333333333333334,0.023755656108597287
14,18,0.0,0.0,0,0,0.0,0.0,0.0,0.0,0.0,0,0,2.0,3.0,Threat-like,Safety-like,2.0,85.0,0.023529411764705882,2.0,0.08333333333333333,ITI,ITI,2.0,3.0,Threat-like,Safety-like,-2.0,-0.023529411764705882,-2.0,-0.08333333333333333,0.023529411764705882
15,2,2.0,1.0,Threat-like,Global off,2.0,50.0,0.04,2.0,0.08333333333333333,CS+,CS+,2.0,1.0,Threat-like,Global off,4.0,63.0,0.06349206349206349,3.0,0.125,ITI,ITI,2.0,1.0,Threat-like,Global off,-2.0,-0.023492063492063488,-1.0,-0.04166666666666667,0.023492063492063488
28,12,4.0,3.0,Global on,Safety-like,2.0,79.0,0.02531645569620253,2.0,0.08333333333333333,CS-,CS+,4.0,3.0,Global on,Safety-like,4.0,82.0,0.04878048780487805,2.0,0.08333333333333333,ITI,ITI,4.0,3.0,Global on,Safety-like,-2.0,-0.02346403210867552,0.0,0.0,0.02346403210867552
13,12,2.0,3.0,Threat-like,Safety-like,3.0,128.0,0.0234375,3.0,0.125,ITI,ITI,0.0,0.0,0,0,0.0,0.0,0.0,0.0,0.0,0,0,2.0,3.0,Threat-like,Safety-like,3.0,0.0234375,3.0,0.125,0.0234375
13,28,2.0,4.0,Threat-like,Global on,3.0,128.0,0.0234375,3.0,0.125,CS-,CS-,0.0,0.0,0,0,0.0,0.0,0.0,0.0,0.0,0,0,2.0,4.0,Threat-like,Global on,3.0,0.0234375,3.0,0.125,0.0234375
19,24,3.0,4.0,Safety-like,Global on,4.0,72.0,0.05555555555555555,3.0,0.125,ITI,ITI,3.0,4.0,Safety-like,Global on,6.0,76.0,0.07894736842105263,5.0,0.20833333333333334,ITI,ITI,3.0,4.0,Safety-like,Global on,-2.0,-0.023391812865497075,-2.0,-0.08333333333333334,0.023391812865497075
9,1,1.0,1.0,Global off,Global off,11.0,78.0,0.14102564102564102,10.0,0.4166666666666667,CS+,CS+,1.0,1.0,Global off,Global off,8.0,68.0,0.11764705882352941,6.0,0.25,ITI,CS-,1.0,1.0,Global off,Global off,3.0,0.023378582202111614,4.0,0.16666666666666669,0.023378582202111614
3,9,1.0,1.0,Global off,Global off,2.0,47.0,0.0425531914893617,2.0,0.08333333333333333,ITI,CS-,1.0,1.0,Global off,Global off,1.0,52.0,0.019230769230769232,1.0,0.041666666666666664,ITI,CS+,1.0,1.0,Global off,Global off,1.0,0.02332242225859247,1.0,0.041666666666666664,0.02332242225859247
6,27,1.0,4.0,Global off,Global on,1.0,43.0,0.023255813953488372,1.0,0.041666666666666664,ITI,ITI,0.0,0.0,0,0,0.0,0.0,0.0,0.0,0.0,0,0,1.0,4.0,Global off,Global on,1.0,0.023255813953488372,1.0,0.041666666666666664,0.023255813953488372
6,2,1.0,1.0,Global off,Global off,1.0,43.0,0.023255813953488372,1.0,0.041666666666666664,ITI,ITI,0.0,0.0,0,0,0.0,0.0,0.0,0.0,0.0,0,0,1.0,1.0,Global off,Global off,1.0,0.023255813953488372,1.0,0.041666666666666664,0.023255813953488372
6,26,1.0,4.0,Global off,Global on,1.0,43.0,0.023255813953488372,1.0,0.041666666666666664,ITI,ITI,0.0,0.0,0,0,0.0,0.0,0.0,0.0,0.0,0,0,1.0,4.0,Global off,Global on,1.0,0.023255813953488372,1.0,0.041666666666666664,0.023255813953488372
6,25,1.0,1.0,Global off,Global off,1.0,43.0,0.023255813953488372,1.0,0.041666666666666664,ITI,CS+,0.0,0.0,0,0,0.0,0.0,0.0,0.0,0.0,0,0,1.0,1.0,Global off,Global off,1.0,0.023255813953488372,1.0,0.041666666666666664,0.023255813953488372
6,24,1.0,4.0,Global off,Global on,1.0,43.0,0.023255813953488372,1.0,0.041666666666666664,ITI,ITI,0.0,0.0,0,0,0.0,0.0,0.0,0.0,0.0,0,0,1.0,4.0,Global off,Global on,1.0,0.023255813953488372,1.0,0.041666666666666664,0.023255813953488372
30,31,4.0,4.0,Global on,Global on,5.0,57.0,0.08771929824561403,5.0,0.20833333333333334,CS+,ITI,4.0,4.0,Global on,Global on,4.0,62.0,0.06451612903225806,3.0,0.125,ITI,ITI,4.0,4.0,Global on,Global on,1.0,0.023203169213355967,2.0,0.08333333333333334,0.023203169213355967
27,28,4.0,4.0,Global on,Global on,5.0,39.0,0.1282051282051282,5.0,0.20833333333333334,ITI,ITI,4.0,4.0,Global on,Global on,4.0,38.0,0.10526315789473684,4.0,0.16666666666666666,ITI,ITI,4.0,4.0,Global on,Global on,1.0,0.022941970310391357,1.0,0.041666666666666685,0.022941970310391357
20,10,3.0,1.0,Safety-like,Global off,4.0,135.0,0.02962962962962963,4.0,0.16666666666666666,CS+,ITI,3.0,1.0,Safety-like,Global off,1.0,145.0,0.006896551724137931,1.0,0.041666666666666664,CS-,ITI,3.0,1.0,Safety-like,Global off,3.0,0.0227330779054917,3.0,0.125,0.0227330779054917
23,3,0.0,0.0,0,0,0.0,0.0,0.0,0.0,0.0,0,0,4.0,1.0,Global on,Global off,1.0,44.0,0.022727272727272728,1.0,0.041666666666666664,ITI,ITI,4.0,1.0,Global on,Global off,-1.0,-0.022727272727272728,-1.0,-0.041666666666666664,0.022727272727272728
23,6,0.0,0.0,0,0,0.0,0.0,0.0,0.0,0.0,0,0,4.0,1.0,Global on,Global off,1.0,44.0,0.022727272727272728,1.0,0.041666666666666664,ITI,ITI,4.0,1.0,Global on,Global off,-1.0,-0.022727272727272728,-1.0,-0.041666666666666664,0.022727272727272728
23,7,0.0,0.0,0,0,0.0,0.0,0.0,0.0,0.0,0,0,4.0,1.0,Global on,Global off,1.0,44.0,0.022727272727272728,1.0,0.041666666666666664,ITI,CS-,4.0,1.0,Global on,Global off,-1.0,-0.022727272727272728,-1.0,-0.041666666666666664,0.022727272727272728
18,6,3.0,1.0,Safety-like,Global off,1.0,55.0,0.01818181818181818,1.0,0.041666666666666664,ITI,CS+,3.0,1.0,Safety-like,Global off,2.0,49.0,0.04081632653061224,2.0,0.08333333333333333,ITI,CS-,3.0,1.0,Safety-like,Global off,-1.0,-0.02263450834879406,-1.0,-0.041666666666666664,0.02263450834879406
18,3,3.0,1.0,Safety-like,Global off,1.0,55.0,0.01818181818181818,1.0,0.041666666666666664,ITI,ITI,3.0,1.0,Safety-like,Global off,2.0,49.0,0.04081632653061224,2.0,0.08333333333333333,ITI,CS+,3.0,1.0,Safety-like,Global off,-1.0,-0.02263450834879406,-1.0,-0.041666666666666664,0.02263450834879406
18,27,3.0,4.0,Safety-like,Global on,1.0,55.0,0.01818181818181818,1.0,0.041666666666666664,ITI,ITI,3.0,4.0,Safety-like,Global on,2.0,49.0,0.04081632653061224,2.0,0.08333333333333333,CS-,CS-,3.0,4.0,Safety-like,Global on,-1.0,-0.02263450834879406,-1.0,-0.041666666666666664,0.02263450834879406
29,13,2.0,2.0,Threat-like,Threat-like,6.0,107.0,0.056074766355140186,4.0,0.16666666666666666,CS+,ITI,2.0,2.0,Threat-like,Threat-like,8.0,102.0,0.0784313725490196,7.0,0.2916666666666667,ITI,ITI,2.0,2.0,Threat-like,Threat-like,-2.0,-0.02235660619387942,-3.0,-0.12500000000000003,0.02235660619387942
9,5,1.0,1.0,Global off,Global off,4.0,78.0,0.05128205128205128,3.0,0.125,ITI,ITI,1.0,1.0,Global off,Global off,5.0,68.0,0.07352941176470588,5.0,0.20833333333333334,CS-,CS-,1.0,1.0,Global off,Global off,-1.0,-0.022247360482654605,-2.0,-0.08333333333333334,0.022247360482654605
8,4,3.0,3.0,Safety-like,Safety-like,3.0,49.0,0.061224489795918366,3.0,0.125,ITI,ITI,3.0,3.0,Safety-like,Safety-like,4.0,48.0,0.08333333333333333,3.0,0.125,CS-,CS-,3.0,3.0,Safety-like,Safety-like,-1.0,-0.022108843537414963,0.0,0.0,0.022108843537414963
20,32,3.0,4.0,Safety-like,Global on,11.0,135.0,0.08148148148148149,9.0,0.375,ITI,CS+,3.0,4.0,Safety-like,Global on,15.0,145.0,0.10344827586206896,9.0,0.375,ITI,ITI,3.0,4.0,Safety-like,Global on,-4.0,-0.021966794380587476,0.0,0.0,0.021966794380587476
8,9,3.0,1.0,Safety-like,Global off,2.0,49.0,0.04081632653061224,2.0,0.08333333333333333,CS+,CS-,3.0,1.0,Safety-like,Global off,3.0,48.0,0.0625,3.0,0.125,ITI,ITI,3.0,1.0,Safety-like,Global off,-1.0,-0.02168367346938776,-1.0,-0.04166666666666667,0.02168367346938776
28,32,4.0,4.0,Global on,Global on,6.0,79.0,0.0759493670886076,6.0,0.25,ITI,ITI,4.0,4.0,Global on,Global on,8.0,82.0,0.0975609756097561,7.0,0.2916666666666667,ITI,ITI,4.0,4.0,Global on,Global on,-2.0,-0.021611608521148504,-1.0,-0.041666666666666685,0.021611608521148504
28,17,4.0,1.0,Global on,Global off,6.0,79.0,0.0759493670886076,5.0,0.20833333333333334,ITI,ITI,4.0,1.0,Global on,Global off,8.0,82.0,0.0975609756097561,7.0,0.2916666666666667,ITI,ITI,4.0,1.0,Global on,Global off,-2.0,-0.021611608521148504,-2.0,-0.08333333333333334,0.021611608521148504
25,19,1.0,3.0,Global off,Safety-like,2.0,55.0,0.03636363636363636,2.0,0.08333333333333333,ITI,CS-,1.0,3.0,Global off,Safety-like,3.0,52.0,0.057692307692307696,3.0,0.125,CS-,ITI,1.0,3.0,Global off,Safety-like,-1.0,-0.021328671328671334,-1.0,-0.04166666666666667,0.021328671328671334
16,8,4.0,3.0,Global on,Safety-like,1.0,111.0,0.009009009009009009,1.0,0.041666666666666664,ITI,ITI,4.0,3.0,Global on,Safety-like,3.0,99.0,0.030303030303030304,3.0,0.125,CS+,CS+,4.0,3.0,Global on,Safety-like,-2.0,-0.021294021294021297,-2.0,-0.08333333333333334,0.021294021294021297
10,7,0.0,0.0,0,0,0.0,0.0,0.0,0.0,0.0,0,0,1.0,1.0,Global off,Global off,1.0,47.0,0.02127659574468085,1.0,0.041666666666666664,CS+,CS+,1.0,1.0,Global off,Global off,-1.0,-0.02127659574468085,-1.0,-0.041666666666666664,0.02127659574468085
6,12,0.0,0.0,0,0,0.0,0.0,0.0,0.0,0.0,0,0,1.0,3.0,Global off,Safety-like,1.0,47.0,0.02127659574468085,1.0,0.041666666666666664,ITI,ITI,1.0,3.0,Global off,Safety-like,-1.0,-0.02127659574468085,-1.0,-0.041666666666666664,0.02127659574468085
6,15,0.0,0.0,0,0,0.0,0.0,0.0,0.0,0.0,0,0,1.0,2.0,Global off,Threat-like,1.0,47.0,0.02127659574468085,1.0,0.041666666666666664,ITI,ITI,1.0,2.0,Global off,Threat-like,-1.0,-0.02127659574468085,-1.0,-0.041666666666666664,0.02127659574468085
6,19,0.0,0.0,0,0,0.0,0.0,0.0,0.0,0.0,0,0,1.0,3.0,Global off,Safety-like,1.0,47.0,0.02127659574468085,1.0,0.041666666666666664,ITI,ITI,1.0,3.0,Global off,Safety-like,-1.0,-0.02127659574468085,-1.0,-0.041666666666666664,0.02127659574468085
6,23,0.0,0.0,0,0,0.0,0.0,0.0,0.0,0.0,0,0,1.0,4.0,Global off,Global on,1.0,47.0,0.02127659574468085,1.0,0.041666666666666664,ITI,CS-,1.0,4.0,Global off,Global on,-1.0,-0.02127659574468085,-1.0,-0.041666666666666664,0.02127659574468085
10,21,0.0,0.0,0,0,0.0,0.0,0.0,0.0,0.0,0,0,1.0,1.0,Global off,Global off,1.0,47.0,0.02127659574468085,1.0,0.041666666666666664,ITI,ITI,1.0,1.0,Global off,Global off,-1.0,-0.02127659574468085,-1.0,-0.041666666666666664,0.02127659574468085
10,15,0.0,0.0,0,0,0.0,0.0,0.0,0.0,0.0,0,0,1.0,2.0,Global off,Threat-like,1.0,47.0,0.02127659574468085,1.0,0.041666666666666664,ITI,ITI,1.0,2.0,Global off,Threat-like,-1.0,-0.02127659574468085,-1.0,-0.041666666666666664,0.02127659574468085
10,8,0.0,0.0,0,0,0.0,0.0,0.0,0.0,0.0,0,0,1.0,3.0,Global off,Safety-like,1.0,47.0,0.02127659574468085,1.0,0.041666666666666664,CS-,ITI,1.0,3.0,Global off,Safety-like,-1.0,-0.02127659574468085,-1.0,-0.041666666666666664,0.02127659574468085
22,28,4.0,4.0,Global on,Global on,1.0,22.0,0.045454545454545456,1.0,0.041666666666666664,ITI,ITI,4.0,4.0,Global on,Global on,1.0,15.0,0.06666666666666667,1.0,0.041666666666666664,CS+,ITI,4.0,4.0,Global on,Global on,0.0,-0.02121212121212121,0.0,0.0,0.02121212121212121
22,2,4.0,1.0,Global on,Global off,1.0,22.0,0.045454545454545456,1.0,0.041666666666666664,ITI,CS+,4.0,1.0,Global on,Global off,1.0,15.0,0.06666666666666667,1.0,0.041666666666666664,ITI,CS-,4.0,1.0,Global on,Global off,0.0,-0.02121212121212121,0.0,0.0,0.02121212121212121
22,10,4.0,1.0,Global on,Global off,1.0,22.0,0.045454545454545456,1.0,0.041666666666666664,ITI,ITI,4.0,1.0,Global on,Global off,1.0,15.0,0.06666666666666667,1.0,0.041666666666666664,ITI,ITI,4.0,1.0,Global on,Global off,0.0,-0.02121212121212121,0.0,0.0,0.02121212121212121
22,24,4.0,4.0,Global on,Global on,1.0,22.0,0.045454545454545456,1.0,0.041666666666666664,ITI,ITI,4.0,4.0,Global on,Global on,1.0,15.0,0.06666666666666667,1.0,0.041666666666666664,ITI,CS-,4.0,4.0,Global on,Global on,0.0,-0.02121212121212121,0.0,0.0,0.02121212121212121
22,4,4.0,3.0,Global on,Safety-like,1.0,22.0,0.045454545454545456,1.0,0.041666666666666664,ITI,CS-,4.0,3.0,Global on,Safety-like,1.0,15.0,0.06666666666666667,1.0,0.041666666666666664,CS-,ITI,4.0,3.0,Global on,Safety-like,0.0,-0.02121212121212121,0.0,0.0,0.02121212121212121
22,8,4.0,3.0,Global on,Safety-like,1.0,22.0,0.045454545454545456,1.0,0.041666666666666664,CS-,CS-,4.0,3.0,Global on,Safety-like,1.0,15.0,0.06666666666666667,1.0,0.041666666666666664,CS+,ITI,4.0,3.0,Global on,Safety-like,0.0,-0.02121212121212121,0.0,0.0,0.02121212121212121
17,21,1.0,1.0,Global off,Global off,2.0,96.0,0.020833333333333332,2.0,0.08333333333333333,ITI,CS+,1.0,1.0,Global off,Global off,5.0,119.0,0.04201680672268908,4.0,0.16666666666666666,ITI,CS-,1.0,1.0,Global off,Global off,-3.0,-0.021183473389355747,-2.0,-0.08333333333333333,0.021183473389355747
14,15,2.0,2.0,Threat-like,Threat-like,2.0,77.0,0.025974025974025976,2.0,0.08333333333333333,CS-,ITI,2.0,2.0,Threat-like,Threat-like,4.0,85.0,0.047058823529411764,4.0,0.16666666666666666,CS-,CS-,2.0,2.0,Threat-like,Threat-like,-2.0,-0.02108479755538579,-2.0,-0.08333333333333333,0.02108479755538579
1,30,1.0,4.0,Global off,Global on,1.0,212.0,0.0047169811320754715,1.0,0.041666666666666664,CS-,ITI,1.0,4.0,Global off,Global on,5.0,194.0,0.02577319587628866,5.0,0.20833333333333334,ITI,ITI,1.0,4.0,Global off,Global on,-4.0,-0.021056214744213188,-4.0,-0.16666666666666669,0.021056214744213188
5,13,1.0,2.0,Global off,Threat-like,9.0,82.0,0.10975609756097561,8.0,0.3333333333333333,ITI,CS+,1.0,2.0,Global off,Threat-like,8.0,90.0,0.08888888888888889,8.0,0.3333333333333333,ITI,ITI,1.0,2.0,Global off,Threat-like,1.0,0.020867208672086718,0.0,0.0,0.020867208672086718
17,22,1.0,4.0,Global off,Global on,2.0,96.0,0.020833333333333332,2.0,0.08333333333333333,CS-,CS-,0.0,0.0,0,0,0.0,0.0,0.0,0.0,0.0,0,0,1.0,4.0,Global off,Global on,2.0,0.020833333333333332,2.0,0.08333333333333333,0.020833333333333332
7,16,1.0,4.0,Global off,Global on,3.0,36.0,0.08333333333333333,3.0,0.125,CS-,CS-,1.0,4.0,Global off,Global on,2.0,32.0,0.0625,2.0,0.08333333333333333,CS-,CS-,1.0,4.0,Global off,Global on,1.0,0.02083333333333333,1.0,0.04166666666666667,0.02083333333333333
15,13,2.0,2.0,Threat-like,Threat-like,5.0,50.0,0.1,4.0,0.16666666666666666,CS-,CS-,2.0,2.0,Threat-like,Threat-like,5.0,63.0,0.07936507936507936,2.0,0.08333333333333333,CS+,ITI,2.0,2.0,Threat-like,Threat-like,0.0,0.020634920634920645,2.0,0.08333333333333333,0.020634920634920645
2,10,1.0,1.0,Global off,Global off,5.0,106.0,0.04716981132075472,4.0,0.16666666666666666,ITI,CS+,1.0,1.0,Global off,Global off,3.0,113.0,0.02654867256637168,3.0,0.125,CS+,CS+,1.0,1.0,Global off,Global off,2.0,0.02062113875438304,1.0,0.04166666666666666,0.02062113875438304
2,31,1.0,4.0,Global off,Global on,5.0,106.0,0.04716981132075472,5.0,0.20833333333333334,CS+,CS+,1.0,4.0,Global off,Global on,3.0,113.0,0.02654867256637168,2.0,0.08333333333333333,CS+,CS+,1.0,4.0,Global off,Global on,2.0,0.02062113875438304,3.0,0.125,0.02062113875438304
2,6,1.0,1.0,Global off,Global off,5.0,106.0,0.04716981132075472,5.0,0.20833333333333334,ITI,ITI,1.0,1.0,Global off,Global off,3.0,113.0,0.02654867256637168,3.0,0.125,CS+,CS+,1.0,1.0,Global off,Global off,2.0,0.02062113875438304,2.0,0.08333333333333334,0.02062113875438304
29,5,2.0,1.0,Threat-like,Global off,2.0,107.0,0.018691588785046728,2.0,0.08333333333333333,ITI,ITI,2.0,1.0,Threat-like,Global off,4.0,102.0,0.0392156862745098,4.0,0.16666666666666666,ITI,CS+,2.0,1.0,Threat-like,Global off,-2.0,-0.020524097489463076,-2.0,-0.08333333333333333,0.020524097489463076
12,28,3.0,4.0,Safety-like,Global on,1.0,40.0,0.025,1.0,0.041666666666666664,ITI,ITI,3.0,4.0,Safety-like,Global on,3.0,66.0,0.045454545454545456,3.0,0.125,CS+,ITI,3.0,4.0,Safety-like,Global on,-2.0,-0.020454545454545454,-2.0,-0.08333333333333334,0.020454545454545454
8,22,3.0,4.0,Safety-like,Global on,1.0,49.0,0.02040816326530612,1.0,0.041666666666666664,CS+,CS+,0.0,0.0,0,0,0.0,0.0,0.0,0.0,0.0,0,0,3.0,4.0,Safety-like,Global on,1.0,0.02040816326530612,1.0,0.041666666666666664,0.02040816326530612
8,25,3.0,1.0,Safety-like,Global off,1.0,49.0,0.02040816326530612,1.0,0.041666666666666664,ITI,ITI,0.0,0.0,0,0,0.0,0.0,0.0,0.0,0.0,0,0,3.0,1.0,Safety-like,Global off,1.0,0.02040816326530612,1.0,0.041666666666666664,0.02040816326530612
8,21,3.0,1.0,Safety-like,Global off,1.0,49.0,0.02040816326530612,1.0,0.041666666666666664,ITI,CS+,0.0,0.0,0,0,0.0,0.0,0.0,0.0,0.0,0,0,3.0,1.0,Safety-like,Global off,1.0,0.02040816326530612,1.0,0.041666666666666664,0.02040816326530612
18,25,0.0,0.0,0,0,0.0,0.0,0.0,0.0,0.0,0,0,3.0,1.0,Safety-like,Global off,1.0,49.0,0.02040816326530612,1.0,0.041666666666666664,ITI,CS-,3.0,1.0,Safety-like,Global off,-1.0,-0.02040816326530612,-1.0,-0.041666666666666664,0.02040816326530612
18,12,0.0,0.0,0,0,0.0,0.0,0.0,0.0,0.0,0,0,3.0,3.0,Safety-like,Safety-like,1.0,49.0,0.02040816326530612,1.0,0.041666666666666664,ITI,CS-,3.0,3.0,Safety-like,Safety-like,-1.0,-0.02040816326530612,-1.0,-0.041666666666666664,0.02040816326530612
18,15,0.0,0.0,0,0,0.0,0.0,0.0,0.0,0.0,0,0,3.0,2.0,Safety-like,Threat-like,1.0,49.0,0.02040816326530612,1.0,0.041666666666666664,ITI,ITI,3.0,2.0,Safety-like,Threat-like,-1.0,-0.02040816326530612,-1.0,-0.041666666666666664,0.02040816326530612
18,14,0.0,0.0,0,0,0.0,0.0,0.0,0.0,0.0,0,0,3.0,2.0,Safety-like,Threat-like,1.0,49.0,0.02040816326530612,1.0,0.041666666666666664,ITI,ITI,3.0,2.0,Safety-like,Threat-like,-1.0,-0.02040816326530612,-1.0,-0.041666666666666664,0.02040816326530612
8,10,3.0,1.0,Safety-like,Global off,1.0,49.0,0.02040816326530612,1.0,0.041666666666666664,CS-,CS-,0.0,0.0,0,0,0.0,0.0,0.0,0.0,0.0,0,0,3.0,1.0,Safety-like,Global off,1.0,0.02040816326530612,1.0,0.041666666666666664,0.02040816326530612
18,26,0.0,0.0,0,0,0.0,0.0,0.0,0.0,0.0,0,0,3.0,4.0,Safety-like,Global on,1.0,49.0,0.02040816326530612,1.0,0.041666666666666664,ITI,ITI,3.0,4.0,Safety-like,Global on,-1.0,-0.02040816326530612,-1.0,-0.041666666666666664,0.02040816326530612
18,23,0.0,0.0,0,0,0.0,0.0,0.0,0.0,0.0,0,0,3.0,4.0,Safety-like,Global on,1.0,49.0,0.02040816326530612,1.0,0.041666666666666664,CS-,CS-,3.0,4.0,Safety-like,Global on,-1.0,-0.02040816326530612,-1.0,-0.041666666666666664,0.02040816326530612
8,11,3.0,1.0,Safety-like,Global off,1.0,49.0,0.02040816326530612,1.0,0.041666666666666664,CS-,ITI,0.0,0.0,0,0,0.0,0.0,0.0,0.0,0.0,0,0,3.0,1.0,Safety-like,Global off,1.0,0.02040816326530612,1.0,0.041666666666666664,0.02040816326530612
30,19,4.0,3.0,Global on,Safety-like,3.0,57.0,0.05263157894736842,3.0,0.125,ITI,ITI,4.0,3.0,Global on,Safety-like,2.0,62.0,0.03225806451612903,2.0,0.08333333333333333,CS+,CS-,4.0,3.0,Global on,Safety-like,1.0,0.020373514431239387,1.0,0.04166666666666667,0.020373514431239387
25,24,1.0,4.0,Global off,Global on,1.0,55.0,0.01818181818181818,1.0,0.041666666666666664,CS-,ITI,1.0,4.0,Global off,Global on,2.0,52.0,0.038461538461538464,2.0,0.08333333333333333,ITI,CS+,1.0,4.0,Global off,Global on,-1.0,-0.020279720279720283,-1.0,-0.041666666666666664,0.020279720279720283
25,30,1.0,4.0,Global off,Global on,1.0,55.0,0.01818181818181818,1.0,0.041666666666666664,CS+,ITI,1.0,4.0,Global off,Global on,2.0,52.0,0.038461538461538464,2.0,0.08333333333333333,CS-,CS-,1.0,4.0,Global off,Global on,-1.0,-0.020279720279720283,-1.0,-0.041666666666666664,0.020279720279720283
25,26,1.0,4.0,Global off,Global on,1.0,55.0,0.01818181818181818,1.0,0.041666666666666664,ITI,CS+,1.0,4.0,Global off,Global on,2.0,52.0,0.038461538461538464,2.0,0.08333333333333333,ITI,CS+,1.0,4.0,Global off,Global on,-1.0,-0.020279720279720283,-1.0,-0.041666666666666664,0.020279720279720283
25,31,1.0,4.0,Global off,Global on,1.0,55.0,0.01818181818181818,1.0,0.041666666666666664,CS+,CS+,1.0,4.0,Global off,Global on,2.0,52.0,0.038461538461538464,2.0,0.08333333333333333,ITI,CS+,1.0,4.0,Global off,Global on,-1.0,-0.020279720279720283,-1.0,-0.041666666666666664,0.020279720279720283
10,13,1.0,2.0,Global off,Threat-like,6.0,57.0,0.10526315789473684,4.0,0.16666666666666666,CS+,CS+,1.0,2.0,Global off,Threat-like,4.0,47.0,0.0851063829787234,3.0,0.125,CS-,ITI,1.0,2.0,Global off,Threat-like,2.0,0.020156774916013434,1.0,0.04166666666666666,0.020156774916013434
29,12,2.0,3.0,Threat-like,Safety-like,1.0,107.0,0.009345794392523364,1.0,0.041666666666666664,ITI,ITI,2.0,3.0,Threat-like,Safety-like,3.0,102.0,0.029411764705882353,3.0,0.125,ITI,ITI,2.0,3.0,Threat-like,Safety-like,-2.0,-0.020065970313358987,-2.0,-0.08333333333333334,0.020065970313358987
5,9,1.0,1.0,Global off,Global off,2.0,82.0,0.024390243902439025,2.0,0.08333333333333333,ITI,ITI,1.0,1.0,Global off,Global off,4.0,90.0,0.044444444444444446,4.0,0.16666666666666666,CS-,CS+,1.0,1.0,Global off,Global off,-2.0,-0.02005420054200542,-2.0,-0.08333333333333333,0.02005420054200542
15,27,2.0,4.0,Threat-like,Global on,1.0,50.0,0.02,1.0,0.041666666666666664,CS+,CS+,0.0,0.0,0,0,0.0,0.0,0.0,0.0,0.0,0,0,2.0,4.0,Threat-like,Global on,1.0,0.02,1.0,0.041666666666666664,0.02
23,12,4.0,3.0,Global on,Safety-like,1.0,50.0,0.02,1.0,0.041666666666666664,CS+,ITI,0.0,0.0,0,0,0.0,0.0,0.0,0.0,0.0,0,0,4.0,3.0,Global on,Safety-like,1.0,0.02,1.0,0.041666666666666664,0.02
15,21,2.0,1.0,Threat-like,Global off,1.0,50.0,0.02,1.0,0.041666666666666664,ITI,CS+,0.0,0.0,0,0,0.0,0.0,0.0,0.0,0.0,0,0,2.0,1.0,Threat-like,Global off,1.0,0.02,1.0,0.041666666666666664,0.02
9,29,1.0,2.0,Global off,Threat-like,5.0,78.0,0.0641025641025641,3.0,0.125,ITI,ITI,1.0,2.0,Global off,Threat-like,3.0,68.0,0.04411764705882353,3.0,0.125,CS+,CS+,1.0,2.0,Global off,Threat-like,2.0,0.019984917043740565,0.0,0.0,0.019984917043740565
8,3,3.0,1.0,Safety-like,Global off,2.0,49.0,0.04081632653061224,2.0,0.08333333333333333,CS-,CS+,3.0,1.0,Safety-like,Global off,1.0,48.0,0.020833333333333332,1.0,0.041666666666666664,CS+,ITI,3.0,1.0,Safety-like,Global off,1.0,0.01998299319727891,1.0,0.041666666666666664,0.01998299319727891
13,6,2.0,1.0,Threat-like,Global off,3.0,128.0,0.0234375,3.0,0.125,ITI,ITI,2.0,1.0,Threat-like,Global off,6.0,139.0,0.04316546762589928,5.0,0.20833333333333334,CS+,ITI,2.0,1.0,Threat-like,Global off,-3.0,-0.019727967625899283,-2.0,-0.08333333333333334,0.019727967625899283
8,16,3.0,4.0,Safety-like,Global on,3.0,49.0,0.061224489795918366,3.0,0.125,CS-,CS-,3.0,4.0,Safety-like,Global on,2.0,48.0,0.041666666666666664,2.0,0.08333333333333333,CS-,CS-,3.0,4.0,Safety-like,Global on,1.0,0.0195578231292517,1.0,0.04166666666666667,0.0195578231292517
2,28,1.0,4.0,Global off,Global on,3.0,106.0,0.02830188679245283,2.0,0.08333333333333333,CS+,CS+,1.0,4.0,Global off,Global on,1.0,113.0,0.008849557522123894,1.0,0.041666666666666664,CS-,CS-,1.0,4.0,Global off,Global on,2.0,0.019452329270328937,1.0,0.041666666666666664,0.019452329270328937
6,8,1.0,3.0,Global off,Safety-like,1.0,43.0,0.023255813953488372,1.0,0.041666666666666664,ITI,ITI,1.0,3.0,Global off,Safety-like,2.0,47.0,0.0425531914893617,2.0,0.08333333333333333,CS-,CS-,1.0,3.0,Global off,Safety-like,-1.0,-0.01929737753587333,-1.0,-0.041666666666666664,0.01929737753587333
25,15,0.0,0.0,0,0,0.0,0.0,0.0,0.0,0.0,0,0,1.0,2.0,Global off,Threat-like,1.0,52.0,0.019230769230769232,1.0,0.041666666666666664,ITI,ITI,1.0,2.0,Global off,Threat-like,-1.0,-0.019230769230769232,-1.0,-0.041666666666666664,0.019230769230769232
25,5,0.0,0.0,0,0,0.0,0.0,0.0,0.0,0.0,0,0,1.0,1.0,Global off,Global off,1.0,52.0,0.019230769230769232,1.0,0.041666666666666664,ITI,ITI,1.0,1.0,Global off,Global off,-1.0,-0.019230769230769232,-1.0,-0.041666666666666664,0.019230769230769232
3,12,0.0,0.0,0,0,0.0,0.0,0.0,0.0,0.0,0,0,1.0,3.0,Global off,Safety-like,1.0,52.0,0.019230769230769232,1.0,0.041666666666666664,ITI,CS-,1.0,3.0,Global off,Safety-like,-1.0,-0.019230769230769232,-1.0,-0.041666666666666664,0.019230769230769232
3,10,0.0,0.0,0,0,0.0,0.0,0.0,0.0,0.0,0,0,1.0,1.0,Global off,Global off,1.0,52.0,0.019230769230769232,1.0,0.041666666666666664,ITI,CS-,1.0,1.0,Global off,Global off,-1.0,-0.019230769230769232,-1.0,-0.041666666666666664,0.019230769230769232
3,20,0.0,0.0,0,0,0.0,0.0,0.0,0.0,0.0,0,0,1.0,3.0,Global off,Safety-like,1.0,52.0,0.019230769230769232,1.0,0.041666666666666664,CS-,CS-,1.0,3.0,Global off,Safety-like,-1.0,-0.019230769230769232,-1.0,-0.041666666666666664,0.019230769230769232
4,17,3.0,1.0,Safety-like,Global off,8.0,107.0,0.07476635514018691,7.0,0.2916666666666667,ITI,ITI,3.0,1.0,Safety-like,Global off,6.0,108.0,0.05555555555555555,4.0,0.16666666666666666,ITI,ITI,3.0,1.0,Safety-like,Global off,2.0,0.019210799584631358,3.0,0.12500000000000003,0.019210799584631358
8,32,3.0,4.0,Safety-like,Global on,4.0,49.0,0.08163265306122448,4.0,0.16666666666666666,ITI,CS-,3.0,4.0,Safety-like,Global on,3.0,48.0,0.0625,3.0,0.125,ITI,ITI,3.0,4.0,Safety-like,Global on,1.0,0.019132653061224483,1.0,0.04166666666666666,0.019132653061224483
8,1,3.0,1.0,Safety-like,Global off,4.0,49.0,0.08163265306122448,3.0,0.125,ITI,ITI,3.0,1.0,Safety-like,Global off,3.0,48.0,0.0625,3.0,0.125,ITI,ITI,3.0,1.0,Safety-like,Global off,1.0,0.019132653061224483,0.0,0.0,0.019132653061224483
31,12,4.0,3.0,Global on,Safety-like,3.0,112.0,0.026785714285714284,3.0,0.125,CS+,ITI,4.0,3.0,Global on,Safety-like,5.0,109.0,0.045871559633027525,5.0,0.20833333333333334,ITI,ITI,4.0,3.0,Global on,Safety-like,-2.0,-0.01908584534731324,-2.0,-0.08333333333333334,0.01908584534731324
30,7,4.0,1.0,Global on,Global off,2.0,57.0,0.03508771929824561,2.0,0.08333333333333333,CS-,CS+,4.0,1.0,Global on,Global off,1.0,62.0,0.016129032258064516,1.0,0.041666666666666664,CS-,ITI,4.0,1.0,Global on,Global off,1.0,0.018958687040181096,1.0,0.041666666666666664,0.018958687040181096
30,25,4.0,1.0,Global on,Global off,2.0,57.0,0.03508771929824561,2.0,0.08333333333333333,CS-,ITI,4.0,1.0,Global on,Global off,1.0,62.0,0.016129032258064516,1.0,0.041666666666666664,ITI,ITI,4.0,1.0,Global on,Global off,1.0,0.018958687040181096,1.0,0.041666666666666664,0.018958687040181096
4,13,3.0,2.0,Safety-like,Threat-like,5.0,107.0,0.04672897196261682,3.0,0.125,CS+,CS+,3.0,2.0,Safety-like,Threat-like,3.0,108.0,0.027777777777777776,3.0,0.125,ITI,CS+,3.0,2.0,Safety-like,Threat-like,2.0,0.018951194184839044,0.0,0.0,0.018951194184839044
4,16,3.0,4.0,Safety-like,Global on,5.0,107.0,0.04672897196261682,5.0,0.20833333333333334,ITI,ITI,3.0,4.0,Safety-like,Global on,3.0,108.0,0.027777777777777776,3.0,0.125,CS+,CS+,3.0,4.0,Safety-like,Global on,2.0,0.018951194184839044,2.0,0.08333333333333334,0.018951194184839044
12,32,3.0,4.0,Safety-like,Global on,5.0,40.0,0.125,5.0,0.20833333333333334,ITI,CS-,3.0,4.0,Safety-like,Global on,7.0,66.0,0.10606060606060606,5.0,0.20833333333333334,CS-,ITI,3.0,4.0,Safety-like,Global on,-2.0,0.018939393939393936,0.0,0.0,0.018939393939393936
4,11,3.0,1.0,Safety-like,Global off,3.0,107.0,0.028037383177570093,3.0,0.125,ITI,ITI,3.0,1.0,Safety-like,Global off,1.0,108.0,0.009259259259259259,1.0,0.041666666666666664,ITI,ITI,3.0,1.0,Safety-like,Global off,2.0,0.018778123918310834,2.0,0.08333333333333334,0.018778123918310834
13,16,2.0,4.0,Threat-like,Global on,7.0,128.0,0.0546875,6.0,0.25,CS+,CS+,2.0,4.0,Threat-like,Global on,5.0,139.0,0.03597122302158273,5.0,0.20833333333333334,ITI,CS+,2.0,4.0,Threat-like,Global on,2.0,0.018716276978417268,1.0,0.04166666666666666,0.018716276978417268
29,7,2.0,1.0,Threat-like,Global off,2.0,107.0,0.018691588785046728,2.0,0.08333333333333333,ITI,CS-,0.0,0.0,0,0,0.0,0.0,0.0,0.0,0.0,0,0,2.0,1.0,Threat-like,Global off,2.0,0.018691588785046728,2.0,0.08333333333333333,0.018691588785046728
9,15,1.0,2.0,Global off,Threat-like,2.0,78.0,0.02564102564102564,2.0,0.08333333333333333,ITI,CS+,1.0,2.0,Global off,Threat-like,3.0,68.0,0.04411764705882353,3.0,0.125,CS+,CS+,1.0,2.0,Global off,Threat-like,-1.0,-0.018476621417797892,-1.0,-0.04166666666666667,0.018476621417797892
9,23,1.0,4.0,Global off,Global on,2.0,78.0,0.02564102564102564,2.0,0.08333333333333333,CS-,CS+,1.0,4.0,Global off,Global on,3.0,68.0,0.04411764705882353,3.0,0.125,ITI,ITI,1.0,4.0,Global off,Global on,-1.0,-0.018476621417797892,-1.0,-0.04166666666666667,0.018476621417797892
4,6,3.0,1.0,Safety-like,Global off,1.0,107.0,0.009345794392523364,1.0,0.041666666666666664,CS-,CS-,3.0,1.0,Safety-like,Global off,3.0,108.0,0.027777777777777776,3.0,0.125,CS-,CS+,3.0,1.0,Safety-like,Global off,-2.0,-0.01843198338525441,-2.0,-0.08333333333333334,0.01843198338525441
1,25,1.0,1.0,Global off,Global off,5.0,212.0,0.02358490566037736,5.0,0.20833333333333334,ITI,ITI,1.0,1.0,Global off,Global off,1.0,194.0,0.005154639175257732,1.0,0.041666666666666664,ITI,CS+,1.0,1.0,Global off,Global off,4.0,0.01843026648511963,4.0,0.16666666666666669,0.01843026648511963
20,31,3.0,4.0,Safety-like,Global on,9.0,135.0,0.06666666666666667,6.0,0.25,ITI,ITI,3.0,4.0,Safety-like,Global on,7.0,145.0,0.04827586206896552,6.0,0.25,ITI,ITI,3.0,4.0,Safety-like,Global on,2.0,0.01839080459770115,0.0,0.0,0.01839080459770115
20,28,3.0,4.0,Safety-like,Global on,9.0,135.0,0.06666666666666667,8.0,0.3333333333333333,ITI,ITI,3.0,4.0,Safety-like,Global on,7.0,145.0,0.04827586206896552,7.0,0.2916666666666667,ITI,ITI,3.0,4.0,Safety-like,Global on,2.0,0.01839080459770115,1.0,0.04166666666666663,0.01839080459770115
32,18,4.0,3.0,Global on,Safety-like,6.0,208.0,0.028846153846153848,3.0,0.125,ITI,ITI,4.0,3.0,Global on,Safety-like,2.0,191.0,0.010471204188481676,2.0,0.08333333333333333,ITI,ITI,4.0,3.0,Global on,Safety-like,4.0,0.01837494965767217,1.0,0.04166666666666667,0.01837494965767217
18,22,3.0,4.0,Safety-like,Global on,1.0,55.0,0.01818181818181818,1.0,0.041666666666666664,ITI,ITI,0.0,0.0,0,0,0.0,0.0,0.0,0.0,0.0,0,0,3.0,4.0,Safety-like,Global on,1.0,0.01818181818181818,1.0,0.041666666666666664,0.01818181818181818
21,11,0.0,0.0,0,0,0.0,0.0,0.0,0.0,0.0,0,0,1.0,1.0,Global off,Global off,1.0,55.0,0.01818181818181818,1.0,0.041666666666666664,ITI,CS+,1.0,1.0,Global off,Global off,-1.0,-0.01818181818181818,-1.0,-0.041666666666666664,0.01818181818181818
18,8,3.0,3.0,Safety-like,Safety-like,1.0,55.0,0.01818181818181818,1.0,0.041666666666666664,ITI,CS-,0.0,0.0,0,0,0.0,0.0,0.0,0.0,0.0,0,0,3.0,3.0,Safety-like,Safety-like,1.0,0.01818181818181818,1.0,0.041666666666666664,0.01818181818181818
21,26,0.0,0.0,0,0,0.0,0.0,0.0,0.0,0.0,0,0,1.0,4.0,Global off,Global on,1.0,55.0,0.01818181818181818,1.0,0.041666666666666664,ITI,ITI,1.0,4.0,Global off,Global on,-1.0,-0.01818181818181818,-1.0,-0.041666666666666664,0.01818181818181818
21,6,0.0,0.0,0,0,0.0,0.0,0.0,0.0,0.0,0,0,1.0,1.0,Global off,Global off,1.0,55.0,0.01818181818181818,1.0,0.041666666666666664,ITI,ITI,1.0,1.0,Global off,Global off,-1.0,-0.01818181818181818,-1.0,-0.041666666666666664,0.01818181818181818
25,7,1.0,1.0,Global off,Global off,1.0,55.0,0.01818181818181818,1.0,0.041666666666666664,CS+,CS+,0.0,0.0,0,0,0.0,0.0,0.0,0.0,0.0,0,0,1.0,1.0,Global off,Global off,1.0,0.01818181818181818,1.0,0.041666666666666664,0.01818181818181818
25,11,1.0,1.0,Global off,Global off,1.0,55.0,0.01818181818181818,1.0,0.041666666666666664,ITI,ITI,0.0,0.0,0,0,0.0,0.0,0.0,0.0,0.0,0,0,1.0,1.0,Global off,Global off,1.0,0.01818181818181818,1.0,0.041666666666666664,0.01818181818181818
16,28,4.0,4.0,Global on,Global on,2.0,111.0,0.018018018018018018,2.0,0.08333333333333333,ITI,ITI,0.0,0.0,0,0,0.0,0.0,0.0,0.0,0.0,0,0,4.0,4.0,Global on,Global on,2.0,0.018018018018018018,2.0,0.08333333333333333,0.018018018018018018
1,6,1.0,1.0,Global off,Global off,6.0,212.0,0.02830188679245283,5.0,0.20833333333333334,ITI,ITI,1.0,1.0,Global off,Global off,2.0,194.0,0.010309278350515464,2.0,0.08333333333333333,CS+,CS+,1.0,1.0,Global off,Global off,4.0,0.01799260844193737,3.0,0.125,0.01799260844193737
1,23,1.0,4.0,Global off,Global on,6.0,212.0,0.02830188679245283,6.0,0.25,ITI,CS-,1.0,4.0,Global off,Global on,2.0,194.0,0.010309278350515464,2.0,0.08333333333333333,CS+,CS+,1.0,4.0,Global off,Global on,4.0,0.01799260844193737,4.0,0.16666666666666669,0.01799260844193737
14,1,2.0,1.0,Threat-like,Global off,5.0,77.0,0.06493506493506493,4.0,0.16666666666666666,CS-,CS-,2.0,1.0,Threat-like,Global off,4.0,85.0,0.047058823529411764,4.0,0.16666666666666666,ITI,ITI,2.0,1.0,Threat-like,Global off,1.0,0.017876241405653165,0.0,0.0,0.017876241405653165
29,4,2.0,3.0,Threat-like,Safety-like,4.0,107.0,0.037383177570093455,3.0,0.125,CS+,CS+,2.0,3.0,Threat-like,Safety-like,2.0,102.0,0.0196078431372549,2.0,0.08333333333333333,CS+,CS+,2.0,3.0,Threat-like,Safety-like,2.0,0.017775334432838553,1.0,0.04166666666666667,0.017775334432838553
4,1,3.0,1.0,Safety-like,Global off,10.0,107.0,0.09345794392523364,9.0,0.375,ITI,ITI,3.0,1.0,Safety-like,Global off,12.0,108.0,0.1111111111111111,10.0,0.4166666666666667,ITI,CS+,3.0,1.0,Safety-like,Global off,-2.0,-0.017653167185877464,-1.0,-0.041666666666666685,0.017653167185877464
31,28,4.0,4.0,Global on,Global on,3.0,112.0,0.026785714285714284,3.0,0.125,ITI,ITI,4.0,4.0,Global on,Global on,1.0,109.0,0.009174311926605505,1.0,0.041666666666666664,ITI,CS-,4.0,4.0,Global on,Global on,2.0,0.01761140235910878,2.0,0.08333333333333334,0.01761140235910878
10,9,1.0,1.0,Global off,Global off,1.0,57.0,0.017543859649122806,1.0,0.041666666666666664,CS+,CS+,0.0,0.0,0,0,0.0,0.0,0.0,0.0,0.0,0,0,1.0,1.0,Global off,Global off,1.0,0.017543859649122806,1.0,0.041666666666666664,0.017543859649122806
10,20,1.0,3.0,Global off,Safety-like,1.0,57.0,0.017543859649122806,1.0,0.041666666666666664,CS+,ITI,0.0,0.0,0,0,0.0,0.0,0.0,0.0,0.0,0,0,1.0,3.0,Global off,Safety-like,1.0,0.017543859649122806,1.0,0.041666666666666664,0.017543859649122806
10,23,1.0,4.0,Global off,Global on,1.0,57.0,0.017543859649122806,1.0,0.041666666666666664,CS-,CS-,0.0,0.0,0,0,0.0,0.0,0.0,0.0,0.0,0,0,1.0,4.0,Global off,Global on,1.0,0.017543859649122806,1.0,0.041666666666666664,0.017543859649122806
30,18,4.0,3.0,Global on,Safety-like,1.0,57.0,0.017543859649122806,1.0,0.041666666666666664,ITI,ITI,0.0,0.0,0,0,0.0,0.0,0.0,0.0,0.0,0,0,4.0,3.0,Global on,Safety-like,1.0,0.017543859649122806,1.0,0.041666666666666664,0.017543859649122806
30,3,4.0,1.0,Global on,Global off,1.0,57.0,0.017543859649122806,1.0,0.041666666666666664,CS-,ITI,0.0,0.0,0,0,0.0,0.0,0.0,0.0,0.0,0,0,4.0,1.0,Global on,Global off,1.0,0.017543859649122806,1.0,0.041666666666666664,0.017543859649122806
20,29,3.0,2.0,Safety-like,Threat-like,7.0,135.0,0.05185185185185185,5.0,0.20833333333333334,ITI,ITI,3.0,2.0,Safety-like,Threat-like,5.0,145.0,0.034482758620689655,4.0,0.16666666666666666,ITI,ITI,3.0,2.0,Safety-like,Threat-like,2.0,0.017369093231162196,1.0,0.041666666666666685,0.017369093231162196
31,8,4.0,3.0,Global on,Safety-like,4.0,112.0,0.03571428571428571,3.0,0.125,CS-,CS-,4.0,3.0,Global on,Safety-like,2.0,109.0,0.01834862385321101,2.0,0.08333333333333333,ITI,CS+,4.0,3.0,Global on,Safety-like,2.0,0.017365661861074702,1.0,0.04166666666666667,0.017365661861074702
31,27,4.0,4.0,Global on,Global on,4.0,112.0,0.03571428571428571,4.0,0.16666666666666666,CS+,ITI,4.0,4.0,Global on,Global on,2.0,109.0,0.01834862385321101,2.0,0.08333333333333333,CS-,ITI,4.0,4.0,Global on,Global on,2.0,0.017365661861074702,2.0,0.08333333333333333,0.017365661861074702
23,5,4.0,1.0,Global on,Global off,2.0,50.0,0.04,2.0,0.08333333333333333,CS-,CS-,4.0,1.0,Global on,Global off,1.0,44.0,0.022727272727272728,1.0,0.041666666666666664,CS-,CS-,4.0,1.0,Global on,Global off,1.0,0.017272727272727273,1.0,0.041666666666666664,0.017272727272727273
23,27,4.0,4.0,Global on,Global on,2.0,50.0,0.04,1.0,0.041666666666666664,CS+,ITI,4.0,4.0,Global on,Global on,1.0,44.0,0.022727272727272728,1.0,0.041666666666666664,CS-,CS-,4.0,4.0,Global on,Global on,1.0,0.017272727272727273,0.0,0.0,0.017272727272727273
3,19,1.0,3.0,Global off,Safety-like,1.0,47.0,0.02127659574468085,1.0,0.041666666666666664,ITI,ITI,1.0,3.0,Global off,Safety-like,2.0,52.0,0.038461538461538464,2.0,0.08333333333333333,ITI,ITI,1.0,3.0,Global off,Safety-like,-1.0,-0.017184942716857613,-1.0,-0.041666666666666664,0.017184942716857613
3,27,1.0,4.0,Global off,Global on,1.0,47.0,0.02127659574468085,1.0,0.041666666666666664,ITI,ITI,1.0,4.0,Global off,Global on,2.0,52.0,0.038461538461538464,2.0,0.08333333333333333,ITI,ITI,1.0,4.0,Global off,Global on,-1.0,-0.017184942716857613,-1.0,-0.041666666666666664,0.017184942716857613
3,17,1.0,1.0,Global off,Global off,1.0,47.0,0.02127659574468085,1.0,0.041666666666666664,ITI,CS-,1.0,1.0,Global off,Global off,2.0,52.0,0.038461538461538464,2.0,0.08333333333333333,CS+,ITI,1.0,1.0,Global off,Global off,-1.0,-0.017184942716857613,-1.0,-0.041666666666666664,0.017184942716857613
25,6,1.0,1.0,Global off,Global off,2.0,55.0,0.03636363636363636,2.0,0.08333333333333333,ITI,CS+,1.0,1.0,Global off,Global off,1.0,52.0,0.019230769230769232,1.0,0.041666666666666664,ITI,ITI,1.0,1.0,Global off,Global off,1.0,0.01713286713286713,1.0,0.041666666666666664,0.01713286713286713
25,29,1.0,2.0,Global off,Threat-like,2.0,55.0,0.03636363636363636,2.0,0.08333333333333333,ITI,ITI,1.0,2.0,Global off,Threat-like,1.0,52.0,0.019230769230769232,1.0,0.041666666666666664,ITI,CS+,1.0,2.0,Global off,Threat-like,1.0,0.01713286713286713,1.0,0.041666666666666664,0.01713286713286713
31,25,4.0,1.0,Global on,Global off,5.0,112.0,0.044642857142857144,5.0,0.20833333333333334,CS-,CS-,4.0,1.0,Global on,Global off,3.0,109.0,0.027522935779816515,3.0,0.125,ITI,ITI,4.0,1.0,Global on,Global off,2.0,0.01711992136304063,2.0,0.08333333333333334,0.01711992136304063
1,31,1.0,4.0,Global off,Global on,8.0,212.0,0.03773584905660377,7.0,0.2916666666666667,ITI,CS+,1.0,4.0,Global off,Global on,4.0,194.0,0.020618556701030927,4.0,0.16666666666666666,CS+,ITI,1.0,4.0,Global off,Global on,4.0,0.017117292355572845,3.0,0.12500000000000003,0.017117292355572845
2,14,1.0,2.0,Global off,Threat-like,1.0,106.0,0.009433962264150943,1.0,0.041666666666666664,CS+,CS+,1.0,2.0,Global off,Threat-like,3.0,113.0,0.02654867256637168,3.0,0.125,ITI,ITI,1.0,2.0,Global off,Threat-like,-2.0,-0.01711471030222074,-2.0,-0.08333333333333334,0.01711471030222074
16,2,4.0,1.0,Global on,Global off,3.0,111.0,0.02702702702702703,3.0,0.125,CS+,CS+,4.0,1.0,Global on,Global off,1.0,99.0,0.010101010101010102,1.0,0.041666666666666664,ITI,ITI,4.0,1.0,Global on,Global off,2.0,0.016926016926016925,2.0,0.08333333333333334,0.016926016926016925
32,30,4.0,4.0,Global on,Global on,15.0,208.0,0.07211538461538461,10.0,0.4166666666666667,ITI,ITI,4.0,4.0,Global on,Global on,17.0,191.0,0.08900523560209424,10.0,0.4166666666666667,CS-,ITI,4.0,4.0,Global on,Global on,-2.0,-0.01688985098670963,0.0,0.0,0.01688985098670963
13,23,2.0,4.0,Threat-like,Global on,4.0,128.0,0.03125,4.0,0.16666666666666666,ITI,ITI,2.0,4.0,Threat-like,Global on,2.0,139.0,0.014388489208633094,2.0,0.08333333333333333,CS-,ITI,2.0,4.0,Threat-like,Global on,2.0,0.016861510791366906,2.0,0.08333333333333333,0.016861510791366906
13,8,2.0,3.0,Threat-like,Safety-like,4.0,128.0,0.03125,4.0,0.16666666666666666,CS-,CS-,2.0,3.0,Threat-like,Safety-like,2.0,139.0,0.014388489208633094,2.0,0.08333333333333333,CS+,CS+,2.0,3.0,Threat-like,Safety-like,2.0,0.016861510791366906,2.0,0.08333333333333333,0.016861510791366906
26,28,4.0,4.0,Global on,Global on,2.0,22.0,0.09090909090909091,2.0,0.08333333333333333,CS+,CS+,4.0,4.0,Global on,Global on,2.0,27.0,0.07407407407407407,2.0,0.08333333333333333,ITI,ITI,4.0,4.0,Global on,Global on,0.0,0.01683501683501684,0.0,0.0,0.01683501683501684
26,2,4.0,1.0,Global on,Global off,2.0,22.0,0.09090909090909091,2.0,0.08333333333333333,CS-,CS-,4.0,1.0,Global on,Global off,2.0,27.0,0.07407407407407407,2.0,0.08333333333333333,ITI,ITI,4.0,1.0,Global on,Global off,0.0,0.01683501683501684,0.0,0.0,0.01683501683501684
17,26,0.0,0.0,0,0,0.0,0.0,0.0,0.0,0.0,0,0,1.0,4.0,Global off,Global on,2.0,119.0,0.01680672268907563,2.0,0.08333333333333333,CS-,CS-,1.0,4.0,Global off,Global on,-2.0,-0.01680672268907563,-2.0,-0.08333333333333333,0.01680672268907563
17,9,0.0,0.0,0,0,0.0,0.0,0.0,0.0,0.0,0,0,1.0,1.0,Global off,Global off,2.0,119.0,0.01680672268907563,2.0,0.08333333333333333,ITI,CS+,1.0,1.0,Global off,Global off,-2.0,-0.01680672268907563,-2.0,-0.08333333333333333,0.01680672268907563
16,5,4.0,1.0,Global on,Global off,6.0,111.0,0.05405405405405406,5.0,0.20833333333333334,ITI,ITI,4.0,1.0,Global on,Global off,7.0,99.0,0.0707070707070707,6.0,0.25,ITI,ITI,4.0,1.0,Global on,Global off,-1.0,-0.016653016653016647,-1.0,-0.04166666666666666,0.016653016653016647
9,28,1.0,4.0,Global off,Global on,1.0,78.0,0.01282051282051282,1.0,0.041666666666666664,ITI,ITI,1.0,4.0,Global off,Global on,2.0,68.0,0.029411764705882353,2.0,0.08333333333333333,CS+,ITI,1.0,4.0,Global off,Global on,-1.0,-0.016591251885369532,-1.0,-0.041666666666666664,0.016591251885369532
9,21,1.0,1.0,Global off,Global off,1.0,78.0,0.01282051282051282,1.0,0.041666666666666664,ITI,ITI,1.0,1.0,Global off,Global off,2.0,68.0,0.029411764705882353,1.0,0.041666666666666664,CS+,ITI,1.0,1.0,Global off,Global off,-1.0,-0.016591251885369532,0.0,0.0,0.016591251885369532
32,8,4.0,3.0,Global on,Safety-like,2.0,208.0,0.009615384615384616,2.0,0.08333333333333333,CS-,ITI,4.0,3.0,Global on,Safety-like,5.0,191.0,0.02617801047120419,5.0,0.20833333333333334,CS+,ITI,4.0,3.0,Global on,Safety-like,-3.0,-0.016562625855819572,-3.0,-0.125,0.016562625855819572
32,21,4.0,1.0,Global on,Global off,2.0,208.0,0.009615384615384616,2.0,0.08333333333333333,CS+,CS-,4.0,1.0,Global on,Global off,5.0,191.0,0.02617801047120419,3.0,0.125,ITI,ITI,4.0,1.0,Global on,Global off,-3.0,-0.016562625855819572,-1.0,-0.04166666666666667,0.016562625855819572
2,15,1.0,2.0,Global off,Threat-like,2.0,106.0,0.018867924528301886,2.0,0.08333333333333333,ITI,CS+,1.0,2.0,Global off,Threat-like,4.0,113.0,0.035398230088495575,3.0,0.125,CS+,CS+,1.0,2.0,Global off,Threat-like,-2.0,-0.01653030556019369,-1.0,-0.04166666666666667,0.01653030556019369
15,31,2.0,4.0,Threat-like,Global on,4.0,50.0,0.08,4.0,0.16666666666666666,ITI,ITI,2.0,4.0,Threat-like,Global on,4.0,63.0,0.06349206349206349,4.0,0.16666666666666666,ITI,ITI,2.0,4.0,Threat-like,Global on,0.0,0.016507936507936513,0.0,0.0,0.016507936507936513
17,16,1.0,4.0,Global off,Global on,4.0,96.0,0.041666666666666664,4.0,0.16666666666666666,ITI,ITI,1.0,4.0,Global off,Global on,3.0,119.0,0.025210084033613446,2.0,0.08333333333333333,ITI,CS+,1.0,4.0,Global off,Global on,1.0,0.01645658263305322,2.0,0.08333333333333333,0.01645658263305322
20,9,3.0,1.0,Safety-like,Global off,5.0,135.0,0.037037037037037035,3.0,0.125,ITI,CS+,3.0,1.0,Safety-like,Global off,3.0,145.0,0.020689655172413793,3.0,0.125,ITI,ITI,3.0,1.0,Safety-like,Global off,2.0,0.016347381864623242,0.0,0.0,0.016347381864623242
30,21,0.0,0.0,0,0,0.0,0.0,0.0,0.0,0.0,0,0,4.0,1.0,Global on,Global off,1.0,62.0,0.016129032258064516,1.0,0.041666666666666664,ITI,ITI,4.0,1.0,Global on,Global off,-1.0,-0.016129032258064516,-1.0,-0.041666666666666664,0.016129032258064516
30,22,0.0,0.0,0,0,0.0,0.0,0.0,0.0,0.0,0,0,4.0,4.0,Global on,Global on,1.0,62.0,0.016129032258064516,1.0,0.041666666666666664,ITI,ITI,4.0,4.0,Global on,Global on,-1.0,-0.016129032258064516,-1.0,-0.041666666666666664,0.016129032258064516
19,4,3.0,3.0,Safety-like,Safety-like,4.0,72.0,0.05555555555555555,4.0,0.16666666666666666,CS-,ITI,3.0,3.0,Safety-like,Safety-like,3.0,76.0,0.039473684210526314,3.0,0.125,ITI,ITI,3.0,3.0,Safety-like,Safety-like,1.0,0.01608187134502924,1.0,0.04166666666666666,0.01608187134502924
24,19,4.0,3.0,Global on,Safety-like,4.0,74.0,0.05405405405405406,4.0,0.16666666666666666,CS-,ITI,4.0,3.0,Global on,Safety-like,3.0,79.0,0.0379746835443038,3.0,0.125,ITI,ITI,4.0,3.0,Global on,Safety-like,1.0,0.01607937050975026,1.0,0.04166666666666666,0.01607937050975026
24,13,4.0,2.0,Global on,Threat-like,4.0,74.0,0.05405405405405406,4.0,0.16666666666666666,CS+,CS+,4.0,2.0,Global on,Threat-like,3.0,79.0,0.0379746835443038,3.0,0.125,CS+,CS+,4.0,2.0,Global on,Threat-like,1.0,0.01607937050975026,1.0,0.04166666666666666,0.01607937050975026
18,16,3.0,4.0,Safety-like,Global on,2.0,55.0,0.03636363636363636,2.0,0.08333333333333333,ITI,ITI,3.0,4.0,Safety-like,Global on,1.0,49.0,0.02040816326530612,1.0,0.041666666666666664,ITI,ITI,3.0,4.0,Safety-like,Global on,1.0,0.01595547309833024,1.0,0.041666666666666664,0.01595547309833024
31,20,4.0,3.0,Global on,Safety-like,10.0,112.0,0.08928571428571429,9.0,0.375,ITI,ITI,4.0,3.0,Global on,Safety-like,8.0,109.0,0.07339449541284404,7.0,0.2916666666666667,ITI,ITI,4.0,3.0,Global on,Safety-like,2.0,0.015891218872870247,2.0,0.08333333333333331,0.015891218872870247
15,23,0.0,0.0,0,0,0.0,0.0,0.0,0.0,0.0,0,0,2.0,4.0,Threat-like,Global on,1.0,63.0,0.015873015873015872,1.0,0.041666666666666664,CS+,CS+,2.0,4.0,Threat-like,Global on,-1.0,-0.015873015873015872,-1.0,-0.041666666666666664,0.015873015873015872
15,18,0.0,0.0,0,0,0.0,0.0,0.0,0.0,0.0,0,0,2.0,3.0,Threat-like,Safety-like,1.0,63.0,0.015873015873015872,1.0,0.041666666666666664,ITI,CS-,2.0,3.0,Threat-like,Safety-like,-1.0,-0.015873015873015872,-1.0,-0.041666666666666664,0.015873015873015872
15,25,0.0,0.0,0,0,0.0,0.0,0.0,0.0,0.0,0,0,2.0,1.0,Threat-like,Global off,1.0,63.0,0.015873015873015872,1.0,0.041666666666666664,CS-,CS-,2.0,1.0,Threat-like,Global off,-1.0,-0.015873015873015872,-1.0,-0.041666666666666664,0.015873015873015872
15,6,0.0,0.0,0,0,0.0,0.0,0.0,0.0,0.0,0,0,2.0,1.0,Threat-like,Global off,1.0,63.0,0.015873015873015872,1.0,0.041666666666666664,CS-,CS-,2.0,1.0,Threat-like,Global off,-1.0,-0.015873015873015872,-1.0,-0.041666666666666664,0.015873015873015872
15,24,0.0,0.0,0,0,0.0,0.0,0.0,0.0,0.0,0,0,2.0,4.0,Threat-like,Global on,1.0,63.0,0.015873015873015872,1.0,0.041666666666666664,CS-,CS-,2.0,4.0,Threat-like,Global on,-1.0,-0.015873015873015872,-1.0,-0.041666666666666664,0.015873015873015872
15,22,0.0,0.0,0,0,0.0,0.0,0.0,0.0,0.0,0,0,2.0,4.0,Threat-like,Global on,1.0,63.0,0.015873015873015872,1.0,0.041666666666666664,CS-,ITI,2.0,4.0,Threat-like,Global on,-1.0,-0.015873015873015872,-1.0,-0.041666666666666664,0.015873015873015872
14,2,2.0,1.0,Threat-like,Global off,3.0,77.0,0.03896103896103896,3.0,0.125,ITI,ITI,2.0,1.0,Threat-like,Global off,2.0,85.0,0.023529411764705882,2.0,0.08333333333333333,CS-,CS-,2.0,1.0,Threat-like,Global off,1.0,0.015431627196333078,1.0,0.04166666666666667,0.015431627196333078
14,17,2.0,1.0,Threat-like,Global off,3.0,77.0,0.03896103896103896,3.0,0.125,CS+,ITI,2.0,1.0,Threat-like,Global off,2.0,85.0,0.023529411764705882,2.0,0.08333333333333333,CS-,ITI,2.0,1.0,Threat-like,Global off,1.0,0.015431627196333078,1.0,0.04166666666666667,0.015431627196333078
20,22,3.0,4.0,Safety-like,Global on,3.0,135.0,0.022222222222222223,3.0,0.125,ITI,ITI,3.0,4.0,Safety-like,Global on,1.0,145.0,0.006896551724137931,1.0,0.041666666666666664,ITI,ITI,3.0,4.0,Safety-like,Global on,2.0,0.015325670498084292,2.0,0.08333333333333334,0.015325670498084292
15,16,2.0,4.0,Threat-like,Global on,4.0,50.0,0.08,4.0,0.16666666666666666,CS+,CS+,2.0,4.0,Threat-like,Global on,6.0,63.0,0.09523809523809523,6.0,0.25,CS+,ITI,2.0,4.0,Threat-like,Global on,-2.0,-0.015238095238095231,-2.0,-0.08333333333333334,0.015238095238095231
24,5,4.0,1.0,Global on,Global off,3.0,74.0,0.04054054054054054,2.0,0.08333333333333333,ITI,CS+,4.0,1.0,Global on,Global off,2.0,79.0,0.02531645569620253,2.0,0.08333333333333333,CS-,CS-,4.0,1.0,Global on,Global off,1.0,0.015224084844338012,0.0,0.0,0.015224084844338012
12,30,0.0,0.0,0,0,0.0,0.0,0.0,0.0,0.0,0,0,3.0,4.0,Safety-like,Global on,1.0,66.0,0.015151515151515152,1.0,0.041666666666666664,CS+,ITI,3.0,4.0,Safety-like,Global on,-1.0,-0.015151515151515152,-1.0,-0.041666666666666664,0.015151515151515152
12,6,0.0,0.0,0,0,0.0,0.0,0.0,0.0,0.0,0,0,3.0,1.0,Safety-like,Global off,1.0,66.0,0.015151515151515152,1.0,0.041666666666666664,CS+,CS+,3.0,1.0,Safety-like,Global off,-1.0,-0.015151515151515152,-1.0,-0.041666666666666664,0.015151515151515152
12,26,0.0,0.0,0,0,0.0,0.0,0.0,0.0,0.0,0,0,3.0,4.0,Safety-like,Global on,1.0,66.0,0.015151515151515152,1.0,0.041666666666666664,CS-,ITI,3.0,4.0,Safety-like,Global on,-1.0,-0.015151515151515152,-1.0,-0.041666666666666664,0.015151515151515152
12,3,0.0,0.0,0,0,0.0,0.0,0.0,0.0,0.0,0,0,3.0,1.0,Safety-like,Global off,1.0,66.0,0.015151515151515152,1.0,0.041666666666666664,CS-,ITI,3.0,1.0,Safety-like,Global off,-1.0,-0.015151515151515152,-1.0,-0.041666666666666664,0.015151515151515152
3,4,1.0,3.0,Global off,Safety-like,2.0,47.0,0.0425531914893617,2.0,0.08333333333333333,CS-,ITI,1.0,3.0,Global off,Safety-like,3.0,52.0,0.057692307692307696,3.0,0.125,CS+,CS+,1.0,3.0,Global off,Safety-like,-1.0,-0.015139116202945994,-1.0,-0.04166666666666667,0.015139116202945994
20,5,3.0,1.0,Safety-like,Global off,2.0,135.0,0.014814814814814815,2.0,0.08333333333333333,CS-,CS-,0.0,0.0,0,0,0.0,0.0,0.0,0.0,0.0,0,0,3.0,1.0,Safety-like,Global off,2.0,0.014814814814814815,2.0,0.08333333333333333,0.014814814814814815
17,10,1.0,1.0,Global off,Global off,1.0,96.0,0.010416666666666666,1.0,0.041666666666666664,CS-,CS-,1.0,1.0,Global off,Global off,3.0,119.0,0.025210084033613446,3.0,0.125,ITI,ITI,1.0,1.0,Global off,Global off,-2.0,-0.01479341736694678,-2.0,-0.08333333333333334,0.01479341736694678
16,10,4.0,1.0,Global on,Global off,5.0,111.0,0.04504504504504504,4.0,0.16666666666666666,CS+,ITI,4.0,1.0,Global on,Global off,3.0,99.0,0.030303030303030304,2.0,0.08333333333333333,ITI,ITI,4.0,1.0,Global on,Global off,2.0,0.014742014742014739,2.0,0.08333333333333333,0.014742014742014739
30,27,4.0,4.0,Global on,Global on,1.0,57.0,0.017543859649122806,1.0,0.041666666666666664,ITI,ITI,4.0,4.0,Global on,Global on,2.0,62.0,0.03225806451612903,2.0,0.08333333333333333,ITI,ITI,4.0,4.0,Global on,Global on,-1.0,-0.014714204867006225,-1.0,-0.041666666666666664,0.014714204867006225
30,17,4.0,1.0,Global on,Global off,1.0,57.0,0.017543859649122806,1.0,0.041666666666666664,ITI,ITI,4.0,1.0,Global on,Global off,2.0,62.0,0.03225806451612903,2.0,0.08333333333333333,CS+,ITI,4.0,1.0,Global on,Global off,-1.0,-0.014714204867006225,-1.0,-0.041666666666666664,0.014714204867006225
9,24,0.0,0.0,0,0,0.0,0.0,0.0,0.0,0.0,0,0,1.0,4.0,Global off,Global on,1.0,68.0,0.014705882352941176,1.0,0.041666666666666664,CS+,ITI,1.0,4.0,Global off,Global on,-1.0,-0.014705882352941176,-1.0,-0.041666666666666664,0.014705882352941176
9,11,0.0,0.0,0,0,0.0,0.0,0.0,0.0,0.0,0,0,1.0,1.0,Global off,Global off,1.0,68.0,0.014705882352941176,1.0,0.041666666666666664,CS+,CS+,1.0,1.0,Global off,Global off,-1.0,-0.014705882352941176,-1.0,-0.041666666666666664,0.014705882352941176
19,23,3.0,4.0,Safety-like,Global on,2.0,72.0,0.027777777777777776,1.0,0.041666666666666664,CS-,CS+,3.0,4.0,Safety-like,Global on,1.0,76.0,0.013157894736842105,1.0,0.041666666666666664,ITI,CS-,3.0,4.0,Safety-like,Global on,1.0,0.014619883040935672,0.0,0.0,0.014619883040935672
19,13,3.0,2.0,Safety-like,Threat-like,2.0,72.0,0.027777777777777776,2.0,0.08333333333333333,ITI,CS+,3.0,2.0,Safety-like,Threat-like,1.0,76.0,0.013157894736842105,1.0,0.041666666666666664,ITI,CS+,3.0,2.0,Safety-like,Threat-like,1.0,0.014619883040935672,1.0,0.041666666666666664,0.014619883040935672
28,4,4.0,3.0,Global on,Safety-like,5.0,79.0,0.06329113924050633,4.0,0.16666666666666666,ITI,ITI,4.0,3.0,Global on,Safety-like,4.0,82.0,0.04878048780487805,4.0,0.16666666666666666,ITI,ITI,4.0,3.0,Global on,Safety-like,1.0,0.014510651435628283,0.0,0.0,0.014510651435628283
17,8,1.0,3.0,Global off,Safety-like,3.0,96.0,0.03125,3.0,0.125,ITI,CS+,1.0,3.0,Global off,Safety-like,2.0,119.0,0.01680672268907563,1.0,0.041666666666666664,ITI,CS+,1.0,3.0,Global off,Safety-like,1.0,0.01444327731092437,2.0,0.08333333333333334,0.01444327731092437
13,30,0.0,0.0,0,0,0.0,0.0,0.0,0.0,0.0,0,0,2.0,4.0,Threat-like,Global on,2.0,139.0,0.014388489208633094,2.0,0.08333333333333333,CS+,CS+,2.0,4.0,Threat-like,Global on,-2.0,-0.014388489208633094,-2.0,-0.08333333333333333,0.014388489208633094
24,29,4.0,2.0,Global on,Threat-like,2.0,74.0,0.02702702702702703,2.0,0.08333333333333333,ITI,ITI,4.0,2.0,Global on,Threat-like,1.0,79.0,0.012658227848101266,1.0,0.041666666666666664,CS-,CS-,4.0,2.0,Global on,Threat-like,1.0,0.014368799178925763,1.0,0.041666666666666664,0.014368799178925763
24,22,4.0,4.0,Global on,Global on,2.0,74.0,0.02702702702702703,2.0,0.08333333333333333,ITI,ITI,4.0,4.0,Global on,Global on,1.0,79.0,0.012658227848101266,1.0,0.041666666666666664,ITI,CS-,4.0,4.0,Global on,Global on,1.0,0.014368799178925763,1.0,0.041666666666666664,0.014368799178925763
5,24,1.0,4.0,Global off,Global on,3.0,82.0,0.036585365853658534,3.0,0.125,ITI,ITI,1.0,4.0,Global off,Global on,2.0,90.0,0.022222222222222223,2.0,0.08333333333333333,CS+,CS+,1.0,4.0,Global off,Global on,1.0,0.014363143631436311,1.0,0.04166666666666667,0.014363143631436311
14,3,2.0,1.0,Threat-like,Global off,2.0,77.0,0.025974025974025976,2.0,0.08333333333333333,CS+,ITI,2.0,1.0,Threat-like,Global off,1.0,85.0,0.011764705882352941,1.0,0.041666666666666664,ITI,CS-,2.0,1.0,Threat-like,Global off,1.0,0.014209320091673035,1.0,0.041666666666666664,0.014209320091673035
32,27,4.0,4.0,Global on,Global on,4.0,208.0,0.019230769230769232,4.0,0.16666666666666666,ITI,ITI,4.0,4.0,Global on,Global on,1.0,191.0,0.005235602094240838,1.0,0.041666666666666664,ITI,ITI,4.0,4.0,Global on,Global on,3.0,0.013995167136528394,3.0,0.125,0.013995167136528394
32,24,4.0,4.0,Global on,Global on,8.0,208.0,0.038461538461538464,7.0,0.2916666666666667,ITI,ITI,4.0,4.0,Global on,Global on,10.0,191.0,0.05235602094240838,9.0,0.375,CS-,ITI,4.0,4.0,Global on,Global on,-2.0,-0.013894482480869913,-2.0,-0.08333333333333331,0.013894482480869913
19,11,3.0,1.0,Safety-like,Global off,1.0,72.0,0.013888888888888888,1.0,0.041666666666666664,ITI,ITI,0.0,0.0,0,0,0.0,0.0,0.0,0.0,0.0,0,0,3.0,1.0,Safety-like,Global off,1.0,0.013888888888888888,1.0,0.041666666666666664,0.013888888888888888
19,26,3.0,4.0,Safety-like,Global on,1.0,72.0,0.013888888888888888,1.0,0.041666666666666664,ITI,CS+,0.0,0.0,0,0,0.0,0.0,0.0,0.0,0.0,0,0,3.0,4.0,Safety-like,Global on,1.0,0.013888888888888888,1.0,0.041666666666666664,0.013888888888888888
10,27,1.0,4.0,Global off,Global on,2.0,57.0,0.03508771929824561,2.0,0.08333333333333333,ITI,ITI,1.0,4.0,Global off,Global on,1.0,47.0,0.02127659574468085,1.0,0.041666666666666664,CS-,ITI,1.0,4.0,Global off,Global on,1.0,0.013811123553564762,1.0,0.041666666666666664,0.013811123553564762
20,7,0.0,0.0,0,0,0.0,0.0,0.0,0.0,0.0,0,0,3.0,1.0,Safety-like,Global off,2.0,145.0,0.013793103448275862,2.0,0.08333333333333333,ITI,CS-,3.0,1.0,Safety-like,Global off,-2.0,-0.013793103448275862,-2.0,-0.08333333333333333,0.013793103448275862
18,19,3.0,3.0,Safety-like,Safety-like,3.0,55.0,0.05454545454545454,3.0,0.125,ITI,ITI,3.0,3.0,Safety-like,Safety-like,2.0,49.0,0.04081632653061224,2.0,0.08333333333333333,CS-,ITI,3.0,3.0,Safety-like,Safety-like,1.0,0.013729128014842301,1.0,0.04166666666666667,0.013729128014842301
2,4,1.0,3.0,Global off,Safety-like,7.0,106.0,0.0660377358490566,5.0,0.20833333333333334,ITI,ITI,1.0,3.0,Global off,Safety-like,9.0,113.0,0.07964601769911504,8.0,0.3333333333333333,ITI,ITI,1.0,3.0,Global off,Safety-like,-2.0,-0.01360828185005844,-3.0,-0.12499999999999997,0.01360828185005844
24,6,4.0,1.0,Global on,Global off,1.0,74.0,0.013513513513513514,1.0,0.041666666666666664,ITI,ITI,0.0,0.0,0,0,0.0,0.0,0.0,0.0,0.0,0,0,4.0,1.0,Global on,Global off,1.0,0.013513513513513514,1.0,0.041666666666666664,0.013513513513513514
30,20,4.0,3.0,Global on,Safety-like,2.0,57.0,0.03508771929824561,2.0,0.08333333333333333,ITI,ITI,4.0,3.0,Global on,Safety-like,3.0,62.0,0.04838709677419355,3.0,0.125,CS+,ITI,4.0,3.0,Global on,Safety-like,-1.0,-0.013299377475947935,-1.0,-0.04166666666666667,0.013299377475947935
30,28,4.0,4.0,Global on,Global on,2.0,57.0,0.03508771929824561,2.0,0.08333333333333333,CS-,CS-,4.0,4.0,Global on,Global on,3.0,62.0,0.04838709677419355,3.0,0.125,ITI,ITI,4.0,4.0,Global on,Global on,-1.0,-0.013299377475947935,-1.0,-0.04166666666666667,0.013299377475947935
20,16,3.0,4.0,Safety-like,Global on,1.0,135.0,0.007407407407407408,1.0,0.041666666666666664,ITI,ITI,3.0,4.0,Safety-like,Global on,3.0,145.0,0.020689655172413793,3.0,0.125,ITI,CS+,3.0,4.0,Safety-like,Global on,-2.0,-0.013282247765006385,-2.0,-0.08333333333333334,0.013282247765006385
5,10,1.0,1.0,Global off,Global off,2.0,82.0,0.024390243902439025,2.0,0.08333333333333333,CS-,ITI,1.0,1.0,Global off,Global off,1.0,90.0,0.011111111111111112,1.0,0.041666666666666664,ITI,CS+,1.0,1.0,Global off,Global off,1.0,0.013279132791327914,1.0,0.041666666666666664,0.013279132791327914
1,29,1.0,2.0,Global off,Threat-like,5.0,212.0,0.02358490566037736,5.0,0.20833333333333334,ITI,ITI,1.0,2.0,Global off,Threat-like,2.0,194.0,0.010309278350515464,2.0,0.08333333333333333,CS+,CS+,1.0,2.0,Global off,Threat-like,3.0,0.013275627309861896,3.0,0.125,0.013275627309861896
19,21,0.0,0.0,0,0,0.0,0.0,0.0,0.0,0.0,0,0,3.0,1.0,Safety-like,Global off,1.0,76.0,0.013157894736842105,1.0,0.041666666666666664,ITI,ITI,3.0,1.0,Safety-like,Global off,-1.0,-0.013157894736842105,-1.0,-0.041666666666666664,0.013157894736842105
28,6,4.0,1.0,Global on,Global off,2.0,79.0,0.02531645569620253,2.0,0.08333333333333333,CS+,CS+,4.0,1.0,Global on,Global off,1.0,82.0,0.012195121951219513,1.0,0.041666666666666664,ITI,ITI,4.0,1.0,Global on,Global off,1.0,0.013121333744983019,1.0,0.041666666666666664,0.013121333744983019
28,31,4.0,4.0,Global on,Global on,2.0,79.0,0.02531645569620253,2.0,0.08333333333333333,CS-,CS-,4.0,4.0,Global on,Global on,1.0,82.0,0.012195121951219513,1.0,0.041666666666666664,CS-,ITI,4.0,4.0,Global on,Global on,1.0,0.013121333744983019,1.0,0.041666666666666664,0.013121333744983019
28,27,4.0,4.0,Global on,Global on,2.0,79.0,0.02531645569620253,2.0,0.08333333333333333,CS+,CS+,4.0,4.0,Global on,Global on,1.0,82.0,0.012195121951219513,1.0,0.041666666666666664,CS-,CS-,4.0,4.0,Global on,Global on,1.0,0.013121333744983019,1.0,0.041666666666666664,0.013121333744983019
28,9,4.0,1.0,Global on,Global off,2.0,79.0,0.02531645569620253,2.0,0.08333333333333333,ITI,ITI,4.0,1.0,Global on,Global off,1.0,82.0,0.012195121951219513,1.0,0.041666666666666664,CS+,CS+,4.0,1.0,Global on,Global off,1.0,0.013121333744983019,1.0,0.041666666666666664,0.013121333744983019
14,22,2.0,4.0,Threat-like,Global on,1.0,77.0,0.012987012987012988,1.0,0.041666666666666664,ITI,ITI,0.0,0.0,0,0,0.0,0.0,0.0,0.0,0.0,0,0,2.0,4.0,Threat-like,Global on,1.0,0.012987012987012988,1.0,0.041666666666666664,0.012987012987012988
9,12,1.0,3.0,Global off,Safety-like,1.0,78.0,0.01282051282051282,1.0,0.041666666666666664,ITI,CS+,0.0,0.0,0,0,0.0,0.0,0.0,0.0,0.0,0,0,1.0,3.0,Global off,Safety-like,1.0,0.01282051282051282,1.0,0.041666666666666664,0.01282051282051282
17,31,1.0,4.0,Global off,Global on,2.0,96.0,0.020833333333333332,2.0,0.08333333333333333,CS+,CS+,1.0,4.0,Global off,Global on,4.0,119.0,0.03361344537815126,4.0,0.16666666666666666,ITI,ITI,1.0,4.0,Global off,Global on,-2.0,-0.012780112044817927,-2.0,-0.08333333333333333,0.012780112044817927
17,28,1.0,4.0,Global off,Global on,2.0,96.0,0.020833333333333332,2.0,0.08333333333333333,ITI,CS+,1.0,4.0,Global off,Global on,4.0,119.0,0.03361344537815126,4.0,0.16666666666666666,ITI,ITI,1.0,4.0,Global off,Global on,-2.0,-0.012780112044817927,-2.0,-0.08333333333333333,0.012780112044817927
20,13,3.0,2.0,Safety-like,Threat-like,2.0,135.0,0.014814814814814815,1.0,0.041666666666666664,CS+,CS+,3.0,2.0,Safety-like,Threat-like,4.0,145.0,0.027586206896551724,3.0,0.125,CS+,CS+,3.0,2.0,Safety-like,Threat-like,-2.0,-0.012771392081736908,-2.0,-0.08333333333333334,0.012771392081736908
32,9,4.0,1.0,Global on,Global off,7.0,208.0,0.03365384615384615,5.0,0.20833333333333334,ITI,CS+,4.0,1.0,Global on,Global off,4.0,191.0,0.020942408376963352,3.0,0.125,ITI,ITI,4.0,1.0,Global on,Global off,3.0,0.0127114377768828,2.0,0.08333333333333334,0.0127114377768828
28,21,4.0,1.0,Global on,Global off,1.0,79.0,0.012658227848101266,1.0,0.041666666666666664,ITI,ITI,0.0,0.0,0,0,0.0,0.0,0.0,0.0,0.0,0,0,4.0,1.0,Global on,Global off,1.0,0.012658227848101266,1.0,0.041666666666666664,0.012658227848101266
13,24,2.0,4.0,Threat-like,Global on,3.0,128.0,0.0234375,3.0,0.125,CS-,ITI,2.0,4.0,Threat-like,Global on,5.0,139.0,0.03597122302158273,3.0,0.125,ITI,ITI,2.0,4.0,Threat-like,Global on,-2.0,-0.012533723021582732,0.0,0.0,0.012533723021582732
19,5,3.0,1.0,Safety-like,Global off,1.0,72.0,0.013888888888888888,1.0,0.041666666666666664,CS-,CS-,3.0,1.0,Safety-like,Global off,2.0,76.0,0.02631578947368421,2.0,0.08333333333333333,ITI,CS+,3.0,1.0,Safety-like,Global off,-1.0,-0.012426900584795321,-1.0,-0.041666666666666664,0.012426900584795321
16,3,4.0,1.0,Global on,Global off,2.0,111.0,0.018018018018018018,2.0,0.08333333333333333,CS+,CS+,4.0,1.0,Global on,Global off,3.0,99.0,0.030303030303030304,3.0,0.125,ITI,ITI,4.0,1.0,Global on,Global off,-1.0,-0.012285012285012286,-1.0,-0.04166666666666667,0.012285012285012286
3,2,1.0,1.0,Global off,Global off,6.0,47.0,0.1276595744680851,6.0,0.25,ITI,ITI,1.0,1.0,Global off,Global off,6.0,52.0,0.11538461538461539,4.0,0.16666666666666666,ITI,ITI,1.0,1.0,Global off,Global off,0.0,0.012274959083469705,2.0,0.08333333333333334,0.012274959083469705
28,22,0.0,0.0,0,0,0.0,0.0,0.0,0.0,0.0,0,0,4.0,4.0,Global on,Global on,1.0,82.0,0.012195121951219513,1.0,0.041666666666666664,CS-,ITI,4.0,4.0,Global on,Global on,-1.0,-0.012195121951219513,-1.0,-0.041666666666666664,0.012195121951219513
28,7,0.0,0.0,0,0,0.0,0.0,0.0,0.0,0.0,0,0,4.0,1.0,Global on,Global off,1.0,82.0,0.012195121951219513,1.0,0.041666666666666664,CS-,CS-,4.0,1.0,Global on,Global off,-1.0,-0.012195121951219513,-1.0,-0.041666666666666664,0.012195121951219513
28,11,0.0,0.0,0,0,0.0,0.0,0.0,0.0,0.0,0,0,4.0,1.0,Global on,Global off,1.0,82.0,0.012195121951219513,1.0,0.041666666666666664,ITI,ITI,4.0,1.0,Global on,Global off,-1.0,-0.012195121951219513,-1.0,-0.041666666666666664,0.012195121951219513
5,30,1.0,4.0,Global off,Global on,1.0,82.0,0.012195121951219513,1.0,0.041666666666666664,CS-,CS-,0.0,0.0,0,0,0.0,0.0,0.0,0.0,0.0,0,0,1.0,4.0,Global off,Global on,1.0,0.012195121951219513,1.0,0.041666666666666664,0.012195121951219513
5,18,1.0,3.0,Global off,Safety-like,1.0,82.0,0.012195121951219513,1.0,0.041666666666666664,CS-,ITI,0.0,0.0,0,0,0.0,0.0,0.0,0.0,0.0,0,0,1.0,3.0,Global off,Safety-like,1.0,0.012195121951219513,1.0,0.041666666666666664,0.012195121951219513
13,14,2.0,2.0,Threat-like,Threat-like,8.0,128.0,0.0625,7.0,0.2916666666666667,ITI,ITI,2.0,2.0,Threat-like,Threat-like,7.0,139.0,0.050359712230215826,6.0,0.25,CS+,CS+,2.0,2.0,Threat-like,Threat-like,1.0,0.012140287769784174,1.0,0.041666666666666685,0.012140287769784174
24,9,4.0,1.0,Global on,Global off,1.0,74.0,0.013513513513513514,1.0,0.041666666666666664,ITI,ITI,4.0,1.0,Global on,Global off,2.0,79.0,0.02531645569620253,2.0,0.08333333333333333,CS+,CS+,4.0,1.0,Global on,Global off,-1.0,-0.011802942182689017,-1.0,-0.041666666666666664,0.011802942182689017
24,30,4.0,4.0,Global on,Global on,1.0,74.0,0.013513513513513514,1.0,0.041666666666666664,ITI,ITI,4.0,4.0,Global on,Global on,2.0,79.0,0.02531645569620253,1.0,0.041666666666666664,ITI,CS+,4.0,4.0,Global on,Global on,-1.0,-0.011802942182689017,0.0,0.0,0.011802942182689017
14,26,0.0,0.0,0,0,0.0,0.0,0.0,0.0,0.0,0,0,2.0,4.0,Threat-like,Global on,1.0,85.0,0.011764705882352941,1.0,0.041666666666666664,ITI,CS-,2.0,4.0,Threat-like,Global on,-1.0,-0.011764705882352941,-1.0,-0.041666666666666664,0.011764705882352941
20,14,3.0,2.0,Safety-like,Threat-like,4.0,135.0,0.02962962962962963,3.0,0.125,ITI,ITI,3.0,2.0,Safety-like,Threat-like,6.0,145.0,0.041379310344827586,5.0,0.20833333333333334,ITI,CS+,3.0,2.0,Safety-like,Threat-like,-2.0,-0.011749680715197955,-2.0,-0.08333333333333334,0.011749680715197955
19,16,3.0,4.0,Safety-like,Global on,2.0,72.0,0.027777777777777776,2.0,0.08333333333333333,CS-,CS+,3.0,4.0,Safety-like,Global on,3.0,76.0,0.039473684210526314,3.0,0.125,ITI,ITI,3.0,4.0,Safety-like,Global on,-1.0,-0.011695906432748537,-1.0,-0.04166666666666667,0.011695906432748537
1,9,1.0,1.0,Global off,Global off,9.0,212.0,0.04245283018867924,9.0,0.375,ITI,ITI,1.0,1.0,Global off,Global off,6.0,194.0,0.030927835051546393,5.0,0.20833333333333334,ITI,CS+,1.0,1.0,Global off,Global off,3.0,0.01152499513713285,4.0,0.16666666666666666,0.01152499513713285
18,20,3.0,3.0,Safety-like,Safety-like,4.0,55.0,0.07272727272727272,4.0,0.16666666666666666,CS-,ITI,3.0,3.0,Safety-like,Safety-like,3.0,49.0,0.061224489795918366,3.0,0.125,ITI,CS+,3.0,3.0,Safety-like,Safety-like,1.0,0.011502782931354358,1.0,0.04166666666666666,0.011502782931354358
21,3,1.0,1.0,Global off,Global off,1.0,40.0,0.025,1.0,0.041666666666666664,ITI,ITI,1.0,1.0,Global off,Global off,2.0,55.0,0.03636363636363636,2.0,0.08333333333333333,ITI,ITI,1.0,1.0,Global off,Global off,-1.0,-0.01136363636363636,-1.0,-0.041666666666666664,0.01136363636363636
21,18,1.0,3.0,Global off,Safety-like,1.0,40.0,0.025,1.0,0.041666666666666664,ITI,ITI,1.0,3.0,Global off,Safety-like,2.0,55.0,0.03636363636363636,2.0,0.08333333333333333,CS+,CS+,1.0,3.0,Global off,Safety-like,-1.0,-0.01136363636363636,-1.0,-0.041666666666666664,0.01136363636363636
10,31,1.0,4.0,Global off,Global on,3.0,57.0,0.05263157894736842,3.0,0.125,ITI,ITI,1.0,4.0,Global off,Global on,3.0,47.0,0.06382978723404255,3.0,0.125,CS+,ITI,1.0,4.0,Global off,Global on,0.0,-0.01119820828667413,0.0,0.0,0.01119820828667413
16,11,4.0,1.0,Global on,Global off,1.0,111.0,0.009009009009009009,1.0,0.041666666666666664,ITI,CS-,4.0,1.0,Global on,Global off,2.0,99.0,0.020202020202020204,2.0,0.08333333333333333,CS-,CS+,4.0,1.0,Global on,Global off,-1.0,-0.011193011193011195,-1.0,-0.041666666666666664,0.011193011193011195
16,20,4.0,3.0,Global on,Safety-like,1.0,111.0,0.009009009009009009,1.0,0.041666666666666664,ITI,ITI,4.0,3.0,Global on,Safety-like,2.0,99.0,0.020202020202020204,2.0,0.08333333333333333,CS+,ITI,4.0,3.0,Global on,Safety-like,-1.0,-0.011193011193011195,-1.0,-0.041666666666666664,0.011193011193011195
2,30,1.0,4.0,Global off,Global on,4.0,106.0,0.03773584905660377,4.0,0.16666666666666666,ITI,CS-,1.0,4.0,Global off,Global on,3.0,113.0,0.02654867256637168,3.0,0.125,ITI,CS+,1.0,4.0,Global off,Global on,1.0,0.011187176490232091,1.0,0.04166666666666666,0.011187176490232091
5,21,0.0,0.0,0,0,0.0,0.0,0.0,0.0,0.0,0,0,1.0,1.0,Global off,Global off,1.0,90.0,0.011111111111111112,1.0,0.041666666666666664,ITI,ITI,1.0,1.0,Global off,Global off,-1.0,-0.011111111111111112,-1.0,-0.041666666666666664,0.011111111111111112
5,27,0.0,0.0,0,0,0.0,0.0,0.0,0.0,0.0,0,0,1.0,4.0,Global off,Global on,1.0,90.0,0.011111111111111112,1.0,0.041666666666666664,CS+,ITI,1.0,4.0,Global off,Global on,-1.0,-0.011111111111111112,-1.0,-0.041666666666666664,0.011111111111111112
19,29,3.0,2.0,Safety-like,Threat-like,3.0,72.0,0.041666666666666664,3.0,0.125,CS+,ITI,3.0,2.0,Safety-like,Threat-like,4.0,76.0,0.05263157894736842,3.0,0.125,ITI,ITI,3.0,2.0,Safety-like,Threat-like,-1.0,-0.010964912280701754,0.0,0.0,0.010964912280701754
9,25,1.0,1.0,Global off,Global off,2.0,78.0,0.02564102564102564,2.0,0.08333333333333333,ITI,ITI,1.0,1.0,Global off,Global off,1.0,68.0,0.014705882352941176,1.0,0.041666666666666664,CS-,ITI,1.0,1.0,Global off,Global off,1.0,0.010935143288084464,1.0,0.041666666666666664,0.010935143288084464
9,14,1.0,2.0,Global off,Threat-like,2.0,78.0,0.02564102564102564,2.0,0.08333333333333333,CS-,CS-,1.0,2.0,Global off,Threat-like,1.0,68.0,0.014705882352941176,1.0,0.041666666666666664,CS-,CS-,1.0,2.0,Global off,Threat-like,1.0,0.010935143288084464,1.0,0.041666666666666664,0.010935143288084464
1,17,1.0,1.0,Global off,Global off,13.0,212.0,0.06132075471698113,11.0,0.4583333333333333,ITI,ITI,1.0,1.0,Global off,Global off,14.0,194.0,0.07216494845360824,9.0,0.375,ITI,ITI,1.0,1.0,Global off,Global off,-1.0,-0.010844193736627109,2.0,0.08333333333333331,0.010844193736627109
28,26,4.0,4.0,Global on,Global on,3.0,79.0,0.0379746835443038,2.0,0.08333333333333333,CS-,CS-,4.0,4.0,Global on,Global on,4.0,82.0,0.04878048780487805,4.0,0.16666666666666666,ITI,ITI,4.0,4.0,Global on,Global on,-1.0,-0.010805804260574252,-2.0,-0.08333333333333333,0.010805804260574252
17,19,1.0,3.0,Global off,Safety-like,3.0,96.0,0.03125,3.0,0.125,ITI,ITI,1.0,3.0,Global off,Safety-like,5.0,119.0,0.04201680672268908,4.0,0.16666666666666666,ITI,CS+,1.0,3.0,Global off,Safety-like,-2.0,-0.010766806722689079,-1.0,-0.04166666666666666,0.010766806722689079
29,25,2.0,1.0,Threat-like,Global off,2.0,107.0,0.018691588785046728,2.0,0.08333333333333333,CS-,CS-,2.0,1.0,Threat-like,Global off,3.0,102.0,0.029411764705882353,3.0,0.125,CS-,ITI,2.0,1.0,Threat-like,Global off,-1.0,-0.010720175920835625,-1.0,-0.04166666666666667,0.010720175920835625
29,19,2.0,3.0,Threat-like,Safety-like,2.0,107.0,0.018691588785046728,2.0,0.08333333333333333,ITI,CS+,2.0,3.0,Threat-like,Safety-like,3.0,102.0,0.029411764705882353,3.0,0.125,ITI,ITI,2.0,3.0,Threat-like,Safety-like,-1.0,-0.010720175920835625,-1.0,-0.04166666666666667,0.010720175920835625
29,17,2.0,1.0,Threat-like,Global off,2.0,107.0,0.018691588785046728,2.0,0.08333333333333333,CS-,CS-,2.0,1.0,Threat-like,Global off,3.0,102.0,0.029411764705882353,3.0,0.125,ITI,CS-,2.0,1.0,Threat-like,Global off,-1.0,-0.010720175920835625,-1.0,-0.04166666666666667,0.010720175920835625
12,14,3.0,2.0,Safety-like,Threat-like,2.0,40.0,0.05,2.0,0.08333333333333333,CS+,CS-,3.0,2.0,Safety-like,Threat-like,4.0,66.0,0.06060606060606061,4.0,0.16666666666666666,ITI,ITI,3.0,2.0,Safety-like,Threat-like,-2.0,-0.010606060606060605,-2.0,-0.08333333333333333,0.010606060606060605
2,29,1.0,2.0,Global off,Threat-like,3.0,106.0,0.02830188679245283,3.0,0.125,ITI,ITI,1.0,2.0,Global off,Threat-like,2.0,113.0,0.017699115044247787,2.0,0.08333333333333333,CS+,CS-,1.0,2.0,Global off,Threat-like,1.0,0.010602771748205043,1.0,0.04166666666666667,0.010602771748205043
14,8,2.0,3.0,Threat-like,Safety-like,1.0,77.0,0.012987012987012988,1.0,0.041666666666666664,CS-,CS-,2.0,3.0,Threat-like,Safety-like,2.0,85.0,0.023529411764705882,2.0,0.08333333333333333,ITI,CS-,2.0,3.0,Threat-like,Safety-like,-1.0,-0.010542398777692894,-1.0,-0.041666666666666664,0.010542398777692894
19,28,3.0,4.0,Safety-like,Global on,4.0,72.0,0.05555555555555555,3.0,0.125,ITI,CS-,3.0,4.0,Safety-like,Global on,5.0,76.0,0.06578947368421052,5.0,0.20833333333333334,ITI,ITI,3.0,4.0,Safety-like,Global on,-1.0,-0.01023391812865497,-2.0,-0.08333333333333334,0.01023391812865497
5,22,1.0,4.0,Global off,Global on,1.0,82.0,0.012195121951219513,1.0,0.041666666666666664,CS+,ITI,1.0,4.0,Global off,Global on,2.0,90.0,0.022222222222222223,2.0,0.08333333333333333,CS+,CS-,1.0,4.0,Global off,Global on,-1.0,-0.01002710027100271,-1.0,-0.041666666666666664,0.01002710027100271
5,23,1.0,4.0,Global off,Global on,1.0,82.0,0.012195121951219513,1.0,0.041666666666666664,ITI,ITI,1.0,4.0,Global off,Global on,2.0,90.0,0.022222222222222223,2.0,0.08333333333333333,CS+,CS+,1.0,4.0,Global off,Global on,-1.0,-0.01002710027100271,-1.0,-0.041666666666666664,0.01002710027100271
2,27,1.0,4.0,Global off,Global on,2.0,106.0,0.018867924528301886,1.0,0.041666666666666664,CS-,CS-,1.0,4.0,Global off,Global on,1.0,113.0,0.008849557522123894,1.0,0.041666666666666664,CS-,CS-,1.0,4.0,Global off,Global on,1.0,0.010018367006177992,0.0,0.0,0.010018367006177992
12,25,3.0,1.0,Safety-like,Global off,1.0,40.0,0.025,1.0,0.041666666666666664,ITI,ITI,3.0,1.0,Safety-like,Global off,1.0,66.0,0.015151515151515152,1.0,0.041666666666666664,ITI,CS+,3.0,1.0,Safety-like,Global off,0.0,0.00984848484848485,0.0,0.0,0.00984848484848485
12,7,3.0,1.0,Safety-like,Global off,1.0,40.0,0.025,1.0,0.041666666666666664,CS+,CS+,3.0,1.0,Safety-like,Global off,1.0,66.0,0.015151515151515152,1.0,0.041666666666666664,CS-,ITI,3.0,1.0,Safety-like,Global off,0.0,0.00984848484848485,0.0,0.0,0.00984848484848485
12,23,3.0,4.0,Safety-like,Global on,1.0,40.0,0.025,1.0,0.041666666666666664,CS-,CS-,3.0,4.0,Safety-like,Global on,1.0,66.0,0.015151515151515152,1.0,0.041666666666666664,ITI,CS-,3.0,4.0,Safety-like,Global on,0.0,0.00984848484848485,0.0,0.0,0.00984848484848485
29,6,0.0,0.0,0,0,0.0,0.0,0.0,0.0,0.0,0,0,2.0,1.0,Threat-like,Global off,1.0,102.0,0.00980392156862745,1.0,0.041666666666666664,ITI,ITI,2.0,1.0,Threat-like,Global off,-1.0,-0.00980392156862745,-1.0,-0.041666666666666664,0.00980392156862745
13,19,2.0,3.0,Threat-like,Safety-like,4.0,128.0,0.03125,4.0,0.16666666666666666,ITI,CS-,2.0,3.0,Threat-like,Safety-like,3.0,139.0,0.02158273381294964,3.0,0.125,ITI,ITI,2.0,3.0,Threat-like,Safety-like,1.0,0.009667266187050359,1.0,0.04166666666666666,0.009667266187050359
13,10,2.0,1.0,Threat-like,Global off,4.0,128.0,0.03125,4.0,0.16666666666666666,CS-,ITI,2.0,1.0,Threat-like,Global off,3.0,139.0,0.02158273381294964,3.0,0.125,ITI,ITI,2.0,1.0,Threat-like,Global off,1.0,0.009667266187050359,1.0,0.04166666666666666,0.009667266187050359
13,25,2.0,1.0,Threat-like,Global off,4.0,128.0,0.03125,4.0,0.16666666666666666,CS+,ITI,2.0,1.0,Threat-like,Global off,3.0,139.0,0.02158273381294964,3.0,0.125,CS+,ITI,2.0,1.0,Threat-like,Global off,1.0,0.009667266187050359,1.0,0.04166666666666666,0.009667266187050359
31,1,4.0,1.0,Global on,Global off,2.0,112.0,0.017857142857142856,2.0,0.08333333333333333,CS-,CS-,4.0,1.0,Global on,Global off,3.0,109.0,0.027522935779816515,3.0,0.125,ITI,ITI,4.0,1.0,Global on,Global off,-1.0,-0.00966579292267366,-1.0,-0.04166666666666667,0.00966579292267366
4,28,3.0,4.0,Safety-like,Global on,3.0,107.0,0.028037383177570093,3.0,0.125,ITI,CS+,3.0,4.0,Safety-like,Global on,2.0,108.0,0.018518518518518517,2.0,0.08333333333333333,CS-,CS-,3.0,4.0,Safety-like,Global on,1.0,0.009518864659051576,1.0,0.04166666666666667,0.009518864659051576
2,26,1.0,4.0,Global off,Global on,1.0,106.0,0.009433962264150943,1.0,0.041666666666666664,ITI,CS-,0.0,0.0,0,0,0.0,0.0,0.0,0.0,0.0,0,0,1.0,4.0,Global off,Global on,1.0,0.009433962264150943,1.0,0.041666666666666664,0.009433962264150943
4,30,3.0,4.0,Safety-like,Global on,2.0,107.0,0.018691588785046728,2.0,0.08333333333333333,ITI,CS+,3.0,4.0,Safety-like,Global on,1.0,108.0,0.009259259259259259,1.0,0.041666666666666664,CS-,ITI,3.0,4.0,Safety-like,Global on,1.0,0.009432329525787469,1.0,0.041666666666666664,0.009432329525787469
31,6,4.0,1.0,Global on,Global off,1.0,112.0,0.008928571428571428,1.0,0.041666666666666664,CS+,CS+,4.0,1.0,Global on,Global off,2.0,109.0,0.01834862385321101,2.0,0.08333333333333333,CS+,CS+,4.0,1.0,Global on,Global off,-1.0,-0.009420052424639582,-1.0,-0.041666666666666664,0.009420052424639582
31,18,4.0,3.0,Global on,Safety-like,1.0,112.0,0.008928571428571428,1.0,0.041666666666666664,CS-,CS-,4.0,3.0,Global on,Safety-like,2.0,109.0,0.01834862385321101,1.0,0.041666666666666664,ITI,ITI,4.0,3.0,Global on,Safety-like,-1.0,-0.009420052424639582,0.0,0.0,0.009420052424639582
31,3,4.0,1.0,Global on,Global off,1.0,112.0,0.008928571428571428,1.0,0.041666666666666664,CS-,CS-,4.0,1.0,Global on,Global off,2.0,109.0,0.01834862385321101,2.0,0.08333333333333333,CS-,CS-,4.0,1.0,Global on,Global off,-1.0,-0.009420052424639582,-1.0,-0.041666666666666664,0.009420052424639582
29,18,2.0,3.0,Threat-like,Safety-like,1.0,107.0,0.009345794392523364,1.0,0.041666666666666664,ITI,ITI,0.0,0.0,0,0,0.0,0.0,0.0,0.0,0.0,0,0,2.0,3.0,Threat-like,Safety-like,1.0,0.009345794392523364,1.0,0.041666666666666664,0.009345794392523364
4,7,3.0,1.0,Safety-like,Global off,1.0,107.0,0.009345794392523364,1.0,0.041666666666666664,ITI,CS-,0.0,0.0,0,0,0.0,0.0,0.0,0.0,0.0,0,0,3.0,1.0,Safety-like,Global off,1.0,0.009345794392523364,1.0,0.041666666666666664,0.009345794392523364
4,22,3.0,4.0,Safety-like,Global on,1.0,107.0,0.009345794392523364,1.0,0.041666666666666664,ITI,ITI,0.0,0.0,0,0,0.0,0.0,0.0,0.0,0.0,0,0,3.0,4.0,Safety-like,Global on,1.0,0.009345794392523364,1.0,0.041666666666666664,0.009345794392523364
16,13,4.0,2.0,Global on,Threat-like,10.0,111.0,0.09009009009009009,9.0,0.375,CS+,CS-,4.0,2.0,Global on,Threat-like,8.0,99.0,0.08080808080808081,8.0,0.3333333333333333,CS+,CS+,4.0,2.0,Global on,Threat-like,2.0,0.009282009282009271,1.0,0.041666666666666685,0.009282009282009271
24,4,4.0,3.0,Global on,Safety-like,4.0,74.0,0.05405405405405406,4.0,0.16666666666666666,ITI,ITI,4.0,3.0,Global on,Safety-like,5.0,79.0,0.06329113924050633,5.0,0.20833333333333334,CS-,ITI,4.0,3.0,Global on,Safety-like,-1.0,-0.009237085186452276,-1.0,-0.041666666666666685,0.009237085186452276
20,18,3.0,3.0,Safety-like,Safety-like,9.0,135.0,0.06666666666666667,5.0,0.20833333333333334,ITI,CS-,3.0,3.0,Safety-like,Safety-like,11.0,145.0,0.07586206896551724,9.0,0.375,ITI,ITI,3.0,3.0,Safety-like,Safety-like,-2.0,-0.009195402298850575,-4.0,-0.16666666666666666,0.009195402298850575
31,22,0.0,0.0,0,0,0.0,0.0,0.0,0.0,0.0,0,0,4.0,4.0,Global on,Global on,1.0,109.0,0.009174311926605505,1.0,0.041666666666666664,CS+,CS+,4.0,4.0,Global on,Global on,-1.0,-0.009174311926605505,-1.0,-0.041666666666666664,0.009174311926605505
31,5,0.0,0.0,0,0,0.0,0.0,0.0,0.0,0.0,0,0,4.0,1.0,Global on,Global off,1.0,109.0,0.009174311926605505,1.0,0.041666666666666664,CS+,CS+,4.0,1.0,Global on,Global off,-1.0,-0.009174311926605505,-1.0,-0.041666666666666664,0.009174311926605505
31,26,0.0,0.0,0,0,0.0,0.0,0.0,0.0,0.0,0,0,4.0,4.0,Global on,Global on,1.0,109.0,0.009174311926605505,1.0,0.041666666666666664,CS+,ITI,4.0,4.0,Global on,Global on,-1.0,-0.009174311926605505,-1.0,-0.041666666666666664,0.009174311926605505
31,10,0.0,0.0,0,0,0.0,0.0,0.0,0.0,0.0,0,0,4.0,1.0,Global on,Global off,1.0,109.0,0.009174311926605505,1.0,0.041666666666666664,ITI,ITI,4.0,1.0,Global on,Global off,-1.0,-0.009174311926605505,-1.0,-0.041666666666666664,0.009174311926605505
4,3,3.0,1.0,Safety-like,Global off,1.0,107.0,0.009345794392523364,1.0,0.041666666666666664,CS-,ITI,3.0,1.0,Safety-like,Global off,2.0,108.0,0.018518518518518517,2.0,0.08333333333333333,ITI,ITI,3.0,1.0,Safety-like,Global off,-1.0,-0.009172724125995154,-1.0,-0.041666666666666664,0.009172724125995154
4,25,3.0,1.0,Safety-like,Global off,1.0,107.0,0.009345794392523364,1.0,0.041666666666666664,ITI,ITI,3.0,1.0,Safety-like,Global off,2.0,108.0,0.018518518518518517,2.0,0.08333333333333333,CS-,CS-,3.0,1.0,Safety-like,Global off,-1.0,-0.009172724125995154,-1.0,-0.041666666666666664,0.009172724125995154
4,15,3.0,2.0,Safety-like,Threat-like,2.0,107.0,0.018691588785046728,2.0,0.08333333333333333,CS-,ITI,3.0,2.0,Safety-like,Threat-like,3.0,108.0,0.027777777777777776,3.0,0.125,CS-,CS-,3.0,2.0,Safety-like,Threat-like,-1.0,-0.009086188992731049,-1.0,-0.04166666666666667,0.009086188992731049
4,10,3.0,1.0,Safety-like,Global off,2.0,107.0,0.018691588785046728,1.0,0.041666666666666664,ITI,ITI,3.0,1.0,Safety-like,Global off,3.0,108.0,0.027777777777777776,3.0,0.125,CS-,ITI,3.0,1.0,Safety-like,Global off,-1.0,-0.009086188992731049,-2.0,-0.08333333333333334,0.009086188992731049
13,7,2.0,1.0,Threat-like,Global off,3.0,128.0,0.0234375,3.0,0.125,CS+,ITI,2.0,1.0,Threat-like,Global off,2.0,139.0,0.014388489208633094,2.0,0.08333333333333333,CS-,CS-,2.0,1.0,Threat-like,Global off,1.0,0.009049010791366906,1.0,0.04166666666666667,0.009049010791366906
13,27,2.0,4.0,Threat-like,Global on,3.0,128.0,0.0234375,3.0,0.125,CS+,ITI,2.0,4.0,Threat-like,Global on,2.0,139.0,0.014388489208633094,2.0,0.08333333333333333,ITI,CS-,2.0,4.0,Threat-like,Global on,1.0,0.009049010791366906,1.0,0.04166666666666667,0.009049010791366906
16,22,4.0,4.0,Global on,Global on,1.0,111.0,0.009009009009009009,1.0,0.041666666666666664,ITI,ITI,0.0,0.0,0,0,0.0,0.0,0.0,0.0,0.0,0,0,4.0,4.0,Global on,Global on,1.0,0.009009009009009009,1.0,0.041666666666666664,0.009009009009009009
16,27,4.0,4.0,Global on,Global on,1.0,111.0,0.009009009009009009,1.0,0.041666666666666664,CS-,CS-,0.0,0.0,0,0,0.0,0.0,0.0,0.0,0.0,0,0,4.0,4.0,Global on,Global on,1.0,0.009009009009009009,1.0,0.041666666666666664,0.009009009009009009
16,26,4.0,4.0,Global on,Global on,1.0,111.0,0.009009009009009009,1.0,0.041666666666666664,CS+,ITI,0.0,0.0,0,0,0.0,0.0,0.0,0.0,0.0,0,0,4.0,4.0,Global on,Global on,1.0,0.009009009009009009,1.0,0.041666666666666664,0.009009009009009009
4,31,3.0,4.0,Safety-like,Global on,3.0,107.0,0.028037383177570093,3.0,0.125,CS+,CS+,3.0,4.0,Safety-like,Global on,4.0,108.0,0.037037037037037035,4.0,0.16666666666666666,ITI,ITI,3.0,4.0,Safety-like,Global on,-1.0,-0.008999653859466942,-1.0,-0.04166666666666666,0.008999653859466942
31,7,4.0,1.0,Global on,Global off,1.0,112.0,0.008928571428571428,1.0,0.041666666666666664,CS-,ITI,0.0,0.0,0,0,0.0,0.0,0.0,0.0,0.0,0,0,4.0,1.0,Global on,Global off,1.0,0.008928571428571428,1.0,0.041666666666666664,0.008928571428571428
4,19,3.0,3.0,Safety-like,Safety-like,4.0,107.0,0.037383177570093455,3.0,0.125,ITI,ITI,3.0,3.0,Safety-like,Safety-like,5.0,108.0,0.046296296296296294,3.0,0.125,ITI,ITI,3.0,3.0,Safety-like,Safety-like,-1.0,-0.008913118726202839,0.0,0.0,0.008913118726202839
1,13,1.0,2.0,Global off,Threat-like,15.0,212.0,0.07075471698113207,11.0,0.4583333333333333,ITI,CS+,1.0,2.0,Global off,Threat-like,12.0,194.0,0.061855670103092786,11.0,0.4583333333333333,CS-,ITI,1.0,2.0,Global off,Threat-like,3.0,0.008899046878039288,0.0,0.0,0.008899046878039288
29,26,2.0,4.0,Threat-like,Global on,2.0,107.0,0.018691588785046728,2.0,0.08333333333333333,CS-,CS-,2.0,4.0,Threat-like,Global on,1.0,102.0,0.00980392156862745,1.0,0.041666666666666664,ITI,ITI,2.0,4.0,Threat-like,Global on,1.0,0.008887667216419277,1.0,0.041666666666666664,0.008887667216419277
29,11,2.0,1.0,Threat-like,Global off,2.0,107.0,0.018691588785046728,2.0,0.08333333333333333,ITI,ITI,2.0,1.0,Threat-like,Global off,1.0,102.0,0.00980392156862745,1.0,0.041666666666666664,ITI,ITI,2.0,1.0,Threat-like,Global off,1.0,0.008887667216419277,1.0,0.041666666666666664,0.008887667216419277
2,21,0.0,0.0,0,0,0.0,0.0,0.0,0.0,0.0,0,0,1.0,1.0,Global off,Global off,1.0,113.0,0.008849557522123894,1.0,0.041666666666666664,CS-,ITI,1.0,1.0,Global off,Global off,-1.0,-0.008849557522123894,-1.0,-0.041666666666666664,0.008849557522123894
32,10,4.0,1.0,Global on,Global off,4.0,208.0,0.019230769230769232,4.0,0.16666666666666666,ITI,CS+,4.0,1.0,Global on,Global off,2.0,191.0,0.010471204188481676,2.0,0.08333333333333333,ITI,CS+,4.0,1.0,Global on,Global off,2.0,0.008759565042287556,2.0,0.08333333333333333,0.008759565042287556
4,20,3.0,3.0,Safety-like,Safety-like,7.0,107.0,0.06542056074766354,4.0,0.16666666666666666,ITI,ITI,3.0,3.0,Safety-like,Safety-like,8.0,108.0,0.07407407407407407,8.0,0.3333333333333333,ITI,ITI,3.0,3.0,Safety-like,Safety-like,-1.0,-0.008653513326410525,-4.0,-0.16666666666666666,0.008653513326410525
26,25,4.0,1.0,Global on,Global off,1.0,22.0,0.045454545454545456,1.0,0.041666666666666664,CS-,CS-,4.0,1.0,Global on,Global off,1.0,27.0,0.037037037037037035,1.0,0.041666666666666664,CS+,CS+,4.0,1.0,Global on,Global off,0.0,0.00841750841750842,0.0,0.0,0.00841750841750842
26,24,4.0,4.0,Global on,Global on,1.0,22.0,0.045454545454545456,1.0,0.041666666666666664,CS-,ITI,4.0,4.0,Global on,Global on,1.0,27.0,0.037037037037037035,1.0,0.041666666666666664,ITI,ITI,4.0,4.0,Global on,Global on,0.0,0.00841750841750842,0.0,0.0,0.00841750841750842
26,32,4.0,4.0,Global on,Global on,1.0,22.0,0.045454545454545456,1.0,0.041666666666666664,ITI,ITI,4.0,4.0,Global on,Global on,1.0,27.0,0.037037037037037035,1.0,0.041666666666666664,CS-,ITI,4.0,4.0,Global on,Global on,0.0,0.00841750841750842,0.0,0.0,0.00841750841750842
26,3,4.0,1.0,Global on,Global off,1.0,22.0,0.045454545454545456,1.0,0.041666666666666664,CS-,CS-,4.0,1.0,Global on,Global off,1.0,27.0,0.037037037037037035,1.0,0.041666666666666664,ITI,ITI,4.0,1.0,Global on,Global off,0.0,0.00841750841750842,0.0,0.0,0.00841750841750842
26,5,4.0,1.0,Global on,Global off,1.0,22.0,0.045454545454545456,1.0,0.041666666666666664,ITI,ITI,4.0,1.0,Global on,Global off,1.0,27.0,0.037037037037037035,1.0,0.041666666666666664,ITI,CS+,4.0,1.0,Global on,Global off,0.0,0.00841750841750842,0.0,0.0,0.00841750841750842
26,9,4.0,1.0,Global on,Global off,1.0,22.0,0.045454545454545456,1.0,0.041666666666666664,ITI,ITI,4.0,1.0,Global on,Global off,1.0,27.0,0.037037037037037035,1.0,0.041666666666666664,ITI,ITI,4.0,1.0,Global on,Global off,0.0,0.00841750841750842,0.0,0.0,0.00841750841750842
26,20,4.0,3.0,Global on,Safety-like,1.0,22.0,0.045454545454545456,1.0,0.041666666666666664,ITI,ITI,4.0,3.0,Global on,Safety-like,1.0,27.0,0.037037037037037035,1.0,0.041666666666666664,ITI,CS-,4.0,3.0,Global on,Safety-like,0.0,0.00841750841750842,0.0,0.0,0.00841750841750842
17,5,0.0,0.0,0,0,0.0,0.0,0.0,0.0,0.0,0,0,1.0,1.0,Global off,Global off,1.0,119.0,0.008403361344537815,1.0,0.041666666666666664,ITI,CS+,1.0,1.0,Global off,Global off,-1.0,-0.008403361344537815,-1.0,-0.041666666666666664,0.008403361344537815
32,26,4.0,4.0,Global on,Global on,5.0,208.0,0.02403846153846154,5.0,0.20833333333333334,CS+,CS-,4.0,4.0,Global on,Global on,3.0,191.0,0.015706806282722512,3.0,0.125,CS-,CS-,4.0,4.0,Global on,Global on,2.0,0.008331655255739027,2.0,0.08333333333333334,0.008331655255739027
2,22,1.0,4.0,Global off,Global on,1.0,106.0,0.009433962264150943,1.0,0.041666666666666664,ITI,CS+,1.0,4.0,Global off,Global on,2.0,113.0,0.017699115044247787,2.0,0.08333333333333333,CS-,CS-,1.0,4.0,Global off,Global on,-1.0,-0.008265152780096844,-1.0,-0.041666666666666664,0.008265152780096844
14,31,2.0,4.0,Threat-like,Global on,3.0,77.0,0.03896103896103896,2.0,0.08333333333333333,ITI,CS+,2.0,4.0,Threat-like,Global on,4.0,85.0,0.047058823529411764,4.0,0.16666666666666666,ITI,CS+,2.0,4.0,Threat-like,Global on,-1.0,-0.008097784568372804,-2.0,-0.08333333333333333,0.008097784568372804
17,24,1.0,4.0,Global off,Global on,4.0,96.0,0.041666666666666664,4.0,0.16666666666666666,ITI,CS-,1.0,4.0,Global off,Global on,4.0,119.0,0.03361344537815126,3.0,0.125,ITI,ITI,1.0,4.0,Global off,Global on,0.0,0.008053221288515405,1.0,0.04166666666666666,0.008053221288515405
29,28,2.0,4.0,Threat-like,Global on,4.0,107.0,0.037383177570093455,4.0,0.16666666666666666,CS-,ITI,2.0,4.0,Threat-like,Global on,3.0,102.0,0.029411764705882353,3.0,0.125,CS+,ITI,2.0,4.0,Threat-like,Global on,1.0,0.007971412864211103,1.0,0.04166666666666666,0.007971412864211103
29,23,2.0,4.0,Threat-like,Global on,4.0,107.0,0.037383177570093455,4.0,0.16666666666666666,CS-,ITI,2.0,4.0,Threat-like,Global on,3.0,102.0,0.029411764705882353,3.0,0.125,CS+,CS+,2.0,4.0,Threat-like,Global on,1.0,0.007971412864211103,1.0,0.04166666666666666,0.007971412864211103
31,24,4.0,4.0,Global on,Global on,5.0,112.0,0.044642857142857144,4.0,0.16666666666666666,CS+,ITI,4.0,4.0,Global on,Global on,4.0,109.0,0.03669724770642202,4.0,0.16666666666666666,ITI,ITI,4.0,4.0,Global on,Global on,1.0,0.007945609436435123,0.0,0.0,0.007945609436435123
20,6,3.0,1.0,Safety-like,Global off,2.0,135.0,0.014814814814814815,1.0,0.041666666666666664,ITI,CS+,3.0,1.0,Safety-like,Global off,1.0,145.0,0.006896551724137931,1.0,0.041666666666666664,ITI,CS+,3.0,1.0,Safety-like,Global off,1.0,0.007918263090676884,0.0,0.0,0.007918263090676884
6,13,1.0,2.0,Global off,Threat-like,4.0,43.0,0.09302325581395349,4.0,0.16666666666666666,ITI,CS+,1.0,2.0,Global off,Threat-like,4.0,47.0,0.0851063829787234,4.0,0.16666666666666666,CS+,ITI,1.0,2.0,Global off,Threat-like,0.0,0.007916872835230085,0.0,0.0,0.007916872835230085
6,1,1.0,1.0,Global off,Global off,4.0,43.0,0.09302325581395349,4.0,0.16666666666666666,CS+,CS-,1.0,1.0,Global off,Global off,4.0,47.0,0.0851063829787234,4.0,0.16666666666666666,ITI,ITI,1.0,1.0,Global off,Global off,0.0,0.007916872835230085,0.0,0.0,0.007916872835230085
32,12,4.0,3.0,Global on,Safety-like,6.0,208.0,0.028846153846153848,6.0,0.25,CS-,ITI,4.0,3.0,Global on,Safety-like,4.0,191.0,0.020942408376963352,4.0,0.16666666666666666,ITI,ITI,4.0,3.0,Global on,Safety-like,2.0,0.007903745469190496,2.0,0.08333333333333334,0.007903745469190496
32,25,4.0,1.0,Global on,Global off,6.0,208.0,0.028846153846153848,5.0,0.20833333333333334,ITI,ITI,4.0,1.0,Global on,Global off,4.0,191.0,0.020942408376963352,4.0,0.16666666666666666,CS-,CS-,4.0,1.0,Global on,Global off,2.0,0.007903745469190496,1.0,0.041666666666666685,0.007903745469190496
32,14,4.0,2.0,Global on,Threat-like,6.0,208.0,0.028846153846153848,6.0,0.25,CS+,ITI,4.0,2.0,Global on,Threat-like,4.0,191.0,0.020942408376963352,4.0,0.16666666666666666,CS-,CS-,4.0,2.0,Global on,Threat-like,2.0,0.007903745469190496,2.0,0.08333333333333334,0.007903745469190496
5,8,1.0,3.0,Global off,Safety-like,3.0,82.0,0.036585365853658534,3.0,0.125,CS+,CS-,1.0,3.0,Global off,Safety-like,4.0,90.0,0.044444444444444446,4.0,0.16666666666666666,ITI,ITI,1.0,3.0,Global off,Safety-like,-1.0,-0.007859078590785912,-1.0,-0.04166666666666666,0.007859078590785912
5,14,1.0,2.0,Global off,Threat-like,3.0,82.0,0.036585365853658534,3.0,0.125,CS+,CS+,1.0,2.0,Global off,Threat-like,4.0,90.0,0.044444444444444446,4.0,0.16666666666666666,ITI,ITI,1.0,2.0,Global off,Threat-like,-1.0,-0.007859078590785912,-1.0,-0.04166666666666666,0.007859078590785912
13,22,2.0,4.0,Threat-like,Global on,1.0,128.0,0.0078125,1.0,0.041666666666666664,CS-,CS-,0.0,0.0,0,0,0.0,0.0,0.0,0.0,0.0,0,0,2.0,4.0,Threat-like,Global on,1.0,0.0078125,1.0,0.041666666666666664,0.0078125
13,26,2.0,4.0,Threat-like,Global on,1.0,128.0,0.0078125,1.0,0.041666666666666664,CS+,CS+,0.0,0.0,0,0,0.0,0.0,0.0,0.0,0.0,0,0,2.0,4.0,Threat-like,Global on,1.0,0.0078125,1.0,0.041666666666666664,0.0078125
1,3,1.0,1.0,Global off,Global off,6.0,212.0,0.02830188679245283,4.0,0.16666666666666666,CS-,ITI,1.0,1.0,Global off,Global off,7.0,194.0,0.03608247422680412,7.0,0.2916666666666667,ITI,ITI,1.0,1.0,Global off,Global off,-1.0,-0.00778058743435129,-3.0,-0.12500000000000003,0.00778058743435129
1,7,1.0,1.0,Global off,Global off,6.0,212.0,0.02830188679245283,6.0,0.25,ITI,ITI,1.0,1.0,Global off,Global off,7.0,194.0,0.03608247422680412,4.0,0.16666666666666666,ITI,ITI,1.0,1.0,Global off,Global off,-1.0,-0.00778058743435129,2.0,0.08333333333333334,0.00778058743435129
2,18,1.0,3.0,Global off,Safety-like,2.0,106.0,0.018867924528301886,1.0,0.041666666666666664,CS-,CS-,1.0,3.0,Global off,Safety-like,3.0,113.0,0.02654867256637168,3.0,0.125,ITI,ITI,1.0,3.0,Global off,Safety-like,-1.0,-0.007680748038069795,-2.0,-0.08333333333333334,0.007680748038069795
15,28,2.0,4.0,Threat-like,Global on,2.0,50.0,0.04,2.0,0.08333333333333333,ITI,CS+,2.0,4.0,Threat-like,Global on,3.0,63.0,0.047619047619047616,3.0,0.125,ITI,ITI,2.0,4.0,Threat-like,Global on,-1.0,-0.007619047619047616,-1.0,-0.04166666666666667,0.007619047619047616
10,3,1.0,1.0,Global off,Global off,2.0,57.0,0.03508771929824561,2.0,0.08333333333333333,ITI,ITI,1.0,1.0,Global off,Global off,2.0,47.0,0.0425531914893617,1.0,0.041666666666666664,ITI,CS+,1.0,1.0,Global off,Global off,0.0,-0.007465472191116089,1.0,0.041666666666666664,0.007465472191116089
10,28,1.0,4.0,Global off,Global on,2.0,57.0,0.03508771929824561,2.0,0.08333333333333333,CS-,CS-,1.0,4.0,Global off,Global on,2.0,47.0,0.0425531914893617,1.0,0.041666666666666664,ITI,ITI,1.0,4.0,Global off,Global on,0.0,-0.007465472191116089,1.0,0.041666666666666664,0.007465472191116089
10,12,1.0,3.0,Global off,Safety-like,2.0,57.0,0.03508771929824561,2.0,0.08333333333333333,CS+,CS+,1.0,3.0,Global off,Safety-like,2.0,47.0,0.0425531914893617,2.0,0.08333333333333333,CS-,CS-,1.0,3.0,Global off,Safety-like,0.0,-0.007465472191116089,0.0,0.0,0.007465472191116089
32,4,4.0,3.0,Global on,Safety-like,5.0,208.0,0.02403846153846154,4.0,0.16666666666666666,ITI,ITI,4.0,3.0,Global on,Safety-like,6.0,191.0,0.031413612565445025,5.0,0.20833333333333334,ITI,CS+,4.0,3.0,Global on,Safety-like,-1.0,-0.007375151026983485,-1.0,-0.041666666666666685,0.007375151026983485
25,1,1.0,1.0,Global off,Global off,7.0,55.0,0.12727272727272726,5.0,0.20833333333333334,ITI,ITI,1.0,1.0,Global off,Global off,7.0,52.0,0.1346153846153846,6.0,0.25,CS-,ITI,1.0,1.0,Global off,Global off,0.0,-0.007342657342657349,-1.0,-0.04166666666666666,0.007342657342657349
9,13,1.0,2.0,Global off,Threat-like,4.0,78.0,0.05128205128205128,3.0,0.125,CS+,CS+,1.0,2.0,Global off,Threat-like,3.0,68.0,0.04411764705882353,3.0,0.125,ITI,CS-,1.0,2.0,Global off,Threat-like,1.0,0.007164404223227748,0.0,0.0,0.007164404223227748
32,20,4.0,3.0,Global on,Safety-like,20.0,208.0,0.09615384615384616,13.0,0.5416666666666666,ITI,ITI,4.0,3.0,Global on,Safety-like,17.0,191.0,0.08900523560209424,11.0,0.4583333333333333,ITI,ITI,4.0,3.0,Global on,Safety-like,3.0,0.007148610551751922,2.0,0.08333333333333331,0.007148610551751922
2,9,1.0,1.0,Global off,Global off,3.0,106.0,0.02830188679245283,3.0,0.125,ITI,ITI,1.0,1.0,Global off,Global off,4.0,113.0,0.035398230088495575,3.0,0.125,ITI,CS+,1.0,1.0,Global off,Global off,-1.0,-0.007096343296042744,0.0,0.0,0.007096343296042744
2,24,1.0,4.0,Global off,Global on,3.0,106.0,0.02830188679245283,2.0,0.08333333333333333,ITI,ITI,1.0,4.0,Global off,Global on,4.0,113.0,0.035398230088495575,4.0,0.16666666666666666,CS-,ITI,1.0,4.0,Global off,Global on,-1.0,-0.007096343296042744,-2.0,-0.08333333333333333,0.007096343296042744
7,4,1.0,3.0,Global off,Safety-like,2.0,36.0,0.05555555555555555,2.0,0.08333333333333333,CS-,CS-,1.0,3.0,Global off,Safety-like,2.0,32.0,0.0625,2.0,0.08333333333333333,CS-,CS-,1.0,3.0,Global off,Safety-like,0.0,-0.0069444444444444475,0.0,0.0,0.0069444444444444475
7,14,1.0,2.0,Global off,Threat-like,2.0,36.0,0.05555555555555555,2.0,0.08333333333333333,CS+,CS+,1.0,2.0,Global off,Threat-like,2.0,32.0,0.0625,2.0,0.08333333333333333,CS+,ITI,1.0,2.0,Global off,Threat-like,0.0,-0.0069444444444444475,0.0,0.0,0.0069444444444444475
20,3,0.0,0.0,0,0,0.0,0.0,0.0,0.0,0.0,0,0,3.0,1.0,Safety-like,Global off,1.0,145.0,0.006896551724137931,1.0,0.041666666666666664,ITI,ITI,3.0,1.0,Safety-like,Global off,-1.0,-0.006896551724137931,-1.0,-0.041666666666666664,0.006896551724137931
20,21,0.0,0.0,0,0,0.0,0.0,0.0,0.0,0.0,0,0,3.0,1.0,Safety-like,Global off,1.0,145.0,0.006896551724137931,1.0,0.041666666666666664,CS-,CS-,3.0,1.0,Safety-like,Global off,-1.0,-0.006896551724137931,-1.0,-0.041666666666666664,0.006896551724137931
14,5,2.0,1.0,Threat-like,Global off,4.0,77.0,0.05194805194805195,3.0,0.125,ITI,ITI,2.0,1.0,Threat-like,Global off,5.0,85.0,0.058823529411764705,5.0,0.20833333333333334,CS+,ITI,2.0,1.0,Threat-like,Global off,-1.0,-0.006875477463712754,-2.0,-0.08333333333333334,0.006875477463712754
21,12,1.0,3.0,Global off,Safety-like,1.0,40.0,0.025,1.0,0.041666666666666664,ITI,CS+,1.0,3.0,Global off,Safety-like,1.0,55.0,0.01818181818181818,1.0,0.041666666666666664,ITI,CS-,1.0,3.0,Global off,Safety-like,0.0,0.0068181818181818205,0.0,0.0,0.0068181818181818205
21,25,1.0,1.0,Global off,Global off,1.0,40.0,0.025,1.0,0.041666666666666664,ITI,CS+,1.0,1.0,Global off,Global off,1.0,55.0,0.01818181818181818,1.0,0.041666666666666664,ITI,ITI,1.0,1.0,Global off,Global off,0.0,0.0068181818181818205,0.0,0.0,0.0068181818181818205
21,4,1.0,3.0,Global off,Safety-like,1.0,40.0,0.025,1.0,0.041666666666666664,ITI,CS-,1.0,3.0,Global off,Safety-like,1.0,55.0,0.01818181818181818,1.0,0.041666666666666664,ITI,CS-,1.0,3.0,Global off,Safety-like,0.0,0.0068181818181818205,0.0,0.0,0.0068181818181818205
21,13,1.0,2.0,Global off,Threat-like,1.0,40.0,0.025,1.0,0.041666666666666664,ITI,CS-,1.0,2.0,Global off,Threat-like,1.0,55.0,0.01818181818181818,1.0,0.041666666666666664,CS-,ITI,1.0,2.0,Global off,Threat-like,0.0,0.0068181818181818205,0.0,0.0,0.0068181818181818205
1,8,1.0,3.0,Global off,Safety-like,8.0,212.0,0.03773584905660377,4.0,0.16666666666666666,ITI,ITI,1.0,3.0,Global off,Safety-like,6.0,194.0,0.030927835051546393,6.0,0.25,CS+,ITI,1.0,3.0,Global off,Safety-like,2.0,0.006808014005057379,-2.0,-0.08333333333333334,0.006808014005057379
5,2,1.0,1.0,Global off,Global off,4.0,82.0,0.04878048780487805,4.0,0.16666666666666666,CS+,ITI,1.0,1.0,Global off,Global off,5.0,90.0,0.05555555555555555,4.0,0.16666666666666666,CS-,CS-,1.0,1.0,Global off,Global off,-1.0,-0.006775067750677502,0.0,0.0,0.006775067750677502
18,32,3.0,4.0,Safety-like,Global on,3.0,55.0,0.05454545454545454,3.0,0.125,CS-,CS-,3.0,4.0,Safety-like,Global on,3.0,49.0,0.061224489795918366,3.0,0.125,ITI,CS+,3.0,4.0,Safety-like,Global on,0.0,-0.006679035250463823,0.0,0.0,0.006679035250463823
32,16,4.0,4.0,Global on,Global on,9.0,208.0,0.04326923076923077,9.0,0.375,CS+,ITI,4.0,4.0,Global on,Global on,7.0,191.0,0.03664921465968586,7.0,0.2916666666666667,ITI,CS+,4.0,4.0,Global on,Global on,2.0,0.006620016109544907,2.0,0.08333333333333331,0.006620016109544907
29,1,2.0,1.0,Threat-like,Global off,7.0,107.0,0.06542056074766354,7.0,0.2916666666666667,CS-,ITI,2.0,1.0,Threat-like,Global off,6.0,102.0,0.058823529411764705,6.0,0.25,CS+,ITI,2.0,1.0,Threat-like,Global off,1.0,0.00659703133589884,1.0,0.041666666666666685,0.00659703133589884
2,13,1.0,2.0,Global off,Threat-like,4.0,106.0,0.03773584905660377,4.0,0.16666666666666666,CS-,CS-,1.0,2.0,Global off,Threat-like,5.0,113.0,0.04424778761061947,4.0,0.16666666666666666,ITI,ITI,1.0,2.0,Global off,Threat-like,-1.0,-0.006511938554015696,0.0,0.0,0.006511938554015696
5,16,1.0,4.0,Global off,Global on,6.0,82.0,0.07317073170731707,6.0,0.25,ITI,CS+,1.0,4.0,Global off,Global on,6.0,90.0,0.06666666666666667,5.0,0.20833333333333334,ITI,ITI,1.0,4.0,Global off,Global on,0.0,0.006504065040650403,1.0,0.04166666666666666,0.006504065040650403
1,15,1.0,2.0,Global off,Threat-like,3.0,212.0,0.014150943396226415,3.0,0.125,ITI,ITI,1.0,2.0,Global off,Threat-like,4.0,194.0,0.020618556701030927,3.0,0.125,ITI,CS+,1.0,2.0,Global off,Threat-like,-1.0,-0.006467613304804512,0.0,0.0,0.006467613304804512
1,11,1.0,1.0,Global off,Global off,3.0,212.0,0.014150943396226415,3.0,0.125,ITI,CS+,1.0,1.0,Global off,Global off,4.0,194.0,0.020618556701030927,3.0,0.125,ITI,CS+,1.0,1.0,Global off,Global off,-1.0,-0.006467613304804512,0.0,0.0,0.006467613304804512
17,14,1.0,2.0,Global off,Threat-like,1.0,96.0,0.010416666666666666,1.0,0.041666666666666664,ITI,ITI,1.0,2.0,Global off,Threat-like,2.0,119.0,0.01680672268907563,2.0,0.08333333333333333,ITI,CS-,1.0,2.0,Global off,Threat-like,-1.0,-0.0063900560224089634,-1.0,-0.041666666666666664,0.0063900560224089634
17,12,1.0,3.0,Global off,Safety-like,1.0,96.0,0.010416666666666666,1.0,0.041666666666666664,ITI,CS-,1.0,3.0,Global off,Safety-like,2.0,119.0,0.01680672268907563,1.0,0.041666666666666664,CS-,CS+,1.0,3.0,Global off,Safety-like,-1.0,-0.0063900560224089634,0.0,0.0,0.0063900560224089634
10,32,1.0,4.0,Global off,Global on,4.0,57.0,0.07017543859649122,4.0,0.16666666666666666,ITI,ITI,1.0,4.0,Global off,Global on,3.0,47.0,0.06382978723404255,3.0,0.125,ITI,ITI,1.0,4.0,Global off,Global on,1.0,0.006345651362448676,1.0,0.04166666666666666,0.006345651362448676
17,3,1.0,1.0,Global off,Global off,3.0,96.0,0.03125,3.0,0.125,ITI,ITI,1.0,1.0,Global off,Global off,3.0,119.0,0.025210084033613446,3.0,0.125,ITI,ITI,1.0,1.0,Global off,Global off,0.0,0.006039915966386554,0.0,0.0,0.006039915966386554
1,18,1.0,3.0,Global off,Safety-like,2.0,212.0,0.009433962264150943,2.0,0.08333333333333333,CS-,CS-,1.0,3.0,Global off,Safety-like,3.0,194.0,0.015463917525773196,2.0,0.08333333333333333,ITI,ITI,1.0,3.0,Global off,Safety-like,-1.0,-0.006029955261622253,0.0,0.0,0.006029955261622253
1,19,1.0,3.0,Global off,Safety-like,10.0,212.0,0.04716981132075472,7.0,0.2916666666666667,ITI,ITI,1.0,3.0,Global off,Safety-like,8.0,194.0,0.041237113402061855,7.0,0.2916666666666667,ITI,ITI,1.0,3.0,Global off,Safety-like,2.0,0.0059326979186928655,0.0,0.0,0.0059326979186928655
20,12,3.0,3.0,Safety-like,Safety-like,2.0,135.0,0.014814814814814815,2.0,0.08333333333333333,ITI,CS-,3.0,3.0,Safety-like,Safety-like,3.0,145.0,0.020689655172413793,3.0,0.125,ITI,CS+,3.0,3.0,Safety-like,Safety-like,-1.0,-0.0058748403575989774,-1.0,-0.04166666666666667,0.0058748403575989774
16,18,4.0,3.0,Global on,Safety-like,4.0,111.0,0.036036036036036036,3.0,0.125,CS+,CS+,4.0,3.0,Global on,Safety-like,3.0,99.0,0.030303030303030304,3.0,0.125,CS+,CS+,4.0,3.0,Global on,Safety-like,1.0,0.005733005733005732,0.0,0.0,0.005733005733005732
16,15,4.0,2.0,Global on,Threat-like,5.0,111.0,0.04504504504504504,4.0,0.16666666666666666,CS+,CS+,4.0,2.0,Global on,Threat-like,5.0,99.0,0.050505050505050504,5.0,0.20833333333333334,CS-,ITI,4.0,2.0,Global on,Threat-like,0.0,-0.005460005460005461,-1.0,-0.041666666666666685,0.005460005460005461
23,19,4.0,3.0,Global on,Safety-like,2.0,50.0,0.04,1.0,0.041666666666666664,ITI,ITI,4.0,3.0,Global on,Safety-like,2.0,44.0,0.045454545454545456,2.0,0.08333333333333333,ITI,ITI,4.0,3.0,Global on,Safety-like,0.0,-0.005454545454545455,-1.0,-0.041666666666666664,0.005454545454545455
23,17,4.0,1.0,Global on,Global off,2.0,50.0,0.04,2.0,0.08333333333333333,CS+,CS+,4.0,1.0,Global on,Global off,2.0,44.0,0.045454545454545456,2.0,0.08333333333333333,ITI,ITI,4.0,1.0,Global on,Global off,0.0,-0.005454545454545455,0.0,0.0,0.005454545454545455
20,27,3.0,4.0,Safety-like,Global on,3.0,135.0,0.022222222222222223,2.0,0.08333333333333333,CS+,CS+,3.0,4.0,Safety-like,Global on,4.0,145.0,0.027586206896551724,4.0,0.16666666666666666,CS-,ITI,3.0,4.0,Safety-like,Global on,-1.0,-0.005363984674329501,-2.0,-0.08333333333333333,0.005363984674329501
12,9,3.0,1.0,Safety-like,Global off,1.0,40.0,0.025,1.0,0.041666666666666664,ITI,ITI,3.0,1.0,Safety-like,Global off,2.0,66.0,0.030303030303030304,2.0,0.08333333333333333,ITI,CS+,3.0,1.0,Safety-like,Global off,-1.0,-0.0053030303030303025,-1.0,-0.041666666666666664,0.0053030303030303025
12,29,3.0,2.0,Safety-like,Threat-like,1.0,40.0,0.025,1.0,0.041666666666666664,CS+,ITI,3.0,2.0,Safety-like,Threat-like,2.0,66.0,0.030303030303030304,2.0,0.08333333333333333,CS+,CS+,3.0,2.0,Safety-like,Threat-like,-1.0,-0.0053030303030303025,-1.0,-0.041666666666666664,0.0053030303030303025
12,5,3.0,1.0,Safety-like,Global off,1.0,40.0,0.025,1.0,0.041666666666666664,CS+,CS+,3.0,1.0,Safety-like,Global off,2.0,66.0,0.030303030303030304,2.0,0.08333333333333333,ITI,ITI,3.0,1.0,Safety-like,Global off,-1.0,-0.0053030303030303025,-1.0,-0.041666666666666664,0.0053030303030303025
32,1,4.0,1.0,Global on,Global off,12.0,208.0,0.057692307692307696,5.0,0.20833333333333334,ITI,ITI,4.0,1.0,Global on,Global off,12.0,191.0,0.06282722513089005,10.0,0.4166666666666667,ITI,ITI,4.0,1.0,Global on,Global off,0.0,-0.005134917438582354,-5.0,-0.20833333333333334,0.005134917438582354
32,31,4.0,4.0,Global on,Global on,12.0,208.0,0.057692307692307696,7.0,0.2916666666666667,CS+,ITI,4.0,4.0,Global on,Global on,12.0,191.0,0.06282722513089005,10.0,0.4166666666666667,ITI,ITI,4.0,4.0,Global on,Global on,0.0,-0.005134917438582354,-3.0,-0.125,0.005134917438582354
20,25,3.0,1.0,Safety-like,Global off,4.0,135.0,0.02962962962962963,3.0,0.125,ITI,ITI,3.0,1.0,Safety-like,Global off,5.0,145.0,0.034482758620689655,5.0,0.20833333333333334,ITI,ITI,3.0,1.0,Safety-like,Global off,-1.0,-0.004853128991060024,-2.0,-0.08333333333333334,0.004853128991060024
1,16,1.0,4.0,Global off,Global on,11.0,212.0,0.05188679245283019,9.0,0.375,CS+,ITI,1.0,4.0,Global off,Global on,11.0,194.0,0.05670103092783505,8.0,0.3333333333333333,ITI,CS+,1.0,4.0,Global off,Global on,0.0,-0.00481423847500486,1.0,0.041666666666666685,0.00481423847500486
17,29,1.0,2.0,Global off,Threat-like,6.0,96.0,0.0625,5.0,0.20833333333333334,ITI,ITI,1.0,2.0,Global off,Threat-like,8.0,119.0,0.06722689075630252,6.0,0.25,ITI,CS+,1.0,2.0,Global off,Threat-like,-2.0,-0.004726890756302518,-1.0,-0.04166666666666666,0.004726890756302518
13,20,2.0,3.0,Threat-like,Safety-like,4.0,128.0,0.03125,4.0,0.16666666666666666,CS-,ITI,2.0,3.0,Threat-like,Safety-like,5.0,139.0,0.03597122302158273,4.0,0.16666666666666666,ITI,ITI,2.0,3.0,Threat-like,Safety-like,-1.0,-0.004721223021582732,0.0,0.0,0.004721223021582732
13,2,2.0,1.0,Threat-like,Global off,4.0,128.0,0.03125,4.0,0.16666666666666666,ITI,ITI,2.0,1.0,Threat-like,Global off,5.0,139.0,0.03597122302158273,4.0,0.16666666666666666,CS-,ITI,2.0,1.0,Threat-like,Global off,-1.0,-0.004721223021582732,0.0,0.0,0.004721223021582732
16,4,4.0,3.0,Global on,Safety-like,5.0,111.0,0.04504504504504504,4.0,0.16666666666666666,CS+,CS+,4.0,3.0,Global on,Safety-like,4.0,99.0,0.04040404040404041,3.0,0.125,ITI,ITI,4.0,3.0,Global on,Safety-like,1.0,0.0046410046410046354,1.0,0.04166666666666666,0.0046410046410046354
1,4,1.0,3.0,Global off,Safety-like,13.0,212.0,0.06132075471698113,9.0,0.375,ITI,ITI,1.0,3.0,Global off,Safety-like,11.0,194.0,0.05670103092783505,9.0,0.375,ITI,ITI,1.0,3.0,Global off,Safety-like,2.0,0.004619723789146081,0.0,0.0,0.004619723789146081
21,5,1.0,1.0,Global off,Global off,2.0,40.0,0.05,2.0,0.08333333333333333,CS+,CS+,1.0,1.0,Global off,Global off,3.0,55.0,0.05454545454545454,3.0,0.125,ITI,CS+,1.0,1.0,Global off,Global off,-1.0,-0.00454545454545454,-1.0,-0.04166666666666667,0.00454545454545454
21,16,1.0,4.0,Global off,Global on,2.0,40.0,0.05,2.0,0.08333333333333333,CS+,CS-,1.0,4.0,Global off,Global on,3.0,55.0,0.05454545454545454,2.0,0.08333333333333333,CS+,CS+,1.0,4.0,Global off,Global on,-1.0,-0.00454545454545454,0.0,0.0,0.00454545454545454
18,4,3.0,3.0,Safety-like,Safety-like,2.0,55.0,0.03636363636363636,2.0,0.08333333333333333,ITI,ITI,3.0,3.0,Safety-like,Safety-like,2.0,49.0,0.04081632653061224,2.0,0.08333333333333333,CS+,CS+,3.0,3.0,Safety-like,Safety-like,0.0,-0.00445269016697588,0.0,0.0,0.00445269016697588
32,11,4.0,1.0,Global on,Global off,2.0,208.0,0.009615384615384616,2.0,0.08333333333333333,CS-,ITI,4.0,1.0,Global on,Global off,1.0,191.0,0.005235602094240838,1.0,0.041666666666666664,CS+,CS+,4.0,1.0,Global on,Global off,1.0,0.004379782521143778,1.0,0.041666666666666664,0.004379782521143778
1,27,1.0,4.0,Global off,Global on,2.0,212.0,0.009433962264150943,2.0,0.08333333333333333,CS-,ITI,1.0,4.0,Global off,Global on,1.0,194.0,0.005154639175257732,1.0,0.041666666666666664,ITI,ITI,1.0,4.0,Global off,Global on,1.0,0.004279323088893211,1.0,0.041666666666666664,0.004279323088893211
30,32,4.0,4.0,Global on,Global on,3.0,57.0,0.05263157894736842,3.0,0.125,CS-,CS-,4.0,4.0,Global on,Global on,3.0,62.0,0.04838709677419355,3.0,0.125,CS+,ITI,4.0,4.0,Global on,Global on,0.0,0.004244482173174871,0.0,0.0,0.004244482173174871
15,10,2.0,1.0,Threat-like,Global off,1.0,50.0,0.02,1.0,0.041666666666666664,CS-,ITI,2.0,1.0,Threat-like,Global off,1.0,63.0,0.015873015873015872,1.0,0.041666666666666664,CS-,CS-,2.0,1.0,Threat-like,Global off,0.0,0.004126984126984128,0.0,0.0,0.004126984126984128
13,4,2.0,3.0,Threat-like,Safety-like,5.0,128.0,0.0390625,4.0,0.16666666666666666,ITI,ITI,2.0,3.0,Threat-like,Safety-like,6.0,139.0,0.04316546762589928,4.0,0.16666666666666666,CS+,ITI,2.0,3.0,Threat-like,Safety-like,-1.0,-0.004102967625899283,0.0,0.0,0.004102967625899283
3,13,1.0,2.0,Global off,Threat-like,2.0,47.0,0.0425531914893617,2.0,0.08333333333333333,CS+,CS+,1.0,2.0,Global off,Threat-like,2.0,52.0,0.038461538461538464,2.0,0.08333333333333333,CS-,CS+,1.0,2.0,Global off,Threat-like,0.0,0.004091653027823237,0.0,0.0,0.004091653027823237
17,4,1.0,3.0,Global off,Safety-like,2.0,96.0,0.020833333333333332,2.0,0.08333333333333333,CS+,CS+,1.0,3.0,Global off,Safety-like,2.0,119.0,0.01680672268907563,1.0,0.041666666666666664,CS+,ITI,1.0,3.0,Global off,Safety-like,0.0,0.004026610644257703,1.0,0.041666666666666664,0.004026610644257703
32,7,4.0,1.0,Global on,Global off,3.0,208.0,0.014423076923076924,3.0,0.125,ITI,ITI,4.0,1.0,Global on,Global off,2.0,191.0,0.010471204188481676,2.0,0.08333333333333333,ITI,ITI,4.0,1.0,Global on,Global off,1.0,0.003951872734595248,1.0,0.04166666666666667,0.003951872734595248
1,20,1.0,3.0,Global off,Safety-like,9.0,212.0,0.04245283018867924,8.0,0.3333333333333333,ITI,ITI,1.0,3.0,Global off,Safety-like,9.0,194.0,0.04639175257731959,8.0,0.3333333333333333,CS-,ITI,1.0,3.0,Global off,Safety-like,0.0,-0.0039389223886403466,0.0,0.0,0.0039389223886403466
9,16,1.0,4.0,Global off,Global on,2.0,78.0,0.02564102564102564,2.0,0.08333333333333333,CS+,CS+,1.0,4.0,Global off,Global on,2.0,68.0,0.029411764705882353,2.0,0.08333333333333333,CS+,CS+,1.0,4.0,Global off,Global on,0.0,-0.0037707390648567124,0.0,0.0,0.0037707390648567124
10,18,1.0,3.0,Global off,Safety-like,1.0,57.0,0.017543859649122806,1.0,0.041666666666666664,ITI,ITI,1.0,3.0,Global off,Safety-like,1.0,47.0,0.02127659574468085,1.0,0.041666666666666664,ITI,ITI,1.0,3.0,Global off,Safety-like,0.0,-0.0037327360955580445,0.0,0.0,0.0037327360955580445
10,24,1.0,4.0,Global off,Global on,1.0,57.0,0.017543859649122806,1.0,0.041666666666666664,ITI,CS+,1.0,4.0,Global off,Global on,1.0,47.0,0.02127659574468085,1.0,0.041666666666666664,CS+,ITI,1.0,4.0,Global off,Global on,0.0,-0.0037327360955580445,0.0,0.0,0.0037327360955580445
10,29,1.0,2.0,Global off,Threat-like,1.0,57.0,0.017543859649122806,1.0,0.041666666666666664,ITI,CS-,1.0,2.0,Global off,Threat-like,1.0,47.0,0.02127659574468085,1.0,0.041666666666666664,ITI,ITI,1.0,2.0,Global off,Threat-like,0.0,-0.0037327360955580445,0.0,0.0,0.0037327360955580445
17,2,1.0,1.0,Global off,Global off,6.0,96.0,0.0625,6.0,0.25,ITI,ITI,1.0,1.0,Global off,Global off,7.0,119.0,0.058823529411764705,6.0,0.25,ITI,ITI,1.0,1.0,Global off,Global off,-1.0,0.003676470588235295,0.0,0.0,0.003676470588235295
14,9,2.0,1.0,Threat-like,Global off,3.0,77.0,0.03896103896103896,3.0,0.125,CS+,ITI,2.0,1.0,Threat-like,Global off,3.0,85.0,0.03529411764705882,3.0,0.125,ITI,CS+,2.0,1.0,Threat-like,Global off,0.0,0.003666921313980137,0.0,0.0,0.003666921313980137
32,6,4.0,1.0,Global on,Global off,4.0,208.0,0.019230769230769232,4.0,0.16666666666666666,CS+,CS+,4.0,1.0,Global on,Global off,3.0,191.0,0.015706806282722512,3.0,0.125,ITI,ITI,4.0,1.0,Global on,Global off,1.0,0.0035239629480467195,1.0,0.04166666666666666,0.0035239629480467195
32,15,4.0,2.0,Global on,Threat-like,4.0,208.0,0.019230769230769232,3.0,0.125,CS+,CS+,4.0,2.0,Global on,Threat-like,3.0,191.0,0.015706806282722512,3.0,0.125,CS+,CS+,4.0,2.0,Global on,Threat-like,1.0,0.0035239629480467195,0.0,0.0,0.0035239629480467195
7,27,1.0,4.0,Global off,Global on,1.0,36.0,0.027777777777777776,1.0,0.041666666666666664,ITI,ITI,1.0,4.0,Global off,Global on,1.0,32.0,0.03125,1.0,0.041666666666666664,ITI,ITI,1.0,4.0,Global off,Global on,0.0,-0.0034722222222222238,0.0,0.0,0.0034722222222222238
7,17,1.0,1.0,Global off,Global off,1.0,36.0,0.027777777777777776,1.0,0.041666666666666664,CS-,CS-,1.0,1.0,Global off,Global off,1.0,32.0,0.03125,1.0,0.041666666666666664,ITI,ITI,1.0,1.0,Global off,Global off,0.0,-0.0034722222222222238,0.0,0.0,0.0034722222222222238
7,6,1.0,1.0,Global off,Global off,1.0,36.0,0.027777777777777776,1.0,0.041666666666666664,CS-,ITI,1.0,1.0,Global off,Global off,1.0,32.0,0.03125,1.0,0.041666666666666664,CS-,ITI,1.0,1.0,Global off,Global off,0.0,-0.0034722222222222238,0.0,0.0,0.0034722222222222238
16,9,4.0,1.0,Global on,Global off,3.0,111.0,0.02702702702702703,3.0,0.125,ITI,ITI,4.0,1.0,Global on,Global off,3.0,99.0,0.030303030303030304,3.0,0.125,CS+,ITI,4.0,1.0,Global on,Global off,0.0,-0.0032760032760032753,0.0,0.0,0.0032760032760032753
16,25,4.0,1.0,Global on,Global off,3.0,111.0,0.02702702702702703,2.0,0.08333333333333333,ITI,ITI,4.0,1.0,Global on,Global off,3.0,99.0,0.030303030303030304,3.0,0.125,ITI,ITI,4.0,1.0,Global on,Global off,0.0,-0.0032760032760032753,-1.0,-0.04166666666666667,0.0032760032760032753
25,32,1.0,4.0,Global off,Global on,3.0,55.0,0.05454545454545454,3.0,0.125,ITI,ITI,1.0,4.0,Global off,Global on,3.0,52.0,0.057692307692307696,3.0,0.125,ITI,ITI,1.0,4.0,Global off,Global on,0.0,-0.0031468531468531527,0.0,0.0,0.0031468531468531527
1,10,1.0,1.0,Global off,Global off,7.0,212.0,0.0330188679245283,6.0,0.25,ITI,ITI,1.0,1.0,Global off,Global off,7.0,194.0,0.03608247422680412,6.0,0.25,CS+,CS-,1.0,1.0,Global off,Global off,0.0,-0.003063606302275819,0.0,0.0,0.003063606302275819
32,19,4.0,3.0,Global on,Safety-like,7.0,208.0,0.03365384615384615,6.0,0.25,CS-,ITI,4.0,3.0,Global on,Safety-like,7.0,191.0,0.03664921465968586,7.0,0.2916666666666667,CS-,ITI,4.0,3.0,Global on,Safety-like,0.0,-0.0029953685058397087,-1.0,-0.041666666666666685,0.0029953685058397087
30,10,4.0,1.0,Global on,Global off,2.0,57.0,0.03508771929824561,2.0,0.08333333333333333,ITI,CS-,4.0,1.0,Global on,Global off,2.0,62.0,0.03225806451612903,2.0,0.08333333333333333,CS-,ITI,4.0,1.0,Global on,Global off,0.0,0.0028296547821165807,0.0,0.0,0.0028296547821165807
30,24,4.0,4.0,Global on,Global on,2.0,57.0,0.03508771929824561,2.0,0.08333333333333333,CS-,ITI,4.0,4.0,Global on,Global on,2.0,62.0,0.03225806451612903,2.0,0.08333333333333333,ITI,CS-,4.0,4.0,Global on,Global on,0.0,0.0028296547821165807,0.0,0.0,0.0028296547821165807
29,16,2.0,4.0,Threat-like,Global on,6.0,107.0,0.056074766355140186,5.0,0.20833333333333334,CS+,CS+,2.0,4.0,Threat-like,Global on,6.0,102.0,0.058823529411764705,5.0,0.20833333333333334,ITI,CS+,2.0,4.0,Threat-like,Global on,0.0,-0.002748763056624519,0.0,0.0,0.002748763056624519
23,11,4.0,1.0,Global on,Global off,1.0,50.0,0.02,1.0,0.041666666666666664,ITI,CS-,4.0,1.0,Global on,Global off,1.0,44.0,0.022727272727272728,1.0,0.041666666666666664,CS-,ITI,4.0,1.0,Global on,Global off,0.0,-0.0027272727272727275,0.0,0.0,0.0027272727272727275
23,2,4.0,1.0,Global on,Global off,1.0,50.0,0.02,1.0,0.041666666666666664,CS-,CS-,4.0,1.0,Global on,Global off,1.0,44.0,0.022727272727272728,1.0,0.041666666666666664,CS+,CS+,4.0,1.0,Global on,Global off,0.0,-0.0027272727272727275,0.0,0.0,0.0027272727272727275
23,18,4.0,3.0,Global on,Safety-like,1.0,50.0,0.02,1.0,0.041666666666666664,ITI,CS-,4.0,3.0,Global on,Safety-like,1.0,44.0,0.022727272727272728,1.0,0.041666666666666664,ITI,ITI,4.0,3.0,Global on,Safety-like,0.0,-0.0027272727272727275,0.0,0.0,0.0027272727272727275
1,28,1.0,4.0,Global off,Global on,6.0,212.0,0.02830188679245283,6.0,0.25,ITI,CS+,1.0,4.0,Global off,Global on,6.0,194.0,0.030927835051546393,6.0,0.25,ITI,CS+,1.0,4.0,Global off,Global on,0.0,-0.002625948259093562,0.0,0.0,0.002625948259093562
13,9,2.0,1.0,Threat-like,Global off,4.0,128.0,0.03125,4.0,0.16666666666666666,ITI,ITI,2.0,1.0,Threat-like,Global off,4.0,139.0,0.02877697841726619,4.0,0.16666666666666666,ITI,ITI,2.0,1.0,Threat-like,Global off,0.0,0.0024730215827338115,0.0,0.0,0.0024730215827338115
13,21,2.0,1.0,Threat-like,Global off,4.0,128.0,0.03125,3.0,0.125,CS+,ITI,2.0,1.0,Threat-like,Global off,4.0,139.0,0.02877697841726619,3.0,0.125,ITI,ITI,2.0,1.0,Threat-like,Global off,0.0,0.0024730215827338115,0.0,0.0,0.0024730215827338115
16,29,4.0,2.0,Global on,Threat-like,7.0,111.0,0.06306306306306306,7.0,0.2916666666666667,CS-,CS+,4.0,2.0,Global on,Threat-like,6.0,99.0,0.06060606060606061,6.0,0.25,CS+,ITI,4.0,2.0,Global on,Threat-like,1.0,0.0024570024570024496,1.0,0.041666666666666685,0.0024570024570024496
14,12,2.0,3.0,Threat-like,Safety-like,2.0,77.0,0.025974025974025976,2.0,0.08333333333333333,CS+,CS-,2.0,3.0,Threat-like,Safety-like,2.0,85.0,0.023529411764705882,2.0,0.08333333333333333,ITI,ITI,2.0,3.0,Threat-like,Safety-like,0.0,0.0024446142093200937,0.0,0.0,0.0024446142093200937
14,10,2.0,1.0,Threat-like,Global off,2.0,77.0,0.025974025974025976,2.0,0.08333333333333333,CS+,ITI,2.0,1.0,Threat-like,Global off,2.0,85.0,0.023529411764705882,2.0,0.08333333333333333,CS+,ITI,2.0,1.0,Threat-like,Global off,0.0,0.0024446142093200937,0.0,0.0,0.0024446142093200937
14,24,2.0,4.0,Threat-like,Global on,2.0,77.0,0.025974025974025976,2.0,0.08333333333333333,CS+,CS+,2.0,4.0,Threat-like,Global on,2.0,85.0,0.023529411764705882,2.0,0.08333333333333333,CS+,CS-,2.0,4.0,Threat-like,Global on,0.0,0.0024446142093200937,0.0,0.0,0.0024446142093200937
2,3,1.0,1.0,Global off,Global off,4.0,106.0,0.03773584905660377,3.0,0.125,ITI,CS-,1.0,1.0,Global off,Global off,4.0,113.0,0.035398230088495575,3.0,0.125,ITI,ITI,1.0,1.0,Global off,Global off,0.0,0.0023376189681081974,0.0,0.0,0.0023376189681081974
13,32,2.0,4.0,Threat-like,Global on,8.0,128.0,0.0625,7.0,0.2916666666666667,CS+,CS+,2.0,4.0,Threat-like,Global on,9.0,139.0,0.06474820143884892,6.0,0.25,ITI,ITI,2.0,4.0,Threat-like,Global on,-1.0,-0.0022482014388489208,1.0,0.041666666666666685,0.0022482014388489208
18,30,3.0,4.0,Safety-like,Global on,1.0,55.0,0.01818181818181818,1.0,0.041666666666666664,ITI,ITI,3.0,4.0,Safety-like,Global on,1.0,49.0,0.02040816326530612,1.0,0.041666666666666664,ITI,ITI,3.0,4.0,Safety-like,Global on,0.0,-0.00222634508348794,0.0,0.0,0.00222634508348794
18,7,3.0,1.0,Safety-like,Global off,1.0,55.0,0.01818181818181818,1.0,0.041666666666666664,ITI,CS+,3.0,1.0,Safety-like,Global off,1.0,49.0,0.02040816326530612,1.0,0.041666666666666664,ITI,CS-,3.0,1.0,Safety-like,Global off,0.0,-0.00222634508348794,0.0,0.0,0.00222634508348794
18,21,3.0,1.0,Safety-like,Global off,1.0,55.0,0.01818181818181818,1.0,0.041666666666666664,CS+,ITI,3.0,1.0,Safety-like,Global off,1.0,49.0,0.02040816326530612,1.0,0.041666666666666664,CS+,ITI,3.0,1.0,Safety-like,Global off,0.0,-0.00222634508348794,0.0,0.0,0.00222634508348794
1,24,1.0,4.0,Global off,Global on,5.0,212.0,0.02358490566037736,4.0,0.16666666666666666,CS+,ITI,1.0,4.0,Global off,Global on,5.0,194.0,0.02577319587628866,5.0,0.20833333333333334,CS-,ITI,1.0,4.0,Global off,Global on,0.0,-0.0021882902159112982,-1.0,-0.041666666666666685,0.0021882902159112982
5,19,1.0,3.0,Global off,Safety-like,2.0,82.0,0.024390243902439025,2.0,0.08333333333333333,CS-,CS-,1.0,3.0,Global off,Safety-like,2.0,90.0,0.022222222222222223,1.0,0.041666666666666664,CS+,CS+,1.0,3.0,Global off,Safety-like,0.0,0.002168021680216802,1.0,0.041666666666666664,0.002168021680216802
5,20,1.0,3.0,Global off,Safety-like,2.0,82.0,0.024390243902439025,2.0,0.08333333333333333,CS+,ITI,1.0,3.0,Global off,Safety-like,2.0,90.0,0.022222222222222223,2.0,0.08333333333333333,CS-,CS-,1.0,3.0,Global off,Safety-like,0.0,0.002168021680216802,0.0,0.0,0.002168021680216802
32,2,4.0,1.0,Global on,Global off,5.0,208.0,0.02403846153846154,3.0,0.125,ITI,ITI,4.0,1.0,Global on,Global off,5.0,191.0,0.02617801047120419,5.0,0.20833333333333334,ITI,CS-,4.0,1.0,Global on,Global off,0.0,-0.0021395489327426485,-2.0,-0.08333333333333334,0.0021395489327426485
8,13,3.0,2.0,Safety-like,Threat-like,5.0,49.0,0.10204081632653061,5.0,0.20833333333333334,CS+,ITI,3.0,2.0,Safety-like,Threat-like,5.0,48.0,0.10416666666666667,5.0,0.20833333333333334,CS+,ITI,3.0,2.0,Safety-like,Threat-like,0.0,-0.0021258503401360568,0.0,0.0,0.0021258503401360568
25,23,1.0,4.0,Global off,Global on,2.0,55.0,0.03636363636363636,2.0,0.08333333333333333,CS+,CS+,1.0,4.0,Global off,Global on,2.0,52.0,0.038461538461538464,2.0,0.08333333333333333,ITI,ITI,1.0,4.0,Global off,Global on,0.0,-0.002097902097902102,0.0,0.0,0.002097902097902102
3,7,1.0,1.0,Global off,Global off,1.0,47.0,0.02127659574468085,1.0,0.041666666666666664,ITI,ITI,1.0,1.0,Global off,Global off,1.0,52.0,0.019230769230769232,1.0,0.041666666666666664,CS-,CS-,1.0,1.0,Global off,Global off,0.0,0.0020458265139116187,0.0,0.0,0.0020458265139116187
3,14,1.0,2.0,Global off,Threat-like,1.0,47.0,0.02127659574468085,1.0,0.041666666666666664,CS-,ITI,1.0,2.0,Global off,Threat-like,1.0,52.0,0.019230769230769232,1.0,0.041666666666666664,CS+,CS+,1.0,2.0,Global off,Threat-like,0.0,0.0020458265139116187,0.0,0.0,0.0020458265139116187
27,1,4.0,1.0,Global on,Global off,3.0,39.0,0.07692307692307693,3.0,0.125,ITI,ITI,4.0,1.0,Global on,Global off,3.0,38.0,0.07894736842105263,3.0,0.125,ITI,CS-,4.0,1.0,Global on,Global off,0.0,-0.0020242914979757,0.0,0.0,0.0020242914979757
17,11,1.0,1.0,Global off,Global off,1.0,96.0,0.010416666666666666,1.0,0.041666666666666664,ITI,CS+,1.0,1.0,Global off,Global off,1.0,119.0,0.008403361344537815,1.0,0.041666666666666664,ITI,CS-,1.0,1.0,Global off,Global off,0.0,0.0020133053221288513,0.0,0.0,0.0020133053221288513
17,27,1.0,4.0,Global off,Global on,1.0,96.0,0.010416666666666666,1.0,0.041666666666666664,ITI,CS+,1.0,4.0,Global off,Global on,1.0,119.0,0.008403361344537815,1.0,0.041666666666666664,CS+,CS+,1.0,4.0,Global off,Global on,0.0,0.0020133053221288513,0.0,0.0,0.0020133053221288513
6,9,1.0,1.0,Global off,Global off,1.0,43.0,0.023255813953488372,1.0,0.041666666666666664,CS-,CS-,1.0,1.0,Global off,Global off,1.0,47.0,0.02127659574468085,1.0,0.041666666666666664,ITI,CS+,1.0,1.0,Global off,Global off,0.0,0.0019792182088075212,0.0,0.0,0.0019792182088075212
6,30,1.0,4.0,Global off,Global on,1.0,43.0,0.023255813953488372,1.0,0.041666666666666664,ITI,ITI,1.0,4.0,Global off,Global on,1.0,47.0,0.02127659574468085,1.0,0.041666666666666664,ITI,ITI,1.0,4.0,Global off,Global on,0.0,0.0019792182088075212,0.0,0.0,0.0019792182088075212
6,29,1.0,2.0,Global off,Threat-like,1.0,43.0,0.023255813953488372,1.0,0.041666666666666664,CS+,ITI,1.0,2.0,Global off,Threat-like,1.0,47.0,0.02127659574468085,1.0,0.041666666666666664,ITI,ITI,1.0,2.0,Global off,Threat-like,0.0,0.0019792182088075212,0.0,0.0,0.0019792182088075212
6,31,1.0,4.0,Global off,Global on,1.0,43.0,0.023255813953488372,1.0,0.041666666666666664,ITI,CS-,1.0,4.0,Global off,Global on,1.0,47.0,0.02127659574468085,1.0,0.041666666666666664,CS-,ITI,1.0,4.0,Global off,Global on,0.0,0.0019792182088075212,0.0,0.0,0.0019792182088075212
9,3,1.0,1.0,Global off,Global off,1.0,78.0,0.01282051282051282,1.0,0.041666666666666664,CS-,CS-,1.0,1.0,Global off,Global off,1.0,68.0,0.014705882352941176,1.0,0.041666666666666664,ITI,ITI,1.0,1.0,Global off,Global off,0.0,-0.0018853695324283562,0.0,0.0,0.0018853695324283562
9,27,1.0,4.0,Global off,Global on,1.0,78.0,0.01282051282051282,1.0,0.041666666666666664,ITI,CS+,1.0,4.0,Global off,Global on,1.0,68.0,0.014705882352941176,1.0,0.041666666666666664,CS-,ITI,1.0,4.0,Global off,Global on,0.0,-0.0018853695324283562,0.0,0.0,0.0018853695324283562
13,3,2.0,1.0,Threat-like,Global off,3.0,128.0,0.0234375,3.0,0.125,CS+,ITI,2.0,1.0,Threat-like,Global off,3.0,139.0,0.02158273381294964,3.0,0.125,ITI,CS+,2.0,1.0,Threat-like,Global off,0.0,0.0018547661870503586,0.0,0.0,0.0018547661870503586
1,5,1.0,1.0,Global off,Global off,16.0,212.0,0.07547169811320754,13.0,0.5416666666666666,ITI,ITI,1.0,1.0,Global off,Global off,15.0,194.0,0.07731958762886598,11.0,0.4583333333333333,ITI,CS+,1.0,1.0,Global off,Global off,1.0,-0.001847889515658438,2.0,0.08333333333333331,0.001847889515658438
2,19,1.0,3.0,Global off,Safety-like,3.0,106.0,0.02830188679245283,3.0,0.125,ITI,ITI,1.0,3.0,Global off,Safety-like,3.0,113.0,0.02654867256637168,2.0,0.08333333333333333,ITI,ITI,1.0,3.0,Global off,Safety-like,0.0,0.0017532142260811498,1.0,0.04166666666666667,0.0017532142260811498
1,21,1.0,1.0,Global off,Global off,4.0,212.0,0.018867924528301886,3.0,0.125,CS-,ITI,1.0,1.0,Global off,Global off,4.0,194.0,0.020618556701030927,4.0,0.16666666666666666,ITI,CS-,1.0,1.0,Global off,Global off,0.0,-0.0017506321727290414,-1.0,-0.04166666666666666,0.0017506321727290414
24,31,4.0,4.0,Global on,Global on,2.0,74.0,0.02702702702702703,2.0,0.08333333333333333,ITI,ITI,4.0,4.0,Global on,Global on,2.0,79.0,0.02531645569620253,2.0,0.08333333333333333,ITI,CS+,4.0,4.0,Global on,Global on,0.0,0.0017105713308244973,0.0,0.0,0.0017105713308244973
24,11,4.0,1.0,Global on,Global off,2.0,74.0,0.02702702702702703,1.0,0.041666666666666664,CS-,CS-,4.0,1.0,Global on,Global off,2.0,79.0,0.02531645569620253,2.0,0.08333333333333333,CS-,CS+,4.0,1.0,Global on,Global off,0.0,0.0017105713308244973,-1.0,-0.041666666666666664,0.0017105713308244973
14,13,2.0,2.0,Threat-like,Threat-like,11.0,77.0,0.14285714285714285,10.0,0.4166666666666667,CS+,CS+,2.0,2.0,Threat-like,Threat-like,12.0,85.0,0.1411764705882353,10.0,0.4166666666666667,CS+,ITI,2.0,2.0,Threat-like,Threat-like,-1.0,0.001680672268907557,0.0,0.0,0.001680672268907557
1,32,1.0,4.0,Global off,Global on,8.0,212.0,0.03773584905660377,4.0,0.16666666666666666,ITI,ITI,1.0,4.0,Global off,Global on,7.0,194.0,0.03608247422680412,6.0,0.25,ITI,CS+,1.0,4.0,Global off,Global on,1.0,0.0016533748297996517,-2.0,-0.08333333333333334,0.0016533748297996517
28,29,4.0,2.0,Global on,Threat-like,3.0,79.0,0.0379746835443038,3.0,0.125,CS-,CS+,4.0,2.0,Global on,Threat-like,3.0,82.0,0.036585365853658534,3.0,0.125,CS+,CS-,4.0,2.0,Global on,Threat-like,0.0,0.0013893176906452642,0.0,0.0,0.0013893176906452642
29,27,2.0,4.0,Threat-like,Global on,3.0,107.0,0.028037383177570093,2.0,0.08333333333333333,ITI,ITI,2.0,4.0,Threat-like,Global on,3.0,102.0,0.029411764705882353,3.0,0.125,CS+,ITI,2.0,4.0,Threat-like,Global on,0.0,-0.0013743815283122594,-1.0,-0.04166666666666667,0.0013743815283122594
1,26,1.0,4.0,Global off,Global on,3.0,212.0,0.014150943396226415,3.0,0.125,CS-,ITI,1.0,4.0,Global off,Global on,3.0,194.0,0.015463917525773196,3.0,0.125,ITI,ITI,1.0,4.0,Global off,Global on,0.0,-0.001312974129546781,0.0,0.0,0.001312974129546781
32,5,4.0,1.0,Global on,Global off,3.0,208.0,0.014423076923076924,3.0,0.125,CS+,CS+,4.0,1.0,Global on,Global off,3.0,191.0,0.015706806282722512,3.0,0.125,ITI,ITI,4.0,1.0,Global on,Global off,0.0,-0.0012837293596455884,0.0,0.0,0.0012837293596455884
8,20,3.0,3.0,Safety-like,Safety-like,3.0,49.0,0.061224489795918366,2.0,0.08333333333333333,CS+,ITI,3.0,3.0,Safety-like,Safety-like,3.0,48.0,0.0625,3.0,0.125,ITI,ITI,3.0,3.0,Safety-like,Safety-like,0.0,-0.001275510204081634,-1.0,-0.04166666666666667,0.001275510204081634
14,7,2.0,1.0,Threat-like,Global off,1.0,77.0,0.012987012987012988,1.0,0.041666666666666664,CS+,ITI,2.0,1.0,Threat-like,Global off,1.0,85.0,0.011764705882352941,1.0,0.041666666666666664,ITI,ITI,2.0,1.0,Threat-like,Global off,0.0,0.0012223071046600469,0.0,0.0,0.0012223071046600469
14,21,2.0,1.0,Threat-like,Global off,1.0,77.0,0.012987012987012988,1.0,0.041666666666666664,CS+,CS+,2.0,1.0,Threat-like,Global off,1.0,85.0,0.011764705882352941,1.0,0.041666666666666664,CS+,ITI,2.0,1.0,Threat-like,Global off,0.0,0.0012223071046600469,0.0,0.0,0.0012223071046600469
32,28,4.0,4.0,Global on,Global on,15.0,208.0,0.07211538461538461,11.0,0.4583333333333333,ITI,ITI,4.0,4.0,Global on,Global on,14.0,191.0,0.07329842931937172,9.0,0.375,ITI,ITI,4.0,4.0,Global on,Global on,1.0,-0.0011830447039871128,2.0,0.08333333333333331,0.0011830447039871128
2,23,1.0,4.0,Global off,Global on,2.0,106.0,0.018867924528301886,2.0,0.08333333333333333,CS-,CS-,1.0,4.0,Global off,Global on,2.0,113.0,0.017699115044247787,2.0,0.08333333333333333,CS+,ITI,1.0,4.0,Global off,Global on,0.0,0.0011688094840540987,0.0,0.0,0.0011688094840540987
10,1,1.0,1.0,Global off,Global off,6.0,57.0,0.10526315789473684,5.0,0.20833333333333334,ITI,ITI,1.0,1.0,Global off,Global off,5.0,47.0,0.10638297872340426,5.0,0.20833333333333334,ITI,ITI,1.0,1.0,Global off,Global off,1.0,-0.00111982082866742,0.0,0.0,0.00111982082866742
16,6,4.0,1.0,Global on,Global off,1.0,111.0,0.009009009009009009,1.0,0.041666666666666664,ITI,ITI,4.0,1.0,Global on,Global off,1.0,99.0,0.010101010101010102,1.0,0.041666666666666664,CS+,CS+,4.0,1.0,Global on,Global off,0.0,-0.001092001092001093,0.0,0.0,0.001092001092001093
16,7,4.0,1.0,Global on,Global off,1.0,111.0,0.009009009009009009,1.0,0.041666666666666664,CS-,CS-,4.0,1.0,Global on,Global off,1.0,99.0,0.010101010101010102,1.0,0.041666666666666664,CS+,CS+,4.0,1.0,Global on,Global off,0.0,-0.001092001092001093,0.0,0.0,0.001092001092001093
5,28,1.0,4.0,Global off,Global on,1.0,82.0,0.012195121951219513,1.0,0.041666666666666664,ITI,ITI,1.0,4.0,Global off,Global on,1.0,90.0,0.011111111111111112,1.0,0.041666666666666664,ITI,ITI,1.0,4.0,Global off,Global on,0.0,0.001084010840108401,0.0,0.0,0.001084010840108401
5,17,1.0,1.0,Global off,Global off,1.0,82.0,0.012195121951219513,1.0,0.041666666666666664,CS+,ITI,1.0,1.0,Global off,Global off,1.0,90.0,0.011111111111111112,1.0,0.041666666666666664,ITI,ITI,1.0,1.0,Global off,Global off,0.0,0.001084010840108401,0.0,0.0,0.001084010840108401
5,11,1.0,1.0,Global off,Global off,1.0,82.0,0.012195121951219513,1.0,0.041666666666666664,ITI,CS+,1.0,1.0,Global off,Global off,1.0,90.0,0.011111111111111112,1.0,0.041666666666666664,CS-,CS-,1.0,1.0,Global off,Global off,0.0,0.001084010840108401,0.0,0.0,0.001084010840108401
5,26,1.0,4.0,Global off,Global on,1.0,82.0,0.012195121951219513,1.0,0.041666666666666664,CS+,ITI,1.0,4.0,Global off,Global on,1.0,90.0,0.011111111111111112,1.0,0.041666666666666664,CS+,ITI,1.0,4.0,Global off,Global on,0.0,0.001084010840108401,0.0,0.0,0.001084010840108401
25,16,1.0,4.0,Global off,Global on,1.0,55.0,0.01818181818181818,1.0,0.041666666666666664,ITI,ITI,1.0,4.0,Global off,Global on,1.0,52.0,0.019230769230769232,1.0,0.041666666666666664,ITI,CS+,1.0,4.0,Global off,Global on,0.0,-0.001048951048951051,0.0,0.0,0.001048951048951051
25,27,1.0,4.0,Global off,Global on,1.0,55.0,0.01818181818181818,1.0,0.041666666666666664,CS-,ITI,1.0,4.0,Global off,Global on,1.0,52.0,0.019230769230769232,1.0,0.041666666666666664,CS+,ITI,1.0,4.0,Global off,Global on,0.0,-0.001048951048951051,0.0,0.0,0.001048951048951051
25,3,1.0,1.0,Global off,Global off,1.0,55.0,0.01818181818181818,1.0,0.041666666666666664,CS+,ITI,1.0,1.0,Global off,Global off,1.0,52.0,0.019230769230769232,1.0,0.041666666666666664,CS+,CS+,1.0,1.0,Global off,Global off,0.0,-0.001048951048951051,0.0,0.0,0.001048951048951051
25,18,1.0,3.0,Global off,Safety-like,1.0,55.0,0.01818181818181818,1.0,0.041666666666666664,CS+,ITI,1.0,3.0,Global off,Safety-like,1.0,52.0,0.019230769230769232,1.0,0.041666666666666664,CS-,ITI,1.0,3.0,Global off,Safety-like,0.0,-0.001048951048951051,0.0,0.0,0.001048951048951051
31,16,4.0,4.0,Global on,Global on,4.0,112.0,0.03571428571428571,4.0,0.16666666666666666,ITI,ITI,4.0,4.0,Global on,Global on,4.0,109.0,0.03669724770642202,3.0,0.125,CS+,CS+,4.0,4.0,Global on,Global on,0.0,-0.000982961992136308,1.0,0.04166666666666666,0.000982961992136308
31,13,4.0,2.0,Global on,Threat-like,4.0,112.0,0.03571428571428571,4.0,0.16666666666666666,ITI,CS-,4.0,2.0,Global on,Threat-like,4.0,109.0,0.03669724770642202,4.0,0.16666666666666666,CS+,CS+,4.0,2.0,Global on,Threat-like,0.0,-0.000982961992136308,0.0,0.0,0.000982961992136308
29,15,2.0,2.0,Threat-like,Threat-like,2.0,107.0,0.018691588785046728,2.0,0.08333333333333333,CS+,CS+,2.0,2.0,Threat-like,Threat-like,2.0,102.0,0.0196078431372549,2.0,0.08333333333333333,ITI,CS-,2.0,2.0,Threat-like,Threat-like,0.0,-0.0009162543522081741,0.0,0.0,0.0009162543522081741
29,24,2.0,4.0,Threat-like,Global on,2.0,107.0,0.018691588785046728,2.0,0.08333333333333333,CS-,CS-,2.0,4.0,Threat-like,Global on,2.0,102.0,0.0196078431372549,2.0,0.08333333333333333,ITI,CS-,2.0,4.0,Threat-like,Global on,0.0,-0.0009162543522081741,0.0,0.0,0.0009162543522081741
1,22,1.0,4.0,Global off,Global on,2.0,212.0,0.009433962264150943,2.0,0.08333333333333333,CS+,ITI,1.0,4.0,Global off,Global on,2.0,194.0,0.010309278350515464,2.0,0.08333333333333333,CS+,CS+,1.0,4.0,Global off,Global on,0.0,-0.0008753160863645207,0.0,0.0,0.0008753160863645207
32,3,4.0,1.0,Global on,Global off,2.0,208.0,0.009615384615384616,2.0,0.08333333333333333,ITI,ITI,4.0,1.0,Global on,Global off,2.0,191.0,0.010471204188481676,2.0,0.08333333333333333,ITI,ITI,4.0,1.0,Global on,Global off,0.0,-0.0008558195730970601,0.0,0.0,0.0008558195730970601
32,23,4.0,4.0,Global on,Global on,2.0,208.0,0.009615384615384616,2.0,0.08333333333333333,CS+,CS+,4.0,4.0,Global on,Global on,2.0,191.0,0.010471204188481676,2.0,0.08333333333333333,CS+,CS+,4.0,4.0,Global on,Global on,0.0,-0.0008558195730970601,0.0,0.0,0.0008558195730970601
24,21,4.0,1.0,Global on,Global off,1.0,74.0,0.013513513513513514,1.0,0.041666666666666664,CS-,ITI,4.0,1.0,Global on,Global off,1.0,79.0,0.012658227848101266,1.0,0.041666666666666664,CS-,ITI,4.0,1.0,Global on,Global off,0.0,0.0008552856654122486,0.0,0.0,0.0008552856654122486
24,25,4.0,1.0,Global on,Global off,1.0,74.0,0.013513513513513514,1.0,0.041666666666666664,ITI,ITI,4.0,1.0,Global on,Global off,1.0,79.0,0.012658227848101266,1.0,0.041666666666666664,CS+,ITI,4.0,1.0,Global on,Global off,0.0,0.0008552856654122486,0.0,0.0,0.0008552856654122486
24,7,4.0,1.0,Global on,Global off,1.0,74.0,0.013513513513513514,1.0,0.041666666666666664,ITI,CS+,4.0,1.0,Global on,Global off,1.0,79.0,0.012658227848101266,1.0,0.041666666666666664,CS+,CS+,4.0,1.0,Global on,Global off,0.0,0.0008552856654122486,0.0,0.0,0.0008552856654122486
8,15,3.0,2.0,Safety-like,Threat-like,2.0,49.0,0.04081632653061224,2.0,0.08333333333333333,CS+,CS+,3.0,2.0,Safety-like,Threat-like,2.0,48.0,0.041666666666666664,2.0,0.08333333333333333,CS-,ITI,3.0,2.0,Safety-like,Threat-like,0.0,-0.0008503401360544227,0.0,0.0,0.0008503401360544227
31,17,4.0,1.0,Global on,Global off,3.0,112.0,0.026785714285714284,3.0,0.125,ITI,ITI,4.0,1.0,Global on,Global off,3.0,109.0,0.027522935779816515,3.0,0.125,CS+,ITI,4.0,1.0,Global on,Global off,0.0,-0.0007372214941022311,0.0,0.0,0.0007372214941022311
31,23,4.0,4.0,Global on,Global on,3.0,112.0,0.026785714285714284,3.0,0.125,CS+,ITI,4.0,4.0,Global on,Global on,3.0,109.0,0.027522935779816515,3.0,0.125,ITI,ITI,4.0,4.0,Global on,Global on,0.0,-0.0007372214941022311,0.0,0.0,0.0007372214941022311
19,27,3.0,4.0,Safety-like,Global on,1.0,72.0,0.013888888888888888,1.0,0.041666666666666664,ITI,CS-,3.0,4.0,Safety-like,Global on,1.0,76.0,0.013157894736842105,1.0,0.041666666666666664,CS-,ITI,3.0,4.0,Safety-like,Global on,0.0,0.0007309941520467836,0.0,0.0,0.0007309941520467836
19,15,3.0,2.0,Safety-like,Threat-like,1.0,72.0,0.013888888888888888,1.0,0.041666666666666664,ITI,ITI,3.0,2.0,Safety-like,Threat-like,1.0,76.0,0.013157894736842105,1.0,0.041666666666666664,ITI,CS+,3.0,2.0,Safety-like,Threat-like,0.0,0.0007309941520467836,0.0,0.0,0.0007309941520467836
27,14,4.0,2.0,Global on,Threat-like,1.0,39.0,0.02564102564102564,1.0,0.041666666666666664,CS+,ITI,4.0,2.0,Global on,Threat-like,1.0,38.0,0.02631578947368421,1.0,0.041666666666666664,CS+,ITI,4.0,2.0,Global on,Threat-like,0.0,-0.0006747638326585689,0.0,0.0,0.0006747638326585689
27,9,4.0,1.0,Global on,Global off,1.0,39.0,0.02564102564102564,1.0,0.041666666666666664,CS-,ITI,4.0,1.0,Global on,Global off,1.0,38.0,0.02631578947368421,1.0,0.041666666666666664,ITI,CS-,4.0,1.0,Global on,Global off,0.0,-0.0006747638326585689,0.0,0.0,0.0006747638326585689
27,12,4.0,3.0,Global on,Safety-like,1.0,39.0,0.02564102564102564,1.0,0.041666666666666664,ITI,CS-,4.0,3.0,Global on,Safety-like,1.0,38.0,0.02631578947368421,1.0,0.041666666666666664,ITI,ITI,4.0,3.0,Global on,Safety-like,0.0,-0.0006747638326585689,0.0,0.0,0.0006747638326585689
27,19,4.0,3.0,Global on,Safety-like,1.0,39.0,0.02564102564102564,1.0,0.041666666666666664,ITI,ITI,4.0,3.0,Global on,Safety-like,1.0,38.0,0.02631578947368421,1.0,0.041666666666666664,ITI,ITI,4.0,3.0,Global on,Safety-like,0.0,-0.0006747638326585689,0.0,0.0,0.0006747638326585689
27,26,4.0,4.0,Global on,Global on,1.0,39.0,0.02564102564102564,1.0,0.041666666666666664,CS+,ITI,4.0,4.0,Global on,Global on,1.0,38.0,0.02631578947368421,1.0,0.041666666666666664,ITI,ITI,4.0,4.0,Global on,Global on,0.0,-0.0006747638326585689,0.0,0.0,0.0006747638326585689
15,1,2.0,1.0,Threat-like,Global off,4.0,50.0,0.08,4.0,0.16666666666666666,ITI,ITI,2.0,1.0,Threat-like,Global off,5.0,63.0,0.07936507936507936,5.0,0.20833333333333334,CS+,CS+,2.0,1.0,Threat-like,Global off,-1.0,0.000634920634920641,-1.0,-0.041666666666666685,0.000634920634920641
15,9,2.0,1.0,Threat-like,Global off,4.0,50.0,0.08,4.0,0.16666666666666666,ITI,ITI,2.0,1.0,Threat-like,Global off,5.0,63.0,0.07936507936507936,5.0,0.20833333333333334,ITI,ITI,2.0,1.0,Threat-like,Global off,-1.0,0.000634920634920641,-1.0,-0.041666666666666685,0.000634920634920641
2,25,1.0,1.0,Global off,Global off,1.0,106.0,0.009433962264150943,1.0,0.041666666666666664,ITI,ITI,1.0,1.0,Global off,Global off,1.0,113.0,0.008849557522123894,1.0,0.041666666666666664,CS-,ITI,1.0,1.0,Global off,Global off,0.0,0.0005844047420270494,0.0,0.0,0.0005844047420270494
2,7,1.0,1.0,Global off,Global off,1.0,106.0,0.009433962264150943,1.0,0.041666666666666664,ITI,ITI,1.0,1.0,Global off,Global off,1.0,113.0,0.008849557522123894,1.0,0.041666666666666664,ITI,CS+,1.0,1.0,Global off,Global off,0.0,0.0005844047420270494,0.0,0.0,0.0005844047420270494
20,8,3.0,3.0,Safety-like,Safety-like,1.0,135.0,0.007407407407407408,1.0,0.041666666666666664,ITI,ITI,3.0,3.0,Safety-like,Safety-like,1.0,145.0,0.006896551724137931,1.0,0.041666666666666664,ITI,ITI,3.0,3.0,Safety-like,Safety-like,0.0,0.0005108556832694768,0.0,0.0,0.0005108556832694768
28,15,4.0,2.0,Global on,Threat-like,1.0,79.0,0.012658227848101266,1.0,0.041666666666666664,CS-,ITI,4.0,2.0,Global on,Threat-like,1.0,82.0,0.012195121951219513,1.0,0.041666666666666664,ITI,CS+,4.0,2.0,Global on,Threat-like,0.0,0.000463105896881753,0.0,0.0,0.000463105896881753
29,3,2.0,1.0,Threat-like,Global off,1.0,107.0,0.009345794392523364,1.0,0.041666666666666664,ITI,ITI,2.0,1.0,Threat-like,Global off,1.0,102.0,0.00980392156862745,1.0,0.041666666666666664,CS-,ITI,2.0,1.0,Threat-like,Global off,0.0,-0.00045812717610408706,0.0,0.0,0.00045812717610408706
32,22,4.0,4.0,Global on,Global on,1.0,208.0,0.004807692307692308,1.0,0.041666666666666664,ITI,CS+,4.0,4.0,Global on,Global on,1.0,191.0,0.005235602094240838,1.0,0.041666666666666664,CS-,CS-,4.0,4.0,Global on,Global on,0.0,-0.00042790978654853006,0.0,0.0,0.00042790978654853006
8,28,3.0,4.0,Safety-like,Global on,1.0,49.0,0.02040816326530612,1.0,0.041666666666666664,ITI,ITI,3.0,4.0,Safety-like,Global on,1.0,48.0,0.020833333333333332,1.0,0.041666666666666664,ITI,ITI,3.0,4.0,Safety-like,Global on,0.0,-0.00042517006802721136,0.0,0.0,0.00042517006802721136
8,23,3.0,4.0,Safety-like,Global on,1.0,49.0,0.02040816326530612,1.0,0.041666666666666664,ITI,ITI,3.0,4.0,Safety-like,Global on,1.0,48.0,0.020833333333333332,1.0,0.041666666666666664,ITI,ITI,3.0,4.0,Safety-like,Global on,0.0,-0.00042517006802721136,0.0,0.0,0.00042517006802721136
4,8,3.0,3.0,Safety-like,Safety-like,3.0,107.0,0.028037383177570093,2.0,0.08333333333333333,CS+,ITI,3.0,3.0,Safety-like,Safety-like,3.0,108.0,0.027777777777777776,2.0,0.08333333333333333,CS-,ITI,3.0,3.0,Safety-like,Safety-like,0.0,0.00025960539979231687,0.0,0.0,0.00025960539979231687
31,11,4.0,1.0,Global on,Global off,1.0,112.0,0.008928571428571428,1.0,0.041666666666666664,CS+,ITI,4.0,1.0,Global on,Global off,1.0,109.0,0.009174311926605505,1.0,0.041666666666666664,ITI,ITI,4.0,1.0,Global on,Global off,0.0,-0.000245740498034077,0.0,0.0,0.000245740498034077
4,24,3.0,4.0,Safety-like,Global on,1.0,107.0,0.009345794392523364,1.0,0.041666666666666664,CS-,ITI,3.0,4.0,Safety-like,Global on,1.0,108.0,0.009259259259259259,1.0,0.041666666666666664,ITI,ITI,3.0,4.0,Safety-like,Global on,0.0,8.653513326410504e-05,0.0,0.0,8.653513326410504e-05
11,26,1.0,4.0,Global off,Global on,1.0,24.0,0.041666666666666664,1.0,0.041666666666666664,CS-,ITI,1.0,4.0,Global off,Global on,1.0,24.0,0.041666666666666664,1.0,0.041666666666666664,CS-,ITI,1.0,4.0,Global off,Global on,0.0,0.0,0.0,0.0,0.0
11,16,1.0,4.0,Global off,Global on,2.0,24.0,0.08333333333333333,2.0,0.08333333333333333,CS+,ITI,1.0,4.0,Global off,Global on,2.0,24.0,0.08333333333333333,2.0,0.08333333333333333,ITI,CS+,1.0,4.0,Global off,Global on,0.0,0.0,0.0,0.0,0.0
11,18,1.0,3.0,Global off,Safety-like,1.0,24.0,0.041666666666666664,1.0,0.041666666666666664,ITI,ITI,1.0,3.0,Global off,Safety-like,1.0,24.0,0.041666666666666664,1.0,0.041666666666666664,ITI,ITI,1.0,3.0,Global off,Safety-like,0.0,0.0,0.0,0.0,0.0
