group,subject,session,task,row_index_0,kept_row,state,basin,sn_file,bn_file
HC,FC001,2,renewal,0,1,18,3,sub-FC001_ses-2_task-renewal_fearROIs_bin_SN.csv,sub-FC001_ses-2_task-renewal_fearROIs_bin_BN.csv
HC,FC001,2,renewal,1,2,32,4,sub-FC001_ses-2_task-renewal_fearROIs_bin_SN.csv,sub-FC001_ses-2_task-renewal_fearROIs_bin_BN.csv
HC,FC001,2,renewal,2,3,1,1,sub-FC001_ses-2_task-renewal_fearROIs_bin_SN.csv,sub-FC001_ses-2_task-renewal_fearROIs_bin_BN.csv
HC,FC001,2,renewal,3,4,15,2,sub-FC001_ses-2_task-renewal_fearROIs_bin_SN.csv,sub-FC001_ses-2_task-renewal_fearROIs_bin_BN.csv
HC,FC001,2,renewal,4,5,2,1,sub-FC001_ses-2_task-renewal_fearROIs_bin_SN.csv,sub-FC001_ses-2_task-renewal_fearROIs_bin_BN.csv
HC,FC001,2,renewal,5,6,31,4,sub-FC001_ses-2_task-renewal_fearROIs_bin_SN.csv,sub-FC001_ses-2_task-renewal_fearROIs_bin_BN.csv
HC,FC001,2,renewal,6,7,9,1,sub-FC001_ses-2_task-renewal_fearROIs_bin_SN.csv,sub-FC001_ses-2_task-renewal_fearROIs_bin_BN.csv
HC,FC001,2,renewal,7,8,22,4,sub-FC001_ses-2_task-renewal_fearROIs_bin_SN.csv,sub-FC001_ses-2_task-renewal_fearROIs_bin_BN.csv
HC,FC001,2,renewal,8,9,20,3,sub-FC001_ses-2_task-renewal_fearROIs_bin_SN.csv,sub-FC001_ses-2_task-renewal_fearROIs_bin_BN.csv
HC,FC001,2,renewal,9,10,24,4,sub-FC001_ses-2_task-renewal_fearROIs_bin_SN.csv,sub-FC001_ses-2_task-renewal_fearROIs_bin_BN.csv
HC,FC001,2,renewal,10,11,2,1,sub-FC001_ses-2_task-renewal_fearROIs_bin_SN.csv,sub-FC001_ses-2_task-renewal_fearROIs_bin_BN.csv
HC,FC001,2,renewal,11,12,31,4,sub-FC001_ses-2_task-renewal_fearROIs_bin_SN.csv,sub-FC001_ses-2_task-renewal_fearROIs_bin_BN.csv
HC,FC001,2,renewal,12,13,29,2,sub-FC001_ses-2_task-renewal_fearROIs_bin_SN.csv,sub-FC001_ses-2_task-renewal_fearROIs_bin_BN.csv
HC,FC001,2,renewal,13,14,29,2,sub-FC001_ses-2_task-renewal_fearROIs_bin_SN.csv,sub-FC001_ses-2_task-renewal_fearROIs_bin_BN.csv
HC,FC001,2,renewal,14,15,2,1,sub-FC001_ses-2_task-renewal_fearROIs_bin_SN.csv,sub-FC001_ses-2_task-renewal_fearROIs_bin_BN.csv
HC,FC001,2,renewal,15,16,23,4,sub-FC001_ses-2_task-renewal_fearROIs_bin_SN.csv,sub-FC001_ses-2_task-renewal_fearROIs_bin_BN.csv
HC,FC001,2,renewal,16,17,7,1,sub-FC001_ses-2_task-renewal_fearROIs_bin_SN.csv,sub-FC001_ses-2_task-renewal_fearROIs_bin_BN.csv
HC,FC001,2,renewal,17,18,24,4,sub-FC001_ses-2_task-renewal_fearROIs_bin_SN.csv,sub-FC001_ses-2_task-renewal_fearROIs_bin_BN.csv
HC,FC001,2,renewal,18,19,4,3,sub-FC001_ses-2_task-renewal_fearROIs_bin_SN.csv,sub-FC001_ses-2_task-renewal_fearROIs_bin_BN.csv
HC,FC001,2,renewal,19,20,31,4,sub-FC001_ses-2_task-renewal_fearROIs_bin_SN.csv,sub-FC001_ses-2_task-renewal_fearROIs_bin_BN.csv
HC,FC001,2,renewal,20,21,9,1,sub-FC001_ses-2_task-renewal_fearROIs_bin_SN.csv,sub-FC001_ses-2_task-renewal_fearROIs_bin_BN.csv
HC,FC001,2,renewal,21,22,2,1,sub-FC001_ses-2_task-renewal_fearROIs_bin_SN.csv,sub-FC001_ses-2_task-renewal_fearROIs_bin_BN.csv
HC,FC001,2,renewal,22,23,27,4,sub-FC001_ses-2_task-renewal_fearROIs_bin_SN.csv,sub-FC001_ses-2_task-renewal_fearROIs_bin_BN.csv
HC,FC001,2,renewal,23,24,31,4,sub-FC001_ses-2_task-renewal_fearROIs_bin_SN.csv,sub-FC001_ses-2_task-renewal_fearROIs_bin_BN.csv
HC,FC001,2,renewal,24,25,1,1,sub-FC001_ses-2_task-renewal_fearROIs_bin_SN.csv,sub-FC001_ses-2_task-renewal_fearROIs_bin_BN.csv
HC,FC001,2,renewal,25,26,18,3,sub-FC001_ses-2_task-renewal_fearROIs_bin_SN.csv,sub-FC001_ses-2_task-renewal_fearROIs_bin_BN.csv
HC,FC001,2,renewal,26,27,20,3,sub-FC001_ses-2_task-renewal_fearROIs_bin_SN.csv,sub-FC001_ses-2_task-renewal_fearROIs_bin_BN.csv
HC,FC001,2,renewal,27,28,20,3,sub-FC001_ses-2_task-renewal_fearROIs_bin_SN.csv,sub-FC001_ses-2_task-renewal_fearROIs_bin_BN.csv
HC,FC001,2,renewal,28,29,14,2,sub-FC001_ses-2_task-renewal_fearROIs_bin_SN.csv,sub-FC001_ses-2_task-renewal_fearROIs_bin_BN.csv
HC,FC001,2,renewal,29,30,6,1,sub-FC001_ses-2_task-renewal_fearROIs_bin_SN.csv,sub-FC001_ses-2_task-renewal_fearROIs_bin_BN.csv
HC,FC001,2,renewal,30,31,23,4,sub-FC001_ses-2_task-renewal_fearROIs_bin_SN.csv,sub-FC001_ses-2_task-renewal_fearROIs_bin_BN.csv
HC,FC001,2,renewal,31,32,11,1,sub-FC001_ses-2_task-renewal_fearROIs_bin_SN.csv,sub-FC001_ses-2_task-renewal_fearROIs_bin_BN.csv
HC,FC001,2,renewal,32,33,18,3,sub-FC001_ses-2_task-renewal_fearROIs_bin_SN.csv,sub-FC001_ses-2_task-renewal_fearROIs_bin_BN.csv
HC,FC001,2,renewal,33,34,30,4,sub-FC001_ses-2_task-renewal_fearROIs_bin_SN.csv,sub-FC001_ses-2_task-renewal_fearROIs_bin_BN.csv
HC,FC001,2,renewal,34,35,15,2,sub-FC001_ses-2_task-renewal_fearROIs_bin_SN.csv,sub-FC001_ses-2_task-renewal_fearROIs_bin_BN.csv
HC,FC001,2,renewal,35,36,13,2,sub-FC001_ses-2_task-renewal_fearROIs_bin_SN.csv,sub-FC001_ses-2_task-renewal_fearROIs_bin_BN.csv
HC,FC001,2,renewal,36,37,20,3,sub-FC001_ses-2_task-renewal_fearROIs_bin_SN.csv,sub-FC001_ses-2_task-renewal_fearROIs_bin_BN.csv
HC,FC001,2,renewal,37,38,27,4,sub-FC001_ses-2_task-renewal_fearROIs_bin_SN.csv,sub-FC001_ses-2_task-renewal_fearROIs_bin_BN.csv
HC,FC001,2,renewal,38,39,27,4,sub-FC001_ses-2_task-renewal_fearROIs_bin_SN.csv,sub-FC001_ses-2_task-renewal_fearROIs_bin_BN.csv
HC,FC001,2,renewal,39,40,29,2,sub-FC001_ses-2_task-renewal_fearROIs_bin_SN.csv,sub-FC001_ses-2_task-renewal_fearROIs_bin_BN.csv
HC,FC001,2,renewal,40,41,2,1,sub-FC001_ses-2_task-renewal_fearROIs_bin_SN.csv,sub-FC001_ses-2_task-renewal_fearROIs_bin_BN.csv
HC,FC001,2,renewal,41,42,30,4,sub-FC001_ses-2_task-renewal_fearROIs_bin_SN.csv,sub-FC001_ses-2_task-renewal_fearROIs_bin_BN.csv
HC,FC001,2,renewal,42,43,23,4,sub-FC001_ses-2_task-renewal_fearROIs_bin_SN.csv,sub-FC001_ses-2_task-renewal_fearROIs_bin_BN.csv
HC,FC001,2,renewal,43,44,10,1,sub-FC001_ses-2_task-renewal_fearROIs_bin_SN.csv,sub-FC001_ses-2_task-renewal_fearROIs_bin_BN.csv
HC,FC001,2,renewal,44,45,2,1,sub-FC001_ses-2_task-renewal_fearROIs_bin_SN.csv,sub-FC001_ses-2_task-renewal_fearROIs_bin_BN.csv
HC,FC001,2,renewal,45,46,15,2,sub-FC001_ses-2_task-renewal_fearROIs_bin_SN.csv,sub-FC001_ses-2_task-renewal_fearROIs_bin_BN.csv
HC,FC001,2,renewal,46,47,13,2,sub-FC001_ses-2_task-renewal_fearROIs_bin_SN.csv,sub-FC001_ses-2_task-renewal_fearROIs_bin_BN.csv
HC,FC001,2,renewal,47,48,2,1,sub-FC001_ses-2_task-renewal_fearROIs_bin_SN.csv,sub-FC001_ses-2_task-renewal_fearROIs_bin_BN.csv
HC,FC001,2,renewal,48,49,20,3,sub-FC001_ses-2_task-renewal_fearROIs_bin_SN.csv,sub-FC001_ses-2_task-renewal_fearROIs_bin_BN.csv
HC,FC001,2,renewal,49,50,23,4,sub-FC001_ses-2_task-renewal_fearROIs_bin_SN.csv,sub-FC001_ses-2_task-renewal_fearROIs_bin_BN.csv
HC,FC001,2,renewal,50,51,13,2,sub-FC001_ses-2_task-renewal_fearROIs_bin_SN.csv,sub-FC001_ses-2_task-renewal_fearROIs_bin_BN.csv
HC,FC001,2,renewal,51,52,2,1,sub-FC001_ses-2_task-renewal_fearROIs_bin_SN.csv,sub-FC001_ses-2_task-renewal_fearROIs_bin_BN.csv
HC,FC001,2,renewal,52,53,1,1,sub-FC001_ses-2_task-renewal_fearROIs_bin_SN.csv,sub-FC001_ses-2_task-renewal_fearROIs_bin_BN.csv
HC,FC001,2,renewal,53,54,1,1,sub-FC001_ses-2_task-renewal_fearROIs_bin_SN.csv,sub-FC001_ses-2_task-renewal_fearROIs_bin_BN.csv
HC,FC001,2,renewal,54,55,15,2,sub-FC001_ses-2_task-renewal_fearROIs_bin_SN.csv,sub-FC001_ses-2_task-renewal_fearROIs_bin_BN.csv
HC,FC001,2,renewal,55,56,1,1,sub-FC001_ses-2_task-renewal_fearROIs_bin_SN.csv,sub-FC001_ses-2_task-renewal_fearROIs_bin_BN.csv
HC,FC001,2,renewal,56,57,18,3,sub-FC001_ses-2_task-renewal_fearROIs_bin_SN.csv,sub-FC001_ses-2_task-renewal_fearROIs_bin_BN.csv
HC,FC001,2,renewal,57,58,1,1,sub-FC001_ses-2_task-renewal_fearROIs_bin_SN.csv,sub-FC001_ses-2_task-renewal_fearROIs_bin_BN.csv
HC,FC001,2,renewal,58,59,31,4,sub-FC001_ses-2_task-renewal_fearROIs_bin_SN.csv,sub-FC001_ses-2_task-renewal_fearROIs_bin_BN.csv
HC,FC001,2,renewal,59,60,28,4,sub-FC001_ses-2_task-renewal_fearROIs_bin_SN.csv,sub-FC001_ses-2_task-renewal_fearROIs_bin_BN.csv
HC,FC001,2,renewal,60,61,28,4,sub-FC001_ses-2_task-renewal_fearROIs_bin_SN.csv,sub-FC001_ses-2_task-renewal_fearROIs_bin_BN.csv
HC,FC001,2,renewal,61,62,27,4,sub-FC001_ses-2_task-renewal_fearROIs_bin_SN.csv,sub-FC001_ses-2_task-renewal_fearROIs_bin_BN.csv
HC,FC001,2,renewal,62,63,20,3,sub-FC001_ses-2_task-renewal_fearROIs_bin_SN.csv,sub-FC001_ses-2_task-renewal_fearROIs_bin_BN.csv
HC,FC001,2,renewal,63,64,18,3,sub-FC001_ses-2_task-renewal_fearROIs_bin_SN.csv,sub-FC001_ses-2_task-renewal_fearROIs_bin_BN.csv
HC,FC001,2,renewal,64,65,28,4,sub-FC001_ses-2_task-renewal_fearROIs_bin_SN.csv,sub-FC001_ses-2_task-renewal_fearROIs_bin_BN.csv
HC,FC001,2,renewal,65,66,15,2,sub-FC001_ses-2_task-renewal_fearROIs_bin_SN.csv,sub-FC001_ses-2_task-renewal_fearROIs_bin_BN.csv
HC,FC001,2,renewal,66,67,13,2,sub-FC001_ses-2_task-renewal_fearROIs_bin_SN.csv,sub-FC001_ses-2_task-renewal_fearROIs_bin_BN.csv
HC,FC001,2,renewal,67,68,14,2,sub-FC001_ses-2_task-renewal_fearROIs_bin_SN.csv,sub-FC001_ses-2_task-renewal_fearROIs_bin_BN.csv
HC,FC001,2,renewal,68,69,13,2,sub-FC001_ses-2_task-renewal_fearROIs_bin_SN.csv,sub-FC001_ses-2_task-renewal_fearROIs_bin_BN.csv
HC,FC001,2,renewal,69,70,15,2,sub-FC001_ses-2_task-renewal_fearROIs_bin_SN.csv,sub-FC001_ses-2_task-renewal_fearROIs_bin_BN.csv
HC,FC001,2,renewal,70,71,16,4,sub-FC001_ses-2_task-renewal_fearROIs_bin_SN.csv,sub-FC001_ses-2_task-renewal_fearROIs_bin_BN.csv
HC,FC001,2,renewal,71,72,11,1,sub-FC001_ses-2_task-renewal_fearROIs_bin_SN.csv,sub-FC001_ses-2_task-renewal_fearROIs_bin_BN.csv
HC,FC001,2,renewal,72,73,23,4,sub-FC001_ses-2_task-renewal_fearROIs_bin_SN.csv,sub-FC001_ses-2_task-renewal_fearROIs_bin_BN.csv
HC,FC001,2,renewal,73,74,16,4,sub-FC001_ses-2_task-renewal_fearROIs_bin_SN.csv,sub-FC001_ses-2_task-renewal_fearROIs_bin_BN.csv
HC,FC001,2,renewal,74,75,18,3,sub-FC001_ses-2_task-renewal_fearROIs_bin_SN.csv,sub-FC001_ses-2_task-renewal_fearROIs_bin_BN.csv
HC,FC001,2,renewal,75,76,31,4,sub-FC001_ses-2_task-renewal_fearROIs_bin_SN.csv,sub-FC001_ses-2_task-renewal_fearROIs_bin_BN.csv
HC,FC001,2,renewal,76,77,32,4,sub-FC001_ses-2_task-renewal_fearROIs_bin_SN.csv,sub-FC001_ses-2_task-renewal_fearROIs_bin_BN.csv
HC,FC001,2,renewal,77,78,2,1,sub-FC001_ses-2_task-renewal_fearROIs_bin_SN.csv,sub-FC001_ses-2_task-renewal_fearROIs_bin_BN.csv
HC,FC001,2,renewal,78,79,21,1,sub-FC001_ses-2_task-renewal_fearROIs_bin_SN.csv,sub-FC001_ses-2_task-renewal_fearROIs_bin_BN.csv
HC,FC001,2,renewal,79,80,5,1,sub-FC001_ses-2_task-renewal_fearROIs_bin_SN.csv,sub-FC001_ses-2_task-renewal_fearROIs_bin_BN.csv
HC,FC001,2,renewal,80,81,2,1,sub-FC001_ses-2_task-renewal_fearROIs_bin_SN.csv,sub-FC001_ses-2_task-renewal_fearROIs_bin_BN.csv
HC,FC001,2,renewal,81,82,2,1,sub-FC001_ses-2_task-renewal_fearROIs_bin_SN.csv,sub-FC001_ses-2_task-renewal_fearROIs_bin_BN.csv
HC,FC001,2,renewal,82,83,15,2,sub-FC001_ses-2_task-renewal_fearROIs_bin_SN.csv,sub-FC001_ses-2_task-renewal_fearROIs_bin_BN.csv
HC,FC001,2,renewal,83,84,13,2,sub-FC001_ses-2_task-renewal_fearROIs_bin_SN.csv,sub-FC001_ses-2_task-renewal_fearROIs_bin_BN.csv
HC,FC001,2,renewal,84,85,20,3,sub-FC001_ses-2_task-renewal_fearROIs_bin_SN.csv,sub-FC001_ses-2_task-renewal_fearROIs_bin_BN.csv
HC,FC001,2,renewal,85,86,9,1,sub-FC001_ses-2_task-renewal_fearROIs_bin_SN.csv,sub-FC001_ses-2_task-renewal_fearROIs_bin_BN.csv
HC,FC001,2,renewal,86,87,22,4,sub-FC001_ses-2_task-renewal_fearROIs_bin_SN.csv,sub-FC001_ses-2_task-renewal_fearROIs_bin_BN.csv
HC,FC001,2,renewal,87,88,2,1,sub-FC001_ses-2_task-renewal_fearROIs_bin_SN.csv,sub-FC001_ses-2_task-renewal_fearROIs_bin_BN.csv
HC,FC001,2,renewal,88,89,28,4,sub-FC001_ses-2_task-renewal_fearROIs_bin_SN.csv,sub-FC001_ses-2_task-renewal_fearROIs_bin_BN.csv
HC,FC001,2,renewal,89,90,31,4,sub-FC001_ses-2_task-renewal_fearROIs_bin_SN.csv,sub-FC001_ses-2_task-renewal_fearROIs_bin_BN.csv
HC,FC001,2,renewal,90,91,32,4,sub-FC001_ses-2_task-renewal_fearROIs_bin_SN.csv,sub-FC001_ses-2_task-renewal_fearROIs_bin_BN.csv
HC,FC001,2,renewal,91,92,6,1,sub-FC001_ses-2_task-renewal_fearROIs_bin_SN.csv,sub-FC001_ses-2_task-renewal_fearROIs_bin_BN.csv
HC,FC001,2,renewal,92,93,15,2,sub-FC001_ses-2_task-renewal_fearROIs_bin_SN.csv,sub-FC001_ses-2_task-renewal_fearROIs_bin_BN.csv
HC,FC001,2,renewal,93,94,18,3,sub-FC001_ses-2_task-renewal_fearROIs_bin_SN.csv,sub-FC001_ses-2_task-renewal_fearROIs_bin_BN.csv
HC,FC001,2,renewal,94,95,23,4,sub-FC001_ses-2_task-renewal_fearROIs_bin_SN.csv,sub-FC001_ses-2_task-renewal_fearROIs_bin_BN.csv
HC,FC001,2,renewal,95,96,27,4,sub-FC001_ses-2_task-renewal_fearROIs_bin_SN.csv,sub-FC001_ses-2_task-renewal_fearROIs_bin_BN.csv
HC,FC001,2,renewal,96,97,15,2,sub-FC001_ses-2_task-renewal_fearROIs_bin_SN.csv,sub-FC001_ses-2_task-renewal_fearROIs_bin_BN.csv
HC,FC001,2,renewal,97,98,2,1,sub-FC001_ses-2_task-renewal_fearROIs_bin_SN.csv,sub-FC001_ses-2_task-renewal_fearROIs_bin_BN.csv
HC,FC001,2,renewal,98,99,2,1,sub-FC001_ses-2_task-renewal_fearROIs_bin_SN.csv,sub-FC001_ses-2_task-renewal_fearROIs_bin_BN.csv
HC,FC001,2,renewal,99,100,32,4,sub-FC001_ses-2_task-renewal_fearROIs_bin_SN.csv,sub-FC001_ses-2_task-renewal_fearROIs_bin_BN.csv
HC,FC002,2,renewal,0,1,32,4,sub-FC002_ses-2_task-renewal_fearROIs_bin_SN.csv,sub-FC002_ses-2_task-renewal_fearROIs_bin_BN.csv
HC,FC002,2,renewal,1,2,1,1,sub-FC002_ses-2_task-renewal_fearROIs_bin_SN.csv,sub-FC002_ses-2_task-renewal_fearROIs_bin_BN.csv
HC,FC002,2,renewal,2,3,5,1,sub-FC002_ses-2_task-renewal_fearROIs_bin_SN.csv,sub-FC002_ses-2_task-renewal_fearROIs_bin_BN.csv
HC,FC002,2,renewal,3,4,31,4,sub-FC002_ses-2_task-renewal_fearROIs_bin_SN.csv,sub-FC002_ses-2_task-renewal_fearROIs_bin_BN.csv
HC,FC002,2,renewal,4,5,31,4,sub-FC002_ses-2_task-renewal_fearROIs_bin_SN.csv,sub-FC002_ses-2_task-renewal_fearROIs_bin_BN.csv
HC,FC002,2,renewal,5,6,6,1,sub-FC002_ses-2_task-renewal_fearROIs_bin_SN.csv,sub-FC002_ses-2_task-renewal_fearROIs_bin_BN.csv
HC,FC002,2,renewal,6,7,1,1,sub-FC002_ses-2_task-renewal_fearROIs_bin_SN.csv,sub-FC002_ses-2_task-renewal_fearROIs_bin_BN.csv
HC,FC002,2,renewal,7,8,1,1,sub-FC002_ses-2_task-renewal_fearROIs_bin_SN.csv,sub-FC002_ses-2_task-renewal_fearROIs_bin_BN.csv
HC,FC002,2,renewal,8,9,30,4,sub-FC002_ses-2_task-renewal_fearROIs_bin_SN.csv,sub-FC002_ses-2_task-renewal_fearROIs_bin_BN.csv
HC,FC002,2,renewal,9,10,30,4,sub-FC002_ses-2_task-renewal_fearROIs_bin_SN.csv,sub-FC002_ses-2_task-renewal_fearROIs_bin_BN.csv
HC,FC002,2,renewal,10,11,28,4,sub-FC002_ses-2_task-renewal_fearROIs_bin_SN.csv,sub-FC002_ses-2_task-renewal_fearROIs_bin_BN.csv
HC,FC002,2,renewal,11,12,3,1,sub-FC002_ses-2_task-renewal_fearROIs_bin_SN.csv,sub-FC002_ses-2_task-renewal_fearROIs_bin_BN.csv
HC,FC002,2,renewal,12,13,13,2,sub-FC002_ses-2_task-renewal_fearROIs_bin_SN.csv,sub-FC002_ses-2_task-renewal_fearROIs_bin_BN.csv
HC,FC002,2,renewal,13,14,1,1,sub-FC002_ses-2_task-renewal_fearROIs_bin_SN.csv,sub-FC002_ses-2_task-renewal_fearROIs_bin_BN.csv
HC,FC002,2,renewal,14,15,14,2,sub-FC002_ses-2_task-renewal_fearROIs_bin_SN.csv,sub-FC002_ses-2_task-renewal_fearROIs_bin_BN.csv
HC,FC002,2,renewal,15,16,7,1,sub-FC002_ses-2_task-renewal_fearROIs_bin_SN.csv,sub-FC002_ses-2_task-renewal_fearROIs_bin_BN.csv
HC,FC002,2,renewal,16,17,5,1,sub-FC002_ses-2_task-renewal_fearROIs_bin_SN.csv,sub-FC002_ses-2_task-renewal_fearROIs_bin_BN.csv
HC,FC002,2,renewal,17,18,12,3,sub-FC002_ses-2_task-renewal_fearROIs_bin_SN.csv,sub-FC002_ses-2_task-renewal_fearROIs_bin_BN.csv
HC,FC002,2,renewal,18,19,6,1,sub-FC002_ses-2_task-renewal_fearROIs_bin_SN.csv,sub-FC002_ses-2_task-renewal_fearROIs_bin_BN.csv
HC,FC002,2,renewal,19,20,32,4,sub-FC002_ses-2_task-renewal_fearROIs_bin_SN.csv,sub-FC002_ses-2_task-renewal_fearROIs_bin_BN.csv
HC,FC002,2,renewal,20,21,19,3,sub-FC002_ses-2_task-renewal_fearROIs_bin_SN.csv,sub-FC002_ses-2_task-renewal_fearROIs_bin_BN.csv
HC,FC002,2,renewal,21,22,20,3,sub-FC002_ses-2_task-renewal_fearROIs_bin_SN.csv,sub-FC002_ses-2_task-renewal_fearROIs_bin_BN.csv
HC,FC002,2,renewal,22,23,20,3,sub-FC002_ses-2_task-renewal_fearROIs_bin_SN.csv,sub-FC002_ses-2_task-renewal_fearROIs_bin_BN.csv
HC,FC002,2,renewal,23,24,28,4,sub-FC002_ses-2_task-renewal_fearROIs_bin_SN.csv,sub-FC002_ses-2_task-renewal_fearROIs_bin_BN.csv
HC,FC002,2,renewal,24,25,13,2,sub-FC002_ses-2_task-renewal_fearROIs_bin_SN.csv,sub-FC002_ses-2_task-renewal_fearROIs_bin_BN.csv
HC,FC002,2,renewal,25,26,14,2,sub-FC002_ses-2_task-renewal_fearROIs_bin_SN.csv,sub-FC002_ses-2_task-renewal_fearROIs_bin_BN.csv
HC,FC002,2,renewal,26,27,1,1,sub-FC002_ses-2_task-renewal_fearROIs_bin_SN.csv,sub-FC002_ses-2_task-renewal_fearROIs_bin_BN.csv
HC,FC002,2,renewal,27,28,27,4,sub-FC002_ses-2_task-renewal_fearROIs_bin_SN.csv,sub-FC002_ses-2_task-renewal_fearROIs_bin_BN.csv
HC,FC002,2,renewal,28,29,9,1,sub-FC002_ses-2_task-renewal_fearROIs_bin_SN.csv,sub-FC002_ses-2_task-renewal_fearROIs_bin_BN.csv
HC,FC002,2,renewal,29,30,2,1,sub-FC002_ses-2_task-renewal_fearROIs_bin_SN.csv,sub-FC002_ses-2_task-renewal_fearROIs_bin_BN.csv
HC,FC002,2,renewal,30,31,32,4,sub-FC002_ses-2_task-renewal_fearROIs_bin_SN.csv,sub-FC002_ses-2_task-renewal_fearROIs_bin_BN.csv
HC,FC002,2,renewal,31,32,32,4,sub-FC002_ses-2_task-renewal_fearROIs_bin_SN.csv,sub-FC002_ses-2_task-renewal_fearROIs_bin_BN.csv
HC,FC002,2,renewal,32,33,32,4,sub-FC002_ses-2_task-renewal_fearROIs_bin_SN.csv,sub-FC002_ses-2_task-renewal_fearROIs_bin_BN.csv
HC,FC002,2,renewal,33,34,13,2,sub-FC002_ses-2_task-renewal_fearROIs_bin_SN.csv,sub-FC002_ses-2_task-renewal_fearROIs_bin_BN.csv
HC,FC002,2,renewal,34,35,32,4,sub-FC002_ses-2_task-renewal_fearROIs_bin_SN.csv,sub-FC002_ses-2_task-renewal_fearROIs_bin_BN.csv
HC,FC002,2,renewal,35,36,8,3,sub-FC002_ses-2_task-renewal_fearROIs_bin_SN.csv,sub-FC002_ses-2_task-renewal_fearROIs_bin_BN.csv
HC,FC002,2,renewal,36,37,19,3,sub-FC002_ses-2_task-renewal_fearROIs_bin_SN.csv,sub-FC002_ses-2_task-renewal_fearROIs_bin_BN.csv
HC,FC002,2,renewal,37,38,19,3,sub-FC002_ses-2_task-renewal_fearROIs_bin_SN.csv,sub-FC002_ses-2_task-renewal_fearROIs_bin_BN.csv
HC,FC002,2,renewal,38,39,17,1,sub-FC002_ses-2_task-renewal_fearROIs_bin_SN.csv,sub-FC002_ses-2_task-renewal_fearROIs_bin_BN.csv
HC,FC002,2,renewal,39,40,18,3,sub-FC002_ses-2_task-renewal_fearROIs_bin_SN.csv,sub-FC002_ses-2_task-renewal_fearROIs_bin_BN.csv
HC,FC002,2,renewal,40,41,1,1,sub-FC002_ses-2_task-renewal_fearROIs_bin_SN.csv,sub-FC002_ses-2_task-renewal_fearROIs_bin_BN.csv
HC,FC002,2,renewal,41,42,20,3,sub-FC002_ses-2_task-renewal_fearROIs_bin_SN.csv,sub-FC002_ses-2_task-renewal_fearROIs_bin_BN.csv
HC,FC002,2,renewal,42,43,24,4,sub-FC002_ses-2_task-renewal_fearROIs_bin_SN.csv,sub-FC002_ses-2_task-renewal_fearROIs_bin_BN.csv
HC,FC002,2,renewal,43,44,32,4,sub-FC002_ses-2_task-renewal_fearROIs_bin_SN.csv,sub-FC002_ses-2_task-renewal_fearROIs_bin_BN.csv
HC,FC002,2,renewal,44,45,13,2,sub-FC002_ses-2_task-renewal_fearROIs_bin_SN.csv,sub-FC002_ses-2_task-renewal_fearROIs_bin_BN.csv
HC,FC002,2,renewal,45,46,13,2,sub-FC002_ses-2_task-renewal_fearROIs_bin_SN.csv,sub-FC002_ses-2_task-renewal_fearROIs_bin_BN.csv
HC,FC002,2,renewal,46,47,1,1,sub-FC002_ses-2_task-renewal_fearROIs_bin_SN.csv,sub-FC002_ses-2_task-renewal_fearROIs_bin_BN.csv
HC,FC002,2,renewal,47,48,17,1,sub-FC002_ses-2_task-renewal_fearROIs_bin_SN.csv,sub-FC002_ses-2_task-renewal_fearROIs_bin_BN.csv
HC,FC002,2,renewal,48,49,32,4,sub-FC002_ses-2_task-renewal_fearROIs_bin_SN.csv,sub-FC002_ses-2_task-renewal_fearROIs_bin_BN.csv
HC,FC002,2,renewal,49,50,20,3,sub-FC002_ses-2_task-renewal_fearROIs_bin_SN.csv,sub-FC002_ses-2_task-renewal_fearROIs_bin_BN.csv
HC,FC002,2,renewal,50,51,16,4,sub-FC002_ses-2_task-renewal_fearROIs_bin_SN.csv,sub-FC002_ses-2_task-renewal_fearROIs_bin_BN.csv
HC,FC002,2,renewal,51,52,21,1,sub-FC002_ses-2_task-renewal_fearROIs_bin_SN.csv,sub-FC002_ses-2_task-renewal_fearROIs_bin_BN.csv
HC,FC002,2,renewal,52,53,1,1,sub-FC002_ses-2_task-renewal_fearROIs_bin_SN.csv,sub-FC002_ses-2_task-renewal_fearROIs_bin_BN.csv
HC,FC002,2,renewal,53,54,1,1,sub-FC002_ses-2_task-renewal_fearROIs_bin_SN.csv,sub-FC002_ses-2_task-renewal_fearROIs_bin_BN.csv
HC,FC002,2,renewal,54,55,4,3,sub-FC002_ses-2_task-renewal_fearROIs_bin_SN.csv,sub-FC002_ses-2_task-renewal_fearROIs_bin_BN.csv
HC,FC002,2,renewal,55,56,16,4,sub-FC002_ses-2_task-renewal_fearROIs_bin_SN.csv,sub-FC002_ses-2_task-renewal_fearROIs_bin_BN.csv
HC,FC002,2,renewal,56,57,16,4,sub-FC002_ses-2_task-renewal_fearROIs_bin_SN.csv,sub-FC002_ses-2_task-renewal_fearROIs_bin_BN.csv
HC,FC002,2,renewal,57,58,15,2,sub-FC002_ses-2_task-renewal_fearROIs_bin_SN.csv,sub-FC002_ses-2_task-renewal_fearROIs_bin_BN.csv
HC,FC002,2,renewal,58,59,9,1,sub-FC002_ses-2_task-renewal_fearROIs_bin_SN.csv,sub-FC002_ses-2_task-renewal_fearROIs_bin_BN.csv
HC,FC002,2,renewal,59,60,17,1,sub-FC002_ses-2_task-renewal_fearROIs_bin_SN.csv,sub-FC002_ses-2_task-renewal_fearROIs_bin_BN.csv
HC,FC002,2,renewal,60,61,28,4,sub-FC002_ses-2_task-renewal_fearROIs_bin_SN.csv,sub-FC002_ses-2_task-renewal_fearROIs_bin_BN.csv
HC,FC002,2,renewal,61,62,22,4,sub-FC002_ses-2_task-renewal_fearROIs_bin_SN.csv,sub-FC002_ses-2_task-renewal_fearROIs_bin_BN.csv
HC,FC002,2,renewal,62,63,14,2,sub-FC002_ses-2_task-renewal_fearROIs_bin_SN.csv,sub-FC002_ses-2_task-renewal_fearROIs_bin_BN.csv
HC,FC002,2,renewal,63,64,2,1,sub-FC002_ses-2_task-renewal_fearROIs_bin_SN.csv,sub-FC002_ses-2_task-renewal_fearROIs_bin_BN.csv
HC,FC002,2,renewal,64,65,1,1,sub-FC002_ses-2_task-renewal_fearROIs_bin_SN.csv,sub-FC002_ses-2_task-renewal_fearROIs_bin_BN.csv
HC,FC002,2,renewal,65,66,13,2,sub-FC002_ses-2_task-renewal_fearROIs_bin_SN.csv,sub-FC002_ses-2_task-renewal_fearROIs_bin_BN.csv
HC,FC002,2,renewal,66,67,16,4,sub-FC002_ses-2_task-renewal_fearROIs_bin_SN.csv,sub-FC002_ses-2_task-renewal_fearROIs_bin_BN.csv
HC,FC002,2,renewal,67,68,21,1,sub-FC002_ses-2_task-renewal_fearROIs_bin_SN.csv,sub-FC002_ses-2_task-renewal_fearROIs_bin_BN.csv
HC,FC002,2,renewal,68,69,32,4,sub-FC002_ses-2_task-renewal_fearROIs_bin_SN.csv,sub-FC002_ses-2_task-renewal_fearROIs_bin_BN.csv
HC,FC002,2,renewal,69,70,15,2,sub-FC002_ses-2_task-renewal_fearROIs_bin_SN.csv,sub-FC002_ses-2_task-renewal_fearROIs_bin_BN.csv
HC,FC002,2,renewal,70,71,16,4,sub-FC002_ses-2_task-renewal_fearROIs_bin_SN.csv,sub-FC002_ses-2_task-renewal_fearROIs_bin_BN.csv
HC,FC002,2,renewal,71,72,9,1,sub-FC002_ses-2_task-renewal_fearROIs_bin_SN.csv,sub-FC002_ses-2_task-renewal_fearROIs_bin_BN.csv
HC,FC002,2,renewal,72,73,23,4,sub-FC002_ses-2_task-renewal_fearROIs_bin_SN.csv,sub-FC002_ses-2_task-renewal_fearROIs_bin_BN.csv
HC,FC002,2,renewal,73,74,16,4,sub-FC002_ses-2_task-renewal_fearROIs_bin_SN.csv,sub-FC002_ses-2_task-renewal_fearROIs_bin_BN.csv
HC,FC002,2,renewal,74,75,29,2,sub-FC002_ses-2_task-renewal_fearROIs_bin_SN.csv,sub-FC002_ses-2_task-renewal_fearROIs_bin_BN.csv
HC,FC002,2,renewal,75,76,25,1,sub-FC002_ses-2_task-renewal_fearROIs_bin_SN.csv,sub-FC002_ses-2_task-renewal_fearROIs_bin_BN.csv
HC,FC002,2,renewal,76,77,32,4,sub-FC002_ses-2_task-renewal_fearROIs_bin_SN.csv,sub-FC002_ses-2_task-renewal_fearROIs_bin_BN.csv
HC,FC002,2,renewal,77,78,32,4,sub-FC002_ses-2_task-renewal_fearROIs_bin_SN.csv,sub-FC002_ses-2_task-renewal_fearROIs_bin_BN.csv
HC,FC002,2,renewal,78,79,12,3,sub-FC002_ses-2_task-renewal_fearROIs_bin_SN.csv,sub-FC002_ses-2_task-renewal_fearROIs_bin_BN.csv
HC,FC002,2,renewal,79,80,1,1,sub-FC002_ses-2_task-renewal_fearROIs_bin_SN.csv,sub-FC002_ses-2_task-renewal_fearROIs_bin_BN.csv
HC,FC002,2,renewal,80,81,21,1,sub-FC002_ses-2_task-renewal_fearROIs_bin_SN.csv,sub-FC002_ses-2_task-renewal_fearROIs_bin_BN.csv
HC,FC002,2,renewal,81,82,19,3,sub-FC002_ses-2_task-renewal_fearROIs_bin_SN.csv,sub-FC002_ses-2_task-renewal_fearROIs_bin_BN.csv
HC,FC002,2,renewal,82,83,19,3,sub-FC002_ses-2_task-renewal_fearROIs_bin_SN.csv,sub-FC002_ses-2_task-renewal_fearROIs_bin_BN.csv
HC,FC002,2,renewal,83,84,28,4,sub-FC002_ses-2_task-renewal_fearROIs_bin_SN.csv,sub-FC002_ses-2_task-renewal_fearROIs_bin_BN.csv
HC,FC002,2,renewal,84,85,17,1,sub-FC002_ses-2_task-renewal_fearROIs_bin_SN.csv,sub-FC002_ses-2_task-renewal_fearROIs_bin_BN.csv
HC,FC002,2,renewal,85,86,32,4,sub-FC002_ses-2_task-renewal_fearROIs_bin_SN.csv,sub-FC002_ses-2_task-renewal_fearROIs_bin_BN.csv
HC,FC002,2,renewal,86,87,28,4,sub-FC002_ses-2_task-renewal_fearROIs_bin_SN.csv,sub-FC002_ses-2_task-renewal_fearROIs_bin_BN.csv
HC,FC002,2,renewal,87,88,3,1,sub-FC002_ses-2_task-renewal_fearROIs_bin_SN.csv,sub-FC002_ses-2_task-renewal_fearROIs_bin_BN.csv
HC,FC002,2,renewal,88,89,1,1,sub-FC002_ses-2_task-renewal_fearROIs_bin_SN.csv,sub-FC002_ses-2_task-renewal_fearROIs_bin_BN.csv
HC,FC002,2,renewal,89,90,1,1,sub-FC002_ses-2_task-renewal_fearROIs_bin_SN.csv,sub-FC002_ses-2_task-renewal_fearROIs_bin_BN.csv
HC,FC002,2,renewal,90,91,16,4,sub-FC002_ses-2_task-renewal_fearROIs_bin_SN.csv,sub-FC002_ses-2_task-renewal_fearROIs_bin_BN.csv
HC,FC002,2,renewal,91,92,17,1,sub-FC002_ses-2_task-renewal_fearROIs_bin_SN.csv,sub-FC002_ses-2_task-renewal_fearROIs_bin_BN.csv
HC,FC002,2,renewal,92,93,20,3,sub-FC002_ses-2_task-renewal_fearROIs_bin_SN.csv,sub-FC002_ses-2_task-renewal_fearROIs_bin_BN.csv
HC,FC002,2,renewal,93,94,26,4,sub-FC002_ses-2_task-renewal_fearROIs_bin_SN.csv,sub-FC002_ses-2_task-renewal_fearROIs_bin_BN.csv
HC,FC002,2,renewal,94,95,28,4,sub-FC002_ses-2_task-renewal_fearROIs_bin_SN.csv,sub-FC002_ses-2_task-renewal_fearROIs_bin_BN.csv
HC,FC002,2,renewal,95,96,18,3,sub-FC002_ses-2_task-renewal_fearROIs_bin_SN.csv,sub-FC002_ses-2_task-renewal_fearROIs_bin_BN.csv
HC,FC002,2,renewal,96,97,4,3,sub-FC002_ses-2_task-renewal_fearROIs_bin_SN.csv,sub-FC002_ses-2_task-renewal_fearROIs_bin_BN.csv
HC,FC002,2,renewal,97,98,8,3,sub-FC002_ses-2_task-renewal_fearROIs_bin_SN.csv,sub-FC002_ses-2_task-renewal_fearROIs_bin_BN.csv
HC,FC002,2,renewal,98,99,1,1,sub-FC002_ses-2_task-renewal_fearROIs_bin_SN.csv,sub-FC002_ses-2_task-renewal_fearROIs_bin_BN.csv
HC,FC002,2,renewal,99,100,5,1,sub-FC002_ses-2_task-renewal_fearROIs_bin_SN.csv,sub-FC002_ses-2_task-renewal_fearROIs_bin_BN.csv
HC,FC002,2,renewal,100,101,8,3,sub-FC002_ses-2_task-renewal_fearROIs_bin_SN.csv,sub-FC002_ses-2_task-renewal_fearROIs_bin_BN.csv
HC,FC002,2,renewal,101,102,16,4,sub-FC002_ses-2_task-renewal_fearROIs_bin_SN.csv,sub-FC002_ses-2_task-renewal_fearROIs_bin_BN.csv
HC,FC002,2,renewal,102,103,25,1,sub-FC002_ses-2_task-renewal_fearROIs_bin_SN.csv,sub-FC002_ses-2_task-renewal_fearROIs_bin_BN.csv
HC,FC002,2,renewal,103,104,19,3,sub-FC002_ses-2_task-renewal_fearROIs_bin_SN.csv,sub-FC002_ses-2_task-renewal_fearROIs_bin_BN.csv
HC,FC002,2,renewal,104,105,18,3,sub-FC002_ses-2_task-renewal_fearROIs_bin_SN.csv,sub-FC002_ses-2_task-renewal_fearROIs_bin_BN.csv
HC,FC002,2,renewal,105,106,14,2,sub-FC002_ses-2_task-renewal_fearROIs_bin_SN.csv,sub-FC002_ses-2_task-renewal_fearROIs_bin_BN.csv
HC,FC002,2,renewal,106,107,9,1,sub-FC002_ses-2_task-renewal_fearROIs_bin_SN.csv,sub-FC002_ses-2_task-renewal_fearROIs_bin_BN.csv
HC,FC002,2,renewal,107,108,32,4,sub-FC002_ses-2_task-renewal_fearROIs_bin_SN.csv,sub-FC002_ses-2_task-renewal_fearROIs_bin_BN.csv
HC,FC002,2,renewal,108,109,25,1,sub-FC002_ses-2_task-renewal_fearROIs_bin_SN.csv,sub-FC002_ses-2_task-renewal_fearROIs_bin_BN.csv
HC,FC002,2,renewal,109,110,23,4,sub-FC002_ses-2_task-renewal_fearROIs_bin_SN.csv,sub-FC002_ses-2_task-renewal_fearROIs_bin_BN.csv
HC,FC002,2,renewal,110,111,13,2,sub-FC002_ses-2_task-renewal_fearROIs_bin_SN.csv,sub-FC002_ses-2_task-renewal_fearROIs_bin_BN.csv
HC,FC002,2,renewal,111,112,32,4,sub-FC002_ses-2_task-renewal_fearROIs_bin_SN.csv,sub-FC002_ses-2_task-renewal_fearROIs_bin_BN.csv
HC,FC002,2,renewal,112,113,23,4,sub-FC002_ses-2_task-renewal_fearROIs_bin_SN.csv,sub-FC002_ses-2_task-renewal_fearROIs_bin_BN.csv
HC,FC002,2,renewal,113,114,20,3,sub-FC002_ses-2_task-renewal_fearROIs_bin_SN.csv,sub-FC002_ses-2_task-renewal_fearROIs_bin_BN.csv
HC,FC002,2,renewal,114,115,32,4,sub-FC002_ses-2_task-renewal_fearROIs_bin_SN.csv,sub-FC002_ses-2_task-renewal_fearROIs_bin_BN.csv
HC,FC002,2,renewal,115,116,17,1,sub-FC002_ses-2_task-renewal_fearROIs_bin_SN.csv,sub-FC002_ses-2_task-renewal_fearROIs_bin_BN.csv
HC,FC002,2,renewal,116,117,29,2,sub-FC002_ses-2_task-renewal_fearROIs_bin_SN.csv,sub-FC002_ses-2_task-renewal_fearROIs_bin_BN.csv
HC,FC002,2,renewal,117,118,5,1,sub-FC002_ses-2_task-renewal_fearROIs_bin_SN.csv,sub-FC002_ses-2_task-renewal_fearROIs_bin_BN.csv
HC,FC002,2,renewal,118,119,6,1,sub-FC002_ses-2_task-renewal_fearROIs_bin_SN.csv,sub-FC002_ses-2_task-renewal_fearROIs_bin_BN.csv
HC,FC002,2,renewal,119,120,14,2,sub-FC002_ses-2_task-renewal_fearROIs_bin_SN.csv,sub-FC002_ses-2_task-renewal_fearROIs_bin_BN.csv
HC,FC002,2,renewal,120,121,12,3,sub-FC002_ses-2_task-renewal_fearROIs_bin_SN.csv,sub-FC002_ses-2_task-renewal_fearROIs_bin_BN.csv
HC,FC002,2,renewal,121,122,10,1,sub-FC002_ses-2_task-renewal_fearROIs_bin_SN.csv,sub-FC002_ses-2_task-renewal_fearROIs_bin_BN.csv
HC,FC002,2,renewal,122,123,1,1,sub-FC002_ses-2_task-renewal_fearROIs_bin_SN.csv,sub-FC002_ses-2_task-renewal_fearROIs_bin_BN.csv
HC,FC002,2,renewal,123,124,19,3,sub-FC002_ses-2_task-renewal_fearROIs_bin_SN.csv,sub-FC002_ses-2_task-renewal_fearROIs_bin_BN.csv
HC,FC003,2,renewal,0,1,1,1,sub-FC003_ses-2_task-renewal_fearROIs_bin_SN.csv,sub-FC003_ses-2_task-renewal_fearROIs_bin_BN.csv
HC,FC003,2,renewal,1,2,17,1,sub-FC003_ses-2_task-renewal_fearROIs_bin_SN.csv,sub-FC003_ses-2_task-renewal_fearROIs_bin_BN.csv
HC,FC003,2,renewal,2,3,24,4,sub-FC003_ses-2_task-renewal_fearROIs_bin_SN.csv,sub-FC003_ses-2_task-renewal_fearROIs_bin_BN.csv
HC,FC003,2,renewal,3,4,31,4,sub-FC003_ses-2_task-renewal_fearROIs_bin_SN.csv,sub-FC003_ses-2_task-renewal_fearROIs_bin_BN.csv
HC,FC003,2,renewal,4,5,20,3,sub-FC003_ses-2_task-renewal_fearROIs_bin_SN.csv,sub-FC003_ses-2_task-renewal_fearROIs_bin_BN.csv
HC,FC003,2,renewal,5,6,32,4,sub-FC003_ses-2_task-renewal_fearROIs_bin_SN.csv,sub-FC003_ses-2_task-renewal_fearROIs_bin_BN.csv
HC,FC003,2,renewal,6,7,19,3,sub-FC003_ses-2_task-renewal_fearROIs_bin_SN.csv,sub-FC003_ses-2_task-renewal_fearROIs_bin_BN.csv
HC,FC003,2,renewal,7,8,12,3,sub-FC003_ses-2_task-renewal_fearROIs_bin_SN.csv,sub-FC003_ses-2_task-renewal_fearROIs_bin_BN.csv
HC,FC003,2,renewal,8,9,4,3,sub-FC003_ses-2_task-renewal_fearROIs_bin_SN.csv,sub-FC003_ses-2_task-renewal_fearROIs_bin_BN.csv
HC,FC003,2,renewal,9,10,12,3,sub-FC003_ses-2_task-renewal_fearROIs_bin_SN.csv,sub-FC003_ses-2_task-renewal_fearROIs_bin_BN.csv
HC,FC003,2,renewal,10,11,9,1,sub-FC003_ses-2_task-renewal_fearROIs_bin_SN.csv,sub-FC003_ses-2_task-renewal_fearROIs_bin_BN.csv
HC,FC003,2,renewal,11,12,29,2,sub-FC003_ses-2_task-renewal_fearROIs_bin_SN.csv,sub-FC003_ses-2_task-renewal_fearROIs_bin_BN.csv
HC,FC003,2,renewal,12,13,21,1,sub-FC003_ses-2_task-renewal_fearROIs_bin_SN.csv,sub-FC003_ses-2_task-renewal_fearROIs_bin_BN.csv
HC,FC003,2,renewal,13,14,17,1,sub-FC003_ses-2_task-renewal_fearROIs_bin_SN.csv,sub-FC003_ses-2_task-renewal_fearROIs_bin_BN.csv
HC,FC003,2,renewal,14,15,17,1,sub-FC003_ses-2_task-renewal_fearROIs_bin_SN.csv,sub-FC003_ses-2_task-renewal_fearROIs_bin_BN.csv
HC,FC003,2,renewal,15,16,21,1,sub-FC003_ses-2_task-renewal_fearROIs_bin_SN.csv,sub-FC003_ses-2_task-renewal_fearROIs_bin_BN.csv
HC,FC003,2,renewal,16,17,21,1,sub-FC003_ses-2_task-renewal_fearROIs_bin_SN.csv,sub-FC003_ses-2_task-renewal_fearROIs_bin_BN.csv
HC,FC003,2,renewal,17,18,29,2,sub-FC003_ses-2_task-renewal_fearROIs_bin_SN.csv,sub-FC003_ses-2_task-renewal_fearROIs_bin_BN.csv
HC,FC003,2,renewal,18,19,32,4,sub-FC003_ses-2_task-renewal_fearROIs_bin_SN.csv,sub-FC003_ses-2_task-renewal_fearROIs_bin_BN.csv
HC,FC003,2,renewal,19,20,20,3,sub-FC003_ses-2_task-renewal_fearROIs_bin_SN.csv,sub-FC003_ses-2_task-renewal_fearROIs_bin_BN.csv
HC,FC003,2,renewal,20,21,18,3,sub-FC003_ses-2_task-renewal_fearROIs_bin_SN.csv,sub-FC003_ses-2_task-renewal_fearROIs_bin_BN.csv
HC,FC003,2,renewal,21,22,16,4,sub-FC003_ses-2_task-renewal_fearROIs_bin_SN.csv,sub-FC003_ses-2_task-renewal_fearROIs_bin_BN.csv
HC,FC003,2,renewal,22,23,16,4,sub-FC003_ses-2_task-renewal_fearROIs_bin_SN.csv,sub-FC003_ses-2_task-renewal_fearROIs_bin_BN.csv
HC,FC003,2,renewal,23,24,10,1,sub-FC003_ses-2_task-renewal_fearROIs_bin_SN.csv,sub-FC003_ses-2_task-renewal_fearROIs_bin_BN.csv
HC,FC003,2,renewal,24,25,12,3,sub-FC003_ses-2_task-renewal_fearROIs_bin_SN.csv,sub-FC003_ses-2_task-renewal_fearROIs_bin_BN.csv
HC,FC003,2,renewal,25,26,16,4,sub-FC003_ses-2_task-renewal_fearROIs_bin_SN.csv,sub-FC003_ses-2_task-renewal_fearROIs_bin_BN.csv
HC,FC003,2,renewal,26,27,16,4,sub-FC003_ses-2_task-renewal_fearROIs_bin_SN.csv,sub-FC003_ses-2_task-renewal_fearROIs_bin_BN.csv
HC,FC003,2,renewal,27,28,32,4,sub-FC003_ses-2_task-renewal_fearROIs_bin_SN.csv,sub-FC003_ses-2_task-renewal_fearROIs_bin_BN.csv
HC,FC003,2,renewal,28,29,29,2,sub-FC003_ses-2_task-renewal_fearROIs_bin_SN.csv,sub-FC003_ses-2_task-renewal_fearROIs_bin_BN.csv
HC,FC003,2,renewal,29,30,13,2,sub-FC003_ses-2_task-renewal_fearROIs_bin_SN.csv,sub-FC003_ses-2_task-renewal_fearROIs_bin_BN.csv
HC,FC003,2,renewal,30,31,1,1,sub-FC003_ses-2_task-renewal_fearROIs_bin_SN.csv,sub-FC003_ses-2_task-renewal_fearROIs_bin_BN.csv
HC,FC003,2,renewal,31,32,7,1,sub-FC003_ses-2_task-renewal_fearROIs_bin_SN.csv,sub-FC003_ses-2_task-renewal_fearROIs_bin_BN.csv
HC,FC003,2,renewal,32,33,1,1,sub-FC003_ses-2_task-renewal_fearROIs_bin_SN.csv,sub-FC003_ses-2_task-renewal_fearROIs_bin_BN.csv
HC,FC003,2,renewal,33,34,12,3,sub-FC003_ses-2_task-renewal_fearROIs_bin_SN.csv,sub-FC003_ses-2_task-renewal_fearROIs_bin_BN.csv
HC,FC003,2,renewal,34,35,12,3,sub-FC003_ses-2_task-renewal_fearROIs_bin_SN.csv,sub-FC003_ses-2_task-renewal_fearROIs_bin_BN.csv
HC,FC003,2,renewal,35,36,12,3,sub-FC003_ses-2_task-renewal_fearROIs_bin_SN.csv,sub-FC003_ses-2_task-renewal_fearROIs_bin_BN.csv
HC,FC003,2,renewal,36,37,10,1,sub-FC003_ses-2_task-renewal_fearROIs_bin_SN.csv,sub-FC003_ses-2_task-renewal_fearROIs_bin_BN.csv
HC,FC003,2,renewal,37,38,28,4,sub-FC003_ses-2_task-renewal_fearROIs_bin_SN.csv,sub-FC003_ses-2_task-renewal_fearROIs_bin_BN.csv
HC,FC003,2,renewal,38,39,20,3,sub-FC003_ses-2_task-renewal_fearROIs_bin_SN.csv,sub-FC003_ses-2_task-renewal_fearROIs_bin_BN.csv
HC,FC003,2,renewal,39,40,32,4,sub-FC003_ses-2_task-renewal_fearROIs_bin_SN.csv,sub-FC003_ses-2_task-renewal_fearROIs_bin_BN.csv
HC,FC003,2,renewal,40,41,2,1,sub-FC003_ses-2_task-renewal_fearROIs_bin_SN.csv,sub-FC003_ses-2_task-renewal_fearROIs_bin_BN.csv
HC,FC003,2,renewal,41,42,1,1,sub-FC003_ses-2_task-renewal_fearROIs_bin_SN.csv,sub-FC003_ses-2_task-renewal_fearROIs_bin_BN.csv
HC,FC003,2,renewal,42,43,30,4,sub-FC003_ses-2_task-renewal_fearROIs_bin_SN.csv,sub-FC003_ses-2_task-renewal_fearROIs_bin_BN.csv
HC,FC003,2,renewal,43,44,1,1,sub-FC003_ses-2_task-renewal_fearROIs_bin_SN.csv,sub-FC003_ses-2_task-renewal_fearROIs_bin_BN.csv
HC,FC003,2,renewal,44,45,7,1,sub-FC003_ses-2_task-renewal_fearROIs_bin_SN.csv,sub-FC003_ses-2_task-renewal_fearROIs_bin_BN.csv
HC,FC003,2,renewal,45,46,21,1,sub-FC003_ses-2_task-renewal_fearROIs_bin_SN.csv,sub-FC003_ses-2_task-renewal_fearROIs_bin_BN.csv
HC,FC003,2,renewal,46,47,21,1,sub-FC003_ses-2_task-renewal_fearROIs_bin_SN.csv,sub-FC003_ses-2_task-renewal_fearROIs_bin_BN.csv
HC,FC003,2,renewal,47,48,21,1,sub-FC003_ses-2_task-renewal_fearROIs_bin_SN.csv,sub-FC003_ses-2_task-renewal_fearROIs_bin_BN.csv
HC,FC003,2,renewal,48,49,19,3,sub-FC003_ses-2_task-renewal_fearROIs_bin_SN.csv,sub-FC003_ses-2_task-renewal_fearROIs_bin_BN.csv
HC,FC003,2,renewal,49,50,29,2,sub-FC003_ses-2_task-renewal_fearROIs_bin_SN.csv,sub-FC003_ses-2_task-renewal_fearROIs_bin_BN.csv
HC,FC003,2,renewal,50,51,5,1,sub-FC003_ses-2_task-renewal_fearROIs_bin_SN.csv,sub-FC003_ses-2_task-renewal_fearROIs_bin_BN.csv
HC,FC003,2,renewal,51,52,9,1,sub-FC003_ses-2_task-renewal_fearROIs_bin_SN.csv,sub-FC003_ses-2_task-renewal_fearROIs_bin_BN.csv
HC,FC003,2,renewal,52,53,15,2,sub-FC003_ses-2_task-renewal_fearROIs_bin_SN.csv,sub-FC003_ses-2_task-renewal_fearROIs_bin_BN.csv
HC,FC003,2,renewal,53,54,16,4,sub-FC003_ses-2_task-renewal_fearROIs_bin_SN.csv,sub-FC003_ses-2_task-renewal_fearROIs_bin_BN.csv
HC,FC003,2,renewal,54,55,10,1,sub-FC003_ses-2_task-renewal_fearROIs_bin_SN.csv,sub-FC003_ses-2_task-renewal_fearROIs_bin_BN.csv
HC,FC003,2,renewal,55,56,1,1,sub-FC003_ses-2_task-renewal_fearROIs_bin_SN.csv,sub-FC003_ses-2_task-renewal_fearROIs_bin_BN.csv
HC,FC003,2,renewal,56,57,1,1,sub-FC003_ses-2_task-renewal_fearROIs_bin_SN.csv,sub-FC003_ses-2_task-renewal_fearROIs_bin_BN.csv
HC,FC003,2,renewal,57,58,5,1,sub-FC003_ses-2_task-renewal_fearROIs_bin_SN.csv,sub-FC003_ses-2_task-renewal_fearROIs_bin_BN.csv
HC,FC003,2,renewal,58,59,32,4,sub-FC003_ses-2_task-renewal_fearROIs_bin_SN.csv,sub-FC003_ses-2_task-renewal_fearROIs_bin_BN.csv
HC,FC003,2,renewal,59,60,32,4,sub-FC003_ses-2_task-renewal_fearROIs_bin_SN.csv,sub-FC003_ses-2_task-renewal_fearROIs_bin_BN.csv
HC,FC003,2,renewal,60,61,20,3,sub-FC003_ses-2_task-renewal_fearROIs_bin_SN.csv,sub-FC003_ses-2_task-renewal_fearROIs_bin_BN.csv
HC,FC003,2,renewal,61,62,28,4,sub-FC003_ses-2_task-renewal_fearROIs_bin_SN.csv,sub-FC003_ses-2_task-renewal_fearROIs_bin_BN.csv
HC,FC003,2,renewal,62,63,4,3,sub-FC003_ses-2_task-renewal_fearROIs_bin_SN.csv,sub-FC003_ses-2_task-renewal_fearROIs_bin_BN.csv
HC,FC003,2,renewal,63,64,6,1,sub-FC003_ses-2_task-renewal_fearROIs_bin_SN.csv,sub-FC003_ses-2_task-renewal_fearROIs_bin_BN.csv
HC,FC003,2,renewal,64,65,14,2,sub-FC003_ses-2_task-renewal_fearROIs_bin_SN.csv,sub-FC003_ses-2_task-renewal_fearROIs_bin_BN.csv
HC,FC003,2,renewal,65,66,17,1,sub-FC003_ses-2_task-renewal_fearROIs_bin_SN.csv,sub-FC003_ses-2_task-renewal_fearROIs_bin_BN.csv
HC,FC003,2,renewal,66,67,17,1,sub-FC003_ses-2_task-renewal_fearROIs_bin_SN.csv,sub-FC003_ses-2_task-renewal_fearROIs_bin_BN.csv
HC,FC003,2,renewal,67,68,25,1,sub-FC003_ses-2_task-renewal_fearROIs_bin_SN.csv,sub-FC003_ses-2_task-renewal_fearROIs_bin_BN.csv
HC,FC003,2,renewal,68,69,1,1,sub-FC003_ses-2_task-renewal_fearROIs_bin_SN.csv,sub-FC003_ses-2_task-renewal_fearROIs_bin_BN.csv
HC,FC003,2,renewal,69,70,7,1,sub-FC003_ses-2_task-renewal_fearROIs_bin_SN.csv,sub-FC003_ses-2_task-renewal_fearROIs_bin_BN.csv
HC,FC003,2,renewal,70,71,21,1,sub-FC003_ses-2_task-renewal_fearROIs_bin_SN.csv,sub-FC003_ses-2_task-renewal_fearROIs_bin_BN.csv
HC,FC003,2,renewal,71,72,24,4,sub-FC003_ses-2_task-renewal_fearROIs_bin_SN.csv,sub-FC003_ses-2_task-renewal_fearROIs_bin_BN.csv
HC,FC003,2,renewal,72,73,32,4,sub-FC003_ses-2_task-renewal_fearROIs_bin_SN.csv,sub-FC003_ses-2_task-renewal_fearROIs_bin_BN.csv
HC,FC003,2,renewal,73,74,12,3,sub-FC003_ses-2_task-renewal_fearROIs_bin_SN.csv,sub-FC003_ses-2_task-renewal_fearROIs_bin_BN.csv
HC,FC003,2,renewal,74,75,4,3,sub-FC003_ses-2_task-renewal_fearROIs_bin_SN.csv,sub-FC003_ses-2_task-renewal_fearROIs_bin_BN.csv
HC,FC003,2,renewal,75,76,4,3,sub-FC003_ses-2_task-renewal_fearROIs_bin_SN.csv,sub-FC003_ses-2_task-renewal_fearROIs_bin_BN.csv
HC,FC003,2,renewal,76,77,21,1,sub-FC003_ses-2_task-renewal_fearROIs_bin_SN.csv,sub-FC003_ses-2_task-renewal_fearROIs_bin_BN.csv
HC,FC003,2,renewal,77,78,19,3,sub-FC003_ses-2_task-renewal_fearROIs_bin_SN.csv,sub-FC003_ses-2_task-renewal_fearROIs_bin_BN.csv
HC,FC003,2,renewal,78,79,28,4,sub-FC003_ses-2_task-renewal_fearROIs_bin_SN.csv,sub-FC003_ses-2_task-renewal_fearROIs_bin_BN.csv
HC,FC003,2,renewal,79,80,32,4,sub-FC003_ses-2_task-renewal_fearROIs_bin_SN.csv,sub-FC003_ses-2_task-renewal_fearROIs_bin_BN.csv
HC,FC003,2,renewal,80,81,30,4,sub-FC003_ses-2_task-renewal_fearROIs_bin_SN.csv,sub-FC003_ses-2_task-renewal_fearROIs_bin_BN.csv
HC,FC003,2,renewal,81,82,10,1,sub-FC003_ses-2_task-renewal_fearROIs_bin_SN.csv,sub-FC003_ses-2_task-renewal_fearROIs_bin_BN.csv
HC,FC003,2,renewal,82,83,28,4,sub-FC003_ses-2_task-renewal_fearROIs_bin_SN.csv,sub-FC003_ses-2_task-renewal_fearROIs_bin_BN.csv
HC,FC003,2,renewal,83,84,26,4,sub-FC003_ses-2_task-renewal_fearROIs_bin_SN.csv,sub-FC003_ses-2_task-renewal_fearROIs_bin_BN.csv
HC,FC003,2,renewal,84,85,13,2,sub-FC003_ses-2_task-renewal_fearROIs_bin_SN.csv,sub-FC003_ses-2_task-renewal_fearROIs_bin_BN.csv
HC,FC003,2,renewal,85,86,13,2,sub-FC003_ses-2_task-renewal_fearROIs_bin_SN.csv,sub-FC003_ses-2_task-renewal_fearROIs_bin_BN.csv
HC,FC003,2,renewal,86,87,5,1,sub-FC003_ses-2_task-renewal_fearROIs_bin_SN.csv,sub-FC003_ses-2_task-renewal_fearROIs_bin_BN.csv
HC,FC003,2,renewal,87,88,7,1,sub-FC003_ses-2_task-renewal_fearROIs_bin_SN.csv,sub-FC003_ses-2_task-renewal_fearROIs_bin_BN.csv
HC,FC003,2,renewal,88,89,7,1,sub-FC003_ses-2_task-renewal_fearROIs_bin_SN.csv,sub-FC003_ses-2_task-renewal_fearROIs_bin_BN.csv
HC,FC003,2,renewal,89,90,17,1,sub-FC003_ses-2_task-renewal_fearROIs_bin_SN.csv,sub-FC003_ses-2_task-renewal_fearROIs_bin_BN.csv
HC,FC003,2,renewal,90,91,5,1,sub-FC003_ses-2_task-renewal_fearROIs_bin_SN.csv,sub-FC003_ses-2_task-renewal_fearROIs_bin_BN.csv
HC,FC003,2,renewal,91,92,23,4,sub-FC003_ses-2_task-renewal_fearROIs_bin_SN.csv,sub-FC003_ses-2_task-renewal_fearROIs_bin_BN.csv
HC,FC003,2,renewal,92,93,16,4,sub-FC003_ses-2_task-renewal_fearROIs_bin_SN.csv,sub-FC003_ses-2_task-renewal_fearROIs_bin_BN.csv
HC,FC003,2,renewal,93,94,32,4,sub-FC003_ses-2_task-renewal_fearROIs_bin_SN.csv,sub-FC003_ses-2_task-renewal_fearROIs_bin_BN.csv
HC,FC003,2,renewal,94,95,20,3,sub-FC003_ses-2_task-renewal_fearROIs_bin_SN.csv,sub-FC003_ses-2_task-renewal_fearROIs_bin_BN.csv
HC,FC003,2,renewal,95,96,12,3,sub-FC003_ses-2_task-renewal_fearROIs_bin_SN.csv,sub-FC003_ses-2_task-renewal_fearROIs_bin_BN.csv
HC,FC003,2,renewal,96,97,4,3,sub-FC003_ses-2_task-renewal_fearROIs_bin_SN.csv,sub-FC003_ses-2_task-renewal_fearROIs_bin_BN.csv
HC,FC003,2,renewal,97,98,10,1,sub-FC003_ses-2_task-renewal_fearROIs_bin_SN.csv,sub-FC003_ses-2_task-renewal_fearROIs_bin_BN.csv
HC,FC003,2,renewal,98,99,29,2,sub-FC003_ses-2_task-renewal_fearROIs_bin_SN.csv,sub-FC003_ses-2_task-renewal_fearROIs_bin_BN.csv
HC,FC003,2,renewal,99,100,31,4,sub-FC003_ses-2_task-renewal_fearROIs_bin_SN.csv,sub-FC003_ses-2_task-renewal_fearROIs_bin_BN.csv
HC,FC003,2,renewal,100,101,17,1,sub-FC003_ses-2_task-renewal_fearROIs_bin_SN.csv,sub-FC003_ses-2_task-renewal_fearROIs_bin_BN.csv
HC,FC003,2,renewal,101,102,13,2,sub-FC003_ses-2_task-renewal_fearROIs_bin_SN.csv,sub-FC003_ses-2_task-renewal_fearROIs_bin_BN.csv
HC,FC004,2,renewal,0,1,3,1,sub-FC004_ses-2_task-renewal_fearROIs_bin_SN.csv,sub-FC004_ses-2_task-renewal_fearROIs_bin_BN.csv
HC,FC004,2,renewal,1,2,1,1,sub-FC004_ses-2_task-renewal_fearROIs_bin_SN.csv,sub-FC004_ses-2_task-renewal_fearROIs_bin_BN.csv
HC,FC004,2,renewal,2,3,12,3,sub-FC004_ses-2_task-renewal_fearROIs_bin_SN.csv,sub-FC004_ses-2_task-renewal_fearROIs_bin_BN.csv
HC,FC004,2,renewal,3,4,21,1,sub-FC004_ses-2_task-renewal_fearROIs_bin_SN.csv,sub-FC004_ses-2_task-renewal_fearROIs_bin_BN.csv
HC,FC004,2,renewal,4,5,16,4,sub-FC004_ses-2_task-renewal_fearROIs_bin_SN.csv,sub-FC004_ses-2_task-renewal_fearROIs_bin_BN.csv
HC,FC004,2,renewal,5,6,20,3,sub-FC004_ses-2_task-renewal_fearROIs_bin_SN.csv,sub-FC004_ses-2_task-renewal_fearROIs_bin_BN.csv
HC,FC004,2,renewal,6,7,28,4,sub-FC004_ses-2_task-renewal_fearROIs_bin_SN.csv,sub-FC004_ses-2_task-renewal_fearROIs_bin_BN.csv
HC,FC004,2,renewal,7,8,6,1,sub-FC004_ses-2_task-renewal_fearROIs_bin_SN.csv,sub-FC004_ses-2_task-renewal_fearROIs_bin_BN.csv
HC,FC004,2,renewal,8,9,14,2,sub-FC004_ses-2_task-renewal_fearROIs_bin_SN.csv,sub-FC004_ses-2_task-renewal_fearROIs_bin_BN.csv
HC,FC004,2,renewal,9,10,15,2,sub-FC004_ses-2_task-renewal_fearROIs_bin_SN.csv,sub-FC004_ses-2_task-renewal_fearROIs_bin_BN.csv
HC,FC004,2,renewal,10,11,14,2,sub-FC004_ses-2_task-renewal_fearROIs_bin_SN.csv,sub-FC004_ses-2_task-renewal_fearROIs_bin_BN.csv
HC,FC004,2,renewal,11,12,14,2,sub-FC004_ses-2_task-renewal_fearROIs_bin_SN.csv,sub-FC004_ses-2_task-renewal_fearROIs_bin_BN.csv
HC,FC004,2,renewal,12,13,32,4,sub-FC004_ses-2_task-renewal_fearROIs_bin_SN.csv,sub-FC004_ses-2_task-renewal_fearROIs_bin_BN.csv
HC,FC004,2,renewal,13,14,32,4,sub-FC004_ses-2_task-renewal_fearROIs_bin_SN.csv,sub-FC004_ses-2_task-renewal_fearROIs_bin_BN.csv
HC,FC004,2,renewal,14,15,24,4,sub-FC004_ses-2_task-renewal_fearROIs_bin_SN.csv,sub-FC004_ses-2_task-renewal_fearROIs_bin_BN.csv
HC,FC004,2,renewal,15,16,21,1,sub-FC004_ses-2_task-renewal_fearROIs_bin_SN.csv,sub-FC004_ses-2_task-renewal_fearROIs_bin_BN.csv
HC,FC004,2,renewal,16,17,20,3,sub-FC004_ses-2_task-renewal_fearROIs_bin_SN.csv,sub-FC004_ses-2_task-renewal_fearROIs_bin_BN.csv
HC,FC004,2,renewal,17,18,1,1,sub-FC004_ses-2_task-renewal_fearROIs_bin_SN.csv,sub-FC004_ses-2_task-renewal_fearROIs_bin_BN.csv
HC,FC004,2,renewal,18,19,5,1,sub-FC004_ses-2_task-renewal_fearROIs_bin_SN.csv,sub-FC004_ses-2_task-renewal_fearROIs_bin_BN.csv
HC,FC004,2,renewal,19,20,22,4,sub-FC004_ses-2_task-renewal_fearROIs_bin_SN.csv,sub-FC004_ses-2_task-renewal_fearROIs_bin_BN.csv
HC,FC004,2,renewal,20,21,4,3,sub-FC004_ses-2_task-renewal_fearROIs_bin_SN.csv,sub-FC004_ses-2_task-renewal_fearROIs_bin_BN.csv
HC,FC004,2,renewal,21,22,1,1,sub-FC004_ses-2_task-renewal_fearROIs_bin_SN.csv,sub-FC004_ses-2_task-renewal_fearROIs_bin_BN.csv
HC,FC004,2,renewal,22,23,19,3,sub-FC004_ses-2_task-renewal_fearROIs_bin_SN.csv,sub-FC004_ses-2_task-renewal_fearROIs_bin_BN.csv
HC,FC004,2,renewal,23,24,5,1,sub-FC004_ses-2_task-renewal_fearROIs_bin_SN.csv,sub-FC004_ses-2_task-renewal_fearROIs_bin_BN.csv
HC,FC004,2,renewal,24,25,15,2,sub-FC004_ses-2_task-renewal_fearROIs_bin_SN.csv,sub-FC004_ses-2_task-renewal_fearROIs_bin_BN.csv
HC,FC004,2,renewal,25,26,30,4,sub-FC004_ses-2_task-renewal_fearROIs_bin_SN.csv,sub-FC004_ses-2_task-renewal_fearROIs_bin_BN.csv
HC,FC004,2,renewal,26,27,27,4,sub-FC004_ses-2_task-renewal_fearROIs_bin_SN.csv,sub-FC004_ses-2_task-renewal_fearROIs_bin_BN.csv
HC,FC004,2,renewal,27,28,12,3,sub-FC004_ses-2_task-renewal_fearROIs_bin_SN.csv,sub-FC004_ses-2_task-renewal_fearROIs_bin_BN.csv
HC,FC004,2,renewal,28,29,23,4,sub-FC004_ses-2_task-renewal_fearROIs_bin_SN.csv,sub-FC004_ses-2_task-renewal_fearROIs_bin_BN.csv
HC,FC004,2,renewal,29,30,31,4,sub-FC004_ses-2_task-renewal_fearROIs_bin_SN.csv,sub-FC004_ses-2_task-renewal_fearROIs_bin_BN.csv
HC,FC004,2,renewal,30,31,19,3,sub-FC004_ses-2_task-renewal_fearROIs_bin_SN.csv,sub-FC004_ses-2_task-renewal_fearROIs_bin_BN.csv
HC,FC004,2,renewal,31,32,28,4,sub-FC004_ses-2_task-renewal_fearROIs_bin_SN.csv,sub-FC004_ses-2_task-renewal_fearROIs_bin_BN.csv
HC,FC004,2,renewal,32,33,17,1,sub-FC004_ses-2_task-renewal_fearROIs_bin_SN.csv,sub-FC004_ses-2_task-renewal_fearROIs_bin_BN.csv
HC,FC004,2,renewal,33,34,2,1,sub-FC004_ses-2_task-renewal_fearROIs_bin_SN.csv,sub-FC004_ses-2_task-renewal_fearROIs_bin_BN.csv
HC,FC004,2,renewal,34,35,5,1,sub-FC004_ses-2_task-renewal_fearROIs_bin_SN.csv,sub-FC004_ses-2_task-renewal_fearROIs_bin_BN.csv
HC,FC004,2,renewal,35,36,4,3,sub-FC004_ses-2_task-renewal_fearROIs_bin_SN.csv,sub-FC004_ses-2_task-renewal_fearROIs_bin_BN.csv
HC,FC004,2,renewal,36,37,29,2,sub-FC004_ses-2_task-renewal_fearROIs_bin_SN.csv,sub-FC004_ses-2_task-renewal_fearROIs_bin_BN.csv
HC,FC004,2,renewal,37,38,16,4,sub-FC004_ses-2_task-renewal_fearROIs_bin_SN.csv,sub-FC004_ses-2_task-renewal_fearROIs_bin_BN.csv
HC,FC004,2,renewal,38,39,14,2,sub-FC004_ses-2_task-renewal_fearROIs_bin_SN.csv,sub-FC004_ses-2_task-renewal_fearROIs_bin_BN.csv
HC,FC004,2,renewal,39,40,13,2,sub-FC004_ses-2_task-renewal_fearROIs_bin_SN.csv,sub-FC004_ses-2_task-renewal_fearROIs_bin_BN.csv
HC,FC004,2,renewal,40,41,10,1,sub-FC004_ses-2_task-renewal_fearROIs_bin_SN.csv,sub-FC004_ses-2_task-renewal_fearROIs_bin_BN.csv
HC,FC004,2,renewal,41,42,1,1,sub-FC004_ses-2_task-renewal_fearROIs_bin_SN.csv,sub-FC004_ses-2_task-renewal_fearROIs_bin_BN.csv
HC,FC004,2,renewal,42,43,13,2,sub-FC004_ses-2_task-renewal_fearROIs_bin_SN.csv,sub-FC004_ses-2_task-renewal_fearROIs_bin_BN.csv
HC,FC004,2,renewal,43,44,23,4,sub-FC004_ses-2_task-renewal_fearROIs_bin_SN.csv,sub-FC004_ses-2_task-renewal_fearROIs_bin_BN.csv
HC,FC004,2,renewal,44,45,28,4,sub-FC004_ses-2_task-renewal_fearROIs_bin_SN.csv,sub-FC004_ses-2_task-renewal_fearROIs_bin_BN.csv
HC,FC004,2,renewal,45,46,25,1,sub-FC004_ses-2_task-renewal_fearROIs_bin_SN.csv,sub-FC004_ses-2_task-renewal_fearROIs_bin_BN.csv
HC,FC004,2,renewal,46,47,28,4,sub-FC004_ses-2_task-renewal_fearROIs_bin_SN.csv,sub-FC004_ses-2_task-renewal_fearROIs_bin_BN.csv
HC,FC004,2,renewal,47,48,9,1,sub-FC004_ses-2_task-renewal_fearROIs_bin_SN.csv,sub-FC004_ses-2_task-renewal_fearROIs_bin_BN.csv
HC,FC004,2,renewal,48,49,19,3,sub-FC004_ses-2_task-renewal_fearROIs_bin_SN.csv,sub-FC004_ses-2_task-renewal_fearROIs_bin_BN.csv
HC,FC004,2,renewal,49,50,20,3,sub-FC004_ses-2_task-renewal_fearROIs_bin_SN.csv,sub-FC004_ses-2_task-renewal_fearROIs_bin_BN.csv
HC,FC004,2,renewal,50,51,17,1,sub-FC004_ses-2_task-renewal_fearROIs_bin_SN.csv,sub-FC004_ses-2_task-renewal_fearROIs_bin_BN.csv
HC,FC004,2,renewal,51,52,20,3,sub-FC004_ses-2_task-renewal_fearROIs_bin_SN.csv,sub-FC004_ses-2_task-renewal_fearROIs_bin_BN.csv
HC,FC004,2,renewal,52,53,29,2,sub-FC004_ses-2_task-renewal_fearROIs_bin_SN.csv,sub-FC004_ses-2_task-renewal_fearROIs_bin_BN.csv
HC,FC004,2,renewal,53,54,32,4,sub-FC004_ses-2_task-renewal_fearROIs_bin_SN.csv,sub-FC004_ses-2_task-renewal_fearROIs_bin_BN.csv
HC,FC004,2,renewal,54,55,28,4,sub-FC004_ses-2_task-renewal_fearROIs_bin_SN.csv,sub-FC004_ses-2_task-renewal_fearROIs_bin_BN.csv
HC,FC004,2,renewal,55,56,1,1,sub-FC004_ses-2_task-renewal_fearROIs_bin_SN.csv,sub-FC004_ses-2_task-renewal_fearROIs_bin_BN.csv
HC,FC004,2,renewal,56,57,4,3,sub-FC004_ses-2_task-renewal_fearROIs_bin_SN.csv,sub-FC004_ses-2_task-renewal_fearROIs_bin_BN.csv
HC,FC004,2,renewal,57,58,5,1,sub-FC004_ses-2_task-renewal_fearROIs_bin_SN.csv,sub-FC004_ses-2_task-renewal_fearROIs_bin_BN.csv
HC,FC004,2,renewal,58,59,32,4,sub-FC004_ses-2_task-renewal_fearROIs_bin_SN.csv,sub-FC004_ses-2_task-renewal_fearROIs_bin_BN.csv
HC,FC004,2,renewal,59,60,13,2,sub-FC004_ses-2_task-renewal_fearROIs_bin_SN.csv,sub-FC004_ses-2_task-renewal_fearROIs_bin_BN.csv
HC,FC004,2,renewal,60,61,29,2,sub-FC004_ses-2_task-renewal_fearROIs_bin_SN.csv,sub-FC004_ses-2_task-renewal_fearROIs_bin_BN.csv
HC,FC004,2,renewal,61,62,2,1,sub-FC004_ses-2_task-renewal_fearROIs_bin_SN.csv,sub-FC004_ses-2_task-renewal_fearROIs_bin_BN.csv
HC,FC004,2,renewal,62,63,1,1,sub-FC004_ses-2_task-renewal_fearROIs_bin_SN.csv,sub-FC004_ses-2_task-renewal_fearROIs_bin_BN.csv
HC,FC004,2,renewal,63,64,20,3,sub-FC004_ses-2_task-renewal_fearROIs_bin_SN.csv,sub-FC004_ses-2_task-renewal_fearROIs_bin_BN.csv
HC,FC004,2,renewal,64,65,27,4,sub-FC004_ses-2_task-renewal_fearROIs_bin_SN.csv,sub-FC004_ses-2_task-renewal_fearROIs_bin_BN.csv
HC,FC004,2,renewal,65,66,29,2,sub-FC004_ses-2_task-renewal_fearROIs_bin_SN.csv,sub-FC004_ses-2_task-renewal_fearROIs_bin_BN.csv
HC,FC004,2,renewal,66,67,12,3,sub-FC004_ses-2_task-renewal_fearROIs_bin_SN.csv,sub-FC004_ses-2_task-renewal_fearROIs_bin_BN.csv
HC,FC004,2,renewal,67,68,13,2,sub-FC004_ses-2_task-renewal_fearROIs_bin_SN.csv,sub-FC004_ses-2_task-renewal_fearROIs_bin_BN.csv
HC,FC004,2,renewal,68,69,8,3,sub-FC004_ses-2_task-renewal_fearROIs_bin_SN.csv,sub-FC004_ses-2_task-renewal_fearROIs_bin_BN.csv
HC,FC004,2,renewal,69,70,6,1,sub-FC004_ses-2_task-renewal_fearROIs_bin_SN.csv,sub-FC004_ses-2_task-renewal_fearROIs_bin_BN.csv
HC,FC004,2,renewal,70,71,29,2,sub-FC004_ses-2_task-renewal_fearROIs_bin_SN.csv,sub-FC004_ses-2_task-renewal_fearROIs_bin_BN.csv
HC,FC004,2,renewal,71,72,20,3,sub-FC004_ses-2_task-renewal_fearROIs_bin_SN.csv,sub-FC004_ses-2_task-renewal_fearROIs_bin_BN.csv
HC,FC004,2,renewal,72,73,6,1,sub-FC004_ses-2_task-renewal_fearROIs_bin_SN.csv,sub-FC004_ses-2_task-renewal_fearROIs_bin_BN.csv
HC,FC004,2,renewal,73,74,20,3,sub-FC004_ses-2_task-renewal_fearROIs_bin_SN.csv,sub-FC004_ses-2_task-renewal_fearROIs_bin_BN.csv
HC,FC004,2,renewal,74,75,2,1,sub-FC004_ses-2_task-renewal_fearROIs_bin_SN.csv,sub-FC004_ses-2_task-renewal_fearROIs_bin_BN.csv
HC,FC004,2,renewal,75,76,24,4,sub-FC004_ses-2_task-renewal_fearROIs_bin_SN.csv,sub-FC004_ses-2_task-renewal_fearROIs_bin_BN.csv
HC,FC004,2,renewal,76,77,2,1,sub-FC004_ses-2_task-renewal_fearROIs_bin_SN.csv,sub-FC004_ses-2_task-renewal_fearROIs_bin_BN.csv
HC,FC004,2,renewal,77,78,29,2,sub-FC004_ses-2_task-renewal_fearROIs_bin_SN.csv,sub-FC004_ses-2_task-renewal_fearROIs_bin_BN.csv
HC,FC004,2,renewal,78,79,32,4,sub-FC004_ses-2_task-renewal_fearROIs_bin_SN.csv,sub-FC004_ses-2_task-renewal_fearROIs_bin_BN.csv
HC,FC004,2,renewal,79,80,31,4,sub-FC004_ses-2_task-renewal_fearROIs_bin_SN.csv,sub-FC004_ses-2_task-renewal_fearROIs_bin_BN.csv
HC,FC004,2,renewal,80,81,20,3,sub-FC004_ses-2_task-renewal_fearROIs_bin_SN.csv,sub-FC004_ses-2_task-renewal_fearROIs_bin_BN.csv
HC,FC004,2,renewal,81,82,25,1,sub-FC004_ses-2_task-renewal_fearROIs_bin_SN.csv,sub-FC004_ses-2_task-renewal_fearROIs_bin_BN.csv
HC,FC004,2,renewal,82,83,29,2,sub-FC004_ses-2_task-renewal_fearROIs_bin_SN.csv,sub-FC004_ses-2_task-renewal_fearROIs_bin_BN.csv
HC,FC004,2,renewal,83,84,27,4,sub-FC004_ses-2_task-renewal_fearROIs_bin_SN.csv,sub-FC004_ses-2_task-renewal_fearROIs_bin_BN.csv
HC,FC004,2,renewal,84,85,13,2,sub-FC004_ses-2_task-renewal_fearROIs_bin_SN.csv,sub-FC004_ses-2_task-renewal_fearROIs_bin_BN.csv
HC,FC004,2,renewal,85,86,17,1,sub-FC004_ses-2_task-renewal_fearROIs_bin_SN.csv,sub-FC004_ses-2_task-renewal_fearROIs_bin_BN.csv
HC,FC004,2,renewal,86,87,1,1,sub-FC004_ses-2_task-renewal_fearROIs_bin_SN.csv,sub-FC004_ses-2_task-renewal_fearROIs_bin_BN.csv
HC,FC004,2,renewal,87,88,5,1,sub-FC004_ses-2_task-renewal_fearROIs_bin_SN.csv,sub-FC004_ses-2_task-renewal_fearROIs_bin_BN.csv
HC,FC004,2,renewal,88,89,12,3,sub-FC004_ses-2_task-renewal_fearROIs_bin_SN.csv,sub-FC004_ses-2_task-renewal_fearROIs_bin_BN.csv
HC,FC004,2,renewal,89,90,26,4,sub-FC004_ses-2_task-renewal_fearROIs_bin_SN.csv,sub-FC004_ses-2_task-renewal_fearROIs_bin_BN.csv
HC,FC004,2,renewal,90,91,12,3,sub-FC004_ses-2_task-renewal_fearROIs_bin_SN.csv,sub-FC004_ses-2_task-renewal_fearROIs_bin_BN.csv
HC,FC004,2,renewal,91,92,21,1,sub-FC004_ses-2_task-renewal_fearROIs_bin_SN.csv,sub-FC004_ses-2_task-renewal_fearROIs_bin_BN.csv
HC,FC004,2,renewal,92,93,16,4,sub-FC004_ses-2_task-renewal_fearROIs_bin_SN.csv,sub-FC004_ses-2_task-renewal_fearROIs_bin_BN.csv
HC,FC004,2,renewal,93,94,13,2,sub-FC004_ses-2_task-renewal_fearROIs_bin_SN.csv,sub-FC004_ses-2_task-renewal_fearROIs_bin_BN.csv
HC,FC004,2,renewal,94,95,4,3,sub-FC004_ses-2_task-renewal_fearROIs_bin_SN.csv,sub-FC004_ses-2_task-renewal_fearROIs_bin_BN.csv
HC,FC004,2,renewal,95,96,1,1,sub-FC004_ses-2_task-renewal_fearROIs_bin_SN.csv,sub-FC004_ses-2_task-renewal_fearROIs_bin_BN.csv
HC,FC004,2,renewal,96,97,19,3,sub-FC004_ses-2_task-renewal_fearROIs_bin_SN.csv,sub-FC004_ses-2_task-renewal_fearROIs_bin_BN.csv
HC,FC004,2,renewal,97,98,16,4,sub-FC004_ses-2_task-renewal_fearROIs_bin_SN.csv,sub-FC004_ses-2_task-renewal_fearROIs_bin_BN.csv
HC,FC004,2,renewal,98,99,32,4,sub-FC004_ses-2_task-renewal_fearROIs_bin_SN.csv,sub-FC004_ses-2_task-renewal_fearROIs_bin_BN.csv
HC,FC004,2,renewal,99,100,5,1,sub-FC004_ses-2_task-renewal_fearROIs_bin_SN.csv,sub-FC004_ses-2_task-renewal_fearROIs_bin_BN.csv
HC,FC004,2,renewal,100,101,4,3,sub-FC004_ses-2_task-renewal_fearROIs_bin_SN.csv,sub-FC004_ses-2_task-renewal_fearROIs_bin_BN.csv
HC,FC004,2,renewal,101,102,21,1,sub-FC004_ses-2_task-renewal_fearROIs_bin_SN.csv,sub-FC004_ses-2_task-renewal_fearROIs_bin_BN.csv
HC,FC004,2,renewal,102,103,32,4,sub-FC004_ses-2_task-renewal_fearROIs_bin_SN.csv,sub-FC004_ses-2_task-renewal_fearROIs_bin_BN.csv
HC,FC004,2,renewal,103,104,31,4,sub-FC004_ses-2_task-renewal_fearROIs_bin_SN.csv,sub-FC004_ses-2_task-renewal_fearROIs_bin_BN.csv
HC,FC004,2,renewal,104,105,12,3,sub-FC004_ses-2_task-renewal_fearROIs_bin_SN.csv,sub-FC004_ses-2_task-renewal_fearROIs_bin_BN.csv
HC,FC004,2,renewal,105,106,1,1,sub-FC004_ses-2_task-renewal_fearROIs_bin_SN.csv,sub-FC004_ses-2_task-renewal_fearROIs_bin_BN.csv
HC,FC005,2,renewal,0,1,21,1,sub-FC005_ses-2_task-renewal_fearROIs_bin_SN.csv,sub-FC005_ses-2_task-renewal_fearROIs_bin_BN.csv
HC,FC005,2,renewal,1,2,29,2,sub-FC005_ses-2_task-renewal_fearROIs_bin_SN.csv,sub-FC005_ses-2_task-renewal_fearROIs_bin_BN.csv
HC,FC005,2,renewal,2,3,19,3,sub-FC005_ses-2_task-renewal_fearROIs_bin_SN.csv,sub-FC005_ses-2_task-renewal_fearROIs_bin_BN.csv
HC,FC005,2,renewal,3,4,12,3,sub-FC005_ses-2_task-renewal_fearROIs_bin_SN.csv,sub-FC005_ses-2_task-renewal_fearROIs_bin_BN.csv
HC,FC005,2,renewal,4,5,2,1,sub-FC005_ses-2_task-renewal_fearROIs_bin_SN.csv,sub-FC005_ses-2_task-renewal_fearROIs_bin_BN.csv
HC,FC005,2,renewal,5,6,14,2,sub-FC005_ses-2_task-renewal_fearROIs_bin_SN.csv,sub-FC005_ses-2_task-renewal_fearROIs_bin_BN.csv
HC,FC005,2,renewal,6,7,15,2,sub-FC005_ses-2_task-renewal_fearROIs_bin_SN.csv,sub-FC005_ses-2_task-renewal_fearROIs_bin_BN.csv
HC,FC005,2,renewal,7,8,11,1,sub-FC005_ses-2_task-renewal_fearROIs_bin_SN.csv,sub-FC005_ses-2_task-renewal_fearROIs_bin_BN.csv
HC,FC005,2,renewal,8,9,16,4,sub-FC005_ses-2_task-renewal_fearROIs_bin_SN.csv,sub-FC005_ses-2_task-renewal_fearROIs_bin_BN.csv
HC,FC005,2,renewal,9,10,4,3,sub-FC005_ses-2_task-renewal_fearROIs_bin_SN.csv,sub-FC005_ses-2_task-renewal_fearROIs_bin_BN.csv
HC,FC005,2,renewal,10,11,12,3,sub-FC005_ses-2_task-renewal_fearROIs_bin_SN.csv,sub-FC005_ses-2_task-renewal_fearROIs_bin_BN.csv
HC,FC005,2,renewal,11,12,20,3,sub-FC005_ses-2_task-renewal_fearROIs_bin_SN.csv,sub-FC005_ses-2_task-renewal_fearROIs_bin_BN.csv
HC,FC005,2,renewal,12,13,18,3,sub-FC005_ses-2_task-renewal_fearROIs_bin_SN.csv,sub-FC005_ses-2_task-renewal_fearROIs_bin_BN.csv
HC,FC005,2,renewal,13,14,17,1,sub-FC005_ses-2_task-renewal_fearROIs_bin_SN.csv,sub-FC005_ses-2_task-renewal_fearROIs_bin_BN.csv
HC,FC005,2,renewal,14,15,17,1,sub-FC005_ses-2_task-renewal_fearROIs_bin_SN.csv,sub-FC005_ses-2_task-renewal_fearROIs_bin_BN.csv
HC,FC005,2,renewal,15,16,1,1,sub-FC005_ses-2_task-renewal_fearROIs_bin_SN.csv,sub-FC005_ses-2_task-renewal_fearROIs_bin_BN.csv
HC,FC005,2,renewal,16,17,22,4,sub-FC005_ses-2_task-renewal_fearROIs_bin_SN.csv,sub-FC005_ses-2_task-renewal_fearROIs_bin_BN.csv
HC,FC005,2,renewal,17,18,3,1,sub-FC005_ses-2_task-renewal_fearROIs_bin_SN.csv,sub-FC005_ses-2_task-renewal_fearROIs_bin_BN.csv
HC,FC005,2,renewal,18,19,28,4,sub-FC005_ses-2_task-renewal_fearROIs_bin_SN.csv,sub-FC005_ses-2_task-renewal_fearROIs_bin_BN.csv
HC,FC005,2,renewal,19,20,20,3,sub-FC005_ses-2_task-renewal_fearROIs_bin_SN.csv,sub-FC005_ses-2_task-renewal_fearROIs_bin_BN.csv
HC,FC005,2,renewal,20,21,2,1,sub-FC005_ses-2_task-renewal_fearROIs_bin_SN.csv,sub-FC005_ses-2_task-renewal_fearROIs_bin_BN.csv
HC,FC005,2,renewal,21,22,6,1,sub-FC005_ses-2_task-renewal_fearROIs_bin_SN.csv,sub-FC005_ses-2_task-renewal_fearROIs_bin_BN.csv
HC,FC005,2,renewal,22,23,14,2,sub-FC005_ses-2_task-renewal_fearROIs_bin_SN.csv,sub-FC005_ses-2_task-renewal_fearROIs_bin_BN.csv
HC,FC005,2,renewal,23,24,5,1,sub-FC005_ses-2_task-renewal_fearROIs_bin_SN.csv,sub-FC005_ses-2_task-renewal_fearROIs_bin_BN.csv
HC,FC005,2,renewal,24,25,13,2,sub-FC005_ses-2_task-renewal_fearROIs_bin_SN.csv,sub-FC005_ses-2_task-renewal_fearROIs_bin_BN.csv
HC,FC005,2,renewal,25,26,5,1,sub-FC005_ses-2_task-renewal_fearROIs_bin_SN.csv,sub-FC005_ses-2_task-renewal_fearROIs_bin_BN.csv
HC,FC005,2,renewal,26,27,4,3,sub-FC005_ses-2_task-renewal_fearROIs_bin_SN.csv,sub-FC005_ses-2_task-renewal_fearROIs_bin_BN.csv
HC,FC005,2,renewal,27,28,20,3,sub-FC005_ses-2_task-renewal_fearROIs_bin_SN.csv,sub-FC005_ses-2_task-renewal_fearROIs_bin_BN.csv
HC,FC005,2,renewal,28,29,22,4,sub-FC005_ses-2_task-renewal_fearROIs_bin_SN.csv,sub-FC005_ses-2_task-renewal_fearROIs_bin_BN.csv
HC,FC005,2,renewal,29,30,29,2,sub-FC005_ses-2_task-renewal_fearROIs_bin_SN.csv,sub-FC005_ses-2_task-renewal_fearROIs_bin_BN.csv
HC,FC005,2,renewal,30,31,29,2,sub-FC005_ses-2_task-renewal_fearROIs_bin_SN.csv,sub-FC005_ses-2_task-renewal_fearROIs_bin_BN.csv
HC,FC005,2,renewal,31,32,32,4,sub-FC005_ses-2_task-renewal_fearROIs_bin_SN.csv,sub-FC005_ses-2_task-renewal_fearROIs_bin_BN.csv
HC,FC005,2,renewal,32,33,28,4,sub-FC005_ses-2_task-renewal_fearROIs_bin_SN.csv,sub-FC005_ses-2_task-renewal_fearROIs_bin_BN.csv
HC,FC005,2,renewal,33,34,13,2,sub-FC005_ses-2_task-renewal_fearROIs_bin_SN.csv,sub-FC005_ses-2_task-renewal_fearROIs_bin_BN.csv
HC,FC005,2,renewal,34,35,13,2,sub-FC005_ses-2_task-renewal_fearROIs_bin_SN.csv,sub-FC005_ses-2_task-renewal_fearROIs_bin_BN.csv
HC,FC005,2,renewal,35,36,16,4,sub-FC005_ses-2_task-renewal_fearROIs_bin_SN.csv,sub-FC005_ses-2_task-renewal_fearROIs_bin_BN.csv
HC,FC005,2,renewal,36,37,8,3,sub-FC005_ses-2_task-renewal_fearROIs_bin_SN.csv,sub-FC005_ses-2_task-renewal_fearROIs_bin_BN.csv
HC,FC005,2,renewal,37,38,13,2,sub-FC005_ses-2_task-renewal_fearROIs_bin_SN.csv,sub-FC005_ses-2_task-renewal_fearROIs_bin_BN.csv
HC,FC005,2,renewal,38,39,1,1,sub-FC005_ses-2_task-renewal_fearROIs_bin_SN.csv,sub-FC005_ses-2_task-renewal_fearROIs_bin_BN.csv
HC,FC005,2,renewal,39,40,17,1,sub-FC005_ses-2_task-renewal_fearROIs_bin_SN.csv,sub-FC005_ses-2_task-renewal_fearROIs_bin_BN.csv
HC,FC005,2,renewal,40,41,17,1,sub-FC005_ses-2_task-renewal_fearROIs_bin_SN.csv,sub-FC005_ses-2_task-renewal_fearROIs_bin_BN.csv
HC,FC005,2,renewal,41,42,19,3,sub-FC005_ses-2_task-renewal_fearROIs_bin_SN.csv,sub-FC005_ses-2_task-renewal_fearROIs_bin_BN.csv
HC,FC005,2,renewal,42,43,32,4,sub-FC005_ses-2_task-renewal_fearROIs_bin_SN.csv,sub-FC005_ses-2_task-renewal_fearROIs_bin_BN.csv
HC,FC005,2,renewal,43,44,12,3,sub-FC005_ses-2_task-renewal_fearROIs_bin_SN.csv,sub-FC005_ses-2_task-renewal_fearROIs_bin_BN.csv
HC,FC005,2,renewal,44,45,12,3,sub-FC005_ses-2_task-renewal_fearROIs_bin_SN.csv,sub-FC005_ses-2_task-renewal_fearROIs_bin_BN.csv
HC,FC005,2,renewal,45,46,16,4,sub-FC005_ses-2_task-renewal_fearROIs_bin_SN.csv,sub-FC005_ses-2_task-renewal_fearROIs_bin_BN.csv
HC,FC005,2,renewal,46,47,32,4,sub-FC005_ses-2_task-renewal_fearROIs_bin_SN.csv,sub-FC005_ses-2_task-renewal_fearROIs_bin_BN.csv
HC,FC005,2,renewal,47,48,25,1,sub-FC005_ses-2_task-renewal_fearROIs_bin_SN.csv,sub-FC005_ses-2_task-renewal_fearROIs_bin_BN.csv
HC,FC005,2,renewal,48,49,19,3,sub-FC005_ses-2_task-renewal_fearROIs_bin_SN.csv,sub-FC005_ses-2_task-renewal_fearROIs_bin_BN.csv
HC,FC005,2,renewal,49,50,24,4,sub-FC005_ses-2_task-renewal_fearROIs_bin_SN.csv,sub-FC005_ses-2_task-renewal_fearROIs_bin_BN.csv
HC,FC005,2,renewal,50,51,32,4,sub-FC005_ses-2_task-renewal_fearROIs_bin_SN.csv,sub-FC005_ses-2_task-renewal_fearROIs_bin_BN.csv
HC,FC005,2,renewal,51,52,16,4,sub-FC005_ses-2_task-renewal_fearROIs_bin_SN.csv,sub-FC005_ses-2_task-renewal_fearROIs_bin_BN.csv
HC,FC005,2,renewal,52,53,31,4,sub-FC005_ses-2_task-renewal_fearROIs_bin_SN.csv,sub-FC005_ses-2_task-renewal_fearROIs_bin_BN.csv
HC,FC005,2,renewal,53,54,19,3,sub-FC005_ses-2_task-renewal_fearROIs_bin_SN.csv,sub-FC005_ses-2_task-renewal_fearROIs_bin_BN.csv
HC,FC005,2,renewal,54,55,5,1,sub-FC005_ses-2_task-renewal_fearROIs_bin_SN.csv,sub-FC005_ses-2_task-renewal_fearROIs_bin_BN.csv
HC,FC005,2,renewal,55,56,1,1,sub-FC005_ses-2_task-renewal_fearROIs_bin_SN.csv,sub-FC005_ses-2_task-renewal_fearROIs_bin_BN.csv
HC,FC005,2,renewal,56,57,1,1,sub-FC005_ses-2_task-renewal_fearROIs_bin_SN.csv,sub-FC005_ses-2_task-renewal_fearROIs_bin_BN.csv
HC,FC005,2,renewal,57,58,8,3,sub-FC005_ses-2_task-renewal_fearROIs_bin_SN.csv,sub-FC005_ses-2_task-renewal_fearROIs_bin_BN.csv
HC,FC005,2,renewal,58,59,1,1,sub-FC005_ses-2_task-renewal_fearROIs_bin_SN.csv,sub-FC005_ses-2_task-renewal_fearROIs_bin_BN.csv
HC,FC005,2,renewal,59,60,28,4,sub-FC005_ses-2_task-renewal_fearROIs_bin_SN.csv,sub-FC005_ses-2_task-renewal_fearROIs_bin_BN.csv
HC,FC005,2,renewal,60,61,12,3,sub-FC005_ses-2_task-renewal_fearROIs_bin_SN.csv,sub-FC005_ses-2_task-renewal_fearROIs_bin_BN.csv
HC,FC005,2,renewal,61,62,20,3,sub-FC005_ses-2_task-renewal_fearROIs_bin_SN.csv,sub-FC005_ses-2_task-renewal_fearROIs_bin_BN.csv
HC,FC005,2,renewal,62,63,18,3,sub-FC005_ses-2_task-renewal_fearROIs_bin_SN.csv,sub-FC005_ses-2_task-renewal_fearROIs_bin_BN.csv
HC,FC005,2,renewal,63,64,17,1,sub-FC005_ses-2_task-renewal_fearROIs_bin_SN.csv,sub-FC005_ses-2_task-renewal_fearROIs_bin_BN.csv
HC,FC005,2,renewal,64,65,21,1,sub-FC005_ses-2_task-renewal_fearROIs_bin_SN.csv,sub-FC005_ses-2_task-renewal_fearROIs_bin_BN.csv
HC,FC005,2,renewal,65,66,21,1,sub-FC005_ses-2_task-renewal_fearROIs_bin_SN.csv,sub-FC005_ses-2_task-renewal_fearROIs_bin_BN.csv
HC,FC005,2,renewal,66,67,11,1,sub-FC005_ses-2_task-renewal_fearROIs_bin_SN.csv,sub-FC005_ses-2_task-renewal_fearROIs_bin_BN.csv
HC,FC005,2,renewal,67,68,1,1,sub-FC005_ses-2_task-renewal_fearROIs_bin_SN.csv,sub-FC005_ses-2_task-renewal_fearROIs_bin_BN.csv
HC,FC005,2,renewal,68,69,12,3,sub-FC005_ses-2_task-renewal_fearROIs_bin_SN.csv,sub-FC005_ses-2_task-renewal_fearROIs_bin_BN.csv
HC,FC005,2,renewal,69,70,14,2,sub-FC005_ses-2_task-renewal_fearROIs_bin_SN.csv,sub-FC005_ses-2_task-renewal_fearROIs_bin_BN.csv
HC,FC005,2,renewal,70,71,14,2,sub-FC005_ses-2_task-renewal_fearROIs_bin_SN.csv,sub-FC005_ses-2_task-renewal_fearROIs_bin_BN.csv
HC,FC005,2,renewal,71,72,13,2,sub-FC005_ses-2_task-renewal_fearROIs_bin_SN.csv,sub-FC005_ses-2_task-renewal_fearROIs_bin_BN.csv
HC,FC005,2,renewal,72,73,13,2,sub-FC005_ses-2_task-renewal_fearROIs_bin_SN.csv,sub-FC005_ses-2_task-renewal_fearROIs_bin_BN.csv
HC,FC005,2,renewal,73,74,23,4,sub-FC005_ses-2_task-renewal_fearROIs_bin_SN.csv,sub-FC005_ses-2_task-renewal_fearROIs_bin_BN.csv
HC,FC005,2,renewal,74,75,18,3,sub-FC005_ses-2_task-renewal_fearROIs_bin_SN.csv,sub-FC005_ses-2_task-renewal_fearROIs_bin_BN.csv
HC,FC005,2,renewal,75,76,28,4,sub-FC005_ses-2_task-renewal_fearROIs_bin_SN.csv,sub-FC005_ses-2_task-renewal_fearROIs_bin_BN.csv
HC,FC005,2,renewal,76,77,28,4,sub-FC005_ses-2_task-renewal_fearROIs_bin_SN.csv,sub-FC005_ses-2_task-renewal_fearROIs_bin_BN.csv
HC,FC005,2,renewal,77,78,12,3,sub-FC005_ses-2_task-renewal_fearROIs_bin_SN.csv,sub-FC005_ses-2_task-renewal_fearROIs_bin_BN.csv
HC,FC005,2,renewal,78,79,30,4,sub-FC005_ses-2_task-renewal_fearROIs_bin_SN.csv,sub-FC005_ses-2_task-renewal_fearROIs_bin_BN.csv
HC,FC005,2,renewal,79,80,5,1,sub-FC005_ses-2_task-renewal_fearROIs_bin_SN.csv,sub-FC005_ses-2_task-renewal_fearROIs_bin_BN.csv
HC,FC005,2,renewal,80,81,29,2,sub-FC005_ses-2_task-renewal_fearROIs_bin_SN.csv,sub-FC005_ses-2_task-renewal_fearROIs_bin_BN.csv
HC,FC005,2,renewal,81,82,29,2,sub-FC005_ses-2_task-renewal_fearROIs_bin_SN.csv,sub-FC005_ses-2_task-renewal_fearROIs_bin_BN.csv
HC,FC005,2,renewal,82,83,17,1,sub-FC005_ses-2_task-renewal_fearROIs_bin_SN.csv,sub-FC005_ses-2_task-renewal_fearROIs_bin_BN.csv
HC,FC005,2,renewal,83,84,21,1,sub-FC005_ses-2_task-renewal_fearROIs_bin_SN.csv,sub-FC005_ses-2_task-renewal_fearROIs_bin_BN.csv
HC,FC005,2,renewal,84,85,16,4,sub-FC005_ses-2_task-renewal_fearROIs_bin_SN.csv,sub-FC005_ses-2_task-renewal_fearROIs_bin_BN.csv
HC,FC005,2,renewal,85,86,4,3,sub-FC005_ses-2_task-renewal_fearROIs_bin_SN.csv,sub-FC005_ses-2_task-renewal_fearROIs_bin_BN.csv
HC,FC005,2,renewal,86,87,12,3,sub-FC005_ses-2_task-renewal_fearROIs_bin_SN.csv,sub-FC005_ses-2_task-renewal_fearROIs_bin_BN.csv
HC,FC005,2,renewal,87,88,8,3,sub-FC005_ses-2_task-renewal_fearROIs_bin_SN.csv,sub-FC005_ses-2_task-renewal_fearROIs_bin_BN.csv
HC,FC005,2,renewal,88,89,14,2,sub-FC005_ses-2_task-renewal_fearROIs_bin_SN.csv,sub-FC005_ses-2_task-renewal_fearROIs_bin_BN.csv
HC,FC005,2,renewal,89,90,17,1,sub-FC005_ses-2_task-renewal_fearROIs_bin_SN.csv,sub-FC005_ses-2_task-renewal_fearROIs_bin_BN.csv
HC,FC005,2,renewal,90,91,29,2,sub-FC005_ses-2_task-renewal_fearROIs_bin_SN.csv,sub-FC005_ses-2_task-renewal_fearROIs_bin_BN.csv
HC,FC005,2,renewal,91,92,23,4,sub-FC005_ses-2_task-renewal_fearROIs_bin_SN.csv,sub-FC005_ses-2_task-renewal_fearROIs_bin_BN.csv
HC,FC005,2,renewal,92,93,24,4,sub-FC005_ses-2_task-renewal_fearROIs_bin_SN.csv,sub-FC005_ses-2_task-renewal_fearROIs_bin_BN.csv
HC,FC005,2,renewal,93,94,32,4,sub-FC005_ses-2_task-renewal_fearROIs_bin_SN.csv,sub-FC005_ses-2_task-renewal_fearROIs_bin_BN.csv
HC,FC005,2,renewal,94,95,4,3,sub-FC005_ses-2_task-renewal_fearROIs_bin_SN.csv,sub-FC005_ses-2_task-renewal_fearROIs_bin_BN.csv
HC,FC005,2,renewal,95,96,4,3,sub-FC005_ses-2_task-renewal_fearROIs_bin_SN.csv,sub-FC005_ses-2_task-renewal_fearROIs_bin_BN.csv
HC,FC005,2,renewal,96,97,28,4,sub-FC005_ses-2_task-renewal_fearROIs_bin_SN.csv,sub-FC005_ses-2_task-renewal_fearROIs_bin_BN.csv
HC,FC005,2,renewal,97,98,13,2,sub-FC005_ses-2_task-renewal_fearROIs_bin_SN.csv,sub-FC005_ses-2_task-renewal_fearROIs_bin_BN.csv
HC,FC005,2,renewal,98,99,1,1,sub-FC005_ses-2_task-renewal_fearROIs_bin_SN.csv,sub-FC005_ses-2_task-renewal_fearROIs_bin_BN.csv
HC,FC005,2,renewal,99,100,1,1,sub-FC005_ses-2_task-renewal_fearROIs_bin_SN.csv,sub-FC005_ses-2_task-renewal_fearROIs_bin_BN.csv
HC,FC005,2,renewal,100,101,17,1,sub-FC005_ses-2_task-renewal_fearROIs_bin_SN.csv,sub-FC005_ses-2_task-renewal_fearROIs_bin_BN.csv
HC,FC005,2,renewal,101,102,29,2,sub-FC005_ses-2_task-renewal_fearROIs_bin_SN.csv,sub-FC005_ses-2_task-renewal_fearROIs_bin_BN.csv
HC,FC005,2,renewal,102,103,5,1,sub-FC005_ses-2_task-renewal_fearROIs_bin_SN.csv,sub-FC005_ses-2_task-renewal_fearROIs_bin_BN.csv
HC,FC005,2,renewal,103,104,27,4,sub-FC005_ses-2_task-renewal_fearROIs_bin_SN.csv,sub-FC005_ses-2_task-renewal_fearROIs_bin_BN.csv
HC,FC005,2,renewal,104,105,4,3,sub-FC005_ses-2_task-renewal_fearROIs_bin_SN.csv,sub-FC005_ses-2_task-renewal_fearROIs_bin_BN.csv
HC,FC005,2,renewal,105,106,11,1,sub-FC005_ses-2_task-renewal_fearROIs_bin_SN.csv,sub-FC005_ses-2_task-renewal_fearROIs_bin_BN.csv
HC,FC005,2,renewal,106,107,32,4,sub-FC005_ses-2_task-renewal_fearROIs_bin_SN.csv,sub-FC005_ses-2_task-renewal_fearROIs_bin_BN.csv
HC,FC005,2,renewal,107,108,30,4,sub-FC005_ses-2_task-renewal_fearROIs_bin_SN.csv,sub-FC005_ses-2_task-renewal_fearROIs_bin_BN.csv
HC,FC005,2,renewal,108,109,23,4,sub-FC005_ses-2_task-renewal_fearROIs_bin_SN.csv,sub-FC005_ses-2_task-renewal_fearROIs_bin_BN.csv
HC,FC005,2,renewal,109,110,24,4,sub-FC005_ses-2_task-renewal_fearROIs_bin_SN.csv,sub-FC005_ses-2_task-renewal_fearROIs_bin_BN.csv
HC,FC005,2,renewal,110,111,28,4,sub-FC005_ses-2_task-renewal_fearROIs_bin_SN.csv,sub-FC005_ses-2_task-renewal_fearROIs_bin_BN.csv
HC,FC005,2,renewal,111,112,30,4,sub-FC005_ses-2_task-renewal_fearROIs_bin_SN.csv,sub-FC005_ses-2_task-renewal_fearROIs_bin_BN.csv
HC,FC005,2,renewal,112,113,29,2,sub-FC005_ses-2_task-renewal_fearROIs_bin_SN.csv,sub-FC005_ses-2_task-renewal_fearROIs_bin_BN.csv
HC,FC005,2,renewal,113,114,1,1,sub-FC005_ses-2_task-renewal_fearROIs_bin_SN.csv,sub-FC005_ses-2_task-renewal_fearROIs_bin_BN.csv
HC,FC005,2,renewal,114,115,3,1,sub-FC005_ses-2_task-renewal_fearROIs_bin_SN.csv,sub-FC005_ses-2_task-renewal_fearROIs_bin_BN.csv
HC,FC005,2,renewal,115,116,3,1,sub-FC005_ses-2_task-renewal_fearROIs_bin_SN.csv,sub-FC005_ses-2_task-renewal_fearROIs_bin_BN.csv
HC,FC005,2,renewal,116,117,3,1,sub-FC005_ses-2_task-renewal_fearROIs_bin_SN.csv,sub-FC005_ses-2_task-renewal_fearROIs_bin_BN.csv
HC,FC005,2,renewal,117,118,2,1,sub-FC005_ses-2_task-renewal_fearROIs_bin_SN.csv,sub-FC005_ses-2_task-renewal_fearROIs_bin_BN.csv
HC,FC005,2,renewal,118,119,13,2,sub-FC005_ses-2_task-renewal_fearROIs_bin_SN.csv,sub-FC005_ses-2_task-renewal_fearROIs_bin_BN.csv
HC,FC005,2,renewal,119,120,30,4,sub-FC005_ses-2_task-renewal_fearROIs_bin_SN.csv,sub-FC005_ses-2_task-renewal_fearROIs_bin_BN.csv
HC,FC005,2,renewal,120,121,30,4,sub-FC005_ses-2_task-renewal_fearROIs_bin_SN.csv,sub-FC005_ses-2_task-renewal_fearROIs_bin_BN.csv
HC,FC005,2,renewal,121,122,31,4,sub-FC005_ses-2_task-renewal_fearROIs_bin_SN.csv,sub-FC005_ses-2_task-renewal_fearROIs_bin_BN.csv
HC,FC005,2,renewal,122,123,3,1,sub-FC005_ses-2_task-renewal_fearROIs_bin_SN.csv,sub-FC005_ses-2_task-renewal_fearROIs_bin_BN.csv
HC,FC005,2,renewal,123,124,6,1,sub-FC005_ses-2_task-renewal_fearROIs_bin_SN.csv,sub-FC005_ses-2_task-renewal_fearROIs_bin_BN.csv
HC,FC005,2,renewal,124,125,11,1,sub-FC005_ses-2_task-renewal_fearROIs_bin_SN.csv,sub-FC005_ses-2_task-renewal_fearROIs_bin_BN.csv
HC,FC005,2,renewal,125,126,32,4,sub-FC005_ses-2_task-renewal_fearROIs_bin_SN.csv,sub-FC005_ses-2_task-renewal_fearROIs_bin_BN.csv
HC,FC005,2,renewal,126,127,30,4,sub-FC005_ses-2_task-renewal_fearROIs_bin_SN.csv,sub-FC005_ses-2_task-renewal_fearROIs_bin_BN.csv
HC,FC005,2,renewal,127,128,27,4,sub-FC005_ses-2_task-renewal_fearROIs_bin_SN.csv,sub-FC005_ses-2_task-renewal_fearROIs_bin_BN.csv
HC,FC006,2,renewal,0,1,32,4,sub-FC006_ses-2_task-renewal_fearROIs_bin_SN.csv,sub-FC006_ses-2_task-renewal_fearROIs_bin_BN.csv
HC,FC006,2,renewal,1,2,2,1,sub-FC006_ses-2_task-renewal_fearROIs_bin_SN.csv,sub-FC006_ses-2_task-renewal_fearROIs_bin_BN.csv
HC,FC006,2,renewal,2,3,17,1,sub-FC006_ses-2_task-renewal_fearROIs_bin_SN.csv,sub-FC006_ses-2_task-renewal_fearROIs_bin_BN.csv
HC,FC006,2,renewal,3,4,16,4,sub-FC006_ses-2_task-renewal_fearROIs_bin_SN.csv,sub-FC006_ses-2_task-renewal_fearROIs_bin_BN.csv
HC,FC006,2,renewal,4,5,7,1,sub-FC006_ses-2_task-renewal_fearROIs_bin_SN.csv,sub-FC006_ses-2_task-renewal_fearROIs_bin_BN.csv
HC,FC006,2,renewal,5,6,14,2,sub-FC006_ses-2_task-renewal_fearROIs_bin_SN.csv,sub-FC006_ses-2_task-renewal_fearROIs_bin_BN.csv
HC,FC006,2,renewal,6,7,20,3,sub-FC006_ses-2_task-renewal_fearROIs_bin_SN.csv,sub-FC006_ses-2_task-renewal_fearROIs_bin_BN.csv
HC,FC006,2,renewal,7,8,2,1,sub-FC006_ses-2_task-renewal_fearROIs_bin_SN.csv,sub-FC006_ses-2_task-renewal_fearROIs_bin_BN.csv
HC,FC006,2,renewal,8,9,5,1,sub-FC006_ses-2_task-renewal_fearROIs_bin_SN.csv,sub-FC006_ses-2_task-renewal_fearROIs_bin_BN.csv
HC,FC006,2,renewal,9,10,9,1,sub-FC006_ses-2_task-renewal_fearROIs_bin_SN.csv,sub-FC006_ses-2_task-renewal_fearROIs_bin_BN.csv
HC,FC006,2,renewal,10,11,20,3,sub-FC006_ses-2_task-renewal_fearROIs_bin_SN.csv,sub-FC006_ses-2_task-renewal_fearROIs_bin_BN.csv
HC,FC006,2,renewal,11,12,20,3,sub-FC006_ses-2_task-renewal_fearROIs_bin_SN.csv,sub-FC006_ses-2_task-renewal_fearROIs_bin_BN.csv
HC,FC006,2,renewal,12,13,13,2,sub-FC006_ses-2_task-renewal_fearROIs_bin_SN.csv,sub-FC006_ses-2_task-renewal_fearROIs_bin_BN.csv
HC,FC006,2,renewal,13,14,13,2,sub-FC006_ses-2_task-renewal_fearROIs_bin_SN.csv,sub-FC006_ses-2_task-renewal_fearROIs_bin_BN.csv
HC,FC006,2,renewal,14,15,29,2,sub-FC006_ses-2_task-renewal_fearROIs_bin_SN.csv,sub-FC006_ses-2_task-renewal_fearROIs_bin_BN.csv
HC,FC006,2,renewal,15,16,16,4,sub-FC006_ses-2_task-renewal_fearROIs_bin_SN.csv,sub-FC006_ses-2_task-renewal_fearROIs_bin_BN.csv
HC,FC006,2,renewal,16,17,14,2,sub-FC006_ses-2_task-renewal_fearROIs_bin_SN.csv,sub-FC006_ses-2_task-renewal_fearROIs_bin_BN.csv
HC,FC006,2,renewal,17,18,4,3,sub-FC006_ses-2_task-renewal_fearROIs_bin_SN.csv,sub-FC006_ses-2_task-renewal_fearROIs_bin_BN.csv
HC,FC006,2,renewal,18,19,25,1,sub-FC006_ses-2_task-renewal_fearROIs_bin_SN.csv,sub-FC006_ses-2_task-renewal_fearROIs_bin_BN.csv
HC,FC006,2,renewal,19,20,17,1,sub-FC006_ses-2_task-renewal_fearROIs_bin_SN.csv,sub-FC006_ses-2_task-renewal_fearROIs_bin_BN.csv
HC,FC006,2,renewal,20,21,32,4,sub-FC006_ses-2_task-renewal_fearROIs_bin_SN.csv,sub-FC006_ses-2_task-renewal_fearROIs_bin_BN.csv
HC,FC006,2,renewal,21,22,32,4,sub-FC006_ses-2_task-renewal_fearROIs_bin_SN.csv,sub-FC006_ses-2_task-renewal_fearROIs_bin_BN.csv
HC,FC006,2,renewal,22,23,20,3,sub-FC006_ses-2_task-renewal_fearROIs_bin_SN.csv,sub-FC006_ses-2_task-renewal_fearROIs_bin_BN.csv
HC,FC006,2,renewal,23,24,25,1,sub-FC006_ses-2_task-renewal_fearROIs_bin_SN.csv,sub-FC006_ses-2_task-renewal_fearROIs_bin_BN.csv
HC,FC006,2,renewal,24,25,19,3,sub-FC006_ses-2_task-renewal_fearROIs_bin_SN.csv,sub-FC006_ses-2_task-renewal_fearROIs_bin_BN.csv
HC,FC006,2,renewal,25,26,27,4,sub-FC006_ses-2_task-renewal_fearROIs_bin_SN.csv,sub-FC006_ses-2_task-renewal_fearROIs_bin_BN.csv
HC,FC006,2,renewal,26,27,18,3,sub-FC006_ses-2_task-renewal_fearROIs_bin_SN.csv,sub-FC006_ses-2_task-renewal_fearROIs_bin_BN.csv
HC,FC006,2,renewal,27,28,32,4,sub-FC006_ses-2_task-renewal_fearROIs_bin_SN.csv,sub-FC006_ses-2_task-renewal_fearROIs_bin_BN.csv
HC,FC006,2,renewal,28,29,13,2,sub-FC006_ses-2_task-renewal_fearROIs_bin_SN.csv,sub-FC006_ses-2_task-renewal_fearROIs_bin_BN.csv
HC,FC006,2,renewal,29,30,3,1,sub-FC006_ses-2_task-renewal_fearROIs_bin_SN.csv,sub-FC006_ses-2_task-renewal_fearROIs_bin_BN.csv
HC,FC006,2,renewal,30,31,1,1,sub-FC006_ses-2_task-renewal_fearROIs_bin_SN.csv,sub-FC006_ses-2_task-renewal_fearROIs_bin_BN.csv
HC,FC006,2,renewal,31,32,7,1,sub-FC006_ses-2_task-renewal_fearROIs_bin_SN.csv,sub-FC006_ses-2_task-renewal_fearROIs_bin_BN.csv
HC,FC006,2,renewal,32,33,32,4,sub-FC006_ses-2_task-renewal_fearROIs_bin_SN.csv,sub-FC006_ses-2_task-renewal_fearROIs_bin_BN.csv
HC,FC006,2,renewal,33,34,26,4,sub-FC006_ses-2_task-renewal_fearROIs_bin_SN.csv,sub-FC006_ses-2_task-renewal_fearROIs_bin_BN.csv
HC,FC006,2,renewal,34,35,11,1,sub-FC006_ses-2_task-renewal_fearROIs_bin_SN.csv,sub-FC006_ses-2_task-renewal_fearROIs_bin_BN.csv
HC,FC006,2,renewal,35,36,24,4,sub-FC006_ses-2_task-renewal_fearROIs_bin_SN.csv,sub-FC006_ses-2_task-renewal_fearROIs_bin_BN.csv
HC,FC006,2,renewal,36,37,9,1,sub-FC006_ses-2_task-renewal_fearROIs_bin_SN.csv,sub-FC006_ses-2_task-renewal_fearROIs_bin_BN.csv
HC,FC006,2,renewal,37,38,30,4,sub-FC006_ses-2_task-renewal_fearROIs_bin_SN.csv,sub-FC006_ses-2_task-renewal_fearROIs_bin_BN.csv
HC,FC006,2,renewal,38,39,24,4,sub-FC006_ses-2_task-renewal_fearROIs_bin_SN.csv,sub-FC006_ses-2_task-renewal_fearROIs_bin_BN.csv
HC,FC006,2,renewal,39,40,1,1,sub-FC006_ses-2_task-renewal_fearROIs_bin_SN.csv,sub-FC006_ses-2_task-renewal_fearROIs_bin_BN.csv
HC,FC006,2,renewal,40,41,10,1,sub-FC006_ses-2_task-renewal_fearROIs_bin_SN.csv,sub-FC006_ses-2_task-renewal_fearROIs_bin_BN.csv
HC,FC006,2,renewal,41,42,17,1,sub-FC006_ses-2_task-renewal_fearROIs_bin_SN.csv,sub-FC006_ses-2_task-renewal_fearROIs_bin_BN.csv
HC,FC006,2,renewal,42,43,32,4,sub-FC006_ses-2_task-renewal_fearROIs_bin_SN.csv,sub-FC006_ses-2_task-renewal_fearROIs_bin_BN.csv
HC,FC006,2,renewal,43,44,31,4,sub-FC006_ses-2_task-renewal_fearROIs_bin_SN.csv,sub-FC006_ses-2_task-renewal_fearROIs_bin_BN.csv
HC,FC006,2,renewal,44,45,30,4,sub-FC006_ses-2_task-renewal_fearROIs_bin_SN.csv,sub-FC006_ses-2_task-renewal_fearROIs_bin_BN.csv
HC,FC006,2,renewal,45,46,1,1,sub-FC006_ses-2_task-renewal_fearROIs_bin_SN.csv,sub-FC006_ses-2_task-renewal_fearROIs_bin_BN.csv
HC,FC006,2,renewal,46,47,7,1,sub-FC006_ses-2_task-renewal_fearROIs_bin_SN.csv,sub-FC006_ses-2_task-renewal_fearROIs_bin_BN.csv
HC,FC006,2,renewal,47,48,18,3,sub-FC006_ses-2_task-renewal_fearROIs_bin_SN.csv,sub-FC006_ses-2_task-renewal_fearROIs_bin_BN.csv
HC,FC006,2,renewal,48,49,3,1,sub-FC006_ses-2_task-renewal_fearROIs_bin_SN.csv,sub-FC006_ses-2_task-renewal_fearROIs_bin_BN.csv
HC,FC006,2,renewal,49,50,1,1,sub-FC006_ses-2_task-renewal_fearROIs_bin_SN.csv,sub-FC006_ses-2_task-renewal_fearROIs_bin_BN.csv
HC,FC006,2,renewal,50,51,29,2,sub-FC006_ses-2_task-renewal_fearROIs_bin_SN.csv,sub-FC006_ses-2_task-renewal_fearROIs_bin_BN.csv
HC,FC006,2,renewal,51,52,27,4,sub-FC006_ses-2_task-renewal_fearROIs_bin_SN.csv,sub-FC006_ses-2_task-renewal_fearROIs_bin_BN.csv
HC,FC006,2,renewal,52,53,20,3,sub-FC006_ses-2_task-renewal_fearROIs_bin_SN.csv,sub-FC006_ses-2_task-renewal_fearROIs_bin_BN.csv
HC,FC006,2,renewal,53,54,20,3,sub-FC006_ses-2_task-renewal_fearROIs_bin_SN.csv,sub-FC006_ses-2_task-renewal_fearROIs_bin_BN.csv
HC,FC006,2,renewal,54,55,32,4,sub-FC006_ses-2_task-renewal_fearROIs_bin_SN.csv,sub-FC006_ses-2_task-renewal_fearROIs_bin_BN.csv
HC,FC006,2,renewal,55,56,14,2,sub-FC006_ses-2_task-renewal_fearROIs_bin_SN.csv,sub-FC006_ses-2_task-renewal_fearROIs_bin_BN.csv
HC,FC006,2,renewal,56,57,5,1,sub-FC006_ses-2_task-renewal_fearROIs_bin_SN.csv,sub-FC006_ses-2_task-renewal_fearROIs_bin_BN.csv
HC,FC006,2,renewal,57,58,13,2,sub-FC006_ses-2_task-renewal_fearROIs_bin_SN.csv,sub-FC006_ses-2_task-renewal_fearROIs_bin_BN.csv
HC,FC006,2,renewal,58,59,29,2,sub-FC006_ses-2_task-renewal_fearROIs_bin_SN.csv,sub-FC006_ses-2_task-renewal_fearROIs_bin_BN.csv
HC,FC006,2,renewal,59,60,13,2,sub-FC006_ses-2_task-renewal_fearROIs_bin_SN.csv,sub-FC006_ses-2_task-renewal_fearROIs_bin_BN.csv
HC,FC006,2,renewal,60,61,13,2,sub-FC006_ses-2_task-renewal_fearROIs_bin_SN.csv,sub-FC006_ses-2_task-renewal_fearROIs_bin_BN.csv
HC,FC006,2,renewal,61,62,6,1,sub-FC006_ses-2_task-renewal_fearROIs_bin_SN.csv,sub-FC006_ses-2_task-renewal_fearROIs_bin_BN.csv
HC,FC006,2,renewal,62,63,20,3,sub-FC006_ses-2_task-renewal_fearROIs_bin_SN.csv,sub-FC006_ses-2_task-renewal_fearROIs_bin_BN.csv
HC,FC006,2,renewal,63,64,20,3,sub-FC006_ses-2_task-renewal_fearROIs_bin_SN.csv,sub-FC006_ses-2_task-renewal_fearROIs_bin_BN.csv
HC,FC006,2,renewal,64,65,17,1,sub-FC006_ses-2_task-renewal_fearROIs_bin_SN.csv,sub-FC006_ses-2_task-renewal_fearROIs_bin_BN.csv
HC,FC006,2,renewal,65,66,1,1,sub-FC006_ses-2_task-renewal_fearROIs_bin_SN.csv,sub-FC006_ses-2_task-renewal_fearROIs_bin_BN.csv
HC,FC006,2,renewal,66,67,13,2,sub-FC006_ses-2_task-renewal_fearROIs_bin_SN.csv,sub-FC006_ses-2_task-renewal_fearROIs_bin_BN.csv
HC,FC006,2,renewal,67,68,15,2,sub-FC006_ses-2_task-renewal_fearROIs_bin_SN.csv,sub-FC006_ses-2_task-renewal_fearROIs_bin_BN.csv
HC,FC006,2,renewal,68,69,28,4,sub-FC006_ses-2_task-renewal_fearROIs_bin_SN.csv,sub-FC006_ses-2_task-renewal_fearROIs_bin_BN.csv
HC,FC006,2,renewal,69,70,17,1,sub-FC006_ses-2_task-renewal_fearROIs_bin_SN.csv,sub-FC006_ses-2_task-renewal_fearROIs_bin_BN.csv
HC,FC006,2,renewal,70,71,16,4,sub-FC006_ses-2_task-renewal_fearROIs_bin_SN.csv,sub-FC006_ses-2_task-renewal_fearROIs_bin_BN.csv
HC,FC006,2,renewal,71,72,13,2,sub-FC006_ses-2_task-renewal_fearROIs_bin_SN.csv,sub-FC006_ses-2_task-renewal_fearROIs_bin_BN.csv
HC,FC006,2,renewal,72,73,1,1,sub-FC006_ses-2_task-renewal_fearROIs_bin_SN.csv,sub-FC006_ses-2_task-renewal_fearROIs_bin_BN.csv
HC,FC006,2,renewal,73,74,4,3,sub-FC006_ses-2_task-renewal_fearROIs_bin_SN.csv,sub-FC006_ses-2_task-renewal_fearROIs_bin_BN.csv
HC,FC006,2,renewal,74,75,18,3,sub-FC006_ses-2_task-renewal_fearROIs_bin_SN.csv,sub-FC006_ses-2_task-renewal_fearROIs_bin_BN.csv
HC,FC006,2,renewal,75,76,4,3,sub-FC006_ses-2_task-renewal_fearROIs_bin_SN.csv,sub-FC006_ses-2_task-renewal_fearROIs_bin_BN.csv
HC,FC006,2,renewal,76,77,13,2,sub-FC006_ses-2_task-renewal_fearROIs_bin_SN.csv,sub-FC006_ses-2_task-renewal_fearROIs_bin_BN.csv
HC,FC006,2,renewal,77,78,24,4,sub-FC006_ses-2_task-renewal_fearROIs_bin_SN.csv,sub-FC006_ses-2_task-renewal_fearROIs_bin_BN.csv
HC,FC006,2,renewal,78,79,24,4,sub-FC006_ses-2_task-renewal_fearROIs_bin_SN.csv,sub-FC006_ses-2_task-renewal_fearROIs_bin_BN.csv
HC,FC006,2,renewal,79,80,20,3,sub-FC006_ses-2_task-renewal_fearROIs_bin_SN.csv,sub-FC006_ses-2_task-renewal_fearROIs_bin_BN.csv
HC,FC006,2,renewal,80,81,14,2,sub-FC006_ses-2_task-renewal_fearROIs_bin_SN.csv,sub-FC006_ses-2_task-renewal_fearROIs_bin_BN.csv
HC,FC006,2,renewal,81,82,29,2,sub-FC006_ses-2_task-renewal_fearROIs_bin_SN.csv,sub-FC006_ses-2_task-renewal_fearROIs_bin_BN.csv
HC,FC006,2,renewal,82,83,32,4,sub-FC006_ses-2_task-renewal_fearROIs_bin_SN.csv,sub-FC006_ses-2_task-renewal_fearROIs_bin_BN.csv
HC,FC006,2,renewal,83,84,13,2,sub-FC006_ses-2_task-renewal_fearROIs_bin_SN.csv,sub-FC006_ses-2_task-renewal_fearROIs_bin_BN.csv
HC,FC006,2,renewal,84,85,19,3,sub-FC006_ses-2_task-renewal_fearROIs_bin_SN.csv,sub-FC006_ses-2_task-renewal_fearROIs_bin_BN.csv
HC,FC006,2,renewal,85,86,31,4,sub-FC006_ses-2_task-renewal_fearROIs_bin_SN.csv,sub-FC006_ses-2_task-renewal_fearROIs_bin_BN.csv
HC,FC006,2,renewal,86,87,23,4,sub-FC006_ses-2_task-renewal_fearROIs_bin_SN.csv,sub-FC006_ses-2_task-renewal_fearROIs_bin_BN.csv
HC,FC006,2,renewal,87,88,3,1,sub-FC006_ses-2_task-renewal_fearROIs_bin_SN.csv,sub-FC006_ses-2_task-renewal_fearROIs_bin_BN.csv
HC,FC006,2,renewal,88,89,1,1,sub-FC006_ses-2_task-renewal_fearROIs_bin_SN.csv,sub-FC006_ses-2_task-renewal_fearROIs_bin_BN.csv
HC,FC006,2,renewal,89,90,20,3,sub-FC006_ses-2_task-renewal_fearROIs_bin_SN.csv,sub-FC006_ses-2_task-renewal_fearROIs_bin_BN.csv
HC,FC006,2,renewal,90,91,20,3,sub-FC006_ses-2_task-renewal_fearROIs_bin_SN.csv,sub-FC006_ses-2_task-renewal_fearROIs_bin_BN.csv
HC,FC006,2,renewal,91,92,28,4,sub-FC006_ses-2_task-renewal_fearROIs_bin_SN.csv,sub-FC006_ses-2_task-renewal_fearROIs_bin_BN.csv
HC,FC006,2,renewal,92,93,20,3,sub-FC006_ses-2_task-renewal_fearROIs_bin_SN.csv,sub-FC006_ses-2_task-renewal_fearROIs_bin_BN.csv
HC,FC006,2,renewal,93,94,20,3,sub-FC006_ses-2_task-renewal_fearROIs_bin_SN.csv,sub-FC006_ses-2_task-renewal_fearROIs_bin_BN.csv
HC,FC006,2,renewal,94,95,13,2,sub-FC006_ses-2_task-renewal_fearROIs_bin_SN.csv,sub-FC006_ses-2_task-renewal_fearROIs_bin_BN.csv
HC,FC006,2,renewal,95,96,13,2,sub-FC006_ses-2_task-renewal_fearROIs_bin_SN.csv,sub-FC006_ses-2_task-renewal_fearROIs_bin_BN.csv
HC,FC006,2,renewal,96,97,14,2,sub-FC006_ses-2_task-renewal_fearROIs_bin_SN.csv,sub-FC006_ses-2_task-renewal_fearROIs_bin_BN.csv
HC,FC006,2,renewal,97,98,13,2,sub-FC006_ses-2_task-renewal_fearROIs_bin_SN.csv,sub-FC006_ses-2_task-renewal_fearROIs_bin_BN.csv
HC,FC006,2,renewal,98,99,2,1,sub-FC006_ses-2_task-renewal_fearROIs_bin_SN.csv,sub-FC006_ses-2_task-renewal_fearROIs_bin_BN.csv
HC,FC006,2,renewal,99,100,16,4,sub-FC006_ses-2_task-renewal_fearROIs_bin_SN.csv,sub-FC006_ses-2_task-renewal_fearROIs_bin_BN.csv
HC,FC006,2,renewal,100,101,29,2,sub-FC006_ses-2_task-renewal_fearROIs_bin_SN.csv,sub-FC006_ses-2_task-renewal_fearROIs_bin_BN.csv
HC,FC006,2,renewal,101,102,16,4,sub-FC006_ses-2_task-renewal_fearROIs_bin_SN.csv,sub-FC006_ses-2_task-renewal_fearROIs_bin_BN.csv
HC,FC006,2,renewal,102,103,16,4,sub-FC006_ses-2_task-renewal_fearROIs_bin_SN.csv,sub-FC006_ses-2_task-renewal_fearROIs_bin_BN.csv
HC,FC006,2,renewal,103,104,4,3,sub-FC006_ses-2_task-renewal_fearROIs_bin_SN.csv,sub-FC006_ses-2_task-renewal_fearROIs_bin_BN.csv
HC,FC006,2,renewal,104,105,1,1,sub-FC006_ses-2_task-renewal_fearROIs_bin_SN.csv,sub-FC006_ses-2_task-renewal_fearROIs_bin_BN.csv
HC,FC006,2,renewal,105,106,1,1,sub-FC006_ses-2_task-renewal_fearROIs_bin_SN.csv,sub-FC006_ses-2_task-renewal_fearROIs_bin_BN.csv
HC,FC006,2,renewal,106,107,1,1,sub-FC006_ses-2_task-renewal_fearROIs_bin_SN.csv,sub-FC006_ses-2_task-renewal_fearROIs_bin_BN.csv
HC,FC006,2,renewal,107,108,1,1,sub-FC006_ses-2_task-renewal_fearROIs_bin_SN.csv,sub-FC006_ses-2_task-renewal_fearROIs_bin_BN.csv
HC,FC006,2,renewal,108,109,13,2,sub-FC006_ses-2_task-renewal_fearROIs_bin_SN.csv,sub-FC006_ses-2_task-renewal_fearROIs_bin_BN.csv
HC,FC006,2,renewal,109,110,24,4,sub-FC006_ses-2_task-renewal_fearROIs_bin_SN.csv,sub-FC006_ses-2_task-renewal_fearROIs_bin_BN.csv
HC,FC006,2,renewal,110,111,27,4,sub-FC006_ses-2_task-renewal_fearROIs_bin_SN.csv,sub-FC006_ses-2_task-renewal_fearROIs_bin_BN.csv
HC,FC006,2,renewal,111,112,20,3,sub-FC006_ses-2_task-renewal_fearROIs_bin_SN.csv,sub-FC006_ses-2_task-renewal_fearROIs_bin_BN.csv
HC,FC006,2,renewal,112,113,32,4,sub-FC006_ses-2_task-renewal_fearROIs_bin_SN.csv,sub-FC006_ses-2_task-renewal_fearROIs_bin_BN.csv
HC,FC007,2,renewal,0,1,4,3,sub-FC007_ses-2_task-renewal_fearROIs_bin_SN.csv,sub-FC007_ses-2_task-renewal_fearROIs_bin_BN.csv
HC,FC007,2,renewal,1,2,12,3,sub-FC007_ses-2_task-renewal_fearROIs_bin_SN.csv,sub-FC007_ses-2_task-renewal_fearROIs_bin_BN.csv
HC,FC007,2,renewal,2,3,32,4,sub-FC007_ses-2_task-renewal_fearROIs_bin_SN.csv,sub-FC007_ses-2_task-renewal_fearROIs_bin_BN.csv
HC,FC007,2,renewal,3,4,5,1,sub-FC007_ses-2_task-renewal_fearROIs_bin_SN.csv,sub-FC007_ses-2_task-renewal_fearROIs_bin_BN.csv
HC,FC007,2,renewal,4,5,5,1,sub-FC007_ses-2_task-renewal_fearROIs_bin_SN.csv,sub-FC007_ses-2_task-renewal_fearROIs_bin_BN.csv
HC,FC007,2,renewal,5,6,8,3,sub-FC007_ses-2_task-renewal_fearROIs_bin_SN.csv,sub-FC007_ses-2_task-renewal_fearROIs_bin_BN.csv
HC,FC007,2,renewal,6,7,17,1,sub-FC007_ses-2_task-renewal_fearROIs_bin_SN.csv,sub-FC007_ses-2_task-renewal_fearROIs_bin_BN.csv
HC,FC007,2,renewal,7,8,17,1,sub-FC007_ses-2_task-renewal_fearROIs_bin_SN.csv,sub-FC007_ses-2_task-renewal_fearROIs_bin_BN.csv
HC,FC007,2,renewal,8,9,21,1,sub-FC007_ses-2_task-renewal_fearROIs_bin_SN.csv,sub-FC007_ses-2_task-renewal_fearROIs_bin_BN.csv
HC,FC007,2,renewal,9,10,21,1,sub-FC007_ses-2_task-renewal_fearROIs_bin_SN.csv,sub-FC007_ses-2_task-renewal_fearROIs_bin_BN.csv
HC,FC007,2,renewal,10,11,27,4,sub-FC007_ses-2_task-renewal_fearROIs_bin_SN.csv,sub-FC007_ses-2_task-renewal_fearROIs_bin_BN.csv
HC,FC007,2,renewal,11,12,10,1,sub-FC007_ses-2_task-renewal_fearROIs_bin_SN.csv,sub-FC007_ses-2_task-renewal_fearROIs_bin_BN.csv
HC,FC007,2,renewal,12,13,14,2,sub-FC007_ses-2_task-renewal_fearROIs_bin_SN.csv,sub-FC007_ses-2_task-renewal_fearROIs_bin_BN.csv
HC,FC007,2,renewal,13,14,16,4,sub-FC007_ses-2_task-renewal_fearROIs_bin_SN.csv,sub-FC007_ses-2_task-renewal_fearROIs_bin_BN.csv
HC,FC007,2,renewal,14,15,18,3,sub-FC007_ses-2_task-renewal_fearROIs_bin_SN.csv,sub-FC007_ses-2_task-renewal_fearROIs_bin_BN.csv
HC,FC007,2,renewal,15,16,21,1,sub-FC007_ses-2_task-renewal_fearROIs_bin_SN.csv,sub-FC007_ses-2_task-renewal_fearROIs_bin_BN.csv
HC,FC007,2,renewal,16,17,21,1,sub-FC007_ses-2_task-renewal_fearROIs_bin_SN.csv,sub-FC007_ses-2_task-renewal_fearROIs_bin_BN.csv
HC,FC007,2,renewal,17,18,32,4,sub-FC007_ses-2_task-renewal_fearROIs_bin_SN.csv,sub-FC007_ses-2_task-renewal_fearROIs_bin_BN.csv
HC,FC007,2,renewal,18,19,16,4,sub-FC007_ses-2_task-renewal_fearROIs_bin_SN.csv,sub-FC007_ses-2_task-renewal_fearROIs_bin_BN.csv
HC,FC007,2,renewal,19,20,12,3,sub-FC007_ses-2_task-renewal_fearROIs_bin_SN.csv,sub-FC007_ses-2_task-renewal_fearROIs_bin_BN.csv
HC,FC007,2,renewal,20,21,1,1,sub-FC007_ses-2_task-renewal_fearROIs_bin_SN.csv,sub-FC007_ses-2_task-renewal_fearROIs_bin_BN.csv
HC,FC007,2,renewal,21,22,16,4,sub-FC007_ses-2_task-renewal_fearROIs_bin_SN.csv,sub-FC007_ses-2_task-renewal_fearROIs_bin_BN.csv
HC,FC007,2,renewal,22,23,12,3,sub-FC007_ses-2_task-renewal_fearROIs_bin_SN.csv,sub-FC007_ses-2_task-renewal_fearROIs_bin_BN.csv
HC,FC007,2,renewal,23,24,32,4,sub-FC007_ses-2_task-renewal_fearROIs_bin_SN.csv,sub-FC007_ses-2_task-renewal_fearROIs_bin_BN.csv
HC,FC007,2,renewal,24,25,17,1,sub-FC007_ses-2_task-renewal_fearROIs_bin_SN.csv,sub-FC007_ses-2_task-renewal_fearROIs_bin_BN.csv
HC,FC007,2,renewal,25,26,13,2,sub-FC007_ses-2_task-renewal_fearROIs_bin_SN.csv,sub-FC007_ses-2_task-renewal_fearROIs_bin_BN.csv
HC,FC007,2,renewal,26,27,5,1,sub-FC007_ses-2_task-renewal_fearROIs_bin_SN.csv,sub-FC007_ses-2_task-renewal_fearROIs_bin_BN.csv
HC,FC007,2,renewal,27,28,12,3,sub-FC007_ses-2_task-renewal_fearROIs_bin_SN.csv,sub-FC007_ses-2_task-renewal_fearROIs_bin_BN.csv
HC,FC007,2,renewal,28,29,21,1,sub-FC007_ses-2_task-renewal_fearROIs_bin_SN.csv,sub-FC007_ses-2_task-renewal_fearROIs_bin_BN.csv
HC,FC007,2,renewal,29,30,5,1,sub-FC007_ses-2_task-renewal_fearROIs_bin_SN.csv,sub-FC007_ses-2_task-renewal_fearROIs_bin_BN.csv
HC,FC007,2,renewal,30,31,1,1,sub-FC007_ses-2_task-renewal_fearROIs_bin_SN.csv,sub-FC007_ses-2_task-renewal_fearROIs_bin_BN.csv
HC,FC007,2,renewal,31,32,3,1,sub-FC007_ses-2_task-renewal_fearROIs_bin_SN.csv,sub-FC007_ses-2_task-renewal_fearROIs_bin_BN.csv
HC,FC007,2,renewal,32,33,16,4,sub-FC007_ses-2_task-renewal_fearROIs_bin_SN.csv,sub-FC007_ses-2_task-renewal_fearROIs_bin_BN.csv
HC,FC007,2,renewal,33,34,32,4,sub-FC007_ses-2_task-renewal_fearROIs_bin_SN.csv,sub-FC007_ses-2_task-renewal_fearROIs_bin_BN.csv
HC,FC007,2,renewal,34,35,21,1,sub-FC007_ses-2_task-renewal_fearROIs_bin_SN.csv,sub-FC007_ses-2_task-renewal_fearROIs_bin_BN.csv
HC,FC007,2,renewal,35,36,17,1,sub-FC007_ses-2_task-renewal_fearROIs_bin_SN.csv,sub-FC007_ses-2_task-renewal_fearROIs_bin_BN.csv
HC,FC007,2,renewal,36,37,12,3,sub-FC007_ses-2_task-renewal_fearROIs_bin_SN.csv,sub-FC007_ses-2_task-renewal_fearROIs_bin_BN.csv
HC,FC007,2,renewal,37,38,20,3,sub-FC007_ses-2_task-renewal_fearROIs_bin_SN.csv,sub-FC007_ses-2_task-renewal_fearROIs_bin_BN.csv
HC,FC007,2,renewal,38,39,20,3,sub-FC007_ses-2_task-renewal_fearROIs_bin_SN.csv,sub-FC007_ses-2_task-renewal_fearROIs_bin_BN.csv
HC,FC007,2,renewal,39,40,17,1,sub-FC007_ses-2_task-renewal_fearROIs_bin_SN.csv,sub-FC007_ses-2_task-renewal_fearROIs_bin_BN.csv
HC,FC007,2,renewal,40,41,12,3,sub-FC007_ses-2_task-renewal_fearROIs_bin_SN.csv,sub-FC007_ses-2_task-renewal_fearROIs_bin_BN.csv
HC,FC007,2,renewal,41,42,14,2,sub-FC007_ses-2_task-renewal_fearROIs_bin_SN.csv,sub-FC007_ses-2_task-renewal_fearROIs_bin_BN.csv
HC,FC007,2,renewal,42,43,29,2,sub-FC007_ses-2_task-renewal_fearROIs_bin_SN.csv,sub-FC007_ses-2_task-renewal_fearROIs_bin_BN.csv
HC,FC007,2,renewal,43,44,32,4,sub-FC007_ses-2_task-renewal_fearROIs_bin_SN.csv,sub-FC007_ses-2_task-renewal_fearROIs_bin_BN.csv
HC,FC007,2,renewal,44,45,30,4,sub-FC007_ses-2_task-renewal_fearROIs_bin_SN.csv,sub-FC007_ses-2_task-renewal_fearROIs_bin_BN.csv
HC,FC007,2,renewal,45,46,9,1,sub-FC007_ses-2_task-renewal_fearROIs_bin_SN.csv,sub-FC007_ses-2_task-renewal_fearROIs_bin_BN.csv
HC,FC007,2,renewal,46,47,5,1,sub-FC007_ses-2_task-renewal_fearROIs_bin_SN.csv,sub-FC007_ses-2_task-renewal_fearROIs_bin_BN.csv
HC,FC007,2,renewal,47,48,29,2,sub-FC007_ses-2_task-renewal_fearROIs_bin_SN.csv,sub-FC007_ses-2_task-renewal_fearROIs_bin_BN.csv
HC,FC007,2,renewal,48,49,21,1,sub-FC007_ses-2_task-renewal_fearROIs_bin_SN.csv,sub-FC007_ses-2_task-renewal_fearROIs_bin_BN.csv
HC,FC007,2,renewal,49,50,27,4,sub-FC007_ses-2_task-renewal_fearROIs_bin_SN.csv,sub-FC007_ses-2_task-renewal_fearROIs_bin_BN.csv
HC,FC007,2,renewal,50,51,20,3,sub-FC007_ses-2_task-renewal_fearROIs_bin_SN.csv,sub-FC007_ses-2_task-renewal_fearROIs_bin_BN.csv
HC,FC007,2,renewal,51,52,4,3,sub-FC007_ses-2_task-renewal_fearROIs_bin_SN.csv,sub-FC007_ses-2_task-renewal_fearROIs_bin_BN.csv
HC,FC007,2,renewal,52,53,12,3,sub-FC007_ses-2_task-renewal_fearROIs_bin_SN.csv,sub-FC007_ses-2_task-renewal_fearROIs_bin_BN.csv
HC,FC007,2,renewal,53,54,12,3,sub-FC007_ses-2_task-renewal_fearROIs_bin_SN.csv,sub-FC007_ses-2_task-renewal_fearROIs_bin_BN.csv
HC,FC007,2,renewal,54,55,28,4,sub-FC007_ses-2_task-renewal_fearROIs_bin_SN.csv,sub-FC007_ses-2_task-renewal_fearROIs_bin_BN.csv
HC,FC007,2,renewal,55,56,12,3,sub-FC007_ses-2_task-renewal_fearROIs_bin_SN.csv,sub-FC007_ses-2_task-renewal_fearROIs_bin_BN.csv
HC,FC007,2,renewal,56,57,16,4,sub-FC007_ses-2_task-renewal_fearROIs_bin_SN.csv,sub-FC007_ses-2_task-renewal_fearROIs_bin_BN.csv
HC,FC007,2,renewal,57,58,16,4,sub-FC007_ses-2_task-renewal_fearROIs_bin_SN.csv,sub-FC007_ses-2_task-renewal_fearROIs_bin_BN.csv
HC,FC007,2,renewal,58,59,12,3,sub-FC007_ses-2_task-renewal_fearROIs_bin_SN.csv,sub-FC007_ses-2_task-renewal_fearROIs_bin_BN.csv
HC,FC007,2,renewal,59,60,5,1,sub-FC007_ses-2_task-renewal_fearROIs_bin_SN.csv,sub-FC007_ses-2_task-renewal_fearROIs_bin_BN.csv
HC,FC007,2,renewal,60,61,21,1,sub-FC007_ses-2_task-renewal_fearROIs_bin_SN.csv,sub-FC007_ses-2_task-renewal_fearROIs_bin_BN.csv
HC,FC007,2,renewal,61,62,17,1,sub-FC007_ses-2_task-renewal_fearROIs_bin_SN.csv,sub-FC007_ses-2_task-renewal_fearROIs_bin_BN.csv
HC,FC007,2,renewal,62,63,17,1,sub-FC007_ses-2_task-renewal_fearROIs_bin_SN.csv,sub-FC007_ses-2_task-renewal_fearROIs_bin_BN.csv
HC,FC007,2,renewal,63,64,1,1,sub-FC007_ses-2_task-renewal_fearROIs_bin_SN.csv,sub-FC007_ses-2_task-renewal_fearROIs_bin_BN.csv
HC,FC007,2,renewal,64,65,12,3,sub-FC007_ses-2_task-renewal_fearROIs_bin_SN.csv,sub-FC007_ses-2_task-renewal_fearROIs_bin_BN.csv
HC,FC007,2,renewal,65,66,32,4,sub-FC007_ses-2_task-renewal_fearROIs_bin_SN.csv,sub-FC007_ses-2_task-renewal_fearROIs_bin_BN.csv
HC,FC007,2,renewal,66,67,21,1,sub-FC007_ses-2_task-renewal_fearROIs_bin_SN.csv,sub-FC007_ses-2_task-renewal_fearROIs_bin_BN.csv
HC,FC007,2,renewal,67,68,17,1,sub-FC007_ses-2_task-renewal_fearROIs_bin_SN.csv,sub-FC007_ses-2_task-renewal_fearROIs_bin_BN.csv
HC,FC007,2,renewal,68,69,1,1,sub-FC007_ses-2_task-renewal_fearROIs_bin_SN.csv,sub-FC007_ses-2_task-renewal_fearROIs_bin_BN.csv
HC,FC007,2,renewal,69,70,32,4,sub-FC007_ses-2_task-renewal_fearROIs_bin_SN.csv,sub-FC007_ses-2_task-renewal_fearROIs_bin_BN.csv
HC,FC007,2,renewal,70,71,32,4,sub-FC007_ses-2_task-renewal_fearROIs_bin_SN.csv,sub-FC007_ses-2_task-renewal_fearROIs_bin_BN.csv
HC,FC007,2,renewal,71,72,29,2,sub-FC007_ses-2_task-renewal_fearROIs_bin_SN.csv,sub-FC007_ses-2_task-renewal_fearROIs_bin_BN.csv
HC,FC007,2,renewal,72,73,21,1,sub-FC007_ses-2_task-renewal_fearROIs_bin_SN.csv,sub-FC007_ses-2_task-renewal_fearROIs_bin_BN.csv
HC,FC007,2,renewal,73,74,1,1,sub-FC007_ses-2_task-renewal_fearROIs_bin_SN.csv,sub-FC007_ses-2_task-renewal_fearROIs_bin_BN.csv
HC,FC007,2,renewal,74,75,5,1,sub-FC007_ses-2_task-renewal_fearROIs_bin_SN.csv,sub-FC007_ses-2_task-renewal_fearROIs_bin_BN.csv
HC,FC007,2,renewal,75,76,16,4,sub-FC007_ses-2_task-renewal_fearROIs_bin_SN.csv,sub-FC007_ses-2_task-renewal_fearROIs_bin_BN.csv
HC,FC007,2,renewal,76,77,3,1,sub-FC007_ses-2_task-renewal_fearROIs_bin_SN.csv,sub-FC007_ses-2_task-renewal_fearROIs_bin_BN.csv
HC,FC007,2,renewal,77,78,14,2,sub-FC007_ses-2_task-renewal_fearROIs_bin_SN.csv,sub-FC007_ses-2_task-renewal_fearROIs_bin_BN.csv
HC,FC007,2,renewal,78,79,30,4,sub-FC007_ses-2_task-renewal_fearROIs_bin_SN.csv,sub-FC007_ses-2_task-renewal_fearROIs_bin_BN.csv
HC,FC007,2,renewal,79,80,28,4,sub-FC007_ses-2_task-renewal_fearROIs_bin_SN.csv,sub-FC007_ses-2_task-renewal_fearROIs_bin_BN.csv
HC,FC007,2,renewal,80,81,20,3,sub-FC007_ses-2_task-renewal_fearROIs_bin_SN.csv,sub-FC007_ses-2_task-renewal_fearROIs_bin_BN.csv
HC,FC007,2,renewal,81,82,17,1,sub-FC007_ses-2_task-renewal_fearROIs_bin_SN.csv,sub-FC007_ses-2_task-renewal_fearROIs_bin_BN.csv
HC,FC007,2,renewal,82,83,31,4,sub-FC007_ses-2_task-renewal_fearROIs_bin_SN.csv,sub-FC007_ses-2_task-renewal_fearROIs_bin_BN.csv
HC,FC007,2,renewal,83,84,12,3,sub-FC007_ses-2_task-renewal_fearROIs_bin_SN.csv,sub-FC007_ses-2_task-renewal_fearROIs_bin_BN.csv
HC,FC007,2,renewal,84,85,1,1,sub-FC007_ses-2_task-renewal_fearROIs_bin_SN.csv,sub-FC007_ses-2_task-renewal_fearROIs_bin_BN.csv
HC,FC007,2,renewal,85,86,17,1,sub-FC007_ses-2_task-renewal_fearROIs_bin_SN.csv,sub-FC007_ses-2_task-renewal_fearROIs_bin_BN.csv
HC,FC007,2,renewal,86,87,1,1,sub-FC007_ses-2_task-renewal_fearROIs_bin_SN.csv,sub-FC007_ses-2_task-renewal_fearROIs_bin_BN.csv
HC,FC007,2,renewal,87,88,16,4,sub-FC007_ses-2_task-renewal_fearROIs_bin_SN.csv,sub-FC007_ses-2_task-renewal_fearROIs_bin_BN.csv
HC,FC007,2,renewal,88,89,32,4,sub-FC007_ses-2_task-renewal_fearROIs_bin_SN.csv,sub-FC007_ses-2_task-renewal_fearROIs_bin_BN.csv
HC,FC007,2,renewal,89,90,21,1,sub-FC007_ses-2_task-renewal_fearROIs_bin_SN.csv,sub-FC007_ses-2_task-renewal_fearROIs_bin_BN.csv
HC,FC007,2,renewal,90,91,21,1,sub-FC007_ses-2_task-renewal_fearROIs_bin_SN.csv,sub-FC007_ses-2_task-renewal_fearROIs_bin_BN.csv
HC,FC007,2,renewal,91,92,7,1,sub-FC007_ses-2_task-renewal_fearROIs_bin_SN.csv,sub-FC007_ses-2_task-renewal_fearROIs_bin_BN.csv
HC,FC007,2,renewal,92,93,20,3,sub-FC007_ses-2_task-renewal_fearROIs_bin_SN.csv,sub-FC007_ses-2_task-renewal_fearROIs_bin_BN.csv
HC,FC007,2,renewal,93,94,27,4,sub-FC007_ses-2_task-renewal_fearROIs_bin_SN.csv,sub-FC007_ses-2_task-renewal_fearROIs_bin_BN.csv
HC,FC007,2,renewal,94,95,28,4,sub-FC007_ses-2_task-renewal_fearROIs_bin_SN.csv,sub-FC007_ses-2_task-renewal_fearROIs_bin_BN.csv
HC,FC007,2,renewal,95,96,12,3,sub-FC007_ses-2_task-renewal_fearROIs_bin_SN.csv,sub-FC007_ses-2_task-renewal_fearROIs_bin_BN.csv
HC,FC007,2,renewal,96,97,16,4,sub-FC007_ses-2_task-renewal_fearROIs_bin_SN.csv,sub-FC007_ses-2_task-renewal_fearROIs_bin_BN.csv
HC,FC007,2,renewal,97,98,1,1,sub-FC007_ses-2_task-renewal_fearROIs_bin_SN.csv,sub-FC007_ses-2_task-renewal_fearROIs_bin_BN.csv
HC,FC008,2,renewal,0,1,3,1,sub-FC008_ses-2_task-renewal_fearROIs_bin_SN.csv,sub-FC008_ses-2_task-renewal_fearROIs_bin_BN.csv
HC,FC008,2,renewal,1,2,2,1,sub-FC008_ses-2_task-renewal_fearROIs_bin_SN.csv,sub-FC008_ses-2_task-renewal_fearROIs_bin_BN.csv
HC,FC008,2,renewal,2,3,31,4,sub-FC008_ses-2_task-renewal_fearROIs_bin_SN.csv,sub-FC008_ses-2_task-renewal_fearROIs_bin_BN.csv
HC,FC008,2,renewal,3,4,30,4,sub-FC008_ses-2_task-renewal_fearROIs_bin_SN.csv,sub-FC008_ses-2_task-renewal_fearROIs_bin_BN.csv
HC,FC008,2,renewal,4,5,31,4,sub-FC008_ses-2_task-renewal_fearROIs_bin_SN.csv,sub-FC008_ses-2_task-renewal_fearROIs_bin_BN.csv
HC,FC008,2,renewal,5,6,32,4,sub-FC008_ses-2_task-renewal_fearROIs_bin_SN.csv,sub-FC008_ses-2_task-renewal_fearROIs_bin_BN.csv
HC,FC008,2,renewal,6,7,32,4,sub-FC008_ses-2_task-renewal_fearROIs_bin_SN.csv,sub-FC008_ses-2_task-renewal_fearROIs_bin_BN.csv
HC,FC008,2,renewal,7,8,19,3,sub-FC008_ses-2_task-renewal_fearROIs_bin_SN.csv,sub-FC008_ses-2_task-renewal_fearROIs_bin_BN.csv
HC,FC008,2,renewal,8,9,1,1,sub-FC008_ses-2_task-renewal_fearROIs_bin_SN.csv,sub-FC008_ses-2_task-renewal_fearROIs_bin_BN.csv
HC,FC008,2,renewal,9,10,1,1,sub-FC008_ses-2_task-renewal_fearROIs_bin_SN.csv,sub-FC008_ses-2_task-renewal_fearROIs_bin_BN.csv
HC,FC008,2,renewal,10,11,25,1,sub-FC008_ses-2_task-renewal_fearROIs_bin_SN.csv,sub-FC008_ses-2_task-renewal_fearROIs_bin_BN.csv
HC,FC008,2,renewal,11,12,1,1,sub-FC008_ses-2_task-renewal_fearROIs_bin_SN.csv,sub-FC008_ses-2_task-renewal_fearROIs_bin_BN.csv
HC,FC008,2,renewal,12,13,14,2,sub-FC008_ses-2_task-renewal_fearROIs_bin_SN.csv,sub-FC008_ses-2_task-renewal_fearROIs_bin_BN.csv
HC,FC008,2,renewal,13,14,18,3,sub-FC008_ses-2_task-renewal_fearROIs_bin_SN.csv,sub-FC008_ses-2_task-renewal_fearROIs_bin_BN.csv
HC,FC008,2,renewal,14,15,1,1,sub-FC008_ses-2_task-renewal_fearROIs_bin_SN.csv,sub-FC008_ses-2_task-renewal_fearROIs_bin_BN.csv
HC,FC008,2,renewal,15,16,13,2,sub-FC008_ses-2_task-renewal_fearROIs_bin_SN.csv,sub-FC008_ses-2_task-renewal_fearROIs_bin_BN.csv
HC,FC008,2,renewal,16,17,15,2,sub-FC008_ses-2_task-renewal_fearROIs_bin_SN.csv,sub-FC008_ses-2_task-renewal_fearROIs_bin_BN.csv
HC,FC008,2,renewal,17,18,14,2,sub-FC008_ses-2_task-renewal_fearROIs_bin_SN.csv,sub-FC008_ses-2_task-renewal_fearROIs_bin_BN.csv
HC,FC008,2,renewal,18,19,32,4,sub-FC008_ses-2_task-renewal_fearROIs_bin_SN.csv,sub-FC008_ses-2_task-renewal_fearROIs_bin_BN.csv
HC,FC008,2,renewal,19,20,4,3,sub-FC008_ses-2_task-renewal_fearROIs_bin_SN.csv,sub-FC008_ses-2_task-renewal_fearROIs_bin_BN.csv
HC,FC008,2,renewal,20,21,1,1,sub-FC008_ses-2_task-renewal_fearROIs_bin_SN.csv,sub-FC008_ses-2_task-renewal_fearROIs_bin_BN.csv
HC,FC008,2,renewal,21,22,6,1,sub-FC008_ses-2_task-renewal_fearROIs_bin_SN.csv,sub-FC008_ses-2_task-renewal_fearROIs_bin_BN.csv
HC,FC008,2,renewal,22,23,7,1,sub-FC008_ses-2_task-renewal_fearROIs_bin_SN.csv,sub-FC008_ses-2_task-renewal_fearROIs_bin_BN.csv
HC,FC008,2,renewal,23,24,4,3,sub-FC008_ses-2_task-renewal_fearROIs_bin_SN.csv,sub-FC008_ses-2_task-renewal_fearROIs_bin_BN.csv
HC,FC008,2,renewal,24,25,18,3,sub-FC008_ses-2_task-renewal_fearROIs_bin_SN.csv,sub-FC008_ses-2_task-renewal_fearROIs_bin_BN.csv
HC,FC008,2,renewal,25,26,31,4,sub-FC008_ses-2_task-renewal_fearROIs_bin_SN.csv,sub-FC008_ses-2_task-renewal_fearROIs_bin_BN.csv
HC,FC008,2,renewal,26,27,29,2,sub-FC008_ses-2_task-renewal_fearROIs_bin_SN.csv,sub-FC008_ses-2_task-renewal_fearROIs_bin_BN.csv
HC,FC008,2,renewal,27,28,3,1,sub-FC008_ses-2_task-renewal_fearROIs_bin_SN.csv,sub-FC008_ses-2_task-renewal_fearROIs_bin_BN.csv
HC,FC008,2,renewal,28,29,27,4,sub-FC008_ses-2_task-renewal_fearROIs_bin_SN.csv,sub-FC008_ses-2_task-renewal_fearROIs_bin_BN.csv
HC,FC008,2,renewal,29,30,32,4,sub-FC008_ses-2_task-renewal_fearROIs_bin_SN.csv,sub-FC008_ses-2_task-renewal_fearROIs_bin_BN.csv
HC,FC008,2,renewal,30,31,31,4,sub-FC008_ses-2_task-renewal_fearROIs_bin_SN.csv,sub-FC008_ses-2_task-renewal_fearROIs_bin_BN.csv
HC,FC008,2,renewal,31,32,30,4,sub-FC008_ses-2_task-renewal_fearROIs_bin_SN.csv,sub-FC008_ses-2_task-renewal_fearROIs_bin_BN.csv
HC,FC008,2,renewal,32,33,28,4,sub-FC008_ses-2_task-renewal_fearROIs_bin_SN.csv,sub-FC008_ses-2_task-renewal_fearROIs_bin_BN.csv
HC,FC008,2,renewal,33,34,3,1,sub-FC008_ses-2_task-renewal_fearROIs_bin_SN.csv,sub-FC008_ses-2_task-renewal_fearROIs_bin_BN.csv
HC,FC008,2,renewal,34,35,1,1,sub-FC008_ses-2_task-renewal_fearROIs_bin_SN.csv,sub-FC008_ses-2_task-renewal_fearROIs_bin_BN.csv
HC,FC008,2,renewal,35,36,29,2,sub-FC008_ses-2_task-renewal_fearROIs_bin_SN.csv,sub-FC008_ses-2_task-renewal_fearROIs_bin_BN.csv
HC,FC008,2,renewal,36,37,30,4,sub-FC008_ses-2_task-renewal_fearROIs_bin_SN.csv,sub-FC008_ses-2_task-renewal_fearROIs_bin_BN.csv
HC,FC008,2,renewal,37,38,23,4,sub-FC008_ses-2_task-renewal_fearROIs_bin_SN.csv,sub-FC008_ses-2_task-renewal_fearROIs_bin_BN.csv
HC,FC008,2,renewal,38,39,24,4,sub-FC008_ses-2_task-renewal_fearROIs_bin_SN.csv,sub-FC008_ses-2_task-renewal_fearROIs_bin_BN.csv
HC,FC008,2,renewal,39,40,32,4,sub-FC008_ses-2_task-renewal_fearROIs_bin_SN.csv,sub-FC008_ses-2_task-renewal_fearROIs_bin_BN.csv
HC,FC008,2,renewal,40,41,24,4,sub-FC008_ses-2_task-renewal_fearROIs_bin_SN.csv,sub-FC008_ses-2_task-renewal_fearROIs_bin_BN.csv
HC,FC008,2,renewal,41,42,20,3,sub-FC008_ses-2_task-renewal_fearROIs_bin_SN.csv,sub-FC008_ses-2_task-renewal_fearROIs_bin_BN.csv
HC,FC008,2,renewal,42,43,4,3,sub-FC008_ses-2_task-renewal_fearROIs_bin_SN.csv,sub-FC008_ses-2_task-renewal_fearROIs_bin_BN.csv
HC,FC008,2,renewal,43,44,17,1,sub-FC008_ses-2_task-renewal_fearROIs_bin_SN.csv,sub-FC008_ses-2_task-renewal_fearROIs_bin_BN.csv
HC,FC008,2,renewal,44,45,14,2,sub-FC008_ses-2_task-renewal_fearROIs_bin_SN.csv,sub-FC008_ses-2_task-renewal_fearROIs_bin_BN.csv
HC,FC008,2,renewal,45,46,24,4,sub-FC008_ses-2_task-renewal_fearROIs_bin_SN.csv,sub-FC008_ses-2_task-renewal_fearROIs_bin_BN.csv
HC,FC008,2,renewal,46,47,4,3,sub-FC008_ses-2_task-renewal_fearROIs_bin_SN.csv,sub-FC008_ses-2_task-renewal_fearROIs_bin_BN.csv
HC,FC008,2,renewal,47,48,32,4,sub-FC008_ses-2_task-renewal_fearROIs_bin_SN.csv,sub-FC008_ses-2_task-renewal_fearROIs_bin_BN.csv
HC,FC008,2,renewal,48,49,30,4,sub-FC008_ses-2_task-renewal_fearROIs_bin_SN.csv,sub-FC008_ses-2_task-renewal_fearROIs_bin_BN.csv
HC,FC008,2,renewal,49,50,13,2,sub-FC008_ses-2_task-renewal_fearROIs_bin_SN.csv,sub-FC008_ses-2_task-renewal_fearROIs_bin_BN.csv
HC,FC008,2,renewal,50,51,1,1,sub-FC008_ses-2_task-renewal_fearROIs_bin_SN.csv,sub-FC008_ses-2_task-renewal_fearROIs_bin_BN.csv
HC,FC008,2,renewal,51,52,9,1,sub-FC008_ses-2_task-renewal_fearROIs_bin_SN.csv,sub-FC008_ses-2_task-renewal_fearROIs_bin_BN.csv
HC,FC008,2,renewal,52,53,17,1,sub-FC008_ses-2_task-renewal_fearROIs_bin_SN.csv,sub-FC008_ses-2_task-renewal_fearROIs_bin_BN.csv
HC,FC008,2,renewal,53,54,1,1,sub-FC008_ses-2_task-renewal_fearROIs_bin_SN.csv,sub-FC008_ses-2_task-renewal_fearROIs_bin_BN.csv
HC,FC008,2,renewal,54,55,1,1,sub-FC008_ses-2_task-renewal_fearROIs_bin_SN.csv,sub-FC008_ses-2_task-renewal_fearROIs_bin_BN.csv
HC,FC008,2,renewal,55,56,1,1,sub-FC008_ses-2_task-renewal_fearROIs_bin_SN.csv,sub-FC008_ses-2_task-renewal_fearROIs_bin_BN.csv
HC,FC008,2,renewal,56,57,9,1,sub-FC008_ses-2_task-renewal_fearROIs_bin_SN.csv,sub-FC008_ses-2_task-renewal_fearROIs_bin_BN.csv
HC,FC008,2,renewal,57,58,9,1,sub-FC008_ses-2_task-renewal_fearROIs_bin_SN.csv,sub-FC008_ses-2_task-renewal_fearROIs_bin_BN.csv
HC,FC008,2,renewal,58,59,1,1,sub-FC008_ses-2_task-renewal_fearROIs_bin_SN.csv,sub-FC008_ses-2_task-renewal_fearROIs_bin_BN.csv
HC,FC008,2,renewal,59,60,20,3,sub-FC008_ses-2_task-renewal_fearROIs_bin_SN.csv,sub-FC008_ses-2_task-renewal_fearROIs_bin_BN.csv
HC,FC008,2,renewal,60,61,4,3,sub-FC008_ses-2_task-renewal_fearROIs_bin_SN.csv,sub-FC008_ses-2_task-renewal_fearROIs_bin_BN.csv
HC,FC008,2,renewal,61,62,32,4,sub-FC008_ses-2_task-renewal_fearROIs_bin_SN.csv,sub-FC008_ses-2_task-renewal_fearROIs_bin_BN.csv
HC,FC008,2,renewal,62,63,13,2,sub-FC008_ses-2_task-renewal_fearROIs_bin_SN.csv,sub-FC008_ses-2_task-renewal_fearROIs_bin_BN.csv
HC,FC008,2,renewal,63,64,5,1,sub-FC008_ses-2_task-renewal_fearROIs_bin_SN.csv,sub-FC008_ses-2_task-renewal_fearROIs_bin_BN.csv
HC,FC008,2,renewal,64,65,1,1,sub-FC008_ses-2_task-renewal_fearROIs_bin_SN.csv,sub-FC008_ses-2_task-renewal_fearROIs_bin_BN.csv
HC,FC008,2,renewal,65,66,3,1,sub-FC008_ses-2_task-renewal_fearROIs_bin_SN.csv,sub-FC008_ses-2_task-renewal_fearROIs_bin_BN.csv
HC,FC008,2,renewal,66,67,18,3,sub-FC008_ses-2_task-renewal_fearROIs_bin_SN.csv,sub-FC008_ses-2_task-renewal_fearROIs_bin_BN.csv
HC,FC008,2,renewal,67,68,27,4,sub-FC008_ses-2_task-renewal_fearROIs_bin_SN.csv,sub-FC008_ses-2_task-renewal_fearROIs_bin_BN.csv
HC,FC008,2,renewal,68,69,32,4,sub-FC008_ses-2_task-renewal_fearROIs_bin_SN.csv,sub-FC008_ses-2_task-renewal_fearROIs_bin_BN.csv
HC,FC008,2,renewal,69,70,3,1,sub-FC008_ses-2_task-renewal_fearROIs_bin_SN.csv,sub-FC008_ses-2_task-renewal_fearROIs_bin_BN.csv
HC,FC008,2,renewal,70,71,2,1,sub-FC008_ses-2_task-renewal_fearROIs_bin_SN.csv,sub-FC008_ses-2_task-renewal_fearROIs_bin_BN.csv
HC,FC008,2,renewal,71,72,16,4,sub-FC008_ses-2_task-renewal_fearROIs_bin_SN.csv,sub-FC008_ses-2_task-renewal_fearROIs_bin_BN.csv
HC,FC008,2,renewal,72,73,32,4,sub-FC008_ses-2_task-renewal_fearROIs_bin_SN.csv,sub-FC008_ses-2_task-renewal_fearROIs_bin_BN.csv
HC,FC008,2,renewal,73,74,32,4,sub-FC008_ses-2_task-renewal_fearROIs_bin_SN.csv,sub-FC008_ses-2_task-renewal_fearROIs_bin_BN.csv
HC,FC008,2,renewal,74,75,1,1,sub-FC008_ses-2_task-renewal_fearROIs_bin_SN.csv,sub-FC008_ses-2_task-renewal_fearROIs_bin_BN.csv
HC,FC008,2,renewal,75,76,17,1,sub-FC008_ses-2_task-renewal_fearROIs_bin_SN.csv,sub-FC008_ses-2_task-renewal_fearROIs_bin_BN.csv
HC,FC008,2,renewal,76,77,17,1,sub-FC008_ses-2_task-renewal_fearROIs_bin_SN.csv,sub-FC008_ses-2_task-renewal_fearROIs_bin_BN.csv
HC,FC008,2,renewal,77,78,32,4,sub-FC008_ses-2_task-renewal_fearROIs_bin_SN.csv,sub-FC008_ses-2_task-renewal_fearROIs_bin_BN.csv
HC,FC008,2,renewal,78,79,30,4,sub-FC008_ses-2_task-renewal_fearROIs_bin_SN.csv,sub-FC008_ses-2_task-renewal_fearROIs_bin_BN.csv
HC,FC008,2,renewal,79,80,29,2,sub-FC008_ses-2_task-renewal_fearROIs_bin_SN.csv,sub-FC008_ses-2_task-renewal_fearROIs_bin_BN.csv
HC,FC008,2,renewal,80,81,30,4,sub-FC008_ses-2_task-renewal_fearROIs_bin_SN.csv,sub-FC008_ses-2_task-renewal_fearROIs_bin_BN.csv
HC,FC008,2,renewal,81,82,31,4,sub-FC008_ses-2_task-renewal_fearROIs_bin_SN.csv,sub-FC008_ses-2_task-renewal_fearROIs_bin_BN.csv
HC,FC008,2,renewal,82,83,31,4,sub-FC008_ses-2_task-renewal_fearROIs_bin_SN.csv,sub-FC008_ses-2_task-renewal_fearROIs_bin_BN.csv
HC,FC008,2,renewal,83,84,25,1,sub-FC008_ses-2_task-renewal_fearROIs_bin_SN.csv,sub-FC008_ses-2_task-renewal_fearROIs_bin_BN.csv
HC,FC008,2,renewal,84,85,16,4,sub-FC008_ses-2_task-renewal_fearROIs_bin_SN.csv,sub-FC008_ses-2_task-renewal_fearROIs_bin_BN.csv
HC,FC008,2,renewal,85,86,14,2,sub-FC008_ses-2_task-renewal_fearROIs_bin_SN.csv,sub-FC008_ses-2_task-renewal_fearROIs_bin_BN.csv
HC,FC008,2,renewal,86,87,16,4,sub-FC008_ses-2_task-renewal_fearROIs_bin_SN.csv,sub-FC008_ses-2_task-renewal_fearROIs_bin_BN.csv
HC,FC008,2,renewal,87,88,3,1,sub-FC008_ses-2_task-renewal_fearROIs_bin_SN.csv,sub-FC008_ses-2_task-renewal_fearROIs_bin_BN.csv
HC,FC008,2,renewal,88,89,19,3,sub-FC008_ses-2_task-renewal_fearROIs_bin_SN.csv,sub-FC008_ses-2_task-renewal_fearROIs_bin_BN.csv
HC,FC008,2,renewal,89,90,4,3,sub-FC008_ses-2_task-renewal_fearROIs_bin_SN.csv,sub-FC008_ses-2_task-renewal_fearROIs_bin_BN.csv
HC,FC008,2,renewal,90,91,2,1,sub-FC008_ses-2_task-renewal_fearROIs_bin_SN.csv,sub-FC008_ses-2_task-renewal_fearROIs_bin_BN.csv
HC,FC008,2,renewal,91,92,4,3,sub-FC008_ses-2_task-renewal_fearROIs_bin_SN.csv,sub-FC008_ses-2_task-renewal_fearROIs_bin_BN.csv
HC,FC008,2,renewal,92,93,6,1,sub-FC008_ses-2_task-renewal_fearROIs_bin_SN.csv,sub-FC008_ses-2_task-renewal_fearROIs_bin_BN.csv
HC,FC008,2,renewal,93,94,32,4,sub-FC008_ses-2_task-renewal_fearROIs_bin_SN.csv,sub-FC008_ses-2_task-renewal_fearROIs_bin_BN.csv
HC,FC008,2,renewal,94,95,8,3,sub-FC008_ses-2_task-renewal_fearROIs_bin_SN.csv,sub-FC008_ses-2_task-renewal_fearROIs_bin_BN.csv
HC,FC008,2,renewal,95,96,2,1,sub-FC008_ses-2_task-renewal_fearROIs_bin_SN.csv,sub-FC008_ses-2_task-renewal_fearROIs_bin_BN.csv
HC,FC008,2,renewal,96,97,7,1,sub-FC008_ses-2_task-renewal_fearROIs_bin_SN.csv,sub-FC008_ses-2_task-renewal_fearROIs_bin_BN.csv
HC,FC008,2,renewal,97,98,32,4,sub-FC008_ses-2_task-renewal_fearROIs_bin_SN.csv,sub-FC008_ses-2_task-renewal_fearROIs_bin_BN.csv
HC,FC008,2,renewal,98,99,12,3,sub-FC008_ses-2_task-renewal_fearROIs_bin_SN.csv,sub-FC008_ses-2_task-renewal_fearROIs_bin_BN.csv
HC,FC008,2,renewal,99,100,1,1,sub-FC008_ses-2_task-renewal_fearROIs_bin_SN.csv,sub-FC008_ses-2_task-renewal_fearROIs_bin_BN.csv
HC,FC008,2,renewal,100,101,17,1,sub-FC008_ses-2_task-renewal_fearROIs_bin_SN.csv,sub-FC008_ses-2_task-renewal_fearROIs_bin_BN.csv
HC,FC008,2,renewal,101,102,11,1,sub-FC008_ses-2_task-renewal_fearROIs_bin_SN.csv,sub-FC008_ses-2_task-renewal_fearROIs_bin_BN.csv
HC,FC008,2,renewal,102,103,15,2,sub-FC008_ses-2_task-renewal_fearROIs_bin_SN.csv,sub-FC008_ses-2_task-renewal_fearROIs_bin_BN.csv
HC,FC008,2,renewal,103,104,1,1,sub-FC008_ses-2_task-renewal_fearROIs_bin_SN.csv,sub-FC008_ses-2_task-renewal_fearROIs_bin_BN.csv
HC,FC008,2,renewal,104,105,30,4,sub-FC008_ses-2_task-renewal_fearROIs_bin_SN.csv,sub-FC008_ses-2_task-renewal_fearROIs_bin_BN.csv
HC,FC008,2,renewal,105,106,24,4,sub-FC008_ses-2_task-renewal_fearROIs_bin_SN.csv,sub-FC008_ses-2_task-renewal_fearROIs_bin_BN.csv
HC,FC008,2,renewal,106,107,30,4,sub-FC008_ses-2_task-renewal_fearROIs_bin_SN.csv,sub-FC008_ses-2_task-renewal_fearROIs_bin_BN.csv
HC,FC008,2,renewal,107,108,32,4,sub-FC008_ses-2_task-renewal_fearROIs_bin_SN.csv,sub-FC008_ses-2_task-renewal_fearROIs_bin_BN.csv
HC,FC008,2,renewal,108,109,24,4,sub-FC008_ses-2_task-renewal_fearROIs_bin_SN.csv,sub-FC008_ses-2_task-renewal_fearROIs_bin_BN.csv
HC,FC008,2,renewal,109,110,25,1,sub-FC008_ses-2_task-renewal_fearROIs_bin_SN.csv,sub-FC008_ses-2_task-renewal_fearROIs_bin_BN.csv
HC,FC008,2,renewal,110,111,15,2,sub-FC008_ses-2_task-renewal_fearROIs_bin_SN.csv,sub-FC008_ses-2_task-renewal_fearROIs_bin_BN.csv
HC,FC008,2,renewal,111,112,15,2,sub-FC008_ses-2_task-renewal_fearROIs_bin_SN.csv,sub-FC008_ses-2_task-renewal_fearROIs_bin_BN.csv
HC,FC008,2,renewal,112,113,9,1,sub-FC008_ses-2_task-renewal_fearROIs_bin_SN.csv,sub-FC008_ses-2_task-renewal_fearROIs_bin_BN.csv
HC,FC008,2,renewal,113,114,1,1,sub-FC008_ses-2_task-renewal_fearROIs_bin_SN.csv,sub-FC008_ses-2_task-renewal_fearROIs_bin_BN.csv
HC,FC008,2,renewal,114,115,26,4,sub-FC008_ses-2_task-renewal_fearROIs_bin_SN.csv,sub-FC008_ses-2_task-renewal_fearROIs_bin_BN.csv
HC,FC008,2,renewal,115,116,30,4,sub-FC008_ses-2_task-renewal_fearROIs_bin_SN.csv,sub-FC008_ses-2_task-renewal_fearROIs_bin_BN.csv
HC,FC008,2,renewal,116,117,20,3,sub-FC008_ses-2_task-renewal_fearROIs_bin_SN.csv,sub-FC008_ses-2_task-renewal_fearROIs_bin_BN.csv
HC,FC008,2,renewal,117,118,18,3,sub-FC008_ses-2_task-renewal_fearROIs_bin_SN.csv,sub-FC008_ses-2_task-renewal_fearROIs_bin_BN.csv
HC,FC008,2,renewal,118,119,1,1,sub-FC008_ses-2_task-renewal_fearROIs_bin_SN.csv,sub-FC008_ses-2_task-renewal_fearROIs_bin_BN.csv
HC,FC008,2,renewal,119,120,1,1,sub-FC008_ses-2_task-renewal_fearROIs_bin_SN.csv,sub-FC008_ses-2_task-renewal_fearROIs_bin_BN.csv
HC,FC008,2,renewal,120,121,24,4,sub-FC008_ses-2_task-renewal_fearROIs_bin_SN.csv,sub-FC008_ses-2_task-renewal_fearROIs_bin_BN.csv
HC,FC008,2,renewal,121,122,30,4,sub-FC008_ses-2_task-renewal_fearROIs_bin_SN.csv,sub-FC008_ses-2_task-renewal_fearROIs_bin_BN.csv
HC,FC008,2,renewal,122,123,15,2,sub-FC008_ses-2_task-renewal_fearROIs_bin_SN.csv,sub-FC008_ses-2_task-renewal_fearROIs_bin_BN.csv
HC,FC009,2,renewal,0,1,29,2,sub-FC009_ses-2_task-renewal_fearROIs_bin_SN.csv,sub-FC009_ses-2_task-renewal_fearROIs_bin_BN.csv
HC,FC009,2,renewal,1,2,1,1,sub-FC009_ses-2_task-renewal_fearROIs_bin_SN.csv,sub-FC009_ses-2_task-renewal_fearROIs_bin_BN.csv
HC,FC009,2,renewal,2,3,32,4,sub-FC009_ses-2_task-renewal_fearROIs_bin_SN.csv,sub-FC009_ses-2_task-renewal_fearROIs_bin_BN.csv
HC,FC009,2,renewal,3,4,20,3,sub-FC009_ses-2_task-renewal_fearROIs_bin_SN.csv,sub-FC009_ses-2_task-renewal_fearROIs_bin_BN.csv
HC,FC009,2,renewal,4,5,28,4,sub-FC009_ses-2_task-renewal_fearROIs_bin_SN.csv,sub-FC009_ses-2_task-renewal_fearROIs_bin_BN.csv
HC,FC009,2,renewal,5,6,2,1,sub-FC009_ses-2_task-renewal_fearROIs_bin_SN.csv,sub-FC009_ses-2_task-renewal_fearROIs_bin_BN.csv
HC,FC009,2,renewal,6,7,13,2,sub-FC009_ses-2_task-renewal_fearROIs_bin_SN.csv,sub-FC009_ses-2_task-renewal_fearROIs_bin_BN.csv
HC,FC009,2,renewal,7,8,13,2,sub-FC009_ses-2_task-renewal_fearROIs_bin_SN.csv,sub-FC009_ses-2_task-renewal_fearROIs_bin_BN.csv
HC,FC009,2,renewal,8,9,19,3,sub-FC009_ses-2_task-renewal_fearROIs_bin_SN.csv,sub-FC009_ses-2_task-renewal_fearROIs_bin_BN.csv
HC,FC009,2,renewal,9,10,14,2,sub-FC009_ses-2_task-renewal_fearROIs_bin_SN.csv,sub-FC009_ses-2_task-renewal_fearROIs_bin_BN.csv
HC,FC009,2,renewal,10,11,3,1,sub-FC009_ses-2_task-renewal_fearROIs_bin_SN.csv,sub-FC009_ses-2_task-renewal_fearROIs_bin_BN.csv
HC,FC009,2,renewal,11,12,13,2,sub-FC009_ses-2_task-renewal_fearROIs_bin_SN.csv,sub-FC009_ses-2_task-renewal_fearROIs_bin_BN.csv
HC,FC009,2,renewal,12,13,2,1,sub-FC009_ses-2_task-renewal_fearROIs_bin_SN.csv,sub-FC009_ses-2_task-renewal_fearROIs_bin_BN.csv
HC,FC009,2,renewal,13,14,13,2,sub-FC009_ses-2_task-renewal_fearROIs_bin_SN.csv,sub-FC009_ses-2_task-renewal_fearROIs_bin_BN.csv
HC,FC009,2,renewal,14,15,7,1,sub-FC009_ses-2_task-renewal_fearROIs_bin_SN.csv,sub-FC009_ses-2_task-renewal_fearROIs_bin_BN.csv
HC,FC009,2,renewal,15,16,14,2,sub-FC009_ses-2_task-renewal_fearROIs_bin_SN.csv,sub-FC009_ses-2_task-renewal_fearROIs_bin_BN.csv
HC,FC009,2,renewal,16,17,28,4,sub-FC009_ses-2_task-renewal_fearROIs_bin_SN.csv,sub-FC009_ses-2_task-renewal_fearROIs_bin_BN.csv
HC,FC009,2,renewal,17,18,28,4,sub-FC009_ses-2_task-renewal_fearROIs_bin_SN.csv,sub-FC009_ses-2_task-renewal_fearROIs_bin_BN.csv
HC,FC009,2,renewal,18,19,26,4,sub-FC009_ses-2_task-renewal_fearROIs_bin_SN.csv,sub-FC009_ses-2_task-renewal_fearROIs_bin_BN.csv
HC,FC009,2,renewal,19,20,3,1,sub-FC009_ses-2_task-renewal_fearROIs_bin_SN.csv,sub-FC009_ses-2_task-renewal_fearROIs_bin_BN.csv
HC,FC009,2,renewal,20,21,18,3,sub-FC009_ses-2_task-renewal_fearROIs_bin_SN.csv,sub-FC009_ses-2_task-renewal_fearROIs_bin_BN.csv
HC,FC009,2,renewal,21,22,17,1,sub-FC009_ses-2_task-renewal_fearROIs_bin_SN.csv,sub-FC009_ses-2_task-renewal_fearROIs_bin_BN.csv
HC,FC009,2,renewal,22,23,15,2,sub-FC009_ses-2_task-renewal_fearROIs_bin_SN.csv,sub-FC009_ses-2_task-renewal_fearROIs_bin_BN.csv
HC,FC009,2,renewal,23,24,32,4,sub-FC009_ses-2_task-renewal_fearROIs_bin_SN.csv,sub-FC009_ses-2_task-renewal_fearROIs_bin_BN.csv
HC,FC009,2,renewal,24,25,17,1,sub-FC009_ses-2_task-renewal_fearROIs_bin_SN.csv,sub-FC009_ses-2_task-renewal_fearROIs_bin_BN.csv
HC,FC009,2,renewal,25,26,31,4,sub-FC009_ses-2_task-renewal_fearROIs_bin_SN.csv,sub-FC009_ses-2_task-renewal_fearROIs_bin_BN.csv
HC,FC009,2,renewal,26,27,32,4,sub-FC009_ses-2_task-renewal_fearROIs_bin_SN.csv,sub-FC009_ses-2_task-renewal_fearROIs_bin_BN.csv
HC,FC009,2,renewal,27,28,32,4,sub-FC009_ses-2_task-renewal_fearROIs_bin_SN.csv,sub-FC009_ses-2_task-renewal_fearROIs_bin_BN.csv
HC,FC009,2,renewal,28,29,14,2,sub-FC009_ses-2_task-renewal_fearROIs_bin_SN.csv,sub-FC009_ses-2_task-renewal_fearROIs_bin_BN.csv
HC,FC009,2,renewal,29,30,1,1,sub-FC009_ses-2_task-renewal_fearROIs_bin_SN.csv,sub-FC009_ses-2_task-renewal_fearROIs_bin_BN.csv
HC,FC009,2,renewal,30,31,1,1,sub-FC009_ses-2_task-renewal_fearROIs_bin_SN.csv,sub-FC009_ses-2_task-renewal_fearROIs_bin_BN.csv
HC,FC009,2,renewal,31,32,31,4,sub-FC009_ses-2_task-renewal_fearROIs_bin_SN.csv,sub-FC009_ses-2_task-renewal_fearROIs_bin_BN.csv
HC,FC009,2,renewal,32,33,4,3,sub-FC009_ses-2_task-renewal_fearROIs_bin_SN.csv,sub-FC009_ses-2_task-renewal_fearROIs_bin_BN.csv
HC,FC009,2,renewal,33,34,6,1,sub-FC009_ses-2_task-renewal_fearROIs_bin_SN.csv,sub-FC009_ses-2_task-renewal_fearROIs_bin_BN.csv
HC,FC009,2,renewal,34,35,21,1,sub-FC009_ses-2_task-renewal_fearROIs_bin_SN.csv,sub-FC009_ses-2_task-renewal_fearROIs_bin_BN.csv
HC,FC009,2,renewal,35,36,28,4,sub-FC009_ses-2_task-renewal_fearROIs_bin_SN.csv,sub-FC009_ses-2_task-renewal_fearROIs_bin_BN.csv
HC,FC009,2,renewal,36,37,2,1,sub-FC009_ses-2_task-renewal_fearROIs_bin_SN.csv,sub-FC009_ses-2_task-renewal_fearROIs_bin_BN.csv
HC,FC009,2,renewal,37,38,17,1,sub-FC009_ses-2_task-renewal_fearROIs_bin_SN.csv,sub-FC009_ses-2_task-renewal_fearROIs_bin_BN.csv
HC,FC009,2,renewal,38,39,17,1,sub-FC009_ses-2_task-renewal_fearROIs_bin_SN.csv,sub-FC009_ses-2_task-renewal_fearROIs_bin_BN.csv
HC,FC009,2,renewal,39,40,27,4,sub-FC009_ses-2_task-renewal_fearROIs_bin_SN.csv,sub-FC009_ses-2_task-renewal_fearROIs_bin_BN.csv
HC,FC009,2,renewal,40,41,14,2,sub-FC009_ses-2_task-renewal_fearROIs_bin_SN.csv,sub-FC009_ses-2_task-renewal_fearROIs_bin_BN.csv
HC,FC009,2,renewal,41,42,31,4,sub-FC009_ses-2_task-renewal_fearROIs_bin_SN.csv,sub-FC009_ses-2_task-renewal_fearROIs_bin_BN.csv
HC,FC009,2,renewal,42,43,20,3,sub-FC009_ses-2_task-renewal_fearROIs_bin_SN.csv,sub-FC009_ses-2_task-renewal_fearROIs_bin_BN.csv
HC,FC009,2,renewal,43,44,7,1,sub-FC009_ses-2_task-renewal_fearROIs_bin_SN.csv,sub-FC009_ses-2_task-renewal_fearROIs_bin_BN.csv
HC,FC009,2,renewal,44,45,2,1,sub-FC009_ses-2_task-renewal_fearROIs_bin_SN.csv,sub-FC009_ses-2_task-renewal_fearROIs_bin_BN.csv
HC,FC009,2,renewal,45,46,14,2,sub-FC009_ses-2_task-renewal_fearROIs_bin_SN.csv,sub-FC009_ses-2_task-renewal_fearROIs_bin_BN.csv
HC,FC009,2,renewal,46,47,25,1,sub-FC009_ses-2_task-renewal_fearROIs_bin_SN.csv,sub-FC009_ses-2_task-renewal_fearROIs_bin_BN.csv
HC,FC009,2,renewal,47,48,24,4,sub-FC009_ses-2_task-renewal_fearROIs_bin_SN.csv,sub-FC009_ses-2_task-renewal_fearROIs_bin_BN.csv
HC,FC009,2,renewal,48,49,16,4,sub-FC009_ses-2_task-renewal_fearROIs_bin_SN.csv,sub-FC009_ses-2_task-renewal_fearROIs_bin_BN.csv
HC,FC009,2,renewal,49,50,31,4,sub-FC009_ses-2_task-renewal_fearROIs_bin_SN.csv,sub-FC009_ses-2_task-renewal_fearROIs_bin_BN.csv
HC,FC009,2,renewal,50,51,3,1,sub-FC009_ses-2_task-renewal_fearROIs_bin_SN.csv,sub-FC009_ses-2_task-renewal_fearROIs_bin_BN.csv
HC,FC009,2,renewal,51,52,2,1,sub-FC009_ses-2_task-renewal_fearROIs_bin_SN.csv,sub-FC009_ses-2_task-renewal_fearROIs_bin_BN.csv
HC,FC009,2,renewal,52,53,5,1,sub-FC009_ses-2_task-renewal_fearROIs_bin_SN.csv,sub-FC009_ses-2_task-renewal_fearROIs_bin_BN.csv
HC,FC009,2,renewal,53,54,7,1,sub-FC009_ses-2_task-renewal_fearROIs_bin_SN.csv,sub-FC009_ses-2_task-renewal_fearROIs_bin_BN.csv
HC,FC009,2,renewal,54,55,16,4,sub-FC009_ses-2_task-renewal_fearROIs_bin_SN.csv,sub-FC009_ses-2_task-renewal_fearROIs_bin_BN.csv
HC,FC009,2,renewal,55,56,9,1,sub-FC009_ses-2_task-renewal_fearROIs_bin_SN.csv,sub-FC009_ses-2_task-renewal_fearROIs_bin_BN.csv
HC,FC009,2,renewal,56,57,9,1,sub-FC009_ses-2_task-renewal_fearROIs_bin_SN.csv,sub-FC009_ses-2_task-renewal_fearROIs_bin_BN.csv
HC,FC009,2,renewal,57,58,2,1,sub-FC009_ses-2_task-renewal_fearROIs_bin_SN.csv,sub-FC009_ses-2_task-renewal_fearROIs_bin_BN.csv
HC,FC009,2,renewal,58,59,24,4,sub-FC009_ses-2_task-renewal_fearROIs_bin_SN.csv,sub-FC009_ses-2_task-renewal_fearROIs_bin_BN.csv
HC,FC009,2,renewal,59,60,20,3,sub-FC009_ses-2_task-renewal_fearROIs_bin_SN.csv,sub-FC009_ses-2_task-renewal_fearROIs_bin_BN.csv
HC,FC009,2,renewal,60,61,17,1,sub-FC009_ses-2_task-renewal_fearROIs_bin_SN.csv,sub-FC009_ses-2_task-renewal_fearROIs_bin_BN.csv
HC,FC009,2,renewal,61,62,9,1,sub-FC009_ses-2_task-renewal_fearROIs_bin_SN.csv,sub-FC009_ses-2_task-renewal_fearROIs_bin_BN.csv
HC,FC009,2,renewal,62,63,23,4,sub-FC009_ses-2_task-renewal_fearROIs_bin_SN.csv,sub-FC009_ses-2_task-renewal_fearROIs_bin_BN.csv
HC,FC009,2,renewal,63,64,2,1,sub-FC009_ses-2_task-renewal_fearROIs_bin_SN.csv,sub-FC009_ses-2_task-renewal_fearROIs_bin_BN.csv
HC,FC009,2,renewal,64,65,4,3,sub-FC009_ses-2_task-renewal_fearROIs_bin_SN.csv,sub-FC009_ses-2_task-renewal_fearROIs_bin_BN.csv
HC,FC009,2,renewal,65,66,14,2,sub-FC009_ses-2_task-renewal_fearROIs_bin_SN.csv,sub-FC009_ses-2_task-renewal_fearROIs_bin_BN.csv
HC,FC009,2,renewal,66,67,29,2,sub-FC009_ses-2_task-renewal_fearROIs_bin_SN.csv,sub-FC009_ses-2_task-renewal_fearROIs_bin_BN.csv
HC,FC009,2,renewal,67,68,32,4,sub-FC009_ses-2_task-renewal_fearROIs_bin_SN.csv,sub-FC009_ses-2_task-renewal_fearROIs_bin_BN.csv
HC,FC009,2,renewal,68,69,32,4,sub-FC009_ses-2_task-renewal_fearROIs_bin_SN.csv,sub-FC009_ses-2_task-renewal_fearROIs_bin_BN.csv
HC,FC009,2,renewal,69,70,32,4,sub-FC009_ses-2_task-renewal_fearROIs_bin_SN.csv,sub-FC009_ses-2_task-renewal_fearROIs_bin_BN.csv
HC,FC009,2,renewal,70,71,32,4,sub-FC009_ses-2_task-renewal_fearROIs_bin_SN.csv,sub-FC009_ses-2_task-renewal_fearROIs_bin_BN.csv
HC,FC009,2,renewal,71,72,32,4,sub-FC009_ses-2_task-renewal_fearROIs_bin_SN.csv,sub-FC009_ses-2_task-renewal_fearROIs_bin_BN.csv
HC,FC009,2,renewal,72,73,31,4,sub-FC009_ses-2_task-renewal_fearROIs_bin_SN.csv,sub-FC009_ses-2_task-renewal_fearROIs_bin_BN.csv
HC,FC009,2,renewal,73,74,8,3,sub-FC009_ses-2_task-renewal_fearROIs_bin_SN.csv,sub-FC009_ses-2_task-renewal_fearROIs_bin_BN.csv
HC,FC009,2,renewal,74,75,9,1,sub-FC009_ses-2_task-renewal_fearROIs_bin_SN.csv,sub-FC009_ses-2_task-renewal_fearROIs_bin_BN.csv
HC,FC009,2,renewal,75,76,31,4,sub-FC009_ses-2_task-renewal_fearROIs_bin_SN.csv,sub-FC009_ses-2_task-renewal_fearROIs_bin_BN.csv
HC,FC009,2,renewal,76,77,20,3,sub-FC009_ses-2_task-renewal_fearROIs_bin_SN.csv,sub-FC009_ses-2_task-renewal_fearROIs_bin_BN.csv
HC,FC009,2,renewal,77,78,17,1,sub-FC009_ses-2_task-renewal_fearROIs_bin_SN.csv,sub-FC009_ses-2_task-renewal_fearROIs_bin_BN.csv
HC,FC009,2,renewal,78,79,17,1,sub-FC009_ses-2_task-renewal_fearROIs_bin_SN.csv,sub-FC009_ses-2_task-renewal_fearROIs_bin_BN.csv
HC,FC009,2,renewal,79,80,3,1,sub-FC009_ses-2_task-renewal_fearROIs_bin_SN.csv,sub-FC009_ses-2_task-renewal_fearROIs_bin_BN.csv
HC,FC009,2,renewal,80,81,2,1,sub-FC009_ses-2_task-renewal_fearROIs_bin_SN.csv,sub-FC009_ses-2_task-renewal_fearROIs_bin_BN.csv
HC,FC009,2,renewal,81,82,5,1,sub-FC009_ses-2_task-renewal_fearROIs_bin_SN.csv,sub-FC009_ses-2_task-renewal_fearROIs_bin_BN.csv
HC,FC010,2,renewal,0,1,23,4,sub-FC010_ses-2_task-renewal_fearROIs_bin_SN.csv,sub-FC010_ses-2_task-renewal_fearROIs_bin_BN.csv
HC,FC010,2,renewal,1,2,24,4,sub-FC010_ses-2_task-renewal_fearROIs_bin_SN.csv,sub-FC010_ses-2_task-renewal_fearROIs_bin_BN.csv
HC,FC010,2,renewal,2,3,28,4,sub-FC010_ses-2_task-renewal_fearROIs_bin_SN.csv,sub-FC010_ses-2_task-renewal_fearROIs_bin_BN.csv
HC,FC010,2,renewal,3,4,17,1,sub-FC010_ses-2_task-renewal_fearROIs_bin_SN.csv,sub-FC010_ses-2_task-renewal_fearROIs_bin_BN.csv
HC,FC010,2,renewal,4,5,30,4,sub-FC010_ses-2_task-renewal_fearROIs_bin_SN.csv,sub-FC010_ses-2_task-renewal_fearROIs_bin_BN.csv
HC,FC010,2,renewal,5,6,13,2,sub-FC010_ses-2_task-renewal_fearROIs_bin_SN.csv,sub-FC010_ses-2_task-renewal_fearROIs_bin_BN.csv
HC,FC010,2,renewal,6,7,24,4,sub-FC010_ses-2_task-renewal_fearROIs_bin_SN.csv,sub-FC010_ses-2_task-renewal_fearROIs_bin_BN.csv
HC,FC010,2,renewal,7,8,1,1,sub-FC010_ses-2_task-renewal_fearROIs_bin_SN.csv,sub-FC010_ses-2_task-renewal_fearROIs_bin_BN.csv
HC,FC010,2,renewal,8,9,14,2,sub-FC010_ses-2_task-renewal_fearROIs_bin_SN.csv,sub-FC010_ses-2_task-renewal_fearROIs_bin_BN.csv
HC,FC010,2,renewal,9,10,10,1,sub-FC010_ses-2_task-renewal_fearROIs_bin_SN.csv,sub-FC010_ses-2_task-renewal_fearROIs_bin_BN.csv
HC,FC010,2,renewal,10,11,31,4,sub-FC010_ses-2_task-renewal_fearROIs_bin_SN.csv,sub-FC010_ses-2_task-renewal_fearROIs_bin_BN.csv
HC,FC010,2,renewal,11,12,25,1,sub-FC010_ses-2_task-renewal_fearROIs_bin_SN.csv,sub-FC010_ses-2_task-renewal_fearROIs_bin_BN.csv
HC,FC010,2,renewal,12,13,13,2,sub-FC010_ses-2_task-renewal_fearROIs_bin_SN.csv,sub-FC010_ses-2_task-renewal_fearROIs_bin_BN.csv
HC,FC010,2,renewal,13,14,24,4,sub-FC010_ses-2_task-renewal_fearROIs_bin_SN.csv,sub-FC010_ses-2_task-renewal_fearROIs_bin_BN.csv
HC,FC010,2,renewal,14,15,24,4,sub-FC010_ses-2_task-renewal_fearROIs_bin_SN.csv,sub-FC010_ses-2_task-renewal_fearROIs_bin_BN.csv
HC,FC010,2,renewal,15,16,4,3,sub-FC010_ses-2_task-renewal_fearROIs_bin_SN.csv,sub-FC010_ses-2_task-renewal_fearROIs_bin_BN.csv
HC,FC010,2,renewal,16,17,10,1,sub-FC010_ses-2_task-renewal_fearROIs_bin_SN.csv,sub-FC010_ses-2_task-renewal_fearROIs_bin_BN.csv
HC,FC010,2,renewal,17,18,5,1,sub-FC010_ses-2_task-renewal_fearROIs_bin_SN.csv,sub-FC010_ses-2_task-renewal_fearROIs_bin_BN.csv
HC,FC010,2,renewal,18,19,23,4,sub-FC010_ses-2_task-renewal_fearROIs_bin_SN.csv,sub-FC010_ses-2_task-renewal_fearROIs_bin_BN.csv
HC,FC010,2,renewal,19,20,31,4,sub-FC010_ses-2_task-renewal_fearROIs_bin_SN.csv,sub-FC010_ses-2_task-renewal_fearROIs_bin_BN.csv
HC,FC010,2,renewal,20,21,14,2,sub-FC010_ses-2_task-renewal_fearROIs_bin_SN.csv,sub-FC010_ses-2_task-renewal_fearROIs_bin_BN.csv
HC,FC010,2,renewal,21,22,15,2,sub-FC010_ses-2_task-renewal_fearROIs_bin_SN.csv,sub-FC010_ses-2_task-renewal_fearROIs_bin_BN.csv
HC,FC010,2,renewal,22,23,3,1,sub-FC010_ses-2_task-renewal_fearROIs_bin_SN.csv,sub-FC010_ses-2_task-renewal_fearROIs_bin_BN.csv
HC,FC010,2,renewal,23,24,1,1,sub-FC010_ses-2_task-renewal_fearROIs_bin_SN.csv,sub-FC010_ses-2_task-renewal_fearROIs_bin_BN.csv
HC,FC010,2,renewal,24,25,2,1,sub-FC010_ses-2_task-renewal_fearROIs_bin_SN.csv,sub-FC010_ses-2_task-renewal_fearROIs_bin_BN.csv
HC,FC010,2,renewal,25,26,20,3,sub-FC010_ses-2_task-renewal_fearROIs_bin_SN.csv,sub-FC010_ses-2_task-renewal_fearROIs_bin_BN.csv
HC,FC010,2,renewal,26,27,20,3,sub-FC010_ses-2_task-renewal_fearROIs_bin_SN.csv,sub-FC010_ses-2_task-renewal_fearROIs_bin_BN.csv
HC,FC010,2,renewal,27,28,24,4,sub-FC010_ses-2_task-renewal_fearROIs_bin_SN.csv,sub-FC010_ses-2_task-renewal_fearROIs_bin_BN.csv
HC,FC010,2,renewal,28,29,5,1,sub-FC010_ses-2_task-renewal_fearROIs_bin_SN.csv,sub-FC010_ses-2_task-renewal_fearROIs_bin_BN.csv
HC,FC010,2,renewal,29,30,1,1,sub-FC010_ses-2_task-renewal_fearROIs_bin_SN.csv,sub-FC010_ses-2_task-renewal_fearROIs_bin_BN.csv
HC,FC010,2,renewal,30,31,17,1,sub-FC010_ses-2_task-renewal_fearROIs_bin_SN.csv,sub-FC010_ses-2_task-renewal_fearROIs_bin_BN.csv
HC,FC010,2,renewal,31,32,31,4,sub-FC010_ses-2_task-renewal_fearROIs_bin_SN.csv,sub-FC010_ses-2_task-renewal_fearROIs_bin_BN.csv
HC,FC010,2,renewal,32,33,29,2,sub-FC010_ses-2_task-renewal_fearROIs_bin_SN.csv,sub-FC010_ses-2_task-renewal_fearROIs_bin_BN.csv
HC,FC010,2,renewal,33,34,29,2,sub-FC010_ses-2_task-renewal_fearROIs_bin_SN.csv,sub-FC010_ses-2_task-renewal_fearROIs_bin_BN.csv
HC,FC010,2,renewal,34,35,1,1,sub-FC010_ses-2_task-renewal_fearROIs_bin_SN.csv,sub-FC010_ses-2_task-renewal_fearROIs_bin_BN.csv
HC,FC010,2,renewal,35,36,19,3,sub-FC010_ses-2_task-renewal_fearROIs_bin_SN.csv,sub-FC010_ses-2_task-renewal_fearROIs_bin_BN.csv
HC,FC010,2,renewal,36,37,17,1,sub-FC010_ses-2_task-renewal_fearROIs_bin_SN.csv,sub-FC010_ses-2_task-renewal_fearROIs_bin_BN.csv
HC,FC010,2,renewal,37,38,20,3,sub-FC010_ses-2_task-renewal_fearROIs_bin_SN.csv,sub-FC010_ses-2_task-renewal_fearROIs_bin_BN.csv
HC,FC010,2,renewal,38,39,18,3,sub-FC010_ses-2_task-renewal_fearROIs_bin_SN.csv,sub-FC010_ses-2_task-renewal_fearROIs_bin_BN.csv
HC,FC010,2,renewal,39,40,32,4,sub-FC010_ses-2_task-renewal_fearROIs_bin_SN.csv,sub-FC010_ses-2_task-renewal_fearROIs_bin_BN.csv
HC,FC010,2,renewal,40,41,20,3,sub-FC010_ses-2_task-renewal_fearROIs_bin_SN.csv,sub-FC010_ses-2_task-renewal_fearROIs_bin_BN.csv
HC,FC010,2,renewal,41,42,28,4,sub-FC010_ses-2_task-renewal_fearROIs_bin_SN.csv,sub-FC010_ses-2_task-renewal_fearROIs_bin_BN.csv
HC,FC010,2,renewal,42,43,10,1,sub-FC010_ses-2_task-renewal_fearROIs_bin_SN.csv,sub-FC010_ses-2_task-renewal_fearROIs_bin_BN.csv
HC,FC010,2,renewal,43,44,10,1,sub-FC010_ses-2_task-renewal_fearROIs_bin_SN.csv,sub-FC010_ses-2_task-renewal_fearROIs_bin_BN.csv
HC,FC010,2,renewal,44,45,12,3,sub-FC010_ses-2_task-renewal_fearROIs_bin_SN.csv,sub-FC010_ses-2_task-renewal_fearROIs_bin_BN.csv
HC,FC010,2,renewal,45,46,12,3,sub-FC010_ses-2_task-renewal_fearROIs_bin_SN.csv,sub-FC010_ses-2_task-renewal_fearROIs_bin_BN.csv
HC,FC010,2,renewal,46,47,13,2,sub-FC010_ses-2_task-renewal_fearROIs_bin_SN.csv,sub-FC010_ses-2_task-renewal_fearROIs_bin_BN.csv
HC,FC010,2,renewal,47,48,25,1,sub-FC010_ses-2_task-renewal_fearROIs_bin_SN.csv,sub-FC010_ses-2_task-renewal_fearROIs_bin_BN.csv
HC,FC010,2,renewal,48,49,31,4,sub-FC010_ses-2_task-renewal_fearROIs_bin_SN.csv,sub-FC010_ses-2_task-renewal_fearROIs_bin_BN.csv
HC,FC010,2,renewal,49,50,23,4,sub-FC010_ses-2_task-renewal_fearROIs_bin_SN.csv,sub-FC010_ses-2_task-renewal_fearROIs_bin_BN.csv
HC,FC010,2,renewal,50,51,1,1,sub-FC010_ses-2_task-renewal_fearROIs_bin_SN.csv,sub-FC010_ses-2_task-renewal_fearROIs_bin_BN.csv
HC,FC010,2,renewal,51,52,13,2,sub-FC010_ses-2_task-renewal_fearROIs_bin_SN.csv,sub-FC010_ses-2_task-renewal_fearROIs_bin_BN.csv
HC,FC010,2,renewal,52,53,5,1,sub-FC010_ses-2_task-renewal_fearROIs_bin_SN.csv,sub-FC010_ses-2_task-renewal_fearROIs_bin_BN.csv
HC,FC010,2,renewal,53,54,7,1,sub-FC010_ses-2_task-renewal_fearROIs_bin_SN.csv,sub-FC010_ses-2_task-renewal_fearROIs_bin_BN.csv
HC,FC010,2,renewal,54,55,5,1,sub-FC010_ses-2_task-renewal_fearROIs_bin_SN.csv,sub-FC010_ses-2_task-renewal_fearROIs_bin_BN.csv
HC,FC010,2,renewal,55,56,5,1,sub-FC010_ses-2_task-renewal_fearROIs_bin_SN.csv,sub-FC010_ses-2_task-renewal_fearROIs_bin_BN.csv
HC,FC010,2,renewal,56,57,5,1,sub-FC010_ses-2_task-renewal_fearROIs_bin_SN.csv,sub-FC010_ses-2_task-renewal_fearROIs_bin_BN.csv
HC,FC010,2,renewal,57,58,15,2,sub-FC010_ses-2_task-renewal_fearROIs_bin_SN.csv,sub-FC010_ses-2_task-renewal_fearROIs_bin_BN.csv
HC,FC010,2,renewal,58,59,28,4,sub-FC010_ses-2_task-renewal_fearROIs_bin_SN.csv,sub-FC010_ses-2_task-renewal_fearROIs_bin_BN.csv
HC,FC010,2,renewal,59,60,28,4,sub-FC010_ses-2_task-renewal_fearROIs_bin_SN.csv,sub-FC010_ses-2_task-renewal_fearROIs_bin_BN.csv
HC,FC010,2,renewal,60,61,8,3,sub-FC010_ses-2_task-renewal_fearROIs_bin_SN.csv,sub-FC010_ses-2_task-renewal_fearROIs_bin_BN.csv
HC,FC010,2,renewal,61,62,15,2,sub-FC010_ses-2_task-renewal_fearROIs_bin_SN.csv,sub-FC010_ses-2_task-renewal_fearROIs_bin_BN.csv
HC,FC010,2,renewal,62,63,14,2,sub-FC010_ses-2_task-renewal_fearROIs_bin_SN.csv,sub-FC010_ses-2_task-renewal_fearROIs_bin_BN.csv
HC,FC010,2,renewal,63,64,28,4,sub-FC010_ses-2_task-renewal_fearROIs_bin_SN.csv,sub-FC010_ses-2_task-renewal_fearROIs_bin_BN.csv
HC,FC010,2,renewal,64,65,28,4,sub-FC010_ses-2_task-renewal_fearROIs_bin_SN.csv,sub-FC010_ses-2_task-renewal_fearROIs_bin_BN.csv
HC,FC010,2,renewal,65,66,14,2,sub-FC010_ses-2_task-renewal_fearROIs_bin_SN.csv,sub-FC010_ses-2_task-renewal_fearROIs_bin_BN.csv
HC,FC010,2,renewal,66,67,14,2,sub-FC010_ses-2_task-renewal_fearROIs_bin_SN.csv,sub-FC010_ses-2_task-renewal_fearROIs_bin_BN.csv
HC,FC010,2,renewal,67,68,24,4,sub-FC010_ses-2_task-renewal_fearROIs_bin_SN.csv,sub-FC010_ses-2_task-renewal_fearROIs_bin_BN.csv
HC,FC010,2,renewal,68,69,2,1,sub-FC010_ses-2_task-renewal_fearROIs_bin_SN.csv,sub-FC010_ses-2_task-renewal_fearROIs_bin_BN.csv
HC,FC010,2,renewal,69,70,19,3,sub-FC010_ses-2_task-renewal_fearROIs_bin_SN.csv,sub-FC010_ses-2_task-renewal_fearROIs_bin_BN.csv
HC,FC010,2,renewal,70,71,32,4,sub-FC010_ses-2_task-renewal_fearROIs_bin_SN.csv,sub-FC010_ses-2_task-renewal_fearROIs_bin_BN.csv
HC,FC010,2,renewal,71,72,20,3,sub-FC010_ses-2_task-renewal_fearROIs_bin_SN.csv,sub-FC010_ses-2_task-renewal_fearROIs_bin_BN.csv
HC,FC010,2,renewal,72,73,20,3,sub-FC010_ses-2_task-renewal_fearROIs_bin_SN.csv,sub-FC010_ses-2_task-renewal_fearROIs_bin_BN.csv
HC,FC010,2,renewal,73,74,12,3,sub-FC010_ses-2_task-renewal_fearROIs_bin_SN.csv,sub-FC010_ses-2_task-renewal_fearROIs_bin_BN.csv
HC,FC010,2,renewal,74,75,13,2,sub-FC010_ses-2_task-renewal_fearROIs_bin_SN.csv,sub-FC010_ses-2_task-renewal_fearROIs_bin_BN.csv
HC,FC010,2,renewal,75,76,1,1,sub-FC010_ses-2_task-renewal_fearROIs_bin_SN.csv,sub-FC010_ses-2_task-renewal_fearROIs_bin_BN.csv
HC,FC010,2,renewal,76,77,1,1,sub-FC010_ses-2_task-renewal_fearROIs_bin_SN.csv,sub-FC010_ses-2_task-renewal_fearROIs_bin_BN.csv
HC,FC010,2,renewal,77,78,3,1,sub-FC010_ses-2_task-renewal_fearROIs_bin_SN.csv,sub-FC010_ses-2_task-renewal_fearROIs_bin_BN.csv
HC,FC010,2,renewal,78,79,31,4,sub-FC010_ses-2_task-renewal_fearROIs_bin_SN.csv,sub-FC010_ses-2_task-renewal_fearROIs_bin_BN.csv
HC,FC010,2,renewal,79,80,32,4,sub-FC010_ses-2_task-renewal_fearROIs_bin_SN.csv,sub-FC010_ses-2_task-renewal_fearROIs_bin_BN.csv
HC,FC010,2,renewal,80,81,23,4,sub-FC010_ses-2_task-renewal_fearROIs_bin_SN.csv,sub-FC010_ses-2_task-renewal_fearROIs_bin_BN.csv
HC,FC010,2,renewal,81,82,17,1,sub-FC010_ses-2_task-renewal_fearROIs_bin_SN.csv,sub-FC010_ses-2_task-renewal_fearROIs_bin_BN.csv
HC,FC010,2,renewal,82,83,25,1,sub-FC010_ses-2_task-renewal_fearROIs_bin_SN.csv,sub-FC010_ses-2_task-renewal_fearROIs_bin_BN.csv
HC,FC010,2,renewal,83,84,20,3,sub-FC010_ses-2_task-renewal_fearROIs_bin_SN.csv,sub-FC010_ses-2_task-renewal_fearROIs_bin_BN.csv
HC,FC010,2,renewal,84,85,4,3,sub-FC010_ses-2_task-renewal_fearROIs_bin_SN.csv,sub-FC010_ses-2_task-renewal_fearROIs_bin_BN.csv
HC,FC010,2,renewal,85,86,30,4,sub-FC010_ses-2_task-renewal_fearROIs_bin_SN.csv,sub-FC010_ses-2_task-renewal_fearROIs_bin_BN.csv
HC,FC010,2,renewal,86,87,2,1,sub-FC010_ses-2_task-renewal_fearROIs_bin_SN.csv,sub-FC010_ses-2_task-renewal_fearROIs_bin_BN.csv
HC,FC010,2,renewal,87,88,14,2,sub-FC010_ses-2_task-renewal_fearROIs_bin_SN.csv,sub-FC010_ses-2_task-renewal_fearROIs_bin_BN.csv
HC,FC010,2,renewal,88,89,13,2,sub-FC010_ses-2_task-renewal_fearROIs_bin_SN.csv,sub-FC010_ses-2_task-renewal_fearROIs_bin_BN.csv
HC,FC010,2,renewal,89,90,1,1,sub-FC010_ses-2_task-renewal_fearROIs_bin_SN.csv,sub-FC010_ses-2_task-renewal_fearROIs_bin_BN.csv
HC,FC010,2,renewal,90,91,17,1,sub-FC010_ses-2_task-renewal_fearROIs_bin_SN.csv,sub-FC010_ses-2_task-renewal_fearROIs_bin_BN.csv
HC,FC010,2,renewal,91,92,14,2,sub-FC010_ses-2_task-renewal_fearROIs_bin_SN.csv,sub-FC010_ses-2_task-renewal_fearROIs_bin_BN.csv
HC,FC010,2,renewal,92,93,4,3,sub-FC010_ses-2_task-renewal_fearROIs_bin_SN.csv,sub-FC010_ses-2_task-renewal_fearROIs_bin_BN.csv
HC,FC010,2,renewal,93,94,20,3,sub-FC010_ses-2_task-renewal_fearROIs_bin_SN.csv,sub-FC010_ses-2_task-renewal_fearROIs_bin_BN.csv
HC,FC010,2,renewal,94,95,19,3,sub-FC010_ses-2_task-renewal_fearROIs_bin_SN.csv,sub-FC010_ses-2_task-renewal_fearROIs_bin_BN.csv
HC,FC010,2,renewal,95,96,1,1,sub-FC010_ses-2_task-renewal_fearROIs_bin_SN.csv,sub-FC010_ses-2_task-renewal_fearROIs_bin_BN.csv
HC,FC010,2,renewal,96,97,17,1,sub-FC010_ses-2_task-renewal_fearROIs_bin_SN.csv,sub-FC010_ses-2_task-renewal_fearROIs_bin_BN.csv
HC,FC010,2,renewal,97,98,13,2,sub-FC010_ses-2_task-renewal_fearROIs_bin_SN.csv,sub-FC010_ses-2_task-renewal_fearROIs_bin_BN.csv
HC,FC010,2,renewal,98,99,13,2,sub-FC010_ses-2_task-renewal_fearROIs_bin_SN.csv,sub-FC010_ses-2_task-renewal_fearROIs_bin_BN.csv
HC,FC010,2,renewal,99,100,29,2,sub-FC010_ses-2_task-renewal_fearROIs_bin_SN.csv,sub-FC010_ses-2_task-renewal_fearROIs_bin_BN.csv
HC,FC010,2,renewal,100,101,28,4,sub-FC010_ses-2_task-renewal_fearROIs_bin_SN.csv,sub-FC010_ses-2_task-renewal_fearROIs_bin_BN.csv
HC,FC010,2,renewal,101,102,18,3,sub-FC010_ses-2_task-renewal_fearROIs_bin_SN.csv,sub-FC010_ses-2_task-renewal_fearROIs_bin_BN.csv
HC,FC010,2,renewal,102,103,6,1,sub-FC010_ses-2_task-renewal_fearROIs_bin_SN.csv,sub-FC010_ses-2_task-renewal_fearROIs_bin_BN.csv
HC,FC010,2,renewal,103,104,8,3,sub-FC010_ses-2_task-renewal_fearROIs_bin_SN.csv,sub-FC010_ses-2_task-renewal_fearROIs_bin_BN.csv
HC,FC010,2,renewal,104,105,19,3,sub-FC010_ses-2_task-renewal_fearROIs_bin_SN.csv,sub-FC010_ses-2_task-renewal_fearROIs_bin_BN.csv
HC,FC010,2,renewal,105,106,24,4,sub-FC010_ses-2_task-renewal_fearROIs_bin_SN.csv,sub-FC010_ses-2_task-renewal_fearROIs_bin_BN.csv
HC,FC010,2,renewal,106,107,15,2,sub-FC010_ses-2_task-renewal_fearROIs_bin_SN.csv,sub-FC010_ses-2_task-renewal_fearROIs_bin_BN.csv
HC,FC010,2,renewal,107,108,29,2,sub-FC010_ses-2_task-renewal_fearROIs_bin_SN.csv,sub-FC010_ses-2_task-renewal_fearROIs_bin_BN.csv
HC,FC010,2,renewal,108,109,13,2,sub-FC010_ses-2_task-renewal_fearROIs_bin_SN.csv,sub-FC010_ses-2_task-renewal_fearROIs_bin_BN.csv
HC,FC010,2,renewal,109,110,10,1,sub-FC010_ses-2_task-renewal_fearROIs_bin_SN.csv,sub-FC010_ses-2_task-renewal_fearROIs_bin_BN.csv
HC,FC010,2,renewal,110,111,10,1,sub-FC010_ses-2_task-renewal_fearROIs_bin_SN.csv,sub-FC010_ses-2_task-renewal_fearROIs_bin_BN.csv
HC,FC010,2,renewal,111,112,14,2,sub-FC010_ses-2_task-renewal_fearROIs_bin_SN.csv,sub-FC010_ses-2_task-renewal_fearROIs_bin_BN.csv
HC,FC010,2,renewal,112,113,13,2,sub-FC010_ses-2_task-renewal_fearROIs_bin_SN.csv,sub-FC010_ses-2_task-renewal_fearROIs_bin_BN.csv
HC,FC010,2,renewal,113,114,14,2,sub-FC010_ses-2_task-renewal_fearROIs_bin_SN.csv,sub-FC010_ses-2_task-renewal_fearROIs_bin_BN.csv
HC,FC010,2,renewal,114,115,32,4,sub-FC010_ses-2_task-renewal_fearROIs_bin_SN.csv,sub-FC010_ses-2_task-renewal_fearROIs_bin_BN.csv
HC,FC010,2,renewal,115,116,19,3,sub-FC010_ses-2_task-renewal_fearROIs_bin_SN.csv,sub-FC010_ses-2_task-renewal_fearROIs_bin_BN.csv
HC,FC010,2,renewal,116,117,28,4,sub-FC010_ses-2_task-renewal_fearROIs_bin_SN.csv,sub-FC010_ses-2_task-renewal_fearROIs_bin_BN.csv
HC,FC010,2,renewal,117,118,4,3,sub-FC010_ses-2_task-renewal_fearROIs_bin_SN.csv,sub-FC010_ses-2_task-renewal_fearROIs_bin_BN.csv
HC,FC010,2,renewal,118,119,32,4,sub-FC010_ses-2_task-renewal_fearROIs_bin_SN.csv,sub-FC010_ses-2_task-renewal_fearROIs_bin_BN.csv
HC,FC010,2,renewal,119,120,20,3,sub-FC010_ses-2_task-renewal_fearROIs_bin_SN.csv,sub-FC010_ses-2_task-renewal_fearROIs_bin_BN.csv
HC,FC010,2,renewal,120,121,23,4,sub-FC010_ses-2_task-renewal_fearROIs_bin_SN.csv,sub-FC010_ses-2_task-renewal_fearROIs_bin_BN.csv
HC,FC010,2,renewal,121,122,31,4,sub-FC010_ses-2_task-renewal_fearROIs_bin_SN.csv,sub-FC010_ses-2_task-renewal_fearROIs_bin_BN.csv
HC,FC010,2,renewal,122,123,9,1,sub-FC010_ses-2_task-renewal_fearROIs_bin_SN.csv,sub-FC010_ses-2_task-renewal_fearROIs_bin_BN.csv
HC,FC010,2,renewal,123,124,1,1,sub-FC010_ses-2_task-renewal_fearROIs_bin_SN.csv,sub-FC010_ses-2_task-renewal_fearROIs_bin_BN.csv
HC,FC010,2,renewal,124,125,12,3,sub-FC010_ses-2_task-renewal_fearROIs_bin_SN.csv,sub-FC010_ses-2_task-renewal_fearROIs_bin_BN.csv
HC,FC012,2,renewal,0,1,19,3,sub-FC012_ses-2_task-renewal_fearROIs_bin_SN.csv,sub-FC012_ses-2_task-renewal_fearROIs_bin_BN.csv
HC,FC012,2,renewal,1,2,17,1,sub-FC012_ses-2_task-renewal_fearROIs_bin_SN.csv,sub-FC012_ses-2_task-renewal_fearROIs_bin_BN.csv
HC,FC012,2,renewal,2,3,1,1,sub-FC012_ses-2_task-renewal_fearROIs_bin_SN.csv,sub-FC012_ses-2_task-renewal_fearROIs_bin_BN.csv
HC,FC012,2,renewal,3,4,32,4,sub-FC012_ses-2_task-renewal_fearROIs_bin_SN.csv,sub-FC012_ses-2_task-renewal_fearROIs_bin_BN.csv
HC,FC012,2,renewal,4,5,29,2,sub-FC012_ses-2_task-renewal_fearROIs_bin_SN.csv,sub-FC012_ses-2_task-renewal_fearROIs_bin_BN.csv
HC,FC012,2,renewal,5,6,32,4,sub-FC012_ses-2_task-renewal_fearROIs_bin_SN.csv,sub-FC012_ses-2_task-renewal_fearROIs_bin_BN.csv
HC,FC012,2,renewal,6,7,1,1,sub-FC012_ses-2_task-renewal_fearROIs_bin_SN.csv,sub-FC012_ses-2_task-renewal_fearROIs_bin_BN.csv
HC,FC012,2,renewal,7,8,22,4,sub-FC012_ses-2_task-renewal_fearROIs_bin_SN.csv,sub-FC012_ses-2_task-renewal_fearROIs_bin_BN.csv
HC,FC012,2,renewal,8,9,8,3,sub-FC012_ses-2_task-renewal_fearROIs_bin_SN.csv,sub-FC012_ses-2_task-renewal_fearROIs_bin_BN.csv
HC,FC012,2,renewal,9,10,32,4,sub-FC012_ses-2_task-renewal_fearROIs_bin_SN.csv,sub-FC012_ses-2_task-renewal_fearROIs_bin_BN.csv
HC,FC012,2,renewal,10,11,8,3,sub-FC012_ses-2_task-renewal_fearROIs_bin_SN.csv,sub-FC012_ses-2_task-renewal_fearROIs_bin_BN.csv
HC,FC012,2,renewal,11,12,13,2,sub-FC012_ses-2_task-renewal_fearROIs_bin_SN.csv,sub-FC012_ses-2_task-renewal_fearROIs_bin_BN.csv
HC,FC012,2,renewal,12,13,31,4,sub-FC012_ses-2_task-renewal_fearROIs_bin_SN.csv,sub-FC012_ses-2_task-renewal_fearROIs_bin_BN.csv
HC,FC012,2,renewal,13,14,5,1,sub-FC012_ses-2_task-renewal_fearROIs_bin_SN.csv,sub-FC012_ses-2_task-renewal_fearROIs_bin_BN.csv
HC,FC012,2,renewal,14,15,4,3,sub-FC012_ses-2_task-renewal_fearROIs_bin_SN.csv,sub-FC012_ses-2_task-renewal_fearROIs_bin_BN.csv
HC,FC012,2,renewal,15,16,1,1,sub-FC012_ses-2_task-renewal_fearROIs_bin_SN.csv,sub-FC012_ses-2_task-renewal_fearROIs_bin_BN.csv
HC,FC012,2,renewal,16,17,12,3,sub-FC012_ses-2_task-renewal_fearROIs_bin_SN.csv,sub-FC012_ses-2_task-renewal_fearROIs_bin_BN.csv
HC,FC012,2,renewal,17,18,32,4,sub-FC012_ses-2_task-renewal_fearROIs_bin_SN.csv,sub-FC012_ses-2_task-renewal_fearROIs_bin_BN.csv
HC,FC012,2,renewal,18,19,4,3,sub-FC012_ses-2_task-renewal_fearROIs_bin_SN.csv,sub-FC012_ses-2_task-renewal_fearROIs_bin_BN.csv
HC,FC012,2,renewal,19,20,27,4,sub-FC012_ses-2_task-renewal_fearROIs_bin_SN.csv,sub-FC012_ses-2_task-renewal_fearROIs_bin_BN.csv
HC,FC012,2,renewal,20,21,4,3,sub-FC012_ses-2_task-renewal_fearROIs_bin_SN.csv,sub-FC012_ses-2_task-renewal_fearROIs_bin_BN.csv
HC,FC012,2,renewal,21,22,15,2,sub-FC012_ses-2_task-renewal_fearROIs_bin_SN.csv,sub-FC012_ses-2_task-renewal_fearROIs_bin_BN.csv
HC,FC012,2,renewal,22,23,31,4,sub-FC012_ses-2_task-renewal_fearROIs_bin_SN.csv,sub-FC012_ses-2_task-renewal_fearROIs_bin_BN.csv
HC,FC012,2,renewal,23,24,10,1,sub-FC012_ses-2_task-renewal_fearROIs_bin_SN.csv,sub-FC012_ses-2_task-renewal_fearROIs_bin_BN.csv
HC,FC012,2,renewal,24,25,5,1,sub-FC012_ses-2_task-renewal_fearROIs_bin_SN.csv,sub-FC012_ses-2_task-renewal_fearROIs_bin_BN.csv
HC,FC012,2,renewal,25,26,4,3,sub-FC012_ses-2_task-renewal_fearROIs_bin_SN.csv,sub-FC012_ses-2_task-renewal_fearROIs_bin_BN.csv
HC,FC012,2,renewal,26,27,16,4,sub-FC012_ses-2_task-renewal_fearROIs_bin_SN.csv,sub-FC012_ses-2_task-renewal_fearROIs_bin_BN.csv
HC,FC012,2,renewal,27,28,16,4,sub-FC012_ses-2_task-renewal_fearROIs_bin_SN.csv,sub-FC012_ses-2_task-renewal_fearROIs_bin_BN.csv
HC,FC012,2,renewal,28,29,14,2,sub-FC012_ses-2_task-renewal_fearROIs_bin_SN.csv,sub-FC012_ses-2_task-renewal_fearROIs_bin_BN.csv
HC,FC012,2,renewal,29,30,5,1,sub-FC012_ses-2_task-renewal_fearROIs_bin_SN.csv,sub-FC012_ses-2_task-renewal_fearROIs_bin_BN.csv
HC,FC012,2,renewal,30,31,31,4,sub-FC012_ses-2_task-renewal_fearROIs_bin_SN.csv,sub-FC012_ses-2_task-renewal_fearROIs_bin_BN.csv
HC,FC012,2,renewal,31,32,23,4,sub-FC012_ses-2_task-renewal_fearROIs_bin_SN.csv,sub-FC012_ses-2_task-renewal_fearROIs_bin_BN.csv
HC,FC012,2,renewal,32,33,24,4,sub-FC012_ses-2_task-renewal_fearROIs_bin_SN.csv,sub-FC012_ses-2_task-renewal_fearROIs_bin_BN.csv
HC,FC012,2,renewal,33,34,11,1,sub-FC012_ses-2_task-renewal_fearROIs_bin_SN.csv,sub-FC012_ses-2_task-renewal_fearROIs_bin_BN.csv
HC,FC012,2,renewal,34,35,26,4,sub-FC012_ses-2_task-renewal_fearROIs_bin_SN.csv,sub-FC012_ses-2_task-renewal_fearROIs_bin_BN.csv
HC,FC012,2,renewal,35,36,4,3,sub-FC012_ses-2_task-renewal_fearROIs_bin_SN.csv,sub-FC012_ses-2_task-renewal_fearROIs_bin_BN.csv
HC,FC012,2,renewal,36,37,14,2,sub-FC012_ses-2_task-renewal_fearROIs_bin_SN.csv,sub-FC012_ses-2_task-renewal_fearROIs_bin_BN.csv
HC,FC012,2,renewal,37,38,26,4,sub-FC012_ses-2_task-renewal_fearROIs_bin_SN.csv,sub-FC012_ses-2_task-renewal_fearROIs_bin_BN.csv
HC,FC012,2,renewal,38,39,27,4,sub-FC012_ses-2_task-renewal_fearROIs_bin_SN.csv,sub-FC012_ses-2_task-renewal_fearROIs_bin_BN.csv
HC,FC012,2,renewal,39,40,13,2,sub-FC012_ses-2_task-renewal_fearROIs_bin_SN.csv,sub-FC012_ses-2_task-renewal_fearROIs_bin_BN.csv
HC,FC012,2,renewal,40,41,17,1,sub-FC012_ses-2_task-renewal_fearROIs_bin_SN.csv,sub-FC012_ses-2_task-renewal_fearROIs_bin_BN.csv
HC,FC012,2,renewal,41,42,25,1,sub-FC012_ses-2_task-renewal_fearROIs_bin_SN.csv,sub-FC012_ses-2_task-renewal_fearROIs_bin_BN.csv
HC,FC012,2,renewal,42,43,31,4,sub-FC012_ses-2_task-renewal_fearROIs_bin_SN.csv,sub-FC012_ses-2_task-renewal_fearROIs_bin_BN.csv
HC,FC012,2,renewal,43,44,9,1,sub-FC012_ses-2_task-renewal_fearROIs_bin_SN.csv,sub-FC012_ses-2_task-renewal_fearROIs_bin_BN.csv
HC,FC012,2,renewal,44,45,24,4,sub-FC012_ses-2_task-renewal_fearROIs_bin_SN.csv,sub-FC012_ses-2_task-renewal_fearROIs_bin_BN.csv
HC,FC012,2,renewal,45,46,20,3,sub-FC012_ses-2_task-renewal_fearROIs_bin_SN.csv,sub-FC012_ses-2_task-renewal_fearROIs_bin_BN.csv
HC,FC012,2,renewal,46,47,20,3,sub-FC012_ses-2_task-renewal_fearROIs_bin_SN.csv,sub-FC012_ses-2_task-renewal_fearROIs_bin_BN.csv
HC,FC012,2,renewal,47,48,2,1,sub-FC012_ses-2_task-renewal_fearROIs_bin_SN.csv,sub-FC012_ses-2_task-renewal_fearROIs_bin_BN.csv
HC,FC012,2,renewal,48,49,18,3,sub-FC012_ses-2_task-renewal_fearROIs_bin_SN.csv,sub-FC012_ses-2_task-renewal_fearROIs_bin_BN.csv
HC,FC012,2,renewal,49,50,24,4,sub-FC012_ses-2_task-renewal_fearROIs_bin_SN.csv,sub-FC012_ses-2_task-renewal_fearROIs_bin_BN.csv
HC,FC012,2,renewal,50,51,20,3,sub-FC012_ses-2_task-renewal_fearROIs_bin_SN.csv,sub-FC012_ses-2_task-renewal_fearROIs_bin_BN.csv
HC,FC012,2,renewal,51,52,1,1,sub-FC012_ses-2_task-renewal_fearROIs_bin_SN.csv,sub-FC012_ses-2_task-renewal_fearROIs_bin_BN.csv
HC,FC012,2,renewal,52,53,1,1,sub-FC012_ses-2_task-renewal_fearROIs_bin_SN.csv,sub-FC012_ses-2_task-renewal_fearROIs_bin_BN.csv
HC,FC012,2,renewal,53,54,5,1,sub-FC012_ses-2_task-renewal_fearROIs_bin_SN.csv,sub-FC012_ses-2_task-renewal_fearROIs_bin_BN.csv
HC,FC012,2,renewal,54,55,20,3,sub-FC012_ses-2_task-renewal_fearROIs_bin_SN.csv,sub-FC012_ses-2_task-renewal_fearROIs_bin_BN.csv
HC,FC012,2,renewal,55,56,32,4,sub-FC012_ses-2_task-renewal_fearROIs_bin_SN.csv,sub-FC012_ses-2_task-renewal_fearROIs_bin_BN.csv
HC,FC012,2,renewal,56,57,2,1,sub-FC012_ses-2_task-renewal_fearROIs_bin_SN.csv,sub-FC012_ses-2_task-renewal_fearROIs_bin_BN.csv
HC,FC012,2,renewal,57,58,16,4,sub-FC012_ses-2_task-renewal_fearROIs_bin_SN.csv,sub-FC012_ses-2_task-renewal_fearROIs_bin_BN.csv
HC,FC012,2,renewal,58,59,29,2,sub-FC012_ses-2_task-renewal_fearROIs_bin_SN.csv,sub-FC012_ses-2_task-renewal_fearROIs_bin_BN.csv
HC,FC012,2,renewal,59,60,1,1,sub-FC012_ses-2_task-renewal_fearROIs_bin_SN.csv,sub-FC012_ses-2_task-renewal_fearROIs_bin_BN.csv
HC,FC012,2,renewal,60,61,16,4,sub-FC012_ses-2_task-renewal_fearROIs_bin_SN.csv,sub-FC012_ses-2_task-renewal_fearROIs_bin_BN.csv
HC,FC012,2,renewal,61,62,10,1,sub-FC012_ses-2_task-renewal_fearROIs_bin_SN.csv,sub-FC012_ses-2_task-renewal_fearROIs_bin_BN.csv
HC,FC012,2,renewal,62,63,1,1,sub-FC012_ses-2_task-renewal_fearROIs_bin_SN.csv,sub-FC012_ses-2_task-renewal_fearROIs_bin_BN.csv
HC,FC012,2,renewal,63,64,3,1,sub-FC012_ses-2_task-renewal_fearROIs_bin_SN.csv,sub-FC012_ses-2_task-renewal_fearROIs_bin_BN.csv
HC,FC012,2,renewal,64,65,29,2,sub-FC012_ses-2_task-renewal_fearROIs_bin_SN.csv,sub-FC012_ses-2_task-renewal_fearROIs_bin_BN.csv
HC,FC012,2,renewal,65,66,5,1,sub-FC012_ses-2_task-renewal_fearROIs_bin_SN.csv,sub-FC012_ses-2_task-renewal_fearROIs_bin_BN.csv
HC,FC012,2,renewal,66,67,2,1,sub-FC012_ses-2_task-renewal_fearROIs_bin_SN.csv,sub-FC012_ses-2_task-renewal_fearROIs_bin_BN.csv
HC,FC012,2,renewal,67,68,6,1,sub-FC012_ses-2_task-renewal_fearROIs_bin_SN.csv,sub-FC012_ses-2_task-renewal_fearROIs_bin_BN.csv
HC,FC012,2,renewal,68,69,12,3,sub-FC012_ses-2_task-renewal_fearROIs_bin_SN.csv,sub-FC012_ses-2_task-renewal_fearROIs_bin_BN.csv
HC,FC012,2,renewal,69,70,14,2,sub-FC012_ses-2_task-renewal_fearROIs_bin_SN.csv,sub-FC012_ses-2_task-renewal_fearROIs_bin_BN.csv
HC,FC012,2,renewal,70,71,13,2,sub-FC012_ses-2_task-renewal_fearROIs_bin_SN.csv,sub-FC012_ses-2_task-renewal_fearROIs_bin_BN.csv
HC,FC012,2,renewal,71,72,15,2,sub-FC012_ses-2_task-renewal_fearROIs_bin_SN.csv,sub-FC012_ses-2_task-renewal_fearROIs_bin_BN.csv
HC,FC012,2,renewal,72,73,32,4,sub-FC012_ses-2_task-renewal_fearROIs_bin_SN.csv,sub-FC012_ses-2_task-renewal_fearROIs_bin_BN.csv
HC,FC012,2,renewal,73,74,24,4,sub-FC012_ses-2_task-renewal_fearROIs_bin_SN.csv,sub-FC012_ses-2_task-renewal_fearROIs_bin_BN.csv
HC,FC012,2,renewal,74,75,19,3,sub-FC012_ses-2_task-renewal_fearROIs_bin_SN.csv,sub-FC012_ses-2_task-renewal_fearROIs_bin_BN.csv
HC,FC012,2,renewal,75,76,19,3,sub-FC012_ses-2_task-renewal_fearROIs_bin_SN.csv,sub-FC012_ses-2_task-renewal_fearROIs_bin_BN.csv
HC,FC012,2,renewal,76,77,19,3,sub-FC012_ses-2_task-renewal_fearROIs_bin_SN.csv,sub-FC012_ses-2_task-renewal_fearROIs_bin_BN.csv
HC,FC012,2,renewal,77,78,17,1,sub-FC012_ses-2_task-renewal_fearROIs_bin_SN.csv,sub-FC012_ses-2_task-renewal_fearROIs_bin_BN.csv
HC,FC012,2,renewal,78,79,25,1,sub-FC012_ses-2_task-renewal_fearROIs_bin_SN.csv,sub-FC012_ses-2_task-renewal_fearROIs_bin_BN.csv
HC,FC012,2,renewal,79,80,17,1,sub-FC012_ses-2_task-renewal_fearROIs_bin_SN.csv,sub-FC012_ses-2_task-renewal_fearROIs_bin_BN.csv
HC,FC012,2,renewal,80,81,20,3,sub-FC012_ses-2_task-renewal_fearROIs_bin_SN.csv,sub-FC012_ses-2_task-renewal_fearROIs_bin_BN.csv
HC,FC012,2,renewal,81,82,20,3,sub-FC012_ses-2_task-renewal_fearROIs_bin_SN.csv,sub-FC012_ses-2_task-renewal_fearROIs_bin_BN.csv
HC,FC012,2,renewal,82,83,1,1,sub-FC012_ses-2_task-renewal_fearROIs_bin_SN.csv,sub-FC012_ses-2_task-renewal_fearROIs_bin_BN.csv
HC,FC012,2,renewal,83,84,10,1,sub-FC012_ses-2_task-renewal_fearROIs_bin_SN.csv,sub-FC012_ses-2_task-renewal_fearROIs_bin_BN.csv
HC,FC012,2,renewal,84,85,16,4,sub-FC012_ses-2_task-renewal_fearROIs_bin_SN.csv,sub-FC012_ses-2_task-renewal_fearROIs_bin_BN.csv
HC,FC012,2,renewal,85,86,14,2,sub-FC012_ses-2_task-renewal_fearROIs_bin_SN.csv,sub-FC012_ses-2_task-renewal_fearROIs_bin_BN.csv
HC,FC012,2,renewal,86,87,30,4,sub-FC012_ses-2_task-renewal_fearROIs_bin_SN.csv,sub-FC012_ses-2_task-renewal_fearROIs_bin_BN.csv
HC,FC012,2,renewal,87,88,29,2,sub-FC012_ses-2_task-renewal_fearROIs_bin_SN.csv,sub-FC012_ses-2_task-renewal_fearROIs_bin_BN.csv
HC,FC012,2,renewal,88,89,29,2,sub-FC012_ses-2_task-renewal_fearROIs_bin_SN.csv,sub-FC012_ses-2_task-renewal_fearROIs_bin_BN.csv
HC,FC012,2,renewal,89,90,32,4,sub-FC012_ses-2_task-renewal_fearROIs_bin_SN.csv,sub-FC012_ses-2_task-renewal_fearROIs_bin_BN.csv
HC,FC012,2,renewal,90,91,28,4,sub-FC012_ses-2_task-renewal_fearROIs_bin_SN.csv,sub-FC012_ses-2_task-renewal_fearROIs_bin_BN.csv
HC,FC012,2,renewal,91,92,20,3,sub-FC012_ses-2_task-renewal_fearROIs_bin_SN.csv,sub-FC012_ses-2_task-renewal_fearROIs_bin_BN.csv
HC,FC012,2,renewal,92,93,20,3,sub-FC012_ses-2_task-renewal_fearROIs_bin_SN.csv,sub-FC012_ses-2_task-renewal_fearROIs_bin_BN.csv
HC,FC012,2,renewal,93,94,31,4,sub-FC012_ses-2_task-renewal_fearROIs_bin_SN.csv,sub-FC012_ses-2_task-renewal_fearROIs_bin_BN.csv
HC,FC012,2,renewal,94,95,29,2,sub-FC012_ses-2_task-renewal_fearROIs_bin_SN.csv,sub-FC012_ses-2_task-renewal_fearROIs_bin_BN.csv
HC,FC012,2,renewal,95,96,13,2,sub-FC012_ses-2_task-renewal_fearROIs_bin_SN.csv,sub-FC012_ses-2_task-renewal_fearROIs_bin_BN.csv
HC,FC012,2,renewal,96,97,15,2,sub-FC012_ses-2_task-renewal_fearROIs_bin_SN.csv,sub-FC012_ses-2_task-renewal_fearROIs_bin_BN.csv
HC,FC012,2,renewal,97,98,16,4,sub-FC012_ses-2_task-renewal_fearROIs_bin_SN.csv,sub-FC012_ses-2_task-renewal_fearROIs_bin_BN.csv
HC,FC012,2,renewal,98,99,8,3,sub-FC012_ses-2_task-renewal_fearROIs_bin_SN.csv,sub-FC012_ses-2_task-renewal_fearROIs_bin_BN.csv
HC,FC012,2,renewal,99,100,30,4,sub-FC012_ses-2_task-renewal_fearROIs_bin_SN.csv,sub-FC012_ses-2_task-renewal_fearROIs_bin_BN.csv
HC,FC012,2,renewal,100,101,30,4,sub-FC012_ses-2_task-renewal_fearROIs_bin_SN.csv,sub-FC012_ses-2_task-renewal_fearROIs_bin_BN.csv
HC,FC012,2,renewal,101,102,5,1,sub-FC012_ses-2_task-renewal_fearROIs_bin_SN.csv,sub-FC012_ses-2_task-renewal_fearROIs_bin_BN.csv
HC,FC012,2,renewal,102,103,13,2,sub-FC012_ses-2_task-renewal_fearROIs_bin_SN.csv,sub-FC012_ses-2_task-renewal_fearROIs_bin_BN.csv
HC,FC012,2,renewal,103,104,8,3,sub-FC012_ses-2_task-renewal_fearROIs_bin_SN.csv,sub-FC012_ses-2_task-renewal_fearROIs_bin_BN.csv
HC,FC012,2,renewal,104,105,3,1,sub-FC012_ses-2_task-renewal_fearROIs_bin_SN.csv,sub-FC012_ses-2_task-renewal_fearROIs_bin_BN.csv
HC,FC012,2,renewal,105,106,1,1,sub-FC012_ses-2_task-renewal_fearROIs_bin_SN.csv,sub-FC012_ses-2_task-renewal_fearROIs_bin_BN.csv
HC,FC012,2,renewal,106,107,1,1,sub-FC012_ses-2_task-renewal_fearROIs_bin_SN.csv,sub-FC012_ses-2_task-renewal_fearROIs_bin_BN.csv
HC,FC012,2,renewal,107,108,11,1,sub-FC012_ses-2_task-renewal_fearROIs_bin_SN.csv,sub-FC012_ses-2_task-renewal_fearROIs_bin_BN.csv
HC,FC012,2,renewal,108,109,17,1,sub-FC012_ses-2_task-renewal_fearROIs_bin_SN.csv,sub-FC012_ses-2_task-renewal_fearROIs_bin_BN.csv
HC,FC012,2,renewal,109,110,18,3,sub-FC012_ses-2_task-renewal_fearROIs_bin_SN.csv,sub-FC012_ses-2_task-renewal_fearROIs_bin_BN.csv
HC,FC012,2,renewal,110,111,15,2,sub-FC012_ses-2_task-renewal_fearROIs_bin_SN.csv,sub-FC012_ses-2_task-renewal_fearROIs_bin_BN.csv
HC,FC012,2,renewal,111,112,17,1,sub-FC012_ses-2_task-renewal_fearROIs_bin_SN.csv,sub-FC012_ses-2_task-renewal_fearROIs_bin_BN.csv
HC,FC012,2,renewal,112,113,25,1,sub-FC012_ses-2_task-renewal_fearROIs_bin_SN.csv,sub-FC012_ses-2_task-renewal_fearROIs_bin_BN.csv
HC,FC012,2,renewal,113,114,30,4,sub-FC012_ses-2_task-renewal_fearROIs_bin_SN.csv,sub-FC012_ses-2_task-renewal_fearROIs_bin_BN.csv
HC,FC012,2,renewal,114,115,19,3,sub-FC012_ses-2_task-renewal_fearROIs_bin_SN.csv,sub-FC012_ses-2_task-renewal_fearROIs_bin_BN.csv
HC,FC012,2,renewal,115,116,4,3,sub-FC012_ses-2_task-renewal_fearROIs_bin_SN.csv,sub-FC012_ses-2_task-renewal_fearROIs_bin_BN.csv
HC,FC012,2,renewal,116,117,20,3,sub-FC012_ses-2_task-renewal_fearROIs_bin_SN.csv,sub-FC012_ses-2_task-renewal_fearROIs_bin_BN.csv
HC,FC012,2,renewal,117,118,26,4,sub-FC012_ses-2_task-renewal_fearROIs_bin_SN.csv,sub-FC012_ses-2_task-renewal_fearROIs_bin_BN.csv
HC,FC012,2,renewal,118,119,29,2,sub-FC012_ses-2_task-renewal_fearROIs_bin_SN.csv,sub-FC012_ses-2_task-renewal_fearROIs_bin_BN.csv
HC,FC012,2,renewal,119,120,13,2,sub-FC012_ses-2_task-renewal_fearROIs_bin_SN.csv,sub-FC012_ses-2_task-renewal_fearROIs_bin_BN.csv
HC,FC013,2,renewal,0,1,21,1,sub-FC013_ses-2_task-renewal_fearROIs_bin_SN.csv,sub-FC013_ses-2_task-renewal_fearROIs_bin_BN.csv
HC,FC013,2,renewal,1,2,3,1,sub-FC013_ses-2_task-renewal_fearROIs_bin_SN.csv,sub-FC013_ses-2_task-renewal_fearROIs_bin_BN.csv
HC,FC013,2,renewal,2,3,12,3,sub-FC013_ses-2_task-renewal_fearROIs_bin_SN.csv,sub-FC013_ses-2_task-renewal_fearROIs_bin_BN.csv
HC,FC013,2,renewal,3,4,28,4,sub-FC013_ses-2_task-renewal_fearROIs_bin_SN.csv,sub-FC013_ses-2_task-renewal_fearROIs_bin_BN.csv
HC,FC013,2,renewal,4,5,10,1,sub-FC013_ses-2_task-renewal_fearROIs_bin_SN.csv,sub-FC013_ses-2_task-renewal_fearROIs_bin_BN.csv
HC,FC013,2,renewal,5,6,10,1,sub-FC013_ses-2_task-renewal_fearROIs_bin_SN.csv,sub-FC013_ses-2_task-renewal_fearROIs_bin_BN.csv
HC,FC013,2,renewal,6,7,13,2,sub-FC013_ses-2_task-renewal_fearROIs_bin_SN.csv,sub-FC013_ses-2_task-renewal_fearROIs_bin_BN.csv
HC,FC013,2,renewal,7,8,6,1,sub-FC013_ses-2_task-renewal_fearROIs_bin_SN.csv,sub-FC013_ses-2_task-renewal_fearROIs_bin_BN.csv
HC,FC013,2,renewal,8,9,5,1,sub-FC013_ses-2_task-renewal_fearROIs_bin_SN.csv,sub-FC013_ses-2_task-renewal_fearROIs_bin_BN.csv
HC,FC013,2,renewal,9,10,19,3,sub-FC013_ses-2_task-renewal_fearROIs_bin_SN.csv,sub-FC013_ses-2_task-renewal_fearROIs_bin_BN.csv
HC,FC013,2,renewal,10,11,20,3,sub-FC013_ses-2_task-renewal_fearROIs_bin_SN.csv,sub-FC013_ses-2_task-renewal_fearROIs_bin_BN.csv
HC,FC013,2,renewal,11,12,2,1,sub-FC013_ses-2_task-renewal_fearROIs_bin_SN.csv,sub-FC013_ses-2_task-renewal_fearROIs_bin_BN.csv
HC,FC013,2,renewal,12,13,4,3,sub-FC013_ses-2_task-renewal_fearROIs_bin_SN.csv,sub-FC013_ses-2_task-renewal_fearROIs_bin_BN.csv
HC,FC013,2,renewal,13,14,15,2,sub-FC013_ses-2_task-renewal_fearROIs_bin_SN.csv,sub-FC013_ses-2_task-renewal_fearROIs_bin_BN.csv
HC,FC013,2,renewal,14,15,31,4,sub-FC013_ses-2_task-renewal_fearROIs_bin_SN.csv,sub-FC013_ses-2_task-renewal_fearROIs_bin_BN.csv
HC,FC013,2,renewal,15,16,20,3,sub-FC013_ses-2_task-renewal_fearROIs_bin_SN.csv,sub-FC013_ses-2_task-renewal_fearROIs_bin_BN.csv
HC,FC013,2,renewal,16,17,17,1,sub-FC013_ses-2_task-renewal_fearROIs_bin_SN.csv,sub-FC013_ses-2_task-renewal_fearROIs_bin_BN.csv
HC,FC013,2,renewal,17,18,25,1,sub-FC013_ses-2_task-renewal_fearROIs_bin_SN.csv,sub-FC013_ses-2_task-renewal_fearROIs_bin_BN.csv
HC,FC013,2,renewal,18,19,24,4,sub-FC013_ses-2_task-renewal_fearROIs_bin_SN.csv,sub-FC013_ses-2_task-renewal_fearROIs_bin_BN.csv
HC,FC013,2,renewal,19,20,13,2,sub-FC013_ses-2_task-renewal_fearROIs_bin_SN.csv,sub-FC013_ses-2_task-renewal_fearROIs_bin_BN.csv
HC,FC013,2,renewal,20,21,5,1,sub-FC013_ses-2_task-renewal_fearROIs_bin_SN.csv,sub-FC013_ses-2_task-renewal_fearROIs_bin_BN.csv
HC,FC013,2,renewal,21,22,8,3,sub-FC013_ses-2_task-renewal_fearROIs_bin_SN.csv,sub-FC013_ses-2_task-renewal_fearROIs_bin_BN.csv
HC,FC013,2,renewal,22,23,9,1,sub-FC013_ses-2_task-renewal_fearROIs_bin_SN.csv,sub-FC013_ses-2_task-renewal_fearROIs_bin_BN.csv
HC,FC013,2,renewal,23,24,15,2,sub-FC013_ses-2_task-renewal_fearROIs_bin_SN.csv,sub-FC013_ses-2_task-renewal_fearROIs_bin_BN.csv
HC,FC013,2,renewal,24,25,29,2,sub-FC013_ses-2_task-renewal_fearROIs_bin_SN.csv,sub-FC013_ses-2_task-renewal_fearROIs_bin_BN.csv
HC,FC013,2,renewal,25,26,23,4,sub-FC013_ses-2_task-renewal_fearROIs_bin_SN.csv,sub-FC013_ses-2_task-renewal_fearROIs_bin_BN.csv
HC,FC013,2,renewal,26,27,24,4,sub-FC013_ses-2_task-renewal_fearROIs_bin_SN.csv,sub-FC013_ses-2_task-renewal_fearROIs_bin_BN.csv
HC,FC013,2,renewal,27,28,15,2,sub-FC013_ses-2_task-renewal_fearROIs_bin_SN.csv,sub-FC013_ses-2_task-renewal_fearROIs_bin_BN.csv
HC,FC013,2,renewal,28,29,29,2,sub-FC013_ses-2_task-renewal_fearROIs_bin_SN.csv,sub-FC013_ses-2_task-renewal_fearROIs_bin_BN.csv
HC,FC013,2,renewal,29,30,16,4,sub-FC013_ses-2_task-renewal_fearROIs_bin_SN.csv,sub-FC013_ses-2_task-renewal_fearROIs_bin_BN.csv
HC,FC013,2,renewal,30,31,20,3,sub-FC013_ses-2_task-renewal_fearROIs_bin_SN.csv,sub-FC013_ses-2_task-renewal_fearROIs_bin_BN.csv
HC,FC013,2,renewal,31,32,2,1,sub-FC013_ses-2_task-renewal_fearROIs_bin_SN.csv,sub-FC013_ses-2_task-renewal_fearROIs_bin_BN.csv
HC,FC013,2,renewal,32,33,9,1,sub-FC013_ses-2_task-renewal_fearROIs_bin_SN.csv,sub-FC013_ses-2_task-renewal_fearROIs_bin_BN.csv
HC,FC013,2,renewal,33,34,1,1,sub-FC013_ses-2_task-renewal_fearROIs_bin_SN.csv,sub-FC013_ses-2_task-renewal_fearROIs_bin_BN.csv
HC,FC013,2,renewal,34,35,5,1,sub-FC013_ses-2_task-renewal_fearROIs_bin_SN.csv,sub-FC013_ses-2_task-renewal_fearROIs_bin_BN.csv
HC,FC013,2,renewal,35,36,19,3,sub-FC013_ses-2_task-renewal_fearROIs_bin_SN.csv,sub-FC013_ses-2_task-renewal_fearROIs_bin_BN.csv
HC,FC013,2,renewal,36,37,25,1,sub-FC013_ses-2_task-renewal_fearROIs_bin_SN.csv,sub-FC013_ses-2_task-renewal_fearROIs_bin_BN.csv
HC,FC013,2,renewal,37,38,1,1,sub-FC013_ses-2_task-renewal_fearROIs_bin_SN.csv,sub-FC013_ses-2_task-renewal_fearROIs_bin_BN.csv
HC,FC013,2,renewal,38,39,19,3,sub-FC013_ses-2_task-renewal_fearROIs_bin_SN.csv,sub-FC013_ses-2_task-renewal_fearROIs_bin_BN.csv
HC,FC013,2,renewal,39,40,23,4,sub-FC013_ses-2_task-renewal_fearROIs_bin_SN.csv,sub-FC013_ses-2_task-renewal_fearROIs_bin_BN.csv
HC,FC013,2,renewal,40,41,29,2,sub-FC013_ses-2_task-renewal_fearROIs_bin_SN.csv,sub-FC013_ses-2_task-renewal_fearROIs_bin_BN.csv
HC,FC013,2,renewal,41,42,28,4,sub-FC013_ses-2_task-renewal_fearROIs_bin_SN.csv,sub-FC013_ses-2_task-renewal_fearROIs_bin_BN.csv
HC,FC013,2,renewal,42,43,11,1,sub-FC013_ses-2_task-renewal_fearROIs_bin_SN.csv,sub-FC013_ses-2_task-renewal_fearROIs_bin_BN.csv
HC,FC013,2,renewal,43,44,32,4,sub-FC013_ses-2_task-renewal_fearROIs_bin_SN.csv,sub-FC013_ses-2_task-renewal_fearROIs_bin_BN.csv
HC,FC013,2,renewal,44,45,19,3,sub-FC013_ses-2_task-renewal_fearROIs_bin_SN.csv,sub-FC013_ses-2_task-renewal_fearROIs_bin_BN.csv
HC,FC013,2,renewal,45,46,25,1,sub-FC013_ses-2_task-renewal_fearROIs_bin_SN.csv,sub-FC013_ses-2_task-renewal_fearROIs_bin_BN.csv
HC,FC013,2,renewal,46,47,18,3,sub-FC013_ses-2_task-renewal_fearROIs_bin_SN.csv,sub-FC013_ses-2_task-renewal_fearROIs_bin_BN.csv
HC,FC013,2,renewal,47,48,17,1,sub-FC013_ses-2_task-renewal_fearROIs_bin_SN.csv,sub-FC013_ses-2_task-renewal_fearROIs_bin_BN.csv
HC,FC013,2,renewal,48,49,20,3,sub-FC013_ses-2_task-renewal_fearROIs_bin_SN.csv,sub-FC013_ses-2_task-renewal_fearROIs_bin_BN.csv
HC,FC013,2,renewal,49,50,16,4,sub-FC013_ses-2_task-renewal_fearROIs_bin_SN.csv,sub-FC013_ses-2_task-renewal_fearROIs_bin_BN.csv
HC,FC013,2,renewal,50,51,14,2,sub-FC013_ses-2_task-renewal_fearROIs_bin_SN.csv,sub-FC013_ses-2_task-renewal_fearROIs_bin_BN.csv
HC,FC013,2,renewal,51,52,16,4,sub-FC013_ses-2_task-renewal_fearROIs_bin_SN.csv,sub-FC013_ses-2_task-renewal_fearROIs_bin_BN.csv
HC,FC013,2,renewal,52,53,5,1,sub-FC013_ses-2_task-renewal_fearROIs_bin_SN.csv,sub-FC013_ses-2_task-renewal_fearROIs_bin_BN.csv
HC,FC013,2,renewal,53,54,1,1,sub-FC013_ses-2_task-renewal_fearROIs_bin_SN.csv,sub-FC013_ses-2_task-renewal_fearROIs_bin_BN.csv
HC,FC013,2,renewal,54,55,11,1,sub-FC013_ses-2_task-renewal_fearROIs_bin_SN.csv,sub-FC013_ses-2_task-renewal_fearROIs_bin_BN.csv
HC,FC013,2,renewal,55,56,16,4,sub-FC013_ses-2_task-renewal_fearROIs_bin_SN.csv,sub-FC013_ses-2_task-renewal_fearROIs_bin_BN.csv
HC,FC013,2,renewal,56,57,13,2,sub-FC013_ses-2_task-renewal_fearROIs_bin_SN.csv,sub-FC013_ses-2_task-renewal_fearROIs_bin_BN.csv
HC,FC013,2,renewal,57,58,29,2,sub-FC013_ses-2_task-renewal_fearROIs_bin_SN.csv,sub-FC013_ses-2_task-renewal_fearROIs_bin_BN.csv
HC,FC013,2,renewal,58,59,19,3,sub-FC013_ses-2_task-renewal_fearROIs_bin_SN.csv,sub-FC013_ses-2_task-renewal_fearROIs_bin_BN.csv
HC,FC013,2,renewal,59,60,20,3,sub-FC013_ses-2_task-renewal_fearROIs_bin_SN.csv,sub-FC013_ses-2_task-renewal_fearROIs_bin_BN.csv
HC,FC013,2,renewal,60,61,20,3,sub-FC013_ses-2_task-renewal_fearROIs_bin_SN.csv,sub-FC013_ses-2_task-renewal_fearROIs_bin_BN.csv
HC,FC013,2,renewal,61,62,20,3,sub-FC013_ses-2_task-renewal_fearROIs_bin_SN.csv,sub-FC013_ses-2_task-renewal_fearROIs_bin_BN.csv
HC,FC013,2,renewal,62,63,20,3,sub-FC013_ses-2_task-renewal_fearROIs_bin_SN.csv,sub-FC013_ses-2_task-renewal_fearROIs_bin_BN.csv
HC,FC013,2,renewal,63,64,20,3,sub-FC013_ses-2_task-renewal_fearROIs_bin_SN.csv,sub-FC013_ses-2_task-renewal_fearROIs_bin_BN.csv
HC,FC013,2,renewal,64,65,24,4,sub-FC013_ses-2_task-renewal_fearROIs_bin_SN.csv,sub-FC013_ses-2_task-renewal_fearROIs_bin_BN.csv
HC,FC013,2,renewal,65,66,12,3,sub-FC013_ses-2_task-renewal_fearROIs_bin_SN.csv,sub-FC013_ses-2_task-renewal_fearROIs_bin_BN.csv
HC,FC013,2,renewal,66,67,13,2,sub-FC013_ses-2_task-renewal_fearROIs_bin_SN.csv,sub-FC013_ses-2_task-renewal_fearROIs_bin_BN.csv
HC,FC013,2,renewal,67,68,21,1,sub-FC013_ses-2_task-renewal_fearROIs_bin_SN.csv,sub-FC013_ses-2_task-renewal_fearROIs_bin_BN.csv
HC,FC013,2,renewal,68,69,5,1,sub-FC013_ses-2_task-renewal_fearROIs_bin_SN.csv,sub-FC013_ses-2_task-renewal_fearROIs_bin_BN.csv
HC,FC013,2,renewal,69,70,32,4,sub-FC013_ses-2_task-renewal_fearROIs_bin_SN.csv,sub-FC013_ses-2_task-renewal_fearROIs_bin_BN.csv
HC,FC013,2,renewal,70,71,28,4,sub-FC013_ses-2_task-renewal_fearROIs_bin_SN.csv,sub-FC013_ses-2_task-renewal_fearROIs_bin_BN.csv
HC,FC013,2,renewal,71,72,10,1,sub-FC013_ses-2_task-renewal_fearROIs_bin_SN.csv,sub-FC013_ses-2_task-renewal_fearROIs_bin_BN.csv
HC,FC013,2,renewal,72,73,14,2,sub-FC013_ses-2_task-renewal_fearROIs_bin_SN.csv,sub-FC013_ses-2_task-renewal_fearROIs_bin_BN.csv
HC,FC013,2,renewal,73,74,13,2,sub-FC013_ses-2_task-renewal_fearROIs_bin_SN.csv,sub-FC013_ses-2_task-renewal_fearROIs_bin_BN.csv
HC,FC013,2,renewal,74,75,13,2,sub-FC013_ses-2_task-renewal_fearROIs_bin_SN.csv,sub-FC013_ses-2_task-renewal_fearROIs_bin_BN.csv
HC,FC013,2,renewal,75,76,21,1,sub-FC013_ses-2_task-renewal_fearROIs_bin_SN.csv,sub-FC013_ses-2_task-renewal_fearROIs_bin_BN.csv
HC,FC013,2,renewal,76,77,25,1,sub-FC013_ses-2_task-renewal_fearROIs_bin_SN.csv,sub-FC013_ses-2_task-renewal_fearROIs_bin_BN.csv
HC,FC013,2,renewal,77,78,2,1,sub-FC013_ses-2_task-renewal_fearROIs_bin_SN.csv,sub-FC013_ses-2_task-renewal_fearROIs_bin_BN.csv
HC,FC013,2,renewal,78,79,10,1,sub-FC013_ses-2_task-renewal_fearROIs_bin_SN.csv,sub-FC013_ses-2_task-renewal_fearROIs_bin_BN.csv
HC,FC013,2,renewal,79,80,13,2,sub-FC013_ses-2_task-renewal_fearROIs_bin_SN.csv,sub-FC013_ses-2_task-renewal_fearROIs_bin_BN.csv
HC,FC013,2,renewal,80,81,15,2,sub-FC013_ses-2_task-renewal_fearROIs_bin_SN.csv,sub-FC013_ses-2_task-renewal_fearROIs_bin_BN.csv
HC,FC013,2,renewal,81,82,1,1,sub-FC013_ses-2_task-renewal_fearROIs_bin_SN.csv,sub-FC013_ses-2_task-renewal_fearROIs_bin_BN.csv
HC,FC013,2,renewal,82,83,24,4,sub-FC013_ses-2_task-renewal_fearROIs_bin_SN.csv,sub-FC013_ses-2_task-renewal_fearROIs_bin_BN.csv
HC,FC013,2,renewal,83,84,20,3,sub-FC013_ses-2_task-renewal_fearROIs_bin_SN.csv,sub-FC013_ses-2_task-renewal_fearROIs_bin_BN.csv
HC,FC013,2,renewal,84,85,20,3,sub-FC013_ses-2_task-renewal_fearROIs_bin_SN.csv,sub-FC013_ses-2_task-renewal_fearROIs_bin_BN.csv
HC,FC013,2,renewal,85,86,14,2,sub-FC013_ses-2_task-renewal_fearROIs_bin_SN.csv,sub-FC013_ses-2_task-renewal_fearROIs_bin_BN.csv
HC,FC013,2,renewal,86,87,31,4,sub-FC013_ses-2_task-renewal_fearROIs_bin_SN.csv,sub-FC013_ses-2_task-renewal_fearROIs_bin_BN.csv
HC,FC013,2,renewal,87,88,17,1,sub-FC013_ses-2_task-renewal_fearROIs_bin_SN.csv,sub-FC013_ses-2_task-renewal_fearROIs_bin_BN.csv
HC,FC013,2,renewal,88,89,19,3,sub-FC013_ses-2_task-renewal_fearROIs_bin_SN.csv,sub-FC013_ses-2_task-renewal_fearROIs_bin_BN.csv
HC,FC013,2,renewal,89,90,28,4,sub-FC013_ses-2_task-renewal_fearROIs_bin_SN.csv,sub-FC013_ses-2_task-renewal_fearROIs_bin_BN.csv
HC,FC013,2,renewal,90,91,29,2,sub-FC013_ses-2_task-renewal_fearROIs_bin_SN.csv,sub-FC013_ses-2_task-renewal_fearROIs_bin_BN.csv
HC,FC013,2,renewal,91,92,32,4,sub-FC013_ses-2_task-renewal_fearROIs_bin_SN.csv,sub-FC013_ses-2_task-renewal_fearROIs_bin_BN.csv
HC,FC013,2,renewal,92,93,24,4,sub-FC013_ses-2_task-renewal_fearROIs_bin_SN.csv,sub-FC013_ses-2_task-renewal_fearROIs_bin_BN.csv
HC,FC013,2,renewal,93,94,19,3,sub-FC013_ses-2_task-renewal_fearROIs_bin_SN.csv,sub-FC013_ses-2_task-renewal_fearROIs_bin_BN.csv
HC,FC013,2,renewal,94,95,12,3,sub-FC013_ses-2_task-renewal_fearROIs_bin_SN.csv,sub-FC013_ses-2_task-renewal_fearROIs_bin_BN.csv
HC,FC013,2,renewal,95,96,16,4,sub-FC013_ses-2_task-renewal_fearROIs_bin_SN.csv,sub-FC013_ses-2_task-renewal_fearROIs_bin_BN.csv
HC,FC013,2,renewal,96,97,14,2,sub-FC013_ses-2_task-renewal_fearROIs_bin_SN.csv,sub-FC013_ses-2_task-renewal_fearROIs_bin_BN.csv
HC,FC013,2,renewal,97,98,10,1,sub-FC013_ses-2_task-renewal_fearROIs_bin_SN.csv,sub-FC013_ses-2_task-renewal_fearROIs_bin_BN.csv
HC,FC013,2,renewal,98,99,6,1,sub-FC013_ses-2_task-renewal_fearROIs_bin_SN.csv,sub-FC013_ses-2_task-renewal_fearROIs_bin_BN.csv
HC,FC013,2,renewal,99,100,21,1,sub-FC013_ses-2_task-renewal_fearROIs_bin_SN.csv,sub-FC013_ses-2_task-renewal_fearROIs_bin_BN.csv
HC,FC013,2,renewal,100,101,8,3,sub-FC013_ses-2_task-renewal_fearROIs_bin_SN.csv,sub-FC013_ses-2_task-renewal_fearROIs_bin_BN.csv
HC,FC013,2,renewal,101,102,13,2,sub-FC013_ses-2_task-renewal_fearROIs_bin_SN.csv,sub-FC013_ses-2_task-renewal_fearROIs_bin_BN.csv
HC,FC013,2,renewal,102,103,32,4,sub-FC013_ses-2_task-renewal_fearROIs_bin_SN.csv,sub-FC013_ses-2_task-renewal_fearROIs_bin_BN.csv
HC,FC013,2,renewal,103,104,21,1,sub-FC013_ses-2_task-renewal_fearROIs_bin_SN.csv,sub-FC013_ses-2_task-renewal_fearROIs_bin_BN.csv
HC,FC013,2,renewal,104,105,1,1,sub-FC013_ses-2_task-renewal_fearROIs_bin_SN.csv,sub-FC013_ses-2_task-renewal_fearROIs_bin_BN.csv
HC,FC013,2,renewal,105,106,13,2,sub-FC013_ses-2_task-renewal_fearROIs_bin_SN.csv,sub-FC013_ses-2_task-renewal_fearROIs_bin_BN.csv
HC,FC013,2,renewal,106,107,9,1,sub-FC013_ses-2_task-renewal_fearROIs_bin_SN.csv,sub-FC013_ses-2_task-renewal_fearROIs_bin_BN.csv
HC,FC013,2,renewal,107,108,28,4,sub-FC013_ses-2_task-renewal_fearROIs_bin_SN.csv,sub-FC013_ses-2_task-renewal_fearROIs_bin_BN.csv
HC,FC013,2,renewal,108,109,28,4,sub-FC013_ses-2_task-renewal_fearROIs_bin_SN.csv,sub-FC013_ses-2_task-renewal_fearROIs_bin_BN.csv
HC,FC013,2,renewal,109,110,10,1,sub-FC013_ses-2_task-renewal_fearROIs_bin_SN.csv,sub-FC013_ses-2_task-renewal_fearROIs_bin_BN.csv
HC,FC013,2,renewal,110,111,2,1,sub-FC013_ses-2_task-renewal_fearROIs_bin_SN.csv,sub-FC013_ses-2_task-renewal_fearROIs_bin_BN.csv
HC,FC013,2,renewal,111,112,5,1,sub-FC013_ses-2_task-renewal_fearROIs_bin_SN.csv,sub-FC013_ses-2_task-renewal_fearROIs_bin_BN.csv
HC,FC013,2,renewal,112,113,6,1,sub-FC013_ses-2_task-renewal_fearROIs_bin_SN.csv,sub-FC013_ses-2_task-renewal_fearROIs_bin_BN.csv
HC,FC013,2,renewal,113,114,19,3,sub-FC013_ses-2_task-renewal_fearROIs_bin_SN.csv,sub-FC013_ses-2_task-renewal_fearROIs_bin_BN.csv
HC,FC013,2,renewal,114,115,20,3,sub-FC013_ses-2_task-renewal_fearROIs_bin_SN.csv,sub-FC013_ses-2_task-renewal_fearROIs_bin_BN.csv
HC,FC013,2,renewal,115,116,24,4,sub-FC013_ses-2_task-renewal_fearROIs_bin_SN.csv,sub-FC013_ses-2_task-renewal_fearROIs_bin_BN.csv
HC,FC013,2,renewal,116,117,14,2,sub-FC013_ses-2_task-renewal_fearROIs_bin_SN.csv,sub-FC013_ses-2_task-renewal_fearROIs_bin_BN.csv
HC,FC014,2,renewal,0,1,32,4,sub-FC014_ses-2_task-renewal_fearROIs_bin_SN.csv,sub-FC014_ses-2_task-renewal_fearROIs_bin_BN.csv
HC,FC014,2,renewal,1,2,16,4,sub-FC014_ses-2_task-renewal_fearROIs_bin_SN.csv,sub-FC014_ses-2_task-renewal_fearROIs_bin_BN.csv
HC,FC014,2,renewal,2,3,13,2,sub-FC014_ses-2_task-renewal_fearROIs_bin_SN.csv,sub-FC014_ses-2_task-renewal_fearROIs_bin_BN.csv
HC,FC014,2,renewal,3,4,17,1,sub-FC014_ses-2_task-renewal_fearROIs_bin_SN.csv,sub-FC014_ses-2_task-renewal_fearROIs_bin_BN.csv
HC,FC014,2,renewal,4,5,31,4,sub-FC014_ses-2_task-renewal_fearROIs_bin_SN.csv,sub-FC014_ses-2_task-renewal_fearROIs_bin_BN.csv
HC,FC014,2,renewal,5,6,6,1,sub-FC014_ses-2_task-renewal_fearROIs_bin_SN.csv,sub-FC014_ses-2_task-renewal_fearROIs_bin_BN.csv
HC,FC014,2,renewal,6,7,13,2,sub-FC014_ses-2_task-renewal_fearROIs_bin_SN.csv,sub-FC014_ses-2_task-renewal_fearROIs_bin_BN.csv
HC,FC014,2,renewal,7,8,17,1,sub-FC014_ses-2_task-renewal_fearROIs_bin_SN.csv,sub-FC014_ses-2_task-renewal_fearROIs_bin_BN.csv
HC,FC014,2,renewal,8,9,2,1,sub-FC014_ses-2_task-renewal_fearROIs_bin_SN.csv,sub-FC014_ses-2_task-renewal_fearROIs_bin_BN.csv
HC,FC014,2,renewal,9,10,1,1,sub-FC014_ses-2_task-renewal_fearROIs_bin_SN.csv,sub-FC014_ses-2_task-renewal_fearROIs_bin_BN.csv
HC,FC014,2,renewal,10,11,20,3,sub-FC014_ses-2_task-renewal_fearROIs_bin_SN.csv,sub-FC014_ses-2_task-renewal_fearROIs_bin_BN.csv
HC,FC014,2,renewal,11,12,31,4,sub-FC014_ses-2_task-renewal_fearROIs_bin_SN.csv,sub-FC014_ses-2_task-renewal_fearROIs_bin_BN.csv
HC,FC014,2,renewal,12,13,18,3,sub-FC014_ses-2_task-renewal_fearROIs_bin_SN.csv,sub-FC014_ses-2_task-renewal_fearROIs_bin_BN.csv
HC,FC014,2,renewal,13,14,19,3,sub-FC014_ses-2_task-renewal_fearROIs_bin_SN.csv,sub-FC014_ses-2_task-renewal_fearROIs_bin_BN.csv
HC,FC014,2,renewal,14,15,24,4,sub-FC014_ses-2_task-renewal_fearROIs_bin_SN.csv,sub-FC014_ses-2_task-renewal_fearROIs_bin_BN.csv
HC,FC014,2,renewal,15,16,11,1,sub-FC014_ses-2_task-renewal_fearROIs_bin_SN.csv,sub-FC014_ses-2_task-renewal_fearROIs_bin_BN.csv
HC,FC014,2,renewal,16,17,21,1,sub-FC014_ses-2_task-renewal_fearROIs_bin_SN.csv,sub-FC014_ses-2_task-renewal_fearROIs_bin_BN.csv
HC,FC014,2,renewal,17,18,31,4,sub-FC014_ses-2_task-renewal_fearROIs_bin_SN.csv,sub-FC014_ses-2_task-renewal_fearROIs_bin_BN.csv
HC,FC014,2,renewal,18,19,18,3,sub-FC014_ses-2_task-renewal_fearROIs_bin_SN.csv,sub-FC014_ses-2_task-renewal_fearROIs_bin_BN.csv
HC,FC014,2,renewal,19,20,26,4,sub-FC014_ses-2_task-renewal_fearROIs_bin_SN.csv,sub-FC014_ses-2_task-renewal_fearROIs_bin_BN.csv
HC,FC014,2,renewal,20,21,1,1,sub-FC014_ses-2_task-renewal_fearROIs_bin_SN.csv,sub-FC014_ses-2_task-renewal_fearROIs_bin_BN.csv
HC,FC014,2,renewal,21,22,16,4,sub-FC014_ses-2_task-renewal_fearROIs_bin_SN.csv,sub-FC014_ses-2_task-renewal_fearROIs_bin_BN.csv
HC,FC014,2,renewal,22,23,8,3,sub-FC014_ses-2_task-renewal_fearROIs_bin_SN.csv,sub-FC014_ses-2_task-renewal_fearROIs_bin_BN.csv
HC,FC014,2,renewal,23,24,2,1,sub-FC014_ses-2_task-renewal_fearROIs_bin_SN.csv,sub-FC014_ses-2_task-renewal_fearROIs_bin_BN.csv
HC,FC014,2,renewal,24,25,4,3,sub-FC014_ses-2_task-renewal_fearROIs_bin_SN.csv,sub-FC014_ses-2_task-renewal_fearROIs_bin_BN.csv
HC,FC014,2,renewal,25,26,1,1,sub-FC014_ses-2_task-renewal_fearROIs_bin_SN.csv,sub-FC014_ses-2_task-renewal_fearROIs_bin_BN.csv
HC,FC014,2,renewal,26,27,16,4,sub-FC014_ses-2_task-renewal_fearROIs_bin_SN.csv,sub-FC014_ses-2_task-renewal_fearROIs_bin_BN.csv
HC,FC014,2,renewal,27,28,15,2,sub-FC014_ses-2_task-renewal_fearROIs_bin_SN.csv,sub-FC014_ses-2_task-renewal_fearROIs_bin_BN.csv
HC,FC014,2,renewal,28,29,32,4,sub-FC014_ses-2_task-renewal_fearROIs_bin_SN.csv,sub-FC014_ses-2_task-renewal_fearROIs_bin_BN.csv
HC,FC014,2,renewal,29,30,32,4,sub-FC014_ses-2_task-renewal_fearROIs_bin_SN.csv,sub-FC014_ses-2_task-renewal_fearROIs_bin_BN.csv
HC,FC014,2,renewal,30,31,17,1,sub-FC014_ses-2_task-renewal_fearROIs_bin_SN.csv,sub-FC014_ses-2_task-renewal_fearROIs_bin_BN.csv
HC,FC014,2,renewal,31,32,20,3,sub-FC014_ses-2_task-renewal_fearROIs_bin_SN.csv,sub-FC014_ses-2_task-renewal_fearROIs_bin_BN.csv
HC,FC014,2,renewal,32,33,25,1,sub-FC014_ses-2_task-renewal_fearROIs_bin_SN.csv,sub-FC014_ses-2_task-renewal_fearROIs_bin_BN.csv
HC,FC014,2,renewal,33,34,5,1,sub-FC014_ses-2_task-renewal_fearROIs_bin_SN.csv,sub-FC014_ses-2_task-renewal_fearROIs_bin_BN.csv
HC,FC014,2,renewal,34,35,12,3,sub-FC014_ses-2_task-renewal_fearROIs_bin_SN.csv,sub-FC014_ses-2_task-renewal_fearROIs_bin_BN.csv
HC,FC014,2,renewal,35,36,25,1,sub-FC014_ses-2_task-renewal_fearROIs_bin_SN.csv,sub-FC014_ses-2_task-renewal_fearROIs_bin_BN.csv
HC,FC014,2,renewal,36,37,17,1,sub-FC014_ses-2_task-renewal_fearROIs_bin_SN.csv,sub-FC014_ses-2_task-renewal_fearROIs_bin_BN.csv
HC,FC014,2,renewal,37,38,15,2,sub-FC014_ses-2_task-renewal_fearROIs_bin_SN.csv,sub-FC014_ses-2_task-renewal_fearROIs_bin_BN.csv
HC,FC014,2,renewal,38,39,31,4,sub-FC014_ses-2_task-renewal_fearROIs_bin_SN.csv,sub-FC014_ses-2_task-renewal_fearROIs_bin_BN.csv
HC,FC014,2,renewal,39,40,32,4,sub-FC014_ses-2_task-renewal_fearROIs_bin_SN.csv,sub-FC014_ses-2_task-renewal_fearROIs_bin_BN.csv
HC,FC014,2,renewal,40,41,15,2,sub-FC014_ses-2_task-renewal_fearROIs_bin_SN.csv,sub-FC014_ses-2_task-renewal_fearROIs_bin_BN.csv
HC,FC014,2,renewal,41,42,6,1,sub-FC014_ses-2_task-renewal_fearROIs_bin_SN.csv,sub-FC014_ses-2_task-renewal_fearROIs_bin_BN.csv
HC,FC014,2,renewal,42,43,3,1,sub-FC014_ses-2_task-renewal_fearROIs_bin_SN.csv,sub-FC014_ses-2_task-renewal_fearROIs_bin_BN.csv
HC,FC014,2,renewal,43,44,16,4,sub-FC014_ses-2_task-renewal_fearROIs_bin_SN.csv,sub-FC014_ses-2_task-renewal_fearROIs_bin_BN.csv
HC,FC014,2,renewal,44,45,16,4,sub-FC014_ses-2_task-renewal_fearROIs_bin_SN.csv,sub-FC014_ses-2_task-renewal_fearROIs_bin_BN.csv
HC,FC014,2,renewal,45,46,5,1,sub-FC014_ses-2_task-renewal_fearROIs_bin_SN.csv,sub-FC014_ses-2_task-renewal_fearROIs_bin_BN.csv
HC,FC014,2,renewal,46,47,2,1,sub-FC014_ses-2_task-renewal_fearROIs_bin_SN.csv,sub-FC014_ses-2_task-renewal_fearROIs_bin_BN.csv
HC,FC014,2,renewal,47,48,25,1,sub-FC014_ses-2_task-renewal_fearROIs_bin_SN.csv,sub-FC014_ses-2_task-renewal_fearROIs_bin_BN.csv
HC,FC014,2,renewal,48,49,23,4,sub-FC014_ses-2_task-renewal_fearROIs_bin_SN.csv,sub-FC014_ses-2_task-renewal_fearROIs_bin_BN.csv
HC,FC014,2,renewal,49,50,16,4,sub-FC014_ses-2_task-renewal_fearROIs_bin_SN.csv,sub-FC014_ses-2_task-renewal_fearROIs_bin_BN.csv
HC,FC014,2,renewal,50,51,5,1,sub-FC014_ses-2_task-renewal_fearROIs_bin_SN.csv,sub-FC014_ses-2_task-renewal_fearROIs_bin_BN.csv
HC,FC014,2,renewal,51,52,1,1,sub-FC014_ses-2_task-renewal_fearROIs_bin_SN.csv,sub-FC014_ses-2_task-renewal_fearROIs_bin_BN.csv
HC,FC014,2,renewal,52,53,2,1,sub-FC014_ses-2_task-renewal_fearROIs_bin_SN.csv,sub-FC014_ses-2_task-renewal_fearROIs_bin_BN.csv
HC,FC014,2,renewal,53,54,29,2,sub-FC014_ses-2_task-renewal_fearROIs_bin_SN.csv,sub-FC014_ses-2_task-renewal_fearROIs_bin_BN.csv
HC,FC014,2,renewal,54,55,17,1,sub-FC014_ses-2_task-renewal_fearROIs_bin_SN.csv,sub-FC014_ses-2_task-renewal_fearROIs_bin_BN.csv
HC,FC014,2,renewal,55,56,28,4,sub-FC014_ses-2_task-renewal_fearROIs_bin_SN.csv,sub-FC014_ses-2_task-renewal_fearROIs_bin_BN.csv
HC,FC014,2,renewal,56,57,28,4,sub-FC014_ses-2_task-renewal_fearROIs_bin_SN.csv,sub-FC014_ses-2_task-renewal_fearROIs_bin_BN.csv
HC,FC014,2,renewal,57,58,1,1,sub-FC014_ses-2_task-renewal_fearROIs_bin_SN.csv,sub-FC014_ses-2_task-renewal_fearROIs_bin_BN.csv
HC,FC014,2,renewal,58,59,2,1,sub-FC014_ses-2_task-renewal_fearROIs_bin_SN.csv,sub-FC014_ses-2_task-renewal_fearROIs_bin_BN.csv
HC,FC014,2,renewal,59,60,30,4,sub-FC014_ses-2_task-renewal_fearROIs_bin_SN.csv,sub-FC014_ses-2_task-renewal_fearROIs_bin_BN.csv
HC,FC014,2,renewal,60,61,21,1,sub-FC014_ses-2_task-renewal_fearROIs_bin_SN.csv,sub-FC014_ses-2_task-renewal_fearROIs_bin_BN.csv
HC,FC014,2,renewal,61,62,12,3,sub-FC014_ses-2_task-renewal_fearROIs_bin_SN.csv,sub-FC014_ses-2_task-renewal_fearROIs_bin_BN.csv
HC,FC014,2,renewal,62,63,16,4,sub-FC014_ses-2_task-renewal_fearROIs_bin_SN.csv,sub-FC014_ses-2_task-renewal_fearROIs_bin_BN.csv
HC,FC014,2,renewal,63,64,4,3,sub-FC014_ses-2_task-renewal_fearROIs_bin_SN.csv,sub-FC014_ses-2_task-renewal_fearROIs_bin_BN.csv
HC,FC014,2,renewal,64,65,19,3,sub-FC014_ses-2_task-renewal_fearROIs_bin_SN.csv,sub-FC014_ses-2_task-renewal_fearROIs_bin_BN.csv
HC,FC014,2,renewal,65,66,20,3,sub-FC014_ses-2_task-renewal_fearROIs_bin_SN.csv,sub-FC014_ses-2_task-renewal_fearROIs_bin_BN.csv
HC,FC014,2,renewal,66,67,32,4,sub-FC014_ses-2_task-renewal_fearROIs_bin_SN.csv,sub-FC014_ses-2_task-renewal_fearROIs_bin_BN.csv
HC,FC014,2,renewal,67,68,21,1,sub-FC014_ses-2_task-renewal_fearROIs_bin_SN.csv,sub-FC014_ses-2_task-renewal_fearROIs_bin_BN.csv
HC,FC014,2,renewal,68,69,18,3,sub-FC014_ses-2_task-renewal_fearROIs_bin_SN.csv,sub-FC014_ses-2_task-renewal_fearROIs_bin_BN.csv
HC,FC014,2,renewal,69,70,31,4,sub-FC014_ses-2_task-renewal_fearROIs_bin_SN.csv,sub-FC014_ses-2_task-renewal_fearROIs_bin_BN.csv
HC,FC014,2,renewal,70,71,29,2,sub-FC014_ses-2_task-renewal_fearROIs_bin_SN.csv,sub-FC014_ses-2_task-renewal_fearROIs_bin_BN.csv
HC,FC014,2,renewal,71,72,25,1,sub-FC014_ses-2_task-renewal_fearROIs_bin_SN.csv,sub-FC014_ses-2_task-renewal_fearROIs_bin_BN.csv
HC,FC014,2,renewal,72,73,25,1,sub-FC014_ses-2_task-renewal_fearROIs_bin_SN.csv,sub-FC014_ses-2_task-renewal_fearROIs_bin_BN.csv
HC,FC014,2,renewal,73,74,17,1,sub-FC014_ses-2_task-renewal_fearROIs_bin_SN.csv,sub-FC014_ses-2_task-renewal_fearROIs_bin_BN.csv
HC,FC014,2,renewal,74,75,26,4,sub-FC014_ses-2_task-renewal_fearROIs_bin_SN.csv,sub-FC014_ses-2_task-renewal_fearROIs_bin_BN.csv
HC,FC014,2,renewal,75,76,29,2,sub-FC014_ses-2_task-renewal_fearROIs_bin_SN.csv,sub-FC014_ses-2_task-renewal_fearROIs_bin_BN.csv
HC,FC014,2,renewal,76,77,26,4,sub-FC014_ses-2_task-renewal_fearROIs_bin_SN.csv,sub-FC014_ses-2_task-renewal_fearROIs_bin_BN.csv
HC,FC014,2,renewal,77,78,28,4,sub-FC014_ses-2_task-renewal_fearROIs_bin_SN.csv,sub-FC014_ses-2_task-renewal_fearROIs_bin_BN.csv
HC,FC014,2,renewal,78,79,25,1,sub-FC014_ses-2_task-renewal_fearROIs_bin_SN.csv,sub-FC014_ses-2_task-renewal_fearROIs_bin_BN.csv
HC,FC014,2,renewal,79,80,1,1,sub-FC014_ses-2_task-renewal_fearROIs_bin_SN.csv,sub-FC014_ses-2_task-renewal_fearROIs_bin_BN.csv
HC,FC014,2,renewal,80,81,8,3,sub-FC014_ses-2_task-renewal_fearROIs_bin_SN.csv,sub-FC014_ses-2_task-renewal_fearROIs_bin_BN.csv
HC,FC014,2,renewal,81,82,29,2,sub-FC014_ses-2_task-renewal_fearROIs_bin_SN.csv,sub-FC014_ses-2_task-renewal_fearROIs_bin_BN.csv
HC,FC014,2,renewal,82,83,16,4,sub-FC014_ses-2_task-renewal_fearROIs_bin_SN.csv,sub-FC014_ses-2_task-renewal_fearROIs_bin_BN.csv
HC,FC014,2,renewal,83,84,16,4,sub-FC014_ses-2_task-renewal_fearROIs_bin_SN.csv,sub-FC014_ses-2_task-renewal_fearROIs_bin_BN.csv
HC,FC014,2,renewal,84,85,19,3,sub-FC014_ses-2_task-renewal_fearROIs_bin_SN.csv,sub-FC014_ses-2_task-renewal_fearROIs_bin_BN.csv
HC,FC014,2,renewal,85,86,24,4,sub-FC014_ses-2_task-renewal_fearROIs_bin_SN.csv,sub-FC014_ses-2_task-renewal_fearROIs_bin_BN.csv
HC,FC014,2,renewal,86,87,14,2,sub-FC014_ses-2_task-renewal_fearROIs_bin_SN.csv,sub-FC014_ses-2_task-renewal_fearROIs_bin_BN.csv
HC,FC014,2,renewal,87,88,4,3,sub-FC014_ses-2_task-renewal_fearROIs_bin_SN.csv,sub-FC014_ses-2_task-renewal_fearROIs_bin_BN.csv
HC,FC014,2,renewal,88,89,9,1,sub-FC014_ses-2_task-renewal_fearROIs_bin_SN.csv,sub-FC014_ses-2_task-renewal_fearROIs_bin_BN.csv
HC,FC014,2,renewal,89,90,20,3,sub-FC014_ses-2_task-renewal_fearROIs_bin_SN.csv,sub-FC014_ses-2_task-renewal_fearROIs_bin_BN.csv
HC,FC014,2,renewal,90,91,17,1,sub-FC014_ses-2_task-renewal_fearROIs_bin_SN.csv,sub-FC014_ses-2_task-renewal_fearROIs_bin_BN.csv
HC,FC014,2,renewal,91,92,2,1,sub-FC014_ses-2_task-renewal_fearROIs_bin_SN.csv,sub-FC014_ses-2_task-renewal_fearROIs_bin_BN.csv
HC,FC014,2,renewal,92,93,15,2,sub-FC014_ses-2_task-renewal_fearROIs_bin_SN.csv,sub-FC014_ses-2_task-renewal_fearROIs_bin_BN.csv
HC,FC014,2,renewal,93,94,7,1,sub-FC014_ses-2_task-renewal_fearROIs_bin_SN.csv,sub-FC014_ses-2_task-renewal_fearROIs_bin_BN.csv
HC,FC014,2,renewal,94,95,15,2,sub-FC014_ses-2_task-renewal_fearROIs_bin_SN.csv,sub-FC014_ses-2_task-renewal_fearROIs_bin_BN.csv
HC,FC014,2,renewal,95,96,16,4,sub-FC014_ses-2_task-renewal_fearROIs_bin_SN.csv,sub-FC014_ses-2_task-renewal_fearROIs_bin_BN.csv
HC,FC014,2,renewal,96,97,12,3,sub-FC014_ses-2_task-renewal_fearROIs_bin_SN.csv,sub-FC014_ses-2_task-renewal_fearROIs_bin_BN.csv
HC,FC014,2,renewal,97,98,14,2,sub-FC014_ses-2_task-renewal_fearROIs_bin_SN.csv,sub-FC014_ses-2_task-renewal_fearROIs_bin_BN.csv
HC,FC014,2,renewal,98,99,8,3,sub-FC014_ses-2_task-renewal_fearROIs_bin_SN.csv,sub-FC014_ses-2_task-renewal_fearROIs_bin_BN.csv
HC,FC014,2,renewal,99,100,1,1,sub-FC014_ses-2_task-renewal_fearROIs_bin_SN.csv,sub-FC014_ses-2_task-renewal_fearROIs_bin_BN.csv
HC,FC014,2,renewal,100,101,5,1,sub-FC014_ses-2_task-renewal_fearROIs_bin_SN.csv,sub-FC014_ses-2_task-renewal_fearROIs_bin_BN.csv
HC,FC014,2,renewal,101,102,14,2,sub-FC014_ses-2_task-renewal_fearROIs_bin_SN.csv,sub-FC014_ses-2_task-renewal_fearROIs_bin_BN.csv
HC,FC014,2,renewal,102,103,13,2,sub-FC014_ses-2_task-renewal_fearROIs_bin_SN.csv,sub-FC014_ses-2_task-renewal_fearROIs_bin_BN.csv
HC,FC014,2,renewal,103,104,5,1,sub-FC014_ses-2_task-renewal_fearROIs_bin_SN.csv,sub-FC014_ses-2_task-renewal_fearROIs_bin_BN.csv
HC,FC014,2,renewal,104,105,16,4,sub-FC014_ses-2_task-renewal_fearROIs_bin_SN.csv,sub-FC014_ses-2_task-renewal_fearROIs_bin_BN.csv
HC,FC014,2,renewal,105,106,32,4,sub-FC014_ses-2_task-renewal_fearROIs_bin_SN.csv,sub-FC014_ses-2_task-renewal_fearROIs_bin_BN.csv
HC,FC014,2,renewal,106,107,19,3,sub-FC014_ses-2_task-renewal_fearROIs_bin_SN.csv,sub-FC014_ses-2_task-renewal_fearROIs_bin_BN.csv
HC,FC014,2,renewal,107,108,8,3,sub-FC014_ses-2_task-renewal_fearROIs_bin_SN.csv,sub-FC014_ses-2_task-renewal_fearROIs_bin_BN.csv
HC,FC014,2,renewal,108,109,24,4,sub-FC014_ses-2_task-renewal_fearROIs_bin_SN.csv,sub-FC014_ses-2_task-renewal_fearROIs_bin_BN.csv
HC,FC014,2,renewal,109,110,5,1,sub-FC014_ses-2_task-renewal_fearROIs_bin_SN.csv,sub-FC014_ses-2_task-renewal_fearROIs_bin_BN.csv
HC,FC014,2,renewal,110,111,20,3,sub-FC014_ses-2_task-renewal_fearROIs_bin_SN.csv,sub-FC014_ses-2_task-renewal_fearROIs_bin_BN.csv
HC,FC014,2,renewal,111,112,1,1,sub-FC014_ses-2_task-renewal_fearROIs_bin_SN.csv,sub-FC014_ses-2_task-renewal_fearROIs_bin_BN.csv
HC,FC014,2,renewal,112,113,16,4,sub-FC014_ses-2_task-renewal_fearROIs_bin_SN.csv,sub-FC014_ses-2_task-renewal_fearROIs_bin_BN.csv
HC,FC014,2,renewal,113,114,25,1,sub-FC014_ses-2_task-renewal_fearROIs_bin_SN.csv,sub-FC014_ses-2_task-renewal_fearROIs_bin_BN.csv
HC,FC014,2,renewal,114,115,26,4,sub-FC014_ses-2_task-renewal_fearROIs_bin_SN.csv,sub-FC014_ses-2_task-renewal_fearROIs_bin_BN.csv
HC,FC014,2,renewal,115,116,25,1,sub-FC014_ses-2_task-renewal_fearROIs_bin_SN.csv,sub-FC014_ses-2_task-renewal_fearROIs_bin_BN.csv
HC,FC014,2,renewal,116,117,4,3,sub-FC014_ses-2_task-renewal_fearROIs_bin_SN.csv,sub-FC014_ses-2_task-renewal_fearROIs_bin_BN.csv
HC,FC014,2,renewal,117,118,16,4,sub-FC014_ses-2_task-renewal_fearROIs_bin_SN.csv,sub-FC014_ses-2_task-renewal_fearROIs_bin_BN.csv
HC,FC014,2,renewal,118,119,1,1,sub-FC014_ses-2_task-renewal_fearROIs_bin_SN.csv,sub-FC014_ses-2_task-renewal_fearROIs_bin_BN.csv
HC,FC014,2,renewal,119,120,2,1,sub-FC014_ses-2_task-renewal_fearROIs_bin_SN.csv,sub-FC014_ses-2_task-renewal_fearROIs_bin_BN.csv
HC,FC014,2,renewal,120,121,9,1,sub-FC014_ses-2_task-renewal_fearROIs_bin_SN.csv,sub-FC014_ses-2_task-renewal_fearROIs_bin_BN.csv
HC,FC014,2,renewal,121,122,32,4,sub-FC014_ses-2_task-renewal_fearROIs_bin_SN.csv,sub-FC014_ses-2_task-renewal_fearROIs_bin_BN.csv
HC,FC014,2,renewal,122,123,32,4,sub-FC014_ses-2_task-renewal_fearROIs_bin_SN.csv,sub-FC014_ses-2_task-renewal_fearROIs_bin_BN.csv
HC,FC014,2,renewal,123,124,1,1,sub-FC014_ses-2_task-renewal_fearROIs_bin_SN.csv,sub-FC014_ses-2_task-renewal_fearROIs_bin_BN.csv
HC,FC014,2,renewal,124,125,19,3,sub-FC014_ses-2_task-renewal_fearROIs_bin_SN.csv,sub-FC014_ses-2_task-renewal_fearROIs_bin_BN.csv
HC,FC014,2,renewal,125,126,17,1,sub-FC014_ses-2_task-renewal_fearROIs_bin_SN.csv,sub-FC014_ses-2_task-renewal_fearROIs_bin_BN.csv
HC,FC014,2,renewal,126,127,20,3,sub-FC014_ses-2_task-renewal_fearROIs_bin_SN.csv,sub-FC014_ses-2_task-renewal_fearROIs_bin_BN.csv
HC,FC014,2,renewal,127,128,23,4,sub-FC014_ses-2_task-renewal_fearROIs_bin_SN.csv,sub-FC014_ses-2_task-renewal_fearROIs_bin_BN.csv
HC,FC014,2,renewal,128,129,32,4,sub-FC014_ses-2_task-renewal_fearROIs_bin_SN.csv,sub-FC014_ses-2_task-renewal_fearROIs_bin_BN.csv
HC,FC014,2,renewal,129,130,17,1,sub-FC014_ses-2_task-renewal_fearROIs_bin_SN.csv,sub-FC014_ses-2_task-renewal_fearROIs_bin_BN.csv
HC,FC014,2,renewal,130,131,16,4,sub-FC014_ses-2_task-renewal_fearROIs_bin_SN.csv,sub-FC014_ses-2_task-renewal_fearROIs_bin_BN.csv
HC,FC014,2,renewal,131,132,29,2,sub-FC014_ses-2_task-renewal_fearROIs_bin_SN.csv,sub-FC014_ses-2_task-renewal_fearROIs_bin_BN.csv
HC,FC015,2,renewal,0,1,23,4,sub-FC015_ses-2_task-renewal_fearROIs_bin_SN.csv,sub-FC015_ses-2_task-renewal_fearROIs_bin_BN.csv
HC,FC015,2,renewal,1,2,23,4,sub-FC015_ses-2_task-renewal_fearROIs_bin_SN.csv,sub-FC015_ses-2_task-renewal_fearROIs_bin_BN.csv
HC,FC015,2,renewal,2,3,31,4,sub-FC015_ses-2_task-renewal_fearROIs_bin_SN.csv,sub-FC015_ses-2_task-renewal_fearROIs_bin_BN.csv
HC,FC015,2,renewal,3,4,32,4,sub-FC015_ses-2_task-renewal_fearROIs_bin_SN.csv,sub-FC015_ses-2_task-renewal_fearROIs_bin_BN.csv
HC,FC015,2,renewal,4,5,28,4,sub-FC015_ses-2_task-renewal_fearROIs_bin_SN.csv,sub-FC015_ses-2_task-renewal_fearROIs_bin_BN.csv
HC,FC015,2,renewal,5,6,25,1,sub-FC015_ses-2_task-renewal_fearROIs_bin_SN.csv,sub-FC015_ses-2_task-renewal_fearROIs_bin_BN.csv
HC,FC015,2,renewal,6,7,30,4,sub-FC015_ses-2_task-renewal_fearROIs_bin_SN.csv,sub-FC015_ses-2_task-renewal_fearROIs_bin_BN.csv
HC,FC015,2,renewal,7,8,7,1,sub-FC015_ses-2_task-renewal_fearROIs_bin_SN.csv,sub-FC015_ses-2_task-renewal_fearROIs_bin_BN.csv
HC,FC015,2,renewal,8,9,27,4,sub-FC015_ses-2_task-renewal_fearROIs_bin_SN.csv,sub-FC015_ses-2_task-renewal_fearROIs_bin_BN.csv
HC,FC015,2,renewal,9,10,2,1,sub-FC015_ses-2_task-renewal_fearROIs_bin_SN.csv,sub-FC015_ses-2_task-renewal_fearROIs_bin_BN.csv
HC,FC015,2,renewal,10,11,4,3,sub-FC015_ses-2_task-renewal_fearROIs_bin_SN.csv,sub-FC015_ses-2_task-renewal_fearROIs_bin_BN.csv
HC,FC015,2,renewal,11,12,1,1,sub-FC015_ses-2_task-renewal_fearROIs_bin_SN.csv,sub-FC015_ses-2_task-renewal_fearROIs_bin_BN.csv
HC,FC015,2,renewal,12,13,5,1,sub-FC015_ses-2_task-renewal_fearROIs_bin_SN.csv,sub-FC015_ses-2_task-renewal_fearROIs_bin_BN.csv
HC,FC015,2,renewal,13,14,31,4,sub-FC015_ses-2_task-renewal_fearROIs_bin_SN.csv,sub-FC015_ses-2_task-renewal_fearROIs_bin_BN.csv
HC,FC015,2,renewal,14,15,20,3,sub-FC015_ses-2_task-renewal_fearROIs_bin_SN.csv,sub-FC015_ses-2_task-renewal_fearROIs_bin_BN.csv
HC,FC015,2,renewal,15,16,18,3,sub-FC015_ses-2_task-renewal_fearROIs_bin_SN.csv,sub-FC015_ses-2_task-renewal_fearROIs_bin_BN.csv
HC,FC015,2,renewal,16,17,1,1,sub-FC015_ses-2_task-renewal_fearROIs_bin_SN.csv,sub-FC015_ses-2_task-renewal_fearROIs_bin_BN.csv
HC,FC015,2,renewal,17,18,5,1,sub-FC015_ses-2_task-renewal_fearROIs_bin_SN.csv,sub-FC015_ses-2_task-renewal_fearROIs_bin_BN.csv
HC,FC015,2,renewal,18,19,14,2,sub-FC015_ses-2_task-renewal_fearROIs_bin_SN.csv,sub-FC015_ses-2_task-renewal_fearROIs_bin_BN.csv
HC,FC015,2,renewal,19,20,32,4,sub-FC015_ses-2_task-renewal_fearROIs_bin_SN.csv,sub-FC015_ses-2_task-renewal_fearROIs_bin_BN.csv
HC,FC015,2,renewal,20,21,28,4,sub-FC015_ses-2_task-renewal_fearROIs_bin_SN.csv,sub-FC015_ses-2_task-renewal_fearROIs_bin_BN.csv
HC,FC015,2,renewal,21,22,28,4,sub-FC015_ses-2_task-renewal_fearROIs_bin_SN.csv,sub-FC015_ses-2_task-renewal_fearROIs_bin_BN.csv
HC,FC015,2,renewal,22,23,13,2,sub-FC015_ses-2_task-renewal_fearROIs_bin_SN.csv,sub-FC015_ses-2_task-renewal_fearROIs_bin_BN.csv
HC,FC015,2,renewal,23,24,14,2,sub-FC015_ses-2_task-renewal_fearROIs_bin_SN.csv,sub-FC015_ses-2_task-renewal_fearROIs_bin_BN.csv
HC,FC015,2,renewal,24,25,6,1,sub-FC015_ses-2_task-renewal_fearROIs_bin_SN.csv,sub-FC015_ses-2_task-renewal_fearROIs_bin_BN.csv
HC,FC015,2,renewal,25,26,11,1,sub-FC015_ses-2_task-renewal_fearROIs_bin_SN.csv,sub-FC015_ses-2_task-renewal_fearROIs_bin_BN.csv
HC,FC015,2,renewal,26,27,9,1,sub-FC015_ses-2_task-renewal_fearROIs_bin_SN.csv,sub-FC015_ses-2_task-renewal_fearROIs_bin_BN.csv
HC,FC015,2,renewal,27,28,1,1,sub-FC015_ses-2_task-renewal_fearROIs_bin_SN.csv,sub-FC015_ses-2_task-renewal_fearROIs_bin_BN.csv
HC,FC015,2,renewal,28,29,13,2,sub-FC015_ses-2_task-renewal_fearROIs_bin_SN.csv,sub-FC015_ses-2_task-renewal_fearROIs_bin_BN.csv
HC,FC015,2,renewal,29,30,32,4,sub-FC015_ses-2_task-renewal_fearROIs_bin_SN.csv,sub-FC015_ses-2_task-renewal_fearROIs_bin_BN.csv
HC,FC015,2,renewal,30,31,20,3,sub-FC015_ses-2_task-renewal_fearROIs_bin_SN.csv,sub-FC015_ses-2_task-renewal_fearROIs_bin_BN.csv
HC,FC015,2,renewal,31,32,8,3,sub-FC015_ses-2_task-renewal_fearROIs_bin_SN.csv,sub-FC015_ses-2_task-renewal_fearROIs_bin_BN.csv
HC,FC015,2,renewal,32,33,16,4,sub-FC015_ses-2_task-renewal_fearROIs_bin_SN.csv,sub-FC015_ses-2_task-renewal_fearROIs_bin_BN.csv
HC,FC015,2,renewal,33,34,15,2,sub-FC015_ses-2_task-renewal_fearROIs_bin_SN.csv,sub-FC015_ses-2_task-renewal_fearROIs_bin_BN.csv
HC,FC015,2,renewal,34,35,17,1,sub-FC015_ses-2_task-renewal_fearROIs_bin_SN.csv,sub-FC015_ses-2_task-renewal_fearROIs_bin_BN.csv
HC,FC015,2,renewal,35,36,18,3,sub-FC015_ses-2_task-renewal_fearROIs_bin_SN.csv,sub-FC015_ses-2_task-renewal_fearROIs_bin_BN.csv
HC,FC015,2,renewal,36,37,17,1,sub-FC015_ses-2_task-renewal_fearROIs_bin_SN.csv,sub-FC015_ses-2_task-renewal_fearROIs_bin_BN.csv
HC,FC015,2,renewal,37,38,20,3,sub-FC015_ses-2_task-renewal_fearROIs_bin_SN.csv,sub-FC015_ses-2_task-renewal_fearROIs_bin_BN.csv
HC,FC015,2,renewal,38,39,24,4,sub-FC015_ses-2_task-renewal_fearROIs_bin_SN.csv,sub-FC015_ses-2_task-renewal_fearROIs_bin_BN.csv
HC,FC015,2,renewal,39,40,13,2,sub-FC015_ses-2_task-renewal_fearROIs_bin_SN.csv,sub-FC015_ses-2_task-renewal_fearROIs_bin_BN.csv
HC,FC015,2,renewal,40,41,13,2,sub-FC015_ses-2_task-renewal_fearROIs_bin_SN.csv,sub-FC015_ses-2_task-renewal_fearROIs_bin_BN.csv
HC,FC015,2,renewal,41,42,32,4,sub-FC015_ses-2_task-renewal_fearROIs_bin_SN.csv,sub-FC015_ses-2_task-renewal_fearROIs_bin_BN.csv
HC,FC015,2,renewal,42,43,6,1,sub-FC015_ses-2_task-renewal_fearROIs_bin_SN.csv,sub-FC015_ses-2_task-renewal_fearROIs_bin_BN.csv
HC,FC015,2,renewal,43,44,5,1,sub-FC015_ses-2_task-renewal_fearROIs_bin_SN.csv,sub-FC015_ses-2_task-renewal_fearROIs_bin_BN.csv
HC,FC015,2,renewal,44,45,11,1,sub-FC015_ses-2_task-renewal_fearROIs_bin_SN.csv,sub-FC015_ses-2_task-renewal_fearROIs_bin_BN.csv
HC,FC015,2,renewal,45,46,28,4,sub-FC015_ses-2_task-renewal_fearROIs_bin_SN.csv,sub-FC015_ses-2_task-renewal_fearROIs_bin_BN.csv
HC,FC015,2,renewal,46,47,1,1,sub-FC015_ses-2_task-renewal_fearROIs_bin_SN.csv,sub-FC015_ses-2_task-renewal_fearROIs_bin_BN.csv
HC,FC015,2,renewal,47,48,9,1,sub-FC015_ses-2_task-renewal_fearROIs_bin_SN.csv,sub-FC015_ses-2_task-renewal_fearROIs_bin_BN.csv
HC,FC015,2,renewal,48,49,4,3,sub-FC015_ses-2_task-renewal_fearROIs_bin_SN.csv,sub-FC015_ses-2_task-renewal_fearROIs_bin_BN.csv
HC,FC015,2,renewal,49,50,28,4,sub-FC015_ses-2_task-renewal_fearROIs_bin_SN.csv,sub-FC015_ses-2_task-renewal_fearROIs_bin_BN.csv
HC,FC015,2,renewal,50,51,17,1,sub-FC015_ses-2_task-renewal_fearROIs_bin_SN.csv,sub-FC015_ses-2_task-renewal_fearROIs_bin_BN.csv
HC,FC015,2,renewal,51,52,20,3,sub-FC015_ses-2_task-renewal_fearROIs_bin_SN.csv,sub-FC015_ses-2_task-renewal_fearROIs_bin_BN.csv
HC,FC015,2,renewal,52,53,20,3,sub-FC015_ses-2_task-renewal_fearROIs_bin_SN.csv,sub-FC015_ses-2_task-renewal_fearROIs_bin_BN.csv
HC,FC015,2,renewal,53,54,4,3,sub-FC015_ses-2_task-renewal_fearROIs_bin_SN.csv,sub-FC015_ses-2_task-renewal_fearROIs_bin_BN.csv
HC,FC015,2,renewal,54,55,14,2,sub-FC015_ses-2_task-renewal_fearROIs_bin_SN.csv,sub-FC015_ses-2_task-renewal_fearROIs_bin_BN.csv
HC,FC015,2,renewal,55,56,29,2,sub-FC015_ses-2_task-renewal_fearROIs_bin_SN.csv,sub-FC015_ses-2_task-renewal_fearROIs_bin_BN.csv
HC,FC015,2,renewal,56,57,32,4,sub-FC015_ses-2_task-renewal_fearROIs_bin_SN.csv,sub-FC015_ses-2_task-renewal_fearROIs_bin_BN.csv
HC,FC015,2,renewal,57,58,9,1,sub-FC015_ses-2_task-renewal_fearROIs_bin_SN.csv,sub-FC015_ses-2_task-renewal_fearROIs_bin_BN.csv
HC,FC015,2,renewal,58,59,9,1,sub-FC015_ses-2_task-renewal_fearROIs_bin_SN.csv,sub-FC015_ses-2_task-renewal_fearROIs_bin_BN.csv
HC,FC015,2,renewal,59,60,30,4,sub-FC015_ses-2_task-renewal_fearROIs_bin_SN.csv,sub-FC015_ses-2_task-renewal_fearROIs_bin_BN.csv
HC,FC015,2,renewal,60,61,14,2,sub-FC015_ses-2_task-renewal_fearROIs_bin_SN.csv,sub-FC015_ses-2_task-renewal_fearROIs_bin_BN.csv
HC,FC015,2,renewal,61,62,25,1,sub-FC015_ses-2_task-renewal_fearROIs_bin_SN.csv,sub-FC015_ses-2_task-renewal_fearROIs_bin_BN.csv
HC,FC015,2,renewal,62,63,1,1,sub-FC015_ses-2_task-renewal_fearROIs_bin_SN.csv,sub-FC015_ses-2_task-renewal_fearROIs_bin_BN.csv
HC,FC015,2,renewal,63,64,4,3,sub-FC015_ses-2_task-renewal_fearROIs_bin_SN.csv,sub-FC015_ses-2_task-renewal_fearROIs_bin_BN.csv
HC,FC015,2,renewal,64,65,20,3,sub-FC015_ses-2_task-renewal_fearROIs_bin_SN.csv,sub-FC015_ses-2_task-renewal_fearROIs_bin_BN.csv
HC,FC015,2,renewal,65,66,20,3,sub-FC015_ses-2_task-renewal_fearROIs_bin_SN.csv,sub-FC015_ses-2_task-renewal_fearROIs_bin_BN.csv
HC,FC015,2,renewal,66,67,29,2,sub-FC015_ses-2_task-renewal_fearROIs_bin_SN.csv,sub-FC015_ses-2_task-renewal_fearROIs_bin_BN.csv
HC,FC015,2,renewal,67,68,1,1,sub-FC015_ses-2_task-renewal_fearROIs_bin_SN.csv,sub-FC015_ses-2_task-renewal_fearROIs_bin_BN.csv
HC,FC015,2,renewal,68,69,26,4,sub-FC015_ses-2_task-renewal_fearROIs_bin_SN.csv,sub-FC015_ses-2_task-renewal_fearROIs_bin_BN.csv
HC,FC015,2,renewal,69,70,5,1,sub-FC015_ses-2_task-renewal_fearROIs_bin_SN.csv,sub-FC015_ses-2_task-renewal_fearROIs_bin_BN.csv
HC,FC015,2,renewal,70,71,5,1,sub-FC015_ses-2_task-renewal_fearROIs_bin_SN.csv,sub-FC015_ses-2_task-renewal_fearROIs_bin_BN.csv
HC,FC015,2,renewal,71,72,5,1,sub-FC015_ses-2_task-renewal_fearROIs_bin_SN.csv,sub-FC015_ses-2_task-renewal_fearROIs_bin_BN.csv
HC,FC015,2,renewal,72,73,13,2,sub-FC015_ses-2_task-renewal_fearROIs_bin_SN.csv,sub-FC015_ses-2_task-renewal_fearROIs_bin_BN.csv
HC,FC015,2,renewal,73,74,14,2,sub-FC015_ses-2_task-renewal_fearROIs_bin_SN.csv,sub-FC015_ses-2_task-renewal_fearROIs_bin_BN.csv
HC,FC015,2,renewal,74,75,20,3,sub-FC015_ses-2_task-renewal_fearROIs_bin_SN.csv,sub-FC015_ses-2_task-renewal_fearROIs_bin_BN.csv
HC,FC015,2,renewal,75,76,15,2,sub-FC015_ses-2_task-renewal_fearROIs_bin_SN.csv,sub-FC015_ses-2_task-renewal_fearROIs_bin_BN.csv
HC,FC015,2,renewal,76,77,25,1,sub-FC015_ses-2_task-renewal_fearROIs_bin_SN.csv,sub-FC015_ses-2_task-renewal_fearROIs_bin_BN.csv
HC,FC015,2,renewal,77,78,1,1,sub-FC015_ses-2_task-renewal_fearROIs_bin_SN.csv,sub-FC015_ses-2_task-renewal_fearROIs_bin_BN.csv
HC,FC015,2,renewal,78,79,14,2,sub-FC015_ses-2_task-renewal_fearROIs_bin_SN.csv,sub-FC015_ses-2_task-renewal_fearROIs_bin_BN.csv
HC,FC015,2,renewal,79,80,32,4,sub-FC015_ses-2_task-renewal_fearROIs_bin_SN.csv,sub-FC015_ses-2_task-renewal_fearROIs_bin_BN.csv
HC,FC015,2,renewal,80,81,28,4,sub-FC015_ses-2_task-renewal_fearROIs_bin_SN.csv,sub-FC015_ses-2_task-renewal_fearROIs_bin_BN.csv
HC,FC015,2,renewal,81,82,32,4,sub-FC015_ses-2_task-renewal_fearROIs_bin_SN.csv,sub-FC015_ses-2_task-renewal_fearROIs_bin_BN.csv
HC,FC015,2,renewal,82,83,20,3,sub-FC015_ses-2_task-renewal_fearROIs_bin_SN.csv,sub-FC015_ses-2_task-renewal_fearROIs_bin_BN.csv
HC,FC015,2,renewal,83,84,27,4,sub-FC015_ses-2_task-renewal_fearROIs_bin_SN.csv,sub-FC015_ses-2_task-renewal_fearROIs_bin_BN.csv
HC,FC015,2,renewal,84,85,20,3,sub-FC015_ses-2_task-renewal_fearROIs_bin_SN.csv,sub-FC015_ses-2_task-renewal_fearROIs_bin_BN.csv
HC,FC015,2,renewal,85,86,19,3,sub-FC015_ses-2_task-renewal_fearROIs_bin_SN.csv,sub-FC015_ses-2_task-renewal_fearROIs_bin_BN.csv
HC,FC015,2,renewal,86,87,20,3,sub-FC015_ses-2_task-renewal_fearROIs_bin_SN.csv,sub-FC015_ses-2_task-renewal_fearROIs_bin_BN.csv
HC,FC015,2,renewal,87,88,24,4,sub-FC015_ses-2_task-renewal_fearROIs_bin_SN.csv,sub-FC015_ses-2_task-renewal_fearROIs_bin_BN.csv
HC,FC015,2,renewal,88,89,32,4,sub-FC015_ses-2_task-renewal_fearROIs_bin_SN.csv,sub-FC015_ses-2_task-renewal_fearROIs_bin_BN.csv
HC,FC015,2,renewal,89,90,13,2,sub-FC015_ses-2_task-renewal_fearROIs_bin_SN.csv,sub-FC015_ses-2_task-renewal_fearROIs_bin_BN.csv
HC,FC015,2,renewal,90,91,16,4,sub-FC015_ses-2_task-renewal_fearROIs_bin_SN.csv,sub-FC015_ses-2_task-renewal_fearROIs_bin_BN.csv
HC,FC015,2,renewal,91,92,12,3,sub-FC015_ses-2_task-renewal_fearROIs_bin_SN.csv,sub-FC015_ses-2_task-renewal_fearROIs_bin_BN.csv
HC,FC015,2,renewal,92,93,7,1,sub-FC015_ses-2_task-renewal_fearROIs_bin_SN.csv,sub-FC015_ses-2_task-renewal_fearROIs_bin_BN.csv
HC,FC015,2,renewal,93,94,5,1,sub-FC015_ses-2_task-renewal_fearROIs_bin_SN.csv,sub-FC015_ses-2_task-renewal_fearROIs_bin_BN.csv
HC,FC015,2,renewal,94,95,17,1,sub-FC015_ses-2_task-renewal_fearROIs_bin_SN.csv,sub-FC015_ses-2_task-renewal_fearROIs_bin_BN.csv
HC,FC015,2,renewal,95,96,13,2,sub-FC015_ses-2_task-renewal_fearROIs_bin_SN.csv,sub-FC015_ses-2_task-renewal_fearROIs_bin_BN.csv
HC,FC015,2,renewal,96,97,1,1,sub-FC015_ses-2_task-renewal_fearROIs_bin_SN.csv,sub-FC015_ses-2_task-renewal_fearROIs_bin_BN.csv
HC,FC015,2,renewal,97,98,5,1,sub-FC015_ses-2_task-renewal_fearROIs_bin_SN.csv,sub-FC015_ses-2_task-renewal_fearROIs_bin_BN.csv
HC,FC015,2,renewal,98,99,9,1,sub-FC015_ses-2_task-renewal_fearROIs_bin_SN.csv,sub-FC015_ses-2_task-renewal_fearROIs_bin_BN.csv
HC,FC015,2,renewal,99,100,9,1,sub-FC015_ses-2_task-renewal_fearROIs_bin_SN.csv,sub-FC015_ses-2_task-renewal_fearROIs_bin_BN.csv
HC,FC015,2,renewal,100,101,32,4,sub-FC015_ses-2_task-renewal_fearROIs_bin_SN.csv,sub-FC015_ses-2_task-renewal_fearROIs_bin_BN.csv
HC,FC015,2,renewal,101,102,32,4,sub-FC015_ses-2_task-renewal_fearROIs_bin_SN.csv,sub-FC015_ses-2_task-renewal_fearROIs_bin_BN.csv
HC,FC015,2,renewal,102,103,28,4,sub-FC015_ses-2_task-renewal_fearROIs_bin_SN.csv,sub-FC015_ses-2_task-renewal_fearROIs_bin_BN.csv
HC,FC015,2,renewal,103,104,32,4,sub-FC015_ses-2_task-renewal_fearROIs_bin_SN.csv,sub-FC015_ses-2_task-renewal_fearROIs_bin_BN.csv
HC,FC015,2,renewal,104,105,29,2,sub-FC015_ses-2_task-renewal_fearROIs_bin_SN.csv,sub-FC015_ses-2_task-renewal_fearROIs_bin_BN.csv
HC,FC015,2,renewal,105,106,31,4,sub-FC015_ses-2_task-renewal_fearROIs_bin_SN.csv,sub-FC015_ses-2_task-renewal_fearROIs_bin_BN.csv
HC,FC015,2,renewal,106,107,30,4,sub-FC015_ses-2_task-renewal_fearROIs_bin_SN.csv,sub-FC015_ses-2_task-renewal_fearROIs_bin_BN.csv
HC,FC015,2,renewal,107,108,22,4,sub-FC015_ses-2_task-renewal_fearROIs_bin_SN.csv,sub-FC015_ses-2_task-renewal_fearROIs_bin_BN.csv
HC,FC015,2,renewal,108,109,24,4,sub-FC015_ses-2_task-renewal_fearROIs_bin_SN.csv,sub-FC015_ses-2_task-renewal_fearROIs_bin_BN.csv
HC,FC015,2,renewal,109,110,4,3,sub-FC015_ses-2_task-renewal_fearROIs_bin_SN.csv,sub-FC015_ses-2_task-renewal_fearROIs_bin_BN.csv
HC,FC015,2,renewal,110,111,21,1,sub-FC015_ses-2_task-renewal_fearROIs_bin_SN.csv,sub-FC015_ses-2_task-renewal_fearROIs_bin_BN.csv
HC,FC015,2,renewal,111,112,13,2,sub-FC015_ses-2_task-renewal_fearROIs_bin_SN.csv,sub-FC015_ses-2_task-renewal_fearROIs_bin_BN.csv
HC,FC015,2,renewal,112,113,29,2,sub-FC015_ses-2_task-renewal_fearROIs_bin_SN.csv,sub-FC015_ses-2_task-renewal_fearROIs_bin_BN.csv
HC,FC015,2,renewal,113,114,4,3,sub-FC015_ses-2_task-renewal_fearROIs_bin_SN.csv,sub-FC015_ses-2_task-renewal_fearROIs_bin_BN.csv
HC,FC015,2,renewal,114,115,17,1,sub-FC015_ses-2_task-renewal_fearROIs_bin_SN.csv,sub-FC015_ses-2_task-renewal_fearROIs_bin_BN.csv
HC,FC015,2,renewal,115,116,17,1,sub-FC015_ses-2_task-renewal_fearROIs_bin_SN.csv,sub-FC015_ses-2_task-renewal_fearROIs_bin_BN.csv
HC,FC015,2,renewal,116,117,2,1,sub-FC015_ses-2_task-renewal_fearROIs_bin_SN.csv,sub-FC015_ses-2_task-renewal_fearROIs_bin_BN.csv
HC,FC015,2,renewal,117,118,8,3,sub-FC015_ses-2_task-renewal_fearROIs_bin_SN.csv,sub-FC015_ses-2_task-renewal_fearROIs_bin_BN.csv
HC,FC015,2,renewal,118,119,6,1,sub-FC015_ses-2_task-renewal_fearROIs_bin_SN.csv,sub-FC015_ses-2_task-renewal_fearROIs_bin_BN.csv
HC,FC015,2,renewal,119,120,9,1,sub-FC015_ses-2_task-renewal_fearROIs_bin_SN.csv,sub-FC015_ses-2_task-renewal_fearROIs_bin_BN.csv
HC,FC015,2,renewal,120,121,1,1,sub-FC015_ses-2_task-renewal_fearROIs_bin_SN.csv,sub-FC015_ses-2_task-renewal_fearROIs_bin_BN.csv
HC,FC015,2,renewal,121,122,4,3,sub-FC015_ses-2_task-renewal_fearROIs_bin_SN.csv,sub-FC015_ses-2_task-renewal_fearROIs_bin_BN.csv
HC,FC015,2,renewal,122,123,3,1,sub-FC015_ses-2_task-renewal_fearROIs_bin_SN.csv,sub-FC015_ses-2_task-renewal_fearROIs_bin_BN.csv
HC,FC015,2,renewal,123,124,3,1,sub-FC015_ses-2_task-renewal_fearROIs_bin_SN.csv,sub-FC015_ses-2_task-renewal_fearROIs_bin_BN.csv
HC,FC015,2,renewal,124,125,7,1,sub-FC015_ses-2_task-renewal_fearROIs_bin_SN.csv,sub-FC015_ses-2_task-renewal_fearROIs_bin_BN.csv
HC,FC015,2,renewal,125,126,8,3,sub-FC015_ses-2_task-renewal_fearROIs_bin_SN.csv,sub-FC015_ses-2_task-renewal_fearROIs_bin_BN.csv
HC,FC015,2,renewal,126,127,13,2,sub-FC015_ses-2_task-renewal_fearROIs_bin_SN.csv,sub-FC015_ses-2_task-renewal_fearROIs_bin_BN.csv
HC,FC015,2,renewal,127,128,17,1,sub-FC015_ses-2_task-renewal_fearROIs_bin_SN.csv,sub-FC015_ses-2_task-renewal_fearROIs_bin_BN.csv
HC,FC015,2,renewal,128,129,32,4,sub-FC015_ses-2_task-renewal_fearROIs_bin_SN.csv,sub-FC015_ses-2_task-renewal_fearROIs_bin_BN.csv
HC,FC015,2,renewal,129,130,24,4,sub-FC015_ses-2_task-renewal_fearROIs_bin_SN.csv,sub-FC015_ses-2_task-renewal_fearROIs_bin_BN.csv
HC,FC015,2,renewal,130,131,27,4,sub-FC015_ses-2_task-renewal_fearROIs_bin_SN.csv,sub-FC015_ses-2_task-renewal_fearROIs_bin_BN.csv
HC,FC015,2,renewal,131,132,28,4,sub-FC015_ses-2_task-renewal_fearROIs_bin_SN.csv,sub-FC015_ses-2_task-renewal_fearROIs_bin_BN.csv
HC,FC016,2,renewal,0,1,17,1,sub-FC016_ses-2_task-renewal_fearROIs_bin_SN.csv,sub-FC016_ses-2_task-renewal_fearROIs_bin_BN.csv
HC,FC016,2,renewal,1,2,29,2,sub-FC016_ses-2_task-renewal_fearROIs_bin_SN.csv,sub-FC016_ses-2_task-renewal_fearROIs_bin_BN.csv
HC,FC016,2,renewal,2,3,32,4,sub-FC016_ses-2_task-renewal_fearROIs_bin_SN.csv,sub-FC016_ses-2_task-renewal_fearROIs_bin_BN.csv
HC,FC016,2,renewal,3,4,17,1,sub-FC016_ses-2_task-renewal_fearROIs_bin_SN.csv,sub-FC016_ses-2_task-renewal_fearROIs_bin_BN.csv
HC,FC016,2,renewal,4,5,1,1,sub-FC016_ses-2_task-renewal_fearROIs_bin_SN.csv,sub-FC016_ses-2_task-renewal_fearROIs_bin_BN.csv
HC,FC016,2,renewal,5,6,1,1,sub-FC016_ses-2_task-renewal_fearROIs_bin_SN.csv,sub-FC016_ses-2_task-renewal_fearROIs_bin_BN.csv
HC,FC016,2,renewal,6,7,1,1,sub-FC016_ses-2_task-renewal_fearROIs_bin_SN.csv,sub-FC016_ses-2_task-renewal_fearROIs_bin_BN.csv
HC,FC016,2,renewal,7,8,32,4,sub-FC016_ses-2_task-renewal_fearROIs_bin_SN.csv,sub-FC016_ses-2_task-renewal_fearROIs_bin_BN.csv
HC,FC016,2,renewal,8,9,8,3,sub-FC016_ses-2_task-renewal_fearROIs_bin_SN.csv,sub-FC016_ses-2_task-renewal_fearROIs_bin_BN.csv
HC,FC016,2,renewal,9,10,9,1,sub-FC016_ses-2_task-renewal_fearROIs_bin_SN.csv,sub-FC016_ses-2_task-renewal_fearROIs_bin_BN.csv
HC,FC016,2,renewal,10,11,3,1,sub-FC016_ses-2_task-renewal_fearROIs_bin_SN.csv,sub-FC016_ses-2_task-renewal_fearROIs_bin_BN.csv
HC,FC016,2,renewal,11,12,2,1,sub-FC016_ses-2_task-renewal_fearROIs_bin_SN.csv,sub-FC016_ses-2_task-renewal_fearROIs_bin_BN.csv
HC,FC016,2,renewal,12,13,12,3,sub-FC016_ses-2_task-renewal_fearROIs_bin_SN.csv,sub-FC016_ses-2_task-renewal_fearROIs_bin_BN.csv
HC,FC016,2,renewal,13,14,3,1,sub-FC016_ses-2_task-renewal_fearROIs_bin_SN.csv,sub-FC016_ses-2_task-renewal_fearROIs_bin_BN.csv
HC,FC016,2,renewal,14,15,4,3,sub-FC016_ses-2_task-renewal_fearROIs_bin_SN.csv,sub-FC016_ses-2_task-renewal_fearROIs_bin_BN.csv
HC,FC016,2,renewal,15,16,31,4,sub-FC016_ses-2_task-renewal_fearROIs_bin_SN.csv,sub-FC016_ses-2_task-renewal_fearROIs_bin_BN.csv
HC,FC016,2,renewal,16,17,12,3,sub-FC016_ses-2_task-renewal_fearROIs_bin_SN.csv,sub-FC016_ses-2_task-renewal_fearROIs_bin_BN.csv
HC,FC016,2,renewal,17,18,29,2,sub-FC016_ses-2_task-renewal_fearROIs_bin_SN.csv,sub-FC016_ses-2_task-renewal_fearROIs_bin_BN.csv
HC,FC016,2,renewal,18,19,31,4,sub-FC016_ses-2_task-renewal_fearROIs_bin_SN.csv,sub-FC016_ses-2_task-renewal_fearROIs_bin_BN.csv
HC,FC016,2,renewal,19,20,24,4,sub-FC016_ses-2_task-renewal_fearROIs_bin_SN.csv,sub-FC016_ses-2_task-renewal_fearROIs_bin_BN.csv
HC,FC016,2,renewal,20,21,1,1,sub-FC016_ses-2_task-renewal_fearROIs_bin_SN.csv,sub-FC016_ses-2_task-renewal_fearROIs_bin_BN.csv
HC,FC016,2,renewal,21,22,9,1,sub-FC016_ses-2_task-renewal_fearROIs_bin_SN.csv,sub-FC016_ses-2_task-renewal_fearROIs_bin_BN.csv
HC,FC016,2,renewal,22,23,21,1,sub-FC016_ses-2_task-renewal_fearROIs_bin_SN.csv,sub-FC016_ses-2_task-renewal_fearROIs_bin_BN.csv
HC,FC016,2,renewal,23,24,32,4,sub-FC016_ses-2_task-renewal_fearROIs_bin_SN.csv,sub-FC016_ses-2_task-renewal_fearROIs_bin_BN.csv
HC,FC016,2,renewal,24,25,24,4,sub-FC016_ses-2_task-renewal_fearROIs_bin_SN.csv,sub-FC016_ses-2_task-renewal_fearROIs_bin_BN.csv
HC,FC016,2,renewal,25,26,14,2,sub-FC016_ses-2_task-renewal_fearROIs_bin_SN.csv,sub-FC016_ses-2_task-renewal_fearROIs_bin_BN.csv
HC,FC016,2,renewal,26,27,29,2,sub-FC016_ses-2_task-renewal_fearROIs_bin_SN.csv,sub-FC016_ses-2_task-renewal_fearROIs_bin_BN.csv
HC,FC016,2,renewal,27,28,14,2,sub-FC016_ses-2_task-renewal_fearROIs_bin_SN.csv,sub-FC016_ses-2_task-renewal_fearROIs_bin_BN.csv
HC,FC016,2,renewal,28,29,9,1,sub-FC016_ses-2_task-renewal_fearROIs_bin_SN.csv,sub-FC016_ses-2_task-renewal_fearROIs_bin_BN.csv
HC,FC016,2,renewal,29,30,31,4,sub-FC016_ses-2_task-renewal_fearROIs_bin_SN.csv,sub-FC016_ses-2_task-renewal_fearROIs_bin_BN.csv
HC,FC016,2,renewal,30,31,32,4,sub-FC016_ses-2_task-renewal_fearROIs_bin_SN.csv,sub-FC016_ses-2_task-renewal_fearROIs_bin_BN.csv
HC,FC016,2,renewal,31,32,20,3,sub-FC016_ses-2_task-renewal_fearROIs_bin_SN.csv,sub-FC016_ses-2_task-renewal_fearROIs_bin_BN.csv
HC,FC016,2,renewal,32,33,20,3,sub-FC016_ses-2_task-renewal_fearROIs_bin_SN.csv,sub-FC016_ses-2_task-renewal_fearROIs_bin_BN.csv
HC,FC016,2,renewal,33,34,20,3,sub-FC016_ses-2_task-renewal_fearROIs_bin_SN.csv,sub-FC016_ses-2_task-renewal_fearROIs_bin_BN.csv
HC,FC016,2,renewal,34,35,32,4,sub-FC016_ses-2_task-renewal_fearROIs_bin_SN.csv,sub-FC016_ses-2_task-renewal_fearROIs_bin_BN.csv
HC,FC016,2,renewal,35,36,13,2,sub-FC016_ses-2_task-renewal_fearROIs_bin_SN.csv,sub-FC016_ses-2_task-renewal_fearROIs_bin_BN.csv
HC,FC016,2,renewal,36,37,1,1,sub-FC016_ses-2_task-renewal_fearROIs_bin_SN.csv,sub-FC016_ses-2_task-renewal_fearROIs_bin_BN.csv
HC,FC016,2,renewal,37,38,14,2,sub-FC016_ses-2_task-renewal_fearROIs_bin_SN.csv,sub-FC016_ses-2_task-renewal_fearROIs_bin_BN.csv
HC,FC016,2,renewal,38,39,18,3,sub-FC016_ses-2_task-renewal_fearROIs_bin_SN.csv,sub-FC016_ses-2_task-renewal_fearROIs_bin_BN.csv
HC,FC016,2,renewal,39,40,20,3,sub-FC016_ses-2_task-renewal_fearROIs_bin_SN.csv,sub-FC016_ses-2_task-renewal_fearROIs_bin_BN.csv
HC,FC016,2,renewal,40,41,7,1,sub-FC016_ses-2_task-renewal_fearROIs_bin_SN.csv,sub-FC016_ses-2_task-renewal_fearROIs_bin_BN.csv
HC,FC016,2,renewal,41,42,4,3,sub-FC016_ses-2_task-renewal_fearROIs_bin_SN.csv,sub-FC016_ses-2_task-renewal_fearROIs_bin_BN.csv
HC,FC016,2,renewal,42,43,9,1,sub-FC016_ses-2_task-renewal_fearROIs_bin_SN.csv,sub-FC016_ses-2_task-renewal_fearROIs_bin_BN.csv
HC,FC016,2,renewal,43,44,20,3,sub-FC016_ses-2_task-renewal_fearROIs_bin_SN.csv,sub-FC016_ses-2_task-renewal_fearROIs_bin_BN.csv
HC,FC016,2,renewal,44,45,9,1,sub-FC016_ses-2_task-renewal_fearROIs_bin_SN.csv,sub-FC016_ses-2_task-renewal_fearROIs_bin_BN.csv
HC,FC016,2,renewal,45,46,17,1,sub-FC016_ses-2_task-renewal_fearROIs_bin_SN.csv,sub-FC016_ses-2_task-renewal_fearROIs_bin_BN.csv
HC,FC016,2,renewal,46,47,21,1,sub-FC016_ses-2_task-renewal_fearROIs_bin_SN.csv,sub-FC016_ses-2_task-renewal_fearROIs_bin_BN.csv
HC,FC016,2,renewal,47,48,24,4,sub-FC016_ses-2_task-renewal_fearROIs_bin_SN.csv,sub-FC016_ses-2_task-renewal_fearROIs_bin_BN.csv
HC,FC016,2,renewal,48,49,20,3,sub-FC016_ses-2_task-renewal_fearROIs_bin_SN.csv,sub-FC016_ses-2_task-renewal_fearROIs_bin_BN.csv
HC,FC016,2,renewal,49,50,10,1,sub-FC016_ses-2_task-renewal_fearROIs_bin_SN.csv,sub-FC016_ses-2_task-renewal_fearROIs_bin_BN.csv
HC,FC016,2,renewal,50,51,1,1,sub-FC016_ses-2_task-renewal_fearROIs_bin_SN.csv,sub-FC016_ses-2_task-renewal_fearROIs_bin_BN.csv
HC,FC016,2,renewal,51,52,32,4,sub-FC016_ses-2_task-renewal_fearROIs_bin_SN.csv,sub-FC016_ses-2_task-renewal_fearROIs_bin_BN.csv
HC,FC016,2,renewal,52,53,13,2,sub-FC016_ses-2_task-renewal_fearROIs_bin_SN.csv,sub-FC016_ses-2_task-renewal_fearROIs_bin_BN.csv
HC,FC016,2,renewal,53,54,5,1,sub-FC016_ses-2_task-renewal_fearROIs_bin_SN.csv,sub-FC016_ses-2_task-renewal_fearROIs_bin_BN.csv
HC,FC016,2,renewal,54,55,26,4,sub-FC016_ses-2_task-renewal_fearROIs_bin_SN.csv,sub-FC016_ses-2_task-renewal_fearROIs_bin_BN.csv
HC,FC016,2,renewal,55,56,8,3,sub-FC016_ses-2_task-renewal_fearROIs_bin_SN.csv,sub-FC016_ses-2_task-renewal_fearROIs_bin_BN.csv
HC,FC016,2,renewal,56,57,28,4,sub-FC016_ses-2_task-renewal_fearROIs_bin_SN.csv,sub-FC016_ses-2_task-renewal_fearROIs_bin_BN.csv
HC,FC016,2,renewal,57,58,13,2,sub-FC016_ses-2_task-renewal_fearROIs_bin_SN.csv,sub-FC016_ses-2_task-renewal_fearROIs_bin_BN.csv
HC,FC016,2,renewal,58,59,21,1,sub-FC016_ses-2_task-renewal_fearROIs_bin_SN.csv,sub-FC016_ses-2_task-renewal_fearROIs_bin_BN.csv
HC,FC016,2,renewal,59,60,14,2,sub-FC016_ses-2_task-renewal_fearROIs_bin_SN.csv,sub-FC016_ses-2_task-renewal_fearROIs_bin_BN.csv
HC,FC016,2,renewal,60,61,21,1,sub-FC016_ses-2_task-renewal_fearROIs_bin_SN.csv,sub-FC016_ses-2_task-renewal_fearROIs_bin_BN.csv
HC,FC016,2,renewal,61,62,32,4,sub-FC016_ses-2_task-renewal_fearROIs_bin_SN.csv,sub-FC016_ses-2_task-renewal_fearROIs_bin_BN.csv
HC,FC016,2,renewal,62,63,32,4,sub-FC016_ses-2_task-renewal_fearROIs_bin_SN.csv,sub-FC016_ses-2_task-renewal_fearROIs_bin_BN.csv
HC,FC016,2,renewal,63,64,1,1,sub-FC016_ses-2_task-renewal_fearROIs_bin_SN.csv,sub-FC016_ses-2_task-renewal_fearROIs_bin_BN.csv
HC,FC016,2,renewal,64,65,12,3,sub-FC016_ses-2_task-renewal_fearROIs_bin_SN.csv,sub-FC016_ses-2_task-renewal_fearROIs_bin_BN.csv
HC,FC016,2,renewal,65,66,32,4,sub-FC016_ses-2_task-renewal_fearROIs_bin_SN.csv,sub-FC016_ses-2_task-renewal_fearROIs_bin_BN.csv
HC,FC016,2,renewal,66,67,15,2,sub-FC016_ses-2_task-renewal_fearROIs_bin_SN.csv,sub-FC016_ses-2_task-renewal_fearROIs_bin_BN.csv
HC,FC016,2,renewal,67,68,2,1,sub-FC016_ses-2_task-renewal_fearROIs_bin_SN.csv,sub-FC016_ses-2_task-renewal_fearROIs_bin_BN.csv
HC,FC016,2,renewal,68,69,3,1,sub-FC016_ses-2_task-renewal_fearROIs_bin_SN.csv,sub-FC016_ses-2_task-renewal_fearROIs_bin_BN.csv
HC,FC016,2,renewal,69,70,9,1,sub-FC016_ses-2_task-renewal_fearROIs_bin_SN.csv,sub-FC016_ses-2_task-renewal_fearROIs_bin_BN.csv
HC,FC016,2,renewal,70,71,5,1,sub-FC016_ses-2_task-renewal_fearROIs_bin_SN.csv,sub-FC016_ses-2_task-renewal_fearROIs_bin_BN.csv
HC,FC016,2,renewal,71,72,13,2,sub-FC016_ses-2_task-renewal_fearROIs_bin_SN.csv,sub-FC016_ses-2_task-renewal_fearROIs_bin_BN.csv
HC,FC016,2,renewal,72,73,27,4,sub-FC016_ses-2_task-renewal_fearROIs_bin_SN.csv,sub-FC016_ses-2_task-renewal_fearROIs_bin_BN.csv
HC,FC016,2,renewal,73,74,26,4,sub-FC016_ses-2_task-renewal_fearROIs_bin_SN.csv,sub-FC016_ses-2_task-renewal_fearROIs_bin_BN.csv
HC,FC016,2,renewal,74,75,20,3,sub-FC016_ses-2_task-renewal_fearROIs_bin_SN.csv,sub-FC016_ses-2_task-renewal_fearROIs_bin_BN.csv
HC,FC016,2,renewal,75,76,4,3,sub-FC016_ses-2_task-renewal_fearROIs_bin_SN.csv,sub-FC016_ses-2_task-renewal_fearROIs_bin_BN.csv
HC,FC016,2,renewal,76,77,23,4,sub-FC016_ses-2_task-renewal_fearROIs_bin_SN.csv,sub-FC016_ses-2_task-renewal_fearROIs_bin_BN.csv
HC,FC016,2,renewal,77,78,32,4,sub-FC016_ses-2_task-renewal_fearROIs_bin_SN.csv,sub-FC016_ses-2_task-renewal_fearROIs_bin_BN.csv
HC,FC016,2,renewal,78,79,6,1,sub-FC016_ses-2_task-renewal_fearROIs_bin_SN.csv,sub-FC016_ses-2_task-renewal_fearROIs_bin_BN.csv
HC,FC016,2,renewal,79,80,1,1,sub-FC016_ses-2_task-renewal_fearROIs_bin_SN.csv,sub-FC016_ses-2_task-renewal_fearROIs_bin_BN.csv
HC,FC016,2,renewal,80,81,14,2,sub-FC016_ses-2_task-renewal_fearROIs_bin_SN.csv,sub-FC016_ses-2_task-renewal_fearROIs_bin_BN.csv
HC,FC016,2,renewal,81,82,5,1,sub-FC016_ses-2_task-renewal_fearROIs_bin_SN.csv,sub-FC016_ses-2_task-renewal_fearROIs_bin_BN.csv
HC,FC016,2,renewal,82,83,16,4,sub-FC016_ses-2_task-renewal_fearROIs_bin_SN.csv,sub-FC016_ses-2_task-renewal_fearROIs_bin_BN.csv
HC,FC016,2,renewal,83,84,5,1,sub-FC016_ses-2_task-renewal_fearROIs_bin_SN.csv,sub-FC016_ses-2_task-renewal_fearROIs_bin_BN.csv
HC,FC016,2,renewal,84,85,4,3,sub-FC016_ses-2_task-renewal_fearROIs_bin_SN.csv,sub-FC016_ses-2_task-renewal_fearROIs_bin_BN.csv
HC,FC016,2,renewal,85,86,29,2,sub-FC016_ses-2_task-renewal_fearROIs_bin_SN.csv,sub-FC016_ses-2_task-renewal_fearROIs_bin_BN.csv
HC,FC016,2,renewal,86,87,20,3,sub-FC016_ses-2_task-renewal_fearROIs_bin_SN.csv,sub-FC016_ses-2_task-renewal_fearROIs_bin_BN.csv
HC,FC016,2,renewal,87,88,31,4,sub-FC016_ses-2_task-renewal_fearROIs_bin_SN.csv,sub-FC016_ses-2_task-renewal_fearROIs_bin_BN.csv
HC,FC016,2,renewal,88,89,20,3,sub-FC016_ses-2_task-renewal_fearROIs_bin_SN.csv,sub-FC016_ses-2_task-renewal_fearROIs_bin_BN.csv
HC,FC016,2,renewal,89,90,19,3,sub-FC016_ses-2_task-renewal_fearROIs_bin_SN.csv,sub-FC016_ses-2_task-renewal_fearROIs_bin_BN.csv
HC,FC016,2,renewal,90,91,20,3,sub-FC016_ses-2_task-renewal_fearROIs_bin_SN.csv,sub-FC016_ses-2_task-renewal_fearROIs_bin_BN.csv
HC,FC016,2,renewal,91,92,32,4,sub-FC016_ses-2_task-renewal_fearROIs_bin_SN.csv,sub-FC016_ses-2_task-renewal_fearROIs_bin_BN.csv
HC,FC016,2,renewal,92,93,26,4,sub-FC016_ses-2_task-renewal_fearROIs_bin_SN.csv,sub-FC016_ses-2_task-renewal_fearROIs_bin_BN.csv
HC,FC016,2,renewal,93,94,9,1,sub-FC016_ses-2_task-renewal_fearROIs_bin_SN.csv,sub-FC016_ses-2_task-renewal_fearROIs_bin_BN.csv
HC,FC016,2,renewal,94,95,21,1,sub-FC016_ses-2_task-renewal_fearROIs_bin_SN.csv,sub-FC016_ses-2_task-renewal_fearROIs_bin_BN.csv
HC,FC016,2,renewal,95,96,20,3,sub-FC016_ses-2_task-renewal_fearROIs_bin_SN.csv,sub-FC016_ses-2_task-renewal_fearROIs_bin_BN.csv
HC,FC016,2,renewal,96,97,13,2,sub-FC016_ses-2_task-renewal_fearROIs_bin_SN.csv,sub-FC016_ses-2_task-renewal_fearROIs_bin_BN.csv
HC,FC016,2,renewal,97,98,24,4,sub-FC016_ses-2_task-renewal_fearROIs_bin_SN.csv,sub-FC016_ses-2_task-renewal_fearROIs_bin_BN.csv
HC,FC016,2,renewal,98,99,12,3,sub-FC016_ses-2_task-renewal_fearROIs_bin_SN.csv,sub-FC016_ses-2_task-renewal_fearROIs_bin_BN.csv
HC,FC016,2,renewal,99,100,1,1,sub-FC016_ses-2_task-renewal_fearROIs_bin_SN.csv,sub-FC016_ses-2_task-renewal_fearROIs_bin_BN.csv
HC,FC016,2,renewal,100,101,16,4,sub-FC016_ses-2_task-renewal_fearROIs_bin_SN.csv,sub-FC016_ses-2_task-renewal_fearROIs_bin_BN.csv
HC,FC016,2,renewal,101,102,32,4,sub-FC016_ses-2_task-renewal_fearROIs_bin_SN.csv,sub-FC016_ses-2_task-renewal_fearROIs_bin_BN.csv
HC,FC016,2,renewal,102,103,20,3,sub-FC016_ses-2_task-renewal_fearROIs_bin_SN.csv,sub-FC016_ses-2_task-renewal_fearROIs_bin_BN.csv
HC,FC016,2,renewal,103,104,25,1,sub-FC016_ses-2_task-renewal_fearROIs_bin_SN.csv,sub-FC016_ses-2_task-renewal_fearROIs_bin_BN.csv
HC,FC016,2,renewal,104,105,17,1,sub-FC016_ses-2_task-renewal_fearROIs_bin_SN.csv,sub-FC016_ses-2_task-renewal_fearROIs_bin_BN.csv
HC,FC016,2,renewal,105,106,10,1,sub-FC016_ses-2_task-renewal_fearROIs_bin_SN.csv,sub-FC016_ses-2_task-renewal_fearROIs_bin_BN.csv
HC,FC016,2,renewal,106,107,13,2,sub-FC016_ses-2_task-renewal_fearROIs_bin_SN.csv,sub-FC016_ses-2_task-renewal_fearROIs_bin_BN.csv
HC,FC016,2,renewal,107,108,1,1,sub-FC016_ses-2_task-renewal_fearROIs_bin_SN.csv,sub-FC016_ses-2_task-renewal_fearROIs_bin_BN.csv
HC,FC016,2,renewal,108,109,10,1,sub-FC016_ses-2_task-renewal_fearROIs_bin_SN.csv,sub-FC016_ses-2_task-renewal_fearROIs_bin_BN.csv
HC,FC016,2,renewal,109,110,21,1,sub-FC016_ses-2_task-renewal_fearROIs_bin_SN.csv,sub-FC016_ses-2_task-renewal_fearROIs_bin_BN.csv
HC,FC016,2,renewal,110,111,20,3,sub-FC016_ses-2_task-renewal_fearROIs_bin_SN.csv,sub-FC016_ses-2_task-renewal_fearROIs_bin_BN.csv
HC,FC016,2,renewal,111,112,29,2,sub-FC016_ses-2_task-renewal_fearROIs_bin_SN.csv,sub-FC016_ses-2_task-renewal_fearROIs_bin_BN.csv
HC,FC016,2,renewal,112,113,24,4,sub-FC016_ses-2_task-renewal_fearROIs_bin_SN.csv,sub-FC016_ses-2_task-renewal_fearROIs_bin_BN.csv
HC,FC016,2,renewal,113,114,16,4,sub-FC016_ses-2_task-renewal_fearROIs_bin_SN.csv,sub-FC016_ses-2_task-renewal_fearROIs_bin_BN.csv
HC,FC016,2,renewal,114,115,9,1,sub-FC016_ses-2_task-renewal_fearROIs_bin_SN.csv,sub-FC016_ses-2_task-renewal_fearROIs_bin_BN.csv
HC,FC016,2,renewal,115,116,4,3,sub-FC016_ses-2_task-renewal_fearROIs_bin_SN.csv,sub-FC016_ses-2_task-renewal_fearROIs_bin_BN.csv
HC,FC016,2,renewal,116,117,27,4,sub-FC016_ses-2_task-renewal_fearROIs_bin_SN.csv,sub-FC016_ses-2_task-renewal_fearROIs_bin_BN.csv
HC,FC016,2,renewal,117,118,23,4,sub-FC016_ses-2_task-renewal_fearROIs_bin_SN.csv,sub-FC016_ses-2_task-renewal_fearROIs_bin_BN.csv
HC,FC016,2,renewal,118,119,28,4,sub-FC016_ses-2_task-renewal_fearROIs_bin_SN.csv,sub-FC016_ses-2_task-renewal_fearROIs_bin_BN.csv
HC,FC016,2,renewal,119,120,13,2,sub-FC016_ses-2_task-renewal_fearROIs_bin_SN.csv,sub-FC016_ses-2_task-renewal_fearROIs_bin_BN.csv
HC,FC016,2,renewal,120,121,5,1,sub-FC016_ses-2_task-renewal_fearROIs_bin_SN.csv,sub-FC016_ses-2_task-renewal_fearROIs_bin_BN.csv
HC,FC016,2,renewal,121,122,16,4,sub-FC016_ses-2_task-renewal_fearROIs_bin_SN.csv,sub-FC016_ses-2_task-renewal_fearROIs_bin_BN.csv
HC,FC016,2,renewal,122,123,15,2,sub-FC016_ses-2_task-renewal_fearROIs_bin_SN.csv,sub-FC016_ses-2_task-renewal_fearROIs_bin_BN.csv
HC,FC016,2,renewal,123,124,32,4,sub-FC016_ses-2_task-renewal_fearROIs_bin_SN.csv,sub-FC016_ses-2_task-renewal_fearROIs_bin_BN.csv
HC,FC016,2,renewal,124,125,13,2,sub-FC016_ses-2_task-renewal_fearROIs_bin_SN.csv,sub-FC016_ses-2_task-renewal_fearROIs_bin_BN.csv
HC,FC016,2,renewal,125,126,5,1,sub-FC016_ses-2_task-renewal_fearROIs_bin_SN.csv,sub-FC016_ses-2_task-renewal_fearROIs_bin_BN.csv
HC,FC016,2,renewal,126,127,1,1,sub-FC016_ses-2_task-renewal_fearROIs_bin_SN.csv,sub-FC016_ses-2_task-renewal_fearROIs_bin_BN.csv
HC,FC016,2,renewal,127,128,20,3,sub-FC016_ses-2_task-renewal_fearROIs_bin_SN.csv,sub-FC016_ses-2_task-renewal_fearROIs_bin_BN.csv
HC,FC016,2,renewal,128,129,31,4,sub-FC016_ses-2_task-renewal_fearROIs_bin_SN.csv,sub-FC016_ses-2_task-renewal_fearROIs_bin_BN.csv
HC,FC016,2,renewal,129,130,32,4,sub-FC016_ses-2_task-renewal_fearROIs_bin_SN.csv,sub-FC016_ses-2_task-renewal_fearROIs_bin_BN.csv
HC,FC016,2,renewal,130,131,1,1,sub-FC016_ses-2_task-renewal_fearROIs_bin_SN.csv,sub-FC016_ses-2_task-renewal_fearROIs_bin_BN.csv
HC,FC016,2,renewal,131,132,1,1,sub-FC016_ses-2_task-renewal_fearROIs_bin_SN.csv,sub-FC016_ses-2_task-renewal_fearROIs_bin_BN.csv
HC,FC016,2,renewal,132,133,20,3,sub-FC016_ses-2_task-renewal_fearROIs_bin_SN.csv,sub-FC016_ses-2_task-renewal_fearROIs_bin_BN.csv
HC,FC016,2,renewal,133,134,29,2,sub-FC016_ses-2_task-renewal_fearROIs_bin_SN.csv,sub-FC016_ses-2_task-renewal_fearROIs_bin_BN.csv
HC,FC016,2,renewal,134,135,2,1,sub-FC016_ses-2_task-renewal_fearROIs_bin_SN.csv,sub-FC016_ses-2_task-renewal_fearROIs_bin_BN.csv
HC,FC017,2,renewal,0,1,5,1,sub-FC017_ses-2_task-renewal_fearROIs_bin_SN.csv,sub-FC017_ses-2_task-renewal_fearROIs_bin_BN.csv
HC,FC017,2,renewal,1,2,1,1,sub-FC017_ses-2_task-renewal_fearROIs_bin_SN.csv,sub-FC017_ses-2_task-renewal_fearROIs_bin_BN.csv
HC,FC017,2,renewal,2,3,30,4,sub-FC017_ses-2_task-renewal_fearROIs_bin_SN.csv,sub-FC017_ses-2_task-renewal_fearROIs_bin_BN.csv
HC,FC017,2,renewal,3,4,20,3,sub-FC017_ses-2_task-renewal_fearROIs_bin_SN.csv,sub-FC017_ses-2_task-renewal_fearROIs_bin_BN.csv
HC,FC017,2,renewal,4,5,24,4,sub-FC017_ses-2_task-renewal_fearROIs_bin_SN.csv,sub-FC017_ses-2_task-renewal_fearROIs_bin_BN.csv
HC,FC017,2,renewal,5,6,20,3,sub-FC017_ses-2_task-renewal_fearROIs_bin_SN.csv,sub-FC017_ses-2_task-renewal_fearROIs_bin_BN.csv
HC,FC017,2,renewal,6,7,32,4,sub-FC017_ses-2_task-renewal_fearROIs_bin_SN.csv,sub-FC017_ses-2_task-renewal_fearROIs_bin_BN.csv
HC,FC017,2,renewal,7,8,26,4,sub-FC017_ses-2_task-renewal_fearROIs_bin_SN.csv,sub-FC017_ses-2_task-renewal_fearROIs_bin_BN.csv
HC,FC017,2,renewal,8,9,32,4,sub-FC017_ses-2_task-renewal_fearROIs_bin_SN.csv,sub-FC017_ses-2_task-renewal_fearROIs_bin_BN.csv
HC,FC017,2,renewal,9,10,1,1,sub-FC017_ses-2_task-renewal_fearROIs_bin_SN.csv,sub-FC017_ses-2_task-renewal_fearROIs_bin_BN.csv
HC,FC017,2,renewal,10,11,17,1,sub-FC017_ses-2_task-renewal_fearROIs_bin_SN.csv,sub-FC017_ses-2_task-renewal_fearROIs_bin_BN.csv
HC,FC017,2,renewal,11,12,8,3,sub-FC017_ses-2_task-renewal_fearROIs_bin_SN.csv,sub-FC017_ses-2_task-renewal_fearROIs_bin_BN.csv
HC,FC017,2,renewal,12,13,29,2,sub-FC017_ses-2_task-renewal_fearROIs_bin_SN.csv,sub-FC017_ses-2_task-renewal_fearROIs_bin_BN.csv
HC,FC017,2,renewal,13,14,30,4,sub-FC017_ses-2_task-renewal_fearROIs_bin_SN.csv,sub-FC017_ses-2_task-renewal_fearROIs_bin_BN.csv
HC,FC017,2,renewal,14,15,2,1,sub-FC017_ses-2_task-renewal_fearROIs_bin_SN.csv,sub-FC017_ses-2_task-renewal_fearROIs_bin_BN.csv
HC,FC017,2,renewal,15,16,15,2,sub-FC017_ses-2_task-renewal_fearROIs_bin_SN.csv,sub-FC017_ses-2_task-renewal_fearROIs_bin_BN.csv
HC,FC017,2,renewal,16,17,1,1,sub-FC017_ses-2_task-renewal_fearROIs_bin_SN.csv,sub-FC017_ses-2_task-renewal_fearROIs_bin_BN.csv
HC,FC017,2,renewal,17,18,16,4,sub-FC017_ses-2_task-renewal_fearROIs_bin_SN.csv,sub-FC017_ses-2_task-renewal_fearROIs_bin_BN.csv
HC,FC017,2,renewal,18,19,3,1,sub-FC017_ses-2_task-renewal_fearROIs_bin_SN.csv,sub-FC017_ses-2_task-renewal_fearROIs_bin_BN.csv
HC,FC017,2,renewal,19,20,1,1,sub-FC017_ses-2_task-renewal_fearROIs_bin_SN.csv,sub-FC017_ses-2_task-renewal_fearROIs_bin_BN.csv
HC,FC017,2,renewal,20,21,5,1,sub-FC017_ses-2_task-renewal_fearROIs_bin_SN.csv,sub-FC017_ses-2_task-renewal_fearROIs_bin_BN.csv
HC,FC017,2,renewal,21,22,1,1,sub-FC017_ses-2_task-renewal_fearROIs_bin_SN.csv,sub-FC017_ses-2_task-renewal_fearROIs_bin_BN.csv
HC,FC017,2,renewal,22,23,31,4,sub-FC017_ses-2_task-renewal_fearROIs_bin_SN.csv,sub-FC017_ses-2_task-renewal_fearROIs_bin_BN.csv
HC,FC017,2,renewal,23,24,14,2,sub-FC017_ses-2_task-renewal_fearROIs_bin_SN.csv,sub-FC017_ses-2_task-renewal_fearROIs_bin_BN.csv
HC,FC017,2,renewal,24,25,1,1,sub-FC017_ses-2_task-renewal_fearROIs_bin_SN.csv,sub-FC017_ses-2_task-renewal_fearROIs_bin_BN.csv
HC,FC017,2,renewal,25,26,9,1,sub-FC017_ses-2_task-renewal_fearROIs_bin_SN.csv,sub-FC017_ses-2_task-renewal_fearROIs_bin_BN.csv
HC,FC017,2,renewal,26,27,31,4,sub-FC017_ses-2_task-renewal_fearROIs_bin_SN.csv,sub-FC017_ses-2_task-renewal_fearROIs_bin_BN.csv
HC,FC017,2,renewal,27,28,32,4,sub-FC017_ses-2_task-renewal_fearROIs_bin_SN.csv,sub-FC017_ses-2_task-renewal_fearROIs_bin_BN.csv
HC,FC017,2,renewal,28,29,32,4,sub-FC017_ses-2_task-renewal_fearROIs_bin_SN.csv,sub-FC017_ses-2_task-renewal_fearROIs_bin_BN.csv
HC,FC017,2,renewal,29,30,9,1,sub-FC017_ses-2_task-renewal_fearROIs_bin_SN.csv,sub-FC017_ses-2_task-renewal_fearROIs_bin_BN.csv
HC,FC017,2,renewal,30,31,13,2,sub-FC017_ses-2_task-renewal_fearROIs_bin_SN.csv,sub-FC017_ses-2_task-renewal_fearROIs_bin_BN.csv
HC,FC017,2,renewal,31,32,15,2,sub-FC017_ses-2_task-renewal_fearROIs_bin_SN.csv,sub-FC017_ses-2_task-renewal_fearROIs_bin_BN.csv
HC,FC017,2,renewal,32,33,30,4,sub-FC017_ses-2_task-renewal_fearROIs_bin_SN.csv,sub-FC017_ses-2_task-renewal_fearROIs_bin_BN.csv
HC,FC017,2,renewal,33,34,4,3,sub-FC017_ses-2_task-renewal_fearROIs_bin_SN.csv,sub-FC017_ses-2_task-renewal_fearROIs_bin_BN.csv
HC,FC017,2,renewal,34,35,3,1,sub-FC017_ses-2_task-renewal_fearROIs_bin_SN.csv,sub-FC017_ses-2_task-renewal_fearROIs_bin_BN.csv
HC,FC017,2,renewal,35,36,6,1,sub-FC017_ses-2_task-renewal_fearROIs_bin_SN.csv,sub-FC017_ses-2_task-renewal_fearROIs_bin_BN.csv
HC,FC017,2,renewal,36,37,21,1,sub-FC017_ses-2_task-renewal_fearROIs_bin_SN.csv,sub-FC017_ses-2_task-renewal_fearROIs_bin_BN.csv
HC,FC017,2,renewal,37,38,8,3,sub-FC017_ses-2_task-renewal_fearROIs_bin_SN.csv,sub-FC017_ses-2_task-renewal_fearROIs_bin_BN.csv
HC,FC017,2,renewal,38,39,20,3,sub-FC017_ses-2_task-renewal_fearROIs_bin_SN.csv,sub-FC017_ses-2_task-renewal_fearROIs_bin_BN.csv
HC,FC017,2,renewal,39,40,1,1,sub-FC017_ses-2_task-renewal_fearROIs_bin_SN.csv,sub-FC017_ses-2_task-renewal_fearROIs_bin_BN.csv
HC,FC017,2,renewal,40,41,4,3,sub-FC017_ses-2_task-renewal_fearROIs_bin_SN.csv,sub-FC017_ses-2_task-renewal_fearROIs_bin_BN.csv
HC,FC017,2,renewal,41,42,32,4,sub-FC017_ses-2_task-renewal_fearROIs_bin_SN.csv,sub-FC017_ses-2_task-renewal_fearROIs_bin_BN.csv
HC,FC017,2,renewal,42,43,32,4,sub-FC017_ses-2_task-renewal_fearROIs_bin_SN.csv,sub-FC017_ses-2_task-renewal_fearROIs_bin_BN.csv
HC,FC017,2,renewal,43,44,30,4,sub-FC017_ses-2_task-renewal_fearROIs_bin_SN.csv,sub-FC017_ses-2_task-renewal_fearROIs_bin_BN.csv
HC,FC017,2,renewal,44,45,32,4,sub-FC017_ses-2_task-renewal_fearROIs_bin_SN.csv,sub-FC017_ses-2_task-renewal_fearROIs_bin_BN.csv
HC,FC017,2,renewal,45,46,28,4,sub-FC017_ses-2_task-renewal_fearROIs_bin_SN.csv,sub-FC017_ses-2_task-renewal_fearROIs_bin_BN.csv
HC,FC017,2,renewal,46,47,32,4,sub-FC017_ses-2_task-renewal_fearROIs_bin_SN.csv,sub-FC017_ses-2_task-renewal_fearROIs_bin_BN.csv
HC,FC017,2,renewal,47,48,30,4,sub-FC017_ses-2_task-renewal_fearROIs_bin_SN.csv,sub-FC017_ses-2_task-renewal_fearROIs_bin_BN.csv
HC,FC017,2,renewal,48,49,17,1,sub-FC017_ses-2_task-renewal_fearROIs_bin_SN.csv,sub-FC017_ses-2_task-renewal_fearROIs_bin_BN.csv
HC,FC017,2,renewal,49,50,20,3,sub-FC017_ses-2_task-renewal_fearROIs_bin_SN.csv,sub-FC017_ses-2_task-renewal_fearROIs_bin_BN.csv
HC,FC017,2,renewal,50,51,17,1,sub-FC017_ses-2_task-renewal_fearROIs_bin_SN.csv,sub-FC017_ses-2_task-renewal_fearROIs_bin_BN.csv
HC,FC017,2,renewal,51,52,4,3,sub-FC017_ses-2_task-renewal_fearROIs_bin_SN.csv,sub-FC017_ses-2_task-renewal_fearROIs_bin_BN.csv
HC,FC017,2,renewal,52,53,13,2,sub-FC017_ses-2_task-renewal_fearROIs_bin_SN.csv,sub-FC017_ses-2_task-renewal_fearROIs_bin_BN.csv
HC,FC017,2,renewal,53,54,1,1,sub-FC017_ses-2_task-renewal_fearROIs_bin_SN.csv,sub-FC017_ses-2_task-renewal_fearROIs_bin_BN.csv
HC,FC017,2,renewal,54,55,23,4,sub-FC017_ses-2_task-renewal_fearROIs_bin_SN.csv,sub-FC017_ses-2_task-renewal_fearROIs_bin_BN.csv
HC,FC017,2,renewal,55,56,17,1,sub-FC017_ses-2_task-renewal_fearROIs_bin_SN.csv,sub-FC017_ses-2_task-renewal_fearROIs_bin_BN.csv
HC,FC017,2,renewal,56,57,15,2,sub-FC017_ses-2_task-renewal_fearROIs_bin_SN.csv,sub-FC017_ses-2_task-renewal_fearROIs_bin_BN.csv
HC,FC017,2,renewal,57,58,9,1,sub-FC017_ses-2_task-renewal_fearROIs_bin_SN.csv,sub-FC017_ses-2_task-renewal_fearROIs_bin_BN.csv
HC,FC017,2,renewal,58,59,20,3,sub-FC017_ses-2_task-renewal_fearROIs_bin_SN.csv,sub-FC017_ses-2_task-renewal_fearROIs_bin_BN.csv
HC,FC017,2,renewal,59,60,9,1,sub-FC017_ses-2_task-renewal_fearROIs_bin_SN.csv,sub-FC017_ses-2_task-renewal_fearROIs_bin_BN.csv
HC,FC017,2,renewal,60,61,1,1,sub-FC017_ses-2_task-renewal_fearROIs_bin_SN.csv,sub-FC017_ses-2_task-renewal_fearROIs_bin_BN.csv
HC,FC017,2,renewal,61,62,12,3,sub-FC017_ses-2_task-renewal_fearROIs_bin_SN.csv,sub-FC017_ses-2_task-renewal_fearROIs_bin_BN.csv
HC,FC017,2,renewal,62,63,9,1,sub-FC017_ses-2_task-renewal_fearROIs_bin_SN.csv,sub-FC017_ses-2_task-renewal_fearROIs_bin_BN.csv
HC,FC017,2,renewal,63,64,16,4,sub-FC017_ses-2_task-renewal_fearROIs_bin_SN.csv,sub-FC017_ses-2_task-renewal_fearROIs_bin_BN.csv
HC,FC017,2,renewal,64,65,1,1,sub-FC017_ses-2_task-renewal_fearROIs_bin_SN.csv,sub-FC017_ses-2_task-renewal_fearROIs_bin_BN.csv
HC,FC017,2,renewal,65,66,1,1,sub-FC017_ses-2_task-renewal_fearROIs_bin_SN.csv,sub-FC017_ses-2_task-renewal_fearROIs_bin_BN.csv
HC,FC017,2,renewal,66,67,1,1,sub-FC017_ses-2_task-renewal_fearROIs_bin_SN.csv,sub-FC017_ses-2_task-renewal_fearROIs_bin_BN.csv
HC,FC017,2,renewal,67,68,20,3,sub-FC017_ses-2_task-renewal_fearROIs_bin_SN.csv,sub-FC017_ses-2_task-renewal_fearROIs_bin_BN.csv
HC,FC017,2,renewal,68,69,32,4,sub-FC017_ses-2_task-renewal_fearROIs_bin_SN.csv,sub-FC017_ses-2_task-renewal_fearROIs_bin_BN.csv
HC,FC017,2,renewal,69,70,32,4,sub-FC017_ses-2_task-renewal_fearROIs_bin_SN.csv,sub-FC017_ses-2_task-renewal_fearROIs_bin_BN.csv
HC,FC017,2,renewal,70,71,13,2,sub-FC017_ses-2_task-renewal_fearROIs_bin_SN.csv,sub-FC017_ses-2_task-renewal_fearROIs_bin_BN.csv
HC,FC017,2,renewal,71,72,13,2,sub-FC017_ses-2_task-renewal_fearROIs_bin_SN.csv,sub-FC017_ses-2_task-renewal_fearROIs_bin_BN.csv
HC,FC017,2,renewal,72,73,16,4,sub-FC017_ses-2_task-renewal_fearROIs_bin_SN.csv,sub-FC017_ses-2_task-renewal_fearROIs_bin_BN.csv
HC,FC017,2,renewal,73,74,17,1,sub-FC017_ses-2_task-renewal_fearROIs_bin_SN.csv,sub-FC017_ses-2_task-renewal_fearROIs_bin_BN.csv
HC,FC017,2,renewal,74,75,4,3,sub-FC017_ses-2_task-renewal_fearROIs_bin_SN.csv,sub-FC017_ses-2_task-renewal_fearROIs_bin_BN.csv
HC,FC017,2,renewal,75,76,20,3,sub-FC017_ses-2_task-renewal_fearROIs_bin_SN.csv,sub-FC017_ses-2_task-renewal_fearROIs_bin_BN.csv
HC,FC017,2,renewal,76,77,19,3,sub-FC017_ses-2_task-renewal_fearROIs_bin_SN.csv,sub-FC017_ses-2_task-renewal_fearROIs_bin_BN.csv
HC,FC017,2,renewal,77,78,19,3,sub-FC017_ses-2_task-renewal_fearROIs_bin_SN.csv,sub-FC017_ses-2_task-renewal_fearROIs_bin_BN.csv
HC,FC017,2,renewal,78,79,31,4,sub-FC017_ses-2_task-renewal_fearROIs_bin_SN.csv,sub-FC017_ses-2_task-renewal_fearROIs_bin_BN.csv
HC,FC017,2,renewal,79,80,29,2,sub-FC017_ses-2_task-renewal_fearROIs_bin_SN.csv,sub-FC017_ses-2_task-renewal_fearROIs_bin_BN.csv
HC,FC017,2,renewal,80,81,6,1,sub-FC017_ses-2_task-renewal_fearROIs_bin_SN.csv,sub-FC017_ses-2_task-renewal_fearROIs_bin_BN.csv
HC,FC017,2,renewal,81,82,13,2,sub-FC017_ses-2_task-renewal_fearROIs_bin_SN.csv,sub-FC017_ses-2_task-renewal_fearROIs_bin_BN.csv
HC,FC017,2,renewal,82,83,1,1,sub-FC017_ses-2_task-renewal_fearROIs_bin_SN.csv,sub-FC017_ses-2_task-renewal_fearROIs_bin_BN.csv
HC,FC017,2,renewal,83,84,17,1,sub-FC017_ses-2_task-renewal_fearROIs_bin_SN.csv,sub-FC017_ses-2_task-renewal_fearROIs_bin_BN.csv
HC,FC017,2,renewal,84,85,32,4,sub-FC017_ses-2_task-renewal_fearROIs_bin_SN.csv,sub-FC017_ses-2_task-renewal_fearROIs_bin_BN.csv
HC,FC017,2,renewal,85,86,32,4,sub-FC017_ses-2_task-renewal_fearROIs_bin_SN.csv,sub-FC017_ses-2_task-renewal_fearROIs_bin_BN.csv
HC,FC017,2,renewal,86,87,30,4,sub-FC017_ses-2_task-renewal_fearROIs_bin_SN.csv,sub-FC017_ses-2_task-renewal_fearROIs_bin_BN.csv
HC,FC017,2,renewal,87,88,25,1,sub-FC017_ses-2_task-renewal_fearROIs_bin_SN.csv,sub-FC017_ses-2_task-renewal_fearROIs_bin_BN.csv
HC,FC017,2,renewal,88,89,2,1,sub-FC017_ses-2_task-renewal_fearROIs_bin_SN.csv,sub-FC017_ses-2_task-renewal_fearROIs_bin_BN.csv
HC,FC017,2,renewal,89,90,1,1,sub-FC017_ses-2_task-renewal_fearROIs_bin_SN.csv,sub-FC017_ses-2_task-renewal_fearROIs_bin_BN.csv
HC,FC017,2,renewal,90,91,1,1,sub-FC017_ses-2_task-renewal_fearROIs_bin_SN.csv,sub-FC017_ses-2_task-renewal_fearROIs_bin_BN.csv
HC,FC017,2,renewal,91,92,8,3,sub-FC017_ses-2_task-renewal_fearROIs_bin_SN.csv,sub-FC017_ses-2_task-renewal_fearROIs_bin_BN.csv
HC,FC017,2,renewal,92,93,32,4,sub-FC017_ses-2_task-renewal_fearROIs_bin_SN.csv,sub-FC017_ses-2_task-renewal_fearROIs_bin_BN.csv
HC,FC017,2,renewal,93,94,24,4,sub-FC017_ses-2_task-renewal_fearROIs_bin_SN.csv,sub-FC017_ses-2_task-renewal_fearROIs_bin_BN.csv
HC,FC017,2,renewal,94,95,13,2,sub-FC017_ses-2_task-renewal_fearROIs_bin_SN.csv,sub-FC017_ses-2_task-renewal_fearROIs_bin_BN.csv
HC,FC017,2,renewal,95,96,9,1,sub-FC017_ses-2_task-renewal_fearROIs_bin_SN.csv,sub-FC017_ses-2_task-renewal_fearROIs_bin_BN.csv
HC,FC017,2,renewal,96,97,18,3,sub-FC017_ses-2_task-renewal_fearROIs_bin_SN.csv,sub-FC017_ses-2_task-renewal_fearROIs_bin_BN.csv
HC,FC017,2,renewal,97,98,6,1,sub-FC017_ses-2_task-renewal_fearROIs_bin_SN.csv,sub-FC017_ses-2_task-renewal_fearROIs_bin_BN.csv
HC,FC017,2,renewal,98,99,32,4,sub-FC017_ses-2_task-renewal_fearROIs_bin_SN.csv,sub-FC017_ses-2_task-renewal_fearROIs_bin_BN.csv
HC,FC017,2,renewal,99,100,9,1,sub-FC017_ses-2_task-renewal_fearROIs_bin_SN.csv,sub-FC017_ses-2_task-renewal_fearROIs_bin_BN.csv
HC,FC017,2,renewal,100,101,19,3,sub-FC017_ses-2_task-renewal_fearROIs_bin_SN.csv,sub-FC017_ses-2_task-renewal_fearROIs_bin_BN.csv
HC,FC017,2,renewal,101,102,24,4,sub-FC017_ses-2_task-renewal_fearROIs_bin_SN.csv,sub-FC017_ses-2_task-renewal_fearROIs_bin_BN.csv
HC,FC017,2,renewal,102,103,27,4,sub-FC017_ses-2_task-renewal_fearROIs_bin_SN.csv,sub-FC017_ses-2_task-renewal_fearROIs_bin_BN.csv
HC,FC017,2,renewal,103,104,15,2,sub-FC017_ses-2_task-renewal_fearROIs_bin_SN.csv,sub-FC017_ses-2_task-renewal_fearROIs_bin_BN.csv
HC,FC017,2,renewal,104,105,32,4,sub-FC017_ses-2_task-renewal_fearROIs_bin_SN.csv,sub-FC017_ses-2_task-renewal_fearROIs_bin_BN.csv
HC,FC017,2,renewal,105,106,31,4,sub-FC017_ses-2_task-renewal_fearROIs_bin_SN.csv,sub-FC017_ses-2_task-renewal_fearROIs_bin_BN.csv
HC,FC017,2,renewal,106,107,29,2,sub-FC017_ses-2_task-renewal_fearROIs_bin_SN.csv,sub-FC017_ses-2_task-renewal_fearROIs_bin_BN.csv
HC,FC017,2,renewal,107,108,16,4,sub-FC017_ses-2_task-renewal_fearROIs_bin_SN.csv,sub-FC017_ses-2_task-renewal_fearROIs_bin_BN.csv
HC,FC017,2,renewal,108,109,13,2,sub-FC017_ses-2_task-renewal_fearROIs_bin_SN.csv,sub-FC017_ses-2_task-renewal_fearROIs_bin_BN.csv
HC,FC017,2,renewal,109,110,1,1,sub-FC017_ses-2_task-renewal_fearROIs_bin_SN.csv,sub-FC017_ses-2_task-renewal_fearROIs_bin_BN.csv
HC,FC017,2,renewal,110,111,1,1,sub-FC017_ses-2_task-renewal_fearROIs_bin_SN.csv,sub-FC017_ses-2_task-renewal_fearROIs_bin_BN.csv
HC,FC017,2,renewal,111,112,3,1,sub-FC017_ses-2_task-renewal_fearROIs_bin_SN.csv,sub-FC017_ses-2_task-renewal_fearROIs_bin_BN.csv
HC,FC017,2,renewal,112,113,17,1,sub-FC017_ses-2_task-renewal_fearROIs_bin_SN.csv,sub-FC017_ses-2_task-renewal_fearROIs_bin_BN.csv
HC,FC017,2,renewal,113,114,8,3,sub-FC017_ses-2_task-renewal_fearROIs_bin_SN.csv,sub-FC017_ses-2_task-renewal_fearROIs_bin_BN.csv
HC,FC017,2,renewal,114,115,4,3,sub-FC017_ses-2_task-renewal_fearROIs_bin_SN.csv,sub-FC017_ses-2_task-renewal_fearROIs_bin_BN.csv
HC,FC017,2,renewal,115,116,10,1,sub-FC017_ses-2_task-renewal_fearROIs_bin_SN.csv,sub-FC017_ses-2_task-renewal_fearROIs_bin_BN.csv
HC,FC017,2,renewal,116,117,32,4,sub-FC017_ses-2_task-renewal_fearROIs_bin_SN.csv,sub-FC017_ses-2_task-renewal_fearROIs_bin_BN.csv
HC,FC017,2,renewal,117,118,32,4,sub-FC017_ses-2_task-renewal_fearROIs_bin_SN.csv,sub-FC017_ses-2_task-renewal_fearROIs_bin_BN.csv
HC,FC017,2,renewal,118,119,18,3,sub-FC017_ses-2_task-renewal_fearROIs_bin_SN.csv,sub-FC017_ses-2_task-renewal_fearROIs_bin_BN.csv
HC,FC017,2,renewal,119,120,28,4,sub-FC017_ses-2_task-renewal_fearROIs_bin_SN.csv,sub-FC017_ses-2_task-renewal_fearROIs_bin_BN.csv
HC,FC017,2,renewal,120,121,20,3,sub-FC017_ses-2_task-renewal_fearROIs_bin_SN.csv,sub-FC017_ses-2_task-renewal_fearROIs_bin_BN.csv
HC,FC018,2,renewal,0,1,6,1,sub-FC018_ses-2_task-renewal_fearROIs_bin_SN.csv,sub-FC018_ses-2_task-renewal_fearROIs_bin_BN.csv
HC,FC018,2,renewal,1,2,1,1,sub-FC018_ses-2_task-renewal_fearROIs_bin_SN.csv,sub-FC018_ses-2_task-renewal_fearROIs_bin_BN.csv
HC,FC018,2,renewal,2,3,28,4,sub-FC018_ses-2_task-renewal_fearROIs_bin_SN.csv,sub-FC018_ses-2_task-renewal_fearROIs_bin_BN.csv
HC,FC018,2,renewal,3,4,32,4,sub-FC018_ses-2_task-renewal_fearROIs_bin_SN.csv,sub-FC018_ses-2_task-renewal_fearROIs_bin_BN.csv
HC,FC018,2,renewal,4,5,30,4,sub-FC018_ses-2_task-renewal_fearROIs_bin_SN.csv,sub-FC018_ses-2_task-renewal_fearROIs_bin_BN.csv
HC,FC018,2,renewal,5,6,5,1,sub-FC018_ses-2_task-renewal_fearROIs_bin_SN.csv,sub-FC018_ses-2_task-renewal_fearROIs_bin_BN.csv
HC,FC018,2,renewal,6,7,10,1,sub-FC018_ses-2_task-renewal_fearROIs_bin_SN.csv,sub-FC018_ses-2_task-renewal_fearROIs_bin_BN.csv
HC,FC018,2,renewal,7,8,14,2,sub-FC018_ses-2_task-renewal_fearROIs_bin_SN.csv,sub-FC018_ses-2_task-renewal_fearROIs_bin_BN.csv
HC,FC018,2,renewal,8,9,28,4,sub-FC018_ses-2_task-renewal_fearROIs_bin_SN.csv,sub-FC018_ses-2_task-renewal_fearROIs_bin_BN.csv
HC,FC018,2,renewal,9,10,2,1,sub-FC018_ses-2_task-renewal_fearROIs_bin_SN.csv,sub-FC018_ses-2_task-renewal_fearROIs_bin_BN.csv
HC,FC018,2,renewal,10,11,22,4,sub-FC018_ses-2_task-renewal_fearROIs_bin_SN.csv,sub-FC018_ses-2_task-renewal_fearROIs_bin_BN.csv
HC,FC018,2,renewal,11,12,13,2,sub-FC018_ses-2_task-renewal_fearROIs_bin_SN.csv,sub-FC018_ses-2_task-renewal_fearROIs_bin_BN.csv
HC,FC018,2,renewal,12,13,27,4,sub-FC018_ses-2_task-renewal_fearROIs_bin_SN.csv,sub-FC018_ses-2_task-renewal_fearROIs_bin_BN.csv
HC,FC018,2,renewal,13,14,1,1,sub-FC018_ses-2_task-renewal_fearROIs_bin_SN.csv,sub-FC018_ses-2_task-renewal_fearROIs_bin_BN.csv
HC,FC018,2,renewal,14,15,24,4,sub-FC018_ses-2_task-renewal_fearROIs_bin_SN.csv,sub-FC018_ses-2_task-renewal_fearROIs_bin_BN.csv
HC,FC018,2,renewal,15,16,19,3,sub-FC018_ses-2_task-renewal_fearROIs_bin_SN.csv,sub-FC018_ses-2_task-renewal_fearROIs_bin_BN.csv
HC,FC018,2,renewal,16,17,19,3,sub-FC018_ses-2_task-renewal_fearROIs_bin_SN.csv,sub-FC018_ses-2_task-renewal_fearROIs_bin_BN.csv
HC,FC018,2,renewal,17,18,25,1,sub-FC018_ses-2_task-renewal_fearROIs_bin_SN.csv,sub-FC018_ses-2_task-renewal_fearROIs_bin_BN.csv
HC,FC018,2,renewal,18,19,3,1,sub-FC018_ses-2_task-renewal_fearROIs_bin_SN.csv,sub-FC018_ses-2_task-renewal_fearROIs_bin_BN.csv
HC,FC018,2,renewal,19,20,28,4,sub-FC018_ses-2_task-renewal_fearROIs_bin_SN.csv,sub-FC018_ses-2_task-renewal_fearROIs_bin_BN.csv
HC,FC018,2,renewal,20,21,25,1,sub-FC018_ses-2_task-renewal_fearROIs_bin_SN.csv,sub-FC018_ses-2_task-renewal_fearROIs_bin_BN.csv
HC,FC018,2,renewal,21,22,32,4,sub-FC018_ses-2_task-renewal_fearROIs_bin_SN.csv,sub-FC018_ses-2_task-renewal_fearROIs_bin_BN.csv
HC,FC018,2,renewal,22,23,30,4,sub-FC018_ses-2_task-renewal_fearROIs_bin_SN.csv,sub-FC018_ses-2_task-renewal_fearROIs_bin_BN.csv
HC,FC018,2,renewal,23,24,5,1,sub-FC018_ses-2_task-renewal_fearROIs_bin_SN.csv,sub-FC018_ses-2_task-renewal_fearROIs_bin_BN.csv
HC,FC018,2,renewal,24,25,24,4,sub-FC018_ses-2_task-renewal_fearROIs_bin_SN.csv,sub-FC018_ses-2_task-renewal_fearROIs_bin_BN.csv
HC,FC018,2,renewal,25,26,8,3,sub-FC018_ses-2_task-renewal_fearROIs_bin_SN.csv,sub-FC018_ses-2_task-renewal_fearROIs_bin_BN.csv
HC,FC018,2,renewal,26,27,23,4,sub-FC018_ses-2_task-renewal_fearROIs_bin_SN.csv,sub-FC018_ses-2_task-renewal_fearROIs_bin_BN.csv
HC,FC018,2,renewal,27,28,6,1,sub-FC018_ses-2_task-renewal_fearROIs_bin_SN.csv,sub-FC018_ses-2_task-renewal_fearROIs_bin_BN.csv
HC,FC018,2,renewal,28,29,16,4,sub-FC018_ses-2_task-renewal_fearROIs_bin_SN.csv,sub-FC018_ses-2_task-renewal_fearROIs_bin_BN.csv
HC,FC018,2,renewal,29,30,16,4,sub-FC018_ses-2_task-renewal_fearROIs_bin_SN.csv,sub-FC018_ses-2_task-renewal_fearROIs_bin_BN.csv
HC,FC018,2,renewal,30,31,18,3,sub-FC018_ses-2_task-renewal_fearROIs_bin_SN.csv,sub-FC018_ses-2_task-renewal_fearROIs_bin_BN.csv
HC,FC018,2,renewal,31,32,19,3,sub-FC018_ses-2_task-renewal_fearROIs_bin_SN.csv,sub-FC018_ses-2_task-renewal_fearROIs_bin_BN.csv
HC,FC018,2,renewal,32,33,21,1,sub-FC018_ses-2_task-renewal_fearROIs_bin_SN.csv,sub-FC018_ses-2_task-renewal_fearROIs_bin_BN.csv
HC,FC018,2,renewal,33,34,3,1,sub-FC018_ses-2_task-renewal_fearROIs_bin_SN.csv,sub-FC018_ses-2_task-renewal_fearROIs_bin_BN.csv
HC,FC018,2,renewal,34,35,31,4,sub-FC018_ses-2_task-renewal_fearROIs_bin_SN.csv,sub-FC018_ses-2_task-renewal_fearROIs_bin_BN.csv
HC,FC018,2,renewal,35,36,19,3,sub-FC018_ses-2_task-renewal_fearROIs_bin_SN.csv,sub-FC018_ses-2_task-renewal_fearROIs_bin_BN.csv
HC,FC018,2,renewal,36,37,20,3,sub-FC018_ses-2_task-renewal_fearROIs_bin_SN.csv,sub-FC018_ses-2_task-renewal_fearROIs_bin_BN.csv
HC,FC018,2,renewal,37,38,1,1,sub-FC018_ses-2_task-renewal_fearROIs_bin_SN.csv,sub-FC018_ses-2_task-renewal_fearROIs_bin_BN.csv
HC,FC018,2,renewal,38,39,19,3,sub-FC018_ses-2_task-renewal_fearROIs_bin_SN.csv,sub-FC018_ses-2_task-renewal_fearROIs_bin_BN.csv
HC,FC018,2,renewal,39,40,13,2,sub-FC018_ses-2_task-renewal_fearROIs_bin_SN.csv,sub-FC018_ses-2_task-renewal_fearROIs_bin_BN.csv
HC,FC018,2,renewal,40,41,20,3,sub-FC018_ses-2_task-renewal_fearROIs_bin_SN.csv,sub-FC018_ses-2_task-renewal_fearROIs_bin_BN.csv
HC,FC018,2,renewal,41,42,15,2,sub-FC018_ses-2_task-renewal_fearROIs_bin_SN.csv,sub-FC018_ses-2_task-renewal_fearROIs_bin_BN.csv
HC,FC018,2,renewal,42,43,1,1,sub-FC018_ses-2_task-renewal_fearROIs_bin_SN.csv,sub-FC018_ses-2_task-renewal_fearROIs_bin_BN.csv
HC,FC018,2,renewal,43,44,7,1,sub-FC018_ses-2_task-renewal_fearROIs_bin_SN.csv,sub-FC018_ses-2_task-renewal_fearROIs_bin_BN.csv
HC,FC018,2,renewal,44,45,21,1,sub-FC018_ses-2_task-renewal_fearROIs_bin_SN.csv,sub-FC018_ses-2_task-renewal_fearROIs_bin_BN.csv
HC,FC018,2,renewal,45,46,7,1,sub-FC018_ses-2_task-renewal_fearROIs_bin_SN.csv,sub-FC018_ses-2_task-renewal_fearROIs_bin_BN.csv
HC,FC018,2,renewal,46,47,7,1,sub-FC018_ses-2_task-renewal_fearROIs_bin_SN.csv,sub-FC018_ses-2_task-renewal_fearROIs_bin_BN.csv
HC,FC018,2,renewal,47,48,6,1,sub-FC018_ses-2_task-renewal_fearROIs_bin_SN.csv,sub-FC018_ses-2_task-renewal_fearROIs_bin_BN.csv
HC,FC018,2,renewal,48,49,30,4,sub-FC018_ses-2_task-renewal_fearROIs_bin_SN.csv,sub-FC018_ses-2_task-renewal_fearROIs_bin_BN.csv
HC,FC018,2,renewal,49,50,29,2,sub-FC018_ses-2_task-renewal_fearROIs_bin_SN.csv,sub-FC018_ses-2_task-renewal_fearROIs_bin_BN.csv
HC,FC018,2,renewal,50,51,14,2,sub-FC018_ses-2_task-renewal_fearROIs_bin_SN.csv,sub-FC018_ses-2_task-renewal_fearROIs_bin_BN.csv
HC,FC018,2,renewal,51,52,15,2,sub-FC018_ses-2_task-renewal_fearROIs_bin_SN.csv,sub-FC018_ses-2_task-renewal_fearROIs_bin_BN.csv
HC,FC018,2,renewal,52,53,10,1,sub-FC018_ses-2_task-renewal_fearROIs_bin_SN.csv,sub-FC018_ses-2_task-renewal_fearROIs_bin_BN.csv
HC,FC018,2,renewal,53,54,27,4,sub-FC018_ses-2_task-renewal_fearROIs_bin_SN.csv,sub-FC018_ses-2_task-renewal_fearROIs_bin_BN.csv
HC,FC018,2,renewal,54,55,17,1,sub-FC018_ses-2_task-renewal_fearROIs_bin_SN.csv,sub-FC018_ses-2_task-renewal_fearROIs_bin_BN.csv
HC,FC018,2,renewal,55,56,19,3,sub-FC018_ses-2_task-renewal_fearROIs_bin_SN.csv,sub-FC018_ses-2_task-renewal_fearROIs_bin_BN.csv
HC,FC018,2,renewal,56,57,9,1,sub-FC018_ses-2_task-renewal_fearROIs_bin_SN.csv,sub-FC018_ses-2_task-renewal_fearROIs_bin_BN.csv
HC,FC018,2,renewal,57,58,10,1,sub-FC018_ses-2_task-renewal_fearROIs_bin_SN.csv,sub-FC018_ses-2_task-renewal_fearROIs_bin_BN.csv
HC,FC018,2,renewal,58,59,14,2,sub-FC018_ses-2_task-renewal_fearROIs_bin_SN.csv,sub-FC018_ses-2_task-renewal_fearROIs_bin_BN.csv
HC,FC018,2,renewal,59,60,6,1,sub-FC018_ses-2_task-renewal_fearROIs_bin_SN.csv,sub-FC018_ses-2_task-renewal_fearROIs_bin_BN.csv
HC,FC018,2,renewal,60,61,6,1,sub-FC018_ses-2_task-renewal_fearROIs_bin_SN.csv,sub-FC018_ses-2_task-renewal_fearROIs_bin_BN.csv
HC,FC018,2,renewal,61,62,4,3,sub-FC018_ses-2_task-renewal_fearROIs_bin_SN.csv,sub-FC018_ses-2_task-renewal_fearROIs_bin_BN.csv
HC,FC018,2,renewal,62,63,12,3,sub-FC018_ses-2_task-renewal_fearROIs_bin_SN.csv,sub-FC018_ses-2_task-renewal_fearROIs_bin_BN.csv
HC,FC018,2,renewal,63,64,20,3,sub-FC018_ses-2_task-renewal_fearROIs_bin_SN.csv,sub-FC018_ses-2_task-renewal_fearROIs_bin_BN.csv
HC,FC018,2,renewal,64,65,20,3,sub-FC018_ses-2_task-renewal_fearROIs_bin_SN.csv,sub-FC018_ses-2_task-renewal_fearROIs_bin_BN.csv
HC,FC018,2,renewal,65,66,32,4,sub-FC018_ses-2_task-renewal_fearROIs_bin_SN.csv,sub-FC018_ses-2_task-renewal_fearROIs_bin_BN.csv
HC,FC018,2,renewal,66,67,16,4,sub-FC018_ses-2_task-renewal_fearROIs_bin_SN.csv,sub-FC018_ses-2_task-renewal_fearROIs_bin_BN.csv
HC,FC018,2,renewal,67,68,13,2,sub-FC018_ses-2_task-renewal_fearROIs_bin_SN.csv,sub-FC018_ses-2_task-renewal_fearROIs_bin_BN.csv
HC,FC018,2,renewal,68,69,13,2,sub-FC018_ses-2_task-renewal_fearROIs_bin_SN.csv,sub-FC018_ses-2_task-renewal_fearROIs_bin_BN.csv
HC,FC018,2,renewal,69,70,13,2,sub-FC018_ses-2_task-renewal_fearROIs_bin_SN.csv,sub-FC018_ses-2_task-renewal_fearROIs_bin_BN.csv
HC,FC018,2,renewal,70,71,3,1,sub-FC018_ses-2_task-renewal_fearROIs_bin_SN.csv,sub-FC018_ses-2_task-renewal_fearROIs_bin_BN.csv
HC,FC018,2,renewal,71,72,29,2,sub-FC018_ses-2_task-renewal_fearROIs_bin_SN.csv,sub-FC018_ses-2_task-renewal_fearROIs_bin_BN.csv
HC,FC018,2,renewal,72,73,19,3,sub-FC018_ses-2_task-renewal_fearROIs_bin_SN.csv,sub-FC018_ses-2_task-renewal_fearROIs_bin_BN.csv
HC,FC018,2,renewal,73,74,1,1,sub-FC018_ses-2_task-renewal_fearROIs_bin_SN.csv,sub-FC018_ses-2_task-renewal_fearROIs_bin_BN.csv
HC,FC018,2,renewal,74,75,2,1,sub-FC018_ses-2_task-renewal_fearROIs_bin_SN.csv,sub-FC018_ses-2_task-renewal_fearROIs_bin_BN.csv
HC,FC018,2,renewal,75,76,18,3,sub-FC018_ses-2_task-renewal_fearROIs_bin_SN.csv,sub-FC018_ses-2_task-renewal_fearROIs_bin_BN.csv
HC,FC018,2,renewal,76,77,24,4,sub-FC018_ses-2_task-renewal_fearROIs_bin_SN.csv,sub-FC018_ses-2_task-renewal_fearROIs_bin_BN.csv
HC,FC018,2,renewal,77,78,32,4,sub-FC018_ses-2_task-renewal_fearROIs_bin_SN.csv,sub-FC018_ses-2_task-renewal_fearROIs_bin_BN.csv
HC,FC018,2,renewal,78,79,20,3,sub-FC018_ses-2_task-renewal_fearROIs_bin_SN.csv,sub-FC018_ses-2_task-renewal_fearROIs_bin_BN.csv
HC,FC018,2,renewal,79,80,4,3,sub-FC018_ses-2_task-renewal_fearROIs_bin_SN.csv,sub-FC018_ses-2_task-renewal_fearROIs_bin_BN.csv
HC,FC018,2,renewal,80,81,20,3,sub-FC018_ses-2_task-renewal_fearROIs_bin_SN.csv,sub-FC018_ses-2_task-renewal_fearROIs_bin_BN.csv
HC,FC018,2,renewal,81,82,32,4,sub-FC018_ses-2_task-renewal_fearROIs_bin_SN.csv,sub-FC018_ses-2_task-renewal_fearROIs_bin_BN.csv
HC,FC018,2,renewal,82,83,31,4,sub-FC018_ses-2_task-renewal_fearROIs_bin_SN.csv,sub-FC018_ses-2_task-renewal_fearROIs_bin_BN.csv
HC,FC018,2,renewal,83,84,13,2,sub-FC018_ses-2_task-renewal_fearROIs_bin_SN.csv,sub-FC018_ses-2_task-renewal_fearROIs_bin_BN.csv
HC,FC018,2,renewal,84,85,1,1,sub-FC018_ses-2_task-renewal_fearROIs_bin_SN.csv,sub-FC018_ses-2_task-renewal_fearROIs_bin_BN.csv
HC,FC018,2,renewal,85,86,13,2,sub-FC018_ses-2_task-renewal_fearROIs_bin_SN.csv,sub-FC018_ses-2_task-renewal_fearROIs_bin_BN.csv
HC,FC018,2,renewal,86,87,7,1,sub-FC018_ses-2_task-renewal_fearROIs_bin_SN.csv,sub-FC018_ses-2_task-renewal_fearROIs_bin_BN.csv
HC,FC018,2,renewal,87,88,1,1,sub-FC018_ses-2_task-renewal_fearROIs_bin_SN.csv,sub-FC018_ses-2_task-renewal_fearROIs_bin_BN.csv
HC,FC018,2,renewal,88,89,10,1,sub-FC018_ses-2_task-renewal_fearROIs_bin_SN.csv,sub-FC018_ses-2_task-renewal_fearROIs_bin_BN.csv
HC,FC018,2,renewal,89,90,13,2,sub-FC018_ses-2_task-renewal_fearROIs_bin_SN.csv,sub-FC018_ses-2_task-renewal_fearROIs_bin_BN.csv
HC,FC018,2,renewal,90,91,9,1,sub-FC018_ses-2_task-renewal_fearROIs_bin_SN.csv,sub-FC018_ses-2_task-renewal_fearROIs_bin_BN.csv
HC,FC018,2,renewal,91,92,27,4,sub-FC018_ses-2_task-renewal_fearROIs_bin_SN.csv,sub-FC018_ses-2_task-renewal_fearROIs_bin_BN.csv
HC,FC018,2,renewal,92,93,20,3,sub-FC018_ses-2_task-renewal_fearROIs_bin_SN.csv,sub-FC018_ses-2_task-renewal_fearROIs_bin_BN.csv
HC,FC018,2,renewal,93,94,32,4,sub-FC018_ses-2_task-renewal_fearROIs_bin_SN.csv,sub-FC018_ses-2_task-renewal_fearROIs_bin_BN.csv
HC,FC018,2,renewal,94,95,1,1,sub-FC018_ses-2_task-renewal_fearROIs_bin_SN.csv,sub-FC018_ses-2_task-renewal_fearROIs_bin_BN.csv
HC,FC018,2,renewal,95,96,15,2,sub-FC018_ses-2_task-renewal_fearROIs_bin_SN.csv,sub-FC018_ses-2_task-renewal_fearROIs_bin_BN.csv
HC,FC018,2,renewal,96,97,30,4,sub-FC018_ses-2_task-renewal_fearROIs_bin_SN.csv,sub-FC018_ses-2_task-renewal_fearROIs_bin_BN.csv
HC,FC018,2,renewal,97,98,19,3,sub-FC018_ses-2_task-renewal_fearROIs_bin_SN.csv,sub-FC018_ses-2_task-renewal_fearROIs_bin_BN.csv
HC,FC018,2,renewal,98,99,17,1,sub-FC018_ses-2_task-renewal_fearROIs_bin_SN.csv,sub-FC018_ses-2_task-renewal_fearROIs_bin_BN.csv
HC,FC018,2,renewal,99,100,19,3,sub-FC018_ses-2_task-renewal_fearROIs_bin_SN.csv,sub-FC018_ses-2_task-renewal_fearROIs_bin_BN.csv
HC,FC018,2,renewal,100,101,32,4,sub-FC018_ses-2_task-renewal_fearROIs_bin_SN.csv,sub-FC018_ses-2_task-renewal_fearROIs_bin_BN.csv
HC,FC018,2,renewal,101,102,32,4,sub-FC018_ses-2_task-renewal_fearROIs_bin_SN.csv,sub-FC018_ses-2_task-renewal_fearROIs_bin_BN.csv
HC,FC018,2,renewal,102,103,30,4,sub-FC018_ses-2_task-renewal_fearROIs_bin_SN.csv,sub-FC018_ses-2_task-renewal_fearROIs_bin_BN.csv
HC,FC018,2,renewal,103,104,10,1,sub-FC018_ses-2_task-renewal_fearROIs_bin_SN.csv,sub-FC018_ses-2_task-renewal_fearROIs_bin_BN.csv
HC,FC018,2,renewal,104,105,14,2,sub-FC018_ses-2_task-renewal_fearROIs_bin_SN.csv,sub-FC018_ses-2_task-renewal_fearROIs_bin_BN.csv
HC,FC018,2,renewal,105,106,8,3,sub-FC018_ses-2_task-renewal_fearROIs_bin_SN.csv,sub-FC018_ses-2_task-renewal_fearROIs_bin_BN.csv
HC,FC018,2,renewal,106,107,30,4,sub-FC018_ses-2_task-renewal_fearROIs_bin_SN.csv,sub-FC018_ses-2_task-renewal_fearROIs_bin_BN.csv
HC,FC018,2,renewal,107,108,1,1,sub-FC018_ses-2_task-renewal_fearROIs_bin_SN.csv,sub-FC018_ses-2_task-renewal_fearROIs_bin_BN.csv
HC,FC018,2,renewal,108,109,10,1,sub-FC018_ses-2_task-renewal_fearROIs_bin_SN.csv,sub-FC018_ses-2_task-renewal_fearROIs_bin_BN.csv
HC,FC018,2,renewal,109,110,32,4,sub-FC018_ses-2_task-renewal_fearROIs_bin_SN.csv,sub-FC018_ses-2_task-renewal_fearROIs_bin_BN.csv
HC,FC018,2,renewal,110,111,24,4,sub-FC018_ses-2_task-renewal_fearROIs_bin_SN.csv,sub-FC018_ses-2_task-renewal_fearROIs_bin_BN.csv
HC,FC018,2,renewal,111,112,28,4,sub-FC018_ses-2_task-renewal_fearROIs_bin_SN.csv,sub-FC018_ses-2_task-renewal_fearROIs_bin_BN.csv
HC,FC018,2,renewal,112,113,17,1,sub-FC018_ses-2_task-renewal_fearROIs_bin_SN.csv,sub-FC018_ses-2_task-renewal_fearROIs_bin_BN.csv
HC,FC018,2,renewal,113,114,25,1,sub-FC018_ses-2_task-renewal_fearROIs_bin_SN.csv,sub-FC018_ses-2_task-renewal_fearROIs_bin_BN.csv
HC,FC018,2,renewal,114,115,27,4,sub-FC018_ses-2_task-renewal_fearROIs_bin_SN.csv,sub-FC018_ses-2_task-renewal_fearROIs_bin_BN.csv
HC,FC018,2,renewal,115,116,28,4,sub-FC018_ses-2_task-renewal_fearROIs_bin_SN.csv,sub-FC018_ses-2_task-renewal_fearROIs_bin_BN.csv
HC,FC018,2,renewal,116,117,4,3,sub-FC018_ses-2_task-renewal_fearROIs_bin_SN.csv,sub-FC018_ses-2_task-renewal_fearROIs_bin_BN.csv
HC,FC018,2,renewal,117,118,9,1,sub-FC018_ses-2_task-renewal_fearROIs_bin_SN.csv,sub-FC018_ses-2_task-renewal_fearROIs_bin_BN.csv
HC,FC018,2,renewal,118,119,5,1,sub-FC018_ses-2_task-renewal_fearROIs_bin_SN.csv,sub-FC018_ses-2_task-renewal_fearROIs_bin_BN.csv
HC,FC018,2,renewal,119,120,13,2,sub-FC018_ses-2_task-renewal_fearROIs_bin_SN.csv,sub-FC018_ses-2_task-renewal_fearROIs_bin_BN.csv
HC,FC019,2,renewal,0,1,29,2,sub-FC019_ses-2_task-renewal_fearROIs_bin_SN.csv,sub-FC019_ses-2_task-renewal_fearROIs_bin_BN.csv
HC,FC019,2,renewal,1,2,31,4,sub-FC019_ses-2_task-renewal_fearROIs_bin_SN.csv,sub-FC019_ses-2_task-renewal_fearROIs_bin_BN.csv
HC,FC019,2,renewal,2,3,31,4,sub-FC019_ses-2_task-renewal_fearROIs_bin_SN.csv,sub-FC019_ses-2_task-renewal_fearROIs_bin_BN.csv
HC,FC019,2,renewal,3,4,1,1,sub-FC019_ses-2_task-renewal_fearROIs_bin_SN.csv,sub-FC019_ses-2_task-renewal_fearROIs_bin_BN.csv
HC,FC019,2,renewal,4,5,8,3,sub-FC019_ses-2_task-renewal_fearROIs_bin_SN.csv,sub-FC019_ses-2_task-renewal_fearROIs_bin_BN.csv
HC,FC019,2,renewal,5,6,31,4,sub-FC019_ses-2_task-renewal_fearROIs_bin_SN.csv,sub-FC019_ses-2_task-renewal_fearROIs_bin_BN.csv
HC,FC019,2,renewal,6,7,12,3,sub-FC019_ses-2_task-renewal_fearROIs_bin_SN.csv,sub-FC019_ses-2_task-renewal_fearROIs_bin_BN.csv
HC,FC019,2,renewal,7,8,4,3,sub-FC019_ses-2_task-renewal_fearROIs_bin_SN.csv,sub-FC019_ses-2_task-renewal_fearROIs_bin_BN.csv
HC,FC019,2,renewal,8,9,12,3,sub-FC019_ses-2_task-renewal_fearROIs_bin_SN.csv,sub-FC019_ses-2_task-renewal_fearROIs_bin_BN.csv
HC,FC019,2,renewal,9,10,13,2,sub-FC019_ses-2_task-renewal_fearROIs_bin_SN.csv,sub-FC019_ses-2_task-renewal_fearROIs_bin_BN.csv
HC,FC019,2,renewal,10,11,20,3,sub-FC019_ses-2_task-renewal_fearROIs_bin_SN.csv,sub-FC019_ses-2_task-renewal_fearROIs_bin_BN.csv
HC,FC019,2,renewal,11,12,32,4,sub-FC019_ses-2_task-renewal_fearROIs_bin_SN.csv,sub-FC019_ses-2_task-renewal_fearROIs_bin_BN.csv
HC,FC019,2,renewal,12,13,1,1,sub-FC019_ses-2_task-renewal_fearROIs_bin_SN.csv,sub-FC019_ses-2_task-renewal_fearROIs_bin_BN.csv
HC,FC019,2,renewal,13,14,2,1,sub-FC019_ses-2_task-renewal_fearROIs_bin_SN.csv,sub-FC019_ses-2_task-renewal_fearROIs_bin_BN.csv
HC,FC019,2,renewal,14,15,17,1,sub-FC019_ses-2_task-renewal_fearROIs_bin_SN.csv,sub-FC019_ses-2_task-renewal_fearROIs_bin_BN.csv
HC,FC019,2,renewal,15,16,28,4,sub-FC019_ses-2_task-renewal_fearROIs_bin_SN.csv,sub-FC019_ses-2_task-renewal_fearROIs_bin_BN.csv
HC,FC019,2,renewal,16,17,30,4,sub-FC019_ses-2_task-renewal_fearROIs_bin_SN.csv,sub-FC019_ses-2_task-renewal_fearROIs_bin_BN.csv
HC,FC019,2,renewal,17,18,1,1,sub-FC019_ses-2_task-renewal_fearROIs_bin_SN.csv,sub-FC019_ses-2_task-renewal_fearROIs_bin_BN.csv
HC,FC019,2,renewal,18,19,1,1,sub-FC019_ses-2_task-renewal_fearROIs_bin_SN.csv,sub-FC019_ses-2_task-renewal_fearROIs_bin_BN.csv
HC,FC019,2,renewal,19,20,21,1,sub-FC019_ses-2_task-renewal_fearROIs_bin_SN.csv,sub-FC019_ses-2_task-renewal_fearROIs_bin_BN.csv
HC,FC019,2,renewal,20,21,20,3,sub-FC019_ses-2_task-renewal_fearROIs_bin_SN.csv,sub-FC019_ses-2_task-renewal_fearROIs_bin_BN.csv
HC,FC019,2,renewal,21,22,31,4,sub-FC019_ses-2_task-renewal_fearROIs_bin_SN.csv,sub-FC019_ses-2_task-renewal_fearROIs_bin_BN.csv
HC,FC019,2,renewal,22,23,29,2,sub-FC019_ses-2_task-renewal_fearROIs_bin_SN.csv,sub-FC019_ses-2_task-renewal_fearROIs_bin_BN.csv
HC,FC019,2,renewal,23,24,2,1,sub-FC019_ses-2_task-renewal_fearROIs_bin_SN.csv,sub-FC019_ses-2_task-renewal_fearROIs_bin_BN.csv
HC,FC019,2,renewal,24,25,1,1,sub-FC019_ses-2_task-renewal_fearROIs_bin_SN.csv,sub-FC019_ses-2_task-renewal_fearROIs_bin_BN.csv
HC,FC019,2,renewal,25,26,17,1,sub-FC019_ses-2_task-renewal_fearROIs_bin_SN.csv,sub-FC019_ses-2_task-renewal_fearROIs_bin_BN.csv
HC,FC019,2,renewal,26,27,24,4,sub-FC019_ses-2_task-renewal_fearROIs_bin_SN.csv,sub-FC019_ses-2_task-renewal_fearROIs_bin_BN.csv
HC,FC019,2,renewal,27,28,2,1,sub-FC019_ses-2_task-renewal_fearROIs_bin_SN.csv,sub-FC019_ses-2_task-renewal_fearROIs_bin_BN.csv
HC,FC019,2,renewal,28,29,24,4,sub-FC019_ses-2_task-renewal_fearROIs_bin_SN.csv,sub-FC019_ses-2_task-renewal_fearROIs_bin_BN.csv
HC,FC019,2,renewal,29,30,32,4,sub-FC019_ses-2_task-renewal_fearROIs_bin_SN.csv,sub-FC019_ses-2_task-renewal_fearROIs_bin_BN.csv
HC,FC019,2,renewal,30,31,5,1,sub-FC019_ses-2_task-renewal_fearROIs_bin_SN.csv,sub-FC019_ses-2_task-renewal_fearROIs_bin_BN.csv
HC,FC019,2,renewal,31,32,6,1,sub-FC019_ses-2_task-renewal_fearROIs_bin_SN.csv,sub-FC019_ses-2_task-renewal_fearROIs_bin_BN.csv
HC,FC019,2,renewal,32,33,32,4,sub-FC019_ses-2_task-renewal_fearROIs_bin_SN.csv,sub-FC019_ses-2_task-renewal_fearROIs_bin_BN.csv
HC,FC019,2,renewal,33,34,32,4,sub-FC019_ses-2_task-renewal_fearROIs_bin_SN.csv,sub-FC019_ses-2_task-renewal_fearROIs_bin_BN.csv
HC,FC019,2,renewal,34,35,13,2,sub-FC019_ses-2_task-renewal_fearROIs_bin_SN.csv,sub-FC019_ses-2_task-renewal_fearROIs_bin_BN.csv
HC,FC019,2,renewal,35,36,4,3,sub-FC019_ses-2_task-renewal_fearROIs_bin_SN.csv,sub-FC019_ses-2_task-renewal_fearROIs_bin_BN.csv
HC,FC019,2,renewal,36,37,14,2,sub-FC019_ses-2_task-renewal_fearROIs_bin_SN.csv,sub-FC019_ses-2_task-renewal_fearROIs_bin_BN.csv
HC,FC019,2,renewal,37,38,31,4,sub-FC019_ses-2_task-renewal_fearROIs_bin_SN.csv,sub-FC019_ses-2_task-renewal_fearROIs_bin_BN.csv
HC,FC019,2,renewal,38,39,9,1,sub-FC019_ses-2_task-renewal_fearROIs_bin_SN.csv,sub-FC019_ses-2_task-renewal_fearROIs_bin_BN.csv
HC,FC019,2,renewal,39,40,13,2,sub-FC019_ses-2_task-renewal_fearROIs_bin_SN.csv,sub-FC019_ses-2_task-renewal_fearROIs_bin_BN.csv
HC,FC019,2,renewal,40,41,31,4,sub-FC019_ses-2_task-renewal_fearROIs_bin_SN.csv,sub-FC019_ses-2_task-renewal_fearROIs_bin_BN.csv
HC,FC019,2,renewal,41,42,19,3,sub-FC019_ses-2_task-renewal_fearROIs_bin_SN.csv,sub-FC019_ses-2_task-renewal_fearROIs_bin_BN.csv
HC,FC019,2,renewal,42,43,1,1,sub-FC019_ses-2_task-renewal_fearROIs_bin_SN.csv,sub-FC019_ses-2_task-renewal_fearROIs_bin_BN.csv
HC,FC019,2,renewal,43,44,13,2,sub-FC019_ses-2_task-renewal_fearROIs_bin_SN.csv,sub-FC019_ses-2_task-renewal_fearROIs_bin_BN.csv
HC,FC019,2,renewal,44,45,32,4,sub-FC019_ses-2_task-renewal_fearROIs_bin_SN.csv,sub-FC019_ses-2_task-renewal_fearROIs_bin_BN.csv
HC,FC019,2,renewal,45,46,25,1,sub-FC019_ses-2_task-renewal_fearROIs_bin_SN.csv,sub-FC019_ses-2_task-renewal_fearROIs_bin_BN.csv
HC,FC019,2,renewal,46,47,20,3,sub-FC019_ses-2_task-renewal_fearROIs_bin_SN.csv,sub-FC019_ses-2_task-renewal_fearROIs_bin_BN.csv
HC,FC019,2,renewal,47,48,29,2,sub-FC019_ses-2_task-renewal_fearROIs_bin_SN.csv,sub-FC019_ses-2_task-renewal_fearROIs_bin_BN.csv
HC,FC019,2,renewal,48,49,11,1,sub-FC019_ses-2_task-renewal_fearROIs_bin_SN.csv,sub-FC019_ses-2_task-renewal_fearROIs_bin_BN.csv
HC,FC019,2,renewal,49,50,13,2,sub-FC019_ses-2_task-renewal_fearROIs_bin_SN.csv,sub-FC019_ses-2_task-renewal_fearROIs_bin_BN.csv
HC,FC019,2,renewal,50,51,1,1,sub-FC019_ses-2_task-renewal_fearROIs_bin_SN.csv,sub-FC019_ses-2_task-renewal_fearROIs_bin_BN.csv
HC,FC019,2,renewal,51,52,20,3,sub-FC019_ses-2_task-renewal_fearROIs_bin_SN.csv,sub-FC019_ses-2_task-renewal_fearROIs_bin_BN.csv
HC,FC019,2,renewal,52,53,20,3,sub-FC019_ses-2_task-renewal_fearROIs_bin_SN.csv,sub-FC019_ses-2_task-renewal_fearROIs_bin_BN.csv
HC,FC019,2,renewal,53,54,20,3,sub-FC019_ses-2_task-renewal_fearROIs_bin_SN.csv,sub-FC019_ses-2_task-renewal_fearROIs_bin_BN.csv
HC,FC019,2,renewal,54,55,13,2,sub-FC019_ses-2_task-renewal_fearROIs_bin_SN.csv,sub-FC019_ses-2_task-renewal_fearROIs_bin_BN.csv
HC,FC019,2,renewal,55,56,13,2,sub-FC019_ses-2_task-renewal_fearROIs_bin_SN.csv,sub-FC019_ses-2_task-renewal_fearROIs_bin_BN.csv
HC,FC019,2,renewal,56,57,10,1,sub-FC019_ses-2_task-renewal_fearROIs_bin_SN.csv,sub-FC019_ses-2_task-renewal_fearROIs_bin_BN.csv
HC,FC019,2,renewal,57,58,5,1,sub-FC019_ses-2_task-renewal_fearROIs_bin_SN.csv,sub-FC019_ses-2_task-renewal_fearROIs_bin_BN.csv
HC,FC019,2,renewal,58,59,6,1,sub-FC019_ses-2_task-renewal_fearROIs_bin_SN.csv,sub-FC019_ses-2_task-renewal_fearROIs_bin_BN.csv
HC,FC019,2,renewal,59,60,1,1,sub-FC019_ses-2_task-renewal_fearROIs_bin_SN.csv,sub-FC019_ses-2_task-renewal_fearROIs_bin_BN.csv
HC,FC019,2,renewal,60,61,28,4,sub-FC019_ses-2_task-renewal_fearROIs_bin_SN.csv,sub-FC019_ses-2_task-renewal_fearROIs_bin_BN.csv
HC,FC019,2,renewal,61,62,32,4,sub-FC019_ses-2_task-renewal_fearROIs_bin_SN.csv,sub-FC019_ses-2_task-renewal_fearROIs_bin_BN.csv
HC,FC019,2,renewal,62,63,32,4,sub-FC019_ses-2_task-renewal_fearROIs_bin_SN.csv,sub-FC019_ses-2_task-renewal_fearROIs_bin_BN.csv
HC,FC019,2,renewal,63,64,20,3,sub-FC019_ses-2_task-renewal_fearROIs_bin_SN.csv,sub-FC019_ses-2_task-renewal_fearROIs_bin_BN.csv
HC,FC019,2,renewal,64,65,4,3,sub-FC019_ses-2_task-renewal_fearROIs_bin_SN.csv,sub-FC019_ses-2_task-renewal_fearROIs_bin_BN.csv
HC,FC019,2,renewal,65,66,4,3,sub-FC019_ses-2_task-renewal_fearROIs_bin_SN.csv,sub-FC019_ses-2_task-renewal_fearROIs_bin_BN.csv
HC,FC019,2,renewal,66,67,9,1,sub-FC019_ses-2_task-renewal_fearROIs_bin_SN.csv,sub-FC019_ses-2_task-renewal_fearROIs_bin_BN.csv
HC,FC019,2,renewal,67,68,5,1,sub-FC019_ses-2_task-renewal_fearROIs_bin_SN.csv,sub-FC019_ses-2_task-renewal_fearROIs_bin_BN.csv
HC,FC019,2,renewal,68,69,28,4,sub-FC019_ses-2_task-renewal_fearROIs_bin_SN.csv,sub-FC019_ses-2_task-renewal_fearROIs_bin_BN.csv
HC,FC019,2,renewal,69,70,26,4,sub-FC019_ses-2_task-renewal_fearROIs_bin_SN.csv,sub-FC019_ses-2_task-renewal_fearROIs_bin_BN.csv
HC,FC019,2,renewal,70,71,26,4,sub-FC019_ses-2_task-renewal_fearROIs_bin_SN.csv,sub-FC019_ses-2_task-renewal_fearROIs_bin_BN.csv
HC,FC019,2,renewal,71,72,16,4,sub-FC019_ses-2_task-renewal_fearROIs_bin_SN.csv,sub-FC019_ses-2_task-renewal_fearROIs_bin_BN.csv
HC,FC019,2,renewal,72,73,13,2,sub-FC019_ses-2_task-renewal_fearROIs_bin_SN.csv,sub-FC019_ses-2_task-renewal_fearROIs_bin_BN.csv
HC,FC019,2,renewal,73,74,15,2,sub-FC019_ses-2_task-renewal_fearROIs_bin_SN.csv,sub-FC019_ses-2_task-renewal_fearROIs_bin_BN.csv
HC,FC019,2,renewal,74,75,2,1,sub-FC019_ses-2_task-renewal_fearROIs_bin_SN.csv,sub-FC019_ses-2_task-renewal_fearROIs_bin_BN.csv
HC,FC019,2,renewal,75,76,3,1,sub-FC019_ses-2_task-renewal_fearROIs_bin_SN.csv,sub-FC019_ses-2_task-renewal_fearROIs_bin_BN.csv
HC,FC019,2,renewal,76,77,20,3,sub-FC019_ses-2_task-renewal_fearROIs_bin_SN.csv,sub-FC019_ses-2_task-renewal_fearROIs_bin_BN.csv
HC,FC019,2,renewal,77,78,18,3,sub-FC019_ses-2_task-renewal_fearROIs_bin_SN.csv,sub-FC019_ses-2_task-renewal_fearROIs_bin_BN.csv
HC,FC019,2,renewal,78,79,17,1,sub-FC019_ses-2_task-renewal_fearROIs_bin_SN.csv,sub-FC019_ses-2_task-renewal_fearROIs_bin_BN.csv
HC,FC019,2,renewal,79,80,1,1,sub-FC019_ses-2_task-renewal_fearROIs_bin_SN.csv,sub-FC019_ses-2_task-renewal_fearROIs_bin_BN.csv
HC,FC019,2,renewal,80,81,32,4,sub-FC019_ses-2_task-renewal_fearROIs_bin_SN.csv,sub-FC019_ses-2_task-renewal_fearROIs_bin_BN.csv
HC,FC019,2,renewal,81,82,31,4,sub-FC019_ses-2_task-renewal_fearROIs_bin_SN.csv,sub-FC019_ses-2_task-renewal_fearROIs_bin_BN.csv
HC,FC019,2,renewal,82,83,13,2,sub-FC019_ses-2_task-renewal_fearROIs_bin_SN.csv,sub-FC019_ses-2_task-renewal_fearROIs_bin_BN.csv
HC,FC019,2,renewal,83,84,13,2,sub-FC019_ses-2_task-renewal_fearROIs_bin_SN.csv,sub-FC019_ses-2_task-renewal_fearROIs_bin_BN.csv
HC,FC019,2,renewal,84,85,13,2,sub-FC019_ses-2_task-renewal_fearROIs_bin_SN.csv,sub-FC019_ses-2_task-renewal_fearROIs_bin_BN.csv
HC,FC019,2,renewal,85,86,15,2,sub-FC019_ses-2_task-renewal_fearROIs_bin_SN.csv,sub-FC019_ses-2_task-renewal_fearROIs_bin_BN.csv
HC,FC019,2,renewal,86,87,31,4,sub-FC019_ses-2_task-renewal_fearROIs_bin_SN.csv,sub-FC019_ses-2_task-renewal_fearROIs_bin_BN.csv
HC,FC019,2,renewal,87,88,19,3,sub-FC019_ses-2_task-renewal_fearROIs_bin_SN.csv,sub-FC019_ses-2_task-renewal_fearROIs_bin_BN.csv
HC,FC019,2,renewal,88,89,2,1,sub-FC019_ses-2_task-renewal_fearROIs_bin_SN.csv,sub-FC019_ses-2_task-renewal_fearROIs_bin_BN.csv
HC,FC019,2,renewal,89,90,1,1,sub-FC019_ses-2_task-renewal_fearROIs_bin_SN.csv,sub-FC019_ses-2_task-renewal_fearROIs_bin_BN.csv
HC,FC019,2,renewal,90,91,4,3,sub-FC019_ses-2_task-renewal_fearROIs_bin_SN.csv,sub-FC019_ses-2_task-renewal_fearROIs_bin_BN.csv
HC,FC019,2,renewal,91,92,32,4,sub-FC019_ses-2_task-renewal_fearROIs_bin_SN.csv,sub-FC019_ses-2_task-renewal_fearROIs_bin_BN.csv
HC,FC019,2,renewal,92,93,32,4,sub-FC019_ses-2_task-renewal_fearROIs_bin_SN.csv,sub-FC019_ses-2_task-renewal_fearROIs_bin_BN.csv
HC,FC019,2,renewal,93,94,22,4,sub-FC019_ses-2_task-renewal_fearROIs_bin_SN.csv,sub-FC019_ses-2_task-renewal_fearROIs_bin_BN.csv
HC,FC019,2,renewal,94,95,20,3,sub-FC019_ses-2_task-renewal_fearROIs_bin_SN.csv,sub-FC019_ses-2_task-renewal_fearROIs_bin_BN.csv
HC,FC019,2,renewal,95,96,15,2,sub-FC019_ses-2_task-renewal_fearROIs_bin_SN.csv,sub-FC019_ses-2_task-renewal_fearROIs_bin_BN.csv
HC,FC019,2,renewal,96,97,4,3,sub-FC019_ses-2_task-renewal_fearROIs_bin_SN.csv,sub-FC019_ses-2_task-renewal_fearROIs_bin_BN.csv
HC,FC019,2,renewal,97,98,1,1,sub-FC019_ses-2_task-renewal_fearROIs_bin_SN.csv,sub-FC019_ses-2_task-renewal_fearROIs_bin_BN.csv
HC,FC019,2,renewal,98,99,23,4,sub-FC019_ses-2_task-renewal_fearROIs_bin_SN.csv,sub-FC019_ses-2_task-renewal_fearROIs_bin_BN.csv
HC,FC019,2,renewal,99,100,32,4,sub-FC019_ses-2_task-renewal_fearROIs_bin_SN.csv,sub-FC019_ses-2_task-renewal_fearROIs_bin_BN.csv
HC,FC019,2,renewal,100,101,17,1,sub-FC019_ses-2_task-renewal_fearROIs_bin_SN.csv,sub-FC019_ses-2_task-renewal_fearROIs_bin_BN.csv
HC,FC019,2,renewal,101,102,3,1,sub-FC019_ses-2_task-renewal_fearROIs_bin_SN.csv,sub-FC019_ses-2_task-renewal_fearROIs_bin_BN.csv
HC,FC019,2,renewal,102,103,31,4,sub-FC019_ses-2_task-renewal_fearROIs_bin_SN.csv,sub-FC019_ses-2_task-renewal_fearROIs_bin_BN.csv
HC,FC019,2,renewal,103,104,2,1,sub-FC019_ses-2_task-renewal_fearROIs_bin_SN.csv,sub-FC019_ses-2_task-renewal_fearROIs_bin_BN.csv
HC,FC019,2,renewal,104,105,8,3,sub-FC019_ses-2_task-renewal_fearROIs_bin_SN.csv,sub-FC019_ses-2_task-renewal_fearROIs_bin_BN.csv
HC,FC019,2,renewal,105,106,17,1,sub-FC019_ses-2_task-renewal_fearROIs_bin_SN.csv,sub-FC019_ses-2_task-renewal_fearROIs_bin_BN.csv
HC,FC019,2,renewal,106,107,13,2,sub-FC019_ses-2_task-renewal_fearROIs_bin_SN.csv,sub-FC019_ses-2_task-renewal_fearROIs_bin_BN.csv
HC,FC019,2,renewal,107,108,6,1,sub-FC019_ses-2_task-renewal_fearROIs_bin_SN.csv,sub-FC019_ses-2_task-renewal_fearROIs_bin_BN.csv
HC,FC019,2,renewal,108,109,13,2,sub-FC019_ses-2_task-renewal_fearROIs_bin_SN.csv,sub-FC019_ses-2_task-renewal_fearROIs_bin_BN.csv
HC,FC019,2,renewal,109,110,4,3,sub-FC019_ses-2_task-renewal_fearROIs_bin_SN.csv,sub-FC019_ses-2_task-renewal_fearROIs_bin_BN.csv
HC,FC019,2,renewal,110,111,29,2,sub-FC019_ses-2_task-renewal_fearROIs_bin_SN.csv,sub-FC019_ses-2_task-renewal_fearROIs_bin_BN.csv
HC,FC019,2,renewal,111,112,28,4,sub-FC019_ses-2_task-renewal_fearROIs_bin_SN.csv,sub-FC019_ses-2_task-renewal_fearROIs_bin_BN.csv
HC,FC019,2,renewal,112,113,29,2,sub-FC019_ses-2_task-renewal_fearROIs_bin_SN.csv,sub-FC019_ses-2_task-renewal_fearROIs_bin_BN.csv
HC,FC019,2,renewal,113,114,17,1,sub-FC019_ses-2_task-renewal_fearROIs_bin_SN.csv,sub-FC019_ses-2_task-renewal_fearROIs_bin_BN.csv
HC,FC019,2,renewal,114,115,17,1,sub-FC019_ses-2_task-renewal_fearROIs_bin_SN.csv,sub-FC019_ses-2_task-renewal_fearROIs_bin_BN.csv
HC,FC019,2,renewal,115,116,24,4,sub-FC019_ses-2_task-renewal_fearROIs_bin_SN.csv,sub-FC019_ses-2_task-renewal_fearROIs_bin_BN.csv
HC,FC019,2,renewal,116,117,2,1,sub-FC019_ses-2_task-renewal_fearROIs_bin_SN.csv,sub-FC019_ses-2_task-renewal_fearROIs_bin_BN.csv
HC,FC019,2,renewal,117,118,30,4,sub-FC019_ses-2_task-renewal_fearROIs_bin_SN.csv,sub-FC019_ses-2_task-renewal_fearROIs_bin_BN.csv
HC,FC019,2,renewal,118,119,31,4,sub-FC019_ses-2_task-renewal_fearROIs_bin_SN.csv,sub-FC019_ses-2_task-renewal_fearROIs_bin_BN.csv
HC,FC019,2,renewal,119,120,20,3,sub-FC019_ses-2_task-renewal_fearROIs_bin_SN.csv,sub-FC019_ses-2_task-renewal_fearROIs_bin_BN.csv
HC,FC019,2,renewal,120,121,2,1,sub-FC019_ses-2_task-renewal_fearROIs_bin_SN.csv,sub-FC019_ses-2_task-renewal_fearROIs_bin_BN.csv
HC,FC019,2,renewal,121,122,13,2,sub-FC019_ses-2_task-renewal_fearROIs_bin_SN.csv,sub-FC019_ses-2_task-renewal_fearROIs_bin_BN.csv
HC,FC019,2,renewal,122,123,32,4,sub-FC019_ses-2_task-renewal_fearROIs_bin_SN.csv,sub-FC019_ses-2_task-renewal_fearROIs_bin_BN.csv
HC,FC019,2,renewal,123,124,17,1,sub-FC019_ses-2_task-renewal_fearROIs_bin_SN.csv,sub-FC019_ses-2_task-renewal_fearROIs_bin_BN.csv
HC,FC019,2,renewal,124,125,20,3,sub-FC019_ses-2_task-renewal_fearROIs_bin_SN.csv,sub-FC019_ses-2_task-renewal_fearROIs_bin_BN.csv
HC,FC019,2,renewal,125,126,20,3,sub-FC019_ses-2_task-renewal_fearROIs_bin_SN.csv,sub-FC019_ses-2_task-renewal_fearROIs_bin_BN.csv
HC,FC019,2,renewal,126,127,3,1,sub-FC019_ses-2_task-renewal_fearROIs_bin_SN.csv,sub-FC019_ses-2_task-renewal_fearROIs_bin_BN.csv
HC,FC019,2,renewal,127,128,10,1,sub-FC019_ses-2_task-renewal_fearROIs_bin_SN.csv,sub-FC019_ses-2_task-renewal_fearROIs_bin_BN.csv
HC,FC019,2,renewal,128,129,16,4,sub-FC019_ses-2_task-renewal_fearROIs_bin_SN.csv,sub-FC019_ses-2_task-renewal_fearROIs_bin_BN.csv
HC,FC019,2,renewal,129,130,12,3,sub-FC019_ses-2_task-renewal_fearROIs_bin_SN.csv,sub-FC019_ses-2_task-renewal_fearROIs_bin_BN.csv
HC,FC019,2,renewal,130,131,5,1,sub-FC019_ses-2_task-renewal_fearROIs_bin_SN.csv,sub-FC019_ses-2_task-renewal_fearROIs_bin_BN.csv
HC,FC019,2,renewal,131,132,14,2,sub-FC019_ses-2_task-renewal_fearROIs_bin_SN.csv,sub-FC019_ses-2_task-renewal_fearROIs_bin_BN.csv
HC,FC019,2,renewal,132,133,32,4,sub-FC019_ses-2_task-renewal_fearROIs_bin_SN.csv,sub-FC019_ses-2_task-renewal_fearROIs_bin_BN.csv
HC,FC019,2,renewal,133,134,31,4,sub-FC019_ses-2_task-renewal_fearROIs_bin_SN.csv,sub-FC019_ses-2_task-renewal_fearROIs_bin_BN.csv
HC,FC020,2,renewal,0,1,29,2,sub-FC020_ses-2_task-renewal_fearROIs_bin_SN.csv,sub-FC020_ses-2_task-renewal_fearROIs_bin_BN.csv
HC,FC020,2,renewal,1,2,12,3,sub-FC020_ses-2_task-renewal_fearROIs_bin_SN.csv,sub-FC020_ses-2_task-renewal_fearROIs_bin_BN.csv
HC,FC020,2,renewal,2,3,28,4,sub-FC020_ses-2_task-renewal_fearROIs_bin_SN.csv,sub-FC020_ses-2_task-renewal_fearROIs_bin_BN.csv
HC,FC020,2,renewal,3,4,28,4,sub-FC020_ses-2_task-renewal_fearROIs_bin_SN.csv,sub-FC020_ses-2_task-renewal_fearROIs_bin_BN.csv
HC,FC020,2,renewal,4,5,1,1,sub-FC020_ses-2_task-renewal_fearROIs_bin_SN.csv,sub-FC020_ses-2_task-renewal_fearROIs_bin_BN.csv
HC,FC020,2,renewal,5,6,1,1,sub-FC020_ses-2_task-renewal_fearROIs_bin_SN.csv,sub-FC020_ses-2_task-renewal_fearROIs_bin_BN.csv
HC,FC020,2,renewal,6,7,1,1,sub-FC020_ses-2_task-renewal_fearROIs_bin_SN.csv,sub-FC020_ses-2_task-renewal_fearROIs_bin_BN.csv
HC,FC020,2,renewal,7,8,4,3,sub-FC020_ses-2_task-renewal_fearROIs_bin_SN.csv,sub-FC020_ses-2_task-renewal_fearROIs_bin_BN.csv
HC,FC020,2,renewal,8,9,17,1,sub-FC020_ses-2_task-renewal_fearROIs_bin_SN.csv,sub-FC020_ses-2_task-renewal_fearROIs_bin_BN.csv
HC,FC020,2,renewal,9,10,10,1,sub-FC020_ses-2_task-renewal_fearROIs_bin_SN.csv,sub-FC020_ses-2_task-renewal_fearROIs_bin_BN.csv
HC,FC020,2,renewal,10,11,18,3,sub-FC020_ses-2_task-renewal_fearROIs_bin_SN.csv,sub-FC020_ses-2_task-renewal_fearROIs_bin_BN.csv
HC,FC020,2,renewal,11,12,18,3,sub-FC020_ses-2_task-renewal_fearROIs_bin_SN.csv,sub-FC020_ses-2_task-renewal_fearROIs_bin_BN.csv
HC,FC020,2,renewal,12,13,9,1,sub-FC020_ses-2_task-renewal_fearROIs_bin_SN.csv,sub-FC020_ses-2_task-renewal_fearROIs_bin_BN.csv
HC,FC020,2,renewal,13,14,29,2,sub-FC020_ses-2_task-renewal_fearROIs_bin_SN.csv,sub-FC020_ses-2_task-renewal_fearROIs_bin_BN.csv
HC,FC020,2,renewal,14,15,32,4,sub-FC020_ses-2_task-renewal_fearROIs_bin_SN.csv,sub-FC020_ses-2_task-renewal_fearROIs_bin_BN.csv
HC,FC020,2,renewal,15,16,3,1,sub-FC020_ses-2_task-renewal_fearROIs_bin_SN.csv,sub-FC020_ses-2_task-renewal_fearROIs_bin_BN.csv
HC,FC020,2,renewal,16,17,32,4,sub-FC020_ses-2_task-renewal_fearROIs_bin_SN.csv,sub-FC020_ses-2_task-renewal_fearROIs_bin_BN.csv
HC,FC020,2,renewal,17,18,11,1,sub-FC020_ses-2_task-renewal_fearROIs_bin_SN.csv,sub-FC020_ses-2_task-renewal_fearROIs_bin_BN.csv
HC,FC020,2,renewal,18,19,31,4,sub-FC020_ses-2_task-renewal_fearROIs_bin_SN.csv,sub-FC020_ses-2_task-renewal_fearROIs_bin_BN.csv
HC,FC020,2,renewal,19,20,24,4,sub-FC020_ses-2_task-renewal_fearROIs_bin_SN.csv,sub-FC020_ses-2_task-renewal_fearROIs_bin_BN.csv
HC,FC020,2,renewal,20,21,20,3,sub-FC020_ses-2_task-renewal_fearROIs_bin_SN.csv,sub-FC020_ses-2_task-renewal_fearROIs_bin_BN.csv
HC,FC020,2,renewal,21,22,28,4,sub-FC020_ses-2_task-renewal_fearROIs_bin_SN.csv,sub-FC020_ses-2_task-renewal_fearROIs_bin_BN.csv
HC,FC020,2,renewal,22,23,29,2,sub-FC020_ses-2_task-renewal_fearROIs_bin_SN.csv,sub-FC020_ses-2_task-renewal_fearROIs_bin_BN.csv
HC,FC020,2,renewal,23,24,29,2,sub-FC020_ses-2_task-renewal_fearROIs_bin_SN.csv,sub-FC020_ses-2_task-renewal_fearROIs_bin_BN.csv
HC,FC020,2,renewal,24,25,29,2,sub-FC020_ses-2_task-renewal_fearROIs_bin_SN.csv,sub-FC020_ses-2_task-renewal_fearROIs_bin_BN.csv
HC,FC020,2,renewal,25,26,21,1,sub-FC020_ses-2_task-renewal_fearROIs_bin_SN.csv,sub-FC020_ses-2_task-renewal_fearROIs_bin_BN.csv
HC,FC020,2,renewal,26,27,4,3,sub-FC020_ses-2_task-renewal_fearROIs_bin_SN.csv,sub-FC020_ses-2_task-renewal_fearROIs_bin_BN.csv
HC,FC020,2,renewal,27,28,15,2,sub-FC020_ses-2_task-renewal_fearROIs_bin_SN.csv,sub-FC020_ses-2_task-renewal_fearROIs_bin_BN.csv
HC,FC020,2,renewal,28,29,24,4,sub-FC020_ses-2_task-renewal_fearROIs_bin_SN.csv,sub-FC020_ses-2_task-renewal_fearROIs_bin_BN.csv
HC,FC020,2,renewal,29,30,32,4,sub-FC020_ses-2_task-renewal_fearROIs_bin_SN.csv,sub-FC020_ses-2_task-renewal_fearROIs_bin_BN.csv
HC,FC020,2,renewal,30,31,13,2,sub-FC020_ses-2_task-renewal_fearROIs_bin_SN.csv,sub-FC020_ses-2_task-renewal_fearROIs_bin_BN.csv
HC,FC020,2,renewal,31,32,13,2,sub-FC020_ses-2_task-renewal_fearROIs_bin_SN.csv,sub-FC020_ses-2_task-renewal_fearROIs_bin_BN.csv
HC,FC020,2,renewal,32,33,14,2,sub-FC020_ses-2_task-renewal_fearROIs_bin_SN.csv,sub-FC020_ses-2_task-renewal_fearROIs_bin_BN.csv
HC,FC020,2,renewal,33,34,9,1,sub-FC020_ses-2_task-renewal_fearROIs_bin_SN.csv,sub-FC020_ses-2_task-renewal_fearROIs_bin_BN.csv
HC,FC020,2,renewal,34,35,5,1,sub-FC020_ses-2_task-renewal_fearROIs_bin_SN.csv,sub-FC020_ses-2_task-renewal_fearROIs_bin_BN.csv
HC,FC020,2,renewal,35,36,5,1,sub-FC020_ses-2_task-renewal_fearROIs_bin_SN.csv,sub-FC020_ses-2_task-renewal_fearROIs_bin_BN.csv
HC,FC020,2,renewal,36,37,24,4,sub-FC020_ses-2_task-renewal_fearROIs_bin_SN.csv,sub-FC020_ses-2_task-renewal_fearROIs_bin_BN.csv
HC,FC020,2,renewal,37,38,24,4,sub-FC020_ses-2_task-renewal_fearROIs_bin_SN.csv,sub-FC020_ses-2_task-renewal_fearROIs_bin_BN.csv
HC,FC020,2,renewal,38,39,7,1,sub-FC020_ses-2_task-renewal_fearROIs_bin_SN.csv,sub-FC020_ses-2_task-renewal_fearROIs_bin_BN.csv
HC,FC020,2,renewal,39,40,11,1,sub-FC020_ses-2_task-renewal_fearROIs_bin_SN.csv,sub-FC020_ses-2_task-renewal_fearROIs_bin_BN.csv
HC,FC020,2,renewal,40,41,3,1,sub-FC020_ses-2_task-renewal_fearROIs_bin_SN.csv,sub-FC020_ses-2_task-renewal_fearROIs_bin_BN.csv
HC,FC020,2,renewal,41,42,3,1,sub-FC020_ses-2_task-renewal_fearROIs_bin_SN.csv,sub-FC020_ses-2_task-renewal_fearROIs_bin_BN.csv
HC,FC020,2,renewal,42,43,19,3,sub-FC020_ses-2_task-renewal_fearROIs_bin_SN.csv,sub-FC020_ses-2_task-renewal_fearROIs_bin_BN.csv
HC,FC020,2,renewal,43,44,18,3,sub-FC020_ses-2_task-renewal_fearROIs_bin_SN.csv,sub-FC020_ses-2_task-renewal_fearROIs_bin_BN.csv
HC,FC020,2,renewal,44,45,20,3,sub-FC020_ses-2_task-renewal_fearROIs_bin_SN.csv,sub-FC020_ses-2_task-renewal_fearROIs_bin_BN.csv
HC,FC020,2,renewal,45,46,21,1,sub-FC020_ses-2_task-renewal_fearROIs_bin_SN.csv,sub-FC020_ses-2_task-renewal_fearROIs_bin_BN.csv
HC,FC020,2,renewal,46,47,14,2,sub-FC020_ses-2_task-renewal_fearROIs_bin_SN.csv,sub-FC020_ses-2_task-renewal_fearROIs_bin_BN.csv
HC,FC020,2,renewal,47,48,12,3,sub-FC020_ses-2_task-renewal_fearROIs_bin_SN.csv,sub-FC020_ses-2_task-renewal_fearROIs_bin_BN.csv
HC,FC020,2,renewal,48,49,20,3,sub-FC020_ses-2_task-renewal_fearROIs_bin_SN.csv,sub-FC020_ses-2_task-renewal_fearROIs_bin_BN.csv
HC,FC020,2,renewal,49,50,2,1,sub-FC020_ses-2_task-renewal_fearROIs_bin_SN.csv,sub-FC020_ses-2_task-renewal_fearROIs_bin_BN.csv
HC,FC020,2,renewal,50,51,12,3,sub-FC020_ses-2_task-renewal_fearROIs_bin_SN.csv,sub-FC020_ses-2_task-renewal_fearROIs_bin_BN.csv
HC,FC020,2,renewal,51,52,32,4,sub-FC020_ses-2_task-renewal_fearROIs_bin_SN.csv,sub-FC020_ses-2_task-renewal_fearROIs_bin_BN.csv
HC,FC020,2,renewal,52,53,16,4,sub-FC020_ses-2_task-renewal_fearROIs_bin_SN.csv,sub-FC020_ses-2_task-renewal_fearROIs_bin_BN.csv
HC,FC020,2,renewal,53,54,2,1,sub-FC020_ses-2_task-renewal_fearROIs_bin_SN.csv,sub-FC020_ses-2_task-renewal_fearROIs_bin_BN.csv
HC,FC020,2,renewal,54,55,1,1,sub-FC020_ses-2_task-renewal_fearROIs_bin_SN.csv,sub-FC020_ses-2_task-renewal_fearROIs_bin_BN.csv
HC,FC020,2,renewal,55,56,10,1,sub-FC020_ses-2_task-renewal_fearROIs_bin_SN.csv,sub-FC020_ses-2_task-renewal_fearROIs_bin_BN.csv
HC,FC020,2,renewal,56,57,24,4,sub-FC020_ses-2_task-renewal_fearROIs_bin_SN.csv,sub-FC020_ses-2_task-renewal_fearROIs_bin_BN.csv
HC,FC020,2,renewal,57,58,1,1,sub-FC020_ses-2_task-renewal_fearROIs_bin_SN.csv,sub-FC020_ses-2_task-renewal_fearROIs_bin_BN.csv
HC,FC020,2,renewal,58,59,9,1,sub-FC020_ses-2_task-renewal_fearROIs_bin_SN.csv,sub-FC020_ses-2_task-renewal_fearROIs_bin_BN.csv
HC,FC020,2,renewal,59,60,11,1,sub-FC020_ses-2_task-renewal_fearROIs_bin_SN.csv,sub-FC020_ses-2_task-renewal_fearROIs_bin_BN.csv
HC,FC020,2,renewal,60,61,10,1,sub-FC020_ses-2_task-renewal_fearROIs_bin_SN.csv,sub-FC020_ses-2_task-renewal_fearROIs_bin_BN.csv
HC,FC020,2,renewal,61,62,32,4,sub-FC020_ses-2_task-renewal_fearROIs_bin_SN.csv,sub-FC020_ses-2_task-renewal_fearROIs_bin_BN.csv
HC,FC020,2,renewal,62,63,18,3,sub-FC020_ses-2_task-renewal_fearROIs_bin_SN.csv,sub-FC020_ses-2_task-renewal_fearROIs_bin_BN.csv
HC,FC020,2,renewal,63,64,2,1,sub-FC020_ses-2_task-renewal_fearROIs_bin_SN.csv,sub-FC020_ses-2_task-renewal_fearROIs_bin_BN.csv
HC,FC020,2,renewal,64,65,22,4,sub-FC020_ses-2_task-renewal_fearROIs_bin_SN.csv,sub-FC020_ses-2_task-renewal_fearROIs_bin_BN.csv
HC,FC020,2,renewal,65,66,30,4,sub-FC020_ses-2_task-renewal_fearROIs_bin_SN.csv,sub-FC020_ses-2_task-renewal_fearROIs_bin_BN.csv
HC,FC020,2,renewal,66,67,29,2,sub-FC020_ses-2_task-renewal_fearROIs_bin_SN.csv,sub-FC020_ses-2_task-renewal_fearROIs_bin_BN.csv
HC,FC020,2,renewal,67,68,29,2,sub-FC020_ses-2_task-renewal_fearROIs_bin_SN.csv,sub-FC020_ses-2_task-renewal_fearROIs_bin_BN.csv
HC,FC020,2,renewal,68,69,31,4,sub-FC020_ses-2_task-renewal_fearROIs_bin_SN.csv,sub-FC020_ses-2_task-renewal_fearROIs_bin_BN.csv
HC,FC020,2,renewal,69,70,19,3,sub-FC020_ses-2_task-renewal_fearROIs_bin_SN.csv,sub-FC020_ses-2_task-renewal_fearROIs_bin_BN.csv
HC,FC020,2,renewal,70,71,29,2,sub-FC020_ses-2_task-renewal_fearROIs_bin_SN.csv,sub-FC020_ses-2_task-renewal_fearROIs_bin_BN.csv
HC,FC020,2,renewal,71,72,21,1,sub-FC020_ses-2_task-renewal_fearROIs_bin_SN.csv,sub-FC020_ses-2_task-renewal_fearROIs_bin_BN.csv
HC,FC020,2,renewal,72,73,29,2,sub-FC020_ses-2_task-renewal_fearROIs_bin_SN.csv,sub-FC020_ses-2_task-renewal_fearROIs_bin_BN.csv
HC,FC020,2,renewal,73,74,21,1,sub-FC020_ses-2_task-renewal_fearROIs_bin_SN.csv,sub-FC020_ses-2_task-renewal_fearROIs_bin_BN.csv
HC,FC020,2,renewal,74,75,31,4,sub-FC020_ses-2_task-renewal_fearROIs_bin_SN.csv,sub-FC020_ses-2_task-renewal_fearROIs_bin_BN.csv
HC,FC020,2,renewal,75,76,1,1,sub-FC020_ses-2_task-renewal_fearROIs_bin_SN.csv,sub-FC020_ses-2_task-renewal_fearROIs_bin_BN.csv
HC,FC020,2,renewal,76,77,16,4,sub-FC020_ses-2_task-renewal_fearROIs_bin_SN.csv,sub-FC020_ses-2_task-renewal_fearROIs_bin_BN.csv
HC,FC020,2,renewal,77,78,5,1,sub-FC020_ses-2_task-renewal_fearROIs_bin_SN.csv,sub-FC020_ses-2_task-renewal_fearROIs_bin_BN.csv
HC,FC020,2,renewal,78,79,16,4,sub-FC020_ses-2_task-renewal_fearROIs_bin_SN.csv,sub-FC020_ses-2_task-renewal_fearROIs_bin_BN.csv
HC,FC020,2,renewal,79,80,6,1,sub-FC020_ses-2_task-renewal_fearROIs_bin_SN.csv,sub-FC020_ses-2_task-renewal_fearROIs_bin_BN.csv
HC,FC020,2,renewal,80,81,7,1,sub-FC020_ses-2_task-renewal_fearROIs_bin_SN.csv,sub-FC020_ses-2_task-renewal_fearROIs_bin_BN.csv
HC,FC020,2,renewal,81,82,3,1,sub-FC020_ses-2_task-renewal_fearROIs_bin_SN.csv,sub-FC020_ses-2_task-renewal_fearROIs_bin_BN.csv
HC,FC020,2,renewal,82,83,27,4,sub-FC020_ses-2_task-renewal_fearROIs_bin_SN.csv,sub-FC020_ses-2_task-renewal_fearROIs_bin_BN.csv
HC,FC020,2,renewal,83,84,1,1,sub-FC020_ses-2_task-renewal_fearROIs_bin_SN.csv,sub-FC020_ses-2_task-renewal_fearROIs_bin_BN.csv
HC,FC020,2,renewal,84,85,28,4,sub-FC020_ses-2_task-renewal_fearROIs_bin_SN.csv,sub-FC020_ses-2_task-renewal_fearROIs_bin_BN.csv
HC,FC020,2,renewal,85,86,7,1,sub-FC020_ses-2_task-renewal_fearROIs_bin_SN.csv,sub-FC020_ses-2_task-renewal_fearROIs_bin_BN.csv
HC,FC020,2,renewal,86,87,1,1,sub-FC020_ses-2_task-renewal_fearROIs_bin_SN.csv,sub-FC020_ses-2_task-renewal_fearROIs_bin_BN.csv
HC,FC020,2,renewal,87,88,4,3,sub-FC020_ses-2_task-renewal_fearROIs_bin_SN.csv,sub-FC020_ses-2_task-renewal_fearROIs_bin_BN.csv
HC,FC020,2,renewal,88,89,24,4,sub-FC020_ses-2_task-renewal_fearROIs_bin_SN.csv,sub-FC020_ses-2_task-renewal_fearROIs_bin_BN.csv
HC,FC020,2,renewal,89,90,32,4,sub-FC020_ses-2_task-renewal_fearROIs_bin_SN.csv,sub-FC020_ses-2_task-renewal_fearROIs_bin_BN.csv
HC,FC020,2,renewal,90,91,10,1,sub-FC020_ses-2_task-renewal_fearROIs_bin_SN.csv,sub-FC020_ses-2_task-renewal_fearROIs_bin_BN.csv
HC,FC020,2,renewal,91,92,2,1,sub-FC020_ses-2_task-renewal_fearROIs_bin_SN.csv,sub-FC020_ses-2_task-renewal_fearROIs_bin_BN.csv
HC,FC020,2,renewal,92,93,10,1,sub-FC020_ses-2_task-renewal_fearROIs_bin_SN.csv,sub-FC020_ses-2_task-renewal_fearROIs_bin_BN.csv
HC,FC020,2,renewal,93,94,31,4,sub-FC020_ses-2_task-renewal_fearROIs_bin_SN.csv,sub-FC020_ses-2_task-renewal_fearROIs_bin_BN.csv
HC,FC020,2,renewal,94,95,32,4,sub-FC020_ses-2_task-renewal_fearROIs_bin_SN.csv,sub-FC020_ses-2_task-renewal_fearROIs_bin_BN.csv
HC,FC020,2,renewal,95,96,8,3,sub-FC020_ses-2_task-renewal_fearROIs_bin_SN.csv,sub-FC020_ses-2_task-renewal_fearROIs_bin_BN.csv
HC,FC020,2,renewal,96,97,8,3,sub-FC020_ses-2_task-renewal_fearROIs_bin_SN.csv,sub-FC020_ses-2_task-renewal_fearROIs_bin_BN.csv
HC,FC020,2,renewal,97,98,2,1,sub-FC020_ses-2_task-renewal_fearROIs_bin_SN.csv,sub-FC020_ses-2_task-renewal_fearROIs_bin_BN.csv
HC,FC020,2,renewal,98,99,1,1,sub-FC020_ses-2_task-renewal_fearROIs_bin_SN.csv,sub-FC020_ses-2_task-renewal_fearROIs_bin_BN.csv
HC,FC020,2,renewal,99,100,32,4,sub-FC020_ses-2_task-renewal_fearROIs_bin_SN.csv,sub-FC020_ses-2_task-renewal_fearROIs_bin_BN.csv
HC,FC020,2,renewal,100,101,17,1,sub-FC020_ses-2_task-renewal_fearROIs_bin_SN.csv,sub-FC020_ses-2_task-renewal_fearROIs_bin_BN.csv
HC,FC020,2,renewal,101,102,29,2,sub-FC020_ses-2_task-renewal_fearROIs_bin_SN.csv,sub-FC020_ses-2_task-renewal_fearROIs_bin_BN.csv
HC,FC020,2,renewal,102,103,27,4,sub-FC020_ses-2_task-renewal_fearROIs_bin_SN.csv,sub-FC020_ses-2_task-renewal_fearROIs_bin_BN.csv
HC,FC020,2,renewal,103,104,2,1,sub-FC020_ses-2_task-renewal_fearROIs_bin_SN.csv,sub-FC020_ses-2_task-renewal_fearROIs_bin_BN.csv
HC,FC020,2,renewal,104,105,24,4,sub-FC020_ses-2_task-renewal_fearROIs_bin_SN.csv,sub-FC020_ses-2_task-renewal_fearROIs_bin_BN.csv
HC,FC020,2,renewal,105,106,8,3,sub-FC020_ses-2_task-renewal_fearROIs_bin_SN.csv,sub-FC020_ses-2_task-renewal_fearROIs_bin_BN.csv
HC,FC020,2,renewal,106,107,31,4,sub-FC020_ses-2_task-renewal_fearROIs_bin_SN.csv,sub-FC020_ses-2_task-renewal_fearROIs_bin_BN.csv
HC,FC020,2,renewal,107,108,25,1,sub-FC020_ses-2_task-renewal_fearROIs_bin_SN.csv,sub-FC020_ses-2_task-renewal_fearROIs_bin_BN.csv
HC,FC020,2,renewal,108,109,9,1,sub-FC020_ses-2_task-renewal_fearROIs_bin_SN.csv,sub-FC020_ses-2_task-renewal_fearROIs_bin_BN.csv
HC,FC021,2,renewal,0,1,10,1,sub-FC021_ses-2_task-renewal_fearROIs_bin_SN.csv,sub-FC021_ses-2_task-renewal_fearROIs_bin_BN.csv
HC,FC021,2,renewal,1,2,3,1,sub-FC021_ses-2_task-renewal_fearROIs_bin_SN.csv,sub-FC021_ses-2_task-renewal_fearROIs_bin_BN.csv
HC,FC021,2,renewal,2,3,31,4,sub-FC021_ses-2_task-renewal_fearROIs_bin_SN.csv,sub-FC021_ses-2_task-renewal_fearROIs_bin_BN.csv
HC,FC021,2,renewal,3,4,12,3,sub-FC021_ses-2_task-renewal_fearROIs_bin_SN.csv,sub-FC021_ses-2_task-renewal_fearROIs_bin_BN.csv
HC,FC021,2,renewal,4,5,4,3,sub-FC021_ses-2_task-renewal_fearROIs_bin_SN.csv,sub-FC021_ses-2_task-renewal_fearROIs_bin_BN.csv
HC,FC021,2,renewal,5,6,19,3,sub-FC021_ses-2_task-renewal_fearROIs_bin_SN.csv,sub-FC021_ses-2_task-renewal_fearROIs_bin_BN.csv
HC,FC021,2,renewal,6,7,17,1,sub-FC021_ses-2_task-renewal_fearROIs_bin_SN.csv,sub-FC021_ses-2_task-renewal_fearROIs_bin_BN.csv
HC,FC021,2,renewal,7,8,10,1,sub-FC021_ses-2_task-renewal_fearROIs_bin_SN.csv,sub-FC021_ses-2_task-renewal_fearROIs_bin_BN.csv
HC,FC021,2,renewal,8,9,6,1,sub-FC021_ses-2_task-renewal_fearROIs_bin_SN.csv,sub-FC021_ses-2_task-renewal_fearROIs_bin_BN.csv
HC,FC021,2,renewal,9,10,31,4,sub-FC021_ses-2_task-renewal_fearROIs_bin_SN.csv,sub-FC021_ses-2_task-renewal_fearROIs_bin_BN.csv
HC,FC021,2,renewal,10,11,30,4,sub-FC021_ses-2_task-renewal_fearROIs_bin_SN.csv,sub-FC021_ses-2_task-renewal_fearROIs_bin_BN.csv
HC,FC021,2,renewal,11,12,12,3,sub-FC021_ses-2_task-renewal_fearROIs_bin_SN.csv,sub-FC021_ses-2_task-renewal_fearROIs_bin_BN.csv
HC,FC021,2,renewal,12,13,8,3,sub-FC021_ses-2_task-renewal_fearROIs_bin_SN.csv,sub-FC021_ses-2_task-renewal_fearROIs_bin_BN.csv
HC,FC021,2,renewal,13,14,31,4,sub-FC021_ses-2_task-renewal_fearROIs_bin_SN.csv,sub-FC021_ses-2_task-renewal_fearROIs_bin_BN.csv
HC,FC021,2,renewal,14,15,19,3,sub-FC021_ses-2_task-renewal_fearROIs_bin_SN.csv,sub-FC021_ses-2_task-renewal_fearROIs_bin_BN.csv
HC,FC021,2,renewal,15,16,31,4,sub-FC021_ses-2_task-renewal_fearROIs_bin_SN.csv,sub-FC021_ses-2_task-renewal_fearROIs_bin_BN.csv
HC,FC021,2,renewal,16,17,13,2,sub-FC021_ses-2_task-renewal_fearROIs_bin_SN.csv,sub-FC021_ses-2_task-renewal_fearROIs_bin_BN.csv
HC,FC021,2,renewal,17,18,30,4,sub-FC021_ses-2_task-renewal_fearROIs_bin_SN.csv,sub-FC021_ses-2_task-renewal_fearROIs_bin_BN.csv
HC,FC021,2,renewal,18,19,8,3,sub-FC021_ses-2_task-renewal_fearROIs_bin_SN.csv,sub-FC021_ses-2_task-renewal_fearROIs_bin_BN.csv
HC,FC021,2,renewal,19,20,20,3,sub-FC021_ses-2_task-renewal_fearROIs_bin_SN.csv,sub-FC021_ses-2_task-renewal_fearROIs_bin_BN.csv
HC,FC021,2,renewal,20,21,19,3,sub-FC021_ses-2_task-renewal_fearROIs_bin_SN.csv,sub-FC021_ses-2_task-renewal_fearROIs_bin_BN.csv
HC,FC021,2,renewal,21,22,9,1,sub-FC021_ses-2_task-renewal_fearROIs_bin_SN.csv,sub-FC021_ses-2_task-renewal_fearROIs_bin_BN.csv
HC,FC021,2,renewal,22,23,14,2,sub-FC021_ses-2_task-renewal_fearROIs_bin_SN.csv,sub-FC021_ses-2_task-renewal_fearROIs_bin_BN.csv
HC,FC021,2,renewal,23,24,16,4,sub-FC021_ses-2_task-renewal_fearROIs_bin_SN.csv,sub-FC021_ses-2_task-renewal_fearROIs_bin_BN.csv
HC,FC021,2,renewal,24,25,5,1,sub-FC021_ses-2_task-renewal_fearROIs_bin_SN.csv,sub-FC021_ses-2_task-renewal_fearROIs_bin_BN.csv
HC,FC021,2,renewal,25,26,5,1,sub-FC021_ses-2_task-renewal_fearROIs_bin_SN.csv,sub-FC021_ses-2_task-renewal_fearROIs_bin_BN.csv
HC,FC021,2,renewal,26,27,31,4,sub-FC021_ses-2_task-renewal_fearROIs_bin_SN.csv,sub-FC021_ses-2_task-renewal_fearROIs_bin_BN.csv
HC,FC021,2,renewal,27,28,31,4,sub-FC021_ses-2_task-renewal_fearROIs_bin_SN.csv,sub-FC021_ses-2_task-renewal_fearROIs_bin_BN.csv
HC,FC021,2,renewal,28,29,2,1,sub-FC021_ses-2_task-renewal_fearROIs_bin_SN.csv,sub-FC021_ses-2_task-renewal_fearROIs_bin_BN.csv
HC,FC021,2,renewal,29,30,1,1,sub-FC021_ses-2_task-renewal_fearROIs_bin_SN.csv,sub-FC021_ses-2_task-renewal_fearROIs_bin_BN.csv
HC,FC021,2,renewal,30,31,3,1,sub-FC021_ses-2_task-renewal_fearROIs_bin_SN.csv,sub-FC021_ses-2_task-renewal_fearROIs_bin_BN.csv
HC,FC021,2,renewal,31,32,1,1,sub-FC021_ses-2_task-renewal_fearROIs_bin_SN.csv,sub-FC021_ses-2_task-renewal_fearROIs_bin_BN.csv
HC,FC021,2,renewal,32,33,10,1,sub-FC021_ses-2_task-renewal_fearROIs_bin_SN.csv,sub-FC021_ses-2_task-renewal_fearROIs_bin_BN.csv
HC,FC021,2,renewal,33,34,8,3,sub-FC021_ses-2_task-renewal_fearROIs_bin_SN.csv,sub-FC021_ses-2_task-renewal_fearROIs_bin_BN.csv
HC,FC021,2,renewal,34,35,29,2,sub-FC021_ses-2_task-renewal_fearROIs_bin_SN.csv,sub-FC021_ses-2_task-renewal_fearROIs_bin_BN.csv
HC,FC021,2,renewal,35,36,15,2,sub-FC021_ses-2_task-renewal_fearROIs_bin_SN.csv,sub-FC021_ses-2_task-renewal_fearROIs_bin_BN.csv
HC,FC021,2,renewal,36,37,28,4,sub-FC021_ses-2_task-renewal_fearROIs_bin_SN.csv,sub-FC021_ses-2_task-renewal_fearROIs_bin_BN.csv
HC,FC021,2,renewal,37,38,20,3,sub-FC021_ses-2_task-renewal_fearROIs_bin_SN.csv,sub-FC021_ses-2_task-renewal_fearROIs_bin_BN.csv
HC,FC021,2,renewal,38,39,25,1,sub-FC021_ses-2_task-renewal_fearROIs_bin_SN.csv,sub-FC021_ses-2_task-renewal_fearROIs_bin_BN.csv
HC,FC021,2,renewal,39,40,2,1,sub-FC021_ses-2_task-renewal_fearROIs_bin_SN.csv,sub-FC021_ses-2_task-renewal_fearROIs_bin_BN.csv
HC,FC021,2,renewal,40,41,20,3,sub-FC021_ses-2_task-renewal_fearROIs_bin_SN.csv,sub-FC021_ses-2_task-renewal_fearROIs_bin_BN.csv
HC,FC021,2,renewal,41,42,17,1,sub-FC021_ses-2_task-renewal_fearROIs_bin_SN.csv,sub-FC021_ses-2_task-renewal_fearROIs_bin_BN.csv
HC,FC021,2,renewal,42,43,2,1,sub-FC021_ses-2_task-renewal_fearROIs_bin_SN.csv,sub-FC021_ses-2_task-renewal_fearROIs_bin_BN.csv
HC,FC021,2,renewal,43,44,16,4,sub-FC021_ses-2_task-renewal_fearROIs_bin_SN.csv,sub-FC021_ses-2_task-renewal_fearROIs_bin_BN.csv
HC,FC021,2,renewal,44,45,29,2,sub-FC021_ses-2_task-renewal_fearROIs_bin_SN.csv,sub-FC021_ses-2_task-renewal_fearROIs_bin_BN.csv
HC,FC021,2,renewal,45,46,2,1,sub-FC021_ses-2_task-renewal_fearROIs_bin_SN.csv,sub-FC021_ses-2_task-renewal_fearROIs_bin_BN.csv
HC,FC021,2,renewal,46,47,19,3,sub-FC021_ses-2_task-renewal_fearROIs_bin_SN.csv,sub-FC021_ses-2_task-renewal_fearROIs_bin_BN.csv
HC,FC021,2,renewal,47,48,29,2,sub-FC021_ses-2_task-renewal_fearROIs_bin_SN.csv,sub-FC021_ses-2_task-renewal_fearROIs_bin_BN.csv
HC,FC021,2,renewal,48,49,4,3,sub-FC021_ses-2_task-renewal_fearROIs_bin_SN.csv,sub-FC021_ses-2_task-renewal_fearROIs_bin_BN.csv
HC,FC021,2,renewal,49,50,29,2,sub-FC021_ses-2_task-renewal_fearROIs_bin_SN.csv,sub-FC021_ses-2_task-renewal_fearROIs_bin_BN.csv
HC,FC021,2,renewal,50,51,24,4,sub-FC021_ses-2_task-renewal_fearROIs_bin_SN.csv,sub-FC021_ses-2_task-renewal_fearROIs_bin_BN.csv
HC,FC021,2,renewal,51,52,32,4,sub-FC021_ses-2_task-renewal_fearROIs_bin_SN.csv,sub-FC021_ses-2_task-renewal_fearROIs_bin_BN.csv
HC,FC021,2,renewal,52,53,13,2,sub-FC021_ses-2_task-renewal_fearROIs_bin_SN.csv,sub-FC021_ses-2_task-renewal_fearROIs_bin_BN.csv
HC,FC021,2,renewal,53,54,13,2,sub-FC021_ses-2_task-renewal_fearROIs_bin_SN.csv,sub-FC021_ses-2_task-renewal_fearROIs_bin_BN.csv
HC,FC021,2,renewal,54,55,4,3,sub-FC021_ses-2_task-renewal_fearROIs_bin_SN.csv,sub-FC021_ses-2_task-renewal_fearROIs_bin_BN.csv
HC,FC021,2,renewal,55,56,23,4,sub-FC021_ses-2_task-renewal_fearROIs_bin_SN.csv,sub-FC021_ses-2_task-renewal_fearROIs_bin_BN.csv
HC,FC021,2,renewal,56,57,13,2,sub-FC021_ses-2_task-renewal_fearROIs_bin_SN.csv,sub-FC021_ses-2_task-renewal_fearROIs_bin_BN.csv
HC,FC021,2,renewal,57,58,4,3,sub-FC021_ses-2_task-renewal_fearROIs_bin_SN.csv,sub-FC021_ses-2_task-renewal_fearROIs_bin_BN.csv
HC,FC021,2,renewal,58,59,19,3,sub-FC021_ses-2_task-renewal_fearROIs_bin_SN.csv,sub-FC021_ses-2_task-renewal_fearROIs_bin_BN.csv
HC,FC021,2,renewal,59,60,29,2,sub-FC021_ses-2_task-renewal_fearROIs_bin_SN.csv,sub-FC021_ses-2_task-renewal_fearROIs_bin_BN.csv
HC,FC021,2,renewal,60,61,2,1,sub-FC021_ses-2_task-renewal_fearROIs_bin_SN.csv,sub-FC021_ses-2_task-renewal_fearROIs_bin_BN.csv
HC,FC021,2,renewal,61,62,32,4,sub-FC021_ses-2_task-renewal_fearROIs_bin_SN.csv,sub-FC021_ses-2_task-renewal_fearROIs_bin_BN.csv
HC,FC021,2,renewal,62,63,30,4,sub-FC021_ses-2_task-renewal_fearROIs_bin_SN.csv,sub-FC021_ses-2_task-renewal_fearROIs_bin_BN.csv
HC,FC021,2,renewal,63,64,4,3,sub-FC021_ses-2_task-renewal_fearROIs_bin_SN.csv,sub-FC021_ses-2_task-renewal_fearROIs_bin_BN.csv
HC,FC021,2,renewal,64,65,21,1,sub-FC021_ses-2_task-renewal_fearROIs_bin_SN.csv,sub-FC021_ses-2_task-renewal_fearROIs_bin_BN.csv
HC,FC021,2,renewal,65,66,2,1,sub-FC021_ses-2_task-renewal_fearROIs_bin_SN.csv,sub-FC021_ses-2_task-renewal_fearROIs_bin_BN.csv
HC,FC021,2,renewal,66,67,23,4,sub-FC021_ses-2_task-renewal_fearROIs_bin_SN.csv,sub-FC021_ses-2_task-renewal_fearROIs_bin_BN.csv
HC,FC021,2,renewal,67,68,29,2,sub-FC021_ses-2_task-renewal_fearROIs_bin_SN.csv,sub-FC021_ses-2_task-renewal_fearROIs_bin_BN.csv
HC,FC021,2,renewal,68,69,2,1,sub-FC021_ses-2_task-renewal_fearROIs_bin_SN.csv,sub-FC021_ses-2_task-renewal_fearROIs_bin_BN.csv
HC,FC021,2,renewal,69,70,19,3,sub-FC021_ses-2_task-renewal_fearROIs_bin_SN.csv,sub-FC021_ses-2_task-renewal_fearROIs_bin_BN.csv
HC,FC021,2,renewal,70,71,31,4,sub-FC021_ses-2_task-renewal_fearROIs_bin_SN.csv,sub-FC021_ses-2_task-renewal_fearROIs_bin_BN.csv
HC,FC021,2,renewal,71,72,14,2,sub-FC021_ses-2_task-renewal_fearROIs_bin_SN.csv,sub-FC021_ses-2_task-renewal_fearROIs_bin_BN.csv
HC,FC021,2,renewal,72,73,4,3,sub-FC021_ses-2_task-renewal_fearROIs_bin_SN.csv,sub-FC021_ses-2_task-renewal_fearROIs_bin_BN.csv
HC,FC021,2,renewal,73,74,25,1,sub-FC021_ses-2_task-renewal_fearROIs_bin_SN.csv,sub-FC021_ses-2_task-renewal_fearROIs_bin_BN.csv
HC,FC021,2,renewal,74,75,26,4,sub-FC021_ses-2_task-renewal_fearROIs_bin_SN.csv,sub-FC021_ses-2_task-renewal_fearROIs_bin_BN.csv
HC,FC021,2,renewal,75,76,15,2,sub-FC021_ses-2_task-renewal_fearROIs_bin_SN.csv,sub-FC021_ses-2_task-renewal_fearROIs_bin_BN.csv
HC,FC021,2,renewal,76,77,9,1,sub-FC021_ses-2_task-renewal_fearROIs_bin_SN.csv,sub-FC021_ses-2_task-renewal_fearROIs_bin_BN.csv
HC,FC021,2,renewal,77,78,2,1,sub-FC021_ses-2_task-renewal_fearROIs_bin_SN.csv,sub-FC021_ses-2_task-renewal_fearROIs_bin_BN.csv
HC,FC021,2,renewal,78,79,3,1,sub-FC021_ses-2_task-renewal_fearROIs_bin_SN.csv,sub-FC021_ses-2_task-renewal_fearROIs_bin_BN.csv
HC,FC021,2,renewal,79,80,32,4,sub-FC021_ses-2_task-renewal_fearROIs_bin_SN.csv,sub-FC021_ses-2_task-renewal_fearROIs_bin_BN.csv
HC,FC021,2,renewal,80,81,10,1,sub-FC021_ses-2_task-renewal_fearROIs_bin_SN.csv,sub-FC021_ses-2_task-renewal_fearROIs_bin_BN.csv
HC,FC021,2,renewal,81,82,31,4,sub-FC021_ses-2_task-renewal_fearROIs_bin_SN.csv,sub-FC021_ses-2_task-renewal_fearROIs_bin_BN.csv
HC,FC021,2,renewal,82,83,31,4,sub-FC021_ses-2_task-renewal_fearROIs_bin_SN.csv,sub-FC021_ses-2_task-renewal_fearROIs_bin_BN.csv
HC,FC021,2,renewal,83,84,4,3,sub-FC021_ses-2_task-renewal_fearROIs_bin_SN.csv,sub-FC021_ses-2_task-renewal_fearROIs_bin_BN.csv
HC,FC021,2,renewal,84,85,23,4,sub-FC021_ses-2_task-renewal_fearROIs_bin_SN.csv,sub-FC021_ses-2_task-renewal_fearROIs_bin_BN.csv
HC,FC021,2,renewal,85,86,5,1,sub-FC021_ses-2_task-renewal_fearROIs_bin_SN.csv,sub-FC021_ses-2_task-renewal_fearROIs_bin_BN.csv
HC,FC021,2,renewal,86,87,2,1,sub-FC021_ses-2_task-renewal_fearROIs_bin_SN.csv,sub-FC021_ses-2_task-renewal_fearROIs_bin_BN.csv
HC,FC021,2,renewal,87,88,1,1,sub-FC021_ses-2_task-renewal_fearROIs_bin_SN.csv,sub-FC021_ses-2_task-renewal_fearROIs_bin_BN.csv
HC,FC021,2,renewal,88,89,26,4,sub-FC021_ses-2_task-renewal_fearROIs_bin_SN.csv,sub-FC021_ses-2_task-renewal_fearROIs_bin_BN.csv
HC,FC021,2,renewal,89,90,24,4,sub-FC021_ses-2_task-renewal_fearROIs_bin_SN.csv,sub-FC021_ses-2_task-renewal_fearROIs_bin_BN.csv
HC,FC021,2,renewal,90,91,31,4,sub-FC021_ses-2_task-renewal_fearROIs_bin_SN.csv,sub-FC021_ses-2_task-renewal_fearROIs_bin_BN.csv
HC,FC021,2,renewal,91,92,2,1,sub-FC021_ses-2_task-renewal_fearROIs_bin_SN.csv,sub-FC021_ses-2_task-renewal_fearROIs_bin_BN.csv
HC,FC021,2,renewal,92,93,4,3,sub-FC021_ses-2_task-renewal_fearROIs_bin_SN.csv,sub-FC021_ses-2_task-renewal_fearROIs_bin_BN.csv
HC,FC021,2,renewal,93,94,29,2,sub-FC021_ses-2_task-renewal_fearROIs_bin_SN.csv,sub-FC021_ses-2_task-renewal_fearROIs_bin_BN.csv
HC,FC021,2,renewal,94,95,30,4,sub-FC021_ses-2_task-renewal_fearROIs_bin_SN.csv,sub-FC021_ses-2_task-renewal_fearROIs_bin_BN.csv
HC,FC021,2,renewal,95,96,17,1,sub-FC021_ses-2_task-renewal_fearROIs_bin_SN.csv,sub-FC021_ses-2_task-renewal_fearROIs_bin_BN.csv
HC,FC021,2,renewal,96,97,29,2,sub-FC021_ses-2_task-renewal_fearROIs_bin_SN.csv,sub-FC021_ses-2_task-renewal_fearROIs_bin_BN.csv
HC,FC021,2,renewal,97,98,2,1,sub-FC021_ses-2_task-renewal_fearROIs_bin_SN.csv,sub-FC021_ses-2_task-renewal_fearROIs_bin_BN.csv
HC,FC021,2,renewal,98,99,32,4,sub-FC021_ses-2_task-renewal_fearROIs_bin_SN.csv,sub-FC021_ses-2_task-renewal_fearROIs_bin_BN.csv
HC,FC021,2,renewal,99,100,31,4,sub-FC021_ses-2_task-renewal_fearROIs_bin_SN.csv,sub-FC021_ses-2_task-renewal_fearROIs_bin_BN.csv
HC,FC021,2,renewal,100,101,29,2,sub-FC021_ses-2_task-renewal_fearROIs_bin_SN.csv,sub-FC021_ses-2_task-renewal_fearROIs_bin_BN.csv
HC,FC021,2,renewal,101,102,10,1,sub-FC021_ses-2_task-renewal_fearROIs_bin_SN.csv,sub-FC021_ses-2_task-renewal_fearROIs_bin_BN.csv
HC,FC021,2,renewal,102,103,3,1,sub-FC021_ses-2_task-renewal_fearROIs_bin_SN.csv,sub-FC021_ses-2_task-renewal_fearROIs_bin_BN.csv
HC,FC021,2,renewal,103,104,32,4,sub-FC021_ses-2_task-renewal_fearROIs_bin_SN.csv,sub-FC021_ses-2_task-renewal_fearROIs_bin_BN.csv
HC,FC021,2,renewal,104,105,13,2,sub-FC021_ses-2_task-renewal_fearROIs_bin_SN.csv,sub-FC021_ses-2_task-renewal_fearROIs_bin_BN.csv
HC,FC021,2,renewal,105,106,32,4,sub-FC021_ses-2_task-renewal_fearROIs_bin_SN.csv,sub-FC021_ses-2_task-renewal_fearROIs_bin_BN.csv
HC,FC021,2,renewal,106,107,20,3,sub-FC021_ses-2_task-renewal_fearROIs_bin_SN.csv,sub-FC021_ses-2_task-renewal_fearROIs_bin_BN.csv
HC,FC021,2,renewal,107,108,20,3,sub-FC021_ses-2_task-renewal_fearROIs_bin_SN.csv,sub-FC021_ses-2_task-renewal_fearROIs_bin_BN.csv
HC,FC021,2,renewal,108,109,23,4,sub-FC021_ses-2_task-renewal_fearROIs_bin_SN.csv,sub-FC021_ses-2_task-renewal_fearROIs_bin_BN.csv
HC,FC021,2,renewal,109,110,10,1,sub-FC021_ses-2_task-renewal_fearROIs_bin_SN.csv,sub-FC021_ses-2_task-renewal_fearROIs_bin_BN.csv
HC,FC021,2,renewal,110,111,2,1,sub-FC021_ses-2_task-renewal_fearROIs_bin_SN.csv,sub-FC021_ses-2_task-renewal_fearROIs_bin_BN.csv
HC,FC021,2,renewal,111,112,5,1,sub-FC021_ses-2_task-renewal_fearROIs_bin_SN.csv,sub-FC021_ses-2_task-renewal_fearROIs_bin_BN.csv
HC,FC021,2,renewal,112,113,2,1,sub-FC021_ses-2_task-renewal_fearROIs_bin_SN.csv,sub-FC021_ses-2_task-renewal_fearROIs_bin_BN.csv
HC,FC021,2,renewal,113,114,3,1,sub-FC021_ses-2_task-renewal_fearROIs_bin_SN.csv,sub-FC021_ses-2_task-renewal_fearROIs_bin_BN.csv
HC,FC021,2,renewal,114,115,29,2,sub-FC021_ses-2_task-renewal_fearROIs_bin_SN.csv,sub-FC021_ses-2_task-renewal_fearROIs_bin_BN.csv
HC,FC023,2,renewal,0,1,5,1,sub-FC023_ses-2_task-renewal_fearROIs_bin_SN.csv,sub-FC023_ses-2_task-renewal_fearROIs_bin_BN.csv
HC,FC023,2,renewal,1,2,13,2,sub-FC023_ses-2_task-renewal_fearROIs_bin_SN.csv,sub-FC023_ses-2_task-renewal_fearROIs_bin_BN.csv
HC,FC023,2,renewal,2,3,3,1,sub-FC023_ses-2_task-renewal_fearROIs_bin_SN.csv,sub-FC023_ses-2_task-renewal_fearROIs_bin_BN.csv
HC,FC023,2,renewal,3,4,4,3,sub-FC023_ses-2_task-renewal_fearROIs_bin_SN.csv,sub-FC023_ses-2_task-renewal_fearROIs_bin_BN.csv
HC,FC023,2,renewal,4,5,21,1,sub-FC023_ses-2_task-renewal_fearROIs_bin_SN.csv,sub-FC023_ses-2_task-renewal_fearROIs_bin_BN.csv
HC,FC023,2,renewal,5,6,28,4,sub-FC023_ses-2_task-renewal_fearROIs_bin_SN.csv,sub-FC023_ses-2_task-renewal_fearROIs_bin_BN.csv
HC,FC023,2,renewal,6,7,32,4,sub-FC023_ses-2_task-renewal_fearROIs_bin_SN.csv,sub-FC023_ses-2_task-renewal_fearROIs_bin_BN.csv
HC,FC023,2,renewal,7,8,14,2,sub-FC023_ses-2_task-renewal_fearROIs_bin_SN.csv,sub-FC023_ses-2_task-renewal_fearROIs_bin_BN.csv
HC,FC023,2,renewal,8,9,32,4,sub-FC023_ses-2_task-renewal_fearROIs_bin_SN.csv,sub-FC023_ses-2_task-renewal_fearROIs_bin_BN.csv
HC,FC023,2,renewal,9,10,17,1,sub-FC023_ses-2_task-renewal_fearROIs_bin_SN.csv,sub-FC023_ses-2_task-renewal_fearROIs_bin_BN.csv
HC,FC023,2,renewal,10,11,20,3,sub-FC023_ses-2_task-renewal_fearROIs_bin_SN.csv,sub-FC023_ses-2_task-renewal_fearROIs_bin_BN.csv
HC,FC023,2,renewal,11,12,12,3,sub-FC023_ses-2_task-renewal_fearROIs_bin_SN.csv,sub-FC023_ses-2_task-renewal_fearROIs_bin_BN.csv
HC,FC023,2,renewal,12,13,4,3,sub-FC023_ses-2_task-renewal_fearROIs_bin_SN.csv,sub-FC023_ses-2_task-renewal_fearROIs_bin_BN.csv
HC,FC023,2,renewal,13,14,17,1,sub-FC023_ses-2_task-renewal_fearROIs_bin_SN.csv,sub-FC023_ses-2_task-renewal_fearROIs_bin_BN.csv
HC,FC023,2,renewal,14,15,28,4,sub-FC023_ses-2_task-renewal_fearROIs_bin_SN.csv,sub-FC023_ses-2_task-renewal_fearROIs_bin_BN.csv
HC,FC023,2,renewal,15,16,1,1,sub-FC023_ses-2_task-renewal_fearROIs_bin_SN.csv,sub-FC023_ses-2_task-renewal_fearROIs_bin_BN.csv
HC,FC023,2,renewal,16,17,17,1,sub-FC023_ses-2_task-renewal_fearROIs_bin_SN.csv,sub-FC023_ses-2_task-renewal_fearROIs_bin_BN.csv
HC,FC023,2,renewal,17,18,2,1,sub-FC023_ses-2_task-renewal_fearROIs_bin_SN.csv,sub-FC023_ses-2_task-renewal_fearROIs_bin_BN.csv
HC,FC023,2,renewal,18,19,4,3,sub-FC023_ses-2_task-renewal_fearROIs_bin_SN.csv,sub-FC023_ses-2_task-renewal_fearROIs_bin_BN.csv
HC,FC023,2,renewal,19,20,4,3,sub-FC023_ses-2_task-renewal_fearROIs_bin_SN.csv,sub-FC023_ses-2_task-renewal_fearROIs_bin_BN.csv
HC,FC023,2,renewal,20,21,17,1,sub-FC023_ses-2_task-renewal_fearROIs_bin_SN.csv,sub-FC023_ses-2_task-renewal_fearROIs_bin_BN.csv
HC,FC023,2,renewal,21,22,20,3,sub-FC023_ses-2_task-renewal_fearROIs_bin_SN.csv,sub-FC023_ses-2_task-renewal_fearROIs_bin_BN.csv
HC,FC023,2,renewal,22,23,14,2,sub-FC023_ses-2_task-renewal_fearROIs_bin_SN.csv,sub-FC023_ses-2_task-renewal_fearROIs_bin_BN.csv
HC,FC023,2,renewal,23,24,29,2,sub-FC023_ses-2_task-renewal_fearROIs_bin_SN.csv,sub-FC023_ses-2_task-renewal_fearROIs_bin_BN.csv
HC,FC023,2,renewal,24,25,29,2,sub-FC023_ses-2_task-renewal_fearROIs_bin_SN.csv,sub-FC023_ses-2_task-renewal_fearROIs_bin_BN.csv
HC,FC023,2,renewal,25,26,29,2,sub-FC023_ses-2_task-renewal_fearROIs_bin_SN.csv,sub-FC023_ses-2_task-renewal_fearROIs_bin_BN.csv
HC,FC023,2,renewal,26,27,32,4,sub-FC023_ses-2_task-renewal_fearROIs_bin_SN.csv,sub-FC023_ses-2_task-renewal_fearROIs_bin_BN.csv
HC,FC023,2,renewal,27,28,9,1,sub-FC023_ses-2_task-renewal_fearROIs_bin_SN.csv,sub-FC023_ses-2_task-renewal_fearROIs_bin_BN.csv
HC,FC023,2,renewal,28,29,23,4,sub-FC023_ses-2_task-renewal_fearROIs_bin_SN.csv,sub-FC023_ses-2_task-renewal_fearROIs_bin_BN.csv
HC,FC023,2,renewal,29,30,19,3,sub-FC023_ses-2_task-renewal_fearROIs_bin_SN.csv,sub-FC023_ses-2_task-renewal_fearROIs_bin_BN.csv
HC,FC023,2,renewal,30,31,32,4,sub-FC023_ses-2_task-renewal_fearROIs_bin_SN.csv,sub-FC023_ses-2_task-renewal_fearROIs_bin_BN.csv
HC,FC023,2,renewal,31,32,30,4,sub-FC023_ses-2_task-renewal_fearROIs_bin_SN.csv,sub-FC023_ses-2_task-renewal_fearROIs_bin_BN.csv
HC,FC023,2,renewal,32,33,5,1,sub-FC023_ses-2_task-renewal_fearROIs_bin_SN.csv,sub-FC023_ses-2_task-renewal_fearROIs_bin_BN.csv
HC,FC023,2,renewal,33,34,9,1,sub-FC023_ses-2_task-renewal_fearROIs_bin_SN.csv,sub-FC023_ses-2_task-renewal_fearROIs_bin_BN.csv
HC,FC023,2,renewal,34,35,4,3,sub-FC023_ses-2_task-renewal_fearROIs_bin_SN.csv,sub-FC023_ses-2_task-renewal_fearROIs_bin_BN.csv
HC,FC023,2,renewal,35,36,31,4,sub-FC023_ses-2_task-renewal_fearROIs_bin_SN.csv,sub-FC023_ses-2_task-renewal_fearROIs_bin_BN.csv
HC,FC023,2,renewal,36,37,4,3,sub-FC023_ses-2_task-renewal_fearROIs_bin_SN.csv,sub-FC023_ses-2_task-renewal_fearROIs_bin_BN.csv
HC,FC023,2,renewal,37,38,32,4,sub-FC023_ses-2_task-renewal_fearROIs_bin_SN.csv,sub-FC023_ses-2_task-renewal_fearROIs_bin_BN.csv
HC,FC023,2,renewal,38,39,4,3,sub-FC023_ses-2_task-renewal_fearROIs_bin_SN.csv,sub-FC023_ses-2_task-renewal_fearROIs_bin_BN.csv
HC,FC023,2,renewal,39,40,17,1,sub-FC023_ses-2_task-renewal_fearROIs_bin_SN.csv,sub-FC023_ses-2_task-renewal_fearROIs_bin_BN.csv
HC,FC023,2,renewal,40,41,13,2,sub-FC023_ses-2_task-renewal_fearROIs_bin_SN.csv,sub-FC023_ses-2_task-renewal_fearROIs_bin_BN.csv
HC,FC023,2,renewal,41,42,13,2,sub-FC023_ses-2_task-renewal_fearROIs_bin_SN.csv,sub-FC023_ses-2_task-renewal_fearROIs_bin_BN.csv
HC,FC023,2,renewal,42,43,1,1,sub-FC023_ses-2_task-renewal_fearROIs_bin_SN.csv,sub-FC023_ses-2_task-renewal_fearROIs_bin_BN.csv
HC,FC023,2,renewal,43,44,5,1,sub-FC023_ses-2_task-renewal_fearROIs_bin_SN.csv,sub-FC023_ses-2_task-renewal_fearROIs_bin_BN.csv
HC,FC023,2,renewal,44,45,16,4,sub-FC023_ses-2_task-renewal_fearROIs_bin_SN.csv,sub-FC023_ses-2_task-renewal_fearROIs_bin_BN.csv
HC,FC023,2,renewal,45,46,1,1,sub-FC023_ses-2_task-renewal_fearROIs_bin_SN.csv,sub-FC023_ses-2_task-renewal_fearROIs_bin_BN.csv
HC,FC023,2,renewal,46,47,21,1,sub-FC023_ses-2_task-renewal_fearROIs_bin_SN.csv,sub-FC023_ses-2_task-renewal_fearROIs_bin_BN.csv
HC,FC023,2,renewal,47,48,32,4,sub-FC023_ses-2_task-renewal_fearROIs_bin_SN.csv,sub-FC023_ses-2_task-renewal_fearROIs_bin_BN.csv
HC,FC023,2,renewal,48,49,32,4,sub-FC023_ses-2_task-renewal_fearROIs_bin_SN.csv,sub-FC023_ses-2_task-renewal_fearROIs_bin_BN.csv
HC,FC023,2,renewal,49,50,4,3,sub-FC023_ses-2_task-renewal_fearROIs_bin_SN.csv,sub-FC023_ses-2_task-renewal_fearROIs_bin_BN.csv
HC,FC023,2,renewal,50,51,20,3,sub-FC023_ses-2_task-renewal_fearROIs_bin_SN.csv,sub-FC023_ses-2_task-renewal_fearROIs_bin_BN.csv
HC,FC023,2,renewal,51,52,14,2,sub-FC023_ses-2_task-renewal_fearROIs_bin_SN.csv,sub-FC023_ses-2_task-renewal_fearROIs_bin_BN.csv
HC,FC023,2,renewal,52,53,29,2,sub-FC023_ses-2_task-renewal_fearROIs_bin_SN.csv,sub-FC023_ses-2_task-renewal_fearROIs_bin_BN.csv
HC,FC023,2,renewal,53,54,29,2,sub-FC023_ses-2_task-renewal_fearROIs_bin_SN.csv,sub-FC023_ses-2_task-renewal_fearROIs_bin_BN.csv
HC,FC023,2,renewal,54,55,29,2,sub-FC023_ses-2_task-renewal_fearROIs_bin_SN.csv,sub-FC023_ses-2_task-renewal_fearROIs_bin_BN.csv
HC,FC023,2,renewal,55,56,31,4,sub-FC023_ses-2_task-renewal_fearROIs_bin_SN.csv,sub-FC023_ses-2_task-renewal_fearROIs_bin_BN.csv
HC,FC023,2,renewal,56,57,29,2,sub-FC023_ses-2_task-renewal_fearROIs_bin_SN.csv,sub-FC023_ses-2_task-renewal_fearROIs_bin_BN.csv
HC,FC023,2,renewal,57,58,13,2,sub-FC023_ses-2_task-renewal_fearROIs_bin_SN.csv,sub-FC023_ses-2_task-renewal_fearROIs_bin_BN.csv
HC,FC023,2,renewal,58,59,4,3,sub-FC023_ses-2_task-renewal_fearROIs_bin_SN.csv,sub-FC023_ses-2_task-renewal_fearROIs_bin_BN.csv
HC,FC023,2,renewal,59,60,4,3,sub-FC023_ses-2_task-renewal_fearROIs_bin_SN.csv,sub-FC023_ses-2_task-renewal_fearROIs_bin_BN.csv
HC,FC023,2,renewal,60,61,13,2,sub-FC023_ses-2_task-renewal_fearROIs_bin_SN.csv,sub-FC023_ses-2_task-renewal_fearROIs_bin_BN.csv
HC,FC023,2,renewal,61,62,1,1,sub-FC023_ses-2_task-renewal_fearROIs_bin_SN.csv,sub-FC023_ses-2_task-renewal_fearROIs_bin_BN.csv
HC,FC023,2,renewal,62,63,4,3,sub-FC023_ses-2_task-renewal_fearROIs_bin_SN.csv,sub-FC023_ses-2_task-renewal_fearROIs_bin_BN.csv
HC,FC023,2,renewal,63,64,4,3,sub-FC023_ses-2_task-renewal_fearROIs_bin_SN.csv,sub-FC023_ses-2_task-renewal_fearROIs_bin_BN.csv
HC,FC023,2,renewal,64,65,19,3,sub-FC023_ses-2_task-renewal_fearROIs_bin_SN.csv,sub-FC023_ses-2_task-renewal_fearROIs_bin_BN.csv
HC,FC023,2,renewal,65,66,24,4,sub-FC023_ses-2_task-renewal_fearROIs_bin_SN.csv,sub-FC023_ses-2_task-renewal_fearROIs_bin_BN.csv
HC,FC023,2,renewal,66,67,32,4,sub-FC023_ses-2_task-renewal_fearROIs_bin_SN.csv,sub-FC023_ses-2_task-renewal_fearROIs_bin_BN.csv
HC,FC023,2,renewal,67,68,24,4,sub-FC023_ses-2_task-renewal_fearROIs_bin_SN.csv,sub-FC023_ses-2_task-renewal_fearROIs_bin_BN.csv
HC,FC023,2,renewal,68,69,4,3,sub-FC023_ses-2_task-renewal_fearROIs_bin_SN.csv,sub-FC023_ses-2_task-renewal_fearROIs_bin_BN.csv
HC,FC023,2,renewal,69,70,29,2,sub-FC023_ses-2_task-renewal_fearROIs_bin_SN.csv,sub-FC023_ses-2_task-renewal_fearROIs_bin_BN.csv
HC,FC023,2,renewal,70,71,29,2,sub-FC023_ses-2_task-renewal_fearROIs_bin_SN.csv,sub-FC023_ses-2_task-renewal_fearROIs_bin_BN.csv
HC,FC023,2,renewal,71,72,12,3,sub-FC023_ses-2_task-renewal_fearROIs_bin_SN.csv,sub-FC023_ses-2_task-renewal_fearROIs_bin_BN.csv
HC,FC023,2,renewal,72,73,4,3,sub-FC023_ses-2_task-renewal_fearROIs_bin_SN.csv,sub-FC023_ses-2_task-renewal_fearROIs_bin_BN.csv
HC,FC023,2,renewal,73,74,19,3,sub-FC023_ses-2_task-renewal_fearROIs_bin_SN.csv,sub-FC023_ses-2_task-renewal_fearROIs_bin_BN.csv
HC,FC023,2,renewal,74,75,16,4,sub-FC023_ses-2_task-renewal_fearROIs_bin_SN.csv,sub-FC023_ses-2_task-renewal_fearROIs_bin_BN.csv
HC,FC023,2,renewal,75,76,25,1,sub-FC023_ses-2_task-renewal_fearROIs_bin_SN.csv,sub-FC023_ses-2_task-renewal_fearROIs_bin_BN.csv
HC,FC023,2,renewal,76,77,13,2,sub-FC023_ses-2_task-renewal_fearROIs_bin_SN.csv,sub-FC023_ses-2_task-renewal_fearROIs_bin_BN.csv
HC,FC023,2,renewal,77,78,1,1,sub-FC023_ses-2_task-renewal_fearROIs_bin_SN.csv,sub-FC023_ses-2_task-renewal_fearROIs_bin_BN.csv
HC,FC023,2,renewal,78,79,30,4,sub-FC023_ses-2_task-renewal_fearROIs_bin_SN.csv,sub-FC023_ses-2_task-renewal_fearROIs_bin_BN.csv
HC,FC023,2,renewal,79,80,13,2,sub-FC023_ses-2_task-renewal_fearROIs_bin_SN.csv,sub-FC023_ses-2_task-renewal_fearROIs_bin_BN.csv
HC,FC023,2,renewal,80,81,9,1,sub-FC023_ses-2_task-renewal_fearROIs_bin_SN.csv,sub-FC023_ses-2_task-renewal_fearROIs_bin_BN.csv
HC,FC023,2,renewal,81,82,13,2,sub-FC023_ses-2_task-renewal_fearROIs_bin_SN.csv,sub-FC023_ses-2_task-renewal_fearROIs_bin_BN.csv
HC,FC023,2,renewal,82,83,17,1,sub-FC023_ses-2_task-renewal_fearROIs_bin_SN.csv,sub-FC023_ses-2_task-renewal_fearROIs_bin_BN.csv
HC,FC023,2,renewal,83,84,32,4,sub-FC023_ses-2_task-renewal_fearROIs_bin_SN.csv,sub-FC023_ses-2_task-renewal_fearROIs_bin_BN.csv
HC,FC023,2,renewal,84,85,20,3,sub-FC023_ses-2_task-renewal_fearROIs_bin_SN.csv,sub-FC023_ses-2_task-renewal_fearROIs_bin_BN.csv
HC,FC023,2,renewal,85,86,2,1,sub-FC023_ses-2_task-renewal_fearROIs_bin_SN.csv,sub-FC023_ses-2_task-renewal_fearROIs_bin_BN.csv
HC,FC023,2,renewal,86,87,4,3,sub-FC023_ses-2_task-renewal_fearROIs_bin_SN.csv,sub-FC023_ses-2_task-renewal_fearROIs_bin_BN.csv
HC,FC024,2,renewal,0,1,1,1,sub-FC024_ses-2_task-renewal_fearROIs_bin_SN.csv,sub-FC024_ses-2_task-renewal_fearROIs_bin_BN.csv
HC,FC024,2,renewal,1,2,24,4,sub-FC024_ses-2_task-renewal_fearROIs_bin_SN.csv,sub-FC024_ses-2_task-renewal_fearROIs_bin_BN.csv
HC,FC024,2,renewal,2,3,28,4,sub-FC024_ses-2_task-renewal_fearROIs_bin_SN.csv,sub-FC024_ses-2_task-renewal_fearROIs_bin_BN.csv
HC,FC024,2,renewal,3,4,26,4,sub-FC024_ses-2_task-renewal_fearROIs_bin_SN.csv,sub-FC024_ses-2_task-renewal_fearROIs_bin_BN.csv
HC,FC024,2,renewal,4,5,17,1,sub-FC024_ses-2_task-renewal_fearROIs_bin_SN.csv,sub-FC024_ses-2_task-renewal_fearROIs_bin_BN.csv
HC,FC024,2,renewal,5,6,19,3,sub-FC024_ses-2_task-renewal_fearROIs_bin_SN.csv,sub-FC024_ses-2_task-renewal_fearROIs_bin_BN.csv
HC,FC024,2,renewal,6,7,31,4,sub-FC024_ses-2_task-renewal_fearROIs_bin_SN.csv,sub-FC024_ses-2_task-renewal_fearROIs_bin_BN.csv
HC,FC024,2,renewal,7,8,26,4,sub-FC024_ses-2_task-renewal_fearROIs_bin_SN.csv,sub-FC024_ses-2_task-renewal_fearROIs_bin_BN.csv
HC,FC024,2,renewal,8,9,2,1,sub-FC024_ses-2_task-renewal_fearROIs_bin_SN.csv,sub-FC024_ses-2_task-renewal_fearROIs_bin_BN.csv
HC,FC024,2,renewal,9,10,2,1,sub-FC024_ses-2_task-renewal_fearROIs_bin_SN.csv,sub-FC024_ses-2_task-renewal_fearROIs_bin_BN.csv
HC,FC024,2,renewal,10,11,1,1,sub-FC024_ses-2_task-renewal_fearROIs_bin_SN.csv,sub-FC024_ses-2_task-renewal_fearROIs_bin_BN.csv
HC,FC024,2,renewal,11,12,7,1,sub-FC024_ses-2_task-renewal_fearROIs_bin_SN.csv,sub-FC024_ses-2_task-renewal_fearROIs_bin_BN.csv
HC,FC024,2,renewal,12,13,2,1,sub-FC024_ses-2_task-renewal_fearROIs_bin_SN.csv,sub-FC024_ses-2_task-renewal_fearROIs_bin_BN.csv
HC,FC024,2,renewal,13,14,2,1,sub-FC024_ses-2_task-renewal_fearROIs_bin_SN.csv,sub-FC024_ses-2_task-renewal_fearROIs_bin_BN.csv
HC,FC024,2,renewal,14,15,6,1,sub-FC024_ses-2_task-renewal_fearROIs_bin_SN.csv,sub-FC024_ses-2_task-renewal_fearROIs_bin_BN.csv
HC,FC024,2,renewal,15,16,13,2,sub-FC024_ses-2_task-renewal_fearROIs_bin_SN.csv,sub-FC024_ses-2_task-renewal_fearROIs_bin_BN.csv
HC,FC024,2,renewal,16,17,1,1,sub-FC024_ses-2_task-renewal_fearROIs_bin_SN.csv,sub-FC024_ses-2_task-renewal_fearROIs_bin_BN.csv
HC,FC024,2,renewal,17,18,1,1,sub-FC024_ses-2_task-renewal_fearROIs_bin_SN.csv,sub-FC024_ses-2_task-renewal_fearROIs_bin_BN.csv
HC,FC024,2,renewal,18,19,19,3,sub-FC024_ses-2_task-renewal_fearROIs_bin_SN.csv,sub-FC024_ses-2_task-renewal_fearROIs_bin_BN.csv
HC,FC024,2,renewal,19,20,32,4,sub-FC024_ses-2_task-renewal_fearROIs_bin_SN.csv,sub-FC024_ses-2_task-renewal_fearROIs_bin_BN.csv
HC,FC024,2,renewal,20,21,30,4,sub-FC024_ses-2_task-renewal_fearROIs_bin_SN.csv,sub-FC024_ses-2_task-renewal_fearROIs_bin_BN.csv
HC,FC024,2,renewal,21,22,32,4,sub-FC024_ses-2_task-renewal_fearROIs_bin_SN.csv,sub-FC024_ses-2_task-renewal_fearROIs_bin_BN.csv
HC,FC024,2,renewal,22,23,16,4,sub-FC024_ses-2_task-renewal_fearROIs_bin_SN.csv,sub-FC024_ses-2_task-renewal_fearROIs_bin_BN.csv
HC,FC024,2,renewal,23,24,31,4,sub-FC024_ses-2_task-renewal_fearROIs_bin_SN.csv,sub-FC024_ses-2_task-renewal_fearROIs_bin_BN.csv
HC,FC024,2,renewal,24,25,14,2,sub-FC024_ses-2_task-renewal_fearROIs_bin_SN.csv,sub-FC024_ses-2_task-renewal_fearROIs_bin_BN.csv
HC,FC024,2,renewal,25,26,13,2,sub-FC024_ses-2_task-renewal_fearROIs_bin_SN.csv,sub-FC024_ses-2_task-renewal_fearROIs_bin_BN.csv
HC,FC024,2,renewal,26,27,32,4,sub-FC024_ses-2_task-renewal_fearROIs_bin_SN.csv,sub-FC024_ses-2_task-renewal_fearROIs_bin_BN.csv
HC,FC024,2,renewal,27,28,32,4,sub-FC024_ses-2_task-renewal_fearROIs_bin_SN.csv,sub-FC024_ses-2_task-renewal_fearROIs_bin_BN.csv
HC,FC024,2,renewal,28,29,14,2,sub-FC024_ses-2_task-renewal_fearROIs_bin_SN.csv,sub-FC024_ses-2_task-renewal_fearROIs_bin_BN.csv
HC,FC024,2,renewal,29,30,6,1,sub-FC024_ses-2_task-renewal_fearROIs_bin_SN.csv,sub-FC024_ses-2_task-renewal_fearROIs_bin_BN.csv
HC,FC024,2,renewal,30,31,8,3,sub-FC024_ses-2_task-renewal_fearROIs_bin_SN.csv,sub-FC024_ses-2_task-renewal_fearROIs_bin_BN.csv
HC,FC024,2,renewal,31,32,20,3,sub-FC024_ses-2_task-renewal_fearROIs_bin_SN.csv,sub-FC024_ses-2_task-renewal_fearROIs_bin_BN.csv
HC,FC024,2,renewal,32,33,23,4,sub-FC024_ses-2_task-renewal_fearROIs_bin_SN.csv,sub-FC024_ses-2_task-renewal_fearROIs_bin_BN.csv
HC,FC024,2,renewal,33,34,31,4,sub-FC024_ses-2_task-renewal_fearROIs_bin_SN.csv,sub-FC024_ses-2_task-renewal_fearROIs_bin_BN.csv
HC,FC024,2,renewal,34,35,16,4,sub-FC024_ses-2_task-renewal_fearROIs_bin_SN.csv,sub-FC024_ses-2_task-renewal_fearROIs_bin_BN.csv
HC,FC024,2,renewal,35,36,13,2,sub-FC024_ses-2_task-renewal_fearROIs_bin_SN.csv,sub-FC024_ses-2_task-renewal_fearROIs_bin_BN.csv
HC,FC024,2,renewal,36,37,19,3,sub-FC024_ses-2_task-renewal_fearROIs_bin_SN.csv,sub-FC024_ses-2_task-renewal_fearROIs_bin_BN.csv
HC,FC024,2,renewal,37,38,4,3,sub-FC024_ses-2_task-renewal_fearROIs_bin_SN.csv,sub-FC024_ses-2_task-renewal_fearROIs_bin_BN.csv
HC,FC024,2,renewal,38,39,8,3,sub-FC024_ses-2_task-renewal_fearROIs_bin_SN.csv,sub-FC024_ses-2_task-renewal_fearROIs_bin_BN.csv
HC,FC024,2,renewal,39,40,4,3,sub-FC024_ses-2_task-renewal_fearROIs_bin_SN.csv,sub-FC024_ses-2_task-renewal_fearROIs_bin_BN.csv
HC,FC024,2,renewal,40,41,8,3,sub-FC024_ses-2_task-renewal_fearROIs_bin_SN.csv,sub-FC024_ses-2_task-renewal_fearROIs_bin_BN.csv
HC,FC024,2,renewal,41,42,32,4,sub-FC024_ses-2_task-renewal_fearROIs_bin_SN.csv,sub-FC024_ses-2_task-renewal_fearROIs_bin_BN.csv
HC,FC024,2,renewal,42,43,28,4,sub-FC024_ses-2_task-renewal_fearROIs_bin_SN.csv,sub-FC024_ses-2_task-renewal_fearROIs_bin_BN.csv
HC,FC024,2,renewal,43,44,25,1,sub-FC024_ses-2_task-renewal_fearROIs_bin_SN.csv,sub-FC024_ses-2_task-renewal_fearROIs_bin_BN.csv
HC,FC024,2,renewal,44,45,1,1,sub-FC024_ses-2_task-renewal_fearROIs_bin_SN.csv,sub-FC024_ses-2_task-renewal_fearROIs_bin_BN.csv
HC,FC024,2,renewal,45,46,1,1,sub-FC024_ses-2_task-renewal_fearROIs_bin_SN.csv,sub-FC024_ses-2_task-renewal_fearROIs_bin_BN.csv
HC,FC024,2,renewal,46,47,11,1,sub-FC024_ses-2_task-renewal_fearROIs_bin_SN.csv,sub-FC024_ses-2_task-renewal_fearROIs_bin_BN.csv
HC,FC024,2,renewal,47,48,27,4,sub-FC024_ses-2_task-renewal_fearROIs_bin_SN.csv,sub-FC024_ses-2_task-renewal_fearROIs_bin_BN.csv
HC,FC024,2,renewal,48,49,1,1,sub-FC024_ses-2_task-renewal_fearROIs_bin_SN.csv,sub-FC024_ses-2_task-renewal_fearROIs_bin_BN.csv
HC,FC024,2,renewal,49,50,21,1,sub-FC024_ses-2_task-renewal_fearROIs_bin_SN.csv,sub-FC024_ses-2_task-renewal_fearROIs_bin_BN.csv
HC,FC024,2,renewal,50,51,21,1,sub-FC024_ses-2_task-renewal_fearROIs_bin_SN.csv,sub-FC024_ses-2_task-renewal_fearROIs_bin_BN.csv
HC,FC024,2,renewal,51,52,18,3,sub-FC024_ses-2_task-renewal_fearROIs_bin_SN.csv,sub-FC024_ses-2_task-renewal_fearROIs_bin_BN.csv
HC,FC024,2,renewal,52,53,2,1,sub-FC024_ses-2_task-renewal_fearROIs_bin_SN.csv,sub-FC024_ses-2_task-renewal_fearROIs_bin_BN.csv
HC,FC024,2,renewal,53,54,1,1,sub-FC024_ses-2_task-renewal_fearROIs_bin_SN.csv,sub-FC024_ses-2_task-renewal_fearROIs_bin_BN.csv
HC,FC024,2,renewal,54,55,11,1,sub-FC024_ses-2_task-renewal_fearROIs_bin_SN.csv,sub-FC024_ses-2_task-renewal_fearROIs_bin_BN.csv
HC,FC024,2,renewal,55,56,31,4,sub-FC024_ses-2_task-renewal_fearROIs_bin_SN.csv,sub-FC024_ses-2_task-renewal_fearROIs_bin_BN.csv
HC,FC024,2,renewal,56,57,9,1,sub-FC024_ses-2_task-renewal_fearROIs_bin_SN.csv,sub-FC024_ses-2_task-renewal_fearROIs_bin_BN.csv
HC,FC024,2,renewal,57,58,16,4,sub-FC024_ses-2_task-renewal_fearROIs_bin_SN.csv,sub-FC024_ses-2_task-renewal_fearROIs_bin_BN.csv
HC,FC024,2,renewal,58,59,32,4,sub-FC024_ses-2_task-renewal_fearROIs_bin_SN.csv,sub-FC024_ses-2_task-renewal_fearROIs_bin_BN.csv
HC,FC024,2,renewal,59,60,17,1,sub-FC024_ses-2_task-renewal_fearROIs_bin_SN.csv,sub-FC024_ses-2_task-renewal_fearROIs_bin_BN.csv
HC,FC024,2,renewal,60,61,17,1,sub-FC024_ses-2_task-renewal_fearROIs_bin_SN.csv,sub-FC024_ses-2_task-renewal_fearROIs_bin_BN.csv
HC,FC024,2,renewal,61,62,1,1,sub-FC024_ses-2_task-renewal_fearROIs_bin_SN.csv,sub-FC024_ses-2_task-renewal_fearROIs_bin_BN.csv
HC,FC024,2,renewal,62,63,14,2,sub-FC024_ses-2_task-renewal_fearROIs_bin_SN.csv,sub-FC024_ses-2_task-renewal_fearROIs_bin_BN.csv
HC,FC024,2,renewal,63,64,13,2,sub-FC024_ses-2_task-renewal_fearROIs_bin_SN.csv,sub-FC024_ses-2_task-renewal_fearROIs_bin_BN.csv
HC,FC024,2,renewal,64,65,31,4,sub-FC024_ses-2_task-renewal_fearROIs_bin_SN.csv,sub-FC024_ses-2_task-renewal_fearROIs_bin_BN.csv
HC,FC024,2,renewal,65,66,32,4,sub-FC024_ses-2_task-renewal_fearROIs_bin_SN.csv,sub-FC024_ses-2_task-renewal_fearROIs_bin_BN.csv
HC,FC024,2,renewal,66,67,28,4,sub-FC024_ses-2_task-renewal_fearROIs_bin_SN.csv,sub-FC024_ses-2_task-renewal_fearROIs_bin_BN.csv
HC,FC024,2,renewal,67,68,18,3,sub-FC024_ses-2_task-renewal_fearROIs_bin_SN.csv,sub-FC024_ses-2_task-renewal_fearROIs_bin_BN.csv
HC,FC024,2,renewal,68,69,9,1,sub-FC024_ses-2_task-renewal_fearROIs_bin_SN.csv,sub-FC024_ses-2_task-renewal_fearROIs_bin_BN.csv
HC,FC024,2,renewal,69,70,28,4,sub-FC024_ses-2_task-renewal_fearROIs_bin_SN.csv,sub-FC024_ses-2_task-renewal_fearROIs_bin_BN.csv
HC,FC024,2,renewal,70,71,19,3,sub-FC024_ses-2_task-renewal_fearROIs_bin_SN.csv,sub-FC024_ses-2_task-renewal_fearROIs_bin_BN.csv
HC,FC024,2,renewal,71,72,2,1,sub-FC024_ses-2_task-renewal_fearROIs_bin_SN.csv,sub-FC024_ses-2_task-renewal_fearROIs_bin_BN.csv
HC,FC024,2,renewal,72,73,10,1,sub-FC024_ses-2_task-renewal_fearROIs_bin_SN.csv,sub-FC024_ses-2_task-renewal_fearROIs_bin_BN.csv
HC,FC024,2,renewal,73,74,7,1,sub-FC024_ses-2_task-renewal_fearROIs_bin_SN.csv,sub-FC024_ses-2_task-renewal_fearROIs_bin_BN.csv
HC,FC024,2,renewal,74,75,23,4,sub-FC024_ses-2_task-renewal_fearROIs_bin_SN.csv,sub-FC024_ses-2_task-renewal_fearROIs_bin_BN.csv
HC,FC024,2,renewal,75,76,19,3,sub-FC024_ses-2_task-renewal_fearROIs_bin_SN.csv,sub-FC024_ses-2_task-renewal_fearROIs_bin_BN.csv
HC,FC024,2,renewal,76,77,17,1,sub-FC024_ses-2_task-renewal_fearROIs_bin_SN.csv,sub-FC024_ses-2_task-renewal_fearROIs_bin_BN.csv
HC,FC024,2,renewal,77,78,3,1,sub-FC024_ses-2_task-renewal_fearROIs_bin_SN.csv,sub-FC024_ses-2_task-renewal_fearROIs_bin_BN.csv
HC,FC024,2,renewal,78,79,32,4,sub-FC024_ses-2_task-renewal_fearROIs_bin_SN.csv,sub-FC024_ses-2_task-renewal_fearROIs_bin_BN.csv
HC,FC024,2,renewal,79,80,4,3,sub-FC024_ses-2_task-renewal_fearROIs_bin_SN.csv,sub-FC024_ses-2_task-renewal_fearROIs_bin_BN.csv
HC,FC024,2,renewal,80,81,14,2,sub-FC024_ses-2_task-renewal_fearROIs_bin_SN.csv,sub-FC024_ses-2_task-renewal_fearROIs_bin_BN.csv
HC,FC024,2,renewal,81,82,1,1,sub-FC024_ses-2_task-renewal_fearROIs_bin_SN.csv,sub-FC024_ses-2_task-renewal_fearROIs_bin_BN.csv
HC,FC024,2,renewal,82,83,31,4,sub-FC024_ses-2_task-renewal_fearROIs_bin_SN.csv,sub-FC024_ses-2_task-renewal_fearROIs_bin_BN.csv
HC,FC024,2,renewal,83,84,15,2,sub-FC024_ses-2_task-renewal_fearROIs_bin_SN.csv,sub-FC024_ses-2_task-renewal_fearROIs_bin_BN.csv
HC,FC024,2,renewal,84,85,22,4,sub-FC024_ses-2_task-renewal_fearROIs_bin_SN.csv,sub-FC024_ses-2_task-renewal_fearROIs_bin_BN.csv
HC,FC024,2,renewal,85,86,10,1,sub-FC024_ses-2_task-renewal_fearROIs_bin_SN.csv,sub-FC024_ses-2_task-renewal_fearROIs_bin_BN.csv
HC,FC024,2,renewal,86,87,15,2,sub-FC024_ses-2_task-renewal_fearROIs_bin_SN.csv,sub-FC024_ses-2_task-renewal_fearROIs_bin_BN.csv
HC,FC024,2,renewal,87,88,32,4,sub-FC024_ses-2_task-renewal_fearROIs_bin_SN.csv,sub-FC024_ses-2_task-renewal_fearROIs_bin_BN.csv
HC,FC024,2,renewal,88,89,30,4,sub-FC024_ses-2_task-renewal_fearROIs_bin_SN.csv,sub-FC024_ses-2_task-renewal_fearROIs_bin_BN.csv
HC,FC024,2,renewal,89,90,29,2,sub-FC024_ses-2_task-renewal_fearROIs_bin_SN.csv,sub-FC024_ses-2_task-renewal_fearROIs_bin_BN.csv
HC,FC024,2,renewal,90,91,20,3,sub-FC024_ses-2_task-renewal_fearROIs_bin_SN.csv,sub-FC024_ses-2_task-renewal_fearROIs_bin_BN.csv
HC,FC024,2,renewal,91,92,18,3,sub-FC024_ses-2_task-renewal_fearROIs_bin_SN.csv,sub-FC024_ses-2_task-renewal_fearROIs_bin_BN.csv
HC,FC024,2,renewal,92,93,25,1,sub-FC024_ses-2_task-renewal_fearROIs_bin_SN.csv,sub-FC024_ses-2_task-renewal_fearROIs_bin_BN.csv
HC,FC024,2,renewal,93,94,20,3,sub-FC024_ses-2_task-renewal_fearROIs_bin_SN.csv,sub-FC024_ses-2_task-renewal_fearROIs_bin_BN.csv
HC,FC024,2,renewal,94,95,4,3,sub-FC024_ses-2_task-renewal_fearROIs_bin_SN.csv,sub-FC024_ses-2_task-renewal_fearROIs_bin_BN.csv
HC,FC024,2,renewal,95,96,1,1,sub-FC024_ses-2_task-renewal_fearROIs_bin_SN.csv,sub-FC024_ses-2_task-renewal_fearROIs_bin_BN.csv
HC,FC024,2,renewal,96,97,6,1,sub-FC024_ses-2_task-renewal_fearROIs_bin_SN.csv,sub-FC024_ses-2_task-renewal_fearROIs_bin_BN.csv
HC,FC024,2,renewal,97,98,32,4,sub-FC024_ses-2_task-renewal_fearROIs_bin_SN.csv,sub-FC024_ses-2_task-renewal_fearROIs_bin_BN.csv
HC,FC024,2,renewal,98,99,13,2,sub-FC024_ses-2_task-renewal_fearROIs_bin_SN.csv,sub-FC024_ses-2_task-renewal_fearROIs_bin_BN.csv
HC,FC024,2,renewal,99,100,6,1,sub-FC024_ses-2_task-renewal_fearROIs_bin_SN.csv,sub-FC024_ses-2_task-renewal_fearROIs_bin_BN.csv
HC,FC024,2,renewal,100,101,5,1,sub-FC024_ses-2_task-renewal_fearROIs_bin_SN.csv,sub-FC024_ses-2_task-renewal_fearROIs_bin_BN.csv
HC,FC024,2,renewal,101,102,5,1,sub-FC024_ses-2_task-renewal_fearROIs_bin_SN.csv,sub-FC024_ses-2_task-renewal_fearROIs_bin_BN.csv
HC,FC024,2,renewal,102,103,29,2,sub-FC024_ses-2_task-renewal_fearROIs_bin_SN.csv,sub-FC024_ses-2_task-renewal_fearROIs_bin_BN.csv
HC,FC024,2,renewal,103,104,15,2,sub-FC024_ses-2_task-renewal_fearROIs_bin_SN.csv,sub-FC024_ses-2_task-renewal_fearROIs_bin_BN.csv
HC,FC024,2,renewal,104,105,13,2,sub-FC024_ses-2_task-renewal_fearROIs_bin_SN.csv,sub-FC024_ses-2_task-renewal_fearROIs_bin_BN.csv
HC,FC024,2,renewal,105,106,16,4,sub-FC024_ses-2_task-renewal_fearROIs_bin_SN.csv,sub-FC024_ses-2_task-renewal_fearROIs_bin_BN.csv
HC,FC024,2,renewal,106,107,32,4,sub-FC024_ses-2_task-renewal_fearROIs_bin_SN.csv,sub-FC024_ses-2_task-renewal_fearROIs_bin_BN.csv
HC,FC024,2,renewal,107,108,31,4,sub-FC024_ses-2_task-renewal_fearROIs_bin_SN.csv,sub-FC024_ses-2_task-renewal_fearROIs_bin_BN.csv
HC,FC024,2,renewal,108,109,13,2,sub-FC024_ses-2_task-renewal_fearROIs_bin_SN.csv,sub-FC024_ses-2_task-renewal_fearROIs_bin_BN.csv
HC,FC024,2,renewal,109,110,6,1,sub-FC024_ses-2_task-renewal_fearROIs_bin_SN.csv,sub-FC024_ses-2_task-renewal_fearROIs_bin_BN.csv
HC,FC024,2,renewal,110,111,20,3,sub-FC024_ses-2_task-renewal_fearROIs_bin_SN.csv,sub-FC024_ses-2_task-renewal_fearROIs_bin_BN.csv
HC,FC024,2,renewal,111,112,20,3,sub-FC024_ses-2_task-renewal_fearROIs_bin_SN.csv,sub-FC024_ses-2_task-renewal_fearROIs_bin_BN.csv
HC,FC024,2,renewal,112,113,31,4,sub-FC024_ses-2_task-renewal_fearROIs_bin_SN.csv,sub-FC024_ses-2_task-renewal_fearROIs_bin_BN.csv
HC,FC024,2,renewal,113,114,9,1,sub-FC024_ses-2_task-renewal_fearROIs_bin_SN.csv,sub-FC024_ses-2_task-renewal_fearROIs_bin_BN.csv
HC,FC024,2,renewal,114,115,2,1,sub-FC024_ses-2_task-renewal_fearROIs_bin_SN.csv,sub-FC024_ses-2_task-renewal_fearROIs_bin_BN.csv
HC,FC024,2,renewal,115,116,18,3,sub-FC024_ses-2_task-renewal_fearROIs_bin_SN.csv,sub-FC024_ses-2_task-renewal_fearROIs_bin_BN.csv
HC,FC024,2,renewal,116,117,27,4,sub-FC024_ses-2_task-renewal_fearROIs_bin_SN.csv,sub-FC024_ses-2_task-renewal_fearROIs_bin_BN.csv
HC,FC024,2,renewal,117,118,11,1,sub-FC024_ses-2_task-renewal_fearROIs_bin_SN.csv,sub-FC024_ses-2_task-renewal_fearROIs_bin_BN.csv
HC,FC024,2,renewal,118,119,2,1,sub-FC024_ses-2_task-renewal_fearROIs_bin_SN.csv,sub-FC024_ses-2_task-renewal_fearROIs_bin_BN.csv
HC,FC024,2,renewal,119,120,16,4,sub-FC024_ses-2_task-renewal_fearROIs_bin_SN.csv,sub-FC024_ses-2_task-renewal_fearROIs_bin_BN.csv
HC,FC024,2,renewal,120,121,31,4,sub-FC024_ses-2_task-renewal_fearROIs_bin_SN.csv,sub-FC024_ses-2_task-renewal_fearROIs_bin_BN.csv
HC,FC024,2,renewal,121,122,19,3,sub-FC024_ses-2_task-renewal_fearROIs_bin_SN.csv,sub-FC024_ses-2_task-renewal_fearROIs_bin_BN.csv
HC,FC024,2,renewal,122,123,19,3,sub-FC024_ses-2_task-renewal_fearROIs_bin_SN.csv,sub-FC024_ses-2_task-renewal_fearROIs_bin_BN.csv
HC,FC024,2,renewal,123,124,17,1,sub-FC024_ses-2_task-renewal_fearROIs_bin_SN.csv,sub-FC024_ses-2_task-renewal_fearROIs_bin_BN.csv
HC,FC024,2,renewal,124,125,30,4,sub-FC024_ses-2_task-renewal_fearROIs_bin_SN.csv,sub-FC024_ses-2_task-renewal_fearROIs_bin_BN.csv
HC,FC025,2,renewal,0,1,31,4,sub-FC025_ses-2_task-renewal_fearROIs_bin_SN.csv,sub-FC025_ses-2_task-renewal_fearROIs_bin_BN.csv
HC,FC025,2,renewal,1,2,21,1,sub-FC025_ses-2_task-renewal_fearROIs_bin_SN.csv,sub-FC025_ses-2_task-renewal_fearROIs_bin_BN.csv
HC,FC025,2,renewal,2,3,26,4,sub-FC025_ses-2_task-renewal_fearROIs_bin_SN.csv,sub-FC025_ses-2_task-renewal_fearROIs_bin_BN.csv
HC,FC025,2,renewal,3,4,2,1,sub-FC025_ses-2_task-renewal_fearROIs_bin_SN.csv,sub-FC025_ses-2_task-renewal_fearROIs_bin_BN.csv
HC,FC025,2,renewal,4,5,1,1,sub-FC025_ses-2_task-renewal_fearROIs_bin_SN.csv,sub-FC025_ses-2_task-renewal_fearROIs_bin_BN.csv
HC,FC025,2,renewal,5,6,2,1,sub-FC025_ses-2_task-renewal_fearROIs_bin_SN.csv,sub-FC025_ses-2_task-renewal_fearROIs_bin_BN.csv
HC,FC025,2,renewal,6,7,12,3,sub-FC025_ses-2_task-renewal_fearROIs_bin_SN.csv,sub-FC025_ses-2_task-renewal_fearROIs_bin_BN.csv
HC,FC025,2,renewal,7,8,32,4,sub-FC025_ses-2_task-renewal_fearROIs_bin_SN.csv,sub-FC025_ses-2_task-renewal_fearROIs_bin_BN.csv
HC,FC025,2,renewal,8,9,31,4,sub-FC025_ses-2_task-renewal_fearROIs_bin_SN.csv,sub-FC025_ses-2_task-renewal_fearROIs_bin_BN.csv
HC,FC025,2,renewal,9,10,27,4,sub-FC025_ses-2_task-renewal_fearROIs_bin_SN.csv,sub-FC025_ses-2_task-renewal_fearROIs_bin_BN.csv
HC,FC025,2,renewal,10,11,19,3,sub-FC025_ses-2_task-renewal_fearROIs_bin_SN.csv,sub-FC025_ses-2_task-renewal_fearROIs_bin_BN.csv
HC,FC025,2,renewal,11,12,2,1,sub-FC025_ses-2_task-renewal_fearROIs_bin_SN.csv,sub-FC025_ses-2_task-renewal_fearROIs_bin_BN.csv
HC,FC025,2,renewal,12,13,16,4,sub-FC025_ses-2_task-renewal_fearROIs_bin_SN.csv,sub-FC025_ses-2_task-renewal_fearROIs_bin_BN.csv
HC,FC025,2,renewal,13,14,32,4,sub-FC025_ses-2_task-renewal_fearROIs_bin_SN.csv,sub-FC025_ses-2_task-renewal_fearROIs_bin_BN.csv
HC,FC025,2,renewal,14,15,32,4,sub-FC025_ses-2_task-renewal_fearROIs_bin_SN.csv,sub-FC025_ses-2_task-renewal_fearROIs_bin_BN.csv
HC,FC025,2,renewal,15,16,25,1,sub-FC025_ses-2_task-renewal_fearROIs_bin_SN.csv,sub-FC025_ses-2_task-renewal_fearROIs_bin_BN.csv
HC,FC025,2,renewal,16,17,2,1,sub-FC025_ses-2_task-renewal_fearROIs_bin_SN.csv,sub-FC025_ses-2_task-renewal_fearROIs_bin_BN.csv
HC,FC025,2,renewal,17,18,1,1,sub-FC025_ses-2_task-renewal_fearROIs_bin_SN.csv,sub-FC025_ses-2_task-renewal_fearROIs_bin_BN.csv
HC,FC025,2,renewal,18,19,15,2,sub-FC025_ses-2_task-renewal_fearROIs_bin_SN.csv,sub-FC025_ses-2_task-renewal_fearROIs_bin_BN.csv
HC,FC025,2,renewal,19,20,11,1,sub-FC025_ses-2_task-renewal_fearROIs_bin_SN.csv,sub-FC025_ses-2_task-renewal_fearROIs_bin_BN.csv
HC,FC025,2,renewal,20,21,17,1,sub-FC025_ses-2_task-renewal_fearROIs_bin_SN.csv,sub-FC025_ses-2_task-renewal_fearROIs_bin_BN.csv
HC,FC025,2,renewal,21,22,29,2,sub-FC025_ses-2_task-renewal_fearROIs_bin_SN.csv,sub-FC025_ses-2_task-renewal_fearROIs_bin_BN.csv
HC,FC025,2,renewal,22,23,29,2,sub-FC025_ses-2_task-renewal_fearROIs_bin_SN.csv,sub-FC025_ses-2_task-renewal_fearROIs_bin_BN.csv
HC,FC025,2,renewal,23,24,23,4,sub-FC025_ses-2_task-renewal_fearROIs_bin_SN.csv,sub-FC025_ses-2_task-renewal_fearROIs_bin_BN.csv
HC,FC025,2,renewal,24,25,31,4,sub-FC025_ses-2_task-renewal_fearROIs_bin_SN.csv,sub-FC025_ses-2_task-renewal_fearROIs_bin_BN.csv
HC,FC025,2,renewal,25,26,31,4,sub-FC025_ses-2_task-renewal_fearROIs_bin_SN.csv,sub-FC025_ses-2_task-renewal_fearROIs_bin_BN.csv
HC,FC025,2,renewal,26,27,2,1,sub-FC025_ses-2_task-renewal_fearROIs_bin_SN.csv,sub-FC025_ses-2_task-renewal_fearROIs_bin_BN.csv
HC,FC025,2,renewal,27,28,1,1,sub-FC025_ses-2_task-renewal_fearROIs_bin_SN.csv,sub-FC025_ses-2_task-renewal_fearROIs_bin_BN.csv
HC,FC025,2,renewal,28,29,1,1,sub-FC025_ses-2_task-renewal_fearROIs_bin_SN.csv,sub-FC025_ses-2_task-renewal_fearROIs_bin_BN.csv
HC,FC025,2,renewal,29,30,8,3,sub-FC025_ses-2_task-renewal_fearROIs_bin_SN.csv,sub-FC025_ses-2_task-renewal_fearROIs_bin_BN.csv
HC,FC025,2,renewal,30,31,4,3,sub-FC025_ses-2_task-renewal_fearROIs_bin_SN.csv,sub-FC025_ses-2_task-renewal_fearROIs_bin_BN.csv
HC,FC025,2,renewal,31,32,1,1,sub-FC025_ses-2_task-renewal_fearROIs_bin_SN.csv,sub-FC025_ses-2_task-renewal_fearROIs_bin_BN.csv
HC,FC025,2,renewal,32,33,1,1,sub-FC025_ses-2_task-renewal_fearROIs_bin_SN.csv,sub-FC025_ses-2_task-renewal_fearROIs_bin_BN.csv
HC,FC025,2,renewal,33,34,24,4,sub-FC025_ses-2_task-renewal_fearROIs_bin_SN.csv,sub-FC025_ses-2_task-renewal_fearROIs_bin_BN.csv
HC,FC025,2,renewal,34,35,32,4,sub-FC025_ses-2_task-renewal_fearROIs_bin_SN.csv,sub-FC025_ses-2_task-renewal_fearROIs_bin_BN.csv
HC,FC025,2,renewal,35,36,19,3,sub-FC025_ses-2_task-renewal_fearROIs_bin_SN.csv,sub-FC025_ses-2_task-renewal_fearROIs_bin_BN.csv
HC,FC025,2,renewal,36,37,17,1,sub-FC025_ses-2_task-renewal_fearROIs_bin_SN.csv,sub-FC025_ses-2_task-renewal_fearROIs_bin_BN.csv
HC,FC025,2,renewal,37,38,29,2,sub-FC025_ses-2_task-renewal_fearROIs_bin_SN.csv,sub-FC025_ses-2_task-renewal_fearROIs_bin_BN.csv
HC,FC025,2,renewal,38,39,31,4,sub-FC025_ses-2_task-renewal_fearROIs_bin_SN.csv,sub-FC025_ses-2_task-renewal_fearROIs_bin_BN.csv
HC,FC025,2,renewal,39,40,16,4,sub-FC025_ses-2_task-renewal_fearROIs_bin_SN.csv,sub-FC025_ses-2_task-renewal_fearROIs_bin_BN.csv
HC,FC025,2,renewal,40,41,32,4,sub-FC025_ses-2_task-renewal_fearROIs_bin_SN.csv,sub-FC025_ses-2_task-renewal_fearROIs_bin_BN.csv
HC,FC025,2,renewal,41,42,7,1,sub-FC025_ses-2_task-renewal_fearROIs_bin_SN.csv,sub-FC025_ses-2_task-renewal_fearROIs_bin_BN.csv
HC,FC025,2,renewal,42,43,32,4,sub-FC025_ses-2_task-renewal_fearROIs_bin_SN.csv,sub-FC025_ses-2_task-renewal_fearROIs_bin_BN.csv
HC,FC025,2,renewal,43,44,29,2,sub-FC025_ses-2_task-renewal_fearROIs_bin_SN.csv,sub-FC025_ses-2_task-renewal_fearROIs_bin_BN.csv
HC,FC025,2,renewal,44,45,2,1,sub-FC025_ses-2_task-renewal_fearROIs_bin_SN.csv,sub-FC025_ses-2_task-renewal_fearROIs_bin_BN.csv
HC,FC025,2,renewal,45,46,2,1,sub-FC025_ses-2_task-renewal_fearROIs_bin_SN.csv,sub-FC025_ses-2_task-renewal_fearROIs_bin_BN.csv
HC,FC025,2,renewal,46,47,2,1,sub-FC025_ses-2_task-renewal_fearROIs_bin_SN.csv,sub-FC025_ses-2_task-renewal_fearROIs_bin_BN.csv
HC,FC025,2,renewal,47,48,20,3,sub-FC025_ses-2_task-renewal_fearROIs_bin_SN.csv,sub-FC025_ses-2_task-renewal_fearROIs_bin_BN.csv
HC,FC025,2,renewal,48,49,24,4,sub-FC025_ses-2_task-renewal_fearROIs_bin_SN.csv,sub-FC025_ses-2_task-renewal_fearROIs_bin_BN.csv
HC,FC025,2,renewal,49,50,9,1,sub-FC025_ses-2_task-renewal_fearROIs_bin_SN.csv,sub-FC025_ses-2_task-renewal_fearROIs_bin_BN.csv
HC,FC025,2,renewal,50,51,15,2,sub-FC025_ses-2_task-renewal_fearROIs_bin_SN.csv,sub-FC025_ses-2_task-renewal_fearROIs_bin_BN.csv
HC,FC025,2,renewal,51,52,16,4,sub-FC025_ses-2_task-renewal_fearROIs_bin_SN.csv,sub-FC025_ses-2_task-renewal_fearROIs_bin_BN.csv
HC,FC025,2,renewal,52,53,30,4,sub-FC025_ses-2_task-renewal_fearROIs_bin_SN.csv,sub-FC025_ses-2_task-renewal_fearROIs_bin_BN.csv
HC,FC025,2,renewal,53,54,2,1,sub-FC025_ses-2_task-renewal_fearROIs_bin_SN.csv,sub-FC025_ses-2_task-renewal_fearROIs_bin_BN.csv
HC,FC025,2,renewal,54,55,2,1,sub-FC025_ses-2_task-renewal_fearROIs_bin_SN.csv,sub-FC025_ses-2_task-renewal_fearROIs_bin_BN.csv
HC,FC025,2,renewal,55,56,13,2,sub-FC025_ses-2_task-renewal_fearROIs_bin_SN.csv,sub-FC025_ses-2_task-renewal_fearROIs_bin_BN.csv
HC,FC025,2,renewal,56,57,20,3,sub-FC025_ses-2_task-renewal_fearROIs_bin_SN.csv,sub-FC025_ses-2_task-renewal_fearROIs_bin_BN.csv
HC,FC025,2,renewal,57,58,18,3,sub-FC025_ses-2_task-renewal_fearROIs_bin_SN.csv,sub-FC025_ses-2_task-renewal_fearROIs_bin_BN.csv
HC,FC025,2,renewal,58,59,7,1,sub-FC025_ses-2_task-renewal_fearROIs_bin_SN.csv,sub-FC025_ses-2_task-renewal_fearROIs_bin_BN.csv
HC,FC025,2,renewal,59,60,16,4,sub-FC025_ses-2_task-renewal_fearROIs_bin_SN.csv,sub-FC025_ses-2_task-renewal_fearROIs_bin_BN.csv
HC,FC025,2,renewal,60,61,15,2,sub-FC025_ses-2_task-renewal_fearROIs_bin_SN.csv,sub-FC025_ses-2_task-renewal_fearROIs_bin_BN.csv
HC,FC025,2,renewal,61,62,32,4,sub-FC025_ses-2_task-renewal_fearROIs_bin_SN.csv,sub-FC025_ses-2_task-renewal_fearROIs_bin_BN.csv
HC,FC025,2,renewal,62,63,17,1,sub-FC025_ses-2_task-renewal_fearROIs_bin_SN.csv,sub-FC025_ses-2_task-renewal_fearROIs_bin_BN.csv
HC,FC025,2,renewal,63,64,30,4,sub-FC025_ses-2_task-renewal_fearROIs_bin_SN.csv,sub-FC025_ses-2_task-renewal_fearROIs_bin_BN.csv
HC,FC025,2,renewal,64,65,12,3,sub-FC025_ses-2_task-renewal_fearROIs_bin_SN.csv,sub-FC025_ses-2_task-renewal_fearROIs_bin_BN.csv
HC,FC025,2,renewal,65,66,24,4,sub-FC025_ses-2_task-renewal_fearROIs_bin_SN.csv,sub-FC025_ses-2_task-renewal_fearROIs_bin_BN.csv
HC,FC025,2,renewal,66,67,32,4,sub-FC025_ses-2_task-renewal_fearROIs_bin_SN.csv,sub-FC025_ses-2_task-renewal_fearROIs_bin_BN.csv
HC,FC025,2,renewal,67,68,32,4,sub-FC025_ses-2_task-renewal_fearROIs_bin_SN.csv,sub-FC025_ses-2_task-renewal_fearROIs_bin_BN.csv
HC,FC025,2,renewal,68,69,1,1,sub-FC025_ses-2_task-renewal_fearROIs_bin_SN.csv,sub-FC025_ses-2_task-renewal_fearROIs_bin_BN.csv
HC,FC025,2,renewal,69,70,1,1,sub-FC025_ses-2_task-renewal_fearROIs_bin_SN.csv,sub-FC025_ses-2_task-renewal_fearROIs_bin_BN.csv
HC,FC025,2,renewal,70,71,1,1,sub-FC025_ses-2_task-renewal_fearROIs_bin_SN.csv,sub-FC025_ses-2_task-renewal_fearROIs_bin_BN.csv
HC,FC025,2,renewal,71,72,13,2,sub-FC025_ses-2_task-renewal_fearROIs_bin_SN.csv,sub-FC025_ses-2_task-renewal_fearROIs_bin_BN.csv
HC,FC025,2,renewal,72,73,31,4,sub-FC025_ses-2_task-renewal_fearROIs_bin_SN.csv,sub-FC025_ses-2_task-renewal_fearROIs_bin_BN.csv
HC,FC025,2,renewal,73,74,24,4,sub-FC025_ses-2_task-renewal_fearROIs_bin_SN.csv,sub-FC025_ses-2_task-renewal_fearROIs_bin_BN.csv
HC,FC025,2,renewal,74,75,32,4,sub-FC025_ses-2_task-renewal_fearROIs_bin_SN.csv,sub-FC025_ses-2_task-renewal_fearROIs_bin_BN.csv
HC,FC025,2,renewal,75,76,30,4,sub-FC025_ses-2_task-renewal_fearROIs_bin_SN.csv,sub-FC025_ses-2_task-renewal_fearROIs_bin_BN.csv
HC,FC025,2,renewal,76,77,20,3,sub-FC025_ses-2_task-renewal_fearROIs_bin_SN.csv,sub-FC025_ses-2_task-renewal_fearROIs_bin_BN.csv
HC,FC025,2,renewal,77,78,18,3,sub-FC025_ses-2_task-renewal_fearROIs_bin_SN.csv,sub-FC025_ses-2_task-renewal_fearROIs_bin_BN.csv
HC,FC025,2,renewal,78,79,12,3,sub-FC025_ses-2_task-renewal_fearROIs_bin_SN.csv,sub-FC025_ses-2_task-renewal_fearROIs_bin_BN.csv
HC,FC025,2,renewal,79,80,1,1,sub-FC025_ses-2_task-renewal_fearROIs_bin_SN.csv,sub-FC025_ses-2_task-renewal_fearROIs_bin_BN.csv
HC,FC025,2,renewal,80,81,2,1,sub-FC025_ses-2_task-renewal_fearROIs_bin_SN.csv,sub-FC025_ses-2_task-renewal_fearROIs_bin_BN.csv
HC,FC025,2,renewal,81,82,8,3,sub-FC025_ses-2_task-renewal_fearROIs_bin_SN.csv,sub-FC025_ses-2_task-renewal_fearROIs_bin_BN.csv
HC,FC025,2,renewal,82,83,15,2,sub-FC025_ses-2_task-renewal_fearROIs_bin_SN.csv,sub-FC025_ses-2_task-renewal_fearROIs_bin_BN.csv
HC,FC025,2,renewal,83,84,9,1,sub-FC025_ses-2_task-renewal_fearROIs_bin_SN.csv,sub-FC025_ses-2_task-renewal_fearROIs_bin_BN.csv
HC,FC025,2,renewal,84,85,9,1,sub-FC025_ses-2_task-renewal_fearROIs_bin_SN.csv,sub-FC025_ses-2_task-renewal_fearROIs_bin_BN.csv
HC,FC025,2,renewal,85,86,1,1,sub-FC025_ses-2_task-renewal_fearROIs_bin_SN.csv,sub-FC025_ses-2_task-renewal_fearROIs_bin_BN.csv
HC,FC025,2,renewal,86,87,1,1,sub-FC025_ses-2_task-renewal_fearROIs_bin_SN.csv,sub-FC025_ses-2_task-renewal_fearROIs_bin_BN.csv
HC,FC025,2,renewal,87,88,16,4,sub-FC025_ses-2_task-renewal_fearROIs_bin_SN.csv,sub-FC025_ses-2_task-renewal_fearROIs_bin_BN.csv
HC,FC025,2,renewal,88,89,29,2,sub-FC025_ses-2_task-renewal_fearROIs_bin_SN.csv,sub-FC025_ses-2_task-renewal_fearROIs_bin_BN.csv
HC,FC025,2,renewal,89,90,13,2,sub-FC025_ses-2_task-renewal_fearROIs_bin_SN.csv,sub-FC025_ses-2_task-renewal_fearROIs_bin_BN.csv
HC,FC025,2,renewal,90,91,25,1,sub-FC025_ses-2_task-renewal_fearROIs_bin_SN.csv,sub-FC025_ses-2_task-renewal_fearROIs_bin_BN.csv
HC,FC025,2,renewal,91,92,20,3,sub-FC025_ses-2_task-renewal_fearROIs_bin_SN.csv,sub-FC025_ses-2_task-renewal_fearROIs_bin_BN.csv
HC,FC025,2,renewal,92,93,17,1,sub-FC025_ses-2_task-renewal_fearROIs_bin_SN.csv,sub-FC025_ses-2_task-renewal_fearROIs_bin_BN.csv
HC,FC025,2,renewal,93,94,24,4,sub-FC025_ses-2_task-renewal_fearROIs_bin_SN.csv,sub-FC025_ses-2_task-renewal_fearROIs_bin_BN.csv
HC,FC025,2,renewal,94,95,22,4,sub-FC025_ses-2_task-renewal_fearROIs_bin_SN.csv,sub-FC025_ses-2_task-renewal_fearROIs_bin_BN.csv
HC,FC025,2,renewal,95,96,32,4,sub-FC025_ses-2_task-renewal_fearROIs_bin_SN.csv,sub-FC025_ses-2_task-renewal_fearROIs_bin_BN.csv
HC,FC025,2,renewal,96,97,1,1,sub-FC025_ses-2_task-renewal_fearROIs_bin_SN.csv,sub-FC025_ses-2_task-renewal_fearROIs_bin_BN.csv
HC,FC025,2,renewal,97,98,28,4,sub-FC025_ses-2_task-renewal_fearROIs_bin_SN.csv,sub-FC025_ses-2_task-renewal_fearROIs_bin_BN.csv
HC,FC025,2,renewal,98,99,20,3,sub-FC025_ses-2_task-renewal_fearROIs_bin_SN.csv,sub-FC025_ses-2_task-renewal_fearROIs_bin_BN.csv
HC,FC025,2,renewal,99,100,17,1,sub-FC025_ses-2_task-renewal_fearROIs_bin_SN.csv,sub-FC025_ses-2_task-renewal_fearROIs_bin_BN.csv
HC,FC025,2,renewal,100,101,26,4,sub-FC025_ses-2_task-renewal_fearROIs_bin_SN.csv,sub-FC025_ses-2_task-renewal_fearROIs_bin_BN.csv
HC,FC025,2,renewal,101,102,13,2,sub-FC025_ses-2_task-renewal_fearROIs_bin_SN.csv,sub-FC025_ses-2_task-renewal_fearROIs_bin_BN.csv
HC,FC025,2,renewal,102,103,13,2,sub-FC025_ses-2_task-renewal_fearROIs_bin_SN.csv,sub-FC025_ses-2_task-renewal_fearROIs_bin_BN.csv
HC,FC025,2,renewal,103,104,5,1,sub-FC025_ses-2_task-renewal_fearROIs_bin_SN.csv,sub-FC025_ses-2_task-renewal_fearROIs_bin_BN.csv
HC,FC025,2,renewal,104,105,8,3,sub-FC025_ses-2_task-renewal_fearROIs_bin_SN.csv,sub-FC025_ses-2_task-renewal_fearROIs_bin_BN.csv
HC,FC025,2,renewal,105,106,4,3,sub-FC025_ses-2_task-renewal_fearROIs_bin_SN.csv,sub-FC025_ses-2_task-renewal_fearROIs_bin_BN.csv
HC,FC025,2,renewal,106,107,31,4,sub-FC025_ses-2_task-renewal_fearROIs_bin_SN.csv,sub-FC025_ses-2_task-renewal_fearROIs_bin_BN.csv
HC,FC025,2,renewal,107,108,11,1,sub-FC025_ses-2_task-renewal_fearROIs_bin_SN.csv,sub-FC025_ses-2_task-renewal_fearROIs_bin_BN.csv
HC,FC026,2,renewal,0,1,32,4,sub-FC026_ses-2_task-renewal_fearROIs_bin_SN.csv,sub-FC026_ses-2_task-renewal_fearROIs_bin_BN.csv
HC,FC026,2,renewal,1,2,27,4,sub-FC026_ses-2_task-renewal_fearROIs_bin_SN.csv,sub-FC026_ses-2_task-renewal_fearROIs_bin_BN.csv
HC,FC026,2,renewal,2,3,28,4,sub-FC026_ses-2_task-renewal_fearROIs_bin_SN.csv,sub-FC026_ses-2_task-renewal_fearROIs_bin_BN.csv
HC,FC026,2,renewal,3,4,17,1,sub-FC026_ses-2_task-renewal_fearROIs_bin_SN.csv,sub-FC026_ses-2_task-renewal_fearROIs_bin_BN.csv
HC,FC026,2,renewal,4,5,20,3,sub-FC026_ses-2_task-renewal_fearROIs_bin_SN.csv,sub-FC026_ses-2_task-renewal_fearROIs_bin_BN.csv
HC,FC026,2,renewal,5,6,15,2,sub-FC026_ses-2_task-renewal_fearROIs_bin_SN.csv,sub-FC026_ses-2_task-renewal_fearROIs_bin_BN.csv
HC,FC026,2,renewal,6,7,30,4,sub-FC026_ses-2_task-renewal_fearROIs_bin_SN.csv,sub-FC026_ses-2_task-renewal_fearROIs_bin_BN.csv
HC,FC026,2,renewal,7,8,13,2,sub-FC026_ses-2_task-renewal_fearROIs_bin_SN.csv,sub-FC026_ses-2_task-renewal_fearROIs_bin_BN.csv
HC,FC026,2,renewal,8,9,2,1,sub-FC026_ses-2_task-renewal_fearROIs_bin_SN.csv,sub-FC026_ses-2_task-renewal_fearROIs_bin_BN.csv
HC,FC026,2,renewal,9,10,1,1,sub-FC026_ses-2_task-renewal_fearROIs_bin_SN.csv,sub-FC026_ses-2_task-renewal_fearROIs_bin_BN.csv
HC,FC026,2,renewal,10,11,2,1,sub-FC026_ses-2_task-renewal_fearROIs_bin_SN.csv,sub-FC026_ses-2_task-renewal_fearROIs_bin_BN.csv
HC,FC026,2,renewal,11,12,9,1,sub-FC026_ses-2_task-renewal_fearROIs_bin_SN.csv,sub-FC026_ses-2_task-renewal_fearROIs_bin_BN.csv
HC,FC026,2,renewal,12,13,29,2,sub-FC026_ses-2_task-renewal_fearROIs_bin_SN.csv,sub-FC026_ses-2_task-renewal_fearROIs_bin_BN.csv
HC,FC026,2,renewal,13,14,1,1,sub-FC026_ses-2_task-renewal_fearROIs_bin_SN.csv,sub-FC026_ses-2_task-renewal_fearROIs_bin_BN.csv
HC,FC026,2,renewal,14,15,18,3,sub-FC026_ses-2_task-renewal_fearROIs_bin_SN.csv,sub-FC026_ses-2_task-renewal_fearROIs_bin_BN.csv
HC,FC026,2,renewal,15,16,3,1,sub-FC026_ses-2_task-renewal_fearROIs_bin_SN.csv,sub-FC026_ses-2_task-renewal_fearROIs_bin_BN.csv
HC,FC026,2,renewal,16,17,4,3,sub-FC026_ses-2_task-renewal_fearROIs_bin_SN.csv,sub-FC026_ses-2_task-renewal_fearROIs_bin_BN.csv
HC,FC026,2,renewal,17,18,5,1,sub-FC026_ses-2_task-renewal_fearROIs_bin_SN.csv,sub-FC026_ses-2_task-renewal_fearROIs_bin_BN.csv
HC,FC026,2,renewal,18,19,22,4,sub-FC026_ses-2_task-renewal_fearROIs_bin_SN.csv,sub-FC026_ses-2_task-renewal_fearROIs_bin_BN.csv
HC,FC026,2,renewal,19,20,31,4,sub-FC026_ses-2_task-renewal_fearROIs_bin_SN.csv,sub-FC026_ses-2_task-renewal_fearROIs_bin_BN.csv
HC,FC026,2,renewal,20,21,31,4,sub-FC026_ses-2_task-renewal_fearROIs_bin_SN.csv,sub-FC026_ses-2_task-renewal_fearROIs_bin_BN.csv
HC,FC026,2,renewal,21,22,31,4,sub-FC026_ses-2_task-renewal_fearROIs_bin_SN.csv,sub-FC026_ses-2_task-renewal_fearROIs_bin_BN.csv
HC,FC026,2,renewal,22,23,31,4,sub-FC026_ses-2_task-renewal_fearROIs_bin_SN.csv,sub-FC026_ses-2_task-renewal_fearROIs_bin_BN.csv
HC,FC026,2,renewal,23,24,16,4,sub-FC026_ses-2_task-renewal_fearROIs_bin_SN.csv,sub-FC026_ses-2_task-renewal_fearROIs_bin_BN.csv
HC,FC026,2,renewal,24,25,32,4,sub-FC026_ses-2_task-renewal_fearROIs_bin_SN.csv,sub-FC026_ses-2_task-renewal_fearROIs_bin_BN.csv
HC,FC026,2,renewal,25,26,2,1,sub-FC026_ses-2_task-renewal_fearROIs_bin_SN.csv,sub-FC026_ses-2_task-renewal_fearROIs_bin_BN.csv
HC,FC026,2,renewal,26,27,1,1,sub-FC026_ses-2_task-renewal_fearROIs_bin_SN.csv,sub-FC026_ses-2_task-renewal_fearROIs_bin_BN.csv
HC,FC026,2,renewal,27,28,2,1,sub-FC026_ses-2_task-renewal_fearROIs_bin_SN.csv,sub-FC026_ses-2_task-renewal_fearROIs_bin_BN.csv
HC,FC026,2,renewal,28,29,9,1,sub-FC026_ses-2_task-renewal_fearROIs_bin_SN.csv,sub-FC026_ses-2_task-renewal_fearROIs_bin_BN.csv
HC,FC026,2,renewal,29,30,25,1,sub-FC026_ses-2_task-renewal_fearROIs_bin_SN.csv,sub-FC026_ses-2_task-renewal_fearROIs_bin_BN.csv
HC,FC026,2,renewal,30,31,13,2,sub-FC026_ses-2_task-renewal_fearROIs_bin_SN.csv,sub-FC026_ses-2_task-renewal_fearROIs_bin_BN.csv
HC,FC026,2,renewal,31,32,21,1,sub-FC026_ses-2_task-renewal_fearROIs_bin_SN.csv,sub-FC026_ses-2_task-renewal_fearROIs_bin_BN.csv
HC,FC026,2,renewal,32,33,6,1,sub-FC026_ses-2_task-renewal_fearROIs_bin_SN.csv,sub-FC026_ses-2_task-renewal_fearROIs_bin_BN.csv
HC,FC026,2,renewal,33,34,5,1,sub-FC026_ses-2_task-renewal_fearROIs_bin_SN.csv,sub-FC026_ses-2_task-renewal_fearROIs_bin_BN.csv
HC,FC026,2,renewal,34,35,14,2,sub-FC026_ses-2_task-renewal_fearROIs_bin_SN.csv,sub-FC026_ses-2_task-renewal_fearROIs_bin_BN.csv
HC,FC026,2,renewal,35,36,2,1,sub-FC026_ses-2_task-renewal_fearROIs_bin_SN.csv,sub-FC026_ses-2_task-renewal_fearROIs_bin_BN.csv
HC,FC026,2,renewal,36,37,20,3,sub-FC026_ses-2_task-renewal_fearROIs_bin_SN.csv,sub-FC026_ses-2_task-renewal_fearROIs_bin_BN.csv
HC,FC026,2,renewal,37,38,4,3,sub-FC026_ses-2_task-renewal_fearROIs_bin_SN.csv,sub-FC026_ses-2_task-renewal_fearROIs_bin_BN.csv
HC,FC026,2,renewal,38,39,23,4,sub-FC026_ses-2_task-renewal_fearROIs_bin_SN.csv,sub-FC026_ses-2_task-renewal_fearROIs_bin_BN.csv
HC,FC026,2,renewal,39,40,32,4,sub-FC026_ses-2_task-renewal_fearROIs_bin_SN.csv,sub-FC026_ses-2_task-renewal_fearROIs_bin_BN.csv
HC,FC026,2,renewal,40,41,32,4,sub-FC026_ses-2_task-renewal_fearROIs_bin_SN.csv,sub-FC026_ses-2_task-renewal_fearROIs_bin_BN.csv
HC,FC026,2,renewal,41,42,28,4,sub-FC026_ses-2_task-renewal_fearROIs_bin_SN.csv,sub-FC026_ses-2_task-renewal_fearROIs_bin_BN.csv
HC,FC026,2,renewal,42,43,30,4,sub-FC026_ses-2_task-renewal_fearROIs_bin_SN.csv,sub-FC026_ses-2_task-renewal_fearROIs_bin_BN.csv
HC,FC026,2,renewal,43,44,2,1,sub-FC026_ses-2_task-renewal_fearROIs_bin_SN.csv,sub-FC026_ses-2_task-renewal_fearROIs_bin_BN.csv
HC,FC026,2,renewal,44,45,4,3,sub-FC026_ses-2_task-renewal_fearROIs_bin_SN.csv,sub-FC026_ses-2_task-renewal_fearROIs_bin_BN.csv
HC,FC026,2,renewal,45,46,4,3,sub-FC026_ses-2_task-renewal_fearROIs_bin_SN.csv,sub-FC026_ses-2_task-renewal_fearROIs_bin_BN.csv
HC,FC026,2,renewal,46,47,27,4,sub-FC026_ses-2_task-renewal_fearROIs_bin_SN.csv,sub-FC026_ses-2_task-renewal_fearROIs_bin_BN.csv
HC,FC026,2,renewal,47,48,24,4,sub-FC026_ses-2_task-renewal_fearROIs_bin_SN.csv,sub-FC026_ses-2_task-renewal_fearROIs_bin_BN.csv
HC,FC026,2,renewal,48,49,29,2,sub-FC026_ses-2_task-renewal_fearROIs_bin_SN.csv,sub-FC026_ses-2_task-renewal_fearROIs_bin_BN.csv
HC,FC026,2,renewal,49,50,25,1,sub-FC026_ses-2_task-renewal_fearROIs_bin_SN.csv,sub-FC026_ses-2_task-renewal_fearROIs_bin_BN.csv
HC,FC026,2,renewal,50,51,9,1,sub-FC026_ses-2_task-renewal_fearROIs_bin_SN.csv,sub-FC026_ses-2_task-renewal_fearROIs_bin_BN.csv
HC,FC026,2,renewal,51,52,19,3,sub-FC026_ses-2_task-renewal_fearROIs_bin_SN.csv,sub-FC026_ses-2_task-renewal_fearROIs_bin_BN.csv
HC,FC026,2,renewal,52,53,15,2,sub-FC026_ses-2_task-renewal_fearROIs_bin_SN.csv,sub-FC026_ses-2_task-renewal_fearROIs_bin_BN.csv
HC,FC026,2,renewal,53,54,23,4,sub-FC026_ses-2_task-renewal_fearROIs_bin_SN.csv,sub-FC026_ses-2_task-renewal_fearROIs_bin_BN.csv
HC,FC026,2,renewal,54,55,24,4,sub-FC026_ses-2_task-renewal_fearROIs_bin_SN.csv,sub-FC026_ses-2_task-renewal_fearROIs_bin_BN.csv
HC,FC026,2,renewal,55,56,24,4,sub-FC026_ses-2_task-renewal_fearROIs_bin_SN.csv,sub-FC026_ses-2_task-renewal_fearROIs_bin_BN.csv
HC,FC026,2,renewal,56,57,14,2,sub-FC026_ses-2_task-renewal_fearROIs_bin_SN.csv,sub-FC026_ses-2_task-renewal_fearROIs_bin_BN.csv
HC,FC026,2,renewal,57,58,5,1,sub-FC026_ses-2_task-renewal_fearROIs_bin_SN.csv,sub-FC026_ses-2_task-renewal_fearROIs_bin_BN.csv
HC,FC026,2,renewal,58,59,6,1,sub-FC026_ses-2_task-renewal_fearROIs_bin_SN.csv,sub-FC026_ses-2_task-renewal_fearROIs_bin_BN.csv
HC,FC026,2,renewal,59,60,5,1,sub-FC026_ses-2_task-renewal_fearROIs_bin_SN.csv,sub-FC026_ses-2_task-renewal_fearROIs_bin_BN.csv
HC,FC026,2,renewal,60,61,1,1,sub-FC026_ses-2_task-renewal_fearROIs_bin_SN.csv,sub-FC026_ses-2_task-renewal_fearROIs_bin_BN.csv
HC,FC026,2,renewal,61,62,13,2,sub-FC026_ses-2_task-renewal_fearROIs_bin_SN.csv,sub-FC026_ses-2_task-renewal_fearROIs_bin_BN.csv
HC,FC026,2,renewal,62,63,6,1,sub-FC026_ses-2_task-renewal_fearROIs_bin_SN.csv,sub-FC026_ses-2_task-renewal_fearROIs_bin_BN.csv
HC,FC026,2,renewal,63,64,16,4,sub-FC026_ses-2_task-renewal_fearROIs_bin_SN.csv,sub-FC026_ses-2_task-renewal_fearROIs_bin_BN.csv
HC,FC026,2,renewal,64,65,5,1,sub-FC026_ses-2_task-renewal_fearROIs_bin_SN.csv,sub-FC026_ses-2_task-renewal_fearROIs_bin_BN.csv
HC,FC026,2,renewal,65,66,13,2,sub-FC026_ses-2_task-renewal_fearROIs_bin_SN.csv,sub-FC026_ses-2_task-renewal_fearROIs_bin_BN.csv
HC,FC026,2,renewal,66,67,5,1,sub-FC026_ses-2_task-renewal_fearROIs_bin_SN.csv,sub-FC026_ses-2_task-renewal_fearROIs_bin_BN.csv
HC,FC026,2,renewal,67,68,31,4,sub-FC026_ses-2_task-renewal_fearROIs_bin_SN.csv,sub-FC026_ses-2_task-renewal_fearROIs_bin_BN.csv
HC,FC026,2,renewal,68,69,16,4,sub-FC026_ses-2_task-renewal_fearROIs_bin_SN.csv,sub-FC026_ses-2_task-renewal_fearROIs_bin_BN.csv
HC,FC026,2,renewal,69,70,11,1,sub-FC026_ses-2_task-renewal_fearROIs_bin_SN.csv,sub-FC026_ses-2_task-renewal_fearROIs_bin_BN.csv
HC,FC026,2,renewal,70,71,3,1,sub-FC026_ses-2_task-renewal_fearROIs_bin_SN.csv,sub-FC026_ses-2_task-renewal_fearROIs_bin_BN.csv
HC,FC026,2,renewal,71,72,17,1,sub-FC026_ses-2_task-renewal_fearROIs_bin_SN.csv,sub-FC026_ses-2_task-renewal_fearROIs_bin_BN.csv
HC,FC026,2,renewal,72,73,20,3,sub-FC026_ses-2_task-renewal_fearROIs_bin_SN.csv,sub-FC026_ses-2_task-renewal_fearROIs_bin_BN.csv
HC,FC026,2,renewal,73,74,31,4,sub-FC026_ses-2_task-renewal_fearROIs_bin_SN.csv,sub-FC026_ses-2_task-renewal_fearROIs_bin_BN.csv
HC,FC026,2,renewal,74,75,24,4,sub-FC026_ses-2_task-renewal_fearROIs_bin_SN.csv,sub-FC026_ses-2_task-renewal_fearROIs_bin_BN.csv
HC,FC026,2,renewal,75,76,20,3,sub-FC026_ses-2_task-renewal_fearROIs_bin_SN.csv,sub-FC026_ses-2_task-renewal_fearROIs_bin_BN.csv
HC,FC026,2,renewal,76,77,20,3,sub-FC026_ses-2_task-renewal_fearROIs_bin_SN.csv,sub-FC026_ses-2_task-renewal_fearROIs_bin_BN.csv
HC,FC026,2,renewal,77,78,26,4,sub-FC026_ses-2_task-renewal_fearROIs_bin_SN.csv,sub-FC026_ses-2_task-renewal_fearROIs_bin_BN.csv
HC,FC026,2,renewal,78,79,26,4,sub-FC026_ses-2_task-renewal_fearROIs_bin_SN.csv,sub-FC026_ses-2_task-renewal_fearROIs_bin_BN.csv
HC,FC026,2,renewal,79,80,12,3,sub-FC026_ses-2_task-renewal_fearROIs_bin_SN.csv,sub-FC026_ses-2_task-renewal_fearROIs_bin_BN.csv
HC,FC026,2,renewal,80,81,29,2,sub-FC026_ses-2_task-renewal_fearROIs_bin_SN.csv,sub-FC026_ses-2_task-renewal_fearROIs_bin_BN.csv
HC,FC026,2,renewal,81,82,13,2,sub-FC026_ses-2_task-renewal_fearROIs_bin_SN.csv,sub-FC026_ses-2_task-renewal_fearROIs_bin_BN.csv
HC,FC026,2,renewal,82,83,17,1,sub-FC026_ses-2_task-renewal_fearROIs_bin_SN.csv,sub-FC026_ses-2_task-renewal_fearROIs_bin_BN.csv
HC,FC026,2,renewal,83,84,25,1,sub-FC026_ses-2_task-renewal_fearROIs_bin_SN.csv,sub-FC026_ses-2_task-renewal_fearROIs_bin_BN.csv
HC,FC026,2,renewal,84,85,32,4,sub-FC026_ses-2_task-renewal_fearROIs_bin_SN.csv,sub-FC026_ses-2_task-renewal_fearROIs_bin_BN.csv
HC,FC026,2,renewal,85,86,28,4,sub-FC026_ses-2_task-renewal_fearROIs_bin_SN.csv,sub-FC026_ses-2_task-renewal_fearROIs_bin_BN.csv
HC,FC026,2,renewal,86,87,17,1,sub-FC026_ses-2_task-renewal_fearROIs_bin_SN.csv,sub-FC026_ses-2_task-renewal_fearROIs_bin_BN.csv
HC,FC026,2,renewal,87,88,2,1,sub-FC026_ses-2_task-renewal_fearROIs_bin_SN.csv,sub-FC026_ses-2_task-renewal_fearROIs_bin_BN.csv
HC,FC026,2,renewal,88,89,1,1,sub-FC026_ses-2_task-renewal_fearROIs_bin_SN.csv,sub-FC026_ses-2_task-renewal_fearROIs_bin_BN.csv
HC,FC026,2,renewal,89,90,28,4,sub-FC026_ses-2_task-renewal_fearROIs_bin_SN.csv,sub-FC026_ses-2_task-renewal_fearROIs_bin_BN.csv
HC,FC026,2,renewal,90,91,28,4,sub-FC026_ses-2_task-renewal_fearROIs_bin_SN.csv,sub-FC026_ses-2_task-renewal_fearROIs_bin_BN.csv
HC,FC026,2,renewal,91,92,4,3,sub-FC026_ses-2_task-renewal_fearROIs_bin_SN.csv,sub-FC026_ses-2_task-renewal_fearROIs_bin_BN.csv
HC,FC026,2,renewal,92,93,20,3,sub-FC026_ses-2_task-renewal_fearROIs_bin_SN.csv,sub-FC026_ses-2_task-renewal_fearROIs_bin_BN.csv
HC,FC026,2,renewal,93,94,14,2,sub-FC026_ses-2_task-renewal_fearROIs_bin_SN.csv,sub-FC026_ses-2_task-renewal_fearROIs_bin_BN.csv
HC,FC026,2,renewal,94,95,31,4,sub-FC026_ses-2_task-renewal_fearROIs_bin_SN.csv,sub-FC026_ses-2_task-renewal_fearROIs_bin_BN.csv
HC,FC026,2,renewal,95,96,4,3,sub-FC026_ses-2_task-renewal_fearROIs_bin_SN.csv,sub-FC026_ses-2_task-renewal_fearROIs_bin_BN.csv
HC,FC026,2,renewal,96,97,1,1,sub-FC026_ses-2_task-renewal_fearROIs_bin_SN.csv,sub-FC026_ses-2_task-renewal_fearROIs_bin_BN.csv
HC,FC026,2,renewal,97,98,8,3,sub-FC026_ses-2_task-renewal_fearROIs_bin_SN.csv,sub-FC026_ses-2_task-renewal_fearROIs_bin_BN.csv
HC,FC026,2,renewal,98,99,31,4,sub-FC026_ses-2_task-renewal_fearROIs_bin_SN.csv,sub-FC026_ses-2_task-renewal_fearROIs_bin_BN.csv
HC,FC026,2,renewal,99,100,8,3,sub-FC026_ses-2_task-renewal_fearROIs_bin_SN.csv,sub-FC026_ses-2_task-renewal_fearROIs_bin_BN.csv
HC,FC026,2,renewal,100,101,13,2,sub-FC026_ses-2_task-renewal_fearROIs_bin_SN.csv,sub-FC026_ses-2_task-renewal_fearROIs_bin_BN.csv
HC,FC026,2,renewal,101,102,31,4,sub-FC026_ses-2_task-renewal_fearROIs_bin_SN.csv,sub-FC026_ses-2_task-renewal_fearROIs_bin_BN.csv
HC,FC026,2,renewal,102,103,27,4,sub-FC026_ses-2_task-renewal_fearROIs_bin_SN.csv,sub-FC026_ses-2_task-renewal_fearROIs_bin_BN.csv
HC,FC026,2,renewal,103,104,2,1,sub-FC026_ses-2_task-renewal_fearROIs_bin_SN.csv,sub-FC026_ses-2_task-renewal_fearROIs_bin_BN.csv
HC,FC026,2,renewal,104,105,1,1,sub-FC026_ses-2_task-renewal_fearROIs_bin_SN.csv,sub-FC026_ses-2_task-renewal_fearROIs_bin_BN.csv
HC,FC026,2,renewal,105,106,14,2,sub-FC026_ses-2_task-renewal_fearROIs_bin_SN.csv,sub-FC026_ses-2_task-renewal_fearROIs_bin_BN.csv
HC,FC026,2,renewal,106,107,13,2,sub-FC026_ses-2_task-renewal_fearROIs_bin_SN.csv,sub-FC026_ses-2_task-renewal_fearROIs_bin_BN.csv
HC,FC026,2,renewal,107,108,25,1,sub-FC026_ses-2_task-renewal_fearROIs_bin_SN.csv,sub-FC026_ses-2_task-renewal_fearROIs_bin_BN.csv
HC,FC026,2,renewal,108,109,6,1,sub-FC026_ses-2_task-renewal_fearROIs_bin_SN.csv,sub-FC026_ses-2_task-renewal_fearROIs_bin_BN.csv
HC,FC026,2,renewal,109,110,20,3,sub-FC026_ses-2_task-renewal_fearROIs_bin_SN.csv,sub-FC026_ses-2_task-renewal_fearROIs_bin_BN.csv
HC,FC026,2,renewal,110,111,16,4,sub-FC026_ses-2_task-renewal_fearROIs_bin_SN.csv,sub-FC026_ses-2_task-renewal_fearROIs_bin_BN.csv
HC,FC026,2,renewal,111,112,31,4,sub-FC026_ses-2_task-renewal_fearROIs_bin_SN.csv,sub-FC026_ses-2_task-renewal_fearROIs_bin_BN.csv
HC,FC026,2,renewal,112,113,17,1,sub-FC026_ses-2_task-renewal_fearROIs_bin_SN.csv,sub-FC026_ses-2_task-renewal_fearROIs_bin_BN.csv
HC,FC026,2,renewal,113,114,25,1,sub-FC026_ses-2_task-renewal_fearROIs_bin_SN.csv,sub-FC026_ses-2_task-renewal_fearROIs_bin_BN.csv
HC,FC026,2,renewal,114,115,13,2,sub-FC026_ses-2_task-renewal_fearROIs_bin_SN.csv,sub-FC026_ses-2_task-renewal_fearROIs_bin_BN.csv
HC,FC026,2,renewal,115,116,1,1,sub-FC026_ses-2_task-renewal_fearROIs_bin_SN.csv,sub-FC026_ses-2_task-renewal_fearROIs_bin_BN.csv
HC,FC026,2,renewal,116,117,5,1,sub-FC026_ses-2_task-renewal_fearROIs_bin_SN.csv,sub-FC026_ses-2_task-renewal_fearROIs_bin_BN.csv
HC,FC026,2,renewal,117,118,4,3,sub-FC026_ses-2_task-renewal_fearROIs_bin_SN.csv,sub-FC026_ses-2_task-renewal_fearROIs_bin_BN.csv
HC,FC026,2,renewal,118,119,1,1,sub-FC026_ses-2_task-renewal_fearROIs_bin_SN.csv,sub-FC026_ses-2_task-renewal_fearROIs_bin_BN.csv
HC,FC026,2,renewal,119,120,4,3,sub-FC026_ses-2_task-renewal_fearROIs_bin_SN.csv,sub-FC026_ses-2_task-renewal_fearROIs_bin_BN.csv
HC,FC026,2,renewal,120,121,32,4,sub-FC026_ses-2_task-renewal_fearROIs_bin_SN.csv,sub-FC026_ses-2_task-renewal_fearROIs_bin_BN.csv
HC,FC026,2,renewal,121,122,16,4,sub-FC026_ses-2_task-renewal_fearROIs_bin_SN.csv,sub-FC026_ses-2_task-renewal_fearROIs_bin_BN.csv
HC,FC026,2,renewal,122,123,31,4,sub-FC026_ses-2_task-renewal_fearROIs_bin_SN.csv,sub-FC026_ses-2_task-renewal_fearROIs_bin_BN.csv
HC,FC026,2,renewal,123,124,22,4,sub-FC026_ses-2_task-renewal_fearROIs_bin_SN.csv,sub-FC026_ses-2_task-renewal_fearROIs_bin_BN.csv
HC,FC026,2,renewal,124,125,28,4,sub-FC026_ses-2_task-renewal_fearROIs_bin_SN.csv,sub-FC026_ses-2_task-renewal_fearROIs_bin_BN.csv
HC,FC026,2,renewal,125,126,32,4,sub-FC026_ses-2_task-renewal_fearROIs_bin_SN.csv,sub-FC026_ses-2_task-renewal_fearROIs_bin_BN.csv
HC,FC026,2,renewal,126,127,7,1,sub-FC026_ses-2_task-renewal_fearROIs_bin_SN.csv,sub-FC026_ses-2_task-renewal_fearROIs_bin_BN.csv
HC,FC026,2,renewal,127,128,20,3,sub-FC026_ses-2_task-renewal_fearROIs_bin_SN.csv,sub-FC026_ses-2_task-renewal_fearROIs_bin_BN.csv
HC,FC026,2,renewal,128,129,26,4,sub-FC026_ses-2_task-renewal_fearROIs_bin_SN.csv,sub-FC026_ses-2_task-renewal_fearROIs_bin_BN.csv
HC,FC026,2,renewal,129,130,17,1,sub-FC026_ses-2_task-renewal_fearROIs_bin_SN.csv,sub-FC026_ses-2_task-renewal_fearROIs_bin_BN.csv
HC,FC026,2,renewal,130,131,9,1,sub-FC026_ses-2_task-renewal_fearROIs_bin_SN.csv,sub-FC026_ses-2_task-renewal_fearROIs_bin_BN.csv
HC,FC026,2,renewal,131,132,19,3,sub-FC026_ses-2_task-renewal_fearROIs_bin_SN.csv,sub-FC026_ses-2_task-renewal_fearROIs_bin_BN.csv
HC,FC026,2,renewal,132,133,16,4,sub-FC026_ses-2_task-renewal_fearROIs_bin_SN.csv,sub-FC026_ses-2_task-renewal_fearROIs_bin_BN.csv
HC,FC026,2,renewal,133,134,32,4,sub-FC026_ses-2_task-renewal_fearROIs_bin_SN.csv,sub-FC026_ses-2_task-renewal_fearROIs_bin_BN.csv
PTSD,FC101,2,renewal,0,1,22,4,sub-FC101_ses-2_task-renewal_fearROIs_bin_SN.csv,sub-FC101_ses-2_task-renewal_fearROIs_bin_BN.csv
PTSD,FC101,2,renewal,1,2,28,4,sub-FC101_ses-2_task-renewal_fearROIs_bin_SN.csv,sub-FC101_ses-2_task-renewal_fearROIs_bin_BN.csv
PTSD,FC101,2,renewal,2,3,32,4,sub-FC101_ses-2_task-renewal_fearROIs_bin_SN.csv,sub-FC101_ses-2_task-renewal_fearROIs_bin_BN.csv
PTSD,FC101,2,renewal,3,4,28,4,sub-FC101_ses-2_task-renewal_fearROIs_bin_SN.csv,sub-FC101_ses-2_task-renewal_fearROIs_bin_BN.csv
PTSD,FC101,2,renewal,4,5,20,3,sub-FC101_ses-2_task-renewal_fearROIs_bin_SN.csv,sub-FC101_ses-2_task-renewal_fearROIs_bin_BN.csv
PTSD,FC101,2,renewal,5,6,17,1,sub-FC101_ses-2_task-renewal_fearROIs_bin_SN.csv,sub-FC101_ses-2_task-renewal_fearROIs_bin_BN.csv
PTSD,FC101,2,renewal,6,7,31,4,sub-FC101_ses-2_task-renewal_fearROIs_bin_SN.csv,sub-FC101_ses-2_task-renewal_fearROIs_bin_BN.csv
PTSD,FC101,2,renewal,7,8,30,4,sub-FC101_ses-2_task-renewal_fearROIs_bin_SN.csv,sub-FC101_ses-2_task-renewal_fearROIs_bin_BN.csv
PTSD,FC101,2,renewal,8,9,13,2,sub-FC101_ses-2_task-renewal_fearROIs_bin_SN.csv,sub-FC101_ses-2_task-renewal_fearROIs_bin_BN.csv
PTSD,FC101,2,renewal,9,10,4,3,sub-FC101_ses-2_task-renewal_fearROIs_bin_SN.csv,sub-FC101_ses-2_task-renewal_fearROIs_bin_BN.csv
PTSD,FC101,2,renewal,10,11,11,1,sub-FC101_ses-2_task-renewal_fearROIs_bin_SN.csv,sub-FC101_ses-2_task-renewal_fearROIs_bin_BN.csv
PTSD,FC101,2,renewal,11,12,3,1,sub-FC101_ses-2_task-renewal_fearROIs_bin_SN.csv,sub-FC101_ses-2_task-renewal_fearROIs_bin_BN.csv
PTSD,FC101,2,renewal,12,13,1,1,sub-FC101_ses-2_task-renewal_fearROIs_bin_SN.csv,sub-FC101_ses-2_task-renewal_fearROIs_bin_BN.csv
PTSD,FC101,2,renewal,13,14,7,1,sub-FC101_ses-2_task-renewal_fearROIs_bin_SN.csv,sub-FC101_ses-2_task-renewal_fearROIs_bin_BN.csv
PTSD,FC101,2,renewal,14,15,14,2,sub-FC101_ses-2_task-renewal_fearROIs_bin_SN.csv,sub-FC101_ses-2_task-renewal_fearROIs_bin_BN.csv
PTSD,FC101,2,renewal,15,16,2,1,sub-FC101_ses-2_task-renewal_fearROIs_bin_SN.csv,sub-FC101_ses-2_task-renewal_fearROIs_bin_BN.csv
PTSD,FC101,2,renewal,16,17,6,1,sub-FC101_ses-2_task-renewal_fearROIs_bin_SN.csv,sub-FC101_ses-2_task-renewal_fearROIs_bin_BN.csv
PTSD,FC101,2,renewal,17,18,13,2,sub-FC101_ses-2_task-renewal_fearROIs_bin_SN.csv,sub-FC101_ses-2_task-renewal_fearROIs_bin_BN.csv
PTSD,FC101,2,renewal,18,19,13,2,sub-FC101_ses-2_task-renewal_fearROIs_bin_SN.csv,sub-FC101_ses-2_task-renewal_fearROIs_bin_BN.csv
PTSD,FC101,2,renewal,19,20,13,2,sub-FC101_ses-2_task-renewal_fearROIs_bin_SN.csv,sub-FC101_ses-2_task-renewal_fearROIs_bin_BN.csv
PTSD,FC101,2,renewal,20,21,17,1,sub-FC101_ses-2_task-renewal_fearROIs_bin_SN.csv,sub-FC101_ses-2_task-renewal_fearROIs_bin_BN.csv
PTSD,FC101,2,renewal,21,22,17,1,sub-FC101_ses-2_task-renewal_fearROIs_bin_SN.csv,sub-FC101_ses-2_task-renewal_fearROIs_bin_BN.csv
PTSD,FC101,2,renewal,22,23,1,1,sub-FC101_ses-2_task-renewal_fearROIs_bin_SN.csv,sub-FC101_ses-2_task-renewal_fearROIs_bin_BN.csv
PTSD,FC101,2,renewal,23,24,17,1,sub-FC101_ses-2_task-renewal_fearROIs_bin_SN.csv,sub-FC101_ses-2_task-renewal_fearROIs_bin_BN.csv
PTSD,FC101,2,renewal,24,25,18,3,sub-FC101_ses-2_task-renewal_fearROIs_bin_SN.csv,sub-FC101_ses-2_task-renewal_fearROIs_bin_BN.csv
PTSD,FC101,2,renewal,25,26,9,1,sub-FC101_ses-2_task-renewal_fearROIs_bin_SN.csv,sub-FC101_ses-2_task-renewal_fearROIs_bin_BN.csv
PTSD,FC101,2,renewal,26,27,32,4,sub-FC101_ses-2_task-renewal_fearROIs_bin_SN.csv,sub-FC101_ses-2_task-renewal_fearROIs_bin_BN.csv
PTSD,FC101,2,renewal,27,28,30,4,sub-FC101_ses-2_task-renewal_fearROIs_bin_SN.csv,sub-FC101_ses-2_task-renewal_fearROIs_bin_BN.csv
PTSD,FC101,2,renewal,28,29,10,1,sub-FC101_ses-2_task-renewal_fearROIs_bin_SN.csv,sub-FC101_ses-2_task-renewal_fearROIs_bin_BN.csv
PTSD,FC101,2,renewal,29,30,3,1,sub-FC101_ses-2_task-renewal_fearROIs_bin_SN.csv,sub-FC101_ses-2_task-renewal_fearROIs_bin_BN.csv
PTSD,FC101,2,renewal,30,31,15,2,sub-FC101_ses-2_task-renewal_fearROIs_bin_SN.csv,sub-FC101_ses-2_task-renewal_fearROIs_bin_BN.csv
PTSD,FC101,2,renewal,31,32,4,3,sub-FC101_ses-2_task-renewal_fearROIs_bin_SN.csv,sub-FC101_ses-2_task-renewal_fearROIs_bin_BN.csv
PTSD,FC101,2,renewal,32,33,31,4,sub-FC101_ses-2_task-renewal_fearROIs_bin_SN.csv,sub-FC101_ses-2_task-renewal_fearROIs_bin_BN.csv
PTSD,FC101,2,renewal,33,34,32,4,sub-FC101_ses-2_task-renewal_fearROIs_bin_SN.csv,sub-FC101_ses-2_task-renewal_fearROIs_bin_BN.csv
PTSD,FC101,2,renewal,34,35,18,3,sub-FC101_ses-2_task-renewal_fearROIs_bin_SN.csv,sub-FC101_ses-2_task-renewal_fearROIs_bin_BN.csv
PTSD,FC101,2,renewal,35,36,8,3,sub-FC101_ses-2_task-renewal_fearROIs_bin_SN.csv,sub-FC101_ses-2_task-renewal_fearROIs_bin_BN.csv
PTSD,FC101,2,renewal,36,37,14,2,sub-FC101_ses-2_task-renewal_fearROIs_bin_SN.csv,sub-FC101_ses-2_task-renewal_fearROIs_bin_BN.csv
PTSD,FC101,2,renewal,37,38,1,1,sub-FC101_ses-2_task-renewal_fearROIs_bin_SN.csv,sub-FC101_ses-2_task-renewal_fearROIs_bin_BN.csv
PTSD,FC101,2,renewal,38,39,30,4,sub-FC101_ses-2_task-renewal_fearROIs_bin_SN.csv,sub-FC101_ses-2_task-renewal_fearROIs_bin_BN.csv
PTSD,FC101,2,renewal,39,40,8,3,sub-FC101_ses-2_task-renewal_fearROIs_bin_SN.csv,sub-FC101_ses-2_task-renewal_fearROIs_bin_BN.csv
PTSD,FC101,2,renewal,40,41,14,2,sub-FC101_ses-2_task-renewal_fearROIs_bin_SN.csv,sub-FC101_ses-2_task-renewal_fearROIs_bin_BN.csv
PTSD,FC101,2,renewal,41,42,3,1,sub-FC101_ses-2_task-renewal_fearROIs_bin_SN.csv,sub-FC101_ses-2_task-renewal_fearROIs_bin_BN.csv
PTSD,FC101,2,renewal,42,43,15,2,sub-FC101_ses-2_task-renewal_fearROIs_bin_SN.csv,sub-FC101_ses-2_task-renewal_fearROIs_bin_BN.csv
PTSD,FC101,2,renewal,43,44,21,1,sub-FC101_ses-2_task-renewal_fearROIs_bin_SN.csv,sub-FC101_ses-2_task-renewal_fearROIs_bin_BN.csv
PTSD,FC101,2,renewal,44,45,32,4,sub-FC101_ses-2_task-renewal_fearROIs_bin_SN.csv,sub-FC101_ses-2_task-renewal_fearROIs_bin_BN.csv
PTSD,FC101,2,renewal,45,46,18,3,sub-FC101_ses-2_task-renewal_fearROIs_bin_SN.csv,sub-FC101_ses-2_task-renewal_fearROIs_bin_BN.csv
PTSD,FC101,2,renewal,46,47,4,3,sub-FC101_ses-2_task-renewal_fearROIs_bin_SN.csv,sub-FC101_ses-2_task-renewal_fearROIs_bin_BN.csv
PTSD,FC101,2,renewal,47,48,17,1,sub-FC101_ses-2_task-renewal_fearROIs_bin_SN.csv,sub-FC101_ses-2_task-renewal_fearROIs_bin_BN.csv
PTSD,FC101,2,renewal,48,49,11,1,sub-FC101_ses-2_task-renewal_fearROIs_bin_SN.csv,sub-FC101_ses-2_task-renewal_fearROIs_bin_BN.csv
PTSD,FC101,2,renewal,49,50,13,2,sub-FC101_ses-2_task-renewal_fearROIs_bin_SN.csv,sub-FC101_ses-2_task-renewal_fearROIs_bin_BN.csv
PTSD,FC101,2,renewal,50,51,1,1,sub-FC101_ses-2_task-renewal_fearROIs_bin_SN.csv,sub-FC101_ses-2_task-renewal_fearROIs_bin_BN.csv
PTSD,FC101,2,renewal,51,52,4,3,sub-FC101_ses-2_task-renewal_fearROIs_bin_SN.csv,sub-FC101_ses-2_task-renewal_fearROIs_bin_BN.csv
PTSD,FC101,2,renewal,52,53,1,1,sub-FC101_ses-2_task-renewal_fearROIs_bin_SN.csv,sub-FC101_ses-2_task-renewal_fearROIs_bin_BN.csv
PTSD,FC101,2,renewal,53,54,1,1,sub-FC101_ses-2_task-renewal_fearROIs_bin_SN.csv,sub-FC101_ses-2_task-renewal_fearROIs_bin_BN.csv
PTSD,FC101,2,renewal,54,55,19,3,sub-FC101_ses-2_task-renewal_fearROIs_bin_SN.csv,sub-FC101_ses-2_task-renewal_fearROIs_bin_BN.csv
PTSD,FC101,2,renewal,55,56,18,3,sub-FC101_ses-2_task-renewal_fearROIs_bin_SN.csv,sub-FC101_ses-2_task-renewal_fearROIs_bin_BN.csv
PTSD,FC101,2,renewal,56,57,5,1,sub-FC101_ses-2_task-renewal_fearROIs_bin_SN.csv,sub-FC101_ses-2_task-renewal_fearROIs_bin_BN.csv
PTSD,FC101,2,renewal,57,58,25,1,sub-FC101_ses-2_task-renewal_fearROIs_bin_SN.csv,sub-FC101_ses-2_task-renewal_fearROIs_bin_BN.csv
PTSD,FC101,2,renewal,58,59,13,2,sub-FC101_ses-2_task-renewal_fearROIs_bin_SN.csv,sub-FC101_ses-2_task-renewal_fearROIs_bin_BN.csv
PTSD,FC101,2,renewal,59,60,25,1,sub-FC101_ses-2_task-renewal_fearROIs_bin_SN.csv,sub-FC101_ses-2_task-renewal_fearROIs_bin_BN.csv
PTSD,FC101,2,renewal,60,61,30,4,sub-FC101_ses-2_task-renewal_fearROIs_bin_SN.csv,sub-FC101_ses-2_task-renewal_fearROIs_bin_BN.csv
PTSD,FC101,2,renewal,61,62,19,3,sub-FC101_ses-2_task-renewal_fearROIs_bin_SN.csv,sub-FC101_ses-2_task-renewal_fearROIs_bin_BN.csv
PTSD,FC101,2,renewal,62,63,32,4,sub-FC101_ses-2_task-renewal_fearROIs_bin_SN.csv,sub-FC101_ses-2_task-renewal_fearROIs_bin_BN.csv
PTSD,FC101,2,renewal,63,64,17,1,sub-FC101_ses-2_task-renewal_fearROIs_bin_SN.csv,sub-FC101_ses-2_task-renewal_fearROIs_bin_BN.csv
PTSD,FC101,2,renewal,64,65,23,4,sub-FC101_ses-2_task-renewal_fearROIs_bin_SN.csv,sub-FC101_ses-2_task-renewal_fearROIs_bin_BN.csv
PTSD,FC101,2,renewal,65,66,31,4,sub-FC101_ses-2_task-renewal_fearROIs_bin_SN.csv,sub-FC101_ses-2_task-renewal_fearROIs_bin_BN.csv
PTSD,FC101,2,renewal,66,67,20,3,sub-FC101_ses-2_task-renewal_fearROIs_bin_SN.csv,sub-FC101_ses-2_task-renewal_fearROIs_bin_BN.csv
PTSD,FC101,2,renewal,67,68,32,4,sub-FC101_ses-2_task-renewal_fearROIs_bin_SN.csv,sub-FC101_ses-2_task-renewal_fearROIs_bin_BN.csv
PTSD,FC101,2,renewal,68,69,32,4,sub-FC101_ses-2_task-renewal_fearROIs_bin_SN.csv,sub-FC101_ses-2_task-renewal_fearROIs_bin_BN.csv
PTSD,FC101,2,renewal,69,70,32,4,sub-FC101_ses-2_task-renewal_fearROIs_bin_SN.csv,sub-FC101_ses-2_task-renewal_fearROIs_bin_BN.csv
PTSD,FC101,2,renewal,70,71,29,2,sub-FC101_ses-2_task-renewal_fearROIs_bin_SN.csv,sub-FC101_ses-2_task-renewal_fearROIs_bin_BN.csv
PTSD,FC101,2,renewal,71,72,16,4,sub-FC101_ses-2_task-renewal_fearROIs_bin_SN.csv,sub-FC101_ses-2_task-renewal_fearROIs_bin_BN.csv
PTSD,FC101,2,renewal,72,73,32,4,sub-FC101_ses-2_task-renewal_fearROIs_bin_SN.csv,sub-FC101_ses-2_task-renewal_fearROIs_bin_BN.csv
PTSD,FC101,2,renewal,73,74,4,3,sub-FC101_ses-2_task-renewal_fearROIs_bin_SN.csv,sub-FC101_ses-2_task-renewal_fearROIs_bin_BN.csv
PTSD,FC101,2,renewal,74,75,28,4,sub-FC101_ses-2_task-renewal_fearROIs_bin_SN.csv,sub-FC101_ses-2_task-renewal_fearROIs_bin_BN.csv
PTSD,FC101,2,renewal,75,76,17,1,sub-FC101_ses-2_task-renewal_fearROIs_bin_SN.csv,sub-FC101_ses-2_task-renewal_fearROIs_bin_BN.csv
PTSD,FC101,2,renewal,76,77,32,4,sub-FC101_ses-2_task-renewal_fearROIs_bin_SN.csv,sub-FC101_ses-2_task-renewal_fearROIs_bin_BN.csv
PTSD,FC101,2,renewal,77,78,11,1,sub-FC101_ses-2_task-renewal_fearROIs_bin_SN.csv,sub-FC101_ses-2_task-renewal_fearROIs_bin_BN.csv
PTSD,FC101,2,renewal,78,79,20,3,sub-FC101_ses-2_task-renewal_fearROIs_bin_SN.csv,sub-FC101_ses-2_task-renewal_fearROIs_bin_BN.csv
PTSD,FC101,2,renewal,79,80,32,4,sub-FC101_ses-2_task-renewal_fearROIs_bin_SN.csv,sub-FC101_ses-2_task-renewal_fearROIs_bin_BN.csv
PTSD,FC101,2,renewal,80,81,16,4,sub-FC101_ses-2_task-renewal_fearROIs_bin_SN.csv,sub-FC101_ses-2_task-renewal_fearROIs_bin_BN.csv
PTSD,FC101,2,renewal,81,82,1,1,sub-FC101_ses-2_task-renewal_fearROIs_bin_SN.csv,sub-FC101_ses-2_task-renewal_fearROIs_bin_BN.csv
PTSD,FC101,2,renewal,82,83,24,4,sub-FC101_ses-2_task-renewal_fearROIs_bin_SN.csv,sub-FC101_ses-2_task-renewal_fearROIs_bin_BN.csv
PTSD,FC101,2,renewal,83,84,19,3,sub-FC101_ses-2_task-renewal_fearROIs_bin_SN.csv,sub-FC101_ses-2_task-renewal_fearROIs_bin_BN.csv
PTSD,FC101,2,renewal,84,85,19,3,sub-FC101_ses-2_task-renewal_fearROIs_bin_SN.csv,sub-FC101_ses-2_task-renewal_fearROIs_bin_BN.csv
PTSD,FC101,2,renewal,85,86,14,2,sub-FC101_ses-2_task-renewal_fearROIs_bin_SN.csv,sub-FC101_ses-2_task-renewal_fearROIs_bin_BN.csv
PTSD,FC101,2,renewal,86,87,13,2,sub-FC101_ses-2_task-renewal_fearROIs_bin_SN.csv,sub-FC101_ses-2_task-renewal_fearROIs_bin_BN.csv
PTSD,FC101,2,renewal,87,88,10,1,sub-FC101_ses-2_task-renewal_fearROIs_bin_SN.csv,sub-FC101_ses-2_task-renewal_fearROIs_bin_BN.csv
PTSD,FC101,2,renewal,88,89,1,1,sub-FC101_ses-2_task-renewal_fearROIs_bin_SN.csv,sub-FC101_ses-2_task-renewal_fearROIs_bin_BN.csv
PTSD,FC101,2,renewal,89,90,1,1,sub-FC101_ses-2_task-renewal_fearROIs_bin_SN.csv,sub-FC101_ses-2_task-renewal_fearROIs_bin_BN.csv
PTSD,FC101,2,renewal,90,91,13,2,sub-FC101_ses-2_task-renewal_fearROIs_bin_SN.csv,sub-FC101_ses-2_task-renewal_fearROIs_bin_BN.csv
PTSD,FC101,2,renewal,91,92,19,3,sub-FC101_ses-2_task-renewal_fearROIs_bin_SN.csv,sub-FC101_ses-2_task-renewal_fearROIs_bin_BN.csv
PTSD,FC101,2,renewal,92,93,5,1,sub-FC101_ses-2_task-renewal_fearROIs_bin_SN.csv,sub-FC101_ses-2_task-renewal_fearROIs_bin_BN.csv
PTSD,FC101,2,renewal,93,94,1,1,sub-FC101_ses-2_task-renewal_fearROIs_bin_SN.csv,sub-FC101_ses-2_task-renewal_fearROIs_bin_BN.csv
PTSD,FC101,2,renewal,94,95,4,3,sub-FC101_ses-2_task-renewal_fearROIs_bin_SN.csv,sub-FC101_ses-2_task-renewal_fearROIs_bin_BN.csv
PTSD,FC101,2,renewal,95,96,14,2,sub-FC101_ses-2_task-renewal_fearROIs_bin_SN.csv,sub-FC101_ses-2_task-renewal_fearROIs_bin_BN.csv
PTSD,FC101,2,renewal,96,97,13,2,sub-FC101_ses-2_task-renewal_fearROIs_bin_SN.csv,sub-FC101_ses-2_task-renewal_fearROIs_bin_BN.csv
PTSD,FC101,2,renewal,97,98,7,1,sub-FC101_ses-2_task-renewal_fearROIs_bin_SN.csv,sub-FC101_ses-2_task-renewal_fearROIs_bin_BN.csv
PTSD,FC101,2,renewal,98,99,5,1,sub-FC101_ses-2_task-renewal_fearROIs_bin_SN.csv,sub-FC101_ses-2_task-renewal_fearROIs_bin_BN.csv
PTSD,FC101,2,renewal,99,100,1,1,sub-FC101_ses-2_task-renewal_fearROIs_bin_SN.csv,sub-FC101_ses-2_task-renewal_fearROIs_bin_BN.csv
PTSD,FC101,2,renewal,100,101,1,1,sub-FC101_ses-2_task-renewal_fearROIs_bin_SN.csv,sub-FC101_ses-2_task-renewal_fearROIs_bin_BN.csv
PTSD,FC101,2,renewal,101,102,4,3,sub-FC101_ses-2_task-renewal_fearROIs_bin_SN.csv,sub-FC101_ses-2_task-renewal_fearROIs_bin_BN.csv
PTSD,FC101,2,renewal,102,103,32,4,sub-FC101_ses-2_task-renewal_fearROIs_bin_SN.csv,sub-FC101_ses-2_task-renewal_fearROIs_bin_BN.csv
PTSD,FC101,2,renewal,103,104,18,3,sub-FC101_ses-2_task-renewal_fearROIs_bin_SN.csv,sub-FC101_ses-2_task-renewal_fearROIs_bin_BN.csv
PTSD,FC101,2,renewal,104,105,17,1,sub-FC101_ses-2_task-renewal_fearROIs_bin_SN.csv,sub-FC101_ses-2_task-renewal_fearROIs_bin_BN.csv
PTSD,FC101,2,renewal,105,106,16,4,sub-FC101_ses-2_task-renewal_fearROIs_bin_SN.csv,sub-FC101_ses-2_task-renewal_fearROIs_bin_BN.csv
PTSD,FC101,2,renewal,106,107,32,4,sub-FC101_ses-2_task-renewal_fearROIs_bin_SN.csv,sub-FC101_ses-2_task-renewal_fearROIs_bin_BN.csv
PTSD,FC101,2,renewal,107,108,30,4,sub-FC101_ses-2_task-renewal_fearROIs_bin_SN.csv,sub-FC101_ses-2_task-renewal_fearROIs_bin_BN.csv
PTSD,FC101,2,renewal,108,109,15,2,sub-FC101_ses-2_task-renewal_fearROIs_bin_SN.csv,sub-FC101_ses-2_task-renewal_fearROIs_bin_BN.csv
PTSD,FC101,2,renewal,109,110,32,4,sub-FC101_ses-2_task-renewal_fearROIs_bin_SN.csv,sub-FC101_ses-2_task-renewal_fearROIs_bin_BN.csv
PTSD,FC101,2,renewal,110,111,3,1,sub-FC101_ses-2_task-renewal_fearROIs_bin_SN.csv,sub-FC101_ses-2_task-renewal_fearROIs_bin_BN.csv
PTSD,FC101,2,renewal,111,112,16,4,sub-FC101_ses-2_task-renewal_fearROIs_bin_SN.csv,sub-FC101_ses-2_task-renewal_fearROIs_bin_BN.csv
PTSD,FC101,2,renewal,112,113,9,1,sub-FC101_ses-2_task-renewal_fearROIs_bin_SN.csv,sub-FC101_ses-2_task-renewal_fearROIs_bin_BN.csv
PTSD,FC101,2,renewal,113,114,32,4,sub-FC101_ses-2_task-renewal_fearROIs_bin_SN.csv,sub-FC101_ses-2_task-renewal_fearROIs_bin_BN.csv
PTSD,FC101,2,renewal,114,115,30,4,sub-FC101_ses-2_task-renewal_fearROIs_bin_SN.csv,sub-FC101_ses-2_task-renewal_fearROIs_bin_BN.csv
PTSD,FC101,2,renewal,115,116,27,4,sub-FC101_ses-2_task-renewal_fearROIs_bin_SN.csv,sub-FC101_ses-2_task-renewal_fearROIs_bin_BN.csv
PTSD,FC101,2,renewal,116,117,24,4,sub-FC101_ses-2_task-renewal_fearROIs_bin_SN.csv,sub-FC101_ses-2_task-renewal_fearROIs_bin_BN.csv
PTSD,FC101,2,renewal,117,118,20,3,sub-FC101_ses-2_task-renewal_fearROIs_bin_SN.csv,sub-FC101_ses-2_task-renewal_fearROIs_bin_BN.csv
PTSD,FC101,2,renewal,118,119,28,4,sub-FC101_ses-2_task-renewal_fearROIs_bin_SN.csv,sub-FC101_ses-2_task-renewal_fearROIs_bin_BN.csv
PTSD,FC101,2,renewal,119,120,29,2,sub-FC101_ses-2_task-renewal_fearROIs_bin_SN.csv,sub-FC101_ses-2_task-renewal_fearROIs_bin_BN.csv
PTSD,FC101,2,renewal,120,121,20,3,sub-FC101_ses-2_task-renewal_fearROIs_bin_SN.csv,sub-FC101_ses-2_task-renewal_fearROIs_bin_BN.csv
PTSD,FC101,2,renewal,121,122,22,4,sub-FC101_ses-2_task-renewal_fearROIs_bin_SN.csv,sub-FC101_ses-2_task-renewal_fearROIs_bin_BN.csv
PTSD,FC101,2,renewal,122,123,1,1,sub-FC101_ses-2_task-renewal_fearROIs_bin_SN.csv,sub-FC101_ses-2_task-renewal_fearROIs_bin_BN.csv
PTSD,FC101,2,renewal,123,124,16,4,sub-FC101_ses-2_task-renewal_fearROIs_bin_SN.csv,sub-FC101_ses-2_task-renewal_fearROIs_bin_BN.csv
PTSD,FC102,2,renewal,0,1,5,1,sub-FC102_ses-2_task-renewal_fearROIs_bin_SN.csv,sub-FC102_ses-2_task-renewal_fearROIs_bin_BN.csv
PTSD,FC102,2,renewal,1,2,31,4,sub-FC102_ses-2_task-renewal_fearROIs_bin_SN.csv,sub-FC102_ses-2_task-renewal_fearROIs_bin_BN.csv
PTSD,FC102,2,renewal,2,3,32,4,sub-FC102_ses-2_task-renewal_fearROIs_bin_SN.csv,sub-FC102_ses-2_task-renewal_fearROIs_bin_BN.csv
PTSD,FC102,2,renewal,3,4,32,4,sub-FC102_ses-2_task-renewal_fearROIs_bin_SN.csv,sub-FC102_ses-2_task-renewal_fearROIs_bin_BN.csv
PTSD,FC102,2,renewal,4,5,20,3,sub-FC102_ses-2_task-renewal_fearROIs_bin_SN.csv,sub-FC102_ses-2_task-renewal_fearROIs_bin_BN.csv
PTSD,FC102,2,renewal,5,6,4,3,sub-FC102_ses-2_task-renewal_fearROIs_bin_SN.csv,sub-FC102_ses-2_task-renewal_fearROIs_bin_BN.csv
PTSD,FC102,2,renewal,6,7,16,4,sub-FC102_ses-2_task-renewal_fearROIs_bin_SN.csv,sub-FC102_ses-2_task-renewal_fearROIs_bin_BN.csv
PTSD,FC102,2,renewal,7,8,10,1,sub-FC102_ses-2_task-renewal_fearROIs_bin_SN.csv,sub-FC102_ses-2_task-renewal_fearROIs_bin_BN.csv
PTSD,FC102,2,renewal,8,9,10,1,sub-FC102_ses-2_task-renewal_fearROIs_bin_SN.csv,sub-FC102_ses-2_task-renewal_fearROIs_bin_BN.csv
PTSD,FC102,2,renewal,9,10,25,1,sub-FC102_ses-2_task-renewal_fearROIs_bin_SN.csv,sub-FC102_ses-2_task-renewal_fearROIs_bin_BN.csv
PTSD,FC102,2,renewal,10,11,23,4,sub-FC102_ses-2_task-renewal_fearROIs_bin_SN.csv,sub-FC102_ses-2_task-renewal_fearROIs_bin_BN.csv
PTSD,FC102,2,renewal,11,12,1,1,sub-FC102_ses-2_task-renewal_fearROIs_bin_SN.csv,sub-FC102_ses-2_task-renewal_fearROIs_bin_BN.csv
PTSD,FC102,2,renewal,12,13,1,1,sub-FC102_ses-2_task-renewal_fearROIs_bin_SN.csv,sub-FC102_ses-2_task-renewal_fearROIs_bin_BN.csv
PTSD,FC102,2,renewal,13,14,2,1,sub-FC102_ses-2_task-renewal_fearROIs_bin_SN.csv,sub-FC102_ses-2_task-renewal_fearROIs_bin_BN.csv
PTSD,FC102,2,renewal,14,15,1,1,sub-FC102_ses-2_task-renewal_fearROIs_bin_SN.csv,sub-FC102_ses-2_task-renewal_fearROIs_bin_BN.csv
PTSD,FC102,2,renewal,15,16,25,1,sub-FC102_ses-2_task-renewal_fearROIs_bin_SN.csv,sub-FC102_ses-2_task-renewal_fearROIs_bin_BN.csv
PTSD,FC102,2,renewal,16,17,14,2,sub-FC102_ses-2_task-renewal_fearROIs_bin_SN.csv,sub-FC102_ses-2_task-renewal_fearROIs_bin_BN.csv
PTSD,FC102,2,renewal,17,18,2,1,sub-FC102_ses-2_task-renewal_fearROIs_bin_SN.csv,sub-FC102_ses-2_task-renewal_fearROIs_bin_BN.csv
PTSD,FC102,2,renewal,18,19,24,4,sub-FC102_ses-2_task-renewal_fearROIs_bin_SN.csv,sub-FC102_ses-2_task-renewal_fearROIs_bin_BN.csv
PTSD,FC102,2,renewal,19,20,24,4,sub-FC102_ses-2_task-renewal_fearROIs_bin_SN.csv,sub-FC102_ses-2_task-renewal_fearROIs_bin_BN.csv
PTSD,FC102,2,renewal,20,21,27,4,sub-FC102_ses-2_task-renewal_fearROIs_bin_SN.csv,sub-FC102_ses-2_task-renewal_fearROIs_bin_BN.csv
PTSD,FC102,2,renewal,21,22,9,1,sub-FC102_ses-2_task-renewal_fearROIs_bin_SN.csv,sub-FC102_ses-2_task-renewal_fearROIs_bin_BN.csv
PTSD,FC102,2,renewal,22,23,9,1,sub-FC102_ses-2_task-renewal_fearROIs_bin_SN.csv,sub-FC102_ses-2_task-renewal_fearROIs_bin_BN.csv
PTSD,FC102,2,renewal,23,24,6,1,sub-FC102_ses-2_task-renewal_fearROIs_bin_SN.csv,sub-FC102_ses-2_task-renewal_fearROIs_bin_BN.csv
PTSD,FC102,2,renewal,24,25,32,4,sub-FC102_ses-2_task-renewal_fearROIs_bin_SN.csv,sub-FC102_ses-2_task-renewal_fearROIs_bin_BN.csv
PTSD,FC102,2,renewal,25,26,30,4,sub-FC102_ses-2_task-renewal_fearROIs_bin_SN.csv,sub-FC102_ses-2_task-renewal_fearROIs_bin_BN.csv
PTSD,FC102,2,renewal,26,27,31,4,sub-FC102_ses-2_task-renewal_fearROIs_bin_SN.csv,sub-FC102_ses-2_task-renewal_fearROIs_bin_BN.csv
PTSD,FC102,2,renewal,27,28,7,1,sub-FC102_ses-2_task-renewal_fearROIs_bin_SN.csv,sub-FC102_ses-2_task-renewal_fearROIs_bin_BN.csv
PTSD,FC102,2,renewal,28,29,15,2,sub-FC102_ses-2_task-renewal_fearROIs_bin_SN.csv,sub-FC102_ses-2_task-renewal_fearROIs_bin_BN.csv
PTSD,FC102,2,renewal,29,30,31,4,sub-FC102_ses-2_task-renewal_fearROIs_bin_SN.csv,sub-FC102_ses-2_task-renewal_fearROIs_bin_BN.csv
PTSD,FC102,2,renewal,30,31,31,4,sub-FC102_ses-2_task-renewal_fearROIs_bin_SN.csv,sub-FC102_ses-2_task-renewal_fearROIs_bin_BN.csv
PTSD,FC102,2,renewal,31,32,15,2,sub-FC102_ses-2_task-renewal_fearROIs_bin_SN.csv,sub-FC102_ses-2_task-renewal_fearROIs_bin_BN.csv
PTSD,FC102,2,renewal,32,33,9,1,sub-FC102_ses-2_task-renewal_fearROIs_bin_SN.csv,sub-FC102_ses-2_task-renewal_fearROIs_bin_BN.csv
PTSD,FC102,2,renewal,33,34,18,3,sub-FC102_ses-2_task-renewal_fearROIs_bin_SN.csv,sub-FC102_ses-2_task-renewal_fearROIs_bin_BN.csv
PTSD,FC102,2,renewal,34,35,22,4,sub-FC102_ses-2_task-renewal_fearROIs_bin_SN.csv,sub-FC102_ses-2_task-renewal_fearROIs_bin_BN.csv
PTSD,FC102,2,renewal,35,36,32,4,sub-FC102_ses-2_task-renewal_fearROIs_bin_SN.csv,sub-FC102_ses-2_task-renewal_fearROIs_bin_BN.csv
PTSD,FC102,2,renewal,36,37,1,1,sub-FC102_ses-2_task-renewal_fearROIs_bin_SN.csv,sub-FC102_ses-2_task-renewal_fearROIs_bin_BN.csv
PTSD,FC102,2,renewal,37,38,2,1,sub-FC102_ses-2_task-renewal_fearROIs_bin_SN.csv,sub-FC102_ses-2_task-renewal_fearROIs_bin_BN.csv
PTSD,FC102,2,renewal,38,39,1,1,sub-FC102_ses-2_task-renewal_fearROIs_bin_SN.csv,sub-FC102_ses-2_task-renewal_fearROIs_bin_BN.csv
PTSD,FC102,2,renewal,39,40,15,2,sub-FC102_ses-2_task-renewal_fearROIs_bin_SN.csv,sub-FC102_ses-2_task-renewal_fearROIs_bin_BN.csv
PTSD,FC102,2,renewal,40,41,14,2,sub-FC102_ses-2_task-renewal_fearROIs_bin_SN.csv,sub-FC102_ses-2_task-renewal_fearROIs_bin_BN.csv
PTSD,FC102,2,renewal,41,42,1,1,sub-FC102_ses-2_task-renewal_fearROIs_bin_SN.csv,sub-FC102_ses-2_task-renewal_fearROIs_bin_BN.csv
PTSD,FC102,2,renewal,42,43,10,1,sub-FC102_ses-2_task-renewal_fearROIs_bin_SN.csv,sub-FC102_ses-2_task-renewal_fearROIs_bin_BN.csv
PTSD,FC102,2,renewal,43,44,20,3,sub-FC102_ses-2_task-renewal_fearROIs_bin_SN.csv,sub-FC102_ses-2_task-renewal_fearROIs_bin_BN.csv
PTSD,FC102,2,renewal,44,45,20,3,sub-FC102_ses-2_task-renewal_fearROIs_bin_SN.csv,sub-FC102_ses-2_task-renewal_fearROIs_bin_BN.csv
PTSD,FC102,2,renewal,45,46,2,1,sub-FC102_ses-2_task-renewal_fearROIs_bin_SN.csv,sub-FC102_ses-2_task-renewal_fearROIs_bin_BN.csv
PTSD,FC102,2,renewal,46,47,28,4,sub-FC102_ses-2_task-renewal_fearROIs_bin_SN.csv,sub-FC102_ses-2_task-renewal_fearROIs_bin_BN.csv
PTSD,FC102,2,renewal,47,48,32,4,sub-FC102_ses-2_task-renewal_fearROIs_bin_SN.csv,sub-FC102_ses-2_task-renewal_fearROIs_bin_BN.csv
PTSD,FC102,2,renewal,48,49,16,4,sub-FC102_ses-2_task-renewal_fearROIs_bin_SN.csv,sub-FC102_ses-2_task-renewal_fearROIs_bin_BN.csv
PTSD,FC102,2,renewal,49,50,25,1,sub-FC102_ses-2_task-renewal_fearROIs_bin_SN.csv,sub-FC102_ses-2_task-renewal_fearROIs_bin_BN.csv
PTSD,FC102,2,renewal,50,51,9,1,sub-FC102_ses-2_task-renewal_fearROIs_bin_SN.csv,sub-FC102_ses-2_task-renewal_fearROIs_bin_BN.csv
PTSD,FC102,2,renewal,51,52,18,3,sub-FC102_ses-2_task-renewal_fearROIs_bin_SN.csv,sub-FC102_ses-2_task-renewal_fearROIs_bin_BN.csv
PTSD,FC102,2,renewal,52,53,9,1,sub-FC102_ses-2_task-renewal_fearROIs_bin_SN.csv,sub-FC102_ses-2_task-renewal_fearROIs_bin_BN.csv
PTSD,FC102,2,renewal,53,54,1,1,sub-FC102_ses-2_task-renewal_fearROIs_bin_SN.csv,sub-FC102_ses-2_task-renewal_fearROIs_bin_BN.csv
PTSD,FC102,2,renewal,54,55,1,1,sub-FC102_ses-2_task-renewal_fearROIs_bin_SN.csv,sub-FC102_ses-2_task-renewal_fearROIs_bin_BN.csv
PTSD,FC102,2,renewal,55,56,7,1,sub-FC102_ses-2_task-renewal_fearROIs_bin_SN.csv,sub-FC102_ses-2_task-renewal_fearROIs_bin_BN.csv
PTSD,FC102,2,renewal,56,57,1,1,sub-FC102_ses-2_task-renewal_fearROIs_bin_SN.csv,sub-FC102_ses-2_task-renewal_fearROIs_bin_BN.csv
PTSD,FC102,2,renewal,57,58,1,1,sub-FC102_ses-2_task-renewal_fearROIs_bin_SN.csv,sub-FC102_ses-2_task-renewal_fearROIs_bin_BN.csv
PTSD,FC102,2,renewal,58,59,22,4,sub-FC102_ses-2_task-renewal_fearROIs_bin_SN.csv,sub-FC102_ses-2_task-renewal_fearROIs_bin_BN.csv
PTSD,FC102,2,renewal,59,60,32,4,sub-FC102_ses-2_task-renewal_fearROIs_bin_SN.csv,sub-FC102_ses-2_task-renewal_fearROIs_bin_BN.csv
PTSD,FC102,2,renewal,60,61,32,4,sub-FC102_ses-2_task-renewal_fearROIs_bin_SN.csv,sub-FC102_ses-2_task-renewal_fearROIs_bin_BN.csv
PTSD,FC102,2,renewal,61,62,32,4,sub-FC102_ses-2_task-renewal_fearROIs_bin_SN.csv,sub-FC102_ses-2_task-renewal_fearROIs_bin_BN.csv
PTSD,FC102,2,renewal,62,63,32,4,sub-FC102_ses-2_task-renewal_fearROIs_bin_SN.csv,sub-FC102_ses-2_task-renewal_fearROIs_bin_BN.csv
PTSD,FC102,2,renewal,63,64,27,4,sub-FC102_ses-2_task-renewal_fearROIs_bin_SN.csv,sub-FC102_ses-2_task-renewal_fearROIs_bin_BN.csv
PTSD,FC102,2,renewal,64,65,32,4,sub-FC102_ses-2_task-renewal_fearROIs_bin_SN.csv,sub-FC102_ses-2_task-renewal_fearROIs_bin_BN.csv
PTSD,FC102,2,renewal,65,66,32,4,sub-FC102_ses-2_task-renewal_fearROIs_bin_SN.csv,sub-FC102_ses-2_task-renewal_fearROIs_bin_BN.csv
PTSD,FC102,2,renewal,66,67,1,1,sub-FC102_ses-2_task-renewal_fearROIs_bin_SN.csv,sub-FC102_ses-2_task-renewal_fearROIs_bin_BN.csv
PTSD,FC102,2,renewal,67,68,1,1,sub-FC102_ses-2_task-renewal_fearROIs_bin_SN.csv,sub-FC102_ses-2_task-renewal_fearROIs_bin_BN.csv
PTSD,FC102,2,renewal,68,69,1,1,sub-FC102_ses-2_task-renewal_fearROIs_bin_SN.csv,sub-FC102_ses-2_task-renewal_fearROIs_bin_BN.csv
PTSD,FC102,2,renewal,69,70,18,3,sub-FC102_ses-2_task-renewal_fearROIs_bin_SN.csv,sub-FC102_ses-2_task-renewal_fearROIs_bin_BN.csv
PTSD,FC102,2,renewal,70,71,30,4,sub-FC102_ses-2_task-renewal_fearROIs_bin_SN.csv,sub-FC102_ses-2_task-renewal_fearROIs_bin_BN.csv
PTSD,FC102,2,renewal,71,72,24,4,sub-FC102_ses-2_task-renewal_fearROIs_bin_SN.csv,sub-FC102_ses-2_task-renewal_fearROIs_bin_BN.csv
PTSD,FC102,2,renewal,72,73,7,1,sub-FC102_ses-2_task-renewal_fearROIs_bin_SN.csv,sub-FC102_ses-2_task-renewal_fearROIs_bin_BN.csv
PTSD,FC102,2,renewal,73,74,8,3,sub-FC102_ses-2_task-renewal_fearROIs_bin_SN.csv,sub-FC102_ses-2_task-renewal_fearROIs_bin_BN.csv
PTSD,FC102,2,renewal,74,75,15,2,sub-FC102_ses-2_task-renewal_fearROIs_bin_SN.csv,sub-FC102_ses-2_task-renewal_fearROIs_bin_BN.csv
PTSD,FC102,2,renewal,75,76,3,1,sub-FC102_ses-2_task-renewal_fearROIs_bin_SN.csv,sub-FC102_ses-2_task-renewal_fearROIs_bin_BN.csv
PTSD,FC102,2,renewal,76,77,7,1,sub-FC102_ses-2_task-renewal_fearROIs_bin_SN.csv,sub-FC102_ses-2_task-renewal_fearROIs_bin_BN.csv
PTSD,FC102,2,renewal,77,78,7,1,sub-FC102_ses-2_task-renewal_fearROIs_bin_SN.csv,sub-FC102_ses-2_task-renewal_fearROIs_bin_BN.csv
PTSD,FC102,2,renewal,78,79,17,1,sub-FC102_ses-2_task-renewal_fearROIs_bin_SN.csv,sub-FC102_ses-2_task-renewal_fearROIs_bin_BN.csv
PTSD,FC102,2,renewal,79,80,32,4,sub-FC102_ses-2_task-renewal_fearROIs_bin_SN.csv,sub-FC102_ses-2_task-renewal_fearROIs_bin_BN.csv
PTSD,FC102,2,renewal,80,81,4,3,sub-FC102_ses-2_task-renewal_fearROIs_bin_SN.csv,sub-FC102_ses-2_task-renewal_fearROIs_bin_BN.csv
PTSD,FC102,2,renewal,81,82,17,1,sub-FC102_ses-2_task-renewal_fearROIs_bin_SN.csv,sub-FC102_ses-2_task-renewal_fearROIs_bin_BN.csv
PTSD,FC102,2,renewal,82,83,25,1,sub-FC102_ses-2_task-renewal_fearROIs_bin_SN.csv,sub-FC102_ses-2_task-renewal_fearROIs_bin_BN.csv
PTSD,FC102,2,renewal,83,84,32,4,sub-FC102_ses-2_task-renewal_fearROIs_bin_SN.csv,sub-FC102_ses-2_task-renewal_fearROIs_bin_BN.csv
PTSD,FC102,2,renewal,84,85,24,4,sub-FC102_ses-2_task-renewal_fearROIs_bin_SN.csv,sub-FC102_ses-2_task-renewal_fearROIs_bin_BN.csv
PTSD,FC102,2,renewal,85,86,2,1,sub-FC102_ses-2_task-renewal_fearROIs_bin_SN.csv,sub-FC102_ses-2_task-renewal_fearROIs_bin_BN.csv
PTSD,FC102,2,renewal,86,87,24,4,sub-FC102_ses-2_task-renewal_fearROIs_bin_SN.csv,sub-FC102_ses-2_task-renewal_fearROIs_bin_BN.csv
PTSD,FC102,2,renewal,87,88,32,4,sub-FC102_ses-2_task-renewal_fearROIs_bin_SN.csv,sub-FC102_ses-2_task-renewal_fearROIs_bin_BN.csv
PTSD,FC102,2,renewal,88,89,31,4,sub-FC102_ses-2_task-renewal_fearROIs_bin_SN.csv,sub-FC102_ses-2_task-renewal_fearROIs_bin_BN.csv
PTSD,FC102,2,renewal,89,90,32,4,sub-FC102_ses-2_task-renewal_fearROIs_bin_SN.csv,sub-FC102_ses-2_task-renewal_fearROIs_bin_BN.csv
PTSD,FC102,2,renewal,90,91,1,1,sub-FC102_ses-2_task-renewal_fearROIs_bin_SN.csv,sub-FC102_ses-2_task-renewal_fearROIs_bin_BN.csv
PTSD,FC102,2,renewal,91,92,19,3,sub-FC102_ses-2_task-renewal_fearROIs_bin_SN.csv,sub-FC102_ses-2_task-renewal_fearROIs_bin_BN.csv
PTSD,FC102,2,renewal,92,93,1,1,sub-FC102_ses-2_task-renewal_fearROIs_bin_SN.csv,sub-FC102_ses-2_task-renewal_fearROIs_bin_BN.csv
PTSD,FC102,2,renewal,93,94,1,1,sub-FC102_ses-2_task-renewal_fearROIs_bin_SN.csv,sub-FC102_ses-2_task-renewal_fearROIs_bin_BN.csv
PTSD,FC102,2,renewal,94,95,29,2,sub-FC102_ses-2_task-renewal_fearROIs_bin_SN.csv,sub-FC102_ses-2_task-renewal_fearROIs_bin_BN.csv
PTSD,FC102,2,renewal,95,96,29,2,sub-FC102_ses-2_task-renewal_fearROIs_bin_SN.csv,sub-FC102_ses-2_task-renewal_fearROIs_bin_BN.csv
PTSD,FC102,2,renewal,96,97,30,4,sub-FC102_ses-2_task-renewal_fearROIs_bin_SN.csv,sub-FC102_ses-2_task-renewal_fearROIs_bin_BN.csv
PTSD,FC102,2,renewal,97,98,32,4,sub-FC102_ses-2_task-renewal_fearROIs_bin_SN.csv,sub-FC102_ses-2_task-renewal_fearROIs_bin_BN.csv
PTSD,FC102,2,renewal,98,99,14,2,sub-FC102_ses-2_task-renewal_fearROIs_bin_SN.csv,sub-FC102_ses-2_task-renewal_fearROIs_bin_BN.csv
PTSD,FC102,2,renewal,99,100,16,4,sub-FC102_ses-2_task-renewal_fearROIs_bin_SN.csv,sub-FC102_ses-2_task-renewal_fearROIs_bin_BN.csv
PTSD,FC102,2,renewal,100,101,9,1,sub-FC102_ses-2_task-renewal_fearROIs_bin_SN.csv,sub-FC102_ses-2_task-renewal_fearROIs_bin_BN.csv
PTSD,FC102,2,renewal,101,102,2,1,sub-FC102_ses-2_task-renewal_fearROIs_bin_SN.csv,sub-FC102_ses-2_task-renewal_fearROIs_bin_BN.csv
PTSD,FC102,2,renewal,102,103,19,3,sub-FC102_ses-2_task-renewal_fearROIs_bin_SN.csv,sub-FC102_ses-2_task-renewal_fearROIs_bin_BN.csv
PTSD,FC102,2,renewal,103,104,19,3,sub-FC102_ses-2_task-renewal_fearROIs_bin_SN.csv,sub-FC102_ses-2_task-renewal_fearROIs_bin_BN.csv
PTSD,FC103,2,renewal,0,1,31,4,sub-FC103_ses-2_task-renewal_fearROIs_bin_SN.csv,sub-FC103_ses-2_task-renewal_fearROIs_bin_BN.csv
PTSD,FC103,2,renewal,1,2,24,4,sub-FC103_ses-2_task-renewal_fearROIs_bin_SN.csv,sub-FC103_ses-2_task-renewal_fearROIs_bin_BN.csv
PTSD,FC103,2,renewal,2,3,16,4,sub-FC103_ses-2_task-renewal_fearROIs_bin_SN.csv,sub-FC103_ses-2_task-renewal_fearROIs_bin_BN.csv
PTSD,FC103,2,renewal,3,4,18,3,sub-FC103_ses-2_task-renewal_fearROIs_bin_SN.csv,sub-FC103_ses-2_task-renewal_fearROIs_bin_BN.csv
PTSD,FC103,2,renewal,4,5,18,3,sub-FC103_ses-2_task-renewal_fearROIs_bin_SN.csv,sub-FC103_ses-2_task-renewal_fearROIs_bin_BN.csv
PTSD,FC103,2,renewal,5,6,1,1,sub-FC103_ses-2_task-renewal_fearROIs_bin_SN.csv,sub-FC103_ses-2_task-renewal_fearROIs_bin_BN.csv
PTSD,FC103,2,renewal,6,7,10,1,sub-FC103_ses-2_task-renewal_fearROIs_bin_SN.csv,sub-FC103_ses-2_task-renewal_fearROIs_bin_BN.csv
PTSD,FC103,2,renewal,7,8,14,2,sub-FC103_ses-2_task-renewal_fearROIs_bin_SN.csv,sub-FC103_ses-2_task-renewal_fearROIs_bin_BN.csv
PTSD,FC103,2,renewal,8,9,25,1,sub-FC103_ses-2_task-renewal_fearROIs_bin_SN.csv,sub-FC103_ses-2_task-renewal_fearROIs_bin_BN.csv
PTSD,FC103,2,renewal,9,10,23,4,sub-FC103_ses-2_task-renewal_fearROIs_bin_SN.csv,sub-FC103_ses-2_task-renewal_fearROIs_bin_BN.csv
PTSD,FC103,2,renewal,10,11,17,1,sub-FC103_ses-2_task-renewal_fearROIs_bin_SN.csv,sub-FC103_ses-2_task-renewal_fearROIs_bin_BN.csv
PTSD,FC103,2,renewal,11,12,3,1,sub-FC103_ses-2_task-renewal_fearROIs_bin_SN.csv,sub-FC103_ses-2_task-renewal_fearROIs_bin_BN.csv
PTSD,FC103,2,renewal,12,13,16,4,sub-FC103_ses-2_task-renewal_fearROIs_bin_SN.csv,sub-FC103_ses-2_task-renewal_fearROIs_bin_BN.csv
PTSD,FC103,2,renewal,13,14,14,2,sub-FC103_ses-2_task-renewal_fearROIs_bin_SN.csv,sub-FC103_ses-2_task-renewal_fearROIs_bin_BN.csv
PTSD,FC103,2,renewal,14,15,9,1,sub-FC103_ses-2_task-renewal_fearROIs_bin_SN.csv,sub-FC103_ses-2_task-renewal_fearROIs_bin_BN.csv
PTSD,FC103,2,renewal,15,16,18,3,sub-FC103_ses-2_task-renewal_fearROIs_bin_SN.csv,sub-FC103_ses-2_task-renewal_fearROIs_bin_BN.csv
PTSD,FC103,2,renewal,16,17,27,4,sub-FC103_ses-2_task-renewal_fearROIs_bin_SN.csv,sub-FC103_ses-2_task-renewal_fearROIs_bin_BN.csv
PTSD,FC103,2,renewal,17,18,31,4,sub-FC103_ses-2_task-renewal_fearROIs_bin_SN.csv,sub-FC103_ses-2_task-renewal_fearROIs_bin_BN.csv
PTSD,FC103,2,renewal,18,19,24,4,sub-FC103_ses-2_task-renewal_fearROIs_bin_SN.csv,sub-FC103_ses-2_task-renewal_fearROIs_bin_BN.csv
PTSD,FC103,2,renewal,19,20,5,1,sub-FC103_ses-2_task-renewal_fearROIs_bin_SN.csv,sub-FC103_ses-2_task-renewal_fearROIs_bin_BN.csv
PTSD,FC103,2,renewal,20,21,2,1,sub-FC103_ses-2_task-renewal_fearROIs_bin_SN.csv,sub-FC103_ses-2_task-renewal_fearROIs_bin_BN.csv
PTSD,FC103,2,renewal,21,22,10,1,sub-FC103_ses-2_task-renewal_fearROIs_bin_SN.csv,sub-FC103_ses-2_task-renewal_fearROIs_bin_BN.csv
PTSD,FC103,2,renewal,22,23,32,4,sub-FC103_ses-2_task-renewal_fearROIs_bin_SN.csv,sub-FC103_ses-2_task-renewal_fearROIs_bin_BN.csv
PTSD,FC103,2,renewal,23,24,16,4,sub-FC103_ses-2_task-renewal_fearROIs_bin_SN.csv,sub-FC103_ses-2_task-renewal_fearROIs_bin_BN.csv
PTSD,FC103,2,renewal,24,25,29,2,sub-FC103_ses-2_task-renewal_fearROIs_bin_SN.csv,sub-FC103_ses-2_task-renewal_fearROIs_bin_BN.csv
PTSD,FC103,2,renewal,25,26,29,2,sub-FC103_ses-2_task-renewal_fearROIs_bin_SN.csv,sub-FC103_ses-2_task-renewal_fearROIs_bin_BN.csv
PTSD,FC103,2,renewal,26,27,23,4,sub-FC103_ses-2_task-renewal_fearROIs_bin_SN.csv,sub-FC103_ses-2_task-renewal_fearROIs_bin_BN.csv
PTSD,FC103,2,renewal,27,28,20,3,sub-FC103_ses-2_task-renewal_fearROIs_bin_SN.csv,sub-FC103_ses-2_task-renewal_fearROIs_bin_BN.csv
PTSD,FC103,2,renewal,28,29,4,3,sub-FC103_ses-2_task-renewal_fearROIs_bin_SN.csv,sub-FC103_ses-2_task-renewal_fearROIs_bin_BN.csv
PTSD,FC103,2,renewal,29,30,6,1,sub-FC103_ses-2_task-renewal_fearROIs_bin_SN.csv,sub-FC103_ses-2_task-renewal_fearROIs_bin_BN.csv
PTSD,FC103,2,renewal,30,31,10,1,sub-FC103_ses-2_task-renewal_fearROIs_bin_SN.csv,sub-FC103_ses-2_task-renewal_fearROIs_bin_BN.csv
PTSD,FC103,2,renewal,31,32,31,4,sub-FC103_ses-2_task-renewal_fearROIs_bin_SN.csv,sub-FC103_ses-2_task-renewal_fearROIs_bin_BN.csv
PTSD,FC103,2,renewal,32,33,31,4,sub-FC103_ses-2_task-renewal_fearROIs_bin_SN.csv,sub-FC103_ses-2_task-renewal_fearROIs_bin_BN.csv
PTSD,FC103,2,renewal,33,34,32,4,sub-FC103_ses-2_task-renewal_fearROIs_bin_SN.csv,sub-FC103_ses-2_task-renewal_fearROIs_bin_BN.csv
PTSD,FC103,2,renewal,34,35,26,4,sub-FC103_ses-2_task-renewal_fearROIs_bin_SN.csv,sub-FC103_ses-2_task-renewal_fearROIs_bin_BN.csv
PTSD,FC103,2,renewal,35,36,6,1,sub-FC103_ses-2_task-renewal_fearROIs_bin_SN.csv,sub-FC103_ses-2_task-renewal_fearROIs_bin_BN.csv
PTSD,FC103,2,renewal,36,37,10,1,sub-FC103_ses-2_task-renewal_fearROIs_bin_SN.csv,sub-FC103_ses-2_task-renewal_fearROIs_bin_BN.csv
PTSD,FC103,2,renewal,37,38,10,1,sub-FC103_ses-2_task-renewal_fearROIs_bin_SN.csv,sub-FC103_ses-2_task-renewal_fearROIs_bin_BN.csv
PTSD,FC103,2,renewal,38,39,17,1,sub-FC103_ses-2_task-renewal_fearROIs_bin_SN.csv,sub-FC103_ses-2_task-renewal_fearROIs_bin_BN.csv
PTSD,FC103,2,renewal,39,40,21,1,sub-FC103_ses-2_task-renewal_fearROIs_bin_SN.csv,sub-FC103_ses-2_task-renewal_fearROIs_bin_BN.csv
PTSD,FC103,2,renewal,40,41,15,2,sub-FC103_ses-2_task-renewal_fearROIs_bin_SN.csv,sub-FC103_ses-2_task-renewal_fearROIs_bin_BN.csv
PTSD,FC103,2,renewal,41,42,1,1,sub-FC103_ses-2_task-renewal_fearROIs_bin_SN.csv,sub-FC103_ses-2_task-renewal_fearROIs_bin_BN.csv
PTSD,FC103,2,renewal,42,43,20,3,sub-FC103_ses-2_task-renewal_fearROIs_bin_SN.csv,sub-FC103_ses-2_task-renewal_fearROIs_bin_BN.csv
PTSD,FC103,2,renewal,43,44,20,3,sub-FC103_ses-2_task-renewal_fearROIs_bin_SN.csv,sub-FC103_ses-2_task-renewal_fearROIs_bin_BN.csv
PTSD,FC103,2,renewal,44,45,12,3,sub-FC103_ses-2_task-renewal_fearROIs_bin_SN.csv,sub-FC103_ses-2_task-renewal_fearROIs_bin_BN.csv
PTSD,FC103,2,renewal,45,46,16,4,sub-FC103_ses-2_task-renewal_fearROIs_bin_SN.csv,sub-FC103_ses-2_task-renewal_fearROIs_bin_BN.csv
PTSD,FC103,2,renewal,46,47,18,3,sub-FC103_ses-2_task-renewal_fearROIs_bin_SN.csv,sub-FC103_ses-2_task-renewal_fearROIs_bin_BN.csv
PTSD,FC103,2,renewal,47,48,16,4,sub-FC103_ses-2_task-renewal_fearROIs_bin_SN.csv,sub-FC103_ses-2_task-renewal_fearROIs_bin_BN.csv
PTSD,FC103,2,renewal,48,49,1,1,sub-FC103_ses-2_task-renewal_fearROIs_bin_SN.csv,sub-FC103_ses-2_task-renewal_fearROIs_bin_BN.csv
PTSD,FC103,2,renewal,49,50,9,1,sub-FC103_ses-2_task-renewal_fearROIs_bin_SN.csv,sub-FC103_ses-2_task-renewal_fearROIs_bin_BN.csv
PTSD,FC103,2,renewal,50,51,27,4,sub-FC103_ses-2_task-renewal_fearROIs_bin_SN.csv,sub-FC103_ses-2_task-renewal_fearROIs_bin_BN.csv
PTSD,FC103,2,renewal,51,52,31,4,sub-FC103_ses-2_task-renewal_fearROIs_bin_SN.csv,sub-FC103_ses-2_task-renewal_fearROIs_bin_BN.csv
PTSD,FC103,2,renewal,52,53,31,4,sub-FC103_ses-2_task-renewal_fearROIs_bin_SN.csv,sub-FC103_ses-2_task-renewal_fearROIs_bin_BN.csv
PTSD,FC103,2,renewal,53,54,28,4,sub-FC103_ses-2_task-renewal_fearROIs_bin_SN.csv,sub-FC103_ses-2_task-renewal_fearROIs_bin_BN.csv
PTSD,FC103,2,renewal,54,55,9,1,sub-FC103_ses-2_task-renewal_fearROIs_bin_SN.csv,sub-FC103_ses-2_task-renewal_fearROIs_bin_BN.csv
PTSD,FC103,2,renewal,55,56,1,1,sub-FC103_ses-2_task-renewal_fearROIs_bin_SN.csv,sub-FC103_ses-2_task-renewal_fearROIs_bin_BN.csv
PTSD,FC103,2,renewal,56,57,29,2,sub-FC103_ses-2_task-renewal_fearROIs_bin_SN.csv,sub-FC103_ses-2_task-renewal_fearROIs_bin_BN.csv
PTSD,FC103,2,renewal,57,58,31,4,sub-FC103_ses-2_task-renewal_fearROIs_bin_SN.csv,sub-FC103_ses-2_task-renewal_fearROIs_bin_BN.csv
PTSD,FC103,2,renewal,58,59,32,4,sub-FC103_ses-2_task-renewal_fearROIs_bin_SN.csv,sub-FC103_ses-2_task-renewal_fearROIs_bin_BN.csv
PTSD,FC103,2,renewal,59,60,24,4,sub-FC103_ses-2_task-renewal_fearROIs_bin_SN.csv,sub-FC103_ses-2_task-renewal_fearROIs_bin_BN.csv
PTSD,FC103,2,renewal,60,61,24,4,sub-FC103_ses-2_task-renewal_fearROIs_bin_SN.csv,sub-FC103_ses-2_task-renewal_fearROIs_bin_BN.csv
PTSD,FC103,2,renewal,61,62,5,1,sub-FC103_ses-2_task-renewal_fearROIs_bin_SN.csv,sub-FC103_ses-2_task-renewal_fearROIs_bin_BN.csv
PTSD,FC103,2,renewal,62,63,30,4,sub-FC103_ses-2_task-renewal_fearROIs_bin_SN.csv,sub-FC103_ses-2_task-renewal_fearROIs_bin_BN.csv
PTSD,FC103,2,renewal,63,64,30,4,sub-FC103_ses-2_task-renewal_fearROIs_bin_SN.csv,sub-FC103_ses-2_task-renewal_fearROIs_bin_BN.csv
PTSD,FC103,2,renewal,64,65,9,1,sub-FC103_ses-2_task-renewal_fearROIs_bin_SN.csv,sub-FC103_ses-2_task-renewal_fearROIs_bin_BN.csv
PTSD,FC103,2,renewal,65,66,9,1,sub-FC103_ses-2_task-renewal_fearROIs_bin_SN.csv,sub-FC103_ses-2_task-renewal_fearROIs_bin_BN.csv
PTSD,FC103,2,renewal,66,67,1,1,sub-FC103_ses-2_task-renewal_fearROIs_bin_SN.csv,sub-FC103_ses-2_task-renewal_fearROIs_bin_BN.csv
PTSD,FC103,2,renewal,67,68,2,1,sub-FC103_ses-2_task-renewal_fearROIs_bin_SN.csv,sub-FC103_ses-2_task-renewal_fearROIs_bin_BN.csv
PTSD,FC103,2,renewal,68,69,3,1,sub-FC103_ses-2_task-renewal_fearROIs_bin_SN.csv,sub-FC103_ses-2_task-renewal_fearROIs_bin_BN.csv
PTSD,FC103,2,renewal,69,70,16,4,sub-FC103_ses-2_task-renewal_fearROIs_bin_SN.csv,sub-FC103_ses-2_task-renewal_fearROIs_bin_BN.csv
PTSD,FC103,2,renewal,70,71,13,2,sub-FC103_ses-2_task-renewal_fearROIs_bin_SN.csv,sub-FC103_ses-2_task-renewal_fearROIs_bin_BN.csv
PTSD,FC103,2,renewal,71,72,1,1,sub-FC103_ses-2_task-renewal_fearROIs_bin_SN.csv,sub-FC103_ses-2_task-renewal_fearROIs_bin_BN.csv
PTSD,FC103,2,renewal,72,73,20,3,sub-FC103_ses-2_task-renewal_fearROIs_bin_SN.csv,sub-FC103_ses-2_task-renewal_fearROIs_bin_BN.csv
PTSD,FC103,2,renewal,73,74,20,3,sub-FC103_ses-2_task-renewal_fearROIs_bin_SN.csv,sub-FC103_ses-2_task-renewal_fearROIs_bin_BN.csv
PTSD,FC103,2,renewal,74,75,32,4,sub-FC103_ses-2_task-renewal_fearROIs_bin_SN.csv,sub-FC103_ses-2_task-renewal_fearROIs_bin_BN.csv
PTSD,FC103,2,renewal,75,76,32,4,sub-FC103_ses-2_task-renewal_fearROIs_bin_SN.csv,sub-FC103_ses-2_task-renewal_fearROIs_bin_BN.csv
PTSD,FC103,2,renewal,76,77,14,2,sub-FC103_ses-2_task-renewal_fearROIs_bin_SN.csv,sub-FC103_ses-2_task-renewal_fearROIs_bin_BN.csv
PTSD,FC103,2,renewal,77,78,5,1,sub-FC103_ses-2_task-renewal_fearROIs_bin_SN.csv,sub-FC103_ses-2_task-renewal_fearROIs_bin_BN.csv
PTSD,FC103,2,renewal,78,79,1,1,sub-FC103_ses-2_task-renewal_fearROIs_bin_SN.csv,sub-FC103_ses-2_task-renewal_fearROIs_bin_BN.csv
PTSD,FC103,2,renewal,79,80,3,1,sub-FC103_ses-2_task-renewal_fearROIs_bin_SN.csv,sub-FC103_ses-2_task-renewal_fearROIs_bin_BN.csv
PTSD,FC103,2,renewal,80,81,2,1,sub-FC103_ses-2_task-renewal_fearROIs_bin_SN.csv,sub-FC103_ses-2_task-renewal_fearROIs_bin_BN.csv
PTSD,FC103,2,renewal,81,82,27,4,sub-FC103_ses-2_task-renewal_fearROIs_bin_SN.csv,sub-FC103_ses-2_task-renewal_fearROIs_bin_BN.csv
PTSD,FC103,2,renewal,82,83,31,4,sub-FC103_ses-2_task-renewal_fearROIs_bin_SN.csv,sub-FC103_ses-2_task-renewal_fearROIs_bin_BN.csv
PTSD,FC103,2,renewal,83,84,20,3,sub-FC103_ses-2_task-renewal_fearROIs_bin_SN.csv,sub-FC103_ses-2_task-renewal_fearROIs_bin_BN.csv
PTSD,FC103,2,renewal,84,85,1,1,sub-FC103_ses-2_task-renewal_fearROIs_bin_SN.csv,sub-FC103_ses-2_task-renewal_fearROIs_bin_BN.csv
PTSD,FC103,2,renewal,85,86,16,4,sub-FC103_ses-2_task-renewal_fearROIs_bin_SN.csv,sub-FC103_ses-2_task-renewal_fearROIs_bin_BN.csv
PTSD,FC103,2,renewal,86,87,15,2,sub-FC103_ses-2_task-renewal_fearROIs_bin_SN.csv,sub-FC103_ses-2_task-renewal_fearROIs_bin_BN.csv
PTSD,FC103,2,renewal,87,88,10,1,sub-FC103_ses-2_task-renewal_fearROIs_bin_SN.csv,sub-FC103_ses-2_task-renewal_fearROIs_bin_BN.csv
PTSD,FC103,2,renewal,88,89,27,4,sub-FC103_ses-2_task-renewal_fearROIs_bin_SN.csv,sub-FC103_ses-2_task-renewal_fearROIs_bin_BN.csv
PTSD,FC103,2,renewal,89,90,18,3,sub-FC103_ses-2_task-renewal_fearROIs_bin_SN.csv,sub-FC103_ses-2_task-renewal_fearROIs_bin_BN.csv
PTSD,FC103,2,renewal,90,91,20,3,sub-FC103_ses-2_task-renewal_fearROIs_bin_SN.csv,sub-FC103_ses-2_task-renewal_fearROIs_bin_BN.csv
PTSD,FC103,2,renewal,91,92,19,3,sub-FC103_ses-2_task-renewal_fearROIs_bin_SN.csv,sub-FC103_ses-2_task-renewal_fearROIs_bin_BN.csv
PTSD,FC103,2,renewal,92,93,17,1,sub-FC103_ses-2_task-renewal_fearROIs_bin_SN.csv,sub-FC103_ses-2_task-renewal_fearROIs_bin_BN.csv
PTSD,FC103,2,renewal,93,94,8,3,sub-FC103_ses-2_task-renewal_fearROIs_bin_SN.csv,sub-FC103_ses-2_task-renewal_fearROIs_bin_BN.csv
PTSD,FC103,2,renewal,94,95,16,4,sub-FC103_ses-2_task-renewal_fearROIs_bin_SN.csv,sub-FC103_ses-2_task-renewal_fearROIs_bin_BN.csv
PTSD,FC103,2,renewal,95,96,1,1,sub-FC103_ses-2_task-renewal_fearROIs_bin_SN.csv,sub-FC103_ses-2_task-renewal_fearROIs_bin_BN.csv
PTSD,FC103,2,renewal,96,97,5,1,sub-FC103_ses-2_task-renewal_fearROIs_bin_SN.csv,sub-FC103_ses-2_task-renewal_fearROIs_bin_BN.csv
PTSD,FC103,2,renewal,97,98,19,3,sub-FC103_ses-2_task-renewal_fearROIs_bin_SN.csv,sub-FC103_ses-2_task-renewal_fearROIs_bin_BN.csv
PTSD,FC103,2,renewal,98,99,32,4,sub-FC103_ses-2_task-renewal_fearROIs_bin_SN.csv,sub-FC103_ses-2_task-renewal_fearROIs_bin_BN.csv
PTSD,FC103,2,renewal,99,100,13,2,sub-FC103_ses-2_task-renewal_fearROIs_bin_SN.csv,sub-FC103_ses-2_task-renewal_fearROIs_bin_BN.csv
PTSD,FC103,2,renewal,100,101,14,2,sub-FC103_ses-2_task-renewal_fearROIs_bin_SN.csv,sub-FC103_ses-2_task-renewal_fearROIs_bin_BN.csv
PTSD,FC103,2,renewal,101,102,5,1,sub-FC103_ses-2_task-renewal_fearROIs_bin_SN.csv,sub-FC103_ses-2_task-renewal_fearROIs_bin_BN.csv
PTSD,FC103,2,renewal,102,103,13,2,sub-FC103_ses-2_task-renewal_fearROIs_bin_SN.csv,sub-FC103_ses-2_task-renewal_fearROIs_bin_BN.csv
PTSD,FC103,2,renewal,103,104,13,2,sub-FC103_ses-2_task-renewal_fearROIs_bin_SN.csv,sub-FC103_ses-2_task-renewal_fearROIs_bin_BN.csv
PTSD,FC103,2,renewal,104,105,13,2,sub-FC103_ses-2_task-renewal_fearROIs_bin_SN.csv,sub-FC103_ses-2_task-renewal_fearROIs_bin_BN.csv
PTSD,FC103,2,renewal,105,106,2,1,sub-FC103_ses-2_task-renewal_fearROIs_bin_SN.csv,sub-FC103_ses-2_task-renewal_fearROIs_bin_BN.csv
PTSD,FC103,2,renewal,106,107,2,1,sub-FC103_ses-2_task-renewal_fearROIs_bin_SN.csv,sub-FC103_ses-2_task-renewal_fearROIs_bin_BN.csv
PTSD,FC103,2,renewal,107,108,27,4,sub-FC103_ses-2_task-renewal_fearROIs_bin_SN.csv,sub-FC103_ses-2_task-renewal_fearROIs_bin_BN.csv
PTSD,FC103,2,renewal,108,109,28,4,sub-FC103_ses-2_task-renewal_fearROIs_bin_SN.csv,sub-FC103_ses-2_task-renewal_fearROIs_bin_BN.csv
PTSD,FC103,2,renewal,109,110,23,4,sub-FC103_ses-2_task-renewal_fearROIs_bin_SN.csv,sub-FC103_ses-2_task-renewal_fearROIs_bin_BN.csv
PTSD,FC103,2,renewal,110,111,31,4,sub-FC103_ses-2_task-renewal_fearROIs_bin_SN.csv,sub-FC103_ses-2_task-renewal_fearROIs_bin_BN.csv
PTSD,FC103,2,renewal,111,112,23,4,sub-FC103_ses-2_task-renewal_fearROIs_bin_SN.csv,sub-FC103_ses-2_task-renewal_fearROIs_bin_BN.csv
PTSD,FC103,2,renewal,112,113,23,4,sub-FC103_ses-2_task-renewal_fearROIs_bin_SN.csv,sub-FC103_ses-2_task-renewal_fearROIs_bin_BN.csv
PTSD,FC103,2,renewal,113,114,24,4,sub-FC103_ses-2_task-renewal_fearROIs_bin_SN.csv,sub-FC103_ses-2_task-renewal_fearROIs_bin_BN.csv
PTSD,FC103,2,renewal,114,115,23,4,sub-FC103_ses-2_task-renewal_fearROIs_bin_SN.csv,sub-FC103_ses-2_task-renewal_fearROIs_bin_BN.csv
PTSD,FC103,2,renewal,115,116,20,3,sub-FC103_ses-2_task-renewal_fearROIs_bin_SN.csv,sub-FC103_ses-2_task-renewal_fearROIs_bin_BN.csv
PTSD,FC103,2,renewal,116,117,28,4,sub-FC103_ses-2_task-renewal_fearROIs_bin_SN.csv,sub-FC103_ses-2_task-renewal_fearROIs_bin_BN.csv
PTSD,FC103,2,renewal,117,118,20,3,sub-FC103_ses-2_task-renewal_fearROIs_bin_SN.csv,sub-FC103_ses-2_task-renewal_fearROIs_bin_BN.csv
PTSD,FC103,2,renewal,118,119,20,3,sub-FC103_ses-2_task-renewal_fearROIs_bin_SN.csv,sub-FC103_ses-2_task-renewal_fearROIs_bin_BN.csv
PTSD,FC103,2,renewal,119,120,10,1,sub-FC103_ses-2_task-renewal_fearROIs_bin_SN.csv,sub-FC103_ses-2_task-renewal_fearROIs_bin_BN.csv
PTSD,FC103,2,renewal,120,121,2,1,sub-FC103_ses-2_task-renewal_fearROIs_bin_SN.csv,sub-FC103_ses-2_task-renewal_fearROIs_bin_BN.csv
PTSD,FC103,2,renewal,121,122,1,1,sub-FC103_ses-2_task-renewal_fearROIs_bin_SN.csv,sub-FC103_ses-2_task-renewal_fearROIs_bin_BN.csv
PTSD,FC103,2,renewal,122,123,13,2,sub-FC103_ses-2_task-renewal_fearROIs_bin_SN.csv,sub-FC103_ses-2_task-renewal_fearROIs_bin_BN.csv
PTSD,FC103,2,renewal,123,124,5,1,sub-FC103_ses-2_task-renewal_fearROIs_bin_SN.csv,sub-FC103_ses-2_task-renewal_fearROIs_bin_BN.csv
PTSD,FC103,2,renewal,124,125,1,1,sub-FC103_ses-2_task-renewal_fearROIs_bin_SN.csv,sub-FC103_ses-2_task-renewal_fearROIs_bin_BN.csv
PTSD,FC103,2,renewal,125,126,1,1,sub-FC103_ses-2_task-renewal_fearROIs_bin_SN.csv,sub-FC103_ses-2_task-renewal_fearROIs_bin_BN.csv
PTSD,FC103,2,renewal,126,127,5,1,sub-FC103_ses-2_task-renewal_fearROIs_bin_SN.csv,sub-FC103_ses-2_task-renewal_fearROIs_bin_BN.csv
PTSD,FC103,2,renewal,127,128,24,4,sub-FC103_ses-2_task-renewal_fearROIs_bin_SN.csv,sub-FC103_ses-2_task-renewal_fearROIs_bin_BN.csv
PTSD,FC103,2,renewal,128,129,32,4,sub-FC103_ses-2_task-renewal_fearROIs_bin_SN.csv,sub-FC103_ses-2_task-renewal_fearROIs_bin_BN.csv
PTSD,FC103,2,renewal,129,130,32,4,sub-FC103_ses-2_task-renewal_fearROIs_bin_SN.csv,sub-FC103_ses-2_task-renewal_fearROIs_bin_BN.csv
PTSD,FC104,2,renewal,0,1,29,2,sub-FC104_ses-2_task-renewal_fearROIs_bin_SN.csv,sub-FC104_ses-2_task-renewal_fearROIs_bin_BN.csv
PTSD,FC104,2,renewal,1,2,13,2,sub-FC104_ses-2_task-renewal_fearROIs_bin_SN.csv,sub-FC104_ses-2_task-renewal_fearROIs_bin_BN.csv
PTSD,FC104,2,renewal,2,3,29,2,sub-FC104_ses-2_task-renewal_fearROIs_bin_SN.csv,sub-FC104_ses-2_task-renewal_fearROIs_bin_BN.csv
PTSD,FC104,2,renewal,3,4,32,4,sub-FC104_ses-2_task-renewal_fearROIs_bin_SN.csv,sub-FC104_ses-2_task-renewal_fearROIs_bin_BN.csv
PTSD,FC104,2,renewal,4,5,20,3,sub-FC104_ses-2_task-renewal_fearROIs_bin_SN.csv,sub-FC104_ses-2_task-renewal_fearROIs_bin_BN.csv
PTSD,FC104,2,renewal,5,6,32,4,sub-FC104_ses-2_task-renewal_fearROIs_bin_SN.csv,sub-FC104_ses-2_task-renewal_fearROIs_bin_BN.csv
PTSD,FC104,2,renewal,6,7,13,2,sub-FC104_ses-2_task-renewal_fearROIs_bin_SN.csv,sub-FC104_ses-2_task-renewal_fearROIs_bin_BN.csv
PTSD,FC104,2,renewal,7,8,32,4,sub-FC104_ses-2_task-renewal_fearROIs_bin_SN.csv,sub-FC104_ses-2_task-renewal_fearROIs_bin_BN.csv
PTSD,FC104,2,renewal,8,9,20,3,sub-FC104_ses-2_task-renewal_fearROIs_bin_SN.csv,sub-FC104_ses-2_task-renewal_fearROIs_bin_BN.csv
PTSD,FC104,2,renewal,9,10,17,1,sub-FC104_ses-2_task-renewal_fearROIs_bin_SN.csv,sub-FC104_ses-2_task-renewal_fearROIs_bin_BN.csv
PTSD,FC104,2,renewal,10,11,28,4,sub-FC104_ses-2_task-renewal_fearROIs_bin_SN.csv,sub-FC104_ses-2_task-renewal_fearROIs_bin_BN.csv
PTSD,FC104,2,renewal,11,12,4,3,sub-FC104_ses-2_task-renewal_fearROIs_bin_SN.csv,sub-FC104_ses-2_task-renewal_fearROIs_bin_BN.csv
PTSD,FC104,2,renewal,12,13,18,3,sub-FC104_ses-2_task-renewal_fearROIs_bin_SN.csv,sub-FC104_ses-2_task-renewal_fearROIs_bin_BN.csv
PTSD,FC104,2,renewal,13,14,5,1,sub-FC104_ses-2_task-renewal_fearROIs_bin_SN.csv,sub-FC104_ses-2_task-renewal_fearROIs_bin_BN.csv
PTSD,FC104,2,renewal,14,15,13,2,sub-FC104_ses-2_task-renewal_fearROIs_bin_SN.csv,sub-FC104_ses-2_task-renewal_fearROIs_bin_BN.csv
PTSD,FC104,2,renewal,15,16,6,1,sub-FC104_ses-2_task-renewal_fearROIs_bin_SN.csv,sub-FC104_ses-2_task-renewal_fearROIs_bin_BN.csv
PTSD,FC104,2,renewal,16,17,14,2,sub-FC104_ses-2_task-renewal_fearROIs_bin_SN.csv,sub-FC104_ses-2_task-renewal_fearROIs_bin_BN.csv
PTSD,FC104,2,renewal,17,18,13,2,sub-FC104_ses-2_task-renewal_fearROIs_bin_SN.csv,sub-FC104_ses-2_task-renewal_fearROIs_bin_BN.csv
PTSD,FC104,2,renewal,18,19,12,3,sub-FC104_ses-2_task-renewal_fearROIs_bin_SN.csv,sub-FC104_ses-2_task-renewal_fearROIs_bin_BN.csv
PTSD,FC104,2,renewal,19,20,32,4,sub-FC104_ses-2_task-renewal_fearROIs_bin_SN.csv,sub-FC104_ses-2_task-renewal_fearROIs_bin_BN.csv
PTSD,FC104,2,renewal,20,21,29,2,sub-FC104_ses-2_task-renewal_fearROIs_bin_SN.csv,sub-FC104_ses-2_task-renewal_fearROIs_bin_BN.csv
PTSD,FC104,2,renewal,21,22,13,2,sub-FC104_ses-2_task-renewal_fearROIs_bin_SN.csv,sub-FC104_ses-2_task-renewal_fearROIs_bin_BN.csv
PTSD,FC104,2,renewal,22,23,28,4,sub-FC104_ses-2_task-renewal_fearROIs_bin_SN.csv,sub-FC104_ses-2_task-renewal_fearROIs_bin_BN.csv
PTSD,FC104,2,renewal,23,24,19,3,sub-FC104_ses-2_task-renewal_fearROIs_bin_SN.csv,sub-FC104_ses-2_task-renewal_fearROIs_bin_BN.csv
PTSD,FC104,2,renewal,24,25,17,1,sub-FC104_ses-2_task-renewal_fearROIs_bin_SN.csv,sub-FC104_ses-2_task-renewal_fearROIs_bin_BN.csv
PTSD,FC104,2,renewal,25,26,17,1,sub-FC104_ses-2_task-renewal_fearROIs_bin_SN.csv,sub-FC104_ses-2_task-renewal_fearROIs_bin_BN.csv
PTSD,FC104,2,renewal,26,27,24,4,sub-FC104_ses-2_task-renewal_fearROIs_bin_SN.csv,sub-FC104_ses-2_task-renewal_fearROIs_bin_BN.csv
PTSD,FC104,2,renewal,27,28,20,3,sub-FC104_ses-2_task-renewal_fearROIs_bin_SN.csv,sub-FC104_ses-2_task-renewal_fearROIs_bin_BN.csv
PTSD,FC104,2,renewal,28,29,5,1,sub-FC104_ses-2_task-renewal_fearROIs_bin_SN.csv,sub-FC104_ses-2_task-renewal_fearROIs_bin_BN.csv
PTSD,FC104,2,renewal,29,30,13,2,sub-FC104_ses-2_task-renewal_fearROIs_bin_SN.csv,sub-FC104_ses-2_task-renewal_fearROIs_bin_BN.csv
PTSD,FC104,2,renewal,30,31,4,3,sub-FC104_ses-2_task-renewal_fearROIs_bin_SN.csv,sub-FC104_ses-2_task-renewal_fearROIs_bin_BN.csv
PTSD,FC104,2,renewal,31,32,32,4,sub-FC104_ses-2_task-renewal_fearROIs_bin_SN.csv,sub-FC104_ses-2_task-renewal_fearROIs_bin_BN.csv
PTSD,FC104,2,renewal,32,33,31,4,sub-FC104_ses-2_task-renewal_fearROIs_bin_SN.csv,sub-FC104_ses-2_task-renewal_fearROIs_bin_BN.csv
PTSD,FC104,2,renewal,33,34,32,4,sub-FC104_ses-2_task-renewal_fearROIs_bin_SN.csv,sub-FC104_ses-2_task-renewal_fearROIs_bin_BN.csv
PTSD,FC104,2,renewal,34,35,12,3,sub-FC104_ses-2_task-renewal_fearROIs_bin_SN.csv,sub-FC104_ses-2_task-renewal_fearROIs_bin_BN.csv
PTSD,FC104,2,renewal,35,36,17,1,sub-FC104_ses-2_task-renewal_fearROIs_bin_SN.csv,sub-FC104_ses-2_task-renewal_fearROIs_bin_BN.csv
PTSD,FC104,2,renewal,36,37,1,1,sub-FC104_ses-2_task-renewal_fearROIs_bin_SN.csv,sub-FC104_ses-2_task-renewal_fearROIs_bin_BN.csv
PTSD,FC104,2,renewal,37,38,4,3,sub-FC104_ses-2_task-renewal_fearROIs_bin_SN.csv,sub-FC104_ses-2_task-renewal_fearROIs_bin_BN.csv
PTSD,FC104,2,renewal,38,39,2,1,sub-FC104_ses-2_task-renewal_fearROIs_bin_SN.csv,sub-FC104_ses-2_task-renewal_fearROIs_bin_BN.csv
PTSD,FC104,2,renewal,39,40,1,1,sub-FC104_ses-2_task-renewal_fearROIs_bin_SN.csv,sub-FC104_ses-2_task-renewal_fearROIs_bin_BN.csv
PTSD,FC104,2,renewal,40,41,4,3,sub-FC104_ses-2_task-renewal_fearROIs_bin_SN.csv,sub-FC104_ses-2_task-renewal_fearROIs_bin_BN.csv
PTSD,FC104,2,renewal,41,42,2,1,sub-FC104_ses-2_task-renewal_fearROIs_bin_SN.csv,sub-FC104_ses-2_task-renewal_fearROIs_bin_BN.csv
PTSD,FC104,2,renewal,42,43,31,4,sub-FC104_ses-2_task-renewal_fearROIs_bin_SN.csv,sub-FC104_ses-2_task-renewal_fearROIs_bin_BN.csv
PTSD,FC104,2,renewal,43,44,25,1,sub-FC104_ses-2_task-renewal_fearROIs_bin_SN.csv,sub-FC104_ses-2_task-renewal_fearROIs_bin_BN.csv
PTSD,FC104,2,renewal,44,45,8,3,sub-FC104_ses-2_task-renewal_fearROIs_bin_SN.csv,sub-FC104_ses-2_task-renewal_fearROIs_bin_BN.csv
PTSD,FC104,2,renewal,45,46,25,1,sub-FC104_ses-2_task-renewal_fearROIs_bin_SN.csv,sub-FC104_ses-2_task-renewal_fearROIs_bin_BN.csv
PTSD,FC104,2,renewal,46,47,26,4,sub-FC104_ses-2_task-renewal_fearROIs_bin_SN.csv,sub-FC104_ses-2_task-renewal_fearROIs_bin_BN.csv
PTSD,FC104,2,renewal,47,48,28,4,sub-FC104_ses-2_task-renewal_fearROIs_bin_SN.csv,sub-FC104_ses-2_task-renewal_fearROIs_bin_BN.csv
PTSD,FC104,2,renewal,48,49,5,1,sub-FC104_ses-2_task-renewal_fearROIs_bin_SN.csv,sub-FC104_ses-2_task-renewal_fearROIs_bin_BN.csv
PTSD,FC104,2,renewal,49,50,20,3,sub-FC104_ses-2_task-renewal_fearROIs_bin_SN.csv,sub-FC104_ses-2_task-renewal_fearROIs_bin_BN.csv
PTSD,FC104,2,renewal,50,51,4,3,sub-FC104_ses-2_task-renewal_fearROIs_bin_SN.csv,sub-FC104_ses-2_task-renewal_fearROIs_bin_BN.csv
PTSD,FC104,2,renewal,51,52,5,1,sub-FC104_ses-2_task-renewal_fearROIs_bin_SN.csv,sub-FC104_ses-2_task-renewal_fearROIs_bin_BN.csv
PTSD,FC104,2,renewal,52,53,15,2,sub-FC104_ses-2_task-renewal_fearROIs_bin_SN.csv,sub-FC104_ses-2_task-renewal_fearROIs_bin_BN.csv
PTSD,FC104,2,renewal,53,54,16,4,sub-FC104_ses-2_task-renewal_fearROIs_bin_SN.csv,sub-FC104_ses-2_task-renewal_fearROIs_bin_BN.csv
PTSD,FC104,2,renewal,54,55,29,2,sub-FC104_ses-2_task-renewal_fearROIs_bin_SN.csv,sub-FC104_ses-2_task-renewal_fearROIs_bin_BN.csv
PTSD,FC104,2,renewal,55,56,13,2,sub-FC104_ses-2_task-renewal_fearROIs_bin_SN.csv,sub-FC104_ses-2_task-renewal_fearROIs_bin_BN.csv
PTSD,FC104,2,renewal,56,57,32,4,sub-FC104_ses-2_task-renewal_fearROIs_bin_SN.csv,sub-FC104_ses-2_task-renewal_fearROIs_bin_BN.csv
PTSD,FC104,2,renewal,57,58,13,2,sub-FC104_ses-2_task-renewal_fearROIs_bin_SN.csv,sub-FC104_ses-2_task-renewal_fearROIs_bin_BN.csv
PTSD,FC104,2,renewal,58,59,13,2,sub-FC104_ses-2_task-renewal_fearROIs_bin_SN.csv,sub-FC104_ses-2_task-renewal_fearROIs_bin_BN.csv
PTSD,FC104,2,renewal,59,60,20,3,sub-FC104_ses-2_task-renewal_fearROIs_bin_SN.csv,sub-FC104_ses-2_task-renewal_fearROIs_bin_BN.csv
PTSD,FC104,2,renewal,60,61,19,3,sub-FC104_ses-2_task-renewal_fearROIs_bin_SN.csv,sub-FC104_ses-2_task-renewal_fearROIs_bin_BN.csv
PTSD,FC104,2,renewal,61,62,17,1,sub-FC104_ses-2_task-renewal_fearROIs_bin_SN.csv,sub-FC104_ses-2_task-renewal_fearROIs_bin_BN.csv
PTSD,FC104,2,renewal,62,63,32,4,sub-FC104_ses-2_task-renewal_fearROIs_bin_SN.csv,sub-FC104_ses-2_task-renewal_fearROIs_bin_BN.csv
PTSD,FC104,2,renewal,63,64,5,1,sub-FC104_ses-2_task-renewal_fearROIs_bin_SN.csv,sub-FC104_ses-2_task-renewal_fearROIs_bin_BN.csv
PTSD,FC104,2,renewal,64,65,8,3,sub-FC104_ses-2_task-renewal_fearROIs_bin_SN.csv,sub-FC104_ses-2_task-renewal_fearROIs_bin_BN.csv
PTSD,FC104,2,renewal,65,66,1,1,sub-FC104_ses-2_task-renewal_fearROIs_bin_SN.csv,sub-FC104_ses-2_task-renewal_fearROIs_bin_BN.csv
PTSD,FC104,2,renewal,66,67,31,4,sub-FC104_ses-2_task-renewal_fearROIs_bin_SN.csv,sub-FC104_ses-2_task-renewal_fearROIs_bin_BN.csv
PTSD,FC104,2,renewal,67,68,20,3,sub-FC104_ses-2_task-renewal_fearROIs_bin_SN.csv,sub-FC104_ses-2_task-renewal_fearROIs_bin_BN.csv
PTSD,FC104,2,renewal,68,69,4,3,sub-FC104_ses-2_task-renewal_fearROIs_bin_SN.csv,sub-FC104_ses-2_task-renewal_fearROIs_bin_BN.csv
PTSD,FC104,2,renewal,69,70,3,1,sub-FC104_ses-2_task-renewal_fearROIs_bin_SN.csv,sub-FC104_ses-2_task-renewal_fearROIs_bin_BN.csv
PTSD,FC104,2,renewal,70,71,2,1,sub-FC104_ses-2_task-renewal_fearROIs_bin_SN.csv,sub-FC104_ses-2_task-renewal_fearROIs_bin_BN.csv
PTSD,FC104,2,renewal,71,72,13,2,sub-FC104_ses-2_task-renewal_fearROIs_bin_SN.csv,sub-FC104_ses-2_task-renewal_fearROIs_bin_BN.csv
PTSD,FC104,2,renewal,72,73,14,2,sub-FC104_ses-2_task-renewal_fearROIs_bin_SN.csv,sub-FC104_ses-2_task-renewal_fearROIs_bin_BN.csv
PTSD,FC104,2,renewal,73,74,17,1,sub-FC104_ses-2_task-renewal_fearROIs_bin_SN.csv,sub-FC104_ses-2_task-renewal_fearROIs_bin_BN.csv
PTSD,FC104,2,renewal,74,75,29,2,sub-FC104_ses-2_task-renewal_fearROIs_bin_SN.csv,sub-FC104_ses-2_task-renewal_fearROIs_bin_BN.csv
PTSD,FC104,2,renewal,75,76,20,3,sub-FC104_ses-2_task-renewal_fearROIs_bin_SN.csv,sub-FC104_ses-2_task-renewal_fearROIs_bin_BN.csv
PTSD,FC104,2,renewal,76,77,18,3,sub-FC104_ses-2_task-renewal_fearROIs_bin_SN.csv,sub-FC104_ses-2_task-renewal_fearROIs_bin_BN.csv
PTSD,FC104,2,renewal,77,78,29,2,sub-FC104_ses-2_task-renewal_fearROIs_bin_SN.csv,sub-FC104_ses-2_task-renewal_fearROIs_bin_BN.csv
PTSD,FC104,2,renewal,78,79,32,4,sub-FC104_ses-2_task-renewal_fearROIs_bin_SN.csv,sub-FC104_ses-2_task-renewal_fearROIs_bin_BN.csv
PTSD,FC104,2,renewal,79,80,29,2,sub-FC104_ses-2_task-renewal_fearROIs_bin_SN.csv,sub-FC104_ses-2_task-renewal_fearROIs_bin_BN.csv
PTSD,FC104,2,renewal,80,81,28,4,sub-FC104_ses-2_task-renewal_fearROIs_bin_SN.csv,sub-FC104_ses-2_task-renewal_fearROIs_bin_BN.csv
PTSD,FC104,2,renewal,81,82,4,3,sub-FC104_ses-2_task-renewal_fearROIs_bin_SN.csv,sub-FC104_ses-2_task-renewal_fearROIs_bin_BN.csv
PTSD,FC104,2,renewal,82,83,5,1,sub-FC104_ses-2_task-renewal_fearROIs_bin_SN.csv,sub-FC104_ses-2_task-renewal_fearROIs_bin_BN.csv
PTSD,FC104,2,renewal,83,84,4,3,sub-FC104_ses-2_task-renewal_fearROIs_bin_SN.csv,sub-FC104_ses-2_task-renewal_fearROIs_bin_BN.csv
PTSD,FC104,2,renewal,84,85,32,4,sub-FC104_ses-2_task-renewal_fearROIs_bin_SN.csv,sub-FC104_ses-2_task-renewal_fearROIs_bin_BN.csv
PTSD,FC104,2,renewal,85,86,13,2,sub-FC104_ses-2_task-renewal_fearROIs_bin_SN.csv,sub-FC104_ses-2_task-renewal_fearROIs_bin_BN.csv
PTSD,FC104,2,renewal,86,87,4,3,sub-FC104_ses-2_task-renewal_fearROIs_bin_SN.csv,sub-FC104_ses-2_task-renewal_fearROIs_bin_BN.csv
PTSD,FC104,2,renewal,87,88,2,1,sub-FC104_ses-2_task-renewal_fearROIs_bin_SN.csv,sub-FC104_ses-2_task-renewal_fearROIs_bin_BN.csv
PTSD,FC104,2,renewal,88,89,1,1,sub-FC104_ses-2_task-renewal_fearROIs_bin_SN.csv,sub-FC104_ses-2_task-renewal_fearROIs_bin_BN.csv
PTSD,FC104,2,renewal,89,90,19,3,sub-FC104_ses-2_task-renewal_fearROIs_bin_SN.csv,sub-FC104_ses-2_task-renewal_fearROIs_bin_BN.csv
PTSD,FC104,2,renewal,90,91,20,3,sub-FC104_ses-2_task-renewal_fearROIs_bin_SN.csv,sub-FC104_ses-2_task-renewal_fearROIs_bin_BN.csv
PTSD,FC104,2,renewal,91,92,25,1,sub-FC104_ses-2_task-renewal_fearROIs_bin_SN.csv,sub-FC104_ses-2_task-renewal_fearROIs_bin_BN.csv
PTSD,FC104,2,renewal,92,93,19,3,sub-FC104_ses-2_task-renewal_fearROIs_bin_SN.csv,sub-FC104_ses-2_task-renewal_fearROIs_bin_BN.csv
PTSD,FC104,2,renewal,93,94,20,3,sub-FC104_ses-2_task-renewal_fearROIs_bin_SN.csv,sub-FC104_ses-2_task-renewal_fearROIs_bin_BN.csv
PTSD,FC104,2,renewal,94,95,29,2,sub-FC104_ses-2_task-renewal_fearROIs_bin_SN.csv,sub-FC104_ses-2_task-renewal_fearROIs_bin_BN.csv
PTSD,FC104,2,renewal,95,96,16,4,sub-FC104_ses-2_task-renewal_fearROIs_bin_SN.csv,sub-FC104_ses-2_task-renewal_fearROIs_bin_BN.csv
PTSD,FC104,2,renewal,96,97,4,3,sub-FC104_ses-2_task-renewal_fearROIs_bin_SN.csv,sub-FC104_ses-2_task-renewal_fearROIs_bin_BN.csv
PTSD,FC104,2,renewal,97,98,13,2,sub-FC104_ses-2_task-renewal_fearROIs_bin_SN.csv,sub-FC104_ses-2_task-renewal_fearROIs_bin_BN.csv
PTSD,FC104,2,renewal,98,99,9,1,sub-FC104_ses-2_task-renewal_fearROIs_bin_SN.csv,sub-FC104_ses-2_task-renewal_fearROIs_bin_BN.csv
PTSD,FC104,2,renewal,99,100,32,4,sub-FC104_ses-2_task-renewal_fearROIs_bin_SN.csv,sub-FC104_ses-2_task-renewal_fearROIs_bin_BN.csv
PTSD,FC104,2,renewal,100,101,29,2,sub-FC104_ses-2_task-renewal_fearROIs_bin_SN.csv,sub-FC104_ses-2_task-renewal_fearROIs_bin_BN.csv
PTSD,FC104,2,renewal,101,102,16,4,sub-FC104_ses-2_task-renewal_fearROIs_bin_SN.csv,sub-FC104_ses-2_task-renewal_fearROIs_bin_BN.csv
PTSD,FC104,2,renewal,102,103,4,3,sub-FC104_ses-2_task-renewal_fearROIs_bin_SN.csv,sub-FC104_ses-2_task-renewal_fearROIs_bin_BN.csv
PTSD,FC104,2,renewal,103,104,5,1,sub-FC104_ses-2_task-renewal_fearROIs_bin_SN.csv,sub-FC104_ses-2_task-renewal_fearROIs_bin_BN.csv
PTSD,FC104,2,renewal,104,105,9,1,sub-FC104_ses-2_task-renewal_fearROIs_bin_SN.csv,sub-FC104_ses-2_task-renewal_fearROIs_bin_BN.csv
PTSD,FC104,2,renewal,105,106,4,3,sub-FC104_ses-2_task-renewal_fearROIs_bin_SN.csv,sub-FC104_ses-2_task-renewal_fearROIs_bin_BN.csv
PTSD,FC104,2,renewal,106,107,29,2,sub-FC104_ses-2_task-renewal_fearROIs_bin_SN.csv,sub-FC104_ses-2_task-renewal_fearROIs_bin_BN.csv
PTSD,FC104,2,renewal,107,108,9,1,sub-FC104_ses-2_task-renewal_fearROIs_bin_SN.csv,sub-FC104_ses-2_task-renewal_fearROIs_bin_BN.csv
PTSD,FC104,2,renewal,108,109,4,3,sub-FC104_ses-2_task-renewal_fearROIs_bin_SN.csv,sub-FC104_ses-2_task-renewal_fearROIs_bin_BN.csv
PTSD,FC104,2,renewal,109,110,18,3,sub-FC104_ses-2_task-renewal_fearROIs_bin_SN.csv,sub-FC104_ses-2_task-renewal_fearROIs_bin_BN.csv
PTSD,FC104,2,renewal,110,111,29,2,sub-FC104_ses-2_task-renewal_fearROIs_bin_SN.csv,sub-FC104_ses-2_task-renewal_fearROIs_bin_BN.csv
PTSD,FC104,2,renewal,111,112,8,3,sub-FC104_ses-2_task-renewal_fearROIs_bin_SN.csv,sub-FC104_ses-2_task-renewal_fearROIs_bin_BN.csv
PTSD,FC104,2,renewal,112,113,23,4,sub-FC104_ses-2_task-renewal_fearROIs_bin_SN.csv,sub-FC104_ses-2_task-renewal_fearROIs_bin_BN.csv
PTSD,FC104,2,renewal,113,114,15,2,sub-FC104_ses-2_task-renewal_fearROIs_bin_SN.csv,sub-FC104_ses-2_task-renewal_fearROIs_bin_BN.csv
PTSD,FC105,2,renewal,0,1,30,4,sub-FC105_ses-2_task-renewal_fearROIs_bin_SN.csv,sub-FC105_ses-2_task-renewal_fearROIs_bin_BN.csv
PTSD,FC105,2,renewal,1,2,25,1,sub-FC105_ses-2_task-renewal_fearROIs_bin_SN.csv,sub-FC105_ses-2_task-renewal_fearROIs_bin_BN.csv
PTSD,FC105,2,renewal,2,3,28,4,sub-FC105_ses-2_task-renewal_fearROIs_bin_SN.csv,sub-FC105_ses-2_task-renewal_fearROIs_bin_BN.csv
PTSD,FC105,2,renewal,3,4,24,4,sub-FC105_ses-2_task-renewal_fearROIs_bin_SN.csv,sub-FC105_ses-2_task-renewal_fearROIs_bin_BN.csv
PTSD,FC105,2,renewal,4,5,24,4,sub-FC105_ses-2_task-renewal_fearROIs_bin_SN.csv,sub-FC105_ses-2_task-renewal_fearROIs_bin_BN.csv
PTSD,FC105,2,renewal,5,6,4,3,sub-FC105_ses-2_task-renewal_fearROIs_bin_SN.csv,sub-FC105_ses-2_task-renewal_fearROIs_bin_BN.csv
PTSD,FC105,2,renewal,6,7,4,3,sub-FC105_ses-2_task-renewal_fearROIs_bin_SN.csv,sub-FC105_ses-2_task-renewal_fearROIs_bin_BN.csv
PTSD,FC105,2,renewal,7,8,13,2,sub-FC105_ses-2_task-renewal_fearROIs_bin_SN.csv,sub-FC105_ses-2_task-renewal_fearROIs_bin_BN.csv
PTSD,FC105,2,renewal,8,9,13,2,sub-FC105_ses-2_task-renewal_fearROIs_bin_SN.csv,sub-FC105_ses-2_task-renewal_fearROIs_bin_BN.csv
PTSD,FC105,2,renewal,9,10,29,2,sub-FC105_ses-2_task-renewal_fearROIs_bin_SN.csv,sub-FC105_ses-2_task-renewal_fearROIs_bin_BN.csv
PTSD,FC105,2,renewal,10,11,1,1,sub-FC105_ses-2_task-renewal_fearROIs_bin_SN.csv,sub-FC105_ses-2_task-renewal_fearROIs_bin_BN.csv
PTSD,FC105,2,renewal,11,12,10,1,sub-FC105_ses-2_task-renewal_fearROIs_bin_SN.csv,sub-FC105_ses-2_task-renewal_fearROIs_bin_BN.csv
PTSD,FC105,2,renewal,12,13,10,1,sub-FC105_ses-2_task-renewal_fearROIs_bin_SN.csv,sub-FC105_ses-2_task-renewal_fearROIs_bin_BN.csv
PTSD,FC105,2,renewal,13,14,12,3,sub-FC105_ses-2_task-renewal_fearROIs_bin_SN.csv,sub-FC105_ses-2_task-renewal_fearROIs_bin_BN.csv
PTSD,FC105,2,renewal,14,15,5,1,sub-FC105_ses-2_task-renewal_fearROIs_bin_SN.csv,sub-FC105_ses-2_task-renewal_fearROIs_bin_BN.csv
PTSD,FC105,2,renewal,15,16,17,1,sub-FC105_ses-2_task-renewal_fearROIs_bin_SN.csv,sub-FC105_ses-2_task-renewal_fearROIs_bin_BN.csv
PTSD,FC105,2,renewal,16,17,23,4,sub-FC105_ses-2_task-renewal_fearROIs_bin_SN.csv,sub-FC105_ses-2_task-renewal_fearROIs_bin_BN.csv
PTSD,FC105,2,renewal,17,18,32,4,sub-FC105_ses-2_task-renewal_fearROIs_bin_SN.csv,sub-FC105_ses-2_task-renewal_fearROIs_bin_BN.csv
PTSD,FC105,2,renewal,18,19,26,4,sub-FC105_ses-2_task-renewal_fearROIs_bin_SN.csv,sub-FC105_ses-2_task-renewal_fearROIs_bin_BN.csv
PTSD,FC105,2,renewal,19,20,3,1,sub-FC105_ses-2_task-renewal_fearROIs_bin_SN.csv,sub-FC105_ses-2_task-renewal_fearROIs_bin_BN.csv
PTSD,FC105,2,renewal,20,21,2,1,sub-FC105_ses-2_task-renewal_fearROIs_bin_SN.csv,sub-FC105_ses-2_task-renewal_fearROIs_bin_BN.csv
PTSD,FC105,2,renewal,21,22,32,4,sub-FC105_ses-2_task-renewal_fearROIs_bin_SN.csv,sub-FC105_ses-2_task-renewal_fearROIs_bin_BN.csv
PTSD,FC105,2,renewal,22,23,31,4,sub-FC105_ses-2_task-renewal_fearROIs_bin_SN.csv,sub-FC105_ses-2_task-renewal_fearROIs_bin_BN.csv
PTSD,FC105,2,renewal,23,24,25,1,sub-FC105_ses-2_task-renewal_fearROIs_bin_SN.csv,sub-FC105_ses-2_task-renewal_fearROIs_bin_BN.csv
PTSD,FC105,2,renewal,24,25,24,4,sub-FC105_ses-2_task-renewal_fearROIs_bin_SN.csv,sub-FC105_ses-2_task-renewal_fearROIs_bin_BN.csv
PTSD,FC105,2,renewal,25,26,16,4,sub-FC105_ses-2_task-renewal_fearROIs_bin_SN.csv,sub-FC105_ses-2_task-renewal_fearROIs_bin_BN.csv
PTSD,FC105,2,renewal,26,27,13,2,sub-FC105_ses-2_task-renewal_fearROIs_bin_SN.csv,sub-FC105_ses-2_task-renewal_fearROIs_bin_BN.csv
PTSD,FC105,2,renewal,27,28,13,2,sub-FC105_ses-2_task-renewal_fearROIs_bin_SN.csv,sub-FC105_ses-2_task-renewal_fearROIs_bin_BN.csv
PTSD,FC105,2,renewal,28,29,19,3,sub-FC105_ses-2_task-renewal_fearROIs_bin_SN.csv,sub-FC105_ses-2_task-renewal_fearROIs_bin_BN.csv
PTSD,FC105,2,renewal,29,30,18,3,sub-FC105_ses-2_task-renewal_fearROIs_bin_SN.csv,sub-FC105_ses-2_task-renewal_fearROIs_bin_BN.csv
PTSD,FC105,2,renewal,30,31,2,1,sub-FC105_ses-2_task-renewal_fearROIs_bin_SN.csv,sub-FC105_ses-2_task-renewal_fearROIs_bin_BN.csv
PTSD,FC105,2,renewal,31,32,16,4,sub-FC105_ses-2_task-renewal_fearROIs_bin_SN.csv,sub-FC105_ses-2_task-renewal_fearROIs_bin_BN.csv
PTSD,FC105,2,renewal,32,33,19,3,sub-FC105_ses-2_task-renewal_fearROIs_bin_SN.csv,sub-FC105_ses-2_task-renewal_fearROIs_bin_BN.csv
PTSD,FC105,2,renewal,33,34,26,4,sub-FC105_ses-2_task-renewal_fearROIs_bin_SN.csv,sub-FC105_ses-2_task-renewal_fearROIs_bin_BN.csv
PTSD,FC105,2,renewal,34,35,1,1,sub-FC105_ses-2_task-renewal_fearROIs_bin_SN.csv,sub-FC105_ses-2_task-renewal_fearROIs_bin_BN.csv
PTSD,FC105,2,renewal,35,36,1,1,sub-FC105_ses-2_task-renewal_fearROIs_bin_SN.csv,sub-FC105_ses-2_task-renewal_fearROIs_bin_BN.csv
PTSD,FC105,2,renewal,36,37,6,1,sub-FC105_ses-2_task-renewal_fearROIs_bin_SN.csv,sub-FC105_ses-2_task-renewal_fearROIs_bin_BN.csv
PTSD,FC105,2,renewal,37,38,7,1,sub-FC105_ses-2_task-renewal_fearROIs_bin_SN.csv,sub-FC105_ses-2_task-renewal_fearROIs_bin_BN.csv
PTSD,FC105,2,renewal,38,39,27,4,sub-FC105_ses-2_task-renewal_fearROIs_bin_SN.csv,sub-FC105_ses-2_task-renewal_fearROIs_bin_BN.csv
PTSD,FC105,2,renewal,39,40,28,4,sub-FC105_ses-2_task-renewal_fearROIs_bin_SN.csv,sub-FC105_ses-2_task-renewal_fearROIs_bin_BN.csv
PTSD,FC105,2,renewal,40,41,1,1,sub-FC105_ses-2_task-renewal_fearROIs_bin_SN.csv,sub-FC105_ses-2_task-renewal_fearROIs_bin_BN.csv
PTSD,FC105,2,renewal,41,42,2,1,sub-FC105_ses-2_task-renewal_fearROIs_bin_SN.csv,sub-FC105_ses-2_task-renewal_fearROIs_bin_BN.csv
PTSD,FC105,2,renewal,42,43,16,4,sub-FC105_ses-2_task-renewal_fearROIs_bin_SN.csv,sub-FC105_ses-2_task-renewal_fearROIs_bin_BN.csv
PTSD,FC105,2,renewal,43,44,31,4,sub-FC105_ses-2_task-renewal_fearROIs_bin_SN.csv,sub-FC105_ses-2_task-renewal_fearROIs_bin_BN.csv
PTSD,FC105,2,renewal,44,45,31,4,sub-FC105_ses-2_task-renewal_fearROIs_bin_SN.csv,sub-FC105_ses-2_task-renewal_fearROIs_bin_BN.csv
PTSD,FC105,2,renewal,45,46,24,4,sub-FC105_ses-2_task-renewal_fearROIs_bin_SN.csv,sub-FC105_ses-2_task-renewal_fearROIs_bin_BN.csv
PTSD,FC105,2,renewal,46,47,1,1,sub-FC105_ses-2_task-renewal_fearROIs_bin_SN.csv,sub-FC105_ses-2_task-renewal_fearROIs_bin_BN.csv
PTSD,FC105,2,renewal,47,48,8,3,sub-FC105_ses-2_task-renewal_fearROIs_bin_SN.csv,sub-FC105_ses-2_task-renewal_fearROIs_bin_BN.csv
PTSD,FC105,2,renewal,48,49,32,4,sub-FC105_ses-2_task-renewal_fearROIs_bin_SN.csv,sub-FC105_ses-2_task-renewal_fearROIs_bin_BN.csv
PTSD,FC105,2,renewal,49,50,9,1,sub-FC105_ses-2_task-renewal_fearROIs_bin_SN.csv,sub-FC105_ses-2_task-renewal_fearROIs_bin_BN.csv
PTSD,FC105,2,renewal,50,51,20,3,sub-FC105_ses-2_task-renewal_fearROIs_bin_SN.csv,sub-FC105_ses-2_task-renewal_fearROIs_bin_BN.csv
PTSD,FC105,2,renewal,51,52,24,4,sub-FC105_ses-2_task-renewal_fearROIs_bin_SN.csv,sub-FC105_ses-2_task-renewal_fearROIs_bin_BN.csv
PTSD,FC105,2,renewal,52,53,24,4,sub-FC105_ses-2_task-renewal_fearROIs_bin_SN.csv,sub-FC105_ses-2_task-renewal_fearROIs_bin_BN.csv
PTSD,FC105,2,renewal,53,54,29,2,sub-FC105_ses-2_task-renewal_fearROIs_bin_SN.csv,sub-FC105_ses-2_task-renewal_fearROIs_bin_BN.csv
PTSD,FC105,2,renewal,54,55,9,1,sub-FC105_ses-2_task-renewal_fearROIs_bin_SN.csv,sub-FC105_ses-2_task-renewal_fearROIs_bin_BN.csv
PTSD,FC105,2,renewal,55,56,3,1,sub-FC105_ses-2_task-renewal_fearROIs_bin_SN.csv,sub-FC105_ses-2_task-renewal_fearROIs_bin_BN.csv
PTSD,FC105,2,renewal,56,57,1,1,sub-FC105_ses-2_task-renewal_fearROIs_bin_SN.csv,sub-FC105_ses-2_task-renewal_fearROIs_bin_BN.csv
PTSD,FC105,2,renewal,57,58,7,1,sub-FC105_ses-2_task-renewal_fearROIs_bin_SN.csv,sub-FC105_ses-2_task-renewal_fearROIs_bin_BN.csv
PTSD,FC105,2,renewal,58,59,23,4,sub-FC105_ses-2_task-renewal_fearROIs_bin_SN.csv,sub-FC105_ses-2_task-renewal_fearROIs_bin_BN.csv
PTSD,FC105,2,renewal,59,60,30,4,sub-FC105_ses-2_task-renewal_fearROIs_bin_SN.csv,sub-FC105_ses-2_task-renewal_fearROIs_bin_BN.csv
PTSD,FC105,2,renewal,60,61,32,4,sub-FC105_ses-2_task-renewal_fearROIs_bin_SN.csv,sub-FC105_ses-2_task-renewal_fearROIs_bin_BN.csv
PTSD,FC105,2,renewal,61,62,24,4,sub-FC105_ses-2_task-renewal_fearROIs_bin_SN.csv,sub-FC105_ses-2_task-renewal_fearROIs_bin_BN.csv
PTSD,FC105,2,renewal,62,63,21,1,sub-FC105_ses-2_task-renewal_fearROIs_bin_SN.csv,sub-FC105_ses-2_task-renewal_fearROIs_bin_BN.csv
PTSD,FC105,2,renewal,63,64,29,2,sub-FC105_ses-2_task-renewal_fearROIs_bin_SN.csv,sub-FC105_ses-2_task-renewal_fearROIs_bin_BN.csv
PTSD,FC105,2,renewal,64,65,29,2,sub-FC105_ses-2_task-renewal_fearROIs_bin_SN.csv,sub-FC105_ses-2_task-renewal_fearROIs_bin_BN.csv
PTSD,FC105,2,renewal,65,66,32,4,sub-FC105_ses-2_task-renewal_fearROIs_bin_SN.csv,sub-FC105_ses-2_task-renewal_fearROIs_bin_BN.csv
PTSD,FC105,2,renewal,66,67,28,4,sub-FC105_ses-2_task-renewal_fearROIs_bin_SN.csv,sub-FC105_ses-2_task-renewal_fearROIs_bin_BN.csv
PTSD,FC105,2,renewal,67,68,28,4,sub-FC105_ses-2_task-renewal_fearROIs_bin_SN.csv,sub-FC105_ses-2_task-renewal_fearROIs_bin_BN.csv
PTSD,FC105,2,renewal,68,69,1,1,sub-FC105_ses-2_task-renewal_fearROIs_bin_SN.csv,sub-FC105_ses-2_task-renewal_fearROIs_bin_BN.csv
PTSD,FC105,2,renewal,69,70,9,1,sub-FC105_ses-2_task-renewal_fearROIs_bin_SN.csv,sub-FC105_ses-2_task-renewal_fearROIs_bin_BN.csv
PTSD,FC105,2,renewal,70,71,4,3,sub-FC105_ses-2_task-renewal_fearROIs_bin_SN.csv,sub-FC105_ses-2_task-renewal_fearROIs_bin_BN.csv
PTSD,FC105,2,renewal,71,72,2,1,sub-FC105_ses-2_task-renewal_fearROIs_bin_SN.csv,sub-FC105_ses-2_task-renewal_fearROIs_bin_BN.csv
PTSD,FC105,2,renewal,72,73,1,1,sub-FC105_ses-2_task-renewal_fearROIs_bin_SN.csv,sub-FC105_ses-2_task-renewal_fearROIs_bin_BN.csv
PTSD,FC105,2,renewal,73,74,1,1,sub-FC105_ses-2_task-renewal_fearROIs_bin_SN.csv,sub-FC105_ses-2_task-renewal_fearROIs_bin_BN.csv
PTSD,FC105,2,renewal,74,75,8,3,sub-FC105_ses-2_task-renewal_fearROIs_bin_SN.csv,sub-FC105_ses-2_task-renewal_fearROIs_bin_BN.csv
PTSD,FC105,2,renewal,75,76,13,2,sub-FC105_ses-2_task-renewal_fearROIs_bin_SN.csv,sub-FC105_ses-2_task-renewal_fearROIs_bin_BN.csv
PTSD,FC105,2,renewal,76,77,10,1,sub-FC105_ses-2_task-renewal_fearROIs_bin_SN.csv,sub-FC105_ses-2_task-renewal_fearROIs_bin_BN.csv
PTSD,FC105,2,renewal,77,78,14,2,sub-FC105_ses-2_task-renewal_fearROIs_bin_SN.csv,sub-FC105_ses-2_task-renewal_fearROIs_bin_BN.csv
PTSD,FC105,2,renewal,78,79,13,2,sub-FC105_ses-2_task-renewal_fearROIs_bin_SN.csv,sub-FC105_ses-2_task-renewal_fearROIs_bin_BN.csv
PTSD,FC105,2,renewal,79,80,3,1,sub-FC105_ses-2_task-renewal_fearROIs_bin_SN.csv,sub-FC105_ses-2_task-renewal_fearROIs_bin_BN.csv
PTSD,FC105,2,renewal,80,81,19,3,sub-FC105_ses-2_task-renewal_fearROIs_bin_SN.csv,sub-FC105_ses-2_task-renewal_fearROIs_bin_BN.csv
PTSD,FC105,2,renewal,81,82,20,3,sub-FC105_ses-2_task-renewal_fearROIs_bin_SN.csv,sub-FC105_ses-2_task-renewal_fearROIs_bin_BN.csv
PTSD,FC105,2,renewal,82,83,32,4,sub-FC105_ses-2_task-renewal_fearROIs_bin_SN.csv,sub-FC105_ses-2_task-renewal_fearROIs_bin_BN.csv
PTSD,FC105,2,renewal,83,84,29,2,sub-FC105_ses-2_task-renewal_fearROIs_bin_SN.csv,sub-FC105_ses-2_task-renewal_fearROIs_bin_BN.csv
PTSD,FC106,2,renewal,0,1,29,2,sub-FC106_ses-2_task-renewal_fearROIs_bin_SN.csv,sub-FC106_ses-2_task-renewal_fearROIs_bin_BN.csv
PTSD,FC106,2,renewal,1,2,27,4,sub-FC106_ses-2_task-renewal_fearROIs_bin_SN.csv,sub-FC106_ses-2_task-renewal_fearROIs_bin_BN.csv
PTSD,FC106,2,renewal,2,3,19,3,sub-FC106_ses-2_task-renewal_fearROIs_bin_SN.csv,sub-FC106_ses-2_task-renewal_fearROIs_bin_BN.csv
PTSD,FC106,2,renewal,3,4,13,2,sub-FC106_ses-2_task-renewal_fearROIs_bin_SN.csv,sub-FC106_ses-2_task-renewal_fearROIs_bin_BN.csv
PTSD,FC106,2,renewal,4,5,13,2,sub-FC106_ses-2_task-renewal_fearROIs_bin_SN.csv,sub-FC106_ses-2_task-renewal_fearROIs_bin_BN.csv
PTSD,FC106,2,renewal,5,6,6,1,sub-FC106_ses-2_task-renewal_fearROIs_bin_SN.csv,sub-FC106_ses-2_task-renewal_fearROIs_bin_BN.csv
PTSD,FC106,2,renewal,6,7,7,1,sub-FC106_ses-2_task-renewal_fearROIs_bin_SN.csv,sub-FC106_ses-2_task-renewal_fearROIs_bin_BN.csv
PTSD,FC106,2,renewal,7,8,20,3,sub-FC106_ses-2_task-renewal_fearROIs_bin_SN.csv,sub-FC106_ses-2_task-renewal_fearROIs_bin_BN.csv
PTSD,FC106,2,renewal,8,9,30,4,sub-FC106_ses-2_task-renewal_fearROIs_bin_SN.csv,sub-FC106_ses-2_task-renewal_fearROIs_bin_BN.csv
PTSD,FC106,2,renewal,9,10,1,1,sub-FC106_ses-2_task-renewal_fearROIs_bin_SN.csv,sub-FC106_ses-2_task-renewal_fearROIs_bin_BN.csv
PTSD,FC106,2,renewal,10,11,23,4,sub-FC106_ses-2_task-renewal_fearROIs_bin_SN.csv,sub-FC106_ses-2_task-renewal_fearROIs_bin_BN.csv
PTSD,FC106,2,renewal,11,12,5,1,sub-FC106_ses-2_task-renewal_fearROIs_bin_SN.csv,sub-FC106_ses-2_task-renewal_fearROIs_bin_BN.csv
PTSD,FC106,2,renewal,12,13,15,2,sub-FC106_ses-2_task-renewal_fearROIs_bin_SN.csv,sub-FC106_ses-2_task-renewal_fearROIs_bin_BN.csv
PTSD,FC106,2,renewal,13,14,31,4,sub-FC106_ses-2_task-renewal_fearROIs_bin_SN.csv,sub-FC106_ses-2_task-renewal_fearROIs_bin_BN.csv
PTSD,FC106,2,renewal,14,15,18,3,sub-FC106_ses-2_task-renewal_fearROIs_bin_SN.csv,sub-FC106_ses-2_task-renewal_fearROIs_bin_BN.csv
PTSD,FC106,2,renewal,15,16,20,3,sub-FC106_ses-2_task-renewal_fearROIs_bin_SN.csv,sub-FC106_ses-2_task-renewal_fearROIs_bin_BN.csv
PTSD,FC106,2,renewal,16,17,1,1,sub-FC106_ses-2_task-renewal_fearROIs_bin_SN.csv,sub-FC106_ses-2_task-renewal_fearROIs_bin_BN.csv
PTSD,FC106,2,renewal,17,18,20,3,sub-FC106_ses-2_task-renewal_fearROIs_bin_SN.csv,sub-FC106_ses-2_task-renewal_fearROIs_bin_BN.csv
PTSD,FC106,2,renewal,18,19,4,3,sub-FC106_ses-2_task-renewal_fearROIs_bin_SN.csv,sub-FC106_ses-2_task-renewal_fearROIs_bin_BN.csv
PTSD,FC106,2,renewal,19,20,2,1,sub-FC106_ses-2_task-renewal_fearROIs_bin_SN.csv,sub-FC106_ses-2_task-renewal_fearROIs_bin_BN.csv
PTSD,FC106,2,renewal,20,21,31,4,sub-FC106_ses-2_task-renewal_fearROIs_bin_SN.csv,sub-FC106_ses-2_task-renewal_fearROIs_bin_BN.csv
PTSD,FC106,2,renewal,21,22,28,4,sub-FC106_ses-2_task-renewal_fearROIs_bin_SN.csv,sub-FC106_ses-2_task-renewal_fearROIs_bin_BN.csv
PTSD,FC106,2,renewal,22,23,14,2,sub-FC106_ses-2_task-renewal_fearROIs_bin_SN.csv,sub-FC106_ses-2_task-renewal_fearROIs_bin_BN.csv
PTSD,FC106,2,renewal,23,24,11,1,sub-FC106_ses-2_task-renewal_fearROIs_bin_SN.csv,sub-FC106_ses-2_task-renewal_fearROIs_bin_BN.csv
PTSD,FC106,2,renewal,24,25,32,4,sub-FC106_ses-2_task-renewal_fearROIs_bin_SN.csv,sub-FC106_ses-2_task-renewal_fearROIs_bin_BN.csv
PTSD,FC106,2,renewal,25,26,20,3,sub-FC106_ses-2_task-renewal_fearROIs_bin_SN.csv,sub-FC106_ses-2_task-renewal_fearROIs_bin_BN.csv
PTSD,FC106,2,renewal,26,27,20,3,sub-FC106_ses-2_task-renewal_fearROIs_bin_SN.csv,sub-FC106_ses-2_task-renewal_fearROIs_bin_BN.csv
PTSD,FC106,2,renewal,27,28,17,1,sub-FC106_ses-2_task-renewal_fearROIs_bin_SN.csv,sub-FC106_ses-2_task-renewal_fearROIs_bin_BN.csv
PTSD,FC106,2,renewal,28,29,18,3,sub-FC106_ses-2_task-renewal_fearROIs_bin_SN.csv,sub-FC106_ses-2_task-renewal_fearROIs_bin_BN.csv
PTSD,FC106,2,renewal,29,30,32,4,sub-FC106_ses-2_task-renewal_fearROIs_bin_SN.csv,sub-FC106_ses-2_task-renewal_fearROIs_bin_BN.csv
PTSD,FC106,2,renewal,30,31,12,3,sub-FC106_ses-2_task-renewal_fearROIs_bin_SN.csv,sub-FC106_ses-2_task-renewal_fearROIs_bin_BN.csv
PTSD,FC106,2,renewal,31,32,2,1,sub-FC106_ses-2_task-renewal_fearROIs_bin_SN.csv,sub-FC106_ses-2_task-renewal_fearROIs_bin_BN.csv
PTSD,FC106,2,renewal,32,33,17,1,sub-FC106_ses-2_task-renewal_fearROIs_bin_SN.csv,sub-FC106_ses-2_task-renewal_fearROIs_bin_BN.csv
PTSD,FC106,2,renewal,33,34,32,4,sub-FC106_ses-2_task-renewal_fearROIs_bin_SN.csv,sub-FC106_ses-2_task-renewal_fearROIs_bin_BN.csv
PTSD,FC106,2,renewal,34,35,29,2,sub-FC106_ses-2_task-renewal_fearROIs_bin_SN.csv,sub-FC106_ses-2_task-renewal_fearROIs_bin_BN.csv
PTSD,FC106,2,renewal,35,36,1,1,sub-FC106_ses-2_task-renewal_fearROIs_bin_SN.csv,sub-FC106_ses-2_task-renewal_fearROIs_bin_BN.csv
PTSD,FC106,2,renewal,36,37,27,4,sub-FC106_ses-2_task-renewal_fearROIs_bin_SN.csv,sub-FC106_ses-2_task-renewal_fearROIs_bin_BN.csv
PTSD,FC106,2,renewal,37,38,1,1,sub-FC106_ses-2_task-renewal_fearROIs_bin_SN.csv,sub-FC106_ses-2_task-renewal_fearROIs_bin_BN.csv
PTSD,FC106,2,renewal,38,39,6,1,sub-FC106_ses-2_task-renewal_fearROIs_bin_SN.csv,sub-FC106_ses-2_task-renewal_fearROIs_bin_BN.csv
PTSD,FC106,2,renewal,39,40,3,1,sub-FC106_ses-2_task-renewal_fearROIs_bin_SN.csv,sub-FC106_ses-2_task-renewal_fearROIs_bin_BN.csv
PTSD,FC106,2,renewal,40,41,32,4,sub-FC106_ses-2_task-renewal_fearROIs_bin_SN.csv,sub-FC106_ses-2_task-renewal_fearROIs_bin_BN.csv
PTSD,FC106,2,renewal,41,42,32,4,sub-FC106_ses-2_task-renewal_fearROIs_bin_SN.csv,sub-FC106_ses-2_task-renewal_fearROIs_bin_BN.csv
PTSD,FC106,2,renewal,42,43,29,2,sub-FC106_ses-2_task-renewal_fearROIs_bin_SN.csv,sub-FC106_ses-2_task-renewal_fearROIs_bin_BN.csv
PTSD,FC106,2,renewal,43,44,14,2,sub-FC106_ses-2_task-renewal_fearROIs_bin_SN.csv,sub-FC106_ses-2_task-renewal_fearROIs_bin_BN.csv
PTSD,FC106,2,renewal,44,45,12,3,sub-FC106_ses-2_task-renewal_fearROIs_bin_SN.csv,sub-FC106_ses-2_task-renewal_fearROIs_bin_BN.csv
PTSD,FC106,2,renewal,45,46,23,4,sub-FC106_ses-2_task-renewal_fearROIs_bin_SN.csv,sub-FC106_ses-2_task-renewal_fearROIs_bin_BN.csv
PTSD,FC106,2,renewal,46,47,13,2,sub-FC106_ses-2_task-renewal_fearROIs_bin_SN.csv,sub-FC106_ses-2_task-renewal_fearROIs_bin_BN.csv
PTSD,FC106,2,renewal,47,48,9,1,sub-FC106_ses-2_task-renewal_fearROIs_bin_SN.csv,sub-FC106_ses-2_task-renewal_fearROIs_bin_BN.csv
PTSD,FC106,2,renewal,48,49,6,1,sub-FC106_ses-2_task-renewal_fearROIs_bin_SN.csv,sub-FC106_ses-2_task-renewal_fearROIs_bin_BN.csv
PTSD,FC106,2,renewal,49,50,31,4,sub-FC106_ses-2_task-renewal_fearROIs_bin_SN.csv,sub-FC106_ses-2_task-renewal_fearROIs_bin_BN.csv
PTSD,FC106,2,renewal,50,51,3,1,sub-FC106_ses-2_task-renewal_fearROIs_bin_SN.csv,sub-FC106_ses-2_task-renewal_fearROIs_bin_BN.csv
PTSD,FC106,2,renewal,51,52,14,2,sub-FC106_ses-2_task-renewal_fearROIs_bin_SN.csv,sub-FC106_ses-2_task-renewal_fearROIs_bin_BN.csv
PTSD,FC106,2,renewal,52,53,32,4,sub-FC106_ses-2_task-renewal_fearROIs_bin_SN.csv,sub-FC106_ses-2_task-renewal_fearROIs_bin_BN.csv
PTSD,FC106,2,renewal,53,54,1,1,sub-FC106_ses-2_task-renewal_fearROIs_bin_SN.csv,sub-FC106_ses-2_task-renewal_fearROIs_bin_BN.csv
PTSD,FC106,2,renewal,54,55,16,4,sub-FC106_ses-2_task-renewal_fearROIs_bin_SN.csv,sub-FC106_ses-2_task-renewal_fearROIs_bin_BN.csv
PTSD,FC106,2,renewal,55,56,3,1,sub-FC106_ses-2_task-renewal_fearROIs_bin_SN.csv,sub-FC106_ses-2_task-renewal_fearROIs_bin_BN.csv
PTSD,FC106,2,renewal,56,57,3,1,sub-FC106_ses-2_task-renewal_fearROIs_bin_SN.csv,sub-FC106_ses-2_task-renewal_fearROIs_bin_BN.csv
PTSD,FC106,2,renewal,57,58,1,1,sub-FC106_ses-2_task-renewal_fearROIs_bin_SN.csv,sub-FC106_ses-2_task-renewal_fearROIs_bin_BN.csv
PTSD,FC106,2,renewal,58,59,2,1,sub-FC106_ses-2_task-renewal_fearROIs_bin_SN.csv,sub-FC106_ses-2_task-renewal_fearROIs_bin_BN.csv
PTSD,FC106,2,renewal,59,60,10,1,sub-FC106_ses-2_task-renewal_fearROIs_bin_SN.csv,sub-FC106_ses-2_task-renewal_fearROIs_bin_BN.csv
PTSD,FC106,2,renewal,60,61,9,1,sub-FC106_ses-2_task-renewal_fearROIs_bin_SN.csv,sub-FC106_ses-2_task-renewal_fearROIs_bin_BN.csv
PTSD,FC106,2,renewal,61,62,32,4,sub-FC106_ses-2_task-renewal_fearROIs_bin_SN.csv,sub-FC106_ses-2_task-renewal_fearROIs_bin_BN.csv
PTSD,FC106,2,renewal,62,63,20,3,sub-FC106_ses-2_task-renewal_fearROIs_bin_SN.csv,sub-FC106_ses-2_task-renewal_fearROIs_bin_BN.csv
PTSD,FC106,2,renewal,63,64,1,1,sub-FC106_ses-2_task-renewal_fearROIs_bin_SN.csv,sub-FC106_ses-2_task-renewal_fearROIs_bin_BN.csv
PTSD,FC106,2,renewal,64,65,29,2,sub-FC106_ses-2_task-renewal_fearROIs_bin_SN.csv,sub-FC106_ses-2_task-renewal_fearROIs_bin_BN.csv
PTSD,FC106,2,renewal,65,66,32,4,sub-FC106_ses-2_task-renewal_fearROIs_bin_SN.csv,sub-FC106_ses-2_task-renewal_fearROIs_bin_BN.csv
PTSD,FC106,2,renewal,66,67,26,4,sub-FC106_ses-2_task-renewal_fearROIs_bin_SN.csv,sub-FC106_ses-2_task-renewal_fearROIs_bin_BN.csv
PTSD,FC106,2,renewal,67,68,24,4,sub-FC106_ses-2_task-renewal_fearROIs_bin_SN.csv,sub-FC106_ses-2_task-renewal_fearROIs_bin_BN.csv
PTSD,FC106,2,renewal,68,69,17,1,sub-FC106_ses-2_task-renewal_fearROIs_bin_SN.csv,sub-FC106_ses-2_task-renewal_fearROIs_bin_BN.csv
PTSD,FC106,2,renewal,69,70,20,3,sub-FC106_ses-2_task-renewal_fearROIs_bin_SN.csv,sub-FC106_ses-2_task-renewal_fearROIs_bin_BN.csv
PTSD,FC106,2,renewal,70,71,32,4,sub-FC106_ses-2_task-renewal_fearROIs_bin_SN.csv,sub-FC106_ses-2_task-renewal_fearROIs_bin_BN.csv
PTSD,FC106,2,renewal,71,72,9,1,sub-FC106_ses-2_task-renewal_fearROIs_bin_SN.csv,sub-FC106_ses-2_task-renewal_fearROIs_bin_BN.csv
PTSD,FC106,2,renewal,72,73,4,3,sub-FC106_ses-2_task-renewal_fearROIs_bin_SN.csv,sub-FC106_ses-2_task-renewal_fearROIs_bin_BN.csv
PTSD,FC106,2,renewal,73,74,5,1,sub-FC106_ses-2_task-renewal_fearROIs_bin_SN.csv,sub-FC106_ses-2_task-renewal_fearROIs_bin_BN.csv
PTSD,FC106,2,renewal,74,75,1,1,sub-FC106_ses-2_task-renewal_fearROIs_bin_SN.csv,sub-FC106_ses-2_task-renewal_fearROIs_bin_BN.csv
PTSD,FC106,2,renewal,75,76,8,3,sub-FC106_ses-2_task-renewal_fearROIs_bin_SN.csv,sub-FC106_ses-2_task-renewal_fearROIs_bin_BN.csv
PTSD,FC106,2,renewal,76,77,16,4,sub-FC106_ses-2_task-renewal_fearROIs_bin_SN.csv,sub-FC106_ses-2_task-renewal_fearROIs_bin_BN.csv
PTSD,FC106,2,renewal,77,78,29,2,sub-FC106_ses-2_task-renewal_fearROIs_bin_SN.csv,sub-FC106_ses-2_task-renewal_fearROIs_bin_BN.csv
PTSD,FC106,2,renewal,78,79,24,4,sub-FC106_ses-2_task-renewal_fearROIs_bin_SN.csv,sub-FC106_ses-2_task-renewal_fearROIs_bin_BN.csv
PTSD,FC106,2,renewal,79,80,1,1,sub-FC106_ses-2_task-renewal_fearROIs_bin_SN.csv,sub-FC106_ses-2_task-renewal_fearROIs_bin_BN.csv
PTSD,FC106,2,renewal,80,81,9,1,sub-FC106_ses-2_task-renewal_fearROIs_bin_SN.csv,sub-FC106_ses-2_task-renewal_fearROIs_bin_BN.csv
PTSD,FC106,2,renewal,81,82,13,2,sub-FC106_ses-2_task-renewal_fearROIs_bin_SN.csv,sub-FC106_ses-2_task-renewal_fearROIs_bin_BN.csv
PTSD,FC106,2,renewal,82,83,31,4,sub-FC106_ses-2_task-renewal_fearROIs_bin_SN.csv,sub-FC106_ses-2_task-renewal_fearROIs_bin_BN.csv
PTSD,FC106,2,renewal,83,84,9,1,sub-FC106_ses-2_task-renewal_fearROIs_bin_SN.csv,sub-FC106_ses-2_task-renewal_fearROIs_bin_BN.csv
PTSD,FC106,2,renewal,84,85,32,4,sub-FC106_ses-2_task-renewal_fearROIs_bin_SN.csv,sub-FC106_ses-2_task-renewal_fearROIs_bin_BN.csv
PTSD,FC106,2,renewal,85,86,32,4,sub-FC106_ses-2_task-renewal_fearROIs_bin_SN.csv,sub-FC106_ses-2_task-renewal_fearROIs_bin_BN.csv
PTSD,FC106,2,renewal,86,87,13,2,sub-FC106_ses-2_task-renewal_fearROIs_bin_SN.csv,sub-FC106_ses-2_task-renewal_fearROIs_bin_BN.csv
PTSD,FC106,2,renewal,87,88,24,4,sub-FC106_ses-2_task-renewal_fearROIs_bin_SN.csv,sub-FC106_ses-2_task-renewal_fearROIs_bin_BN.csv
PTSD,FC106,2,renewal,88,89,24,4,sub-FC106_ses-2_task-renewal_fearROIs_bin_SN.csv,sub-FC106_ses-2_task-renewal_fearROIs_bin_BN.csv
PTSD,FC106,2,renewal,89,90,17,1,sub-FC106_ses-2_task-renewal_fearROIs_bin_SN.csv,sub-FC106_ses-2_task-renewal_fearROIs_bin_BN.csv
PTSD,FC106,2,renewal,90,91,20,3,sub-FC106_ses-2_task-renewal_fearROIs_bin_SN.csv,sub-FC106_ses-2_task-renewal_fearROIs_bin_BN.csv
PTSD,FC106,2,renewal,91,92,1,1,sub-FC106_ses-2_task-renewal_fearROIs_bin_SN.csv,sub-FC106_ses-2_task-renewal_fearROIs_bin_BN.csv
PTSD,FC106,2,renewal,92,93,31,4,sub-FC106_ses-2_task-renewal_fearROIs_bin_SN.csv,sub-FC106_ses-2_task-renewal_fearROIs_bin_BN.csv
PTSD,FC106,2,renewal,93,94,32,4,sub-FC106_ses-2_task-renewal_fearROIs_bin_SN.csv,sub-FC106_ses-2_task-renewal_fearROIs_bin_BN.csv
PTSD,FC106,2,renewal,94,95,1,1,sub-FC106_ses-2_task-renewal_fearROIs_bin_SN.csv,sub-FC106_ses-2_task-renewal_fearROIs_bin_BN.csv
PTSD,FC106,2,renewal,95,96,1,1,sub-FC106_ses-2_task-renewal_fearROIs_bin_SN.csv,sub-FC106_ses-2_task-renewal_fearROIs_bin_BN.csv
PTSD,FC106,2,renewal,96,97,31,4,sub-FC106_ses-2_task-renewal_fearROIs_bin_SN.csv,sub-FC106_ses-2_task-renewal_fearROIs_bin_BN.csv
PTSD,FC106,2,renewal,97,98,6,1,sub-FC106_ses-2_task-renewal_fearROIs_bin_SN.csv,sub-FC106_ses-2_task-renewal_fearROIs_bin_BN.csv
PTSD,FC106,2,renewal,98,99,1,1,sub-FC106_ses-2_task-renewal_fearROIs_bin_SN.csv,sub-FC106_ses-2_task-renewal_fearROIs_bin_BN.csv
PTSD,FC106,2,renewal,99,100,8,3,sub-FC106_ses-2_task-renewal_fearROIs_bin_SN.csv,sub-FC106_ses-2_task-renewal_fearROIs_bin_BN.csv
PTSD,FC106,2,renewal,100,101,2,1,sub-FC106_ses-2_task-renewal_fearROIs_bin_SN.csv,sub-FC106_ses-2_task-renewal_fearROIs_bin_BN.csv
PTSD,FC106,2,renewal,101,102,30,4,sub-FC106_ses-2_task-renewal_fearROIs_bin_SN.csv,sub-FC106_ses-2_task-renewal_fearROIs_bin_BN.csv
PTSD,FC106,2,renewal,102,103,1,1,sub-FC106_ses-2_task-renewal_fearROIs_bin_SN.csv,sub-FC106_ses-2_task-renewal_fearROIs_bin_BN.csv
PTSD,FC106,2,renewal,103,104,3,1,sub-FC106_ses-2_task-renewal_fearROIs_bin_SN.csv,sub-FC106_ses-2_task-renewal_fearROIs_bin_BN.csv
PTSD,FC106,2,renewal,104,105,1,1,sub-FC106_ses-2_task-renewal_fearROIs_bin_SN.csv,sub-FC106_ses-2_task-renewal_fearROIs_bin_BN.csv
PTSD,FC106,2,renewal,105,106,32,4,sub-FC106_ses-2_task-renewal_fearROIs_bin_SN.csv,sub-FC106_ses-2_task-renewal_fearROIs_bin_BN.csv
PTSD,FC106,2,renewal,106,107,24,4,sub-FC106_ses-2_task-renewal_fearROIs_bin_SN.csv,sub-FC106_ses-2_task-renewal_fearROIs_bin_BN.csv
PTSD,FC106,2,renewal,107,108,13,2,sub-FC106_ses-2_task-renewal_fearROIs_bin_SN.csv,sub-FC106_ses-2_task-renewal_fearROIs_bin_BN.csv
PTSD,FC106,2,renewal,108,109,32,4,sub-FC106_ses-2_task-renewal_fearROIs_bin_SN.csv,sub-FC106_ses-2_task-renewal_fearROIs_bin_BN.csv
PTSD,FC106,2,renewal,109,110,18,3,sub-FC106_ses-2_task-renewal_fearROIs_bin_SN.csv,sub-FC106_ses-2_task-renewal_fearROIs_bin_BN.csv
PTSD,FC106,2,renewal,110,111,16,4,sub-FC106_ses-2_task-renewal_fearROIs_bin_SN.csv,sub-FC106_ses-2_task-renewal_fearROIs_bin_BN.csv
PTSD,FC106,2,renewal,111,112,32,4,sub-FC106_ses-2_task-renewal_fearROIs_bin_SN.csv,sub-FC106_ses-2_task-renewal_fearROIs_bin_BN.csv
PTSD,FC106,2,renewal,112,113,25,1,sub-FC106_ses-2_task-renewal_fearROIs_bin_SN.csv,sub-FC106_ses-2_task-renewal_fearROIs_bin_BN.csv
PTSD,FC106,2,renewal,113,114,28,4,sub-FC106_ses-2_task-renewal_fearROIs_bin_SN.csv,sub-FC106_ses-2_task-renewal_fearROIs_bin_BN.csv
PTSD,FC106,2,renewal,114,115,10,1,sub-FC106_ses-2_task-renewal_fearROIs_bin_SN.csv,sub-FC106_ses-2_task-renewal_fearROIs_bin_BN.csv
PTSD,FC106,2,renewal,115,116,1,1,sub-FC106_ses-2_task-renewal_fearROIs_bin_SN.csv,sub-FC106_ses-2_task-renewal_fearROIs_bin_BN.csv
PTSD,FC106,2,renewal,116,117,28,4,sub-FC106_ses-2_task-renewal_fearROIs_bin_SN.csv,sub-FC106_ses-2_task-renewal_fearROIs_bin_BN.csv
PTSD,FC106,2,renewal,117,118,17,1,sub-FC106_ses-2_task-renewal_fearROIs_bin_SN.csv,sub-FC106_ses-2_task-renewal_fearROIs_bin_BN.csv
PTSD,FC106,2,renewal,118,119,32,4,sub-FC106_ses-2_task-renewal_fearROIs_bin_SN.csv,sub-FC106_ses-2_task-renewal_fearROIs_bin_BN.csv
PTSD,FC106,2,renewal,119,120,19,3,sub-FC106_ses-2_task-renewal_fearROIs_bin_SN.csv,sub-FC106_ses-2_task-renewal_fearROIs_bin_BN.csv
PTSD,FC106,2,renewal,120,121,8,3,sub-FC106_ses-2_task-renewal_fearROIs_bin_SN.csv,sub-FC106_ses-2_task-renewal_fearROIs_bin_BN.csv
PTSD,FC106,2,renewal,121,122,28,4,sub-FC106_ses-2_task-renewal_fearROIs_bin_SN.csv,sub-FC106_ses-2_task-renewal_fearROIs_bin_BN.csv
PTSD,FC106,2,renewal,122,123,1,1,sub-FC106_ses-2_task-renewal_fearROIs_bin_SN.csv,sub-FC106_ses-2_task-renewal_fearROIs_bin_BN.csv
PTSD,FC106,2,renewal,123,124,5,1,sub-FC106_ses-2_task-renewal_fearROIs_bin_SN.csv,sub-FC106_ses-2_task-renewal_fearROIs_bin_BN.csv
PTSD,FC106,2,renewal,124,125,32,4,sub-FC106_ses-2_task-renewal_fearROIs_bin_SN.csv,sub-FC106_ses-2_task-renewal_fearROIs_bin_BN.csv
PTSD,FC106,2,renewal,125,126,17,1,sub-FC106_ses-2_task-renewal_fearROIs_bin_SN.csv,sub-FC106_ses-2_task-renewal_fearROIs_bin_BN.csv
PTSD,FC106,2,renewal,126,127,6,1,sub-FC106_ses-2_task-renewal_fearROIs_bin_SN.csv,sub-FC106_ses-2_task-renewal_fearROIs_bin_BN.csv
PTSD,FC106,2,renewal,127,128,30,4,sub-FC106_ses-2_task-renewal_fearROIs_bin_SN.csv,sub-FC106_ses-2_task-renewal_fearROIs_bin_BN.csv
PTSD,FC106,2,renewal,128,129,15,2,sub-FC106_ses-2_task-renewal_fearROIs_bin_SN.csv,sub-FC106_ses-2_task-renewal_fearROIs_bin_BN.csv
PTSD,FC106,2,renewal,129,130,13,2,sub-FC106_ses-2_task-renewal_fearROIs_bin_SN.csv,sub-FC106_ses-2_task-renewal_fearROIs_bin_BN.csv
PTSD,FC106,2,renewal,130,131,10,1,sub-FC106_ses-2_task-renewal_fearROIs_bin_SN.csv,sub-FC106_ses-2_task-renewal_fearROIs_bin_BN.csv
PTSD,FC106,2,renewal,131,132,3,1,sub-FC106_ses-2_task-renewal_fearROIs_bin_SN.csv,sub-FC106_ses-2_task-renewal_fearROIs_bin_BN.csv
PTSD,FC106,2,renewal,132,133,13,2,sub-FC106_ses-2_task-renewal_fearROIs_bin_SN.csv,sub-FC106_ses-2_task-renewal_fearROIs_bin_BN.csv
PTSD,FC106,2,renewal,133,134,29,2,sub-FC106_ses-2_task-renewal_fearROIs_bin_SN.csv,sub-FC106_ses-2_task-renewal_fearROIs_bin_BN.csv
PTSD,FC106,2,renewal,134,135,20,3,sub-FC106_ses-2_task-renewal_fearROIs_bin_SN.csv,sub-FC106_ses-2_task-renewal_fearROIs_bin_BN.csv
PTSD,FC107,2,renewal,0,1,21,1,sub-FC107_ses-2_task-renewal_fearROIs_bin_SN.csv,sub-FC107_ses-2_task-renewal_fearROIs_bin_BN.csv
PTSD,FC107,2,renewal,1,2,19,3,sub-FC107_ses-2_task-renewal_fearROIs_bin_SN.csv,sub-FC107_ses-2_task-renewal_fearROIs_bin_BN.csv
PTSD,FC107,2,renewal,2,3,32,4,sub-FC107_ses-2_task-renewal_fearROIs_bin_SN.csv,sub-FC107_ses-2_task-renewal_fearROIs_bin_BN.csv
PTSD,FC107,2,renewal,3,4,11,1,sub-FC107_ses-2_task-renewal_fearROIs_bin_SN.csv,sub-FC107_ses-2_task-renewal_fearROIs_bin_BN.csv
PTSD,FC107,2,renewal,4,5,9,1,sub-FC107_ses-2_task-renewal_fearROIs_bin_SN.csv,sub-FC107_ses-2_task-renewal_fearROIs_bin_BN.csv
PTSD,FC107,2,renewal,5,6,4,3,sub-FC107_ses-2_task-renewal_fearROIs_bin_SN.csv,sub-FC107_ses-2_task-renewal_fearROIs_bin_BN.csv
PTSD,FC107,2,renewal,6,7,28,4,sub-FC107_ses-2_task-renewal_fearROIs_bin_SN.csv,sub-FC107_ses-2_task-renewal_fearROIs_bin_BN.csv
PTSD,FC107,2,renewal,7,8,6,1,sub-FC107_ses-2_task-renewal_fearROIs_bin_SN.csv,sub-FC107_ses-2_task-renewal_fearROIs_bin_BN.csv
PTSD,FC107,2,renewal,8,9,1,1,sub-FC107_ses-2_task-renewal_fearROIs_bin_SN.csv,sub-FC107_ses-2_task-renewal_fearROIs_bin_BN.csv
PTSD,FC107,2,renewal,9,10,10,1,sub-FC107_ses-2_task-renewal_fearROIs_bin_SN.csv,sub-FC107_ses-2_task-renewal_fearROIs_bin_BN.csv
PTSD,FC107,2,renewal,10,11,16,4,sub-FC107_ses-2_task-renewal_fearROIs_bin_SN.csv,sub-FC107_ses-2_task-renewal_fearROIs_bin_BN.csv
PTSD,FC107,2,renewal,11,12,32,4,sub-FC107_ses-2_task-renewal_fearROIs_bin_SN.csv,sub-FC107_ses-2_task-renewal_fearROIs_bin_BN.csv
PTSD,FC107,2,renewal,12,13,20,3,sub-FC107_ses-2_task-renewal_fearROIs_bin_SN.csv,sub-FC107_ses-2_task-renewal_fearROIs_bin_BN.csv
PTSD,FC107,2,renewal,13,14,20,3,sub-FC107_ses-2_task-renewal_fearROIs_bin_SN.csv,sub-FC107_ses-2_task-renewal_fearROIs_bin_BN.csv
PTSD,FC107,2,renewal,14,15,28,4,sub-FC107_ses-2_task-renewal_fearROIs_bin_SN.csv,sub-FC107_ses-2_task-renewal_fearROIs_bin_BN.csv
PTSD,FC107,2,renewal,15,16,8,3,sub-FC107_ses-2_task-renewal_fearROIs_bin_SN.csv,sub-FC107_ses-2_task-renewal_fearROIs_bin_BN.csv
PTSD,FC107,2,renewal,16,17,14,2,sub-FC107_ses-2_task-renewal_fearROIs_bin_SN.csv,sub-FC107_ses-2_task-renewal_fearROIs_bin_BN.csv
PTSD,FC107,2,renewal,17,18,17,1,sub-FC107_ses-2_task-renewal_fearROIs_bin_SN.csv,sub-FC107_ses-2_task-renewal_fearROIs_bin_BN.csv
PTSD,FC107,2,renewal,18,19,19,3,sub-FC107_ses-2_task-renewal_fearROIs_bin_SN.csv,sub-FC107_ses-2_task-renewal_fearROIs_bin_BN.csv
PTSD,FC107,2,renewal,19,20,19,3,sub-FC107_ses-2_task-renewal_fearROIs_bin_SN.csv,sub-FC107_ses-2_task-renewal_fearROIs_bin_BN.csv
PTSD,FC107,2,renewal,20,21,8,3,sub-FC107_ses-2_task-renewal_fearROIs_bin_SN.csv,sub-FC107_ses-2_task-renewal_fearROIs_bin_BN.csv
PTSD,FC107,2,renewal,21,22,13,2,sub-FC107_ses-2_task-renewal_fearROIs_bin_SN.csv,sub-FC107_ses-2_task-renewal_fearROIs_bin_BN.csv
PTSD,FC107,2,renewal,22,23,25,1,sub-FC107_ses-2_task-renewal_fearROIs_bin_SN.csv,sub-FC107_ses-2_task-renewal_fearROIs_bin_BN.csv
PTSD,FC107,2,renewal,23,24,2,1,sub-FC107_ses-2_task-renewal_fearROIs_bin_SN.csv,sub-FC107_ses-2_task-renewal_fearROIs_bin_BN.csv
PTSD,FC107,2,renewal,24,25,1,1,sub-FC107_ses-2_task-renewal_fearROIs_bin_SN.csv,sub-FC107_ses-2_task-renewal_fearROIs_bin_BN.csv
PTSD,FC107,2,renewal,25,26,10,1,sub-FC107_ses-2_task-renewal_fearROIs_bin_SN.csv,sub-FC107_ses-2_task-renewal_fearROIs_bin_BN.csv
PTSD,FC107,2,renewal,26,27,16,4,sub-FC107_ses-2_task-renewal_fearROIs_bin_SN.csv,sub-FC107_ses-2_task-renewal_fearROIs_bin_BN.csv
PTSD,FC107,2,renewal,27,28,13,2,sub-FC107_ses-2_task-renewal_fearROIs_bin_SN.csv,sub-FC107_ses-2_task-renewal_fearROIs_bin_BN.csv
PTSD,FC107,2,renewal,28,29,23,4,sub-FC107_ses-2_task-renewal_fearROIs_bin_SN.csv,sub-FC107_ses-2_task-renewal_fearROIs_bin_BN.csv
PTSD,FC107,2,renewal,29,30,21,1,sub-FC107_ses-2_task-renewal_fearROIs_bin_SN.csv,sub-FC107_ses-2_task-renewal_fearROIs_bin_BN.csv
PTSD,FC107,2,renewal,30,31,2,1,sub-FC107_ses-2_task-renewal_fearROIs_bin_SN.csv,sub-FC107_ses-2_task-renewal_fearROIs_bin_BN.csv
PTSD,FC107,2,renewal,31,32,15,2,sub-FC107_ses-2_task-renewal_fearROIs_bin_SN.csv,sub-FC107_ses-2_task-renewal_fearROIs_bin_BN.csv
PTSD,FC107,2,renewal,32,33,13,2,sub-FC107_ses-2_task-renewal_fearROIs_bin_SN.csv,sub-FC107_ses-2_task-renewal_fearROIs_bin_BN.csv
PTSD,FC107,2,renewal,33,34,1,1,sub-FC107_ses-2_task-renewal_fearROIs_bin_SN.csv,sub-FC107_ses-2_task-renewal_fearROIs_bin_BN.csv
PTSD,FC107,2,renewal,34,35,20,3,sub-FC107_ses-2_task-renewal_fearROIs_bin_SN.csv,sub-FC107_ses-2_task-renewal_fearROIs_bin_BN.csv
PTSD,FC107,2,renewal,35,36,4,3,sub-FC107_ses-2_task-renewal_fearROIs_bin_SN.csv,sub-FC107_ses-2_task-renewal_fearROIs_bin_BN.csv
PTSD,FC107,2,renewal,36,37,14,2,sub-FC107_ses-2_task-renewal_fearROIs_bin_SN.csv,sub-FC107_ses-2_task-renewal_fearROIs_bin_BN.csv
PTSD,FC107,2,renewal,37,38,24,4,sub-FC107_ses-2_task-renewal_fearROIs_bin_SN.csv,sub-FC107_ses-2_task-renewal_fearROIs_bin_BN.csv
PTSD,FC107,2,renewal,38,39,23,4,sub-FC107_ses-2_task-renewal_fearROIs_bin_SN.csv,sub-FC107_ses-2_task-renewal_fearROIs_bin_BN.csv
PTSD,FC107,2,renewal,39,40,21,1,sub-FC107_ses-2_task-renewal_fearROIs_bin_SN.csv,sub-FC107_ses-2_task-renewal_fearROIs_bin_BN.csv
PTSD,FC107,2,renewal,40,41,14,2,sub-FC107_ses-2_task-renewal_fearROIs_bin_SN.csv,sub-FC107_ses-2_task-renewal_fearROIs_bin_BN.csv
PTSD,FC107,2,renewal,41,42,16,4,sub-FC107_ses-2_task-renewal_fearROIs_bin_SN.csv,sub-FC107_ses-2_task-renewal_fearROIs_bin_BN.csv
PTSD,FC107,2,renewal,42,43,27,4,sub-FC107_ses-2_task-renewal_fearROIs_bin_SN.csv,sub-FC107_ses-2_task-renewal_fearROIs_bin_BN.csv
PTSD,FC107,2,renewal,43,44,4,3,sub-FC107_ses-2_task-renewal_fearROIs_bin_SN.csv,sub-FC107_ses-2_task-renewal_fearROIs_bin_BN.csv
PTSD,FC107,2,renewal,44,45,16,4,sub-FC107_ses-2_task-renewal_fearROIs_bin_SN.csv,sub-FC107_ses-2_task-renewal_fearROIs_bin_BN.csv
PTSD,FC107,2,renewal,45,46,6,1,sub-FC107_ses-2_task-renewal_fearROIs_bin_SN.csv,sub-FC107_ses-2_task-renewal_fearROIs_bin_BN.csv
PTSD,FC107,2,renewal,46,47,13,2,sub-FC107_ses-2_task-renewal_fearROIs_bin_SN.csv,sub-FC107_ses-2_task-renewal_fearROIs_bin_BN.csv
PTSD,FC107,2,renewal,47,48,10,1,sub-FC107_ses-2_task-renewal_fearROIs_bin_SN.csv,sub-FC107_ses-2_task-renewal_fearROIs_bin_BN.csv
PTSD,FC107,2,renewal,48,49,19,3,sub-FC107_ses-2_task-renewal_fearROIs_bin_SN.csv,sub-FC107_ses-2_task-renewal_fearROIs_bin_BN.csv
PTSD,FC107,2,renewal,49,50,23,4,sub-FC107_ses-2_task-renewal_fearROIs_bin_SN.csv,sub-FC107_ses-2_task-renewal_fearROIs_bin_BN.csv
PTSD,FC107,2,renewal,50,51,19,3,sub-FC107_ses-2_task-renewal_fearROIs_bin_SN.csv,sub-FC107_ses-2_task-renewal_fearROIs_bin_BN.csv
PTSD,FC107,2,renewal,51,52,23,4,sub-FC107_ses-2_task-renewal_fearROIs_bin_SN.csv,sub-FC107_ses-2_task-renewal_fearROIs_bin_BN.csv
PTSD,FC107,2,renewal,52,53,30,4,sub-FC107_ses-2_task-renewal_fearROIs_bin_SN.csv,sub-FC107_ses-2_task-renewal_fearROIs_bin_BN.csv
PTSD,FC107,2,renewal,53,54,16,4,sub-FC107_ses-2_task-renewal_fearROIs_bin_SN.csv,sub-FC107_ses-2_task-renewal_fearROIs_bin_BN.csv
PTSD,FC107,2,renewal,54,55,12,3,sub-FC107_ses-2_task-renewal_fearROIs_bin_SN.csv,sub-FC107_ses-2_task-renewal_fearROIs_bin_BN.csv
PTSD,FC107,2,renewal,55,56,1,1,sub-FC107_ses-2_task-renewal_fearROIs_bin_SN.csv,sub-FC107_ses-2_task-renewal_fearROIs_bin_BN.csv
PTSD,FC107,2,renewal,56,57,9,1,sub-FC107_ses-2_task-renewal_fearROIs_bin_SN.csv,sub-FC107_ses-2_task-renewal_fearROIs_bin_BN.csv
PTSD,FC107,2,renewal,57,58,32,4,sub-FC107_ses-2_task-renewal_fearROIs_bin_SN.csv,sub-FC107_ses-2_task-renewal_fearROIs_bin_BN.csv
PTSD,FC107,2,renewal,58,59,28,4,sub-FC107_ses-2_task-renewal_fearROIs_bin_SN.csv,sub-FC107_ses-2_task-renewal_fearROIs_bin_BN.csv
PTSD,FC107,2,renewal,59,60,19,3,sub-FC107_ses-2_task-renewal_fearROIs_bin_SN.csv,sub-FC107_ses-2_task-renewal_fearROIs_bin_BN.csv
PTSD,FC107,2,renewal,60,61,19,3,sub-FC107_ses-2_task-renewal_fearROIs_bin_SN.csv,sub-FC107_ses-2_task-renewal_fearROIs_bin_BN.csv
PTSD,FC107,2,renewal,61,62,17,1,sub-FC107_ses-2_task-renewal_fearROIs_bin_SN.csv,sub-FC107_ses-2_task-renewal_fearROIs_bin_BN.csv
PTSD,FC107,2,renewal,62,63,1,1,sub-FC107_ses-2_task-renewal_fearROIs_bin_SN.csv,sub-FC107_ses-2_task-renewal_fearROIs_bin_BN.csv
PTSD,FC107,2,renewal,63,64,1,1,sub-FC107_ses-2_task-renewal_fearROIs_bin_SN.csv,sub-FC107_ses-2_task-renewal_fearROIs_bin_BN.csv
PTSD,FC107,2,renewal,64,65,26,4,sub-FC107_ses-2_task-renewal_fearROIs_bin_SN.csv,sub-FC107_ses-2_task-renewal_fearROIs_bin_BN.csv
PTSD,FC107,2,renewal,65,66,12,3,sub-FC107_ses-2_task-renewal_fearROIs_bin_SN.csv,sub-FC107_ses-2_task-renewal_fearROIs_bin_BN.csv
PTSD,FC107,2,renewal,66,67,1,1,sub-FC107_ses-2_task-renewal_fearROIs_bin_SN.csv,sub-FC107_ses-2_task-renewal_fearROIs_bin_BN.csv
PTSD,FC107,2,renewal,67,68,13,2,sub-FC107_ses-2_task-renewal_fearROIs_bin_SN.csv,sub-FC107_ses-2_task-renewal_fearROIs_bin_BN.csv
PTSD,FC107,2,renewal,68,69,13,2,sub-FC107_ses-2_task-renewal_fearROIs_bin_SN.csv,sub-FC107_ses-2_task-renewal_fearROIs_bin_BN.csv
PTSD,FC107,2,renewal,69,70,16,4,sub-FC107_ses-2_task-renewal_fearROIs_bin_SN.csv,sub-FC107_ses-2_task-renewal_fearROIs_bin_BN.csv
PTSD,FC107,2,renewal,70,71,14,2,sub-FC107_ses-2_task-renewal_fearROIs_bin_SN.csv,sub-FC107_ses-2_task-renewal_fearROIs_bin_BN.csv
PTSD,FC107,2,renewal,71,72,29,2,sub-FC107_ses-2_task-renewal_fearROIs_bin_SN.csv,sub-FC107_ses-2_task-renewal_fearROIs_bin_BN.csv
PTSD,FC107,2,renewal,72,73,21,1,sub-FC107_ses-2_task-renewal_fearROIs_bin_SN.csv,sub-FC107_ses-2_task-renewal_fearROIs_bin_BN.csv
PTSD,FC107,2,renewal,73,74,23,4,sub-FC107_ses-2_task-renewal_fearROIs_bin_SN.csv,sub-FC107_ses-2_task-renewal_fearROIs_bin_BN.csv
PTSD,FC107,2,renewal,74,75,23,4,sub-FC107_ses-2_task-renewal_fearROIs_bin_SN.csv,sub-FC107_ses-2_task-renewal_fearROIs_bin_BN.csv
PTSD,FC107,2,renewal,75,76,24,4,sub-FC107_ses-2_task-renewal_fearROIs_bin_SN.csv,sub-FC107_ses-2_task-renewal_fearROIs_bin_BN.csv
PTSD,FC107,2,renewal,76,77,6,1,sub-FC107_ses-2_task-renewal_fearROIs_bin_SN.csv,sub-FC107_ses-2_task-renewal_fearROIs_bin_BN.csv
PTSD,FC107,2,renewal,77,78,20,3,sub-FC107_ses-2_task-renewal_fearROIs_bin_SN.csv,sub-FC107_ses-2_task-renewal_fearROIs_bin_BN.csv
PTSD,FC107,2,renewal,78,79,28,4,sub-FC107_ses-2_task-renewal_fearROIs_bin_SN.csv,sub-FC107_ses-2_task-renewal_fearROIs_bin_BN.csv
PTSD,FC107,2,renewal,79,80,20,3,sub-FC107_ses-2_task-renewal_fearROIs_bin_SN.csv,sub-FC107_ses-2_task-renewal_fearROIs_bin_BN.csv
PTSD,FC107,2,renewal,80,81,13,2,sub-FC107_ses-2_task-renewal_fearROIs_bin_SN.csv,sub-FC107_ses-2_task-renewal_fearROIs_bin_BN.csv
PTSD,FC107,2,renewal,81,82,14,2,sub-FC107_ses-2_task-renewal_fearROIs_bin_SN.csv,sub-FC107_ses-2_task-renewal_fearROIs_bin_BN.csv
PTSD,FC107,2,renewal,82,83,14,2,sub-FC107_ses-2_task-renewal_fearROIs_bin_SN.csv,sub-FC107_ses-2_task-renewal_fearROIs_bin_BN.csv
PTSD,FC107,2,renewal,83,84,29,2,sub-FC107_ses-2_task-renewal_fearROIs_bin_SN.csv,sub-FC107_ses-2_task-renewal_fearROIs_bin_BN.csv
PTSD,FC107,2,renewal,84,85,23,4,sub-FC107_ses-2_task-renewal_fearROIs_bin_SN.csv,sub-FC107_ses-2_task-renewal_fearROIs_bin_BN.csv
PTSD,FC107,2,renewal,85,86,19,3,sub-FC107_ses-2_task-renewal_fearROIs_bin_SN.csv,sub-FC107_ses-2_task-renewal_fearROIs_bin_BN.csv
PTSD,FC107,2,renewal,86,87,19,3,sub-FC107_ses-2_task-renewal_fearROIs_bin_SN.csv,sub-FC107_ses-2_task-renewal_fearROIs_bin_BN.csv
PTSD,FC107,2,renewal,87,88,18,3,sub-FC107_ses-2_task-renewal_fearROIs_bin_SN.csv,sub-FC107_ses-2_task-renewal_fearROIs_bin_BN.csv
PTSD,FC107,2,renewal,88,89,28,4,sub-FC107_ses-2_task-renewal_fearROIs_bin_SN.csv,sub-FC107_ses-2_task-renewal_fearROIs_bin_BN.csv
PTSD,FC107,2,renewal,89,90,28,4,sub-FC107_ses-2_task-renewal_fearROIs_bin_SN.csv,sub-FC107_ses-2_task-renewal_fearROIs_bin_BN.csv
PTSD,FC107,2,renewal,90,91,15,2,sub-FC107_ses-2_task-renewal_fearROIs_bin_SN.csv,sub-FC107_ses-2_task-renewal_fearROIs_bin_BN.csv
PTSD,FC107,2,renewal,91,92,13,2,sub-FC107_ses-2_task-renewal_fearROIs_bin_SN.csv,sub-FC107_ses-2_task-renewal_fearROIs_bin_BN.csv
PTSD,FC107,2,renewal,92,93,9,1,sub-FC107_ses-2_task-renewal_fearROIs_bin_SN.csv,sub-FC107_ses-2_task-renewal_fearROIs_bin_BN.csv
PTSD,FC107,2,renewal,93,94,1,1,sub-FC107_ses-2_task-renewal_fearROIs_bin_SN.csv,sub-FC107_ses-2_task-renewal_fearROIs_bin_BN.csv
PTSD,FC107,2,renewal,94,95,11,1,sub-FC107_ses-2_task-renewal_fearROIs_bin_SN.csv,sub-FC107_ses-2_task-renewal_fearROIs_bin_BN.csv
PTSD,FC107,2,renewal,95,96,16,4,sub-FC107_ses-2_task-renewal_fearROIs_bin_SN.csv,sub-FC107_ses-2_task-renewal_fearROIs_bin_BN.csv
PTSD,FC107,2,renewal,96,97,32,4,sub-FC107_ses-2_task-renewal_fearROIs_bin_SN.csv,sub-FC107_ses-2_task-renewal_fearROIs_bin_BN.csv
PTSD,FC107,2,renewal,97,98,6,1,sub-FC107_ses-2_task-renewal_fearROIs_bin_SN.csv,sub-FC107_ses-2_task-renewal_fearROIs_bin_BN.csv
PTSD,FC107,2,renewal,98,99,10,1,sub-FC107_ses-2_task-renewal_fearROIs_bin_SN.csv,sub-FC107_ses-2_task-renewal_fearROIs_bin_BN.csv
PTSD,FC107,2,renewal,99,100,13,2,sub-FC107_ses-2_task-renewal_fearROIs_bin_SN.csv,sub-FC107_ses-2_task-renewal_fearROIs_bin_BN.csv
PTSD,FC107,2,renewal,100,101,13,2,sub-FC107_ses-2_task-renewal_fearROIs_bin_SN.csv,sub-FC107_ses-2_task-renewal_fearROIs_bin_BN.csv
PTSD,FC107,2,renewal,101,102,21,1,sub-FC107_ses-2_task-renewal_fearROIs_bin_SN.csv,sub-FC107_ses-2_task-renewal_fearROIs_bin_BN.csv
PTSD,FC107,2,renewal,102,103,20,3,sub-FC107_ses-2_task-renewal_fearROIs_bin_SN.csv,sub-FC107_ses-2_task-renewal_fearROIs_bin_BN.csv
PTSD,FC107,2,renewal,103,104,19,3,sub-FC107_ses-2_task-renewal_fearROIs_bin_SN.csv,sub-FC107_ses-2_task-renewal_fearROIs_bin_BN.csv
PTSD,FC107,2,renewal,104,105,17,1,sub-FC107_ses-2_task-renewal_fearROIs_bin_SN.csv,sub-FC107_ses-2_task-renewal_fearROIs_bin_BN.csv
PTSD,FC107,2,renewal,105,106,1,1,sub-FC107_ses-2_task-renewal_fearROIs_bin_SN.csv,sub-FC107_ses-2_task-renewal_fearROIs_bin_BN.csv
PTSD,FC107,2,renewal,106,107,13,2,sub-FC107_ses-2_task-renewal_fearROIs_bin_SN.csv,sub-FC107_ses-2_task-renewal_fearROIs_bin_BN.csv
PTSD,FC107,2,renewal,107,108,13,2,sub-FC107_ses-2_task-renewal_fearROIs_bin_SN.csv,sub-FC107_ses-2_task-renewal_fearROIs_bin_BN.csv
PTSD,FC107,2,renewal,108,109,13,2,sub-FC107_ses-2_task-renewal_fearROIs_bin_SN.csv,sub-FC107_ses-2_task-renewal_fearROIs_bin_BN.csv
PTSD,FC107,2,renewal,109,110,14,2,sub-FC107_ses-2_task-renewal_fearROIs_bin_SN.csv,sub-FC107_ses-2_task-renewal_fearROIs_bin_BN.csv
PTSD,FC107,2,renewal,110,111,13,2,sub-FC107_ses-2_task-renewal_fearROIs_bin_SN.csv,sub-FC107_ses-2_task-renewal_fearROIs_bin_BN.csv
PTSD,FC107,2,renewal,111,112,32,4,sub-FC107_ses-2_task-renewal_fearROIs_bin_SN.csv,sub-FC107_ses-2_task-renewal_fearROIs_bin_BN.csv
PTSD,FC107,2,renewal,112,113,28,4,sub-FC107_ses-2_task-renewal_fearROIs_bin_SN.csv,sub-FC107_ses-2_task-renewal_fearROIs_bin_BN.csv
PTSD,FC107,2,renewal,113,114,20,3,sub-FC107_ses-2_task-renewal_fearROIs_bin_SN.csv,sub-FC107_ses-2_task-renewal_fearROIs_bin_BN.csv
PTSD,FC107,2,renewal,114,115,13,2,sub-FC107_ses-2_task-renewal_fearROIs_bin_SN.csv,sub-FC107_ses-2_task-renewal_fearROIs_bin_BN.csv
PTSD,FC107,2,renewal,115,116,21,1,sub-FC107_ses-2_task-renewal_fearROIs_bin_SN.csv,sub-FC107_ses-2_task-renewal_fearROIs_bin_BN.csv
PTSD,FC107,2,renewal,116,117,17,1,sub-FC107_ses-2_task-renewal_fearROIs_bin_SN.csv,sub-FC107_ses-2_task-renewal_fearROIs_bin_BN.csv
PTSD,FC107,2,renewal,117,118,18,3,sub-FC107_ses-2_task-renewal_fearROIs_bin_SN.csv,sub-FC107_ses-2_task-renewal_fearROIs_bin_BN.csv
PTSD,FC107,2,renewal,118,119,24,4,sub-FC107_ses-2_task-renewal_fearROIs_bin_SN.csv,sub-FC107_ses-2_task-renewal_fearROIs_bin_BN.csv
PTSD,FC107,2,renewal,119,120,16,4,sub-FC107_ses-2_task-renewal_fearROIs_bin_SN.csv,sub-FC107_ses-2_task-renewal_fearROIs_bin_BN.csv
PTSD,FC107,2,renewal,120,121,4,3,sub-FC107_ses-2_task-renewal_fearROIs_bin_SN.csv,sub-FC107_ses-2_task-renewal_fearROIs_bin_BN.csv
PTSD,FC107,2,renewal,121,122,20,3,sub-FC107_ses-2_task-renewal_fearROIs_bin_SN.csv,sub-FC107_ses-2_task-renewal_fearROIs_bin_BN.csv
PTSD,FC107,2,renewal,122,123,20,3,sub-FC107_ses-2_task-renewal_fearROIs_bin_SN.csv,sub-FC107_ses-2_task-renewal_fearROIs_bin_BN.csv
PTSD,FC107,2,renewal,123,124,30,4,sub-FC107_ses-2_task-renewal_fearROIs_bin_SN.csv,sub-FC107_ses-2_task-renewal_fearROIs_bin_BN.csv
PTSD,FC107,2,renewal,124,125,18,3,sub-FC107_ses-2_task-renewal_fearROIs_bin_SN.csv,sub-FC107_ses-2_task-renewal_fearROIs_bin_BN.csv
PTSD,FC107,2,renewal,125,126,19,3,sub-FC107_ses-2_task-renewal_fearROIs_bin_SN.csv,sub-FC107_ses-2_task-renewal_fearROIs_bin_BN.csv
PTSD,FC107,2,renewal,126,127,29,2,sub-FC107_ses-2_task-renewal_fearROIs_bin_SN.csv,sub-FC107_ses-2_task-renewal_fearROIs_bin_BN.csv
PTSD,FC107,2,renewal,127,128,28,4,sub-FC107_ses-2_task-renewal_fearROIs_bin_SN.csv,sub-FC107_ses-2_task-renewal_fearROIs_bin_BN.csv
PTSD,FC107,2,renewal,128,129,28,4,sub-FC107_ses-2_task-renewal_fearROIs_bin_SN.csv,sub-FC107_ses-2_task-renewal_fearROIs_bin_BN.csv
PTSD,FC107,2,renewal,129,130,5,1,sub-FC107_ses-2_task-renewal_fearROIs_bin_SN.csv,sub-FC107_ses-2_task-renewal_fearROIs_bin_BN.csv
PTSD,FC107,2,renewal,130,131,5,1,sub-FC107_ses-2_task-renewal_fearROIs_bin_SN.csv,sub-FC107_ses-2_task-renewal_fearROIs_bin_BN.csv
PTSD,FC107,2,renewal,131,132,1,1,sub-FC107_ses-2_task-renewal_fearROIs_bin_SN.csv,sub-FC107_ses-2_task-renewal_fearROIs_bin_BN.csv
PTSD,FC107,2,renewal,132,133,28,4,sub-FC107_ses-2_task-renewal_fearROIs_bin_SN.csv,sub-FC107_ses-2_task-renewal_fearROIs_bin_BN.csv
PTSD,FC108,2,renewal,0,1,21,1,sub-FC108_ses-2_task-renewal_fearROIs_bin_SN.csv,sub-FC108_ses-2_task-renewal_fearROIs_bin_BN.csv
PTSD,FC108,2,renewal,1,2,20,3,sub-FC108_ses-2_task-renewal_fearROIs_bin_SN.csv,sub-FC108_ses-2_task-renewal_fearROIs_bin_BN.csv
PTSD,FC108,2,renewal,2,3,31,4,sub-FC108_ses-2_task-renewal_fearROIs_bin_SN.csv,sub-FC108_ses-2_task-renewal_fearROIs_bin_BN.csv
PTSD,FC108,2,renewal,3,4,20,3,sub-FC108_ses-2_task-renewal_fearROIs_bin_SN.csv,sub-FC108_ses-2_task-renewal_fearROIs_bin_BN.csv
PTSD,FC108,2,renewal,4,5,4,3,sub-FC108_ses-2_task-renewal_fearROIs_bin_SN.csv,sub-FC108_ses-2_task-renewal_fearROIs_bin_BN.csv
PTSD,FC108,2,renewal,5,6,18,3,sub-FC108_ses-2_task-renewal_fearROIs_bin_SN.csv,sub-FC108_ses-2_task-renewal_fearROIs_bin_BN.csv
PTSD,FC108,2,renewal,6,7,24,4,sub-FC108_ses-2_task-renewal_fearROIs_bin_SN.csv,sub-FC108_ses-2_task-renewal_fearROIs_bin_BN.csv
PTSD,FC108,2,renewal,7,8,13,2,sub-FC108_ses-2_task-renewal_fearROIs_bin_SN.csv,sub-FC108_ses-2_task-renewal_fearROIs_bin_BN.csv
PTSD,FC108,2,renewal,8,9,13,2,sub-FC108_ses-2_task-renewal_fearROIs_bin_SN.csv,sub-FC108_ses-2_task-renewal_fearROIs_bin_BN.csv
PTSD,FC108,2,renewal,9,10,27,4,sub-FC108_ses-2_task-renewal_fearROIs_bin_SN.csv,sub-FC108_ses-2_task-renewal_fearROIs_bin_BN.csv
PTSD,FC108,2,renewal,10,11,29,2,sub-FC108_ses-2_task-renewal_fearROIs_bin_SN.csv,sub-FC108_ses-2_task-renewal_fearROIs_bin_BN.csv
PTSD,FC108,2,renewal,11,12,10,1,sub-FC108_ses-2_task-renewal_fearROIs_bin_SN.csv,sub-FC108_ses-2_task-renewal_fearROIs_bin_BN.csv
PTSD,FC108,2,renewal,12,13,24,4,sub-FC108_ses-2_task-renewal_fearROIs_bin_SN.csv,sub-FC108_ses-2_task-renewal_fearROIs_bin_BN.csv
PTSD,FC108,2,renewal,13,14,23,4,sub-FC108_ses-2_task-renewal_fearROIs_bin_SN.csv,sub-FC108_ses-2_task-renewal_fearROIs_bin_BN.csv
PTSD,FC108,2,renewal,14,15,12,3,sub-FC108_ses-2_task-renewal_fearROIs_bin_SN.csv,sub-FC108_ses-2_task-renewal_fearROIs_bin_BN.csv
PTSD,FC108,2,renewal,15,16,1,1,sub-FC108_ses-2_task-renewal_fearROIs_bin_SN.csv,sub-FC108_ses-2_task-renewal_fearROIs_bin_BN.csv
PTSD,FC108,2,renewal,16,17,4,3,sub-FC108_ses-2_task-renewal_fearROIs_bin_SN.csv,sub-FC108_ses-2_task-renewal_fearROIs_bin_BN.csv
PTSD,FC108,2,renewal,17,18,16,4,sub-FC108_ses-2_task-renewal_fearROIs_bin_SN.csv,sub-FC108_ses-2_task-renewal_fearROIs_bin_BN.csv
PTSD,FC108,2,renewal,18,19,29,2,sub-FC108_ses-2_task-renewal_fearROIs_bin_SN.csv,sub-FC108_ses-2_task-renewal_fearROIs_bin_BN.csv
PTSD,FC108,2,renewal,19,20,20,3,sub-FC108_ses-2_task-renewal_fearROIs_bin_SN.csv,sub-FC108_ses-2_task-renewal_fearROIs_bin_BN.csv
PTSD,FC108,2,renewal,20,21,20,3,sub-FC108_ses-2_task-renewal_fearROIs_bin_SN.csv,sub-FC108_ses-2_task-renewal_fearROIs_bin_BN.csv
PTSD,FC108,2,renewal,21,22,29,2,sub-FC108_ses-2_task-renewal_fearROIs_bin_SN.csv,sub-FC108_ses-2_task-renewal_fearROIs_bin_BN.csv
PTSD,FC108,2,renewal,22,23,7,1,sub-FC108_ses-2_task-renewal_fearROIs_bin_SN.csv,sub-FC108_ses-2_task-renewal_fearROIs_bin_BN.csv
PTSD,FC108,2,renewal,23,24,16,4,sub-FC108_ses-2_task-renewal_fearROIs_bin_SN.csv,sub-FC108_ses-2_task-renewal_fearROIs_bin_BN.csv
PTSD,FC108,2,renewal,24,25,4,3,sub-FC108_ses-2_task-renewal_fearROIs_bin_SN.csv,sub-FC108_ses-2_task-renewal_fearROIs_bin_BN.csv
PTSD,FC108,2,renewal,25,26,22,4,sub-FC108_ses-2_task-renewal_fearROIs_bin_SN.csv,sub-FC108_ses-2_task-renewal_fearROIs_bin_BN.csv
PTSD,FC108,2,renewal,26,27,7,1,sub-FC108_ses-2_task-renewal_fearROIs_bin_SN.csv,sub-FC108_ses-2_task-renewal_fearROIs_bin_BN.csv
PTSD,FC108,2,renewal,27,28,4,3,sub-FC108_ses-2_task-renewal_fearROIs_bin_SN.csv,sub-FC108_ses-2_task-renewal_fearROIs_bin_BN.csv
PTSD,FC108,2,renewal,28,29,2,1,sub-FC108_ses-2_task-renewal_fearROIs_bin_SN.csv,sub-FC108_ses-2_task-renewal_fearROIs_bin_BN.csv
PTSD,FC108,2,renewal,29,30,25,1,sub-FC108_ses-2_task-renewal_fearROIs_bin_SN.csv,sub-FC108_ses-2_task-renewal_fearROIs_bin_BN.csv
PTSD,FC108,2,renewal,30,31,4,3,sub-FC108_ses-2_task-renewal_fearROIs_bin_SN.csv,sub-FC108_ses-2_task-renewal_fearROIs_bin_BN.csv
PTSD,FC108,2,renewal,31,32,4,3,sub-FC108_ses-2_task-renewal_fearROIs_bin_SN.csv,sub-FC108_ses-2_task-renewal_fearROIs_bin_BN.csv
PTSD,FC108,2,renewal,32,33,13,2,sub-FC108_ses-2_task-renewal_fearROIs_bin_SN.csv,sub-FC108_ses-2_task-renewal_fearROIs_bin_BN.csv
PTSD,FC108,2,renewal,33,34,29,2,sub-FC108_ses-2_task-renewal_fearROIs_bin_SN.csv,sub-FC108_ses-2_task-renewal_fearROIs_bin_BN.csv
PTSD,FC108,2,renewal,34,35,12,3,sub-FC108_ses-2_task-renewal_fearROIs_bin_SN.csv,sub-FC108_ses-2_task-renewal_fearROIs_bin_BN.csv
PTSD,FC108,2,renewal,35,36,24,4,sub-FC108_ses-2_task-renewal_fearROIs_bin_SN.csv,sub-FC108_ses-2_task-renewal_fearROIs_bin_BN.csv
PTSD,FC108,2,renewal,36,37,20,3,sub-FC108_ses-2_task-renewal_fearROIs_bin_SN.csv,sub-FC108_ses-2_task-renewal_fearROIs_bin_BN.csv
PTSD,FC108,2,renewal,37,38,9,1,sub-FC108_ses-2_task-renewal_fearROIs_bin_SN.csv,sub-FC108_ses-2_task-renewal_fearROIs_bin_BN.csv
PTSD,FC108,2,renewal,38,39,29,2,sub-FC108_ses-2_task-renewal_fearROIs_bin_SN.csv,sub-FC108_ses-2_task-renewal_fearROIs_bin_BN.csv
PTSD,FC108,2,renewal,39,40,17,1,sub-FC108_ses-2_task-renewal_fearROIs_bin_SN.csv,sub-FC108_ses-2_task-renewal_fearROIs_bin_BN.csv
PTSD,FC108,2,renewal,40,41,2,1,sub-FC108_ses-2_task-renewal_fearROIs_bin_SN.csv,sub-FC108_ses-2_task-renewal_fearROIs_bin_BN.csv
PTSD,FC108,2,renewal,41,42,13,2,sub-FC108_ses-2_task-renewal_fearROIs_bin_SN.csv,sub-FC108_ses-2_task-renewal_fearROIs_bin_BN.csv
PTSD,FC108,2,renewal,42,43,24,4,sub-FC108_ses-2_task-renewal_fearROIs_bin_SN.csv,sub-FC108_ses-2_task-renewal_fearROIs_bin_BN.csv
PTSD,FC108,2,renewal,43,44,4,3,sub-FC108_ses-2_task-renewal_fearROIs_bin_SN.csv,sub-FC108_ses-2_task-renewal_fearROIs_bin_BN.csv
PTSD,FC108,2,renewal,44,45,1,1,sub-FC108_ses-2_task-renewal_fearROIs_bin_SN.csv,sub-FC108_ses-2_task-renewal_fearROIs_bin_BN.csv
PTSD,FC108,2,renewal,45,46,5,1,sub-FC108_ses-2_task-renewal_fearROIs_bin_SN.csv,sub-FC108_ses-2_task-renewal_fearROIs_bin_BN.csv
PTSD,FC108,2,renewal,46,47,16,4,sub-FC108_ses-2_task-renewal_fearROIs_bin_SN.csv,sub-FC108_ses-2_task-renewal_fearROIs_bin_BN.csv
PTSD,FC108,2,renewal,47,48,14,2,sub-FC108_ses-2_task-renewal_fearROIs_bin_SN.csv,sub-FC108_ses-2_task-renewal_fearROIs_bin_BN.csv
PTSD,FC108,2,renewal,48,49,20,3,sub-FC108_ses-2_task-renewal_fearROIs_bin_SN.csv,sub-FC108_ses-2_task-renewal_fearROIs_bin_BN.csv
PTSD,FC108,2,renewal,49,50,20,3,sub-FC108_ses-2_task-renewal_fearROIs_bin_SN.csv,sub-FC108_ses-2_task-renewal_fearROIs_bin_BN.csv
PTSD,FC108,2,renewal,50,51,30,4,sub-FC108_ses-2_task-renewal_fearROIs_bin_SN.csv,sub-FC108_ses-2_task-renewal_fearROIs_bin_BN.csv
PTSD,FC108,2,renewal,51,52,30,4,sub-FC108_ses-2_task-renewal_fearROIs_bin_SN.csv,sub-FC108_ses-2_task-renewal_fearROIs_bin_BN.csv
PTSD,FC108,2,renewal,52,53,13,2,sub-FC108_ses-2_task-renewal_fearROIs_bin_SN.csv,sub-FC108_ses-2_task-renewal_fearROIs_bin_BN.csv
PTSD,FC108,2,renewal,53,54,9,1,sub-FC108_ses-2_task-renewal_fearROIs_bin_SN.csv,sub-FC108_ses-2_task-renewal_fearROIs_bin_BN.csv
PTSD,FC108,2,renewal,54,55,29,2,sub-FC108_ses-2_task-renewal_fearROIs_bin_SN.csv,sub-FC108_ses-2_task-renewal_fearROIs_bin_BN.csv
PTSD,FC108,2,renewal,55,56,31,4,sub-FC108_ses-2_task-renewal_fearROIs_bin_SN.csv,sub-FC108_ses-2_task-renewal_fearROIs_bin_BN.csv
PTSD,FC108,2,renewal,56,57,8,3,sub-FC108_ses-2_task-renewal_fearROIs_bin_SN.csv,sub-FC108_ses-2_task-renewal_fearROIs_bin_BN.csv
PTSD,FC108,2,renewal,57,58,9,1,sub-FC108_ses-2_task-renewal_fearROIs_bin_SN.csv,sub-FC108_ses-2_task-renewal_fearROIs_bin_BN.csv
PTSD,FC108,2,renewal,58,59,13,2,sub-FC108_ses-2_task-renewal_fearROIs_bin_SN.csv,sub-FC108_ses-2_task-renewal_fearROIs_bin_BN.csv
PTSD,FC108,2,renewal,59,60,29,2,sub-FC108_ses-2_task-renewal_fearROIs_bin_SN.csv,sub-FC108_ses-2_task-renewal_fearROIs_bin_BN.csv
PTSD,FC108,2,renewal,60,61,11,1,sub-FC108_ses-2_task-renewal_fearROIs_bin_SN.csv,sub-FC108_ses-2_task-renewal_fearROIs_bin_BN.csv
PTSD,FC108,2,renewal,61,62,13,2,sub-FC108_ses-2_task-renewal_fearROIs_bin_SN.csv,sub-FC108_ses-2_task-renewal_fearROIs_bin_BN.csv
PTSD,FC108,2,renewal,62,63,32,4,sub-FC108_ses-2_task-renewal_fearROIs_bin_SN.csv,sub-FC108_ses-2_task-renewal_fearROIs_bin_BN.csv
PTSD,FC108,2,renewal,63,64,20,3,sub-FC108_ses-2_task-renewal_fearROIs_bin_SN.csv,sub-FC108_ses-2_task-renewal_fearROIs_bin_BN.csv
PTSD,FC108,2,renewal,64,65,22,4,sub-FC108_ses-2_task-renewal_fearROIs_bin_SN.csv,sub-FC108_ses-2_task-renewal_fearROIs_bin_BN.csv
PTSD,FC108,2,renewal,65,66,17,1,sub-FC108_ses-2_task-renewal_fearROIs_bin_SN.csv,sub-FC108_ses-2_task-renewal_fearROIs_bin_BN.csv
PTSD,FC108,2,renewal,66,67,8,3,sub-FC108_ses-2_task-renewal_fearROIs_bin_SN.csv,sub-FC108_ses-2_task-renewal_fearROIs_bin_BN.csv
PTSD,FC108,2,renewal,67,68,5,1,sub-FC108_ses-2_task-renewal_fearROIs_bin_SN.csv,sub-FC108_ses-2_task-renewal_fearROIs_bin_BN.csv
PTSD,FC108,2,renewal,68,69,24,4,sub-FC108_ses-2_task-renewal_fearROIs_bin_SN.csv,sub-FC108_ses-2_task-renewal_fearROIs_bin_BN.csv
PTSD,FC108,2,renewal,69,70,20,3,sub-FC108_ses-2_task-renewal_fearROIs_bin_SN.csv,sub-FC108_ses-2_task-renewal_fearROIs_bin_BN.csv
PTSD,FC108,2,renewal,70,71,4,3,sub-FC108_ses-2_task-renewal_fearROIs_bin_SN.csv,sub-FC108_ses-2_task-renewal_fearROIs_bin_BN.csv
PTSD,FC108,2,renewal,71,72,13,2,sub-FC108_ses-2_task-renewal_fearROIs_bin_SN.csv,sub-FC108_ses-2_task-renewal_fearROIs_bin_BN.csv
PTSD,FC108,2,renewal,72,73,21,1,sub-FC108_ses-2_task-renewal_fearROIs_bin_SN.csv,sub-FC108_ses-2_task-renewal_fearROIs_bin_BN.csv
PTSD,FC108,2,renewal,73,74,16,4,sub-FC108_ses-2_task-renewal_fearROIs_bin_SN.csv,sub-FC108_ses-2_task-renewal_fearROIs_bin_BN.csv
PTSD,FC108,2,renewal,74,75,17,1,sub-FC108_ses-2_task-renewal_fearROIs_bin_SN.csv,sub-FC108_ses-2_task-renewal_fearROIs_bin_BN.csv
PTSD,FC108,2,renewal,75,76,20,3,sub-FC108_ses-2_task-renewal_fearROIs_bin_SN.csv,sub-FC108_ses-2_task-renewal_fearROIs_bin_BN.csv
PTSD,FC108,2,renewal,76,77,12,3,sub-FC108_ses-2_task-renewal_fearROIs_bin_SN.csv,sub-FC108_ses-2_task-renewal_fearROIs_bin_BN.csv
PTSD,FC108,2,renewal,77,78,32,4,sub-FC108_ses-2_task-renewal_fearROIs_bin_SN.csv,sub-FC108_ses-2_task-renewal_fearROIs_bin_BN.csv
PTSD,FC108,2,renewal,78,79,20,3,sub-FC108_ses-2_task-renewal_fearROIs_bin_SN.csv,sub-FC108_ses-2_task-renewal_fearROIs_bin_BN.csv
PTSD,FC108,2,renewal,79,80,20,3,sub-FC108_ses-2_task-renewal_fearROIs_bin_SN.csv,sub-FC108_ses-2_task-renewal_fearROIs_bin_BN.csv
PTSD,FC108,2,renewal,80,81,17,1,sub-FC108_ses-2_task-renewal_fearROIs_bin_SN.csv,sub-FC108_ses-2_task-renewal_fearROIs_bin_BN.csv
PTSD,FC108,2,renewal,81,82,17,1,sub-FC108_ses-2_task-renewal_fearROIs_bin_SN.csv,sub-FC108_ses-2_task-renewal_fearROIs_bin_BN.csv
PTSD,FC108,2,renewal,82,83,12,3,sub-FC108_ses-2_task-renewal_fearROIs_bin_SN.csv,sub-FC108_ses-2_task-renewal_fearROIs_bin_BN.csv
PTSD,FC108,2,renewal,83,84,13,2,sub-FC108_ses-2_task-renewal_fearROIs_bin_SN.csv,sub-FC108_ses-2_task-renewal_fearROIs_bin_BN.csv
PTSD,FC108,2,renewal,84,85,25,1,sub-FC108_ses-2_task-renewal_fearROIs_bin_SN.csv,sub-FC108_ses-2_task-renewal_fearROIs_bin_BN.csv
PTSD,FC108,2,renewal,85,86,1,1,sub-FC108_ses-2_task-renewal_fearROIs_bin_SN.csv,sub-FC108_ses-2_task-renewal_fearROIs_bin_BN.csv
PTSD,FC108,2,renewal,86,87,1,1,sub-FC108_ses-2_task-renewal_fearROIs_bin_SN.csv,sub-FC108_ses-2_task-renewal_fearROIs_bin_BN.csv
PTSD,FC108,2,renewal,87,88,13,2,sub-FC108_ses-2_task-renewal_fearROIs_bin_SN.csv,sub-FC108_ses-2_task-renewal_fearROIs_bin_BN.csv
PTSD,FC108,2,renewal,88,89,31,4,sub-FC108_ses-2_task-renewal_fearROIs_bin_SN.csv,sub-FC108_ses-2_task-renewal_fearROIs_bin_BN.csv
PTSD,FC108,2,renewal,89,90,12,3,sub-FC108_ses-2_task-renewal_fearROIs_bin_SN.csv,sub-FC108_ses-2_task-renewal_fearROIs_bin_BN.csv
PTSD,FC108,2,renewal,90,91,29,2,sub-FC108_ses-2_task-renewal_fearROIs_bin_SN.csv,sub-FC108_ses-2_task-renewal_fearROIs_bin_BN.csv
PTSD,FC108,2,renewal,91,92,5,1,sub-FC108_ses-2_task-renewal_fearROIs_bin_SN.csv,sub-FC108_ses-2_task-renewal_fearROIs_bin_BN.csv
PTSD,FC108,2,renewal,92,93,8,3,sub-FC108_ses-2_task-renewal_fearROIs_bin_SN.csv,sub-FC108_ses-2_task-renewal_fearROIs_bin_BN.csv
PTSD,FC108,2,renewal,93,94,3,1,sub-FC108_ses-2_task-renewal_fearROIs_bin_SN.csv,sub-FC108_ses-2_task-renewal_fearROIs_bin_BN.csv
PTSD,FC108,2,renewal,94,95,4,3,sub-FC108_ses-2_task-renewal_fearROIs_bin_SN.csv,sub-FC108_ses-2_task-renewal_fearROIs_bin_BN.csv
PTSD,FC108,2,renewal,95,96,9,1,sub-FC108_ses-2_task-renewal_fearROIs_bin_SN.csv,sub-FC108_ses-2_task-renewal_fearROIs_bin_BN.csv
PTSD,FC108,2,renewal,96,97,29,2,sub-FC108_ses-2_task-renewal_fearROIs_bin_SN.csv,sub-FC108_ses-2_task-renewal_fearROIs_bin_BN.csv
PTSD,FC108,2,renewal,97,98,31,4,sub-FC108_ses-2_task-renewal_fearROIs_bin_SN.csv,sub-FC108_ses-2_task-renewal_fearROIs_bin_BN.csv
PTSD,FC108,2,renewal,98,99,9,1,sub-FC108_ses-2_task-renewal_fearROIs_bin_SN.csv,sub-FC108_ses-2_task-renewal_fearROIs_bin_BN.csv
PTSD,FC108,2,renewal,99,100,13,2,sub-FC108_ses-2_task-renewal_fearROIs_bin_SN.csv,sub-FC108_ses-2_task-renewal_fearROIs_bin_BN.csv
PTSD,FC108,2,renewal,100,101,29,2,sub-FC108_ses-2_task-renewal_fearROIs_bin_SN.csv,sub-FC108_ses-2_task-renewal_fearROIs_bin_BN.csv
PTSD,FC108,2,renewal,101,102,20,3,sub-FC108_ses-2_task-renewal_fearROIs_bin_SN.csv,sub-FC108_ses-2_task-renewal_fearROIs_bin_BN.csv
PTSD,FC108,2,renewal,102,103,14,2,sub-FC108_ses-2_task-renewal_fearROIs_bin_SN.csv,sub-FC108_ses-2_task-renewal_fearROIs_bin_BN.csv
PTSD,FC108,2,renewal,103,104,13,2,sub-FC108_ses-2_task-renewal_fearROIs_bin_SN.csv,sub-FC108_ses-2_task-renewal_fearROIs_bin_BN.csv
PTSD,FC108,2,renewal,104,105,29,2,sub-FC108_ses-2_task-renewal_fearROIs_bin_SN.csv,sub-FC108_ses-2_task-renewal_fearROIs_bin_BN.csv
PTSD,FC108,2,renewal,105,106,4,3,sub-FC108_ses-2_task-renewal_fearROIs_bin_SN.csv,sub-FC108_ses-2_task-renewal_fearROIs_bin_BN.csv
PTSD,FC108,2,renewal,106,107,12,3,sub-FC108_ses-2_task-renewal_fearROIs_bin_SN.csv,sub-FC108_ses-2_task-renewal_fearROIs_bin_BN.csv
PTSD,FC108,2,renewal,107,108,14,2,sub-FC108_ses-2_task-renewal_fearROIs_bin_SN.csv,sub-FC108_ses-2_task-renewal_fearROIs_bin_BN.csv
PTSD,FC108,2,renewal,108,109,20,3,sub-FC108_ses-2_task-renewal_fearROIs_bin_SN.csv,sub-FC108_ses-2_task-renewal_fearROIs_bin_BN.csv
PTSD,FC108,2,renewal,109,110,20,3,sub-FC108_ses-2_task-renewal_fearROIs_bin_SN.csv,sub-FC108_ses-2_task-renewal_fearROIs_bin_BN.csv
PTSD,FC108,2,renewal,110,111,30,4,sub-FC108_ses-2_task-renewal_fearROIs_bin_SN.csv,sub-FC108_ses-2_task-renewal_fearROIs_bin_BN.csv
PTSD,FC108,2,renewal,111,112,31,4,sub-FC108_ses-2_task-renewal_fearROIs_bin_SN.csv,sub-FC108_ses-2_task-renewal_fearROIs_bin_BN.csv
PTSD,FC108,2,renewal,112,113,11,1,sub-FC108_ses-2_task-renewal_fearROIs_bin_SN.csv,sub-FC108_ses-2_task-renewal_fearROIs_bin_BN.csv
PTSD,FC108,2,renewal,113,114,17,1,sub-FC108_ses-2_task-renewal_fearROIs_bin_SN.csv,sub-FC108_ses-2_task-renewal_fearROIs_bin_BN.csv
PTSD,FC108,2,renewal,114,115,25,1,sub-FC108_ses-2_task-renewal_fearROIs_bin_SN.csv,sub-FC108_ses-2_task-renewal_fearROIs_bin_BN.csv
PTSD,FC108,2,renewal,115,116,19,3,sub-FC108_ses-2_task-renewal_fearROIs_bin_SN.csv,sub-FC108_ses-2_task-renewal_fearROIs_bin_BN.csv
PTSD,FC108,2,renewal,116,117,4,3,sub-FC108_ses-2_task-renewal_fearROIs_bin_SN.csv,sub-FC108_ses-2_task-renewal_fearROIs_bin_BN.csv
PTSD,FC108,2,renewal,117,118,17,1,sub-FC108_ses-2_task-renewal_fearROIs_bin_SN.csv,sub-FC108_ses-2_task-renewal_fearROIs_bin_BN.csv
PTSD,FC108,2,renewal,118,119,29,2,sub-FC108_ses-2_task-renewal_fearROIs_bin_SN.csv,sub-FC108_ses-2_task-renewal_fearROIs_bin_BN.csv
PTSD,FC108,2,renewal,119,120,14,2,sub-FC108_ses-2_task-renewal_fearROIs_bin_SN.csv,sub-FC108_ses-2_task-renewal_fearROIs_bin_BN.csv
PTSD,FC108,2,renewal,120,121,20,3,sub-FC108_ses-2_task-renewal_fearROIs_bin_SN.csv,sub-FC108_ses-2_task-renewal_fearROIs_bin_BN.csv
PTSD,FC108,2,renewal,121,122,4,3,sub-FC108_ses-2_task-renewal_fearROIs_bin_SN.csv,sub-FC108_ses-2_task-renewal_fearROIs_bin_BN.csv
PTSD,FC108,2,renewal,122,123,13,2,sub-FC108_ses-2_task-renewal_fearROIs_bin_SN.csv,sub-FC108_ses-2_task-renewal_fearROIs_bin_BN.csv
PTSD,FC109,2,renewal,0,1,28,4,sub-FC109_ses-2_task-renewal_fearROIs_bin_SN.csv,sub-FC109_ses-2_task-renewal_fearROIs_bin_BN.csv
PTSD,FC109,2,renewal,1,2,19,3,sub-FC109_ses-2_task-renewal_fearROIs_bin_SN.csv,sub-FC109_ses-2_task-renewal_fearROIs_bin_BN.csv
PTSD,FC109,2,renewal,2,3,20,3,sub-FC109_ses-2_task-renewal_fearROIs_bin_SN.csv,sub-FC109_ses-2_task-renewal_fearROIs_bin_BN.csv
PTSD,FC109,2,renewal,3,4,1,1,sub-FC109_ses-2_task-renewal_fearROIs_bin_SN.csv,sub-FC109_ses-2_task-renewal_fearROIs_bin_BN.csv
PTSD,FC109,2,renewal,4,5,13,2,sub-FC109_ses-2_task-renewal_fearROIs_bin_SN.csv,sub-FC109_ses-2_task-renewal_fearROIs_bin_BN.csv
PTSD,FC109,2,renewal,5,6,13,2,sub-FC109_ses-2_task-renewal_fearROIs_bin_SN.csv,sub-FC109_ses-2_task-renewal_fearROIs_bin_BN.csv
PTSD,FC109,2,renewal,6,7,32,4,sub-FC109_ses-2_task-renewal_fearROIs_bin_SN.csv,sub-FC109_ses-2_task-renewal_fearROIs_bin_BN.csv
PTSD,FC109,2,renewal,7,8,30,4,sub-FC109_ses-2_task-renewal_fearROIs_bin_SN.csv,sub-FC109_ses-2_task-renewal_fearROIs_bin_BN.csv
PTSD,FC109,2,renewal,8,9,17,1,sub-FC109_ses-2_task-renewal_fearROIs_bin_SN.csv,sub-FC109_ses-2_task-renewal_fearROIs_bin_BN.csv
PTSD,FC109,2,renewal,9,10,16,4,sub-FC109_ses-2_task-renewal_fearROIs_bin_SN.csv,sub-FC109_ses-2_task-renewal_fearROIs_bin_BN.csv
PTSD,FC109,2,renewal,10,11,5,1,sub-FC109_ses-2_task-renewal_fearROIs_bin_SN.csv,sub-FC109_ses-2_task-renewal_fearROIs_bin_BN.csv
PTSD,FC109,2,renewal,11,12,2,1,sub-FC109_ses-2_task-renewal_fearROIs_bin_SN.csv,sub-FC109_ses-2_task-renewal_fearROIs_bin_BN.csv
PTSD,FC109,2,renewal,12,13,2,1,sub-FC109_ses-2_task-renewal_fearROIs_bin_SN.csv,sub-FC109_ses-2_task-renewal_fearROIs_bin_BN.csv
PTSD,FC109,2,renewal,13,14,1,1,sub-FC109_ses-2_task-renewal_fearROIs_bin_SN.csv,sub-FC109_ses-2_task-renewal_fearROIs_bin_BN.csv
PTSD,FC109,2,renewal,14,15,16,4,sub-FC109_ses-2_task-renewal_fearROIs_bin_SN.csv,sub-FC109_ses-2_task-renewal_fearROIs_bin_BN.csv
PTSD,FC109,2,renewal,15,16,7,1,sub-FC109_ses-2_task-renewal_fearROIs_bin_SN.csv,sub-FC109_ses-2_task-renewal_fearROIs_bin_BN.csv
PTSD,FC109,2,renewal,16,17,20,3,sub-FC109_ses-2_task-renewal_fearROIs_bin_SN.csv,sub-FC109_ses-2_task-renewal_fearROIs_bin_BN.csv
PTSD,FC109,2,renewal,17,18,31,4,sub-FC109_ses-2_task-renewal_fearROIs_bin_SN.csv,sub-FC109_ses-2_task-renewal_fearROIs_bin_BN.csv
PTSD,FC109,2,renewal,18,19,32,4,sub-FC109_ses-2_task-renewal_fearROIs_bin_SN.csv,sub-FC109_ses-2_task-renewal_fearROIs_bin_BN.csv
PTSD,FC109,2,renewal,19,20,7,1,sub-FC109_ses-2_task-renewal_fearROIs_bin_SN.csv,sub-FC109_ses-2_task-renewal_fearROIs_bin_BN.csv
PTSD,FC109,2,renewal,20,21,32,4,sub-FC109_ses-2_task-renewal_fearROIs_bin_SN.csv,sub-FC109_ses-2_task-renewal_fearROIs_bin_BN.csv
PTSD,FC109,2,renewal,21,22,13,2,sub-FC109_ses-2_task-renewal_fearROIs_bin_SN.csv,sub-FC109_ses-2_task-renewal_fearROIs_bin_BN.csv
PTSD,FC109,2,renewal,22,23,20,3,sub-FC109_ses-2_task-renewal_fearROIs_bin_SN.csv,sub-FC109_ses-2_task-renewal_fearROIs_bin_BN.csv
PTSD,FC109,2,renewal,23,24,31,4,sub-FC109_ses-2_task-renewal_fearROIs_bin_SN.csv,sub-FC109_ses-2_task-renewal_fearROIs_bin_BN.csv
PTSD,FC109,2,renewal,24,25,17,1,sub-FC109_ses-2_task-renewal_fearROIs_bin_SN.csv,sub-FC109_ses-2_task-renewal_fearROIs_bin_BN.csv
PTSD,FC109,2,renewal,25,26,13,2,sub-FC109_ses-2_task-renewal_fearROIs_bin_SN.csv,sub-FC109_ses-2_task-renewal_fearROIs_bin_BN.csv
PTSD,FC109,2,renewal,26,27,15,2,sub-FC109_ses-2_task-renewal_fearROIs_bin_SN.csv,sub-FC109_ses-2_task-renewal_fearROIs_bin_BN.csv
PTSD,FC109,2,renewal,27,28,14,2,sub-FC109_ses-2_task-renewal_fearROIs_bin_SN.csv,sub-FC109_ses-2_task-renewal_fearROIs_bin_BN.csv
PTSD,FC109,2,renewal,28,29,29,2,sub-FC109_ses-2_task-renewal_fearROIs_bin_SN.csv,sub-FC109_ses-2_task-renewal_fearROIs_bin_BN.csv
PTSD,FC109,2,renewal,29,30,14,2,sub-FC109_ses-2_task-renewal_fearROIs_bin_SN.csv,sub-FC109_ses-2_task-renewal_fearROIs_bin_BN.csv
PTSD,FC109,2,renewal,30,31,30,4,sub-FC109_ses-2_task-renewal_fearROIs_bin_SN.csv,sub-FC109_ses-2_task-renewal_fearROIs_bin_BN.csv
PTSD,FC109,2,renewal,31,32,19,3,sub-FC109_ses-2_task-renewal_fearROIs_bin_SN.csv,sub-FC109_ses-2_task-renewal_fearROIs_bin_BN.csv
PTSD,FC109,2,renewal,32,33,28,4,sub-FC109_ses-2_task-renewal_fearROIs_bin_SN.csv,sub-FC109_ses-2_task-renewal_fearROIs_bin_BN.csv
PTSD,FC109,2,renewal,33,34,23,4,sub-FC109_ses-2_task-renewal_fearROIs_bin_SN.csv,sub-FC109_ses-2_task-renewal_fearROIs_bin_BN.csv
PTSD,FC109,2,renewal,34,35,20,3,sub-FC109_ses-2_task-renewal_fearROIs_bin_SN.csv,sub-FC109_ses-2_task-renewal_fearROIs_bin_BN.csv
PTSD,FC109,2,renewal,35,36,22,4,sub-FC109_ses-2_task-renewal_fearROIs_bin_SN.csv,sub-FC109_ses-2_task-renewal_fearROIs_bin_BN.csv
PTSD,FC109,2,renewal,36,37,17,1,sub-FC109_ses-2_task-renewal_fearROIs_bin_SN.csv,sub-FC109_ses-2_task-renewal_fearROIs_bin_BN.csv
PTSD,FC109,2,renewal,37,38,32,4,sub-FC109_ses-2_task-renewal_fearROIs_bin_SN.csv,sub-FC109_ses-2_task-renewal_fearROIs_bin_BN.csv
PTSD,FC109,2,renewal,38,39,29,2,sub-FC109_ses-2_task-renewal_fearROIs_bin_SN.csv,sub-FC109_ses-2_task-renewal_fearROIs_bin_BN.csv
PTSD,FC109,2,renewal,39,40,2,1,sub-FC109_ses-2_task-renewal_fearROIs_bin_SN.csv,sub-FC109_ses-2_task-renewal_fearROIs_bin_BN.csv
PTSD,FC109,2,renewal,40,41,2,1,sub-FC109_ses-2_task-renewal_fearROIs_bin_SN.csv,sub-FC109_ses-2_task-renewal_fearROIs_bin_BN.csv
PTSD,FC109,2,renewal,41,42,17,1,sub-FC109_ses-2_task-renewal_fearROIs_bin_SN.csv,sub-FC109_ses-2_task-renewal_fearROIs_bin_BN.csv
PTSD,FC109,2,renewal,42,43,1,1,sub-FC109_ses-2_task-renewal_fearROIs_bin_SN.csv,sub-FC109_ses-2_task-renewal_fearROIs_bin_BN.csv
PTSD,FC109,2,renewal,43,44,26,4,sub-FC109_ses-2_task-renewal_fearROIs_bin_SN.csv,sub-FC109_ses-2_task-renewal_fearROIs_bin_BN.csv
PTSD,FC109,2,renewal,44,45,9,1,sub-FC109_ses-2_task-renewal_fearROIs_bin_SN.csv,sub-FC109_ses-2_task-renewal_fearROIs_bin_BN.csv
PTSD,FC109,2,renewal,45,46,16,4,sub-FC109_ses-2_task-renewal_fearROIs_bin_SN.csv,sub-FC109_ses-2_task-renewal_fearROIs_bin_BN.csv
PTSD,FC109,2,renewal,46,47,13,2,sub-FC109_ses-2_task-renewal_fearROIs_bin_SN.csv,sub-FC109_ses-2_task-renewal_fearROIs_bin_BN.csv
PTSD,FC109,2,renewal,47,48,3,1,sub-FC109_ses-2_task-renewal_fearROIs_bin_SN.csv,sub-FC109_ses-2_task-renewal_fearROIs_bin_BN.csv
PTSD,FC109,2,renewal,48,49,30,4,sub-FC109_ses-2_task-renewal_fearROIs_bin_SN.csv,sub-FC109_ses-2_task-renewal_fearROIs_bin_BN.csv
PTSD,FC109,2,renewal,49,50,16,4,sub-FC109_ses-2_task-renewal_fearROIs_bin_SN.csv,sub-FC109_ses-2_task-renewal_fearROIs_bin_BN.csv
PTSD,FC109,2,renewal,50,51,16,4,sub-FC109_ses-2_task-renewal_fearROIs_bin_SN.csv,sub-FC109_ses-2_task-renewal_fearROIs_bin_BN.csv
PTSD,FC109,2,renewal,51,52,5,1,sub-FC109_ses-2_task-renewal_fearROIs_bin_SN.csv,sub-FC109_ses-2_task-renewal_fearROIs_bin_BN.csv
PTSD,FC109,2,renewal,52,53,1,1,sub-FC109_ses-2_task-renewal_fearROIs_bin_SN.csv,sub-FC109_ses-2_task-renewal_fearROIs_bin_BN.csv
PTSD,FC109,2,renewal,53,54,1,1,sub-FC109_ses-2_task-renewal_fearROIs_bin_SN.csv,sub-FC109_ses-2_task-renewal_fearROIs_bin_BN.csv
PTSD,FC109,2,renewal,54,55,5,1,sub-FC109_ses-2_task-renewal_fearROIs_bin_SN.csv,sub-FC109_ses-2_task-renewal_fearROIs_bin_BN.csv
PTSD,FC109,2,renewal,55,56,3,1,sub-FC109_ses-2_task-renewal_fearROIs_bin_SN.csv,sub-FC109_ses-2_task-renewal_fearROIs_bin_BN.csv
PTSD,FC109,2,renewal,56,57,5,1,sub-FC109_ses-2_task-renewal_fearROIs_bin_SN.csv,sub-FC109_ses-2_task-renewal_fearROIs_bin_BN.csv
PTSD,FC109,2,renewal,57,58,29,2,sub-FC109_ses-2_task-renewal_fearROIs_bin_SN.csv,sub-FC109_ses-2_task-renewal_fearROIs_bin_BN.csv
PTSD,FC109,2,renewal,58,59,28,4,sub-FC109_ses-2_task-renewal_fearROIs_bin_SN.csv,sub-FC109_ses-2_task-renewal_fearROIs_bin_BN.csv
PTSD,FC109,2,renewal,59,60,14,2,sub-FC109_ses-2_task-renewal_fearROIs_bin_SN.csv,sub-FC109_ses-2_task-renewal_fearROIs_bin_BN.csv
PTSD,FC109,2,renewal,60,61,1,1,sub-FC109_ses-2_task-renewal_fearROIs_bin_SN.csv,sub-FC109_ses-2_task-renewal_fearROIs_bin_BN.csv
PTSD,FC109,2,renewal,61,62,2,1,sub-FC109_ses-2_task-renewal_fearROIs_bin_SN.csv,sub-FC109_ses-2_task-renewal_fearROIs_bin_BN.csv
PTSD,FC109,2,renewal,62,63,1,1,sub-FC109_ses-2_task-renewal_fearROIs_bin_SN.csv,sub-FC109_ses-2_task-renewal_fearROIs_bin_BN.csv
PTSD,FC109,2,renewal,63,64,12,3,sub-FC109_ses-2_task-renewal_fearROIs_bin_SN.csv,sub-FC109_ses-2_task-renewal_fearROIs_bin_BN.csv
PTSD,FC109,2,renewal,64,65,11,1,sub-FC109_ses-2_task-renewal_fearROIs_bin_SN.csv,sub-FC109_ses-2_task-renewal_fearROIs_bin_BN.csv
PTSD,FC109,2,renewal,65,66,31,4,sub-FC109_ses-2_task-renewal_fearROIs_bin_SN.csv,sub-FC109_ses-2_task-renewal_fearROIs_bin_BN.csv
PTSD,FC109,2,renewal,66,67,21,1,sub-FC109_ses-2_task-renewal_fearROIs_bin_SN.csv,sub-FC109_ses-2_task-renewal_fearROIs_bin_BN.csv
PTSD,FC109,2,renewal,67,68,14,2,sub-FC109_ses-2_task-renewal_fearROIs_bin_SN.csv,sub-FC109_ses-2_task-renewal_fearROIs_bin_BN.csv
PTSD,FC109,2,renewal,68,69,14,2,sub-FC109_ses-2_task-renewal_fearROIs_bin_SN.csv,sub-FC109_ses-2_task-renewal_fearROIs_bin_BN.csv
PTSD,FC109,2,renewal,69,70,1,1,sub-FC109_ses-2_task-renewal_fearROIs_bin_SN.csv,sub-FC109_ses-2_task-renewal_fearROIs_bin_BN.csv
PTSD,FC109,2,renewal,70,71,2,1,sub-FC109_ses-2_task-renewal_fearROIs_bin_SN.csv,sub-FC109_ses-2_task-renewal_fearROIs_bin_BN.csv
PTSD,FC109,2,renewal,71,72,1,1,sub-FC109_ses-2_task-renewal_fearROIs_bin_SN.csv,sub-FC109_ses-2_task-renewal_fearROIs_bin_BN.csv
PTSD,FC109,2,renewal,72,73,4,3,sub-FC109_ses-2_task-renewal_fearROIs_bin_SN.csv,sub-FC109_ses-2_task-renewal_fearROIs_bin_BN.csv
PTSD,FC109,2,renewal,73,74,15,2,sub-FC109_ses-2_task-renewal_fearROIs_bin_SN.csv,sub-FC109_ses-2_task-renewal_fearROIs_bin_BN.csv
PTSD,FC109,2,renewal,74,75,20,3,sub-FC109_ses-2_task-renewal_fearROIs_bin_SN.csv,sub-FC109_ses-2_task-renewal_fearROIs_bin_BN.csv
PTSD,FC109,2,renewal,75,76,20,3,sub-FC109_ses-2_task-renewal_fearROIs_bin_SN.csv,sub-FC109_ses-2_task-renewal_fearROIs_bin_BN.csv
PTSD,FC109,2,renewal,76,77,1,1,sub-FC109_ses-2_task-renewal_fearROIs_bin_SN.csv,sub-FC109_ses-2_task-renewal_fearROIs_bin_BN.csv
PTSD,FC109,2,renewal,77,78,20,3,sub-FC109_ses-2_task-renewal_fearROIs_bin_SN.csv,sub-FC109_ses-2_task-renewal_fearROIs_bin_BN.csv
PTSD,FC109,2,renewal,78,79,30,4,sub-FC109_ses-2_task-renewal_fearROIs_bin_SN.csv,sub-FC109_ses-2_task-renewal_fearROIs_bin_BN.csv
PTSD,FC109,2,renewal,79,80,28,4,sub-FC109_ses-2_task-renewal_fearROIs_bin_SN.csv,sub-FC109_ses-2_task-renewal_fearROIs_bin_BN.csv
PTSD,FC109,2,renewal,80,81,31,4,sub-FC109_ses-2_task-renewal_fearROIs_bin_SN.csv,sub-FC109_ses-2_task-renewal_fearROIs_bin_BN.csv
PTSD,FC109,2,renewal,81,82,32,4,sub-FC109_ses-2_task-renewal_fearROIs_bin_SN.csv,sub-FC109_ses-2_task-renewal_fearROIs_bin_BN.csv
PTSD,FC109,2,renewal,82,83,16,4,sub-FC109_ses-2_task-renewal_fearROIs_bin_SN.csv,sub-FC109_ses-2_task-renewal_fearROIs_bin_BN.csv
PTSD,FC109,2,renewal,83,84,13,2,sub-FC109_ses-2_task-renewal_fearROIs_bin_SN.csv,sub-FC109_ses-2_task-renewal_fearROIs_bin_BN.csv
PTSD,FC109,2,renewal,84,85,28,4,sub-FC109_ses-2_task-renewal_fearROIs_bin_SN.csv,sub-FC109_ses-2_task-renewal_fearROIs_bin_BN.csv
PTSD,FC109,2,renewal,85,86,17,1,sub-FC109_ses-2_task-renewal_fearROIs_bin_SN.csv,sub-FC109_ses-2_task-renewal_fearROIs_bin_BN.csv
PTSD,FC109,2,renewal,86,87,17,1,sub-FC109_ses-2_task-renewal_fearROIs_bin_SN.csv,sub-FC109_ses-2_task-renewal_fearROIs_bin_BN.csv
PTSD,FC109,2,renewal,87,88,29,2,sub-FC109_ses-2_task-renewal_fearROIs_bin_SN.csv,sub-FC109_ses-2_task-renewal_fearROIs_bin_BN.csv
PTSD,FC109,2,renewal,88,89,31,4,sub-FC109_ses-2_task-renewal_fearROIs_bin_SN.csv,sub-FC109_ses-2_task-renewal_fearROIs_bin_BN.csv
PTSD,FC109,2,renewal,89,90,32,4,sub-FC109_ses-2_task-renewal_fearROIs_bin_SN.csv,sub-FC109_ses-2_task-renewal_fearROIs_bin_BN.csv
PTSD,FC109,2,renewal,90,91,30,4,sub-FC109_ses-2_task-renewal_fearROIs_bin_SN.csv,sub-FC109_ses-2_task-renewal_fearROIs_bin_BN.csv
PTSD,FC109,2,renewal,91,92,31,4,sub-FC109_ses-2_task-renewal_fearROIs_bin_SN.csv,sub-FC109_ses-2_task-renewal_fearROIs_bin_BN.csv
PTSD,FC109,2,renewal,92,93,28,4,sub-FC109_ses-2_task-renewal_fearROIs_bin_SN.csv,sub-FC109_ses-2_task-renewal_fearROIs_bin_BN.csv
PTSD,FC109,2,renewal,93,94,17,1,sub-FC109_ses-2_task-renewal_fearROIs_bin_SN.csv,sub-FC109_ses-2_task-renewal_fearROIs_bin_BN.csv
PTSD,FC109,2,renewal,94,95,4,3,sub-FC109_ses-2_task-renewal_fearROIs_bin_SN.csv,sub-FC109_ses-2_task-renewal_fearROIs_bin_BN.csv
PTSD,FC109,2,renewal,95,96,16,4,sub-FC109_ses-2_task-renewal_fearROIs_bin_SN.csv,sub-FC109_ses-2_task-renewal_fearROIs_bin_BN.csv
PTSD,FC109,2,renewal,96,97,32,4,sub-FC109_ses-2_task-renewal_fearROIs_bin_SN.csv,sub-FC109_ses-2_task-renewal_fearROIs_bin_BN.csv
PTSD,FC109,2,renewal,97,98,28,4,sub-FC109_ses-2_task-renewal_fearROIs_bin_SN.csv,sub-FC109_ses-2_task-renewal_fearROIs_bin_BN.csv
PTSD,FC109,2,renewal,98,99,20,3,sub-FC109_ses-2_task-renewal_fearROIs_bin_SN.csv,sub-FC109_ses-2_task-renewal_fearROIs_bin_BN.csv
PTSD,FC109,2,renewal,99,100,18,3,sub-FC109_ses-2_task-renewal_fearROIs_bin_SN.csv,sub-FC109_ses-2_task-renewal_fearROIs_bin_BN.csv
PTSD,FC109,2,renewal,100,101,20,3,sub-FC109_ses-2_task-renewal_fearROIs_bin_SN.csv,sub-FC109_ses-2_task-renewal_fearROIs_bin_BN.csv
PTSD,FC109,2,renewal,101,102,24,4,sub-FC109_ses-2_task-renewal_fearROIs_bin_SN.csv,sub-FC109_ses-2_task-renewal_fearROIs_bin_BN.csv
PTSD,FC109,2,renewal,102,103,1,1,sub-FC109_ses-2_task-renewal_fearROIs_bin_SN.csv,sub-FC109_ses-2_task-renewal_fearROIs_bin_BN.csv
PTSD,FC109,2,renewal,103,104,1,1,sub-FC109_ses-2_task-renewal_fearROIs_bin_SN.csv,sub-FC109_ses-2_task-renewal_fearROIs_bin_BN.csv
PTSD,FC109,2,renewal,104,105,1,1,sub-FC109_ses-2_task-renewal_fearROIs_bin_SN.csv,sub-FC109_ses-2_task-renewal_fearROIs_bin_BN.csv
PTSD,FC109,2,renewal,105,106,1,1,sub-FC109_ses-2_task-renewal_fearROIs_bin_SN.csv,sub-FC109_ses-2_task-renewal_fearROIs_bin_BN.csv
PTSD,FC109,2,renewal,106,107,16,4,sub-FC109_ses-2_task-renewal_fearROIs_bin_SN.csv,sub-FC109_ses-2_task-renewal_fearROIs_bin_BN.csv
PTSD,FC109,2,renewal,107,108,3,1,sub-FC109_ses-2_task-renewal_fearROIs_bin_SN.csv,sub-FC109_ses-2_task-renewal_fearROIs_bin_BN.csv
PTSD,FC109,2,renewal,108,109,1,1,sub-FC109_ses-2_task-renewal_fearROIs_bin_SN.csv,sub-FC109_ses-2_task-renewal_fearROIs_bin_BN.csv
PTSD,FC109,2,renewal,109,110,1,1,sub-FC109_ses-2_task-renewal_fearROIs_bin_SN.csv,sub-FC109_ses-2_task-renewal_fearROIs_bin_BN.csv
PTSD,FC109,2,renewal,110,111,13,2,sub-FC109_ses-2_task-renewal_fearROIs_bin_SN.csv,sub-FC109_ses-2_task-renewal_fearROIs_bin_BN.csv
PTSD,FC109,2,renewal,111,112,8,3,sub-FC109_ses-2_task-renewal_fearROIs_bin_SN.csv,sub-FC109_ses-2_task-renewal_fearROIs_bin_BN.csv
PTSD,FC109,2,renewal,112,113,16,4,sub-FC109_ses-2_task-renewal_fearROIs_bin_SN.csv,sub-FC109_ses-2_task-renewal_fearROIs_bin_BN.csv
PTSD,FC109,2,renewal,113,114,17,1,sub-FC109_ses-2_task-renewal_fearROIs_bin_SN.csv,sub-FC109_ses-2_task-renewal_fearROIs_bin_BN.csv
PTSD,FC109,2,renewal,114,115,32,4,sub-FC109_ses-2_task-renewal_fearROIs_bin_SN.csv,sub-FC109_ses-2_task-renewal_fearROIs_bin_BN.csv
PTSD,FC109,2,renewal,115,116,27,4,sub-FC109_ses-2_task-renewal_fearROIs_bin_SN.csv,sub-FC109_ses-2_task-renewal_fearROIs_bin_BN.csv
PTSD,FC109,2,renewal,116,117,20,3,sub-FC109_ses-2_task-renewal_fearROIs_bin_SN.csv,sub-FC109_ses-2_task-renewal_fearROIs_bin_BN.csv
PTSD,FC109,2,renewal,117,118,23,4,sub-FC109_ses-2_task-renewal_fearROIs_bin_SN.csv,sub-FC109_ses-2_task-renewal_fearROIs_bin_BN.csv
PTSD,FC109,2,renewal,118,119,32,4,sub-FC109_ses-2_task-renewal_fearROIs_bin_SN.csv,sub-FC109_ses-2_task-renewal_fearROIs_bin_BN.csv
PTSD,FC110,2,renewal,0,1,24,4,sub-FC110_ses-2_task-renewal_fearROIs_bin_SN.csv,sub-FC110_ses-2_task-renewal_fearROIs_bin_BN.csv
PTSD,FC110,2,renewal,1,2,31,4,sub-FC110_ses-2_task-renewal_fearROIs_bin_SN.csv,sub-FC110_ses-2_task-renewal_fearROIs_bin_BN.csv
PTSD,FC110,2,renewal,2,3,8,3,sub-FC110_ses-2_task-renewal_fearROIs_bin_SN.csv,sub-FC110_ses-2_task-renewal_fearROIs_bin_BN.csv
PTSD,FC110,2,renewal,3,4,20,3,sub-FC110_ses-2_task-renewal_fearROIs_bin_SN.csv,sub-FC110_ses-2_task-renewal_fearROIs_bin_BN.csv
PTSD,FC110,2,renewal,4,5,10,1,sub-FC110_ses-2_task-renewal_fearROIs_bin_SN.csv,sub-FC110_ses-2_task-renewal_fearROIs_bin_BN.csv
PTSD,FC110,2,renewal,5,6,29,2,sub-FC110_ses-2_task-renewal_fearROIs_bin_SN.csv,sub-FC110_ses-2_task-renewal_fearROIs_bin_BN.csv
PTSD,FC110,2,renewal,6,7,31,4,sub-FC110_ses-2_task-renewal_fearROIs_bin_SN.csv,sub-FC110_ses-2_task-renewal_fearROIs_bin_BN.csv
PTSD,FC110,2,renewal,7,8,23,4,sub-FC110_ses-2_task-renewal_fearROIs_bin_SN.csv,sub-FC110_ses-2_task-renewal_fearROIs_bin_BN.csv
PTSD,FC110,2,renewal,8,9,4,3,sub-FC110_ses-2_task-renewal_fearROIs_bin_SN.csv,sub-FC110_ses-2_task-renewal_fearROIs_bin_BN.csv
PTSD,FC110,2,renewal,9,10,2,1,sub-FC110_ses-2_task-renewal_fearROIs_bin_SN.csv,sub-FC110_ses-2_task-renewal_fearROIs_bin_BN.csv
PTSD,FC110,2,renewal,10,11,9,1,sub-FC110_ses-2_task-renewal_fearROIs_bin_SN.csv,sub-FC110_ses-2_task-renewal_fearROIs_bin_BN.csv
PTSD,FC110,2,renewal,11,12,13,2,sub-FC110_ses-2_task-renewal_fearROIs_bin_SN.csv,sub-FC110_ses-2_task-renewal_fearROIs_bin_BN.csv
PTSD,FC110,2,renewal,12,13,7,1,sub-FC110_ses-2_task-renewal_fearROIs_bin_SN.csv,sub-FC110_ses-2_task-renewal_fearROIs_bin_BN.csv
PTSD,FC110,2,renewal,13,14,4,3,sub-FC110_ses-2_task-renewal_fearROIs_bin_SN.csv,sub-FC110_ses-2_task-renewal_fearROIs_bin_BN.csv
PTSD,FC110,2,renewal,14,15,20,3,sub-FC110_ses-2_task-renewal_fearROIs_bin_SN.csv,sub-FC110_ses-2_task-renewal_fearROIs_bin_BN.csv
PTSD,FC110,2,renewal,15,16,9,1,sub-FC110_ses-2_task-renewal_fearROIs_bin_SN.csv,sub-FC110_ses-2_task-renewal_fearROIs_bin_BN.csv
PTSD,FC110,2,renewal,16,17,1,1,sub-FC110_ses-2_task-renewal_fearROIs_bin_SN.csv,sub-FC110_ses-2_task-renewal_fearROIs_bin_BN.csv
PTSD,FC110,2,renewal,17,18,28,4,sub-FC110_ses-2_task-renewal_fearROIs_bin_SN.csv,sub-FC110_ses-2_task-renewal_fearROIs_bin_BN.csv
PTSD,FC110,2,renewal,18,19,9,1,sub-FC110_ses-2_task-renewal_fearROIs_bin_SN.csv,sub-FC110_ses-2_task-renewal_fearROIs_bin_BN.csv
PTSD,FC110,2,renewal,19,20,29,2,sub-FC110_ses-2_task-renewal_fearROIs_bin_SN.csv,sub-FC110_ses-2_task-renewal_fearROIs_bin_BN.csv
PTSD,FC110,2,renewal,20,21,4,3,sub-FC110_ses-2_task-renewal_fearROIs_bin_SN.csv,sub-FC110_ses-2_task-renewal_fearROIs_bin_BN.csv
PTSD,FC110,2,renewal,21,22,20,3,sub-FC110_ses-2_task-renewal_fearROIs_bin_SN.csv,sub-FC110_ses-2_task-renewal_fearROIs_bin_BN.csv
PTSD,FC110,2,renewal,22,23,9,1,sub-FC110_ses-2_task-renewal_fearROIs_bin_SN.csv,sub-FC110_ses-2_task-renewal_fearROIs_bin_BN.csv
PTSD,FC110,2,renewal,23,24,21,1,sub-FC110_ses-2_task-renewal_fearROIs_bin_SN.csv,sub-FC110_ses-2_task-renewal_fearROIs_bin_BN.csv
PTSD,FC110,2,renewal,24,25,4,3,sub-FC110_ses-2_task-renewal_fearROIs_bin_SN.csv,sub-FC110_ses-2_task-renewal_fearROIs_bin_BN.csv
PTSD,FC110,2,renewal,25,26,31,4,sub-FC110_ses-2_task-renewal_fearROIs_bin_SN.csv,sub-FC110_ses-2_task-renewal_fearROIs_bin_BN.csv
PTSD,FC110,2,renewal,26,27,8,3,sub-FC110_ses-2_task-renewal_fearROIs_bin_SN.csv,sub-FC110_ses-2_task-renewal_fearROIs_bin_BN.csv
PTSD,FC110,2,renewal,27,28,20,3,sub-FC110_ses-2_task-renewal_fearROIs_bin_SN.csv,sub-FC110_ses-2_task-renewal_fearROIs_bin_BN.csv
PTSD,FC110,2,renewal,28,29,29,2,sub-FC110_ses-2_task-renewal_fearROIs_bin_SN.csv,sub-FC110_ses-2_task-renewal_fearROIs_bin_BN.csv
PTSD,FC110,2,renewal,29,30,29,2,sub-FC110_ses-2_task-renewal_fearROIs_bin_SN.csv,sub-FC110_ses-2_task-renewal_fearROIs_bin_BN.csv
PTSD,FC110,2,renewal,30,31,8,3,sub-FC110_ses-2_task-renewal_fearROIs_bin_SN.csv,sub-FC110_ses-2_task-renewal_fearROIs_bin_BN.csv
PTSD,FC110,2,renewal,31,32,32,4,sub-FC110_ses-2_task-renewal_fearROIs_bin_SN.csv,sub-FC110_ses-2_task-renewal_fearROIs_bin_BN.csv
PTSD,FC110,2,renewal,32,33,25,1,sub-FC110_ses-2_task-renewal_fearROIs_bin_SN.csv,sub-FC110_ses-2_task-renewal_fearROIs_bin_BN.csv
PTSD,FC110,2,renewal,33,34,6,1,sub-FC110_ses-2_task-renewal_fearROIs_bin_SN.csv,sub-FC110_ses-2_task-renewal_fearROIs_bin_BN.csv
PTSD,FC110,2,renewal,34,35,8,3,sub-FC110_ses-2_task-renewal_fearROIs_bin_SN.csv,sub-FC110_ses-2_task-renewal_fearROIs_bin_BN.csv
PTSD,FC110,2,renewal,35,36,15,2,sub-FC110_ses-2_task-renewal_fearROIs_bin_SN.csv,sub-FC110_ses-2_task-renewal_fearROIs_bin_BN.csv
PTSD,FC110,2,renewal,36,37,32,4,sub-FC110_ses-2_task-renewal_fearROIs_bin_SN.csv,sub-FC110_ses-2_task-renewal_fearROIs_bin_BN.csv
PTSD,FC110,2,renewal,37,38,20,3,sub-FC110_ses-2_task-renewal_fearROIs_bin_SN.csv,sub-FC110_ses-2_task-renewal_fearROIs_bin_BN.csv
PTSD,FC110,2,renewal,38,39,27,4,sub-FC110_ses-2_task-renewal_fearROIs_bin_SN.csv,sub-FC110_ses-2_task-renewal_fearROIs_bin_BN.csv
PTSD,FC110,2,renewal,39,40,29,2,sub-FC110_ses-2_task-renewal_fearROIs_bin_SN.csv,sub-FC110_ses-2_task-renewal_fearROIs_bin_BN.csv
PTSD,FC110,2,renewal,40,41,29,2,sub-FC110_ses-2_task-renewal_fearROIs_bin_SN.csv,sub-FC110_ses-2_task-renewal_fearROIs_bin_BN.csv
PTSD,FC110,2,renewal,41,42,1,1,sub-FC110_ses-2_task-renewal_fearROIs_bin_SN.csv,sub-FC110_ses-2_task-renewal_fearROIs_bin_BN.csv
PTSD,FC110,2,renewal,42,43,1,1,sub-FC110_ses-2_task-renewal_fearROIs_bin_SN.csv,sub-FC110_ses-2_task-renewal_fearROIs_bin_BN.csv
PTSD,FC110,2,renewal,43,44,9,1,sub-FC110_ses-2_task-renewal_fearROIs_bin_SN.csv,sub-FC110_ses-2_task-renewal_fearROIs_bin_BN.csv
PTSD,FC110,2,renewal,44,45,5,1,sub-FC110_ses-2_task-renewal_fearROIs_bin_SN.csv,sub-FC110_ses-2_task-renewal_fearROIs_bin_BN.csv
PTSD,FC110,2,renewal,45,46,2,1,sub-FC110_ses-2_task-renewal_fearROIs_bin_SN.csv,sub-FC110_ses-2_task-renewal_fearROIs_bin_BN.csv
PTSD,FC110,2,renewal,46,47,1,1,sub-FC110_ses-2_task-renewal_fearROIs_bin_SN.csv,sub-FC110_ses-2_task-renewal_fearROIs_bin_BN.csv
PTSD,FC110,2,renewal,47,48,5,1,sub-FC110_ses-2_task-renewal_fearROIs_bin_SN.csv,sub-FC110_ses-2_task-renewal_fearROIs_bin_BN.csv
PTSD,FC110,2,renewal,48,49,18,3,sub-FC110_ses-2_task-renewal_fearROIs_bin_SN.csv,sub-FC110_ses-2_task-renewal_fearROIs_bin_BN.csv
PTSD,FC110,2,renewal,49,50,9,1,sub-FC110_ses-2_task-renewal_fearROIs_bin_SN.csv,sub-FC110_ses-2_task-renewal_fearROIs_bin_BN.csv
PTSD,FC110,2,renewal,50,51,9,1,sub-FC110_ses-2_task-renewal_fearROIs_bin_SN.csv,sub-FC110_ses-2_task-renewal_fearROIs_bin_BN.csv
PTSD,FC110,2,renewal,51,52,7,1,sub-FC110_ses-2_task-renewal_fearROIs_bin_SN.csv,sub-FC110_ses-2_task-renewal_fearROIs_bin_BN.csv
PTSD,FC110,2,renewal,52,53,32,4,sub-FC110_ses-2_task-renewal_fearROIs_bin_SN.csv,sub-FC110_ses-2_task-renewal_fearROIs_bin_BN.csv
PTSD,FC110,2,renewal,53,54,28,4,sub-FC110_ses-2_task-renewal_fearROIs_bin_SN.csv,sub-FC110_ses-2_task-renewal_fearROIs_bin_BN.csv
PTSD,FC110,2,renewal,54,55,24,4,sub-FC110_ses-2_task-renewal_fearROIs_bin_SN.csv,sub-FC110_ses-2_task-renewal_fearROIs_bin_BN.csv
PTSD,FC110,2,renewal,55,56,28,4,sub-FC110_ses-2_task-renewal_fearROIs_bin_SN.csv,sub-FC110_ses-2_task-renewal_fearROIs_bin_BN.csv
PTSD,FC110,2,renewal,56,57,4,3,sub-FC110_ses-2_task-renewal_fearROIs_bin_SN.csv,sub-FC110_ses-2_task-renewal_fearROIs_bin_BN.csv
PTSD,FC110,2,renewal,57,58,20,3,sub-FC110_ses-2_task-renewal_fearROIs_bin_SN.csv,sub-FC110_ses-2_task-renewal_fearROIs_bin_BN.csv
PTSD,FC110,2,renewal,58,59,29,2,sub-FC110_ses-2_task-renewal_fearROIs_bin_SN.csv,sub-FC110_ses-2_task-renewal_fearROIs_bin_BN.csv
PTSD,FC110,2,renewal,59,60,4,3,sub-FC110_ses-2_task-renewal_fearROIs_bin_SN.csv,sub-FC110_ses-2_task-renewal_fearROIs_bin_BN.csv
PTSD,FC110,2,renewal,60,61,25,1,sub-FC110_ses-2_task-renewal_fearROIs_bin_SN.csv,sub-FC110_ses-2_task-renewal_fearROIs_bin_BN.csv
PTSD,FC110,2,renewal,61,62,29,2,sub-FC110_ses-2_task-renewal_fearROIs_bin_SN.csv,sub-FC110_ses-2_task-renewal_fearROIs_bin_BN.csv
PTSD,FC110,2,renewal,62,63,32,4,sub-FC110_ses-2_task-renewal_fearROIs_bin_SN.csv,sub-FC110_ses-2_task-renewal_fearROIs_bin_BN.csv
PTSD,FC110,2,renewal,63,64,29,2,sub-FC110_ses-2_task-renewal_fearROIs_bin_SN.csv,sub-FC110_ses-2_task-renewal_fearROIs_bin_BN.csv
PTSD,FC110,2,renewal,64,65,8,3,sub-FC110_ses-2_task-renewal_fearROIs_bin_SN.csv,sub-FC110_ses-2_task-renewal_fearROIs_bin_BN.csv
PTSD,FC110,2,renewal,65,66,5,1,sub-FC110_ses-2_task-renewal_fearROIs_bin_SN.csv,sub-FC110_ses-2_task-renewal_fearROIs_bin_BN.csv
PTSD,FC110,2,renewal,66,67,29,2,sub-FC110_ses-2_task-renewal_fearROIs_bin_SN.csv,sub-FC110_ses-2_task-renewal_fearROIs_bin_BN.csv
PTSD,FC110,2,renewal,67,68,20,3,sub-FC110_ses-2_task-renewal_fearROIs_bin_SN.csv,sub-FC110_ses-2_task-renewal_fearROIs_bin_BN.csv
PTSD,FC110,2,renewal,68,69,27,4,sub-FC110_ses-2_task-renewal_fearROIs_bin_SN.csv,sub-FC110_ses-2_task-renewal_fearROIs_bin_BN.csv
PTSD,FC110,2,renewal,69,70,24,4,sub-FC110_ses-2_task-renewal_fearROIs_bin_SN.csv,sub-FC110_ses-2_task-renewal_fearROIs_bin_BN.csv
PTSD,FC110,2,renewal,70,71,30,4,sub-FC110_ses-2_task-renewal_fearROIs_bin_SN.csv,sub-FC110_ses-2_task-renewal_fearROIs_bin_BN.csv
PTSD,FC110,2,renewal,71,72,20,3,sub-FC110_ses-2_task-renewal_fearROIs_bin_SN.csv,sub-FC110_ses-2_task-renewal_fearROIs_bin_BN.csv
PTSD,FC110,2,renewal,72,73,31,4,sub-FC110_ses-2_task-renewal_fearROIs_bin_SN.csv,sub-FC110_ses-2_task-renewal_fearROIs_bin_BN.csv
PTSD,FC110,2,renewal,73,74,20,3,sub-FC110_ses-2_task-renewal_fearROIs_bin_SN.csv,sub-FC110_ses-2_task-renewal_fearROIs_bin_BN.csv
PTSD,FC110,2,renewal,74,75,9,1,sub-FC110_ses-2_task-renewal_fearROIs_bin_SN.csv,sub-FC110_ses-2_task-renewal_fearROIs_bin_BN.csv
PTSD,FC110,2,renewal,75,76,6,1,sub-FC110_ses-2_task-renewal_fearROIs_bin_SN.csv,sub-FC110_ses-2_task-renewal_fearROIs_bin_BN.csv
PTSD,FC110,2,renewal,76,77,25,1,sub-FC110_ses-2_task-renewal_fearROIs_bin_SN.csv,sub-FC110_ses-2_task-renewal_fearROIs_bin_BN.csv
PTSD,FC110,2,renewal,77,78,8,3,sub-FC110_ses-2_task-renewal_fearROIs_bin_SN.csv,sub-FC110_ses-2_task-renewal_fearROIs_bin_BN.csv
PTSD,FC110,2,renewal,78,79,13,2,sub-FC110_ses-2_task-renewal_fearROIs_bin_SN.csv,sub-FC110_ses-2_task-renewal_fearROIs_bin_BN.csv
PTSD,FC110,2,renewal,79,80,1,1,sub-FC110_ses-2_task-renewal_fearROIs_bin_SN.csv,sub-FC110_ses-2_task-renewal_fearROIs_bin_BN.csv
PTSD,FC110,2,renewal,80,81,2,1,sub-FC110_ses-2_task-renewal_fearROIs_bin_SN.csv,sub-FC110_ses-2_task-renewal_fearROIs_bin_BN.csv
PTSD,FC110,2,renewal,81,82,29,2,sub-FC110_ses-2_task-renewal_fearROIs_bin_SN.csv,sub-FC110_ses-2_task-renewal_fearROIs_bin_BN.csv
PTSD,FC110,2,renewal,82,83,16,4,sub-FC110_ses-2_task-renewal_fearROIs_bin_SN.csv,sub-FC110_ses-2_task-renewal_fearROIs_bin_BN.csv
PTSD,FC110,2,renewal,83,84,29,2,sub-FC110_ses-2_task-renewal_fearROIs_bin_SN.csv,sub-FC110_ses-2_task-renewal_fearROIs_bin_BN.csv
PTSD,FC110,2,renewal,84,85,18,3,sub-FC110_ses-2_task-renewal_fearROIs_bin_SN.csv,sub-FC110_ses-2_task-renewal_fearROIs_bin_BN.csv
PTSD,FC110,2,renewal,85,86,9,1,sub-FC110_ses-2_task-renewal_fearROIs_bin_SN.csv,sub-FC110_ses-2_task-renewal_fearROIs_bin_BN.csv
PTSD,FC110,2,renewal,86,87,2,1,sub-FC110_ses-2_task-renewal_fearROIs_bin_SN.csv,sub-FC110_ses-2_task-renewal_fearROIs_bin_BN.csv
PTSD,FC110,2,renewal,87,88,28,4,sub-FC110_ses-2_task-renewal_fearROIs_bin_SN.csv,sub-FC110_ses-2_task-renewal_fearROIs_bin_BN.csv
PTSD,FC110,2,renewal,88,89,8,3,sub-FC110_ses-2_task-renewal_fearROIs_bin_SN.csv,sub-FC110_ses-2_task-renewal_fearROIs_bin_BN.csv
PTSD,FC110,2,renewal,89,90,9,1,sub-FC110_ses-2_task-renewal_fearROIs_bin_SN.csv,sub-FC110_ses-2_task-renewal_fearROIs_bin_BN.csv
PTSD,FC110,2,renewal,90,91,15,2,sub-FC110_ses-2_task-renewal_fearROIs_bin_SN.csv,sub-FC110_ses-2_task-renewal_fearROIs_bin_BN.csv
PTSD,FC110,2,renewal,91,92,2,1,sub-FC110_ses-2_task-renewal_fearROIs_bin_SN.csv,sub-FC110_ses-2_task-renewal_fearROIs_bin_BN.csv
PTSD,FC110,2,renewal,92,93,28,4,sub-FC110_ses-2_task-renewal_fearROIs_bin_SN.csv,sub-FC110_ses-2_task-renewal_fearROIs_bin_BN.csv
PTSD,FC110,2,renewal,93,94,12,3,sub-FC110_ses-2_task-renewal_fearROIs_bin_SN.csv,sub-FC110_ses-2_task-renewal_fearROIs_bin_BN.csv
PTSD,FC110,2,renewal,94,95,24,4,sub-FC110_ses-2_task-renewal_fearROIs_bin_SN.csv,sub-FC110_ses-2_task-renewal_fearROIs_bin_BN.csv
PTSD,FC110,2,renewal,95,96,24,4,sub-FC110_ses-2_task-renewal_fearROIs_bin_SN.csv,sub-FC110_ses-2_task-renewal_fearROIs_bin_BN.csv
PTSD,FC110,2,renewal,96,97,13,2,sub-FC110_ses-2_task-renewal_fearROIs_bin_SN.csv,sub-FC110_ses-2_task-renewal_fearROIs_bin_BN.csv
PTSD,FC110,2,renewal,97,98,5,1,sub-FC110_ses-2_task-renewal_fearROIs_bin_SN.csv,sub-FC110_ses-2_task-renewal_fearROIs_bin_BN.csv
PTSD,FC111,2,renewal,0,1,21,1,sub-FC111_ses-2_task-renewal_fearROIs_bin_SN.csv,sub-FC111_ses-2_task-renewal_fearROIs_bin_BN.csv
PTSD,FC111,2,renewal,1,2,24,4,sub-FC111_ses-2_task-renewal_fearROIs_bin_SN.csv,sub-FC111_ses-2_task-renewal_fearROIs_bin_BN.csv
PTSD,FC111,2,renewal,2,3,1,1,sub-FC111_ses-2_task-renewal_fearROIs_bin_SN.csv,sub-FC111_ses-2_task-renewal_fearROIs_bin_BN.csv
PTSD,FC111,2,renewal,3,4,12,3,sub-FC111_ses-2_task-renewal_fearROIs_bin_SN.csv,sub-FC111_ses-2_task-renewal_fearROIs_bin_BN.csv
PTSD,FC111,2,renewal,4,5,9,1,sub-FC111_ses-2_task-renewal_fearROIs_bin_SN.csv,sub-FC111_ses-2_task-renewal_fearROIs_bin_BN.csv
PTSD,FC112,2,renewal,0,1,16,4,sub-FC112_ses-2_task-renewal_fearROIs_bin_SN.csv,sub-FC112_ses-2_task-renewal_fearROIs_bin_BN.csv
PTSD,FC112,2,renewal,1,2,5,1,sub-FC112_ses-2_task-renewal_fearROIs_bin_SN.csv,sub-FC112_ses-2_task-renewal_fearROIs_bin_BN.csv
PTSD,FC112,2,renewal,2,3,32,4,sub-FC112_ses-2_task-renewal_fearROIs_bin_SN.csv,sub-FC112_ses-2_task-renewal_fearROIs_bin_BN.csv
PTSD,FC112,2,renewal,3,4,20,3,sub-FC112_ses-2_task-renewal_fearROIs_bin_SN.csv,sub-FC112_ses-2_task-renewal_fearROIs_bin_BN.csv
PTSD,FC112,2,renewal,4,5,1,1,sub-FC112_ses-2_task-renewal_fearROIs_bin_SN.csv,sub-FC112_ses-2_task-renewal_fearROIs_bin_BN.csv
PTSD,FC112,2,renewal,5,6,19,3,sub-FC112_ses-2_task-renewal_fearROIs_bin_SN.csv,sub-FC112_ses-2_task-renewal_fearROIs_bin_BN.csv
PTSD,FC112,2,renewal,6,7,28,4,sub-FC112_ses-2_task-renewal_fearROIs_bin_SN.csv,sub-FC112_ses-2_task-renewal_fearROIs_bin_BN.csv
PTSD,FC112,2,renewal,7,8,26,4,sub-FC112_ses-2_task-renewal_fearROIs_bin_SN.csv,sub-FC112_ses-2_task-renewal_fearROIs_bin_BN.csv
PTSD,FC112,2,renewal,8,9,18,3,sub-FC112_ses-2_task-renewal_fearROIs_bin_SN.csv,sub-FC112_ses-2_task-renewal_fearROIs_bin_BN.csv
PTSD,FC112,2,renewal,9,10,17,1,sub-FC112_ses-2_task-renewal_fearROIs_bin_SN.csv,sub-FC112_ses-2_task-renewal_fearROIs_bin_BN.csv
PTSD,FC112,2,renewal,10,11,23,4,sub-FC112_ses-2_task-renewal_fearROIs_bin_SN.csv,sub-FC112_ses-2_task-renewal_fearROIs_bin_BN.csv
PTSD,FC112,2,renewal,11,12,27,4,sub-FC112_ses-2_task-renewal_fearROIs_bin_SN.csv,sub-FC112_ses-2_task-renewal_fearROIs_bin_BN.csv
PTSD,FC112,2,renewal,12,13,31,4,sub-FC112_ses-2_task-renewal_fearROIs_bin_SN.csv,sub-FC112_ses-2_task-renewal_fearROIs_bin_BN.csv
PTSD,FC112,2,renewal,13,14,15,2,sub-FC112_ses-2_task-renewal_fearROIs_bin_SN.csv,sub-FC112_ses-2_task-renewal_fearROIs_bin_BN.csv
PTSD,FC112,2,renewal,14,15,14,2,sub-FC112_ses-2_task-renewal_fearROIs_bin_SN.csv,sub-FC112_ses-2_task-renewal_fearROIs_bin_BN.csv
PTSD,FC112,2,renewal,15,16,30,4,sub-FC112_ses-2_task-renewal_fearROIs_bin_SN.csv,sub-FC112_ses-2_task-renewal_fearROIs_bin_BN.csv
PTSD,FC112,2,renewal,16,17,8,3,sub-FC112_ses-2_task-renewal_fearROIs_bin_SN.csv,sub-FC112_ses-2_task-renewal_fearROIs_bin_BN.csv
PTSD,FC112,2,renewal,17,18,3,1,sub-FC112_ses-2_task-renewal_fearROIs_bin_SN.csv,sub-FC112_ses-2_task-renewal_fearROIs_bin_BN.csv
PTSD,FC112,2,renewal,18,19,13,2,sub-FC112_ses-2_task-renewal_fearROIs_bin_SN.csv,sub-FC112_ses-2_task-renewal_fearROIs_bin_BN.csv
PTSD,FC112,2,renewal,19,20,23,4,sub-FC112_ses-2_task-renewal_fearROIs_bin_SN.csv,sub-FC112_ses-2_task-renewal_fearROIs_bin_BN.csv
PTSD,FC112,2,renewal,20,21,1,1,sub-FC112_ses-2_task-renewal_fearROIs_bin_SN.csv,sub-FC112_ses-2_task-renewal_fearROIs_bin_BN.csv
PTSD,FC112,2,renewal,21,22,1,1,sub-FC112_ses-2_task-renewal_fearROIs_bin_SN.csv,sub-FC112_ses-2_task-renewal_fearROIs_bin_BN.csv
PTSD,FC112,2,renewal,22,23,11,1,sub-FC112_ses-2_task-renewal_fearROIs_bin_SN.csv,sub-FC112_ses-2_task-renewal_fearROIs_bin_BN.csv
PTSD,FC112,2,renewal,23,24,30,4,sub-FC112_ses-2_task-renewal_fearROIs_bin_SN.csv,sub-FC112_ses-2_task-renewal_fearROIs_bin_BN.csv
PTSD,FC112,2,renewal,24,25,14,2,sub-FC112_ses-2_task-renewal_fearROIs_bin_SN.csv,sub-FC112_ses-2_task-renewal_fearROIs_bin_BN.csv
PTSD,FC112,2,renewal,25,26,15,2,sub-FC112_ses-2_task-renewal_fearROIs_bin_SN.csv,sub-FC112_ses-2_task-renewal_fearROIs_bin_BN.csv
PTSD,FC112,2,renewal,26,27,9,1,sub-FC112_ses-2_task-renewal_fearROIs_bin_SN.csv,sub-FC112_ses-2_task-renewal_fearROIs_bin_BN.csv
PTSD,FC112,2,renewal,27,28,2,1,sub-FC112_ses-2_task-renewal_fearROIs_bin_SN.csv,sub-FC112_ses-2_task-renewal_fearROIs_bin_BN.csv
PTSD,FC112,2,renewal,28,29,3,1,sub-FC112_ses-2_task-renewal_fearROIs_bin_SN.csv,sub-FC112_ses-2_task-renewal_fearROIs_bin_BN.csv
PTSD,FC112,2,renewal,29,30,31,4,sub-FC112_ses-2_task-renewal_fearROIs_bin_SN.csv,sub-FC112_ses-2_task-renewal_fearROIs_bin_BN.csv
PTSD,FC112,2,renewal,30,31,32,4,sub-FC112_ses-2_task-renewal_fearROIs_bin_SN.csv,sub-FC112_ses-2_task-renewal_fearROIs_bin_BN.csv
PTSD,FC112,2,renewal,31,32,27,4,sub-FC112_ses-2_task-renewal_fearROIs_bin_SN.csv,sub-FC112_ses-2_task-renewal_fearROIs_bin_BN.csv
PTSD,FC112,2,renewal,32,33,1,1,sub-FC112_ses-2_task-renewal_fearROIs_bin_SN.csv,sub-FC112_ses-2_task-renewal_fearROIs_bin_BN.csv
PTSD,FC112,2,renewal,33,34,31,4,sub-FC112_ses-2_task-renewal_fearROIs_bin_SN.csv,sub-FC112_ses-2_task-renewal_fearROIs_bin_BN.csv
PTSD,FC112,2,renewal,34,35,16,4,sub-FC112_ses-2_task-renewal_fearROIs_bin_SN.csv,sub-FC112_ses-2_task-renewal_fearROIs_bin_BN.csv
PTSD,FC112,2,renewal,35,36,10,1,sub-FC112_ses-2_task-renewal_fearROIs_bin_SN.csv,sub-FC112_ses-2_task-renewal_fearROIs_bin_BN.csv
PTSD,FC112,2,renewal,36,37,2,1,sub-FC112_ses-2_task-renewal_fearROIs_bin_SN.csv,sub-FC112_ses-2_task-renewal_fearROIs_bin_BN.csv
PTSD,FC112,2,renewal,37,38,24,4,sub-FC112_ses-2_task-renewal_fearROIs_bin_SN.csv,sub-FC112_ses-2_task-renewal_fearROIs_bin_BN.csv
PTSD,FC112,2,renewal,38,39,32,4,sub-FC112_ses-2_task-renewal_fearROIs_bin_SN.csv,sub-FC112_ses-2_task-renewal_fearROIs_bin_BN.csv
PTSD,FC112,2,renewal,39,40,6,1,sub-FC112_ses-2_task-renewal_fearROIs_bin_SN.csv,sub-FC112_ses-2_task-renewal_fearROIs_bin_BN.csv
PTSD,FC112,2,renewal,40,41,14,2,sub-FC112_ses-2_task-renewal_fearROIs_bin_SN.csv,sub-FC112_ses-2_task-renewal_fearROIs_bin_BN.csv
PTSD,FC112,2,renewal,41,42,3,1,sub-FC112_ses-2_task-renewal_fearROIs_bin_SN.csv,sub-FC112_ses-2_task-renewal_fearROIs_bin_BN.csv
PTSD,FC112,2,renewal,42,43,2,1,sub-FC112_ses-2_task-renewal_fearROIs_bin_SN.csv,sub-FC112_ses-2_task-renewal_fearROIs_bin_BN.csv
PTSD,FC112,2,renewal,43,44,17,1,sub-FC112_ses-2_task-renewal_fearROIs_bin_SN.csv,sub-FC112_ses-2_task-renewal_fearROIs_bin_BN.csv
PTSD,FC112,2,renewal,44,45,20,3,sub-FC112_ses-2_task-renewal_fearROIs_bin_SN.csv,sub-FC112_ses-2_task-renewal_fearROIs_bin_BN.csv
PTSD,FC112,2,renewal,45,46,1,1,sub-FC112_ses-2_task-renewal_fearROIs_bin_SN.csv,sub-FC112_ses-2_task-renewal_fearROIs_bin_BN.csv
PTSD,FC112,2,renewal,46,47,19,3,sub-FC112_ses-2_task-renewal_fearROIs_bin_SN.csv,sub-FC112_ses-2_task-renewal_fearROIs_bin_BN.csv
PTSD,FC112,2,renewal,47,48,19,3,sub-FC112_ses-2_task-renewal_fearROIs_bin_SN.csv,sub-FC112_ses-2_task-renewal_fearROIs_bin_BN.csv
PTSD,FC112,2,renewal,48,49,20,3,sub-FC112_ses-2_task-renewal_fearROIs_bin_SN.csv,sub-FC112_ses-2_task-renewal_fearROIs_bin_BN.csv
PTSD,FC112,2,renewal,49,50,19,3,sub-FC112_ses-2_task-renewal_fearROIs_bin_SN.csv,sub-FC112_ses-2_task-renewal_fearROIs_bin_BN.csv
PTSD,FC112,2,renewal,50,51,1,1,sub-FC112_ses-2_task-renewal_fearROIs_bin_SN.csv,sub-FC112_ses-2_task-renewal_fearROIs_bin_BN.csv
PTSD,FC112,2,renewal,51,52,13,2,sub-FC112_ses-2_task-renewal_fearROIs_bin_SN.csv,sub-FC112_ses-2_task-renewal_fearROIs_bin_BN.csv
PTSD,FC112,2,renewal,52,53,13,2,sub-FC112_ses-2_task-renewal_fearROIs_bin_SN.csv,sub-FC112_ses-2_task-renewal_fearROIs_bin_BN.csv
PTSD,FC112,2,renewal,53,54,4,3,sub-FC112_ses-2_task-renewal_fearROIs_bin_SN.csv,sub-FC112_ses-2_task-renewal_fearROIs_bin_BN.csv
PTSD,FC112,2,renewal,54,55,2,1,sub-FC112_ses-2_task-renewal_fearROIs_bin_SN.csv,sub-FC112_ses-2_task-renewal_fearROIs_bin_BN.csv
PTSD,FC112,2,renewal,55,56,15,2,sub-FC112_ses-2_task-renewal_fearROIs_bin_SN.csv,sub-FC112_ses-2_task-renewal_fearROIs_bin_BN.csv
PTSD,FC112,2,renewal,56,57,31,4,sub-FC112_ses-2_task-renewal_fearROIs_bin_SN.csv,sub-FC112_ses-2_task-renewal_fearROIs_bin_BN.csv
PTSD,FC112,2,renewal,57,58,12,3,sub-FC112_ses-2_task-renewal_fearROIs_bin_SN.csv,sub-FC112_ses-2_task-renewal_fearROIs_bin_BN.csv
PTSD,FC112,2,renewal,58,59,22,4,sub-FC112_ses-2_task-renewal_fearROIs_bin_SN.csv,sub-FC112_ses-2_task-renewal_fearROIs_bin_BN.csv
PTSD,FC112,2,renewal,59,60,24,4,sub-FC112_ses-2_task-renewal_fearROIs_bin_SN.csv,sub-FC112_ses-2_task-renewal_fearROIs_bin_BN.csv
PTSD,FC112,2,renewal,60,61,32,4,sub-FC112_ses-2_task-renewal_fearROIs_bin_SN.csv,sub-FC112_ses-2_task-renewal_fearROIs_bin_BN.csv
PTSD,FC112,2,renewal,61,62,10,1,sub-FC112_ses-2_task-renewal_fearROIs_bin_SN.csv,sub-FC112_ses-2_task-renewal_fearROIs_bin_BN.csv
PTSD,FC112,2,renewal,62,63,17,1,sub-FC112_ses-2_task-renewal_fearROIs_bin_SN.csv,sub-FC112_ses-2_task-renewal_fearROIs_bin_BN.csv
PTSD,FC112,2,renewal,63,64,32,4,sub-FC112_ses-2_task-renewal_fearROIs_bin_SN.csv,sub-FC112_ses-2_task-renewal_fearROIs_bin_BN.csv
PTSD,FC112,2,renewal,64,65,28,4,sub-FC112_ses-2_task-renewal_fearROIs_bin_SN.csv,sub-FC112_ses-2_task-renewal_fearROIs_bin_BN.csv
PTSD,FC112,2,renewal,65,66,26,4,sub-FC112_ses-2_task-renewal_fearROIs_bin_SN.csv,sub-FC112_ses-2_task-renewal_fearROIs_bin_BN.csv
PTSD,FC112,2,renewal,66,67,25,1,sub-FC112_ses-2_task-renewal_fearROIs_bin_SN.csv,sub-FC112_ses-2_task-renewal_fearROIs_bin_BN.csv
PTSD,FC112,2,renewal,67,68,27,4,sub-FC112_ses-2_task-renewal_fearROIs_bin_SN.csv,sub-FC112_ses-2_task-renewal_fearROIs_bin_BN.csv
PTSD,FC112,2,renewal,68,69,18,3,sub-FC112_ses-2_task-renewal_fearROIs_bin_SN.csv,sub-FC112_ses-2_task-renewal_fearROIs_bin_BN.csv
PTSD,FC112,2,renewal,69,70,2,1,sub-FC112_ses-2_task-renewal_fearROIs_bin_SN.csv,sub-FC112_ses-2_task-renewal_fearROIs_bin_BN.csv
PTSD,FC112,2,renewal,70,71,1,1,sub-FC112_ses-2_task-renewal_fearROIs_bin_SN.csv,sub-FC112_ses-2_task-renewal_fearROIs_bin_BN.csv
PTSD,FC112,2,renewal,71,72,15,2,sub-FC112_ses-2_task-renewal_fearROIs_bin_SN.csv,sub-FC112_ses-2_task-renewal_fearROIs_bin_BN.csv
PTSD,FC112,2,renewal,72,73,1,1,sub-FC112_ses-2_task-renewal_fearROIs_bin_SN.csv,sub-FC112_ses-2_task-renewal_fearROIs_bin_BN.csv
PTSD,FC112,2,renewal,73,74,1,1,sub-FC112_ses-2_task-renewal_fearROIs_bin_SN.csv,sub-FC112_ses-2_task-renewal_fearROIs_bin_BN.csv
PTSD,FC112,2,renewal,74,75,17,1,sub-FC112_ses-2_task-renewal_fearROIs_bin_SN.csv,sub-FC112_ses-2_task-renewal_fearROIs_bin_BN.csv
PTSD,FC112,2,renewal,75,76,32,4,sub-FC112_ses-2_task-renewal_fearROIs_bin_SN.csv,sub-FC112_ses-2_task-renewal_fearROIs_bin_BN.csv
PTSD,FC112,2,renewal,76,77,21,1,sub-FC112_ses-2_task-renewal_fearROIs_bin_SN.csv,sub-FC112_ses-2_task-renewal_fearROIs_bin_BN.csv
PTSD,FC112,2,renewal,77,78,21,1,sub-FC112_ses-2_task-renewal_fearROIs_bin_SN.csv,sub-FC112_ses-2_task-renewal_fearROIs_bin_BN.csv
PTSD,FC112,2,renewal,78,79,24,4,sub-FC112_ses-2_task-renewal_fearROIs_bin_SN.csv,sub-FC112_ses-2_task-renewal_fearROIs_bin_BN.csv
PTSD,FC112,2,renewal,79,80,22,4,sub-FC112_ses-2_task-renewal_fearROIs_bin_SN.csv,sub-FC112_ses-2_task-renewal_fearROIs_bin_BN.csv
PTSD,FC112,2,renewal,80,81,2,1,sub-FC112_ses-2_task-renewal_fearROIs_bin_SN.csv,sub-FC112_ses-2_task-renewal_fearROIs_bin_BN.csv
PTSD,FC112,2,renewal,81,82,14,2,sub-FC112_ses-2_task-renewal_fearROIs_bin_SN.csv,sub-FC112_ses-2_task-renewal_fearROIs_bin_BN.csv
PTSD,FC112,2,renewal,82,83,30,4,sub-FC112_ses-2_task-renewal_fearROIs_bin_SN.csv,sub-FC112_ses-2_task-renewal_fearROIs_bin_BN.csv
PTSD,FC112,2,renewal,83,84,2,1,sub-FC112_ses-2_task-renewal_fearROIs_bin_SN.csv,sub-FC112_ses-2_task-renewal_fearROIs_bin_BN.csv
PTSD,FC112,2,renewal,84,85,1,1,sub-FC112_ses-2_task-renewal_fearROIs_bin_SN.csv,sub-FC112_ses-2_task-renewal_fearROIs_bin_BN.csv
PTSD,FC112,2,renewal,85,86,1,1,sub-FC112_ses-2_task-renewal_fearROIs_bin_SN.csv,sub-FC112_ses-2_task-renewal_fearROIs_bin_BN.csv
PTSD,FC112,2,renewal,86,87,23,4,sub-FC112_ses-2_task-renewal_fearROIs_bin_SN.csv,sub-FC112_ses-2_task-renewal_fearROIs_bin_BN.csv
PTSD,FC112,2,renewal,87,88,32,4,sub-FC112_ses-2_task-renewal_fearROIs_bin_SN.csv,sub-FC112_ses-2_task-renewal_fearROIs_bin_BN.csv
PTSD,FC112,2,renewal,88,89,2,1,sub-FC112_ses-2_task-renewal_fearROIs_bin_SN.csv,sub-FC112_ses-2_task-renewal_fearROIs_bin_BN.csv
PTSD,FC112,2,renewal,89,90,2,1,sub-FC112_ses-2_task-renewal_fearROIs_bin_SN.csv,sub-FC112_ses-2_task-renewal_fearROIs_bin_BN.csv
PTSD,FC112,2,renewal,90,91,32,4,sub-FC112_ses-2_task-renewal_fearROIs_bin_SN.csv,sub-FC112_ses-2_task-renewal_fearROIs_bin_BN.csv
PTSD,FC112,2,renewal,91,92,15,2,sub-FC112_ses-2_task-renewal_fearROIs_bin_SN.csv,sub-FC112_ses-2_task-renewal_fearROIs_bin_BN.csv
PTSD,FC112,2,renewal,92,93,4,3,sub-FC112_ses-2_task-renewal_fearROIs_bin_SN.csv,sub-FC112_ses-2_task-renewal_fearROIs_bin_BN.csv
PTSD,FC112,2,renewal,93,94,1,1,sub-FC112_ses-2_task-renewal_fearROIs_bin_SN.csv,sub-FC112_ses-2_task-renewal_fearROIs_bin_BN.csv
PTSD,FC112,2,renewal,94,95,27,4,sub-FC112_ses-2_task-renewal_fearROIs_bin_SN.csv,sub-FC112_ses-2_task-renewal_fearROIs_bin_BN.csv
PTSD,FC112,2,renewal,95,96,7,1,sub-FC112_ses-2_task-renewal_fearROIs_bin_SN.csv,sub-FC112_ses-2_task-renewal_fearROIs_bin_BN.csv
PTSD,FC112,2,renewal,96,97,23,4,sub-FC112_ses-2_task-renewal_fearROIs_bin_SN.csv,sub-FC112_ses-2_task-renewal_fearROIs_bin_BN.csv
PTSD,FC112,2,renewal,97,98,27,4,sub-FC112_ses-2_task-renewal_fearROIs_bin_SN.csv,sub-FC112_ses-2_task-renewal_fearROIs_bin_BN.csv
PTSD,FC112,2,renewal,98,99,2,1,sub-FC112_ses-2_task-renewal_fearROIs_bin_SN.csv,sub-FC112_ses-2_task-renewal_fearROIs_bin_BN.csv
PTSD,FC112,2,renewal,99,100,32,4,sub-FC112_ses-2_task-renewal_fearROIs_bin_SN.csv,sub-FC112_ses-2_task-renewal_fearROIs_bin_BN.csv
PTSD,FC112,2,renewal,100,101,30,4,sub-FC112_ses-2_task-renewal_fearROIs_bin_SN.csv,sub-FC112_ses-2_task-renewal_fearROIs_bin_BN.csv
PTSD,FC112,2,renewal,101,102,16,4,sub-FC112_ses-2_task-renewal_fearROIs_bin_SN.csv,sub-FC112_ses-2_task-renewal_fearROIs_bin_BN.csv
PTSD,FC112,2,renewal,102,103,13,2,sub-FC112_ses-2_task-renewal_fearROIs_bin_SN.csv,sub-FC112_ses-2_task-renewal_fearROIs_bin_BN.csv
PTSD,FC112,2,renewal,103,104,13,2,sub-FC112_ses-2_task-renewal_fearROIs_bin_SN.csv,sub-FC112_ses-2_task-renewal_fearROIs_bin_BN.csv
PTSD,FC112,2,renewal,104,105,32,4,sub-FC112_ses-2_task-renewal_fearROIs_bin_SN.csv,sub-FC112_ses-2_task-renewal_fearROIs_bin_BN.csv
PTSD,FC112,2,renewal,105,106,14,2,sub-FC112_ses-2_task-renewal_fearROIs_bin_SN.csv,sub-FC112_ses-2_task-renewal_fearROIs_bin_BN.csv
PTSD,FC112,2,renewal,106,107,16,4,sub-FC112_ses-2_task-renewal_fearROIs_bin_SN.csv,sub-FC112_ses-2_task-renewal_fearROIs_bin_BN.csv
PTSD,FC112,2,renewal,107,108,15,2,sub-FC112_ses-2_task-renewal_fearROIs_bin_SN.csv,sub-FC112_ses-2_task-renewal_fearROIs_bin_BN.csv
PTSD,FC112,2,renewal,108,109,7,1,sub-FC112_ses-2_task-renewal_fearROIs_bin_SN.csv,sub-FC112_ses-2_task-renewal_fearROIs_bin_BN.csv
PTSD,FC112,2,renewal,109,110,30,4,sub-FC112_ses-2_task-renewal_fearROIs_bin_SN.csv,sub-FC112_ses-2_task-renewal_fearROIs_bin_BN.csv
PTSD,FC112,2,renewal,110,111,19,3,sub-FC112_ses-2_task-renewal_fearROIs_bin_SN.csv,sub-FC112_ses-2_task-renewal_fearROIs_bin_BN.csv
PTSD,FC112,2,renewal,111,112,2,1,sub-FC112_ses-2_task-renewal_fearROIs_bin_SN.csv,sub-FC112_ses-2_task-renewal_fearROIs_bin_BN.csv
PTSD,FC112,2,renewal,112,113,23,4,sub-FC112_ses-2_task-renewal_fearROIs_bin_SN.csv,sub-FC112_ses-2_task-renewal_fearROIs_bin_BN.csv
PTSD,FC112,2,renewal,113,114,5,1,sub-FC112_ses-2_task-renewal_fearROIs_bin_SN.csv,sub-FC112_ses-2_task-renewal_fearROIs_bin_BN.csv
PTSD,FC112,2,renewal,114,115,10,1,sub-FC112_ses-2_task-renewal_fearROIs_bin_SN.csv,sub-FC112_ses-2_task-renewal_fearROIs_bin_BN.csv
PTSD,FC112,2,renewal,115,116,18,3,sub-FC112_ses-2_task-renewal_fearROIs_bin_SN.csv,sub-FC112_ses-2_task-renewal_fearROIs_bin_BN.csv
PTSD,FC112,2,renewal,116,117,17,1,sub-FC112_ses-2_task-renewal_fearROIs_bin_SN.csv,sub-FC112_ses-2_task-renewal_fearROIs_bin_BN.csv
PTSD,FC112,2,renewal,117,118,27,4,sub-FC112_ses-2_task-renewal_fearROIs_bin_SN.csv,sub-FC112_ses-2_task-renewal_fearROIs_bin_BN.csv
PTSD,FC112,2,renewal,118,119,30,4,sub-FC112_ses-2_task-renewal_fearROIs_bin_SN.csv,sub-FC112_ses-2_task-renewal_fearROIs_bin_BN.csv
PTSD,FC112,2,renewal,119,120,15,2,sub-FC112_ses-2_task-renewal_fearROIs_bin_SN.csv,sub-FC112_ses-2_task-renewal_fearROIs_bin_BN.csv
PTSD,FC112,2,renewal,120,121,5,1,sub-FC112_ses-2_task-renewal_fearROIs_bin_SN.csv,sub-FC112_ses-2_task-renewal_fearROIs_bin_BN.csv
PTSD,FC112,2,renewal,121,122,13,2,sub-FC112_ses-2_task-renewal_fearROIs_bin_SN.csv,sub-FC112_ses-2_task-renewal_fearROIs_bin_BN.csv
PTSD,FC112,2,renewal,122,123,31,4,sub-FC112_ses-2_task-renewal_fearROIs_bin_SN.csv,sub-FC112_ses-2_task-renewal_fearROIs_bin_BN.csv
PTSD,FC112,2,renewal,123,124,14,2,sub-FC112_ses-2_task-renewal_fearROIs_bin_SN.csv,sub-FC112_ses-2_task-renewal_fearROIs_bin_BN.csv
PTSD,FC112,2,renewal,124,125,10,1,sub-FC112_ses-2_task-renewal_fearROIs_bin_SN.csv,sub-FC112_ses-2_task-renewal_fearROIs_bin_BN.csv
PTSD,FC112,2,renewal,125,126,32,4,sub-FC112_ses-2_task-renewal_fearROIs_bin_SN.csv,sub-FC112_ses-2_task-renewal_fearROIs_bin_BN.csv
PTSD,FC112,2,renewal,126,127,2,1,sub-FC112_ses-2_task-renewal_fearROIs_bin_SN.csv,sub-FC112_ses-2_task-renewal_fearROIs_bin_BN.csv
PTSD,FC112,2,renewal,127,128,1,1,sub-FC112_ses-2_task-renewal_fearROIs_bin_SN.csv,sub-FC112_ses-2_task-renewal_fearROIs_bin_BN.csv
PTSD,FC112,2,renewal,128,129,19,3,sub-FC112_ses-2_task-renewal_fearROIs_bin_SN.csv,sub-FC112_ses-2_task-renewal_fearROIs_bin_BN.csv
PTSD,FC112,2,renewal,129,130,28,4,sub-FC112_ses-2_task-renewal_fearROIs_bin_SN.csv,sub-FC112_ses-2_task-renewal_fearROIs_bin_BN.csv
PTSD,FC112,2,renewal,130,131,32,4,sub-FC112_ses-2_task-renewal_fearROIs_bin_SN.csv,sub-FC112_ses-2_task-renewal_fearROIs_bin_BN.csv
PTSD,FC112,2,renewal,131,132,32,4,sub-FC112_ses-2_task-renewal_fearROIs_bin_SN.csv,sub-FC112_ses-2_task-renewal_fearROIs_bin_BN.csv
PTSD,FC112,2,renewal,132,133,19,3,sub-FC112_ses-2_task-renewal_fearROIs_bin_SN.csv,sub-FC112_ses-2_task-renewal_fearROIs_bin_BN.csv
PTSD,FC113,2,renewal,0,1,17,1,sub-FC113_ses-2_task-renewal_fearROIs_bin_SN.csv,sub-FC113_ses-2_task-renewal_fearROIs_bin_BN.csv
PTSD,FC113,2,renewal,1,2,3,1,sub-FC113_ses-2_task-renewal_fearROIs_bin_SN.csv,sub-FC113_ses-2_task-renewal_fearROIs_bin_BN.csv
PTSD,FC113,2,renewal,2,3,15,2,sub-FC113_ses-2_task-renewal_fearROIs_bin_SN.csv,sub-FC113_ses-2_task-renewal_fearROIs_bin_BN.csv
PTSD,FC113,2,renewal,3,4,31,4,sub-FC113_ses-2_task-renewal_fearROIs_bin_SN.csv,sub-FC113_ses-2_task-renewal_fearROIs_bin_BN.csv
PTSD,FC113,2,renewal,4,5,32,4,sub-FC113_ses-2_task-renewal_fearROIs_bin_SN.csv,sub-FC113_ses-2_task-renewal_fearROIs_bin_BN.csv
PTSD,FC113,2,renewal,5,6,32,4,sub-FC113_ses-2_task-renewal_fearROIs_bin_SN.csv,sub-FC113_ses-2_task-renewal_fearROIs_bin_BN.csv
PTSD,FC113,2,renewal,6,7,32,4,sub-FC113_ses-2_task-renewal_fearROIs_bin_SN.csv,sub-FC113_ses-2_task-renewal_fearROIs_bin_BN.csv
PTSD,FC113,2,renewal,7,8,32,4,sub-FC113_ses-2_task-renewal_fearROIs_bin_SN.csv,sub-FC113_ses-2_task-renewal_fearROIs_bin_BN.csv
PTSD,FC113,2,renewal,8,9,30,4,sub-FC113_ses-2_task-renewal_fearROIs_bin_SN.csv,sub-FC113_ses-2_task-renewal_fearROIs_bin_BN.csv
PTSD,FC113,2,renewal,9,10,9,1,sub-FC113_ses-2_task-renewal_fearROIs_bin_SN.csv,sub-FC113_ses-2_task-renewal_fearROIs_bin_BN.csv
PTSD,FC113,2,renewal,10,11,10,1,sub-FC113_ses-2_task-renewal_fearROIs_bin_SN.csv,sub-FC113_ses-2_task-renewal_fearROIs_bin_BN.csv
PTSD,FC113,2,renewal,11,12,12,3,sub-FC113_ses-2_task-renewal_fearROIs_bin_SN.csv,sub-FC113_ses-2_task-renewal_fearROIs_bin_BN.csv
PTSD,FC113,2,renewal,12,13,4,3,sub-FC113_ses-2_task-renewal_fearROIs_bin_SN.csv,sub-FC113_ses-2_task-renewal_fearROIs_bin_BN.csv
PTSD,FC113,2,renewal,13,14,17,1,sub-FC113_ses-2_task-renewal_fearROIs_bin_SN.csv,sub-FC113_ses-2_task-renewal_fearROIs_bin_BN.csv
PTSD,FC113,2,renewal,14,15,17,1,sub-FC113_ses-2_task-renewal_fearROIs_bin_SN.csv,sub-FC113_ses-2_task-renewal_fearROIs_bin_BN.csv
PTSD,FC113,2,renewal,15,16,4,3,sub-FC113_ses-2_task-renewal_fearROIs_bin_SN.csv,sub-FC113_ses-2_task-renewal_fearROIs_bin_BN.csv
PTSD,FC113,2,renewal,16,17,12,3,sub-FC113_ses-2_task-renewal_fearROIs_bin_SN.csv,sub-FC113_ses-2_task-renewal_fearROIs_bin_BN.csv
PTSD,FC113,2,renewal,17,18,11,1,sub-FC113_ses-2_task-renewal_fearROIs_bin_SN.csv,sub-FC113_ses-2_task-renewal_fearROIs_bin_BN.csv
PTSD,FC113,2,renewal,18,19,21,1,sub-FC113_ses-2_task-renewal_fearROIs_bin_SN.csv,sub-FC113_ses-2_task-renewal_fearROIs_bin_BN.csv
PTSD,FC113,2,renewal,19,20,32,4,sub-FC113_ses-2_task-renewal_fearROIs_bin_SN.csv,sub-FC113_ses-2_task-renewal_fearROIs_bin_BN.csv
PTSD,FC113,2,renewal,20,21,27,4,sub-FC113_ses-2_task-renewal_fearROIs_bin_SN.csv,sub-FC113_ses-2_task-renewal_fearROIs_bin_BN.csv
PTSD,FC113,2,renewal,21,22,1,1,sub-FC113_ses-2_task-renewal_fearROIs_bin_SN.csv,sub-FC113_ses-2_task-renewal_fearROIs_bin_BN.csv
PTSD,FC113,2,renewal,22,23,1,1,sub-FC113_ses-2_task-renewal_fearROIs_bin_SN.csv,sub-FC113_ses-2_task-renewal_fearROIs_bin_BN.csv
PTSD,FC113,2,renewal,23,24,1,1,sub-FC113_ses-2_task-renewal_fearROIs_bin_SN.csv,sub-FC113_ses-2_task-renewal_fearROIs_bin_BN.csv
PTSD,FC113,2,renewal,24,25,20,3,sub-FC113_ses-2_task-renewal_fearROIs_bin_SN.csv,sub-FC113_ses-2_task-renewal_fearROIs_bin_BN.csv
PTSD,FC113,2,renewal,25,26,20,3,sub-FC113_ses-2_task-renewal_fearROIs_bin_SN.csv,sub-FC113_ses-2_task-renewal_fearROIs_bin_BN.csv
PTSD,FC113,2,renewal,26,27,20,3,sub-FC113_ses-2_task-renewal_fearROIs_bin_SN.csv,sub-FC113_ses-2_task-renewal_fearROIs_bin_BN.csv
PTSD,FC113,2,renewal,27,28,2,1,sub-FC113_ses-2_task-renewal_fearROIs_bin_SN.csv,sub-FC113_ses-2_task-renewal_fearROIs_bin_BN.csv
PTSD,FC113,2,renewal,28,29,18,3,sub-FC113_ses-2_task-renewal_fearROIs_bin_SN.csv,sub-FC113_ses-2_task-renewal_fearROIs_bin_BN.csv
PTSD,FC113,2,renewal,29,30,18,3,sub-FC113_ses-2_task-renewal_fearROIs_bin_SN.csv,sub-FC113_ses-2_task-renewal_fearROIs_bin_BN.csv
PTSD,FC113,2,renewal,30,31,24,4,sub-FC113_ses-2_task-renewal_fearROIs_bin_SN.csv,sub-FC113_ses-2_task-renewal_fearROIs_bin_BN.csv
PTSD,FC113,2,renewal,31,32,32,4,sub-FC113_ses-2_task-renewal_fearROIs_bin_SN.csv,sub-FC113_ses-2_task-renewal_fearROIs_bin_BN.csv
PTSD,FC113,2,renewal,32,33,10,1,sub-FC113_ses-2_task-renewal_fearROIs_bin_SN.csv,sub-FC113_ses-2_task-renewal_fearROIs_bin_BN.csv
PTSD,FC113,2,renewal,33,34,1,1,sub-FC113_ses-2_task-renewal_fearROIs_bin_SN.csv,sub-FC113_ses-2_task-renewal_fearROIs_bin_BN.csv
PTSD,FC113,2,renewal,34,35,1,1,sub-FC113_ses-2_task-renewal_fearROIs_bin_SN.csv,sub-FC113_ses-2_task-renewal_fearROIs_bin_BN.csv
PTSD,FC113,2,renewal,35,36,13,2,sub-FC113_ses-2_task-renewal_fearROIs_bin_SN.csv,sub-FC113_ses-2_task-renewal_fearROIs_bin_BN.csv
PTSD,FC113,2,renewal,36,37,31,4,sub-FC113_ses-2_task-renewal_fearROIs_bin_SN.csv,sub-FC113_ses-2_task-renewal_fearROIs_bin_BN.csv
PTSD,FC113,2,renewal,37,38,31,4,sub-FC113_ses-2_task-renewal_fearROIs_bin_SN.csv,sub-FC113_ses-2_task-renewal_fearROIs_bin_BN.csv
PTSD,FC113,2,renewal,38,39,29,2,sub-FC113_ses-2_task-renewal_fearROIs_bin_SN.csv,sub-FC113_ses-2_task-renewal_fearROIs_bin_BN.csv
PTSD,FC113,2,renewal,39,40,13,2,sub-FC113_ses-2_task-renewal_fearROIs_bin_SN.csv,sub-FC113_ses-2_task-renewal_fearROIs_bin_BN.csv
PTSD,FC113,2,renewal,40,41,31,4,sub-FC113_ses-2_task-renewal_fearROIs_bin_SN.csv,sub-FC113_ses-2_task-renewal_fearROIs_bin_BN.csv
PTSD,FC113,2,renewal,41,42,9,1,sub-FC113_ses-2_task-renewal_fearROIs_bin_SN.csv,sub-FC113_ses-2_task-renewal_fearROIs_bin_BN.csv
PTSD,FC113,2,renewal,42,43,29,2,sub-FC113_ses-2_task-renewal_fearROIs_bin_SN.csv,sub-FC113_ses-2_task-renewal_fearROIs_bin_BN.csv
PTSD,FC113,2,renewal,43,44,2,1,sub-FC113_ses-2_task-renewal_fearROIs_bin_SN.csv,sub-FC113_ses-2_task-renewal_fearROIs_bin_BN.csv
PTSD,FC113,2,renewal,44,45,4,3,sub-FC113_ses-2_task-renewal_fearROIs_bin_SN.csv,sub-FC113_ses-2_task-renewal_fearROIs_bin_BN.csv
PTSD,FC113,2,renewal,45,46,8,3,sub-FC113_ses-2_task-renewal_fearROIs_bin_SN.csv,sub-FC113_ses-2_task-renewal_fearROIs_bin_BN.csv
PTSD,FC113,2,renewal,46,47,2,1,sub-FC113_ses-2_task-renewal_fearROIs_bin_SN.csv,sub-FC113_ses-2_task-renewal_fearROIs_bin_BN.csv
PTSD,FC113,2,renewal,47,48,2,1,sub-FC113_ses-2_task-renewal_fearROIs_bin_SN.csv,sub-FC113_ses-2_task-renewal_fearROIs_bin_BN.csv
PTSD,FC113,2,renewal,48,49,2,1,sub-FC113_ses-2_task-renewal_fearROIs_bin_SN.csv,sub-FC113_ses-2_task-renewal_fearROIs_bin_BN.csv
PTSD,FC113,2,renewal,49,50,18,3,sub-FC113_ses-2_task-renewal_fearROIs_bin_SN.csv,sub-FC113_ses-2_task-renewal_fearROIs_bin_BN.csv
PTSD,FC113,2,renewal,50,51,2,1,sub-FC113_ses-2_task-renewal_fearROIs_bin_SN.csv,sub-FC113_ses-2_task-renewal_fearROIs_bin_BN.csv
PTSD,FC113,2,renewal,51,52,7,1,sub-FC113_ses-2_task-renewal_fearROIs_bin_SN.csv,sub-FC113_ses-2_task-renewal_fearROIs_bin_BN.csv
PTSD,FC113,2,renewal,52,53,7,1,sub-FC113_ses-2_task-renewal_fearROIs_bin_SN.csv,sub-FC113_ses-2_task-renewal_fearROIs_bin_BN.csv
PTSD,FC113,2,renewal,53,54,31,4,sub-FC113_ses-2_task-renewal_fearROIs_bin_SN.csv,sub-FC113_ses-2_task-renewal_fearROIs_bin_BN.csv
PTSD,FC113,2,renewal,54,55,13,2,sub-FC113_ses-2_task-renewal_fearROIs_bin_SN.csv,sub-FC113_ses-2_task-renewal_fearROIs_bin_BN.csv
PTSD,FC113,2,renewal,55,56,13,2,sub-FC113_ses-2_task-renewal_fearROIs_bin_SN.csv,sub-FC113_ses-2_task-renewal_fearROIs_bin_BN.csv
PTSD,FC113,2,renewal,56,57,5,1,sub-FC113_ses-2_task-renewal_fearROIs_bin_SN.csv,sub-FC113_ses-2_task-renewal_fearROIs_bin_BN.csv
PTSD,FC113,2,renewal,57,58,6,1,sub-FC113_ses-2_task-renewal_fearROIs_bin_SN.csv,sub-FC113_ses-2_task-renewal_fearROIs_bin_BN.csv
PTSD,FC113,2,renewal,58,59,13,2,sub-FC113_ses-2_task-renewal_fearROIs_bin_SN.csv,sub-FC113_ses-2_task-renewal_fearROIs_bin_BN.csv
PTSD,FC113,2,renewal,59,60,29,2,sub-FC113_ses-2_task-renewal_fearROIs_bin_SN.csv,sub-FC113_ses-2_task-renewal_fearROIs_bin_BN.csv
PTSD,FC113,2,renewal,60,61,31,4,sub-FC113_ses-2_task-renewal_fearROIs_bin_SN.csv,sub-FC113_ses-2_task-renewal_fearROIs_bin_BN.csv
PTSD,FC113,2,renewal,61,62,32,4,sub-FC113_ses-2_task-renewal_fearROIs_bin_SN.csv,sub-FC113_ses-2_task-renewal_fearROIs_bin_BN.csv
PTSD,FC113,2,renewal,62,63,20,3,sub-FC113_ses-2_task-renewal_fearROIs_bin_SN.csv,sub-FC113_ses-2_task-renewal_fearROIs_bin_BN.csv
PTSD,FC113,2,renewal,63,64,28,4,sub-FC113_ses-2_task-renewal_fearROIs_bin_SN.csv,sub-FC113_ses-2_task-renewal_fearROIs_bin_BN.csv
PTSD,FC113,2,renewal,64,65,20,3,sub-FC113_ses-2_task-renewal_fearROIs_bin_SN.csv,sub-FC113_ses-2_task-renewal_fearROIs_bin_BN.csv
PTSD,FC113,2,renewal,65,66,18,3,sub-FC113_ses-2_task-renewal_fearROIs_bin_SN.csv,sub-FC113_ses-2_task-renewal_fearROIs_bin_BN.csv
PTSD,FC113,2,renewal,66,67,19,3,sub-FC113_ses-2_task-renewal_fearROIs_bin_SN.csv,sub-FC113_ses-2_task-renewal_fearROIs_bin_BN.csv
PTSD,FC113,2,renewal,67,68,31,4,sub-FC113_ses-2_task-renewal_fearROIs_bin_SN.csv,sub-FC113_ses-2_task-renewal_fearROIs_bin_BN.csv
PTSD,FC113,2,renewal,68,69,31,4,sub-FC113_ses-2_task-renewal_fearROIs_bin_SN.csv,sub-FC113_ses-2_task-renewal_fearROIs_bin_BN.csv
PTSD,FC113,2,renewal,69,70,32,4,sub-FC113_ses-2_task-renewal_fearROIs_bin_SN.csv,sub-FC113_ses-2_task-renewal_fearROIs_bin_BN.csv
PTSD,FC113,2,renewal,70,71,28,4,sub-FC113_ses-2_task-renewal_fearROIs_bin_SN.csv,sub-FC113_ses-2_task-renewal_fearROIs_bin_BN.csv
PTSD,FC113,2,renewal,71,72,28,4,sub-FC113_ses-2_task-renewal_fearROIs_bin_SN.csv,sub-FC113_ses-2_task-renewal_fearROIs_bin_BN.csv
PTSD,FC113,2,renewal,72,73,2,1,sub-FC113_ses-2_task-renewal_fearROIs_bin_SN.csv,sub-FC113_ses-2_task-renewal_fearROIs_bin_BN.csv
PTSD,FC113,2,renewal,73,74,4,3,sub-FC113_ses-2_task-renewal_fearROIs_bin_SN.csv,sub-FC113_ses-2_task-renewal_fearROIs_bin_BN.csv
PTSD,FC113,2,renewal,74,75,4,3,sub-FC113_ses-2_task-renewal_fearROIs_bin_SN.csv,sub-FC113_ses-2_task-renewal_fearROIs_bin_BN.csv
PTSD,FC113,2,renewal,75,76,4,3,sub-FC113_ses-2_task-renewal_fearROIs_bin_SN.csv,sub-FC113_ses-2_task-renewal_fearROIs_bin_BN.csv
PTSD,FC113,2,renewal,76,77,1,1,sub-FC113_ses-2_task-renewal_fearROIs_bin_SN.csv,sub-FC113_ses-2_task-renewal_fearROIs_bin_BN.csv
PTSD,FC113,2,renewal,77,78,1,1,sub-FC113_ses-2_task-renewal_fearROIs_bin_SN.csv,sub-FC113_ses-2_task-renewal_fearROIs_bin_BN.csv
PTSD,FC113,2,renewal,78,79,21,1,sub-FC113_ses-2_task-renewal_fearROIs_bin_SN.csv,sub-FC113_ses-2_task-renewal_fearROIs_bin_BN.csv
PTSD,FC113,2,renewal,79,80,12,3,sub-FC113_ses-2_task-renewal_fearROIs_bin_SN.csv,sub-FC113_ses-2_task-renewal_fearROIs_bin_BN.csv
PTSD,FC113,2,renewal,80,81,7,1,sub-FC113_ses-2_task-renewal_fearROIs_bin_SN.csv,sub-FC113_ses-2_task-renewal_fearROIs_bin_BN.csv
PTSD,FC113,2,renewal,81,82,15,2,sub-FC113_ses-2_task-renewal_fearROIs_bin_SN.csv,sub-FC113_ses-2_task-renewal_fearROIs_bin_BN.csv
PTSD,FC113,2,renewal,82,83,13,2,sub-FC113_ses-2_task-renewal_fearROIs_bin_SN.csv,sub-FC113_ses-2_task-renewal_fearROIs_bin_BN.csv
PTSD,FC113,2,renewal,83,84,13,2,sub-FC113_ses-2_task-renewal_fearROIs_bin_SN.csv,sub-FC113_ses-2_task-renewal_fearROIs_bin_BN.csv
PTSD,FC113,2,renewal,84,85,16,4,sub-FC113_ses-2_task-renewal_fearROIs_bin_SN.csv,sub-FC113_ses-2_task-renewal_fearROIs_bin_BN.csv
PTSD,FC113,2,renewal,85,86,16,4,sub-FC113_ses-2_task-renewal_fearROIs_bin_SN.csv,sub-FC113_ses-2_task-renewal_fearROIs_bin_BN.csv
PTSD,FC113,2,renewal,86,87,30,4,sub-FC113_ses-2_task-renewal_fearROIs_bin_SN.csv,sub-FC113_ses-2_task-renewal_fearROIs_bin_BN.csv
PTSD,FC113,2,renewal,87,88,31,4,sub-FC113_ses-2_task-renewal_fearROIs_bin_SN.csv,sub-FC113_ses-2_task-renewal_fearROIs_bin_BN.csv
PTSD,FC113,2,renewal,88,89,25,1,sub-FC113_ses-2_task-renewal_fearROIs_bin_SN.csv,sub-FC113_ses-2_task-renewal_fearROIs_bin_BN.csv
PTSD,FC113,2,renewal,89,90,17,1,sub-FC113_ses-2_task-renewal_fearROIs_bin_SN.csv,sub-FC113_ses-2_task-renewal_fearROIs_bin_BN.csv
PTSD,FC113,2,renewal,90,91,2,1,sub-FC113_ses-2_task-renewal_fearROIs_bin_SN.csv,sub-FC113_ses-2_task-renewal_fearROIs_bin_BN.csv
PTSD,FC113,2,renewal,91,92,4,3,sub-FC113_ses-2_task-renewal_fearROIs_bin_SN.csv,sub-FC113_ses-2_task-renewal_fearROIs_bin_BN.csv
PTSD,FC113,2,renewal,92,93,23,4,sub-FC113_ses-2_task-renewal_fearROIs_bin_SN.csv,sub-FC113_ses-2_task-renewal_fearROIs_bin_BN.csv
PTSD,FC113,2,renewal,93,94,29,2,sub-FC113_ses-2_task-renewal_fearROIs_bin_SN.csv,sub-FC113_ses-2_task-renewal_fearROIs_bin_BN.csv
PTSD,FC113,2,renewal,94,95,29,2,sub-FC113_ses-2_task-renewal_fearROIs_bin_SN.csv,sub-FC113_ses-2_task-renewal_fearROIs_bin_BN.csv
PTSD,FC113,2,renewal,95,96,15,2,sub-FC113_ses-2_task-renewal_fearROIs_bin_SN.csv,sub-FC113_ses-2_task-renewal_fearROIs_bin_BN.csv
PTSD,FC113,2,renewal,96,97,29,2,sub-FC113_ses-2_task-renewal_fearROIs_bin_SN.csv,sub-FC113_ses-2_task-renewal_fearROIs_bin_BN.csv
PTSD,FC113,2,renewal,97,98,5,1,sub-FC113_ses-2_task-renewal_fearROIs_bin_SN.csv,sub-FC113_ses-2_task-renewal_fearROIs_bin_BN.csv
PTSD,FC113,2,renewal,98,99,24,4,sub-FC113_ses-2_task-renewal_fearROIs_bin_SN.csv,sub-FC113_ses-2_task-renewal_fearROIs_bin_BN.csv
PTSD,FC113,2,renewal,99,100,1,1,sub-FC113_ses-2_task-renewal_fearROIs_bin_SN.csv,sub-FC113_ses-2_task-renewal_fearROIs_bin_BN.csv
PTSD,FC113,2,renewal,100,101,2,1,sub-FC113_ses-2_task-renewal_fearROIs_bin_SN.csv,sub-FC113_ses-2_task-renewal_fearROIs_bin_BN.csv
PTSD,FC113,2,renewal,101,102,1,1,sub-FC113_ses-2_task-renewal_fearROIs_bin_SN.csv,sub-FC113_ses-2_task-renewal_fearROIs_bin_BN.csv
PTSD,FC113,2,renewal,102,103,1,1,sub-FC113_ses-2_task-renewal_fearROIs_bin_SN.csv,sub-FC113_ses-2_task-renewal_fearROIs_bin_BN.csv
PTSD,FC113,2,renewal,103,104,5,1,sub-FC113_ses-2_task-renewal_fearROIs_bin_SN.csv,sub-FC113_ses-2_task-renewal_fearROIs_bin_BN.csv
PTSD,FC113,2,renewal,104,105,13,2,sub-FC113_ses-2_task-renewal_fearROIs_bin_SN.csv,sub-FC113_ses-2_task-renewal_fearROIs_bin_BN.csv
PTSD,FC113,2,renewal,105,106,13,2,sub-FC113_ses-2_task-renewal_fearROIs_bin_SN.csv,sub-FC113_ses-2_task-renewal_fearROIs_bin_BN.csv
PTSD,FC113,2,renewal,106,107,25,1,sub-FC113_ses-2_task-renewal_fearROIs_bin_SN.csv,sub-FC113_ses-2_task-renewal_fearROIs_bin_BN.csv
PTSD,FC113,2,renewal,107,108,9,1,sub-FC113_ses-2_task-renewal_fearROIs_bin_SN.csv,sub-FC113_ses-2_task-renewal_fearROIs_bin_BN.csv
PTSD,FC113,2,renewal,108,109,4,3,sub-FC113_ses-2_task-renewal_fearROIs_bin_SN.csv,sub-FC113_ses-2_task-renewal_fearROIs_bin_BN.csv
PTSD,FC113,2,renewal,109,110,32,4,sub-FC113_ses-2_task-renewal_fearROIs_bin_SN.csv,sub-FC113_ses-2_task-renewal_fearROIs_bin_BN.csv
PTSD,FC113,2,renewal,110,111,20,3,sub-FC113_ses-2_task-renewal_fearROIs_bin_SN.csv,sub-FC113_ses-2_task-renewal_fearROIs_bin_BN.csv
PTSD,FC113,2,renewal,111,112,20,3,sub-FC113_ses-2_task-renewal_fearROIs_bin_SN.csv,sub-FC113_ses-2_task-renewal_fearROIs_bin_BN.csv
PTSD,FC113,2,renewal,112,113,18,3,sub-FC113_ses-2_task-renewal_fearROIs_bin_SN.csv,sub-FC113_ses-2_task-renewal_fearROIs_bin_BN.csv
PTSD,FC113,2,renewal,113,114,31,4,sub-FC113_ses-2_task-renewal_fearROIs_bin_SN.csv,sub-FC113_ses-2_task-renewal_fearROIs_bin_BN.csv
PTSD,FC113,2,renewal,114,115,29,2,sub-FC113_ses-2_task-renewal_fearROIs_bin_SN.csv,sub-FC113_ses-2_task-renewal_fearROIs_bin_BN.csv
PTSD,FC113,2,renewal,115,116,31,4,sub-FC113_ses-2_task-renewal_fearROIs_bin_SN.csv,sub-FC113_ses-2_task-renewal_fearROIs_bin_BN.csv
PTSD,FC113,2,renewal,116,117,32,4,sub-FC113_ses-2_task-renewal_fearROIs_bin_SN.csv,sub-FC113_ses-2_task-renewal_fearROIs_bin_BN.csv
PTSD,FC113,2,renewal,117,118,28,4,sub-FC113_ses-2_task-renewal_fearROIs_bin_SN.csv,sub-FC113_ses-2_task-renewal_fearROIs_bin_BN.csv
PTSD,FC113,2,renewal,118,119,18,3,sub-FC113_ses-2_task-renewal_fearROIs_bin_SN.csv,sub-FC113_ses-2_task-renewal_fearROIs_bin_BN.csv
PTSD,FC113,2,renewal,119,120,18,3,sub-FC113_ses-2_task-renewal_fearROIs_bin_SN.csv,sub-FC113_ses-2_task-renewal_fearROIs_bin_BN.csv
PTSD,FC113,2,renewal,120,121,24,4,sub-FC113_ses-2_task-renewal_fearROIs_bin_SN.csv,sub-FC113_ses-2_task-renewal_fearROIs_bin_BN.csv
PTSD,FC113,2,renewal,121,122,16,4,sub-FC113_ses-2_task-renewal_fearROIs_bin_SN.csv,sub-FC113_ses-2_task-renewal_fearROIs_bin_BN.csv
PTSD,FC113,2,renewal,122,123,2,1,sub-FC113_ses-2_task-renewal_fearROIs_bin_SN.csv,sub-FC113_ses-2_task-renewal_fearROIs_bin_BN.csv
PTSD,FC113,2,renewal,123,124,6,1,sub-FC113_ses-2_task-renewal_fearROIs_bin_SN.csv,sub-FC113_ses-2_task-renewal_fearROIs_bin_BN.csv
PTSD,FC113,2,renewal,124,125,4,3,sub-FC113_ses-2_task-renewal_fearROIs_bin_SN.csv,sub-FC113_ses-2_task-renewal_fearROIs_bin_BN.csv
PTSD,FC113,2,renewal,125,126,8,3,sub-FC113_ses-2_task-renewal_fearROIs_bin_SN.csv,sub-FC113_ses-2_task-renewal_fearROIs_bin_BN.csv
PTSD,FC113,2,renewal,126,127,32,4,sub-FC113_ses-2_task-renewal_fearROIs_bin_SN.csv,sub-FC113_ses-2_task-renewal_fearROIs_bin_BN.csv
PTSD,FC113,2,renewal,127,128,30,4,sub-FC113_ses-2_task-renewal_fearROIs_bin_SN.csv,sub-FC113_ses-2_task-renewal_fearROIs_bin_BN.csv
PTSD,FC113,2,renewal,128,129,3,1,sub-FC113_ses-2_task-renewal_fearROIs_bin_SN.csv,sub-FC113_ses-2_task-renewal_fearROIs_bin_BN.csv
PTSD,FC113,2,renewal,129,130,9,1,sub-FC113_ses-2_task-renewal_fearROIs_bin_SN.csv,sub-FC113_ses-2_task-renewal_fearROIs_bin_BN.csv
PTSD,FC113,2,renewal,130,131,5,1,sub-FC113_ses-2_task-renewal_fearROIs_bin_SN.csv,sub-FC113_ses-2_task-renewal_fearROIs_bin_BN.csv
PTSD,FC113,2,renewal,131,132,29,2,sub-FC113_ses-2_task-renewal_fearROIs_bin_SN.csv,sub-FC113_ses-2_task-renewal_fearROIs_bin_BN.csv
PTSD,FC113,2,renewal,132,133,31,4,sub-FC113_ses-2_task-renewal_fearROIs_bin_SN.csv,sub-FC113_ses-2_task-renewal_fearROIs_bin_BN.csv
PTSD,FC114,2,renewal,0,1,1,1,sub-FC114_ses-2_task-renewal_fearROIs_bin_SN.csv,sub-FC114_ses-2_task-renewal_fearROIs_bin_BN.csv
PTSD,FC114,2,renewal,1,2,17,1,sub-FC114_ses-2_task-renewal_fearROIs_bin_SN.csv,sub-FC114_ses-2_task-renewal_fearROIs_bin_BN.csv
PTSD,FC114,2,renewal,2,3,18,3,sub-FC114_ses-2_task-renewal_fearROIs_bin_SN.csv,sub-FC114_ses-2_task-renewal_fearROIs_bin_BN.csv
PTSD,FC114,2,renewal,3,4,2,1,sub-FC114_ses-2_task-renewal_fearROIs_bin_SN.csv,sub-FC114_ses-2_task-renewal_fearROIs_bin_BN.csv
PTSD,FC114,2,renewal,4,5,13,2,sub-FC114_ses-2_task-renewal_fearROIs_bin_SN.csv,sub-FC114_ses-2_task-renewal_fearROIs_bin_BN.csv
PTSD,FC114,2,renewal,5,6,23,4,sub-FC114_ses-2_task-renewal_fearROIs_bin_SN.csv,sub-FC114_ses-2_task-renewal_fearROIs_bin_BN.csv
PTSD,FC114,2,renewal,6,7,15,2,sub-FC114_ses-2_task-renewal_fearROIs_bin_SN.csv,sub-FC114_ses-2_task-renewal_fearROIs_bin_BN.csv
PTSD,FC114,2,renewal,7,8,16,4,sub-FC114_ses-2_task-renewal_fearROIs_bin_SN.csv,sub-FC114_ses-2_task-renewal_fearROIs_bin_BN.csv
PTSD,FC114,2,renewal,8,9,30,4,sub-FC114_ses-2_task-renewal_fearROIs_bin_SN.csv,sub-FC114_ses-2_task-renewal_fearROIs_bin_BN.csv
PTSD,FC114,2,renewal,9,10,29,2,sub-FC114_ses-2_task-renewal_fearROIs_bin_SN.csv,sub-FC114_ses-2_task-renewal_fearROIs_bin_BN.csv
PTSD,FC114,2,renewal,10,11,7,1,sub-FC114_ses-2_task-renewal_fearROIs_bin_SN.csv,sub-FC114_ses-2_task-renewal_fearROIs_bin_BN.csv
PTSD,FC114,2,renewal,11,12,20,3,sub-FC114_ses-2_task-renewal_fearROIs_bin_SN.csv,sub-FC114_ses-2_task-renewal_fearROIs_bin_BN.csv
PTSD,FC114,2,renewal,12,13,4,3,sub-FC114_ses-2_task-renewal_fearROIs_bin_SN.csv,sub-FC114_ses-2_task-renewal_fearROIs_bin_BN.csv
PTSD,FC114,2,renewal,13,14,16,4,sub-FC114_ses-2_task-renewal_fearROIs_bin_SN.csv,sub-FC114_ses-2_task-renewal_fearROIs_bin_BN.csv
PTSD,FC114,2,renewal,14,15,5,1,sub-FC114_ses-2_task-renewal_fearROIs_bin_SN.csv,sub-FC114_ses-2_task-renewal_fearROIs_bin_BN.csv
PTSD,FC114,2,renewal,15,16,10,1,sub-FC114_ses-2_task-renewal_fearROIs_bin_SN.csv,sub-FC114_ses-2_task-renewal_fearROIs_bin_BN.csv
PTSD,FC114,2,renewal,16,17,17,1,sub-FC114_ses-2_task-renewal_fearROIs_bin_SN.csv,sub-FC114_ses-2_task-renewal_fearROIs_bin_BN.csv
PTSD,FC114,2,renewal,17,18,28,4,sub-FC114_ses-2_task-renewal_fearROIs_bin_SN.csv,sub-FC114_ses-2_task-renewal_fearROIs_bin_BN.csv
PTSD,FC114,2,renewal,18,19,14,2,sub-FC114_ses-2_task-renewal_fearROIs_bin_SN.csv,sub-FC114_ses-2_task-renewal_fearROIs_bin_BN.csv
PTSD,FC114,2,renewal,19,20,32,4,sub-FC114_ses-2_task-renewal_fearROIs_bin_SN.csv,sub-FC114_ses-2_task-renewal_fearROIs_bin_BN.csv
PTSD,FC114,2,renewal,20,21,25,1,sub-FC114_ses-2_task-renewal_fearROIs_bin_SN.csv,sub-FC114_ses-2_task-renewal_fearROIs_bin_BN.csv
PTSD,FC114,2,renewal,21,22,17,1,sub-FC114_ses-2_task-renewal_fearROIs_bin_SN.csv,sub-FC114_ses-2_task-renewal_fearROIs_bin_BN.csv
PTSD,FC114,2,renewal,22,23,24,4,sub-FC114_ses-2_task-renewal_fearROIs_bin_SN.csv,sub-FC114_ses-2_task-renewal_fearROIs_bin_BN.csv
PTSD,FC114,2,renewal,23,24,32,4,sub-FC114_ses-2_task-renewal_fearROIs_bin_SN.csv,sub-FC114_ses-2_task-renewal_fearROIs_bin_BN.csv
PTSD,FC114,2,renewal,24,25,20,3,sub-FC114_ses-2_task-renewal_fearROIs_bin_SN.csv,sub-FC114_ses-2_task-renewal_fearROIs_bin_BN.csv
PTSD,FC114,2,renewal,25,26,1,1,sub-FC114_ses-2_task-renewal_fearROIs_bin_SN.csv,sub-FC114_ses-2_task-renewal_fearROIs_bin_BN.csv
PTSD,FC114,2,renewal,26,27,13,2,sub-FC114_ses-2_task-renewal_fearROIs_bin_SN.csv,sub-FC114_ses-2_task-renewal_fearROIs_bin_BN.csv
PTSD,FC114,2,renewal,27,28,5,1,sub-FC114_ses-2_task-renewal_fearROIs_bin_SN.csv,sub-FC114_ses-2_task-renewal_fearROIs_bin_BN.csv
PTSD,FC114,2,renewal,28,29,32,4,sub-FC114_ses-2_task-renewal_fearROIs_bin_SN.csv,sub-FC114_ses-2_task-renewal_fearROIs_bin_BN.csv
PTSD,FC114,2,renewal,29,30,12,3,sub-FC114_ses-2_task-renewal_fearROIs_bin_SN.csv,sub-FC114_ses-2_task-renewal_fearROIs_bin_BN.csv
PTSD,FC114,2,renewal,30,31,4,3,sub-FC114_ses-2_task-renewal_fearROIs_bin_SN.csv,sub-FC114_ses-2_task-renewal_fearROIs_bin_BN.csv
PTSD,FC114,2,renewal,31,32,10,1,sub-FC114_ses-2_task-renewal_fearROIs_bin_SN.csv,sub-FC114_ses-2_task-renewal_fearROIs_bin_BN.csv
PTSD,FC114,2,renewal,32,33,13,2,sub-FC114_ses-2_task-renewal_fearROIs_bin_SN.csv,sub-FC114_ses-2_task-renewal_fearROIs_bin_BN.csv
PTSD,FC114,2,renewal,33,34,13,2,sub-FC114_ses-2_task-renewal_fearROIs_bin_SN.csv,sub-FC114_ses-2_task-renewal_fearROIs_bin_BN.csv
PTSD,FC114,2,renewal,34,35,29,2,sub-FC114_ses-2_task-renewal_fearROIs_bin_SN.csv,sub-FC114_ses-2_task-renewal_fearROIs_bin_BN.csv
PTSD,FC114,2,renewal,35,36,29,2,sub-FC114_ses-2_task-renewal_fearROIs_bin_SN.csv,sub-FC114_ses-2_task-renewal_fearROIs_bin_BN.csv
PTSD,FC114,2,renewal,36,37,3,1,sub-FC114_ses-2_task-renewal_fearROIs_bin_SN.csv,sub-FC114_ses-2_task-renewal_fearROIs_bin_BN.csv
PTSD,FC114,2,renewal,37,38,27,4,sub-FC114_ses-2_task-renewal_fearROIs_bin_SN.csv,sub-FC114_ses-2_task-renewal_fearROIs_bin_BN.csv
PTSD,FC114,2,renewal,38,39,28,4,sub-FC114_ses-2_task-renewal_fearROIs_bin_SN.csv,sub-FC114_ses-2_task-renewal_fearROIs_bin_BN.csv
PTSD,FC114,2,renewal,39,40,4,3,sub-FC114_ses-2_task-renewal_fearROIs_bin_SN.csv,sub-FC114_ses-2_task-renewal_fearROIs_bin_BN.csv
PTSD,FC114,2,renewal,40,41,1,1,sub-FC114_ses-2_task-renewal_fearROIs_bin_SN.csv,sub-FC114_ses-2_task-renewal_fearROIs_bin_BN.csv
PTSD,FC114,2,renewal,41,42,29,2,sub-FC114_ses-2_task-renewal_fearROIs_bin_SN.csv,sub-FC114_ses-2_task-renewal_fearROIs_bin_BN.csv
PTSD,FC114,2,renewal,42,43,23,4,sub-FC114_ses-2_task-renewal_fearROIs_bin_SN.csv,sub-FC114_ses-2_task-renewal_fearROIs_bin_BN.csv
PTSD,FC114,2,renewal,43,44,32,4,sub-FC114_ses-2_task-renewal_fearROIs_bin_SN.csv,sub-FC114_ses-2_task-renewal_fearROIs_bin_BN.csv
PTSD,FC114,2,renewal,44,45,28,4,sub-FC114_ses-2_task-renewal_fearROIs_bin_SN.csv,sub-FC114_ses-2_task-renewal_fearROIs_bin_BN.csv
PTSD,FC114,2,renewal,45,46,20,3,sub-FC114_ses-2_task-renewal_fearROIs_bin_SN.csv,sub-FC114_ses-2_task-renewal_fearROIs_bin_BN.csv
PTSD,FC114,2,renewal,46,47,20,3,sub-FC114_ses-2_task-renewal_fearROIs_bin_SN.csv,sub-FC114_ses-2_task-renewal_fearROIs_bin_BN.csv
PTSD,FC114,2,renewal,47,48,20,3,sub-FC114_ses-2_task-renewal_fearROIs_bin_SN.csv,sub-FC114_ses-2_task-renewal_fearROIs_bin_BN.csv
PTSD,FC114,2,renewal,48,49,14,2,sub-FC114_ses-2_task-renewal_fearROIs_bin_SN.csv,sub-FC114_ses-2_task-renewal_fearROIs_bin_BN.csv
PTSD,FC114,2,renewal,49,50,13,2,sub-FC114_ses-2_task-renewal_fearROIs_bin_SN.csv,sub-FC114_ses-2_task-renewal_fearROIs_bin_BN.csv
PTSD,FC114,2,renewal,50,51,13,2,sub-FC114_ses-2_task-renewal_fearROIs_bin_SN.csv,sub-FC114_ses-2_task-renewal_fearROIs_bin_BN.csv
PTSD,FC114,2,renewal,51,52,13,2,sub-FC114_ses-2_task-renewal_fearROIs_bin_SN.csv,sub-FC114_ses-2_task-renewal_fearROIs_bin_BN.csv
PTSD,FC114,2,renewal,52,53,5,1,sub-FC114_ses-2_task-renewal_fearROIs_bin_SN.csv,sub-FC114_ses-2_task-renewal_fearROIs_bin_BN.csv
PTSD,FC114,2,renewal,53,54,13,2,sub-FC114_ses-2_task-renewal_fearROIs_bin_SN.csv,sub-FC114_ses-2_task-renewal_fearROIs_bin_BN.csv
PTSD,FC114,2,renewal,54,55,16,4,sub-FC114_ses-2_task-renewal_fearROIs_bin_SN.csv,sub-FC114_ses-2_task-renewal_fearROIs_bin_BN.csv
PTSD,FC114,2,renewal,55,56,32,4,sub-FC114_ses-2_task-renewal_fearROIs_bin_SN.csv,sub-FC114_ses-2_task-renewal_fearROIs_bin_BN.csv
PTSD,FC114,2,renewal,56,57,20,3,sub-FC114_ses-2_task-renewal_fearROIs_bin_SN.csv,sub-FC114_ses-2_task-renewal_fearROIs_bin_BN.csv
PTSD,FC114,2,renewal,57,58,10,1,sub-FC114_ses-2_task-renewal_fearROIs_bin_SN.csv,sub-FC114_ses-2_task-renewal_fearROIs_bin_BN.csv
PTSD,FC114,2,renewal,58,59,1,1,sub-FC114_ses-2_task-renewal_fearROIs_bin_SN.csv,sub-FC114_ses-2_task-renewal_fearROIs_bin_BN.csv
PTSD,FC114,2,renewal,59,60,1,1,sub-FC114_ses-2_task-renewal_fearROIs_bin_SN.csv,sub-FC114_ses-2_task-renewal_fearROIs_bin_BN.csv
PTSD,FC114,2,renewal,60,61,23,4,sub-FC114_ses-2_task-renewal_fearROIs_bin_SN.csv,sub-FC114_ses-2_task-renewal_fearROIs_bin_BN.csv
PTSD,FC114,2,renewal,61,62,20,3,sub-FC114_ses-2_task-renewal_fearROIs_bin_SN.csv,sub-FC114_ses-2_task-renewal_fearROIs_bin_BN.csv
PTSD,FC114,2,renewal,62,63,20,3,sub-FC114_ses-2_task-renewal_fearROIs_bin_SN.csv,sub-FC114_ses-2_task-renewal_fearROIs_bin_BN.csv
PTSD,FC114,2,renewal,63,64,17,1,sub-FC114_ses-2_task-renewal_fearROIs_bin_SN.csv,sub-FC114_ses-2_task-renewal_fearROIs_bin_BN.csv
PTSD,FC114,2,renewal,64,65,21,1,sub-FC114_ses-2_task-renewal_fearROIs_bin_SN.csv,sub-FC114_ses-2_task-renewal_fearROIs_bin_BN.csv
PTSD,FC114,2,renewal,65,66,22,4,sub-FC114_ses-2_task-renewal_fearROIs_bin_SN.csv,sub-FC114_ses-2_task-renewal_fearROIs_bin_BN.csv
PTSD,FC114,2,renewal,66,67,31,4,sub-FC114_ses-2_task-renewal_fearROIs_bin_SN.csv,sub-FC114_ses-2_task-renewal_fearROIs_bin_BN.csv
PTSD,FC114,2,renewal,67,68,21,1,sub-FC114_ses-2_task-renewal_fearROIs_bin_SN.csv,sub-FC114_ses-2_task-renewal_fearROIs_bin_BN.csv
PTSD,FC114,2,renewal,68,69,22,4,sub-FC114_ses-2_task-renewal_fearROIs_bin_SN.csv,sub-FC114_ses-2_task-renewal_fearROIs_bin_BN.csv
PTSD,FC114,2,renewal,69,70,10,1,sub-FC114_ses-2_task-renewal_fearROIs_bin_SN.csv,sub-FC114_ses-2_task-renewal_fearROIs_bin_BN.csv
PTSD,FC114,2,renewal,70,71,13,2,sub-FC114_ses-2_task-renewal_fearROIs_bin_SN.csv,sub-FC114_ses-2_task-renewal_fearROIs_bin_BN.csv
PTSD,FC114,2,renewal,71,72,13,2,sub-FC114_ses-2_task-renewal_fearROIs_bin_SN.csv,sub-FC114_ses-2_task-renewal_fearROIs_bin_BN.csv
PTSD,FC114,2,renewal,72,73,8,3,sub-FC114_ses-2_task-renewal_fearROIs_bin_SN.csv,sub-FC114_ses-2_task-renewal_fearROIs_bin_BN.csv
PTSD,FC114,2,renewal,73,74,24,4,sub-FC114_ses-2_task-renewal_fearROIs_bin_SN.csv,sub-FC114_ses-2_task-renewal_fearROIs_bin_BN.csv
PTSD,FC114,2,renewal,74,75,24,4,sub-FC114_ses-2_task-renewal_fearROIs_bin_SN.csv,sub-FC114_ses-2_task-renewal_fearROIs_bin_BN.csv
PTSD,FC114,2,renewal,75,76,16,4,sub-FC114_ses-2_task-renewal_fearROIs_bin_SN.csv,sub-FC114_ses-2_task-renewal_fearROIs_bin_BN.csv
PTSD,FC114,2,renewal,76,77,10,1,sub-FC114_ses-2_task-renewal_fearROIs_bin_SN.csv,sub-FC114_ses-2_task-renewal_fearROIs_bin_BN.csv
PTSD,FC114,2,renewal,77,78,17,1,sub-FC114_ses-2_task-renewal_fearROIs_bin_SN.csv,sub-FC114_ses-2_task-renewal_fearROIs_bin_BN.csv
PTSD,FC114,2,renewal,78,79,1,1,sub-FC114_ses-2_task-renewal_fearROIs_bin_SN.csv,sub-FC114_ses-2_task-renewal_fearROIs_bin_BN.csv
PTSD,FC114,2,renewal,79,80,4,3,sub-FC114_ses-2_task-renewal_fearROIs_bin_SN.csv,sub-FC114_ses-2_task-renewal_fearROIs_bin_BN.csv
PTSD,FC114,2,renewal,80,81,20,3,sub-FC114_ses-2_task-renewal_fearROIs_bin_SN.csv,sub-FC114_ses-2_task-renewal_fearROIs_bin_BN.csv
PTSD,FC114,2,renewal,81,82,20,3,sub-FC114_ses-2_task-renewal_fearROIs_bin_SN.csv,sub-FC114_ses-2_task-renewal_fearROIs_bin_BN.csv
PTSD,FC114,2,renewal,82,83,4,3,sub-FC114_ses-2_task-renewal_fearROIs_bin_SN.csv,sub-FC114_ses-2_task-renewal_fearROIs_bin_BN.csv
PTSD,FC114,2,renewal,83,84,10,1,sub-FC114_ses-2_task-renewal_fearROIs_bin_SN.csv,sub-FC114_ses-2_task-renewal_fearROIs_bin_BN.csv
PTSD,FC114,2,renewal,84,85,1,1,sub-FC114_ses-2_task-renewal_fearROIs_bin_SN.csv,sub-FC114_ses-2_task-renewal_fearROIs_bin_BN.csv
PTSD,FC114,2,renewal,85,86,1,1,sub-FC114_ses-2_task-renewal_fearROIs_bin_SN.csv,sub-FC114_ses-2_task-renewal_fearROIs_bin_BN.csv
PTSD,FC114,2,renewal,86,87,5,1,sub-FC114_ses-2_task-renewal_fearROIs_bin_SN.csv,sub-FC114_ses-2_task-renewal_fearROIs_bin_BN.csv
PTSD,FC114,2,renewal,87,88,31,4,sub-FC114_ses-2_task-renewal_fearROIs_bin_SN.csv,sub-FC114_ses-2_task-renewal_fearROIs_bin_BN.csv
PTSD,FC114,2,renewal,88,89,20,3,sub-FC114_ses-2_task-renewal_fearROIs_bin_SN.csv,sub-FC114_ses-2_task-renewal_fearROIs_bin_BN.csv
PTSD,FC114,2,renewal,89,90,28,4,sub-FC114_ses-2_task-renewal_fearROIs_bin_SN.csv,sub-FC114_ses-2_task-renewal_fearROIs_bin_BN.csv
PTSD,FC114,2,renewal,90,91,12,3,sub-FC114_ses-2_task-renewal_fearROIs_bin_SN.csv,sub-FC114_ses-2_task-renewal_fearROIs_bin_BN.csv
PTSD,FC114,2,renewal,91,92,13,2,sub-FC114_ses-2_task-renewal_fearROIs_bin_SN.csv,sub-FC114_ses-2_task-renewal_fearROIs_bin_BN.csv
PTSD,FC114,2,renewal,92,93,13,2,sub-FC114_ses-2_task-renewal_fearROIs_bin_SN.csv,sub-FC114_ses-2_task-renewal_fearROIs_bin_BN.csv
PTSD,FC114,2,renewal,93,94,3,1,sub-FC114_ses-2_task-renewal_fearROIs_bin_SN.csv,sub-FC114_ses-2_task-renewal_fearROIs_bin_BN.csv
PTSD,FC114,2,renewal,94,95,32,4,sub-FC114_ses-2_task-renewal_fearROIs_bin_SN.csv,sub-FC114_ses-2_task-renewal_fearROIs_bin_BN.csv
PTSD,FC114,2,renewal,95,96,32,4,sub-FC114_ses-2_task-renewal_fearROIs_bin_SN.csv,sub-FC114_ses-2_task-renewal_fearROIs_bin_BN.csv
PTSD,FC114,2,renewal,96,97,10,1,sub-FC114_ses-2_task-renewal_fearROIs_bin_SN.csv,sub-FC114_ses-2_task-renewal_fearROIs_bin_BN.csv
PTSD,FC114,2,renewal,97,98,13,2,sub-FC114_ses-2_task-renewal_fearROIs_bin_SN.csv,sub-FC114_ses-2_task-renewal_fearROIs_bin_BN.csv
PTSD,FC114,2,renewal,98,99,29,2,sub-FC114_ses-2_task-renewal_fearROIs_bin_SN.csv,sub-FC114_ses-2_task-renewal_fearROIs_bin_BN.csv
PTSD,FC114,2,renewal,99,100,21,1,sub-FC114_ses-2_task-renewal_fearROIs_bin_SN.csv,sub-FC114_ses-2_task-renewal_fearROIs_bin_BN.csv
PTSD,FC114,2,renewal,100,101,31,4,sub-FC114_ses-2_task-renewal_fearROIs_bin_SN.csv,sub-FC114_ses-2_task-renewal_fearROIs_bin_BN.csv
PTSD,FC114,2,renewal,101,102,31,4,sub-FC114_ses-2_task-renewal_fearROIs_bin_SN.csv,sub-FC114_ses-2_task-renewal_fearROIs_bin_BN.csv
PTSD,FC114,2,renewal,102,103,16,4,sub-FC114_ses-2_task-renewal_fearROIs_bin_SN.csv,sub-FC114_ses-2_task-renewal_fearROIs_bin_BN.csv
PTSD,FC114,2,renewal,103,104,16,4,sub-FC114_ses-2_task-renewal_fearROIs_bin_SN.csv,sub-FC114_ses-2_task-renewal_fearROIs_bin_BN.csv
PTSD,FC114,2,renewal,104,105,32,4,sub-FC114_ses-2_task-renewal_fearROIs_bin_SN.csv,sub-FC114_ses-2_task-renewal_fearROIs_bin_BN.csv
PTSD,FC114,2,renewal,105,106,25,1,sub-FC114_ses-2_task-renewal_fearROIs_bin_SN.csv,sub-FC114_ses-2_task-renewal_fearROIs_bin_BN.csv
PTSD,FC114,2,renewal,106,107,1,1,sub-FC114_ses-2_task-renewal_fearROIs_bin_SN.csv,sub-FC114_ses-2_task-renewal_fearROIs_bin_BN.csv
PTSD,FC114,2,renewal,107,108,31,4,sub-FC114_ses-2_task-renewal_fearROIs_bin_SN.csv,sub-FC114_ses-2_task-renewal_fearROIs_bin_BN.csv
PTSD,FC114,2,renewal,108,109,32,4,sub-FC114_ses-2_task-renewal_fearROIs_bin_SN.csv,sub-FC114_ses-2_task-renewal_fearROIs_bin_BN.csv
PTSD,FC114,2,renewal,109,110,13,2,sub-FC114_ses-2_task-renewal_fearROIs_bin_SN.csv,sub-FC114_ses-2_task-renewal_fearROIs_bin_BN.csv
PTSD,FC114,2,renewal,110,111,1,1,sub-FC114_ses-2_task-renewal_fearROIs_bin_SN.csv,sub-FC114_ses-2_task-renewal_fearROIs_bin_BN.csv
PTSD,FC114,2,renewal,111,112,9,1,sub-FC114_ses-2_task-renewal_fearROIs_bin_SN.csv,sub-FC114_ses-2_task-renewal_fearROIs_bin_BN.csv
PTSD,FC114,2,renewal,112,113,23,4,sub-FC114_ses-2_task-renewal_fearROIs_bin_SN.csv,sub-FC114_ses-2_task-renewal_fearROIs_bin_BN.csv
PTSD,FC114,2,renewal,113,114,24,4,sub-FC114_ses-2_task-renewal_fearROIs_bin_SN.csv,sub-FC114_ses-2_task-renewal_fearROIs_bin_BN.csv
PTSD,FC114,2,renewal,114,115,20,3,sub-FC114_ses-2_task-renewal_fearROIs_bin_SN.csv,sub-FC114_ses-2_task-renewal_fearROIs_bin_BN.csv
PTSD,FC114,2,renewal,115,116,20,3,sub-FC114_ses-2_task-renewal_fearROIs_bin_SN.csv,sub-FC114_ses-2_task-renewal_fearROIs_bin_BN.csv
PTSD,FC114,2,renewal,116,117,20,3,sub-FC114_ses-2_task-renewal_fearROIs_bin_SN.csv,sub-FC114_ses-2_task-renewal_fearROIs_bin_BN.csv
PTSD,FC114,2,renewal,117,118,9,1,sub-FC114_ses-2_task-renewal_fearROIs_bin_SN.csv,sub-FC114_ses-2_task-renewal_fearROIs_bin_BN.csv
PTSD,FC114,2,renewal,118,119,1,1,sub-FC114_ses-2_task-renewal_fearROIs_bin_SN.csv,sub-FC114_ses-2_task-renewal_fearROIs_bin_BN.csv
PTSD,FC114,2,renewal,119,120,24,4,sub-FC114_ses-2_task-renewal_fearROIs_bin_SN.csv,sub-FC114_ses-2_task-renewal_fearROIs_bin_BN.csv
PTSD,FC114,2,renewal,120,121,4,3,sub-FC114_ses-2_task-renewal_fearROIs_bin_SN.csv,sub-FC114_ses-2_task-renewal_fearROIs_bin_BN.csv
PTSD,FC114,2,renewal,121,122,12,3,sub-FC114_ses-2_task-renewal_fearROIs_bin_SN.csv,sub-FC114_ses-2_task-renewal_fearROIs_bin_BN.csv
PTSD,FC114,2,renewal,122,123,1,1,sub-FC114_ses-2_task-renewal_fearROIs_bin_SN.csv,sub-FC114_ses-2_task-renewal_fearROIs_bin_BN.csv
PTSD,FC114,2,renewal,123,124,19,3,sub-FC114_ses-2_task-renewal_fearROIs_bin_SN.csv,sub-FC114_ses-2_task-renewal_fearROIs_bin_BN.csv
PTSD,FC114,2,renewal,124,125,4,3,sub-FC114_ses-2_task-renewal_fearROIs_bin_SN.csv,sub-FC114_ses-2_task-renewal_fearROIs_bin_BN.csv
PTSD,FC114,2,renewal,125,126,2,1,sub-FC114_ses-2_task-renewal_fearROIs_bin_SN.csv,sub-FC114_ses-2_task-renewal_fearROIs_bin_BN.csv
PTSD,FC114,2,renewal,126,127,1,1,sub-FC114_ses-2_task-renewal_fearROIs_bin_SN.csv,sub-FC114_ses-2_task-renewal_fearROIs_bin_BN.csv
PTSD,FC114,2,renewal,127,128,25,1,sub-FC114_ses-2_task-renewal_fearROIs_bin_SN.csv,sub-FC114_ses-2_task-renewal_fearROIs_bin_BN.csv
PTSD,FC114,2,renewal,128,129,32,4,sub-FC114_ses-2_task-renewal_fearROIs_bin_SN.csv,sub-FC114_ses-2_task-renewal_fearROIs_bin_BN.csv
PTSD,FC114,2,renewal,129,130,29,2,sub-FC114_ses-2_task-renewal_fearROIs_bin_SN.csv,sub-FC114_ses-2_task-renewal_fearROIs_bin_BN.csv
PTSD,FC115,2,renewal,0,1,31,4,sub-FC115_ses-2_task-renewal_fearROIs_bin_SN.csv,sub-FC115_ses-2_task-renewal_fearROIs_bin_BN.csv
PTSD,FC115,2,renewal,1,2,31,4,sub-FC115_ses-2_task-renewal_fearROIs_bin_SN.csv,sub-FC115_ses-2_task-renewal_fearROIs_bin_BN.csv
PTSD,FC115,2,renewal,2,3,32,4,sub-FC115_ses-2_task-renewal_fearROIs_bin_SN.csv,sub-FC115_ses-2_task-renewal_fearROIs_bin_BN.csv
PTSD,FC115,2,renewal,3,4,12,3,sub-FC115_ses-2_task-renewal_fearROIs_bin_SN.csv,sub-FC115_ses-2_task-renewal_fearROIs_bin_BN.csv
PTSD,FC115,2,renewal,4,5,1,1,sub-FC115_ses-2_task-renewal_fearROIs_bin_SN.csv,sub-FC115_ses-2_task-renewal_fearROIs_bin_BN.csv
PTSD,FC115,2,renewal,5,6,1,1,sub-FC115_ses-2_task-renewal_fearROIs_bin_SN.csv,sub-FC115_ses-2_task-renewal_fearROIs_bin_BN.csv
PTSD,FC115,2,renewal,6,7,6,1,sub-FC115_ses-2_task-renewal_fearROIs_bin_SN.csv,sub-FC115_ses-2_task-renewal_fearROIs_bin_BN.csv
PTSD,FC115,2,renewal,7,8,16,4,sub-FC115_ses-2_task-renewal_fearROIs_bin_SN.csv,sub-FC115_ses-2_task-renewal_fearROIs_bin_BN.csv
PTSD,FC115,2,renewal,8,9,13,2,sub-FC115_ses-2_task-renewal_fearROIs_bin_SN.csv,sub-FC115_ses-2_task-renewal_fearROIs_bin_BN.csv
PTSD,FC115,2,renewal,9,10,17,1,sub-FC115_ses-2_task-renewal_fearROIs_bin_SN.csv,sub-FC115_ses-2_task-renewal_fearROIs_bin_BN.csv
PTSD,FC115,2,renewal,10,11,17,1,sub-FC115_ses-2_task-renewal_fearROIs_bin_SN.csv,sub-FC115_ses-2_task-renewal_fearROIs_bin_BN.csv
PTSD,FC115,2,renewal,11,12,8,3,sub-FC115_ses-2_task-renewal_fearROIs_bin_SN.csv,sub-FC115_ses-2_task-renewal_fearROIs_bin_BN.csv
PTSD,FC115,2,renewal,12,13,20,3,sub-FC115_ses-2_task-renewal_fearROIs_bin_SN.csv,sub-FC115_ses-2_task-renewal_fearROIs_bin_BN.csv
PTSD,FC115,2,renewal,13,14,17,1,sub-FC115_ses-2_task-renewal_fearROIs_bin_SN.csv,sub-FC115_ses-2_task-renewal_fearROIs_bin_BN.csv
PTSD,FC115,2,renewal,14,15,14,2,sub-FC115_ses-2_task-renewal_fearROIs_bin_SN.csv,sub-FC115_ses-2_task-renewal_fearROIs_bin_BN.csv
PTSD,FC115,2,renewal,15,16,16,4,sub-FC115_ses-2_task-renewal_fearROIs_bin_SN.csv,sub-FC115_ses-2_task-renewal_fearROIs_bin_BN.csv
PTSD,FC115,2,renewal,16,17,19,3,sub-FC115_ses-2_task-renewal_fearROIs_bin_SN.csv,sub-FC115_ses-2_task-renewal_fearROIs_bin_BN.csv
PTSD,FC115,2,renewal,17,18,19,3,sub-FC115_ses-2_task-renewal_fearROIs_bin_SN.csv,sub-FC115_ses-2_task-renewal_fearROIs_bin_BN.csv
PTSD,FC115,2,renewal,18,19,32,4,sub-FC115_ses-2_task-renewal_fearROIs_bin_SN.csv,sub-FC115_ses-2_task-renewal_fearROIs_bin_BN.csv
PTSD,FC115,2,renewal,19,20,4,3,sub-FC115_ses-2_task-renewal_fearROIs_bin_SN.csv,sub-FC115_ses-2_task-renewal_fearROIs_bin_BN.csv
PTSD,FC115,2,renewal,20,21,17,1,sub-FC115_ses-2_task-renewal_fearROIs_bin_SN.csv,sub-FC115_ses-2_task-renewal_fearROIs_bin_BN.csv
PTSD,FC115,2,renewal,21,22,29,2,sub-FC115_ses-2_task-renewal_fearROIs_bin_SN.csv,sub-FC115_ses-2_task-renewal_fearROIs_bin_BN.csv
PTSD,FC115,2,renewal,22,23,32,4,sub-FC115_ses-2_task-renewal_fearROIs_bin_SN.csv,sub-FC115_ses-2_task-renewal_fearROIs_bin_BN.csv
PTSD,FC115,2,renewal,23,24,25,1,sub-FC115_ses-2_task-renewal_fearROIs_bin_SN.csv,sub-FC115_ses-2_task-renewal_fearROIs_bin_BN.csv
PTSD,FC115,2,renewal,24,25,10,1,sub-FC115_ses-2_task-renewal_fearROIs_bin_SN.csv,sub-FC115_ses-2_task-renewal_fearROIs_bin_BN.csv
PTSD,FC115,2,renewal,25,26,16,4,sub-FC115_ses-2_task-renewal_fearROIs_bin_SN.csv,sub-FC115_ses-2_task-renewal_fearROIs_bin_BN.csv
PTSD,FC115,2,renewal,26,27,31,4,sub-FC115_ses-2_task-renewal_fearROIs_bin_SN.csv,sub-FC115_ses-2_task-renewal_fearROIs_bin_BN.csv
PTSD,FC115,2,renewal,27,28,20,3,sub-FC115_ses-2_task-renewal_fearROIs_bin_SN.csv,sub-FC115_ses-2_task-renewal_fearROIs_bin_BN.csv
PTSD,FC115,2,renewal,28,29,4,3,sub-FC115_ses-2_task-renewal_fearROIs_bin_SN.csv,sub-FC115_ses-2_task-renewal_fearROIs_bin_BN.csv
PTSD,FC115,2,renewal,29,30,17,1,sub-FC115_ses-2_task-renewal_fearROIs_bin_SN.csv,sub-FC115_ses-2_task-renewal_fearROIs_bin_BN.csv
PTSD,FC115,2,renewal,30,31,1,1,sub-FC115_ses-2_task-renewal_fearROIs_bin_SN.csv,sub-FC115_ses-2_task-renewal_fearROIs_bin_BN.csv
PTSD,FC115,2,renewal,31,32,32,4,sub-FC115_ses-2_task-renewal_fearROIs_bin_SN.csv,sub-FC115_ses-2_task-renewal_fearROIs_bin_BN.csv
PTSD,FC115,2,renewal,32,33,29,2,sub-FC115_ses-2_task-renewal_fearROIs_bin_SN.csv,sub-FC115_ses-2_task-renewal_fearROIs_bin_BN.csv
PTSD,FC115,2,renewal,33,34,16,4,sub-FC115_ses-2_task-renewal_fearROIs_bin_SN.csv,sub-FC115_ses-2_task-renewal_fearROIs_bin_BN.csv
PTSD,FC115,2,renewal,34,35,21,1,sub-FC115_ses-2_task-renewal_fearROIs_bin_SN.csv,sub-FC115_ses-2_task-renewal_fearROIs_bin_BN.csv
PTSD,FC115,2,renewal,35,36,14,2,sub-FC115_ses-2_task-renewal_fearROIs_bin_SN.csv,sub-FC115_ses-2_task-renewal_fearROIs_bin_BN.csv
PTSD,FC115,2,renewal,36,37,32,4,sub-FC115_ses-2_task-renewal_fearROIs_bin_SN.csv,sub-FC115_ses-2_task-renewal_fearROIs_bin_BN.csv
PTSD,FC115,2,renewal,37,38,13,2,sub-FC115_ses-2_task-renewal_fearROIs_bin_SN.csv,sub-FC115_ses-2_task-renewal_fearROIs_bin_BN.csv
PTSD,FC115,2,renewal,38,39,16,4,sub-FC115_ses-2_task-renewal_fearROIs_bin_SN.csv,sub-FC115_ses-2_task-renewal_fearROIs_bin_BN.csv
PTSD,FC115,2,renewal,39,40,21,1,sub-FC115_ses-2_task-renewal_fearROIs_bin_SN.csv,sub-FC115_ses-2_task-renewal_fearROIs_bin_BN.csv
PTSD,FC115,2,renewal,40,41,5,1,sub-FC115_ses-2_task-renewal_fearROIs_bin_SN.csv,sub-FC115_ses-2_task-renewal_fearROIs_bin_BN.csv
PTSD,FC115,2,renewal,41,42,1,1,sub-FC115_ses-2_task-renewal_fearROIs_bin_SN.csv,sub-FC115_ses-2_task-renewal_fearROIs_bin_BN.csv
PTSD,FC115,2,renewal,42,43,17,1,sub-FC115_ses-2_task-renewal_fearROIs_bin_SN.csv,sub-FC115_ses-2_task-renewal_fearROIs_bin_BN.csv
PTSD,FC115,2,renewal,43,44,16,4,sub-FC115_ses-2_task-renewal_fearROIs_bin_SN.csv,sub-FC115_ses-2_task-renewal_fearROIs_bin_BN.csv
PTSD,FC115,2,renewal,44,45,21,1,sub-FC115_ses-2_task-renewal_fearROIs_bin_SN.csv,sub-FC115_ses-2_task-renewal_fearROIs_bin_BN.csv
PTSD,FC115,2,renewal,45,46,10,1,sub-FC115_ses-2_task-renewal_fearROIs_bin_SN.csv,sub-FC115_ses-2_task-renewal_fearROIs_bin_BN.csv
PTSD,FC115,2,renewal,46,47,25,1,sub-FC115_ses-2_task-renewal_fearROIs_bin_SN.csv,sub-FC115_ses-2_task-renewal_fearROIs_bin_BN.csv
PTSD,FC115,2,renewal,47,48,6,1,sub-FC115_ses-2_task-renewal_fearROIs_bin_SN.csv,sub-FC115_ses-2_task-renewal_fearROIs_bin_BN.csv
PTSD,FC115,2,renewal,48,49,16,4,sub-FC115_ses-2_task-renewal_fearROIs_bin_SN.csv,sub-FC115_ses-2_task-renewal_fearROIs_bin_BN.csv
PTSD,FC115,2,renewal,49,50,2,1,sub-FC115_ses-2_task-renewal_fearROIs_bin_SN.csv,sub-FC115_ses-2_task-renewal_fearROIs_bin_BN.csv
PTSD,FC115,2,renewal,50,51,4,3,sub-FC115_ses-2_task-renewal_fearROIs_bin_SN.csv,sub-FC115_ses-2_task-renewal_fearROIs_bin_BN.csv
PTSD,FC115,2,renewal,51,52,19,3,sub-FC115_ses-2_task-renewal_fearROIs_bin_SN.csv,sub-FC115_ses-2_task-renewal_fearROIs_bin_BN.csv
PTSD,FC115,2,renewal,52,53,14,2,sub-FC115_ses-2_task-renewal_fearROIs_bin_SN.csv,sub-FC115_ses-2_task-renewal_fearROIs_bin_BN.csv
PTSD,FC115,2,renewal,53,54,17,1,sub-FC115_ses-2_task-renewal_fearROIs_bin_SN.csv,sub-FC115_ses-2_task-renewal_fearROIs_bin_BN.csv
PTSD,FC115,2,renewal,54,55,2,1,sub-FC115_ses-2_task-renewal_fearROIs_bin_SN.csv,sub-FC115_ses-2_task-renewal_fearROIs_bin_BN.csv
PTSD,FC115,2,renewal,55,56,19,3,sub-FC115_ses-2_task-renewal_fearROIs_bin_SN.csv,sub-FC115_ses-2_task-renewal_fearROIs_bin_BN.csv
PTSD,FC115,2,renewal,56,57,27,4,sub-FC115_ses-2_task-renewal_fearROIs_bin_SN.csv,sub-FC115_ses-2_task-renewal_fearROIs_bin_BN.csv
PTSD,FC115,2,renewal,57,58,27,4,sub-FC115_ses-2_task-renewal_fearROIs_bin_SN.csv,sub-FC115_ses-2_task-renewal_fearROIs_bin_BN.csv
PTSD,FC115,2,renewal,58,59,20,3,sub-FC115_ses-2_task-renewal_fearROIs_bin_SN.csv,sub-FC115_ses-2_task-renewal_fearROIs_bin_BN.csv
PTSD,FC115,2,renewal,59,60,20,3,sub-FC115_ses-2_task-renewal_fearROIs_bin_SN.csv,sub-FC115_ses-2_task-renewal_fearROIs_bin_BN.csv
PTSD,FC115,2,renewal,60,61,20,3,sub-FC115_ses-2_task-renewal_fearROIs_bin_SN.csv,sub-FC115_ses-2_task-renewal_fearROIs_bin_BN.csv
PTSD,FC115,2,renewal,61,62,20,3,sub-FC115_ses-2_task-renewal_fearROIs_bin_SN.csv,sub-FC115_ses-2_task-renewal_fearROIs_bin_BN.csv
PTSD,FC115,2,renewal,62,63,31,4,sub-FC115_ses-2_task-renewal_fearROIs_bin_SN.csv,sub-FC115_ses-2_task-renewal_fearROIs_bin_BN.csv
PTSD,FC115,2,renewal,63,64,24,4,sub-FC115_ses-2_task-renewal_fearROIs_bin_SN.csv,sub-FC115_ses-2_task-renewal_fearROIs_bin_BN.csv
PTSD,FC115,2,renewal,64,65,1,1,sub-FC115_ses-2_task-renewal_fearROIs_bin_SN.csv,sub-FC115_ses-2_task-renewal_fearROIs_bin_BN.csv
PTSD,FC115,2,renewal,65,66,6,1,sub-FC115_ses-2_task-renewal_fearROIs_bin_SN.csv,sub-FC115_ses-2_task-renewal_fearROIs_bin_BN.csv
PTSD,FC115,2,renewal,66,67,14,2,sub-FC115_ses-2_task-renewal_fearROIs_bin_SN.csv,sub-FC115_ses-2_task-renewal_fearROIs_bin_BN.csv
PTSD,FC115,2,renewal,67,68,16,4,sub-FC115_ses-2_task-renewal_fearROIs_bin_SN.csv,sub-FC115_ses-2_task-renewal_fearROIs_bin_BN.csv
PTSD,FC115,2,renewal,68,69,15,2,sub-FC115_ses-2_task-renewal_fearROIs_bin_SN.csv,sub-FC115_ses-2_task-renewal_fearROIs_bin_BN.csv
PTSD,FC115,2,renewal,69,70,16,4,sub-FC115_ses-2_task-renewal_fearROIs_bin_SN.csv,sub-FC115_ses-2_task-renewal_fearROIs_bin_BN.csv
PTSD,FC115,2,renewal,70,71,25,1,sub-FC115_ses-2_task-renewal_fearROIs_bin_SN.csv,sub-FC115_ses-2_task-renewal_fearROIs_bin_BN.csv
PTSD,FC115,2,renewal,71,72,14,2,sub-FC115_ses-2_task-renewal_fearROIs_bin_SN.csv,sub-FC115_ses-2_task-renewal_fearROIs_bin_BN.csv
PTSD,FC115,2,renewal,72,73,9,1,sub-FC115_ses-2_task-renewal_fearROIs_bin_SN.csv,sub-FC115_ses-2_task-renewal_fearROIs_bin_BN.csv
PTSD,FC115,2,renewal,73,74,1,1,sub-FC115_ses-2_task-renewal_fearROIs_bin_SN.csv,sub-FC115_ses-2_task-renewal_fearROIs_bin_BN.csv
PTSD,FC115,2,renewal,74,75,9,1,sub-FC115_ses-2_task-renewal_fearROIs_bin_SN.csv,sub-FC115_ses-2_task-renewal_fearROIs_bin_BN.csv
PTSD,FC115,2,renewal,75,76,32,4,sub-FC115_ses-2_task-renewal_fearROIs_bin_SN.csv,sub-FC115_ses-2_task-renewal_fearROIs_bin_BN.csv
PTSD,FC115,2,renewal,76,77,28,4,sub-FC115_ses-2_task-renewal_fearROIs_bin_SN.csv,sub-FC115_ses-2_task-renewal_fearROIs_bin_BN.csv
PTSD,FC115,2,renewal,77,78,16,4,sub-FC115_ses-2_task-renewal_fearROIs_bin_SN.csv,sub-FC115_ses-2_task-renewal_fearROIs_bin_BN.csv
PTSD,FC115,2,renewal,78,79,17,1,sub-FC115_ses-2_task-renewal_fearROIs_bin_SN.csv,sub-FC115_ses-2_task-renewal_fearROIs_bin_BN.csv
PTSD,FC115,2,renewal,79,80,29,2,sub-FC115_ses-2_task-renewal_fearROIs_bin_SN.csv,sub-FC115_ses-2_task-renewal_fearROIs_bin_BN.csv
PTSD,FC115,2,renewal,80,81,23,4,sub-FC115_ses-2_task-renewal_fearROIs_bin_SN.csv,sub-FC115_ses-2_task-renewal_fearROIs_bin_BN.csv
PTSD,FC115,2,renewal,81,82,2,1,sub-FC115_ses-2_task-renewal_fearROIs_bin_SN.csv,sub-FC115_ses-2_task-renewal_fearROIs_bin_BN.csv
PTSD,FC115,2,renewal,82,83,23,4,sub-FC115_ses-2_task-renewal_fearROIs_bin_SN.csv,sub-FC115_ses-2_task-renewal_fearROIs_bin_BN.csv
PTSD,FC115,2,renewal,83,84,24,4,sub-FC115_ses-2_task-renewal_fearROIs_bin_SN.csv,sub-FC115_ses-2_task-renewal_fearROIs_bin_BN.csv
PTSD,FC115,2,renewal,84,85,14,2,sub-FC115_ses-2_task-renewal_fearROIs_bin_SN.csv,sub-FC115_ses-2_task-renewal_fearROIs_bin_BN.csv
PTSD,FC115,2,renewal,85,86,30,4,sub-FC115_ses-2_task-renewal_fearROIs_bin_SN.csv,sub-FC115_ses-2_task-renewal_fearROIs_bin_BN.csv
PTSD,FC115,2,renewal,86,87,13,2,sub-FC115_ses-2_task-renewal_fearROIs_bin_SN.csv,sub-FC115_ses-2_task-renewal_fearROIs_bin_BN.csv
PTSD,FC115,2,renewal,87,88,5,1,sub-FC115_ses-2_task-renewal_fearROIs_bin_SN.csv,sub-FC115_ses-2_task-renewal_fearROIs_bin_BN.csv
PTSD,FC115,2,renewal,88,89,1,1,sub-FC115_ses-2_task-renewal_fearROIs_bin_SN.csv,sub-FC115_ses-2_task-renewal_fearROIs_bin_BN.csv
PTSD,FC115,2,renewal,89,90,4,3,sub-FC115_ses-2_task-renewal_fearROIs_bin_SN.csv,sub-FC115_ses-2_task-renewal_fearROIs_bin_BN.csv
PTSD,FC115,2,renewal,90,91,19,3,sub-FC115_ses-2_task-renewal_fearROIs_bin_SN.csv,sub-FC115_ses-2_task-renewal_fearROIs_bin_BN.csv
PTSD,FC115,2,renewal,91,92,16,4,sub-FC115_ses-2_task-renewal_fearROIs_bin_SN.csv,sub-FC115_ses-2_task-renewal_fearROIs_bin_BN.csv
PTSD,FC115,2,renewal,92,93,25,1,sub-FC115_ses-2_task-renewal_fearROIs_bin_SN.csv,sub-FC115_ses-2_task-renewal_fearROIs_bin_BN.csv
PTSD,FC115,2,renewal,93,94,10,1,sub-FC115_ses-2_task-renewal_fearROIs_bin_SN.csv,sub-FC115_ses-2_task-renewal_fearROIs_bin_BN.csv
PTSD,FC115,2,renewal,94,95,27,4,sub-FC115_ses-2_task-renewal_fearROIs_bin_SN.csv,sub-FC115_ses-2_task-renewal_fearROIs_bin_BN.csv
PTSD,FC115,2,renewal,95,96,5,1,sub-FC115_ses-2_task-renewal_fearROIs_bin_SN.csv,sub-FC115_ses-2_task-renewal_fearROIs_bin_BN.csv
PTSD,FC115,2,renewal,96,97,14,2,sub-FC115_ses-2_task-renewal_fearROIs_bin_SN.csv,sub-FC115_ses-2_task-renewal_fearROIs_bin_BN.csv
PTSD,FC115,2,renewal,97,98,25,1,sub-FC115_ses-2_task-renewal_fearROIs_bin_SN.csv,sub-FC115_ses-2_task-renewal_fearROIs_bin_BN.csv
PTSD,FC115,2,renewal,98,99,16,4,sub-FC115_ses-2_task-renewal_fearROIs_bin_SN.csv,sub-FC115_ses-2_task-renewal_fearROIs_bin_BN.csv
PTSD,FC115,2,renewal,99,100,21,1,sub-FC115_ses-2_task-renewal_fearROIs_bin_SN.csv,sub-FC115_ses-2_task-renewal_fearROIs_bin_BN.csv
PTSD,FC115,2,renewal,100,101,16,4,sub-FC115_ses-2_task-renewal_fearROIs_bin_SN.csv,sub-FC115_ses-2_task-renewal_fearROIs_bin_BN.csv
PTSD,FC115,2,renewal,101,102,19,3,sub-FC115_ses-2_task-renewal_fearROIs_bin_SN.csv,sub-FC115_ses-2_task-renewal_fearROIs_bin_BN.csv
PTSD,FC115,2,renewal,102,103,18,3,sub-FC115_ses-2_task-renewal_fearROIs_bin_SN.csv,sub-FC115_ses-2_task-renewal_fearROIs_bin_BN.csv
PTSD,FC115,2,renewal,103,104,17,1,sub-FC115_ses-2_task-renewal_fearROIs_bin_SN.csv,sub-FC115_ses-2_task-renewal_fearROIs_bin_BN.csv
PTSD,FC115,2,renewal,104,105,18,3,sub-FC115_ses-2_task-renewal_fearROIs_bin_SN.csv,sub-FC115_ses-2_task-renewal_fearROIs_bin_BN.csv
PTSD,FC115,2,renewal,105,106,31,4,sub-FC115_ses-2_task-renewal_fearROIs_bin_SN.csv,sub-FC115_ses-2_task-renewal_fearROIs_bin_BN.csv
PTSD,FC115,2,renewal,106,107,4,3,sub-FC115_ses-2_task-renewal_fearROIs_bin_SN.csv,sub-FC115_ses-2_task-renewal_fearROIs_bin_BN.csv
PTSD,FC115,2,renewal,107,108,8,3,sub-FC115_ses-2_task-renewal_fearROIs_bin_SN.csv,sub-FC115_ses-2_task-renewal_fearROIs_bin_BN.csv
PTSD,FC115,2,renewal,108,109,13,2,sub-FC115_ses-2_task-renewal_fearROIs_bin_SN.csv,sub-FC115_ses-2_task-renewal_fearROIs_bin_BN.csv
PTSD,FC115,2,renewal,109,110,15,2,sub-FC115_ses-2_task-renewal_fearROIs_bin_SN.csv,sub-FC115_ses-2_task-renewal_fearROIs_bin_BN.csv
PTSD,FC115,2,renewal,110,111,27,4,sub-FC115_ses-2_task-renewal_fearROIs_bin_SN.csv,sub-FC115_ses-2_task-renewal_fearROIs_bin_BN.csv
PTSD,FC115,2,renewal,111,112,18,3,sub-FC115_ses-2_task-renewal_fearROIs_bin_SN.csv,sub-FC115_ses-2_task-renewal_fearROIs_bin_BN.csv
PTSD,FC115,2,renewal,112,113,19,3,sub-FC115_ses-2_task-renewal_fearROIs_bin_SN.csv,sub-FC115_ses-2_task-renewal_fearROIs_bin_BN.csv
PTSD,FC115,2,renewal,113,114,10,1,sub-FC115_ses-2_task-renewal_fearROIs_bin_SN.csv,sub-FC115_ses-2_task-renewal_fearROIs_bin_BN.csv
PTSD,FC115,2,renewal,114,115,6,1,sub-FC115_ses-2_task-renewal_fearROIs_bin_SN.csv,sub-FC115_ses-2_task-renewal_fearROIs_bin_BN.csv
PTSD,FC115,2,renewal,115,116,7,1,sub-FC115_ses-2_task-renewal_fearROIs_bin_SN.csv,sub-FC115_ses-2_task-renewal_fearROIs_bin_BN.csv
PTSD,FC115,2,renewal,116,117,12,3,sub-FC115_ses-2_task-renewal_fearROIs_bin_SN.csv,sub-FC115_ses-2_task-renewal_fearROIs_bin_BN.csv
PTSD,FC115,2,renewal,117,118,4,3,sub-FC115_ses-2_task-renewal_fearROIs_bin_SN.csv,sub-FC115_ses-2_task-renewal_fearROIs_bin_BN.csv
PTSD,FC115,2,renewal,118,119,1,1,sub-FC115_ses-2_task-renewal_fearROIs_bin_SN.csv,sub-FC115_ses-2_task-renewal_fearROIs_bin_BN.csv
PTSD,FC115,2,renewal,119,120,20,3,sub-FC115_ses-2_task-renewal_fearROIs_bin_SN.csv,sub-FC115_ses-2_task-renewal_fearROIs_bin_BN.csv
PTSD,FC115,2,renewal,120,121,31,4,sub-FC115_ses-2_task-renewal_fearROIs_bin_SN.csv,sub-FC115_ses-2_task-renewal_fearROIs_bin_BN.csv
PTSD,FC115,2,renewal,121,122,29,2,sub-FC115_ses-2_task-renewal_fearROIs_bin_SN.csv,sub-FC115_ses-2_task-renewal_fearROIs_bin_BN.csv
PTSD,FC116,2,renewal,0,1,1,1,sub-FC116_ses-2_task-renewal_fearROIs_bin_SN.csv,sub-FC116_ses-2_task-renewal_fearROIs_bin_BN.csv
PTSD,FC116,2,renewal,1,2,1,1,sub-FC116_ses-2_task-renewal_fearROIs_bin_SN.csv,sub-FC116_ses-2_task-renewal_fearROIs_bin_BN.csv
PTSD,FC116,2,renewal,2,3,4,3,sub-FC116_ses-2_task-renewal_fearROIs_bin_SN.csv,sub-FC116_ses-2_task-renewal_fearROIs_bin_BN.csv
PTSD,FC116,2,renewal,3,4,2,1,sub-FC116_ses-2_task-renewal_fearROIs_bin_SN.csv,sub-FC116_ses-2_task-renewal_fearROIs_bin_BN.csv
PTSD,FC116,2,renewal,4,5,2,1,sub-FC116_ses-2_task-renewal_fearROIs_bin_SN.csv,sub-FC116_ses-2_task-renewal_fearROIs_bin_BN.csv
PTSD,FC116,2,renewal,5,6,16,4,sub-FC116_ses-2_task-renewal_fearROIs_bin_SN.csv,sub-FC116_ses-2_task-renewal_fearROIs_bin_BN.csv
PTSD,FC116,2,renewal,6,7,10,1,sub-FC116_ses-2_task-renewal_fearROIs_bin_SN.csv,sub-FC116_ses-2_task-renewal_fearROIs_bin_BN.csv
PTSD,FC116,2,renewal,7,8,32,4,sub-FC116_ses-2_task-renewal_fearROIs_bin_SN.csv,sub-FC116_ses-2_task-renewal_fearROIs_bin_BN.csv
PTSD,FC116,2,renewal,8,9,32,4,sub-FC116_ses-2_task-renewal_fearROIs_bin_SN.csv,sub-FC116_ses-2_task-renewal_fearROIs_bin_BN.csv
PTSD,FC116,2,renewal,9,10,17,1,sub-FC116_ses-2_task-renewal_fearROIs_bin_SN.csv,sub-FC116_ses-2_task-renewal_fearROIs_bin_BN.csv
PTSD,FC116,2,renewal,10,11,19,3,sub-FC116_ses-2_task-renewal_fearROIs_bin_SN.csv,sub-FC116_ses-2_task-renewal_fearROIs_bin_BN.csv
PTSD,FC116,2,renewal,11,12,14,2,sub-FC116_ses-2_task-renewal_fearROIs_bin_SN.csv,sub-FC116_ses-2_task-renewal_fearROIs_bin_BN.csv
PTSD,FC116,2,renewal,12,13,32,4,sub-FC116_ses-2_task-renewal_fearROIs_bin_SN.csv,sub-FC116_ses-2_task-renewal_fearROIs_bin_BN.csv
PTSD,FC116,2,renewal,13,14,32,4,sub-FC116_ses-2_task-renewal_fearROIs_bin_SN.csv,sub-FC116_ses-2_task-renewal_fearROIs_bin_BN.csv
PTSD,FC116,2,renewal,14,15,31,4,sub-FC116_ses-2_task-renewal_fearROIs_bin_SN.csv,sub-FC116_ses-2_task-renewal_fearROIs_bin_BN.csv
PTSD,FC116,2,renewal,15,16,16,4,sub-FC116_ses-2_task-renewal_fearROIs_bin_SN.csv,sub-FC116_ses-2_task-renewal_fearROIs_bin_BN.csv
PTSD,FC116,2,renewal,16,17,1,1,sub-FC116_ses-2_task-renewal_fearROIs_bin_SN.csv,sub-FC116_ses-2_task-renewal_fearROIs_bin_BN.csv
PTSD,FC116,2,renewal,17,18,13,2,sub-FC116_ses-2_task-renewal_fearROIs_bin_SN.csv,sub-FC116_ses-2_task-renewal_fearROIs_bin_BN.csv
PTSD,FC116,2,renewal,18,19,32,4,sub-FC116_ses-2_task-renewal_fearROIs_bin_SN.csv,sub-FC116_ses-2_task-renewal_fearROIs_bin_BN.csv
PTSD,FC116,2,renewal,19,20,29,2,sub-FC116_ses-2_task-renewal_fearROIs_bin_SN.csv,sub-FC116_ses-2_task-renewal_fearROIs_bin_BN.csv
PTSD,FC116,2,renewal,20,21,2,1,sub-FC116_ses-2_task-renewal_fearROIs_bin_SN.csv,sub-FC116_ses-2_task-renewal_fearROIs_bin_BN.csv
PTSD,FC116,2,renewal,21,22,29,2,sub-FC116_ses-2_task-renewal_fearROIs_bin_SN.csv,sub-FC116_ses-2_task-renewal_fearROIs_bin_BN.csv
PTSD,FC116,2,renewal,22,23,19,3,sub-FC116_ses-2_task-renewal_fearROIs_bin_SN.csv,sub-FC116_ses-2_task-renewal_fearROIs_bin_BN.csv
PTSD,FC116,2,renewal,23,24,19,3,sub-FC116_ses-2_task-renewal_fearROIs_bin_SN.csv,sub-FC116_ses-2_task-renewal_fearROIs_bin_BN.csv
PTSD,FC116,2,renewal,24,25,29,2,sub-FC116_ses-2_task-renewal_fearROIs_bin_SN.csv,sub-FC116_ses-2_task-renewal_fearROIs_bin_BN.csv
PTSD,FC116,2,renewal,25,26,10,1,sub-FC116_ses-2_task-renewal_fearROIs_bin_SN.csv,sub-FC116_ses-2_task-renewal_fearROIs_bin_BN.csv
PTSD,FC116,2,renewal,26,27,5,1,sub-FC116_ses-2_task-renewal_fearROIs_bin_SN.csv,sub-FC116_ses-2_task-renewal_fearROIs_bin_BN.csv
PTSD,FC116,2,renewal,27,28,2,1,sub-FC116_ses-2_task-renewal_fearROIs_bin_SN.csv,sub-FC116_ses-2_task-renewal_fearROIs_bin_BN.csv
PTSD,FC116,2,renewal,28,29,32,4,sub-FC116_ses-2_task-renewal_fearROIs_bin_SN.csv,sub-FC116_ses-2_task-renewal_fearROIs_bin_BN.csv
PTSD,FC116,2,renewal,29,30,32,4,sub-FC116_ses-2_task-renewal_fearROIs_bin_SN.csv,sub-FC116_ses-2_task-renewal_fearROIs_bin_BN.csv
PTSD,FC116,2,renewal,30,31,31,4,sub-FC116_ses-2_task-renewal_fearROIs_bin_SN.csv,sub-FC116_ses-2_task-renewal_fearROIs_bin_BN.csv
PTSD,FC116,2,renewal,31,32,1,1,sub-FC116_ses-2_task-renewal_fearROIs_bin_SN.csv,sub-FC116_ses-2_task-renewal_fearROIs_bin_BN.csv
PTSD,FC116,2,renewal,32,33,1,1,sub-FC116_ses-2_task-renewal_fearROIs_bin_SN.csv,sub-FC116_ses-2_task-renewal_fearROIs_bin_BN.csv
PTSD,FC116,2,renewal,33,34,16,4,sub-FC116_ses-2_task-renewal_fearROIs_bin_SN.csv,sub-FC116_ses-2_task-renewal_fearROIs_bin_BN.csv
PTSD,FC116,2,renewal,34,35,1,1,sub-FC116_ses-2_task-renewal_fearROIs_bin_SN.csv,sub-FC116_ses-2_task-renewal_fearROIs_bin_BN.csv
PTSD,FC116,2,renewal,35,36,2,1,sub-FC116_ses-2_task-renewal_fearROIs_bin_SN.csv,sub-FC116_ses-2_task-renewal_fearROIs_bin_BN.csv
PTSD,FC116,2,renewal,36,37,10,1,sub-FC116_ses-2_task-renewal_fearROIs_bin_SN.csv,sub-FC116_ses-2_task-renewal_fearROIs_bin_BN.csv
PTSD,FC116,2,renewal,37,38,31,4,sub-FC116_ses-2_task-renewal_fearROIs_bin_SN.csv,sub-FC116_ses-2_task-renewal_fearROIs_bin_BN.csv
PTSD,FC116,2,renewal,38,39,32,4,sub-FC116_ses-2_task-renewal_fearROIs_bin_SN.csv,sub-FC116_ses-2_task-renewal_fearROIs_bin_BN.csv
PTSD,FC116,2,renewal,39,40,31,4,sub-FC116_ses-2_task-renewal_fearROIs_bin_SN.csv,sub-FC116_ses-2_task-renewal_fearROIs_bin_BN.csv
PTSD,FC116,2,renewal,40,41,17,1,sub-FC116_ses-2_task-renewal_fearROIs_bin_SN.csv,sub-FC116_ses-2_task-renewal_fearROIs_bin_BN.csv
PTSD,FC116,2,renewal,41,42,1,1,sub-FC116_ses-2_task-renewal_fearROIs_bin_SN.csv,sub-FC116_ses-2_task-renewal_fearROIs_bin_BN.csv
PTSD,FC116,2,renewal,42,43,18,3,sub-FC116_ses-2_task-renewal_fearROIs_bin_SN.csv,sub-FC116_ses-2_task-renewal_fearROIs_bin_BN.csv
PTSD,FC116,2,renewal,43,44,32,4,sub-FC116_ses-2_task-renewal_fearROIs_bin_SN.csv,sub-FC116_ses-2_task-renewal_fearROIs_bin_BN.csv
PTSD,FC116,2,renewal,44,45,17,1,sub-FC116_ses-2_task-renewal_fearROIs_bin_SN.csv,sub-FC116_ses-2_task-renewal_fearROIs_bin_BN.csv
PTSD,FC116,2,renewal,45,46,1,1,sub-FC116_ses-2_task-renewal_fearROIs_bin_SN.csv,sub-FC116_ses-2_task-renewal_fearROIs_bin_BN.csv
PTSD,FC116,2,renewal,46,47,5,1,sub-FC116_ses-2_task-renewal_fearROIs_bin_SN.csv,sub-FC116_ses-2_task-renewal_fearROIs_bin_BN.csv
PTSD,FC116,2,renewal,47,48,16,4,sub-FC116_ses-2_task-renewal_fearROIs_bin_SN.csv,sub-FC116_ses-2_task-renewal_fearROIs_bin_BN.csv
PTSD,FC116,2,renewal,48,49,16,4,sub-FC116_ses-2_task-renewal_fearROIs_bin_SN.csv,sub-FC116_ses-2_task-renewal_fearROIs_bin_BN.csv
PTSD,FC116,2,renewal,49,50,10,1,sub-FC116_ses-2_task-renewal_fearROIs_bin_SN.csv,sub-FC116_ses-2_task-renewal_fearROIs_bin_BN.csv
PTSD,FC116,2,renewal,50,51,16,4,sub-FC116_ses-2_task-renewal_fearROIs_bin_SN.csv,sub-FC116_ses-2_task-renewal_fearROIs_bin_BN.csv
PTSD,FC116,2,renewal,51,52,17,1,sub-FC116_ses-2_task-renewal_fearROIs_bin_SN.csv,sub-FC116_ses-2_task-renewal_fearROIs_bin_BN.csv
PTSD,FC116,2,renewal,52,53,1,1,sub-FC116_ses-2_task-renewal_fearROIs_bin_SN.csv,sub-FC116_ses-2_task-renewal_fearROIs_bin_BN.csv
PTSD,FC116,2,renewal,53,54,20,3,sub-FC116_ses-2_task-renewal_fearROIs_bin_SN.csv,sub-FC116_ses-2_task-renewal_fearROIs_bin_BN.csv
PTSD,FC116,2,renewal,54,55,10,1,sub-FC116_ses-2_task-renewal_fearROIs_bin_SN.csv,sub-FC116_ses-2_task-renewal_fearROIs_bin_BN.csv
PTSD,FC116,2,renewal,55,56,5,1,sub-FC116_ses-2_task-renewal_fearROIs_bin_SN.csv,sub-FC116_ses-2_task-renewal_fearROIs_bin_BN.csv
PTSD,FC116,2,renewal,56,57,14,2,sub-FC116_ses-2_task-renewal_fearROIs_bin_SN.csv,sub-FC116_ses-2_task-renewal_fearROIs_bin_BN.csv
PTSD,FC116,2,renewal,57,58,13,2,sub-FC116_ses-2_task-renewal_fearROIs_bin_SN.csv,sub-FC116_ses-2_task-renewal_fearROIs_bin_BN.csv
PTSD,FC116,2,renewal,58,59,27,4,sub-FC116_ses-2_task-renewal_fearROIs_bin_SN.csv,sub-FC116_ses-2_task-renewal_fearROIs_bin_BN.csv
PTSD,FC116,2,renewal,59,60,20,3,sub-FC116_ses-2_task-renewal_fearROIs_bin_SN.csv,sub-FC116_ses-2_task-renewal_fearROIs_bin_BN.csv
PTSD,FC116,2,renewal,60,61,32,4,sub-FC116_ses-2_task-renewal_fearROIs_bin_SN.csv,sub-FC116_ses-2_task-renewal_fearROIs_bin_BN.csv
PTSD,FC116,2,renewal,61,62,23,4,sub-FC116_ses-2_task-renewal_fearROIs_bin_SN.csv,sub-FC116_ses-2_task-renewal_fearROIs_bin_BN.csv
PTSD,FC116,2,renewal,62,63,17,1,sub-FC116_ses-2_task-renewal_fearROIs_bin_SN.csv,sub-FC116_ses-2_task-renewal_fearROIs_bin_BN.csv
PTSD,FC116,2,renewal,63,64,32,4,sub-FC116_ses-2_task-renewal_fearROIs_bin_SN.csv,sub-FC116_ses-2_task-renewal_fearROIs_bin_BN.csv
PTSD,FC116,2,renewal,64,65,24,4,sub-FC116_ses-2_task-renewal_fearROIs_bin_SN.csv,sub-FC116_ses-2_task-renewal_fearROIs_bin_BN.csv
PTSD,FC116,2,renewal,65,66,32,4,sub-FC116_ses-2_task-renewal_fearROIs_bin_SN.csv,sub-FC116_ses-2_task-renewal_fearROIs_bin_BN.csv
PTSD,FC116,2,renewal,66,67,19,3,sub-FC116_ses-2_task-renewal_fearROIs_bin_SN.csv,sub-FC116_ses-2_task-renewal_fearROIs_bin_BN.csv
PTSD,FC116,2,renewal,67,68,3,1,sub-FC116_ses-2_task-renewal_fearROIs_bin_SN.csv,sub-FC116_ses-2_task-renewal_fearROIs_bin_BN.csv
PTSD,FC116,2,renewal,68,69,24,4,sub-FC116_ses-2_task-renewal_fearROIs_bin_SN.csv,sub-FC116_ses-2_task-renewal_fearROIs_bin_BN.csv
PTSD,FC116,2,renewal,69,70,22,4,sub-FC116_ses-2_task-renewal_fearROIs_bin_SN.csv,sub-FC116_ses-2_task-renewal_fearROIs_bin_BN.csv
PTSD,FC116,2,renewal,70,71,1,1,sub-FC116_ses-2_task-renewal_fearROIs_bin_SN.csv,sub-FC116_ses-2_task-renewal_fearROIs_bin_BN.csv
PTSD,FC116,2,renewal,71,72,12,3,sub-FC116_ses-2_task-renewal_fearROIs_bin_SN.csv,sub-FC116_ses-2_task-renewal_fearROIs_bin_BN.csv
PTSD,FC116,2,renewal,72,73,32,4,sub-FC116_ses-2_task-renewal_fearROIs_bin_SN.csv,sub-FC116_ses-2_task-renewal_fearROIs_bin_BN.csv
PTSD,FC116,2,renewal,73,74,32,4,sub-FC116_ses-2_task-renewal_fearROIs_bin_SN.csv,sub-FC116_ses-2_task-renewal_fearROIs_bin_BN.csv
PTSD,FC116,2,renewal,74,75,19,3,sub-FC116_ses-2_task-renewal_fearROIs_bin_SN.csv,sub-FC116_ses-2_task-renewal_fearROIs_bin_BN.csv
PTSD,FC116,2,renewal,75,76,25,1,sub-FC116_ses-2_task-renewal_fearROIs_bin_SN.csv,sub-FC116_ses-2_task-renewal_fearROIs_bin_BN.csv
PTSD,FC116,2,renewal,76,77,13,2,sub-FC116_ses-2_task-renewal_fearROIs_bin_SN.csv,sub-FC116_ses-2_task-renewal_fearROIs_bin_BN.csv
PTSD,FC116,2,renewal,77,78,13,2,sub-FC116_ses-2_task-renewal_fearROIs_bin_SN.csv,sub-FC116_ses-2_task-renewal_fearROIs_bin_BN.csv
PTSD,FC116,2,renewal,78,79,1,1,sub-FC116_ses-2_task-renewal_fearROIs_bin_SN.csv,sub-FC116_ses-2_task-renewal_fearROIs_bin_BN.csv
PTSD,FC116,2,renewal,79,80,1,1,sub-FC116_ses-2_task-renewal_fearROIs_bin_SN.csv,sub-FC116_ses-2_task-renewal_fearROIs_bin_BN.csv
PTSD,FC116,2,renewal,80,81,1,1,sub-FC116_ses-2_task-renewal_fearROIs_bin_SN.csv,sub-FC116_ses-2_task-renewal_fearROIs_bin_BN.csv
PTSD,FC116,2,renewal,81,82,7,1,sub-FC116_ses-2_task-renewal_fearROIs_bin_SN.csv,sub-FC116_ses-2_task-renewal_fearROIs_bin_BN.csv
PTSD,FC116,2,renewal,82,83,16,4,sub-FC116_ses-2_task-renewal_fearROIs_bin_SN.csv,sub-FC116_ses-2_task-renewal_fearROIs_bin_BN.csv
PTSD,FC116,2,renewal,83,84,1,1,sub-FC116_ses-2_task-renewal_fearROIs_bin_SN.csv,sub-FC116_ses-2_task-renewal_fearROIs_bin_BN.csv
PTSD,FC116,2,renewal,84,85,1,1,sub-FC116_ses-2_task-renewal_fearROIs_bin_SN.csv,sub-FC116_ses-2_task-renewal_fearROIs_bin_BN.csv
PTSD,FC116,2,renewal,85,86,2,1,sub-FC116_ses-2_task-renewal_fearROIs_bin_SN.csv,sub-FC116_ses-2_task-renewal_fearROIs_bin_BN.csv
PTSD,FC116,2,renewal,86,87,31,4,sub-FC116_ses-2_task-renewal_fearROIs_bin_SN.csv,sub-FC116_ses-2_task-renewal_fearROIs_bin_BN.csv
PTSD,FC116,2,renewal,87,88,27,4,sub-FC116_ses-2_task-renewal_fearROIs_bin_SN.csv,sub-FC116_ses-2_task-renewal_fearROIs_bin_BN.csv
PTSD,FC116,2,renewal,88,89,3,1,sub-FC116_ses-2_task-renewal_fearROIs_bin_SN.csv,sub-FC116_ses-2_task-renewal_fearROIs_bin_BN.csv
PTSD,FC116,2,renewal,89,90,2,1,sub-FC116_ses-2_task-renewal_fearROIs_bin_SN.csv,sub-FC116_ses-2_task-renewal_fearROIs_bin_BN.csv
PTSD,FC116,2,renewal,90,91,10,1,sub-FC116_ses-2_task-renewal_fearROIs_bin_SN.csv,sub-FC116_ses-2_task-renewal_fearROIs_bin_BN.csv
PTSD,FC116,2,renewal,91,92,23,4,sub-FC116_ses-2_task-renewal_fearROIs_bin_SN.csv,sub-FC116_ses-2_task-renewal_fearROIs_bin_BN.csv
PTSD,FC116,2,renewal,92,93,32,4,sub-FC116_ses-2_task-renewal_fearROIs_bin_SN.csv,sub-FC116_ses-2_task-renewal_fearROIs_bin_BN.csv
PTSD,FC116,2,renewal,93,94,16,4,sub-FC116_ses-2_task-renewal_fearROIs_bin_SN.csv,sub-FC116_ses-2_task-renewal_fearROIs_bin_BN.csv
PTSD,FC116,2,renewal,94,95,19,3,sub-FC116_ses-2_task-renewal_fearROIs_bin_SN.csv,sub-FC116_ses-2_task-renewal_fearROIs_bin_BN.csv
PTSD,FC116,2,renewal,95,96,20,3,sub-FC116_ses-2_task-renewal_fearROIs_bin_SN.csv,sub-FC116_ses-2_task-renewal_fearROIs_bin_BN.csv
PTSD,FC116,2,renewal,96,97,24,4,sub-FC116_ses-2_task-renewal_fearROIs_bin_SN.csv,sub-FC116_ses-2_task-renewal_fearROIs_bin_BN.csv
PTSD,FC116,2,renewal,97,98,24,4,sub-FC116_ses-2_task-renewal_fearROIs_bin_SN.csv,sub-FC116_ses-2_task-renewal_fearROIs_bin_BN.csv
PTSD,FC116,2,renewal,98,99,32,4,sub-FC116_ses-2_task-renewal_fearROIs_bin_SN.csv,sub-FC116_ses-2_task-renewal_fearROIs_bin_BN.csv
PTSD,FC116,2,renewal,99,100,20,3,sub-FC116_ses-2_task-renewal_fearROIs_bin_SN.csv,sub-FC116_ses-2_task-renewal_fearROIs_bin_BN.csv
PTSD,FC116,2,renewal,100,101,19,3,sub-FC116_ses-2_task-renewal_fearROIs_bin_SN.csv,sub-FC116_ses-2_task-renewal_fearROIs_bin_BN.csv
PTSD,FC116,2,renewal,101,102,28,4,sub-FC116_ses-2_task-renewal_fearROIs_bin_SN.csv,sub-FC116_ses-2_task-renewal_fearROIs_bin_BN.csv
PTSD,FC116,2,renewal,102,103,31,4,sub-FC116_ses-2_task-renewal_fearROIs_bin_SN.csv,sub-FC116_ses-2_task-renewal_fearROIs_bin_BN.csv
PTSD,FC116,2,renewal,103,104,15,2,sub-FC116_ses-2_task-renewal_fearROIs_bin_SN.csv,sub-FC116_ses-2_task-renewal_fearROIs_bin_BN.csv
PTSD,FC116,2,renewal,104,105,1,1,sub-FC116_ses-2_task-renewal_fearROIs_bin_SN.csv,sub-FC116_ses-2_task-renewal_fearROIs_bin_BN.csv
PTSD,FC116,2,renewal,105,106,10,1,sub-FC116_ses-2_task-renewal_fearROIs_bin_SN.csv,sub-FC116_ses-2_task-renewal_fearROIs_bin_BN.csv
PTSD,FC116,2,renewal,106,107,10,1,sub-FC116_ses-2_task-renewal_fearROIs_bin_SN.csv,sub-FC116_ses-2_task-renewal_fearROIs_bin_BN.csv
PTSD,FC116,2,renewal,107,108,13,2,sub-FC116_ses-2_task-renewal_fearROIs_bin_SN.csv,sub-FC116_ses-2_task-renewal_fearROIs_bin_BN.csv
PTSD,FC116,2,renewal,108,109,13,2,sub-FC116_ses-2_task-renewal_fearROIs_bin_SN.csv,sub-FC116_ses-2_task-renewal_fearROIs_bin_BN.csv
PTSD,FC116,2,renewal,109,110,29,2,sub-FC116_ses-2_task-renewal_fearROIs_bin_SN.csv,sub-FC116_ses-2_task-renewal_fearROIs_bin_BN.csv
PTSD,FC116,2,renewal,110,111,13,2,sub-FC116_ses-2_task-renewal_fearROIs_bin_SN.csv,sub-FC116_ses-2_task-renewal_fearROIs_bin_BN.csv
PTSD,FC116,2,renewal,111,112,13,2,sub-FC116_ses-2_task-renewal_fearROIs_bin_SN.csv,sub-FC116_ses-2_task-renewal_fearROIs_bin_BN.csv
PTSD,FC116,2,renewal,112,113,14,2,sub-FC116_ses-2_task-renewal_fearROIs_bin_SN.csv,sub-FC116_ses-2_task-renewal_fearROIs_bin_BN.csv
PTSD,FC116,2,renewal,113,114,11,1,sub-FC116_ses-2_task-renewal_fearROIs_bin_SN.csv,sub-FC116_ses-2_task-renewal_fearROIs_bin_BN.csv
PTSD,FC116,2,renewal,114,115,1,1,sub-FC116_ses-2_task-renewal_fearROIs_bin_SN.csv,sub-FC116_ses-2_task-renewal_fearROIs_bin_BN.csv
PTSD,FC116,2,renewal,115,116,17,1,sub-FC116_ses-2_task-renewal_fearROIs_bin_SN.csv,sub-FC116_ses-2_task-renewal_fearROIs_bin_BN.csv
PTSD,FC116,2,renewal,116,117,16,4,sub-FC116_ses-2_task-renewal_fearROIs_bin_SN.csv,sub-FC116_ses-2_task-renewal_fearROIs_bin_BN.csv
PTSD,FC116,2,renewal,117,118,32,4,sub-FC116_ses-2_task-renewal_fearROIs_bin_SN.csv,sub-FC116_ses-2_task-renewal_fearROIs_bin_BN.csv
PTSD,FC116,2,renewal,118,119,24,4,sub-FC116_ses-2_task-renewal_fearROIs_bin_SN.csv,sub-FC116_ses-2_task-renewal_fearROIs_bin_BN.csv
PTSD,FC116,2,renewal,119,120,23,4,sub-FC116_ses-2_task-renewal_fearROIs_bin_SN.csv,sub-FC116_ses-2_task-renewal_fearROIs_bin_BN.csv
PTSD,FC116,2,renewal,120,121,21,1,sub-FC116_ses-2_task-renewal_fearROIs_bin_SN.csv,sub-FC116_ses-2_task-renewal_fearROIs_bin_BN.csv
PTSD,FC116,2,renewal,121,122,18,3,sub-FC116_ses-2_task-renewal_fearROIs_bin_SN.csv,sub-FC116_ses-2_task-renewal_fearROIs_bin_BN.csv
PTSD,FC116,2,renewal,122,123,18,3,sub-FC116_ses-2_task-renewal_fearROIs_bin_SN.csv,sub-FC116_ses-2_task-renewal_fearROIs_bin_BN.csv
PTSD,FC116,2,renewal,123,124,20,3,sub-FC116_ses-2_task-renewal_fearROIs_bin_SN.csv,sub-FC116_ses-2_task-renewal_fearROIs_bin_BN.csv
PTSD,FC116,2,renewal,124,125,2,1,sub-FC116_ses-2_task-renewal_fearROIs_bin_SN.csv,sub-FC116_ses-2_task-renewal_fearROIs_bin_BN.csv
PTSD,FC117,2,renewal,0,1,1,1,sub-FC117_ses-2_task-renewal_fearROIs_bin_SN.csv,sub-FC117_ses-2_task-renewal_fearROIs_bin_BN.csv
PTSD,FC117,2,renewal,1,2,13,2,sub-FC117_ses-2_task-renewal_fearROIs_bin_SN.csv,sub-FC117_ses-2_task-renewal_fearROIs_bin_BN.csv
PTSD,FC117,2,renewal,2,3,22,4,sub-FC117_ses-2_task-renewal_fearROIs_bin_SN.csv,sub-FC117_ses-2_task-renewal_fearROIs_bin_BN.csv
PTSD,FC117,2,renewal,3,4,20,3,sub-FC117_ses-2_task-renewal_fearROIs_bin_SN.csv,sub-FC117_ses-2_task-renewal_fearROIs_bin_BN.csv
PTSD,FC117,2,renewal,4,5,4,3,sub-FC117_ses-2_task-renewal_fearROIs_bin_SN.csv,sub-FC117_ses-2_task-renewal_fearROIs_bin_BN.csv
PTSD,FC117,2,renewal,5,6,32,4,sub-FC117_ses-2_task-renewal_fearROIs_bin_SN.csv,sub-FC117_ses-2_task-renewal_fearROIs_bin_BN.csv
PTSD,FC117,2,renewal,6,7,30,4,sub-FC117_ses-2_task-renewal_fearROIs_bin_SN.csv,sub-FC117_ses-2_task-renewal_fearROIs_bin_BN.csv
PTSD,FC117,2,renewal,7,8,13,2,sub-FC117_ses-2_task-renewal_fearROIs_bin_SN.csv,sub-FC117_ses-2_task-renewal_fearROIs_bin_BN.csv
PTSD,FC117,2,renewal,8,9,27,4,sub-FC117_ses-2_task-renewal_fearROIs_bin_SN.csv,sub-FC117_ses-2_task-renewal_fearROIs_bin_BN.csv
PTSD,FC117,2,renewal,9,10,28,4,sub-FC117_ses-2_task-renewal_fearROIs_bin_SN.csv,sub-FC117_ses-2_task-renewal_fearROIs_bin_BN.csv
PTSD,FC117,2,renewal,10,11,1,1,sub-FC117_ses-2_task-renewal_fearROIs_bin_SN.csv,sub-FC117_ses-2_task-renewal_fearROIs_bin_BN.csv
PTSD,FC117,2,renewal,11,12,23,4,sub-FC117_ses-2_task-renewal_fearROIs_bin_SN.csv,sub-FC117_ses-2_task-renewal_fearROIs_bin_BN.csv
PTSD,FC117,2,renewal,12,13,13,2,sub-FC117_ses-2_task-renewal_fearROIs_bin_SN.csv,sub-FC117_ses-2_task-renewal_fearROIs_bin_BN.csv
PTSD,FC117,2,renewal,13,14,16,4,sub-FC117_ses-2_task-renewal_fearROIs_bin_SN.csv,sub-FC117_ses-2_task-renewal_fearROIs_bin_BN.csv
PTSD,FC117,2,renewal,14,15,13,2,sub-FC117_ses-2_task-renewal_fearROIs_bin_SN.csv,sub-FC117_ses-2_task-renewal_fearROIs_bin_BN.csv
PTSD,FC117,2,renewal,15,16,17,1,sub-FC117_ses-2_task-renewal_fearROIs_bin_SN.csv,sub-FC117_ses-2_task-renewal_fearROIs_bin_BN.csv
PTSD,FC117,2,renewal,16,17,19,3,sub-FC117_ses-2_task-renewal_fearROIs_bin_SN.csv,sub-FC117_ses-2_task-renewal_fearROIs_bin_BN.csv
PTSD,FC117,2,renewal,17,18,13,2,sub-FC117_ses-2_task-renewal_fearROIs_bin_SN.csv,sub-FC117_ses-2_task-renewal_fearROIs_bin_BN.csv
PTSD,FC117,2,renewal,18,19,5,1,sub-FC117_ses-2_task-renewal_fearROIs_bin_SN.csv,sub-FC117_ses-2_task-renewal_fearROIs_bin_BN.csv
PTSD,FC117,2,renewal,19,20,20,3,sub-FC117_ses-2_task-renewal_fearROIs_bin_SN.csv,sub-FC117_ses-2_task-renewal_fearROIs_bin_BN.csv
PTSD,FC117,2,renewal,20,21,19,3,sub-FC117_ses-2_task-renewal_fearROIs_bin_SN.csv,sub-FC117_ses-2_task-renewal_fearROIs_bin_BN.csv
PTSD,FC117,2,renewal,21,22,15,2,sub-FC117_ses-2_task-renewal_fearROIs_bin_SN.csv,sub-FC117_ses-2_task-renewal_fearROIs_bin_BN.csv
PTSD,FC117,2,renewal,22,23,28,4,sub-FC117_ses-2_task-renewal_fearROIs_bin_SN.csv,sub-FC117_ses-2_task-renewal_fearROIs_bin_BN.csv
PTSD,FC117,2,renewal,23,24,28,4,sub-FC117_ses-2_task-renewal_fearROIs_bin_SN.csv,sub-FC117_ses-2_task-renewal_fearROIs_bin_BN.csv
PTSD,FC117,2,renewal,24,25,26,4,sub-FC117_ses-2_task-renewal_fearROIs_bin_SN.csv,sub-FC117_ses-2_task-renewal_fearROIs_bin_BN.csv
PTSD,FC117,2,renewal,25,26,13,2,sub-FC117_ses-2_task-renewal_fearROIs_bin_SN.csv,sub-FC117_ses-2_task-renewal_fearROIs_bin_BN.csv
PTSD,FC117,2,renewal,26,27,13,2,sub-FC117_ses-2_task-renewal_fearROIs_bin_SN.csv,sub-FC117_ses-2_task-renewal_fearROIs_bin_BN.csv
PTSD,FC117,2,renewal,27,28,19,3,sub-FC117_ses-2_task-renewal_fearROIs_bin_SN.csv,sub-FC117_ses-2_task-renewal_fearROIs_bin_BN.csv
PTSD,FC117,2,renewal,28,29,4,3,sub-FC117_ses-2_task-renewal_fearROIs_bin_SN.csv,sub-FC117_ses-2_task-renewal_fearROIs_bin_BN.csv
PTSD,FC117,2,renewal,29,30,20,3,sub-FC117_ses-2_task-renewal_fearROIs_bin_SN.csv,sub-FC117_ses-2_task-renewal_fearROIs_bin_BN.csv
PTSD,FC117,2,renewal,30,31,19,3,sub-FC117_ses-2_task-renewal_fearROIs_bin_SN.csv,sub-FC117_ses-2_task-renewal_fearROIs_bin_BN.csv
PTSD,FC117,2,renewal,31,32,19,3,sub-FC117_ses-2_task-renewal_fearROIs_bin_SN.csv,sub-FC117_ses-2_task-renewal_fearROIs_bin_BN.csv
PTSD,FC117,2,renewal,32,33,16,4,sub-FC117_ses-2_task-renewal_fearROIs_bin_SN.csv,sub-FC117_ses-2_task-renewal_fearROIs_bin_BN.csv
PTSD,FC117,2,renewal,33,34,16,4,sub-FC117_ses-2_task-renewal_fearROIs_bin_SN.csv,sub-FC117_ses-2_task-renewal_fearROIs_bin_BN.csv
PTSD,FC117,2,renewal,34,35,14,2,sub-FC117_ses-2_task-renewal_fearROIs_bin_SN.csv,sub-FC117_ses-2_task-renewal_fearROIs_bin_BN.csv
PTSD,FC117,2,renewal,35,36,13,2,sub-FC117_ses-2_task-renewal_fearROIs_bin_SN.csv,sub-FC117_ses-2_task-renewal_fearROIs_bin_BN.csv
PTSD,FC117,2,renewal,36,37,1,1,sub-FC117_ses-2_task-renewal_fearROIs_bin_SN.csv,sub-FC117_ses-2_task-renewal_fearROIs_bin_BN.csv
PTSD,FC117,2,renewal,37,38,5,1,sub-FC117_ses-2_task-renewal_fearROIs_bin_SN.csv,sub-FC117_ses-2_task-renewal_fearROIs_bin_BN.csv
PTSD,FC117,2,renewal,38,39,1,1,sub-FC117_ses-2_task-renewal_fearROIs_bin_SN.csv,sub-FC117_ses-2_task-renewal_fearROIs_bin_BN.csv
PTSD,FC117,2,renewal,39,40,7,1,sub-FC117_ses-2_task-renewal_fearROIs_bin_SN.csv,sub-FC117_ses-2_task-renewal_fearROIs_bin_BN.csv
PTSD,FC117,2,renewal,40,41,1,1,sub-FC117_ses-2_task-renewal_fearROIs_bin_SN.csv,sub-FC117_ses-2_task-renewal_fearROIs_bin_BN.csv
PTSD,FC117,2,renewal,41,42,5,1,sub-FC117_ses-2_task-renewal_fearROIs_bin_SN.csv,sub-FC117_ses-2_task-renewal_fearROIs_bin_BN.csv
PTSD,FC117,2,renewal,42,43,14,2,sub-FC117_ses-2_task-renewal_fearROIs_bin_SN.csv,sub-FC117_ses-2_task-renewal_fearROIs_bin_BN.csv
PTSD,FC117,2,renewal,43,44,16,4,sub-FC117_ses-2_task-renewal_fearROIs_bin_SN.csv,sub-FC117_ses-2_task-renewal_fearROIs_bin_BN.csv
PTSD,FC117,2,renewal,44,45,32,4,sub-FC117_ses-2_task-renewal_fearROIs_bin_SN.csv,sub-FC117_ses-2_task-renewal_fearROIs_bin_BN.csv
PTSD,FC117,2,renewal,45,46,6,1,sub-FC117_ses-2_task-renewal_fearROIs_bin_SN.csv,sub-FC117_ses-2_task-renewal_fearROIs_bin_BN.csv
PTSD,FC117,2,renewal,46,47,1,1,sub-FC117_ses-2_task-renewal_fearROIs_bin_SN.csv,sub-FC117_ses-2_task-renewal_fearROIs_bin_BN.csv
PTSD,FC117,2,renewal,47,48,21,1,sub-FC117_ses-2_task-renewal_fearROIs_bin_SN.csv,sub-FC117_ses-2_task-renewal_fearROIs_bin_BN.csv
PTSD,FC117,2,renewal,48,49,20,3,sub-FC117_ses-2_task-renewal_fearROIs_bin_SN.csv,sub-FC117_ses-2_task-renewal_fearROIs_bin_BN.csv
PTSD,FC117,2,renewal,49,50,20,3,sub-FC117_ses-2_task-renewal_fearROIs_bin_SN.csv,sub-FC117_ses-2_task-renewal_fearROIs_bin_BN.csv
PTSD,FC117,2,renewal,50,51,20,3,sub-FC117_ses-2_task-renewal_fearROIs_bin_SN.csv,sub-FC117_ses-2_task-renewal_fearROIs_bin_BN.csv
PTSD,FC117,2,renewal,51,52,32,4,sub-FC117_ses-2_task-renewal_fearROIs_bin_SN.csv,sub-FC117_ses-2_task-renewal_fearROIs_bin_BN.csv
PTSD,FC117,2,renewal,52,53,32,4,sub-FC117_ses-2_task-renewal_fearROIs_bin_SN.csv,sub-FC117_ses-2_task-renewal_fearROIs_bin_BN.csv
PTSD,FC117,2,renewal,53,54,1,1,sub-FC117_ses-2_task-renewal_fearROIs_bin_SN.csv,sub-FC117_ses-2_task-renewal_fearROIs_bin_BN.csv
PTSD,FC117,2,renewal,54,55,19,3,sub-FC117_ses-2_task-renewal_fearROIs_bin_SN.csv,sub-FC117_ses-2_task-renewal_fearROIs_bin_BN.csv
PTSD,FC117,2,renewal,55,56,1,1,sub-FC117_ses-2_task-renewal_fearROIs_bin_SN.csv,sub-FC117_ses-2_task-renewal_fearROIs_bin_BN.csv
PTSD,FC117,2,renewal,56,57,22,4,sub-FC117_ses-2_task-renewal_fearROIs_bin_SN.csv,sub-FC117_ses-2_task-renewal_fearROIs_bin_BN.csv
PTSD,FC117,2,renewal,57,58,4,3,sub-FC117_ses-2_task-renewal_fearROIs_bin_SN.csv,sub-FC117_ses-2_task-renewal_fearROIs_bin_BN.csv
PTSD,FC117,2,renewal,58,59,20,3,sub-FC117_ses-2_task-renewal_fearROIs_bin_SN.csv,sub-FC117_ses-2_task-renewal_fearROIs_bin_BN.csv
PTSD,FC117,2,renewal,59,60,28,4,sub-FC117_ses-2_task-renewal_fearROIs_bin_SN.csv,sub-FC117_ses-2_task-renewal_fearROIs_bin_BN.csv
PTSD,FC117,2,renewal,60,61,28,4,sub-FC117_ses-2_task-renewal_fearROIs_bin_SN.csv,sub-FC117_ses-2_task-renewal_fearROIs_bin_BN.csv
PTSD,FC117,2,renewal,61,62,32,4,sub-FC117_ses-2_task-renewal_fearROIs_bin_SN.csv,sub-FC117_ses-2_task-renewal_fearROIs_bin_BN.csv
PTSD,FC117,2,renewal,62,63,10,1,sub-FC117_ses-2_task-renewal_fearROIs_bin_SN.csv,sub-FC117_ses-2_task-renewal_fearROIs_bin_BN.csv
PTSD,FC117,2,renewal,63,64,32,4,sub-FC117_ses-2_task-renewal_fearROIs_bin_SN.csv,sub-FC117_ses-2_task-renewal_fearROIs_bin_BN.csv
PTSD,FC117,2,renewal,64,65,26,4,sub-FC117_ses-2_task-renewal_fearROIs_bin_SN.csv,sub-FC117_ses-2_task-renewal_fearROIs_bin_BN.csv
PTSD,FC117,2,renewal,65,66,29,2,sub-FC117_ses-2_task-renewal_fearROIs_bin_SN.csv,sub-FC117_ses-2_task-renewal_fearROIs_bin_BN.csv
PTSD,FC117,2,renewal,66,67,14,2,sub-FC117_ses-2_task-renewal_fearROIs_bin_SN.csv,sub-FC117_ses-2_task-renewal_fearROIs_bin_BN.csv
PTSD,FC117,2,renewal,67,68,31,4,sub-FC117_ses-2_task-renewal_fearROIs_bin_SN.csv,sub-FC117_ses-2_task-renewal_fearROIs_bin_BN.csv
PTSD,FC117,2,renewal,68,69,29,2,sub-FC117_ses-2_task-renewal_fearROIs_bin_SN.csv,sub-FC117_ses-2_task-renewal_fearROIs_bin_BN.csv
PTSD,FC117,2,renewal,69,70,1,1,sub-FC117_ses-2_task-renewal_fearROIs_bin_SN.csv,sub-FC117_ses-2_task-renewal_fearROIs_bin_BN.csv
PTSD,FC117,2,renewal,70,71,3,1,sub-FC117_ses-2_task-renewal_fearROIs_bin_SN.csv,sub-FC117_ses-2_task-renewal_fearROIs_bin_BN.csv
PTSD,FC117,2,renewal,71,72,23,4,sub-FC117_ses-2_task-renewal_fearROIs_bin_SN.csv,sub-FC117_ses-2_task-renewal_fearROIs_bin_BN.csv
PTSD,FC117,2,renewal,72,73,18,3,sub-FC117_ses-2_task-renewal_fearROIs_bin_SN.csv,sub-FC117_ses-2_task-renewal_fearROIs_bin_BN.csv
PTSD,FC117,2,renewal,73,74,1,1,sub-FC117_ses-2_task-renewal_fearROIs_bin_SN.csv,sub-FC117_ses-2_task-renewal_fearROIs_bin_BN.csv
PTSD,FC117,2,renewal,74,75,17,1,sub-FC117_ses-2_task-renewal_fearROIs_bin_SN.csv,sub-FC117_ses-2_task-renewal_fearROIs_bin_BN.csv
PTSD,FC117,2,renewal,75,76,1,1,sub-FC117_ses-2_task-renewal_fearROIs_bin_SN.csv,sub-FC117_ses-2_task-renewal_fearROIs_bin_BN.csv
PTSD,FC117,2,renewal,76,77,13,2,sub-FC117_ses-2_task-renewal_fearROIs_bin_SN.csv,sub-FC117_ses-2_task-renewal_fearROIs_bin_BN.csv
PTSD,FC117,2,renewal,77,78,16,4,sub-FC117_ses-2_task-renewal_fearROIs_bin_SN.csv,sub-FC117_ses-2_task-renewal_fearROIs_bin_BN.csv
PTSD,FC117,2,renewal,78,79,5,1,sub-FC117_ses-2_task-renewal_fearROIs_bin_SN.csv,sub-FC117_ses-2_task-renewal_fearROIs_bin_BN.csv
PTSD,FC117,2,renewal,79,80,16,4,sub-FC117_ses-2_task-renewal_fearROIs_bin_SN.csv,sub-FC117_ses-2_task-renewal_fearROIs_bin_BN.csv
PTSD,FC117,2,renewal,80,81,1,1,sub-FC117_ses-2_task-renewal_fearROIs_bin_SN.csv,sub-FC117_ses-2_task-renewal_fearROIs_bin_BN.csv
PTSD,FC117,2,renewal,81,82,3,1,sub-FC117_ses-2_task-renewal_fearROIs_bin_SN.csv,sub-FC117_ses-2_task-renewal_fearROIs_bin_BN.csv
PTSD,FC117,2,renewal,82,83,16,4,sub-FC117_ses-2_task-renewal_fearROIs_bin_SN.csv,sub-FC117_ses-2_task-renewal_fearROIs_bin_BN.csv
PTSD,FC117,2,renewal,83,84,4,3,sub-FC117_ses-2_task-renewal_fearROIs_bin_SN.csv,sub-FC117_ses-2_task-renewal_fearROIs_bin_BN.csv
PTSD,FC117,2,renewal,84,85,19,3,sub-FC117_ses-2_task-renewal_fearROIs_bin_SN.csv,sub-FC117_ses-2_task-renewal_fearROIs_bin_BN.csv
PTSD,FC117,2,renewal,85,86,32,4,sub-FC117_ses-2_task-renewal_fearROIs_bin_SN.csv,sub-FC117_ses-2_task-renewal_fearROIs_bin_BN.csv
PTSD,FC117,2,renewal,86,87,32,4,sub-FC117_ses-2_task-renewal_fearROIs_bin_SN.csv,sub-FC117_ses-2_task-renewal_fearROIs_bin_BN.csv
PTSD,FC117,2,renewal,87,88,1,1,sub-FC117_ses-2_task-renewal_fearROIs_bin_SN.csv,sub-FC117_ses-2_task-renewal_fearROIs_bin_BN.csv
PTSD,FC117,2,renewal,88,89,1,1,sub-FC117_ses-2_task-renewal_fearROIs_bin_SN.csv,sub-FC117_ses-2_task-renewal_fearROIs_bin_BN.csv
PTSD,FC117,2,renewal,89,90,21,1,sub-FC117_ses-2_task-renewal_fearROIs_bin_SN.csv,sub-FC117_ses-2_task-renewal_fearROIs_bin_BN.csv
PTSD,FC117,2,renewal,90,91,13,2,sub-FC117_ses-2_task-renewal_fearROIs_bin_SN.csv,sub-FC117_ses-2_task-renewal_fearROIs_bin_BN.csv
PTSD,FC117,2,renewal,91,92,13,2,sub-FC117_ses-2_task-renewal_fearROIs_bin_SN.csv,sub-FC117_ses-2_task-renewal_fearROIs_bin_BN.csv
PTSD,FC117,2,renewal,92,93,24,4,sub-FC117_ses-2_task-renewal_fearROIs_bin_SN.csv,sub-FC117_ses-2_task-renewal_fearROIs_bin_BN.csv
PTSD,FC117,2,renewal,93,94,20,3,sub-FC117_ses-2_task-renewal_fearROIs_bin_SN.csv,sub-FC117_ses-2_task-renewal_fearROIs_bin_BN.csv
PTSD,FC117,2,renewal,94,95,20,3,sub-FC117_ses-2_task-renewal_fearROIs_bin_SN.csv,sub-FC117_ses-2_task-renewal_fearROIs_bin_BN.csv
PTSD,FC117,2,renewal,95,96,32,4,sub-FC117_ses-2_task-renewal_fearROIs_bin_SN.csv,sub-FC117_ses-2_task-renewal_fearROIs_bin_BN.csv
PTSD,FC117,2,renewal,96,97,25,1,sub-FC117_ses-2_task-renewal_fearROIs_bin_SN.csv,sub-FC117_ses-2_task-renewal_fearROIs_bin_BN.csv
PTSD,FC117,2,renewal,97,98,20,3,sub-FC117_ses-2_task-renewal_fearROIs_bin_SN.csv,sub-FC117_ses-2_task-renewal_fearROIs_bin_BN.csv
PTSD,FC117,2,renewal,98,99,4,3,sub-FC117_ses-2_task-renewal_fearROIs_bin_SN.csv,sub-FC117_ses-2_task-renewal_fearROIs_bin_BN.csv
PTSD,FC117,2,renewal,99,100,30,4,sub-FC117_ses-2_task-renewal_fearROIs_bin_SN.csv,sub-FC117_ses-2_task-renewal_fearROIs_bin_BN.csv
PTSD,FC117,2,renewal,100,101,13,2,sub-FC117_ses-2_task-renewal_fearROIs_bin_SN.csv,sub-FC117_ses-2_task-renewal_fearROIs_bin_BN.csv
PTSD,FC117,2,renewal,101,102,13,2,sub-FC117_ses-2_task-renewal_fearROIs_bin_SN.csv,sub-FC117_ses-2_task-renewal_fearROIs_bin_BN.csv
PTSD,FC117,2,renewal,102,103,4,3,sub-FC117_ses-2_task-renewal_fearROIs_bin_SN.csv,sub-FC117_ses-2_task-renewal_fearROIs_bin_BN.csv
PTSD,FC117,2,renewal,103,104,5,1,sub-FC117_ses-2_task-renewal_fearROIs_bin_SN.csv,sub-FC117_ses-2_task-renewal_fearROIs_bin_BN.csv
PTSD,FC117,2,renewal,104,105,29,2,sub-FC117_ses-2_task-renewal_fearROIs_bin_SN.csv,sub-FC117_ses-2_task-renewal_fearROIs_bin_BN.csv
PTSD,FC117,2,renewal,105,106,28,4,sub-FC117_ses-2_task-renewal_fearROIs_bin_SN.csv,sub-FC117_ses-2_task-renewal_fearROIs_bin_BN.csv
PTSD,FC117,2,renewal,106,107,29,2,sub-FC117_ses-2_task-renewal_fearROIs_bin_SN.csv,sub-FC117_ses-2_task-renewal_fearROIs_bin_BN.csv
PTSD,FC117,2,renewal,107,108,26,4,sub-FC117_ses-2_task-renewal_fearROIs_bin_SN.csv,sub-FC117_ses-2_task-renewal_fearROIs_bin_BN.csv
PTSD,FC117,2,renewal,108,109,26,4,sub-FC117_ses-2_task-renewal_fearROIs_bin_SN.csv,sub-FC117_ses-2_task-renewal_fearROIs_bin_BN.csv
PTSD,FC117,2,renewal,109,110,2,1,sub-FC117_ses-2_task-renewal_fearROIs_bin_SN.csv,sub-FC117_ses-2_task-renewal_fearROIs_bin_BN.csv
PTSD,FC117,2,renewal,110,111,32,4,sub-FC117_ses-2_task-renewal_fearROIs_bin_SN.csv,sub-FC117_ses-2_task-renewal_fearROIs_bin_BN.csv
PTSD,FC117,2,renewal,111,112,16,4,sub-FC117_ses-2_task-renewal_fearROIs_bin_SN.csv,sub-FC117_ses-2_task-renewal_fearROIs_bin_BN.csv
PTSD,FC117,2,renewal,112,113,9,1,sub-FC117_ses-2_task-renewal_fearROIs_bin_SN.csv,sub-FC117_ses-2_task-renewal_fearROIs_bin_BN.csv
PTSD,FC118,2,renewal,0,1,31,4,sub-FC118_ses-2_task-renewal_fearROIs_bin_SN.csv,sub-FC118_ses-2_task-renewal_fearROIs_bin_BN.csv
PTSD,FC118,2,renewal,1,2,20,3,sub-FC118_ses-2_task-renewal_fearROIs_bin_SN.csv,sub-FC118_ses-2_task-renewal_fearROIs_bin_BN.csv
PTSD,FC118,2,renewal,2,3,25,1,sub-FC118_ses-2_task-renewal_fearROIs_bin_SN.csv,sub-FC118_ses-2_task-renewal_fearROIs_bin_BN.csv
PTSD,FC118,2,renewal,3,4,2,1,sub-FC118_ses-2_task-renewal_fearROIs_bin_SN.csv,sub-FC118_ses-2_task-renewal_fearROIs_bin_BN.csv
PTSD,FC118,2,renewal,4,5,10,1,sub-FC118_ses-2_task-renewal_fearROIs_bin_SN.csv,sub-FC118_ses-2_task-renewal_fearROIs_bin_BN.csv
PTSD,FC118,2,renewal,5,6,14,2,sub-FC118_ses-2_task-renewal_fearROIs_bin_SN.csv,sub-FC118_ses-2_task-renewal_fearROIs_bin_BN.csv
PTSD,FC118,2,renewal,6,7,12,3,sub-FC118_ses-2_task-renewal_fearROIs_bin_SN.csv,sub-FC118_ses-2_task-renewal_fearROIs_bin_BN.csv
PTSD,FC118,2,renewal,7,8,1,1,sub-FC118_ses-2_task-renewal_fearROIs_bin_SN.csv,sub-FC118_ses-2_task-renewal_fearROIs_bin_BN.csv
PTSD,FC118,2,renewal,8,9,5,1,sub-FC118_ses-2_task-renewal_fearROIs_bin_SN.csv,sub-FC118_ses-2_task-renewal_fearROIs_bin_BN.csv
PTSD,FC118,2,renewal,9,10,4,3,sub-FC118_ses-2_task-renewal_fearROIs_bin_SN.csv,sub-FC118_ses-2_task-renewal_fearROIs_bin_BN.csv
PTSD,FC118,2,renewal,10,11,11,1,sub-FC118_ses-2_task-renewal_fearROIs_bin_SN.csv,sub-FC118_ses-2_task-renewal_fearROIs_bin_BN.csv
PTSD,FC118,2,renewal,11,12,4,3,sub-FC118_ses-2_task-renewal_fearROIs_bin_SN.csv,sub-FC118_ses-2_task-renewal_fearROIs_bin_BN.csv
PTSD,FC118,2,renewal,12,13,29,2,sub-FC118_ses-2_task-renewal_fearROIs_bin_SN.csv,sub-FC118_ses-2_task-renewal_fearROIs_bin_BN.csv
PTSD,FC118,2,renewal,13,14,31,4,sub-FC118_ses-2_task-renewal_fearROIs_bin_SN.csv,sub-FC118_ses-2_task-renewal_fearROIs_bin_BN.csv
PTSD,FC118,2,renewal,14,15,32,4,sub-FC118_ses-2_task-renewal_fearROIs_bin_SN.csv,sub-FC118_ses-2_task-renewal_fearROIs_bin_BN.csv
PTSD,FC118,2,renewal,15,16,1,1,sub-FC118_ses-2_task-renewal_fearROIs_bin_SN.csv,sub-FC118_ses-2_task-renewal_fearROIs_bin_BN.csv
PTSD,FC118,2,renewal,16,17,1,1,sub-FC118_ses-2_task-renewal_fearROIs_bin_SN.csv,sub-FC118_ses-2_task-renewal_fearROIs_bin_BN.csv
PTSD,FC118,2,renewal,17,18,31,4,sub-FC118_ses-2_task-renewal_fearROIs_bin_SN.csv,sub-FC118_ses-2_task-renewal_fearROIs_bin_BN.csv
PTSD,FC118,2,renewal,18,19,20,3,sub-FC118_ses-2_task-renewal_fearROIs_bin_SN.csv,sub-FC118_ses-2_task-renewal_fearROIs_bin_BN.csv
PTSD,FC118,2,renewal,19,20,20,3,sub-FC118_ses-2_task-renewal_fearROIs_bin_SN.csv,sub-FC118_ses-2_task-renewal_fearROIs_bin_BN.csv
PTSD,FC118,2,renewal,20,21,25,1,sub-FC118_ses-2_task-renewal_fearROIs_bin_SN.csv,sub-FC118_ses-2_task-renewal_fearROIs_bin_BN.csv
PTSD,FC118,2,renewal,21,22,9,1,sub-FC118_ses-2_task-renewal_fearROIs_bin_SN.csv,sub-FC118_ses-2_task-renewal_fearROIs_bin_BN.csv
PTSD,FC118,2,renewal,22,23,6,1,sub-FC118_ses-2_task-renewal_fearROIs_bin_SN.csv,sub-FC118_ses-2_task-renewal_fearROIs_bin_BN.csv
PTSD,FC118,2,renewal,23,24,14,2,sub-FC118_ses-2_task-renewal_fearROIs_bin_SN.csv,sub-FC118_ses-2_task-renewal_fearROIs_bin_BN.csv
PTSD,FC118,2,renewal,24,25,22,4,sub-FC118_ses-2_task-renewal_fearROIs_bin_SN.csv,sub-FC118_ses-2_task-renewal_fearROIs_bin_BN.csv
PTSD,FC118,2,renewal,25,26,5,1,sub-FC118_ses-2_task-renewal_fearROIs_bin_SN.csv,sub-FC118_ses-2_task-renewal_fearROIs_bin_BN.csv
PTSD,FC118,2,renewal,26,27,16,4,sub-FC118_ses-2_task-renewal_fearROIs_bin_SN.csv,sub-FC118_ses-2_task-renewal_fearROIs_bin_BN.csv
PTSD,FC118,2,renewal,27,28,13,2,sub-FC118_ses-2_task-renewal_fearROIs_bin_SN.csv,sub-FC118_ses-2_task-renewal_fearROIs_bin_BN.csv
PTSD,FC118,2,renewal,28,29,20,3,sub-FC118_ses-2_task-renewal_fearROIs_bin_SN.csv,sub-FC118_ses-2_task-renewal_fearROIs_bin_BN.csv
PTSD,FC118,2,renewal,29,30,20,3,sub-FC118_ses-2_task-renewal_fearROIs_bin_SN.csv,sub-FC118_ses-2_task-renewal_fearROIs_bin_BN.csv
PTSD,FC118,2,renewal,30,31,31,4,sub-FC118_ses-2_task-renewal_fearROIs_bin_SN.csv,sub-FC118_ses-2_task-renewal_fearROIs_bin_BN.csv
PTSD,FC118,2,renewal,31,32,32,4,sub-FC118_ses-2_task-renewal_fearROIs_bin_SN.csv,sub-FC118_ses-2_task-renewal_fearROIs_bin_BN.csv
PTSD,FC118,2,renewal,32,33,32,4,sub-FC118_ses-2_task-renewal_fearROIs_bin_SN.csv,sub-FC118_ses-2_task-renewal_fearROIs_bin_BN.csv
PTSD,FC118,2,renewal,33,34,9,1,sub-FC118_ses-2_task-renewal_fearROIs_bin_SN.csv,sub-FC118_ses-2_task-renewal_fearROIs_bin_BN.csv
PTSD,FC118,2,renewal,34,35,2,1,sub-FC118_ses-2_task-renewal_fearROIs_bin_SN.csv,sub-FC118_ses-2_task-renewal_fearROIs_bin_BN.csv
PTSD,FC118,2,renewal,35,36,2,1,sub-FC118_ses-2_task-renewal_fearROIs_bin_SN.csv,sub-FC118_ses-2_task-renewal_fearROIs_bin_BN.csv
PTSD,FC118,2,renewal,36,37,9,1,sub-FC118_ses-2_task-renewal_fearROIs_bin_SN.csv,sub-FC118_ses-2_task-renewal_fearROIs_bin_BN.csv
PTSD,FC118,2,renewal,37,38,2,1,sub-FC118_ses-2_task-renewal_fearROIs_bin_SN.csv,sub-FC118_ses-2_task-renewal_fearROIs_bin_BN.csv
PTSD,FC118,2,renewal,38,39,32,4,sub-FC118_ses-2_task-renewal_fearROIs_bin_SN.csv,sub-FC118_ses-2_task-renewal_fearROIs_bin_BN.csv
PTSD,FC118,2,renewal,39,40,1,1,sub-FC118_ses-2_task-renewal_fearROIs_bin_SN.csv,sub-FC118_ses-2_task-renewal_fearROIs_bin_BN.csv
PTSD,FC118,2,renewal,40,41,6,1,sub-FC118_ses-2_task-renewal_fearROIs_bin_SN.csv,sub-FC118_ses-2_task-renewal_fearROIs_bin_BN.csv
PTSD,FC118,2,renewal,41,42,9,1,sub-FC118_ses-2_task-renewal_fearROIs_bin_SN.csv,sub-FC118_ses-2_task-renewal_fearROIs_bin_BN.csv
PTSD,FC118,2,renewal,42,43,23,4,sub-FC118_ses-2_task-renewal_fearROIs_bin_SN.csv,sub-FC118_ses-2_task-renewal_fearROIs_bin_BN.csv
PTSD,FC118,2,renewal,43,44,30,4,sub-FC118_ses-2_task-renewal_fearROIs_bin_SN.csv,sub-FC118_ses-2_task-renewal_fearROIs_bin_BN.csv
PTSD,FC118,2,renewal,44,45,15,2,sub-FC118_ses-2_task-renewal_fearROIs_bin_SN.csv,sub-FC118_ses-2_task-renewal_fearROIs_bin_BN.csv
PTSD,FC118,2,renewal,45,46,1,1,sub-FC118_ses-2_task-renewal_fearROIs_bin_SN.csv,sub-FC118_ses-2_task-renewal_fearROIs_bin_BN.csv
PTSD,FC118,2,renewal,46,47,2,1,sub-FC118_ses-2_task-renewal_fearROIs_bin_SN.csv,sub-FC118_ses-2_task-renewal_fearROIs_bin_BN.csv
PTSD,FC118,2,renewal,47,48,32,4,sub-FC118_ses-2_task-renewal_fearROIs_bin_SN.csv,sub-FC118_ses-2_task-renewal_fearROIs_bin_BN.csv
PTSD,FC118,2,renewal,48,49,19,3,sub-FC118_ses-2_task-renewal_fearROIs_bin_SN.csv,sub-FC118_ses-2_task-renewal_fearROIs_bin_BN.csv
PTSD,FC118,2,renewal,49,50,1,1,sub-FC118_ses-2_task-renewal_fearROIs_bin_SN.csv,sub-FC118_ses-2_task-renewal_fearROIs_bin_BN.csv
PTSD,FC118,2,renewal,50,51,23,4,sub-FC118_ses-2_task-renewal_fearROIs_bin_SN.csv,sub-FC118_ses-2_task-renewal_fearROIs_bin_BN.csv
PTSD,FC118,2,renewal,51,52,20,3,sub-FC118_ses-2_task-renewal_fearROIs_bin_SN.csv,sub-FC118_ses-2_task-renewal_fearROIs_bin_BN.csv
PTSD,FC118,2,renewal,52,53,20,3,sub-FC118_ses-2_task-renewal_fearROIs_bin_SN.csv,sub-FC118_ses-2_task-renewal_fearROIs_bin_BN.csv
PTSD,FC118,2,renewal,53,54,28,4,sub-FC118_ses-2_task-renewal_fearROIs_bin_SN.csv,sub-FC118_ses-2_task-renewal_fearROIs_bin_BN.csv
PTSD,FC118,2,renewal,54,55,29,2,sub-FC118_ses-2_task-renewal_fearROIs_bin_SN.csv,sub-FC118_ses-2_task-renewal_fearROIs_bin_BN.csv
PTSD,FC118,2,renewal,55,56,10,1,sub-FC118_ses-2_task-renewal_fearROIs_bin_SN.csv,sub-FC118_ses-2_task-renewal_fearROIs_bin_BN.csv
PTSD,FC118,2,renewal,56,57,19,3,sub-FC118_ses-2_task-renewal_fearROIs_bin_SN.csv,sub-FC118_ses-2_task-renewal_fearROIs_bin_BN.csv
PTSD,FC118,2,renewal,57,58,29,2,sub-FC118_ses-2_task-renewal_fearROIs_bin_SN.csv,sub-FC118_ses-2_task-renewal_fearROIs_bin_BN.csv
PTSD,FC118,2,renewal,58,59,26,4,sub-FC118_ses-2_task-renewal_fearROIs_bin_SN.csv,sub-FC118_ses-2_task-renewal_fearROIs_bin_BN.csv
PTSD,FC118,2,renewal,59,60,29,2,sub-FC118_ses-2_task-renewal_fearROIs_bin_SN.csv,sub-FC118_ses-2_task-renewal_fearROIs_bin_BN.csv
PTSD,FC118,2,renewal,60,61,20,3,sub-FC118_ses-2_task-renewal_fearROIs_bin_SN.csv,sub-FC118_ses-2_task-renewal_fearROIs_bin_BN.csv
PTSD,FC118,2,renewal,61,62,32,4,sub-FC118_ses-2_task-renewal_fearROIs_bin_SN.csv,sub-FC118_ses-2_task-renewal_fearROIs_bin_BN.csv
PTSD,FC118,2,renewal,62,63,13,2,sub-FC118_ses-2_task-renewal_fearROIs_bin_SN.csv,sub-FC118_ses-2_task-renewal_fearROIs_bin_BN.csv
PTSD,FC118,2,renewal,63,64,5,1,sub-FC118_ses-2_task-renewal_fearROIs_bin_SN.csv,sub-FC118_ses-2_task-renewal_fearROIs_bin_BN.csv
PTSD,FC118,2,renewal,64,65,15,2,sub-FC118_ses-2_task-renewal_fearROIs_bin_SN.csv,sub-FC118_ses-2_task-renewal_fearROIs_bin_BN.csv
PTSD,FC118,2,renewal,65,66,29,2,sub-FC118_ses-2_task-renewal_fearROIs_bin_SN.csv,sub-FC118_ses-2_task-renewal_fearROIs_bin_BN.csv
PTSD,FC118,2,renewal,66,67,24,4,sub-FC118_ses-2_task-renewal_fearROIs_bin_SN.csv,sub-FC118_ses-2_task-renewal_fearROIs_bin_BN.csv
PTSD,FC118,2,renewal,67,68,19,3,sub-FC118_ses-2_task-renewal_fearROIs_bin_SN.csv,sub-FC118_ses-2_task-renewal_fearROIs_bin_BN.csv
PTSD,FC118,2,renewal,68,69,11,1,sub-FC118_ses-2_task-renewal_fearROIs_bin_SN.csv,sub-FC118_ses-2_task-renewal_fearROIs_bin_BN.csv
PTSD,FC118,2,renewal,69,70,31,4,sub-FC118_ses-2_task-renewal_fearROIs_bin_SN.csv,sub-FC118_ses-2_task-renewal_fearROIs_bin_BN.csv
PTSD,FC118,2,renewal,70,71,32,4,sub-FC118_ses-2_task-renewal_fearROIs_bin_SN.csv,sub-FC118_ses-2_task-renewal_fearROIs_bin_BN.csv
PTSD,FC118,2,renewal,71,72,15,2,sub-FC118_ses-2_task-renewal_fearROIs_bin_SN.csv,sub-FC118_ses-2_task-renewal_fearROIs_bin_BN.csv
PTSD,FC118,2,renewal,72,73,3,1,sub-FC118_ses-2_task-renewal_fearROIs_bin_SN.csv,sub-FC118_ses-2_task-renewal_fearROIs_bin_BN.csv
PTSD,FC118,2,renewal,73,74,2,1,sub-FC118_ses-2_task-renewal_fearROIs_bin_SN.csv,sub-FC118_ses-2_task-renewal_fearROIs_bin_BN.csv
PTSD,FC118,2,renewal,74,75,6,1,sub-FC118_ses-2_task-renewal_fearROIs_bin_SN.csv,sub-FC118_ses-2_task-renewal_fearROIs_bin_BN.csv
PTSD,FC118,2,renewal,75,76,1,1,sub-FC118_ses-2_task-renewal_fearROIs_bin_SN.csv,sub-FC118_ses-2_task-renewal_fearROIs_bin_BN.csv
PTSD,FC118,2,renewal,76,77,8,3,sub-FC118_ses-2_task-renewal_fearROIs_bin_SN.csv,sub-FC118_ses-2_task-renewal_fearROIs_bin_BN.csv
PTSD,FC118,2,renewal,77,78,10,1,sub-FC118_ses-2_task-renewal_fearROIs_bin_SN.csv,sub-FC118_ses-2_task-renewal_fearROIs_bin_BN.csv
PTSD,FC118,2,renewal,78,79,1,1,sub-FC118_ses-2_task-renewal_fearROIs_bin_SN.csv,sub-FC118_ses-2_task-renewal_fearROIs_bin_BN.csv
PTSD,FC118,2,renewal,79,80,17,1,sub-FC118_ses-2_task-renewal_fearROIs_bin_SN.csv,sub-FC118_ses-2_task-renewal_fearROIs_bin_BN.csv
PTSD,FC118,2,renewal,80,81,2,1,sub-FC118_ses-2_task-renewal_fearROIs_bin_SN.csv,sub-FC118_ses-2_task-renewal_fearROIs_bin_BN.csv
PTSD,FC118,2,renewal,81,82,31,4,sub-FC118_ses-2_task-renewal_fearROIs_bin_SN.csv,sub-FC118_ses-2_task-renewal_fearROIs_bin_BN.csv
PTSD,FC118,2,renewal,82,83,27,4,sub-FC118_ses-2_task-renewal_fearROIs_bin_SN.csv,sub-FC118_ses-2_task-renewal_fearROIs_bin_BN.csv
PTSD,FC118,2,renewal,83,84,14,2,sub-FC118_ses-2_task-renewal_fearROIs_bin_SN.csv,sub-FC118_ses-2_task-renewal_fearROIs_bin_BN.csv
PTSD,FC118,2,renewal,84,85,31,4,sub-FC118_ses-2_task-renewal_fearROIs_bin_SN.csv,sub-FC118_ses-2_task-renewal_fearROIs_bin_BN.csv
PTSD,FC118,2,renewal,85,86,25,1,sub-FC118_ses-2_task-renewal_fearROIs_bin_SN.csv,sub-FC118_ses-2_task-renewal_fearROIs_bin_BN.csv
PTSD,FC118,2,renewal,86,87,28,4,sub-FC118_ses-2_task-renewal_fearROIs_bin_SN.csv,sub-FC118_ses-2_task-renewal_fearROIs_bin_BN.csv
PTSD,FC118,2,renewal,87,88,6,1,sub-FC118_ses-2_task-renewal_fearROIs_bin_SN.csv,sub-FC118_ses-2_task-renewal_fearROIs_bin_BN.csv
PTSD,FC118,2,renewal,88,89,7,1,sub-FC118_ses-2_task-renewal_fearROIs_bin_SN.csv,sub-FC118_ses-2_task-renewal_fearROIs_bin_BN.csv
PTSD,FC118,2,renewal,89,90,32,4,sub-FC118_ses-2_task-renewal_fearROIs_bin_SN.csv,sub-FC118_ses-2_task-renewal_fearROIs_bin_BN.csv
PTSD,FC118,2,renewal,90,91,14,2,sub-FC118_ses-2_task-renewal_fearROIs_bin_SN.csv,sub-FC118_ses-2_task-renewal_fearROIs_bin_BN.csv
PTSD,FC118,2,renewal,91,92,31,4,sub-FC118_ses-2_task-renewal_fearROIs_bin_SN.csv,sub-FC118_ses-2_task-renewal_fearROIs_bin_BN.csv
PTSD,FC118,2,renewal,92,93,24,4,sub-FC118_ses-2_task-renewal_fearROIs_bin_SN.csv,sub-FC118_ses-2_task-renewal_fearROIs_bin_BN.csv
PTSD,FC118,2,renewal,93,94,13,2,sub-FC118_ses-2_task-renewal_fearROIs_bin_SN.csv,sub-FC118_ses-2_task-renewal_fearROIs_bin_BN.csv
PTSD,FC118,2,renewal,94,95,23,4,sub-FC118_ses-2_task-renewal_fearROIs_bin_SN.csv,sub-FC118_ses-2_task-renewal_fearROIs_bin_BN.csv
PTSD,FC118,2,renewal,95,96,32,4,sub-FC118_ses-2_task-renewal_fearROIs_bin_SN.csv,sub-FC118_ses-2_task-renewal_fearROIs_bin_BN.csv
PTSD,FC118,2,renewal,96,97,1,1,sub-FC118_ses-2_task-renewal_fearROIs_bin_SN.csv,sub-FC118_ses-2_task-renewal_fearROIs_bin_BN.csv
PTSD,FC118,2,renewal,97,98,20,3,sub-FC118_ses-2_task-renewal_fearROIs_bin_SN.csv,sub-FC118_ses-2_task-renewal_fearROIs_bin_BN.csv
PTSD,FC118,2,renewal,98,99,20,3,sub-FC118_ses-2_task-renewal_fearROIs_bin_SN.csv,sub-FC118_ses-2_task-renewal_fearROIs_bin_BN.csv
PTSD,FC118,2,renewal,99,100,29,2,sub-FC118_ses-2_task-renewal_fearROIs_bin_SN.csv,sub-FC118_ses-2_task-renewal_fearROIs_bin_BN.csv
PTSD,FC118,2,renewal,100,101,14,2,sub-FC118_ses-2_task-renewal_fearROIs_bin_SN.csv,sub-FC118_ses-2_task-renewal_fearROIs_bin_BN.csv
PTSD,FC118,2,renewal,101,102,2,1,sub-FC118_ses-2_task-renewal_fearROIs_bin_SN.csv,sub-FC118_ses-2_task-renewal_fearROIs_bin_BN.csv
PTSD,FC118,2,renewal,102,103,19,3,sub-FC118_ses-2_task-renewal_fearROIs_bin_SN.csv,sub-FC118_ses-2_task-renewal_fearROIs_bin_BN.csv
PTSD,FC118,2,renewal,103,104,24,4,sub-FC118_ses-2_task-renewal_fearROIs_bin_SN.csv,sub-FC118_ses-2_task-renewal_fearROIs_bin_BN.csv
PTSD,FC118,2,renewal,104,105,1,1,sub-FC118_ses-2_task-renewal_fearROIs_bin_SN.csv,sub-FC118_ses-2_task-renewal_fearROIs_bin_BN.csv
PTSD,FC118,2,renewal,105,106,1,1,sub-FC118_ses-2_task-renewal_fearROIs_bin_SN.csv,sub-FC118_ses-2_task-renewal_fearROIs_bin_BN.csv
PTSD,FC118,2,renewal,106,107,8,3,sub-FC118_ses-2_task-renewal_fearROIs_bin_SN.csv,sub-FC118_ses-2_task-renewal_fearROIs_bin_BN.csv
PTSD,FC120,2,renewal,0,1,9,1,sub-FC120_ses-2_task-renewal_fearROIs_bin_SN.csv,sub-FC120_ses-2_task-renewal_fearROIs_bin_BN.csv
PTSD,FC120,2,renewal,1,2,5,1,sub-FC120_ses-2_task-renewal_fearROIs_bin_SN.csv,sub-FC120_ses-2_task-renewal_fearROIs_bin_BN.csv
PTSD,FC120,2,renewal,2,3,28,4,sub-FC120_ses-2_task-renewal_fearROIs_bin_SN.csv,sub-FC120_ses-2_task-renewal_fearROIs_bin_BN.csv
PTSD,FC120,2,renewal,3,4,21,1,sub-FC120_ses-2_task-renewal_fearROIs_bin_SN.csv,sub-FC120_ses-2_task-renewal_fearROIs_bin_BN.csv
PTSD,FC120,2,renewal,4,5,2,1,sub-FC120_ses-2_task-renewal_fearROIs_bin_SN.csv,sub-FC120_ses-2_task-renewal_fearROIs_bin_BN.csv
PTSD,FC120,2,renewal,5,6,30,4,sub-FC120_ses-2_task-renewal_fearROIs_bin_SN.csv,sub-FC120_ses-2_task-renewal_fearROIs_bin_BN.csv
PTSD,FC120,2,renewal,6,7,7,1,sub-FC120_ses-2_task-renewal_fearROIs_bin_SN.csv,sub-FC120_ses-2_task-renewal_fearROIs_bin_BN.csv
PTSD,FC120,2,renewal,7,8,20,3,sub-FC120_ses-2_task-renewal_fearROIs_bin_SN.csv,sub-FC120_ses-2_task-renewal_fearROIs_bin_BN.csv
PTSD,FC120,2,renewal,8,9,18,3,sub-FC120_ses-2_task-renewal_fearROIs_bin_SN.csv,sub-FC120_ses-2_task-renewal_fearROIs_bin_BN.csv
PTSD,FC120,2,renewal,9,10,6,1,sub-FC120_ses-2_task-renewal_fearROIs_bin_SN.csv,sub-FC120_ses-2_task-renewal_fearROIs_bin_BN.csv
PTSD,FC120,2,renewal,10,11,13,2,sub-FC120_ses-2_task-renewal_fearROIs_bin_SN.csv,sub-FC120_ses-2_task-renewal_fearROIs_bin_BN.csv
PTSD,FC120,2,renewal,11,12,2,1,sub-FC120_ses-2_task-renewal_fearROIs_bin_SN.csv,sub-FC120_ses-2_task-renewal_fearROIs_bin_BN.csv
PTSD,FC120,2,renewal,12,13,3,1,sub-FC120_ses-2_task-renewal_fearROIs_bin_SN.csv,sub-FC120_ses-2_task-renewal_fearROIs_bin_BN.csv
PTSD,FC120,2,renewal,13,14,32,4,sub-FC120_ses-2_task-renewal_fearROIs_bin_SN.csv,sub-FC120_ses-2_task-renewal_fearROIs_bin_BN.csv
PTSD,FC120,2,renewal,14,15,31,4,sub-FC120_ses-2_task-renewal_fearROIs_bin_SN.csv,sub-FC120_ses-2_task-renewal_fearROIs_bin_BN.csv
PTSD,FC120,2,renewal,15,16,32,4,sub-FC120_ses-2_task-renewal_fearROIs_bin_SN.csv,sub-FC120_ses-2_task-renewal_fearROIs_bin_BN.csv
PTSD,FC120,2,renewal,16,17,21,1,sub-FC120_ses-2_task-renewal_fearROIs_bin_SN.csv,sub-FC120_ses-2_task-renewal_fearROIs_bin_BN.csv
PTSD,FC120,2,renewal,17,18,20,3,sub-FC120_ses-2_task-renewal_fearROIs_bin_SN.csv,sub-FC120_ses-2_task-renewal_fearROIs_bin_BN.csv
PTSD,FC120,2,renewal,18,19,29,2,sub-FC120_ses-2_task-renewal_fearROIs_bin_SN.csv,sub-FC120_ses-2_task-renewal_fearROIs_bin_BN.csv
PTSD,FC120,2,renewal,19,20,16,4,sub-FC120_ses-2_task-renewal_fearROIs_bin_SN.csv,sub-FC120_ses-2_task-renewal_fearROIs_bin_BN.csv
PTSD,FC120,2,renewal,20,21,13,2,sub-FC120_ses-2_task-renewal_fearROIs_bin_SN.csv,sub-FC120_ses-2_task-renewal_fearROIs_bin_BN.csv
PTSD,FC120,2,renewal,21,22,8,3,sub-FC120_ses-2_task-renewal_fearROIs_bin_SN.csv,sub-FC120_ses-2_task-renewal_fearROIs_bin_BN.csv
PTSD,FC120,2,renewal,22,23,2,1,sub-FC120_ses-2_task-renewal_fearROIs_bin_SN.csv,sub-FC120_ses-2_task-renewal_fearROIs_bin_BN.csv
PTSD,FC120,2,renewal,23,24,3,1,sub-FC120_ses-2_task-renewal_fearROIs_bin_SN.csv,sub-FC120_ses-2_task-renewal_fearROIs_bin_BN.csv
PTSD,FC120,2,renewal,24,25,15,2,sub-FC120_ses-2_task-renewal_fearROIs_bin_SN.csv,sub-FC120_ses-2_task-renewal_fearROIs_bin_BN.csv
PTSD,FC120,2,renewal,25,26,29,2,sub-FC120_ses-2_task-renewal_fearROIs_bin_SN.csv,sub-FC120_ses-2_task-renewal_fearROIs_bin_BN.csv
PTSD,FC120,2,renewal,26,27,27,4,sub-FC120_ses-2_task-renewal_fearROIs_bin_SN.csv,sub-FC120_ses-2_task-renewal_fearROIs_bin_BN.csv
PTSD,FC120,2,renewal,27,28,25,1,sub-FC120_ses-2_task-renewal_fearROIs_bin_SN.csv,sub-FC120_ses-2_task-renewal_fearROIs_bin_BN.csv
PTSD,FC120,2,renewal,28,29,11,1,sub-FC120_ses-2_task-renewal_fearROIs_bin_SN.csv,sub-FC120_ses-2_task-renewal_fearROIs_bin_BN.csv
PTSD,FC120,2,renewal,29,30,18,3,sub-FC120_ses-2_task-renewal_fearROIs_bin_SN.csv,sub-FC120_ses-2_task-renewal_fearROIs_bin_BN.csv
PTSD,FC120,2,renewal,30,31,7,1,sub-FC120_ses-2_task-renewal_fearROIs_bin_SN.csv,sub-FC120_ses-2_task-renewal_fearROIs_bin_BN.csv
PTSD,FC120,2,renewal,31,32,14,2,sub-FC120_ses-2_task-renewal_fearROIs_bin_SN.csv,sub-FC120_ses-2_task-renewal_fearROIs_bin_BN.csv
PTSD,FC120,2,renewal,32,33,7,1,sub-FC120_ses-2_task-renewal_fearROIs_bin_SN.csv,sub-FC120_ses-2_task-renewal_fearROIs_bin_BN.csv
PTSD,FC120,2,renewal,33,34,12,3,sub-FC120_ses-2_task-renewal_fearROIs_bin_SN.csv,sub-FC120_ses-2_task-renewal_fearROIs_bin_BN.csv
PTSD,FC120,2,renewal,34,35,25,1,sub-FC120_ses-2_task-renewal_fearROIs_bin_SN.csv,sub-FC120_ses-2_task-renewal_fearROIs_bin_BN.csv
PTSD,FC120,2,renewal,35,36,4,3,sub-FC120_ses-2_task-renewal_fearROIs_bin_SN.csv,sub-FC120_ses-2_task-renewal_fearROIs_bin_BN.csv
PTSD,FC120,2,renewal,36,37,32,4,sub-FC120_ses-2_task-renewal_fearROIs_bin_SN.csv,sub-FC120_ses-2_task-renewal_fearROIs_bin_BN.csv
PTSD,FC120,2,renewal,37,38,7,1,sub-FC120_ses-2_task-renewal_fearROIs_bin_SN.csv,sub-FC120_ses-2_task-renewal_fearROIs_bin_BN.csv
PTSD,FC120,2,renewal,38,39,6,1,sub-FC120_ses-2_task-renewal_fearROIs_bin_SN.csv,sub-FC120_ses-2_task-renewal_fearROIs_bin_BN.csv
PTSD,FC120,2,renewal,39,40,26,4,sub-FC120_ses-2_task-renewal_fearROIs_bin_SN.csv,sub-FC120_ses-2_task-renewal_fearROIs_bin_BN.csv
PTSD,FC120,2,renewal,40,41,21,1,sub-FC120_ses-2_task-renewal_fearROIs_bin_SN.csv,sub-FC120_ses-2_task-renewal_fearROIs_bin_BN.csv
PTSD,FC120,2,renewal,41,42,20,3,sub-FC120_ses-2_task-renewal_fearROIs_bin_SN.csv,sub-FC120_ses-2_task-renewal_fearROIs_bin_BN.csv
PTSD,FC120,2,renewal,42,43,30,4,sub-FC120_ses-2_task-renewal_fearROIs_bin_SN.csv,sub-FC120_ses-2_task-renewal_fearROIs_bin_BN.csv
PTSD,FC120,2,renewal,43,44,8,3,sub-FC120_ses-2_task-renewal_fearROIs_bin_SN.csv,sub-FC120_ses-2_task-renewal_fearROIs_bin_BN.csv
PTSD,FC120,2,renewal,44,45,11,1,sub-FC120_ses-2_task-renewal_fearROIs_bin_SN.csv,sub-FC120_ses-2_task-renewal_fearROIs_bin_BN.csv
PTSD,FC120,2,renewal,45,46,9,1,sub-FC120_ses-2_task-renewal_fearROIs_bin_SN.csv,sub-FC120_ses-2_task-renewal_fearROIs_bin_BN.csv
PTSD,FC120,2,renewal,46,47,1,1,sub-FC120_ses-2_task-renewal_fearROIs_bin_SN.csv,sub-FC120_ses-2_task-renewal_fearROIs_bin_BN.csv
PTSD,FC120,2,renewal,47,48,28,4,sub-FC120_ses-2_task-renewal_fearROIs_bin_SN.csv,sub-FC120_ses-2_task-renewal_fearROIs_bin_BN.csv
PTSD,FC120,2,renewal,48,49,16,4,sub-FC120_ses-2_task-renewal_fearROIs_bin_SN.csv,sub-FC120_ses-2_task-renewal_fearROIs_bin_BN.csv
PTSD,FC120,2,renewal,49,50,1,1,sub-FC120_ses-2_task-renewal_fearROIs_bin_SN.csv,sub-FC120_ses-2_task-renewal_fearROIs_bin_BN.csv
PTSD,FC120,2,renewal,50,51,1,1,sub-FC120_ses-2_task-renewal_fearROIs_bin_SN.csv,sub-FC120_ses-2_task-renewal_fearROIs_bin_BN.csv
PTSD,FC120,2,renewal,51,52,25,1,sub-FC120_ses-2_task-renewal_fearROIs_bin_SN.csv,sub-FC120_ses-2_task-renewal_fearROIs_bin_BN.csv
PTSD,FC120,2,renewal,52,53,29,2,sub-FC120_ses-2_task-renewal_fearROIs_bin_SN.csv,sub-FC120_ses-2_task-renewal_fearROIs_bin_BN.csv
PTSD,FC120,2,renewal,53,54,10,1,sub-FC120_ses-2_task-renewal_fearROIs_bin_SN.csv,sub-FC120_ses-2_task-renewal_fearROIs_bin_BN.csv
PTSD,FC120,2,renewal,54,55,28,4,sub-FC120_ses-2_task-renewal_fearROIs_bin_SN.csv,sub-FC120_ses-2_task-renewal_fearROIs_bin_BN.csv
PTSD,FC120,2,renewal,55,56,19,3,sub-FC120_ses-2_task-renewal_fearROIs_bin_SN.csv,sub-FC120_ses-2_task-renewal_fearROIs_bin_BN.csv
PTSD,FC120,2,renewal,56,57,24,4,sub-FC120_ses-2_task-renewal_fearROIs_bin_SN.csv,sub-FC120_ses-2_task-renewal_fearROIs_bin_BN.csv
PTSD,FC120,2,renewal,57,58,19,3,sub-FC120_ses-2_task-renewal_fearROIs_bin_SN.csv,sub-FC120_ses-2_task-renewal_fearROIs_bin_BN.csv
PTSD,FC120,2,renewal,58,59,1,1,sub-FC120_ses-2_task-renewal_fearROIs_bin_SN.csv,sub-FC120_ses-2_task-renewal_fearROIs_bin_BN.csv
PTSD,FC120,2,renewal,59,60,31,4,sub-FC120_ses-2_task-renewal_fearROIs_bin_SN.csv,sub-FC120_ses-2_task-renewal_fearROIs_bin_BN.csv
PTSD,FC120,2,renewal,60,61,29,2,sub-FC120_ses-2_task-renewal_fearROIs_bin_SN.csv,sub-FC120_ses-2_task-renewal_fearROIs_bin_BN.csv
PTSD,FC120,2,renewal,61,62,15,2,sub-FC120_ses-2_task-renewal_fearROIs_bin_SN.csv,sub-FC120_ses-2_task-renewal_fearROIs_bin_BN.csv
PTSD,FC120,2,renewal,62,63,20,3,sub-FC120_ses-2_task-renewal_fearROIs_bin_SN.csv,sub-FC120_ses-2_task-renewal_fearROIs_bin_BN.csv
PTSD,FC120,2,renewal,63,64,6,1,sub-FC120_ses-2_task-renewal_fearROIs_bin_SN.csv,sub-FC120_ses-2_task-renewal_fearROIs_bin_BN.csv
PTSD,FC120,2,renewal,64,65,16,4,sub-FC120_ses-2_task-renewal_fearROIs_bin_SN.csv,sub-FC120_ses-2_task-renewal_fearROIs_bin_BN.csv
PTSD,FC120,2,renewal,65,66,20,3,sub-FC120_ses-2_task-renewal_fearROIs_bin_SN.csv,sub-FC120_ses-2_task-renewal_fearROIs_bin_BN.csv
PTSD,FC120,2,renewal,66,67,14,2,sub-FC120_ses-2_task-renewal_fearROIs_bin_SN.csv,sub-FC120_ses-2_task-renewal_fearROIs_bin_BN.csv
PTSD,FC120,2,renewal,67,68,21,1,sub-FC120_ses-2_task-renewal_fearROIs_bin_SN.csv,sub-FC120_ses-2_task-renewal_fearROIs_bin_BN.csv
PTSD,FC120,2,renewal,68,69,9,1,sub-FC120_ses-2_task-renewal_fearROIs_bin_SN.csv,sub-FC120_ses-2_task-renewal_fearROIs_bin_BN.csv
PTSD,FC120,2,renewal,69,70,25,1,sub-FC120_ses-2_task-renewal_fearROIs_bin_SN.csv,sub-FC120_ses-2_task-renewal_fearROIs_bin_BN.csv
PTSD,FC120,2,renewal,70,71,20,3,sub-FC120_ses-2_task-renewal_fearROIs_bin_SN.csv,sub-FC120_ses-2_task-renewal_fearROIs_bin_BN.csv
PTSD,FC120,2,renewal,71,72,18,3,sub-FC120_ses-2_task-renewal_fearROIs_bin_SN.csv,sub-FC120_ses-2_task-renewal_fearROIs_bin_BN.csv
PTSD,FC120,2,renewal,72,73,5,1,sub-FC120_ses-2_task-renewal_fearROIs_bin_SN.csv,sub-FC120_ses-2_task-renewal_fearROIs_bin_BN.csv
PTSD,FC120,2,renewal,73,74,19,3,sub-FC120_ses-2_task-renewal_fearROIs_bin_SN.csv,sub-FC120_ses-2_task-renewal_fearROIs_bin_BN.csv
PTSD,FC120,2,renewal,74,75,8,3,sub-FC120_ses-2_task-renewal_fearROIs_bin_SN.csv,sub-FC120_ses-2_task-renewal_fearROIs_bin_BN.csv
PTSD,FC120,2,renewal,75,76,4,3,sub-FC120_ses-2_task-renewal_fearROIs_bin_SN.csv,sub-FC120_ses-2_task-renewal_fearROIs_bin_BN.csv
PTSD,FC120,2,renewal,76,77,11,1,sub-FC120_ses-2_task-renewal_fearROIs_bin_SN.csv,sub-FC120_ses-2_task-renewal_fearROIs_bin_BN.csv
PTSD,FC120,2,renewal,77,78,20,3,sub-FC120_ses-2_task-renewal_fearROIs_bin_SN.csv,sub-FC120_ses-2_task-renewal_fearROIs_bin_BN.csv
PTSD,FC120,2,renewal,78,79,14,2,sub-FC120_ses-2_task-renewal_fearROIs_bin_SN.csv,sub-FC120_ses-2_task-renewal_fearROIs_bin_BN.csv
PTSD,FC120,2,renewal,79,80,15,2,sub-FC120_ses-2_task-renewal_fearROIs_bin_SN.csv,sub-FC120_ses-2_task-renewal_fearROIs_bin_BN.csv
PTSD,FC120,2,renewal,80,81,9,1,sub-FC120_ses-2_task-renewal_fearROIs_bin_SN.csv,sub-FC120_ses-2_task-renewal_fearROIs_bin_BN.csv
PTSD,FC120,2,renewal,81,82,5,1,sub-FC120_ses-2_task-renewal_fearROIs_bin_SN.csv,sub-FC120_ses-2_task-renewal_fearROIs_bin_BN.csv
PTSD,FC120,2,renewal,82,83,13,2,sub-FC120_ses-2_task-renewal_fearROIs_bin_SN.csv,sub-FC120_ses-2_task-renewal_fearROIs_bin_BN.csv
PTSD,FC120,2,renewal,83,84,19,3,sub-FC120_ses-2_task-renewal_fearROIs_bin_SN.csv,sub-FC120_ses-2_task-renewal_fearROIs_bin_BN.csv
PTSD,FC120,2,renewal,84,85,4,3,sub-FC120_ses-2_task-renewal_fearROIs_bin_SN.csv,sub-FC120_ses-2_task-renewal_fearROIs_bin_BN.csv
PTSD,FC120,2,renewal,85,86,18,3,sub-FC120_ses-2_task-renewal_fearROIs_bin_SN.csv,sub-FC120_ses-2_task-renewal_fearROIs_bin_BN.csv
PTSD,FC120,2,renewal,86,87,3,1,sub-FC120_ses-2_task-renewal_fearROIs_bin_SN.csv,sub-FC120_ses-2_task-renewal_fearROIs_bin_BN.csv
PTSD,FC120,2,renewal,87,88,16,4,sub-FC120_ses-2_task-renewal_fearROIs_bin_SN.csv,sub-FC120_ses-2_task-renewal_fearROIs_bin_BN.csv
PTSD,FC120,2,renewal,88,89,30,4,sub-FC120_ses-2_task-renewal_fearROIs_bin_SN.csv,sub-FC120_ses-2_task-renewal_fearROIs_bin_BN.csv
PTSD,FC120,2,renewal,89,90,13,2,sub-FC120_ses-2_task-renewal_fearROIs_bin_SN.csv,sub-FC120_ses-2_task-renewal_fearROIs_bin_BN.csv
PTSD,FC120,2,renewal,90,91,20,3,sub-FC120_ses-2_task-renewal_fearROIs_bin_SN.csv,sub-FC120_ses-2_task-renewal_fearROIs_bin_BN.csv
PTSD,FC120,2,renewal,91,92,20,3,sub-FC120_ses-2_task-renewal_fearROIs_bin_SN.csv,sub-FC120_ses-2_task-renewal_fearROIs_bin_BN.csv
PTSD,FC120,2,renewal,92,93,20,3,sub-FC120_ses-2_task-renewal_fearROIs_bin_SN.csv,sub-FC120_ses-2_task-renewal_fearROIs_bin_BN.csv
PTSD,FC120,2,renewal,93,94,30,4,sub-FC120_ses-2_task-renewal_fearROIs_bin_SN.csv,sub-FC120_ses-2_task-renewal_fearROIs_bin_BN.csv
PTSD,FC120,2,renewal,94,95,31,4,sub-FC120_ses-2_task-renewal_fearROIs_bin_SN.csv,sub-FC120_ses-2_task-renewal_fearROIs_bin_BN.csv
PTSD,FC120,2,renewal,95,96,27,4,sub-FC120_ses-2_task-renewal_fearROIs_bin_SN.csv,sub-FC120_ses-2_task-renewal_fearROIs_bin_BN.csv
PTSD,FC120,2,renewal,96,97,29,2,sub-FC120_ses-2_task-renewal_fearROIs_bin_SN.csv,sub-FC120_ses-2_task-renewal_fearROIs_bin_BN.csv
PTSD,FC120,2,renewal,97,98,11,1,sub-FC120_ses-2_task-renewal_fearROIs_bin_SN.csv,sub-FC120_ses-2_task-renewal_fearROIs_bin_BN.csv
PTSD,FC120,2,renewal,98,99,29,2,sub-FC120_ses-2_task-renewal_fearROIs_bin_SN.csv,sub-FC120_ses-2_task-renewal_fearROIs_bin_BN.csv
PTSD,FC120,2,renewal,99,100,1,1,sub-FC120_ses-2_task-renewal_fearROIs_bin_SN.csv,sub-FC120_ses-2_task-renewal_fearROIs_bin_BN.csv
PTSD,FC120,2,renewal,100,101,26,4,sub-FC120_ses-2_task-renewal_fearROIs_bin_SN.csv,sub-FC120_ses-2_task-renewal_fearROIs_bin_BN.csv
PTSD,FC120,2,renewal,101,102,32,4,sub-FC120_ses-2_task-renewal_fearROIs_bin_SN.csv,sub-FC120_ses-2_task-renewal_fearROIs_bin_BN.csv
PTSD,FC120,2,renewal,102,103,30,4,sub-FC120_ses-2_task-renewal_fearROIs_bin_SN.csv,sub-FC120_ses-2_task-renewal_fearROIs_bin_BN.csv
PTSD,FC120,2,renewal,103,104,20,3,sub-FC120_ses-2_task-renewal_fearROIs_bin_SN.csv,sub-FC120_ses-2_task-renewal_fearROIs_bin_BN.csv
PTSD,FC120,2,renewal,104,105,6,1,sub-FC120_ses-2_task-renewal_fearROIs_bin_SN.csv,sub-FC120_ses-2_task-renewal_fearROIs_bin_BN.csv
PTSD,FC120,2,renewal,105,106,3,1,sub-FC120_ses-2_task-renewal_fearROIs_bin_SN.csv,sub-FC120_ses-2_task-renewal_fearROIs_bin_BN.csv
PTSD,FC120,2,renewal,106,107,1,1,sub-FC120_ses-2_task-renewal_fearROIs_bin_SN.csv,sub-FC120_ses-2_task-renewal_fearROIs_bin_BN.csv
PTSD,FC120,2,renewal,107,108,2,1,sub-FC120_ses-2_task-renewal_fearROIs_bin_SN.csv,sub-FC120_ses-2_task-renewal_fearROIs_bin_BN.csv
PTSD,FC120,2,renewal,108,109,6,1,sub-FC120_ses-2_task-renewal_fearROIs_bin_SN.csv,sub-FC120_ses-2_task-renewal_fearROIs_bin_BN.csv
PTSD,FC120,2,renewal,109,110,16,4,sub-FC120_ses-2_task-renewal_fearROIs_bin_SN.csv,sub-FC120_ses-2_task-renewal_fearROIs_bin_BN.csv
PTSD,FC120,2,renewal,110,111,18,3,sub-FC120_ses-2_task-renewal_fearROIs_bin_SN.csv,sub-FC120_ses-2_task-renewal_fearROIs_bin_BN.csv
PTSD,FC120,2,renewal,111,112,21,1,sub-FC120_ses-2_task-renewal_fearROIs_bin_SN.csv,sub-FC120_ses-2_task-renewal_fearROIs_bin_BN.csv
PTSD,FC120,2,renewal,112,113,3,1,sub-FC120_ses-2_task-renewal_fearROIs_bin_SN.csv,sub-FC120_ses-2_task-renewal_fearROIs_bin_BN.csv
PTSD,FC120,2,renewal,113,114,30,4,sub-FC120_ses-2_task-renewal_fearROIs_bin_SN.csv,sub-FC120_ses-2_task-renewal_fearROIs_bin_BN.csv
PTSD,FC120,2,renewal,114,115,15,2,sub-FC120_ses-2_task-renewal_fearROIs_bin_SN.csv,sub-FC120_ses-2_task-renewal_fearROIs_bin_BN.csv
PTSD,FC120,2,renewal,115,116,13,2,sub-FC120_ses-2_task-renewal_fearROIs_bin_SN.csv,sub-FC120_ses-2_task-renewal_fearROIs_bin_BN.csv
PTSD,FC120,2,renewal,116,117,16,4,sub-FC120_ses-2_task-renewal_fearROIs_bin_SN.csv,sub-FC120_ses-2_task-renewal_fearROIs_bin_BN.csv
PTSD,FC120,2,renewal,117,118,22,4,sub-FC120_ses-2_task-renewal_fearROIs_bin_SN.csv,sub-FC120_ses-2_task-renewal_fearROIs_bin_BN.csv
PTSD,FC120,2,renewal,118,119,20,3,sub-FC120_ses-2_task-renewal_fearROIs_bin_SN.csv,sub-FC120_ses-2_task-renewal_fearROIs_bin_BN.csv
PTSD,FC120,2,renewal,119,120,29,2,sub-FC120_ses-2_task-renewal_fearROIs_bin_SN.csv,sub-FC120_ses-2_task-renewal_fearROIs_bin_BN.csv
PTSD,FC120,2,renewal,120,121,27,4,sub-FC120_ses-2_task-renewal_fearROIs_bin_SN.csv,sub-FC120_ses-2_task-renewal_fearROIs_bin_BN.csv
PTSD,FC121,2,renewal,0,1,31,4,sub-FC121_ses-2_task-renewal_fearROIs_bin_SN.csv,sub-FC121_ses-2_task-renewal_fearROIs_bin_BN.csv
PTSD,FC121,2,renewal,1,2,20,3,sub-FC121_ses-2_task-renewal_fearROIs_bin_SN.csv,sub-FC121_ses-2_task-renewal_fearROIs_bin_BN.csv
PTSD,FC121,2,renewal,2,3,18,3,sub-FC121_ses-2_task-renewal_fearROIs_bin_SN.csv,sub-FC121_ses-2_task-renewal_fearROIs_bin_BN.csv
PTSD,FC121,2,renewal,3,4,4,3,sub-FC121_ses-2_task-renewal_fearROIs_bin_SN.csv,sub-FC121_ses-2_task-renewal_fearROIs_bin_BN.csv
PTSD,FC121,2,renewal,4,5,12,3,sub-FC121_ses-2_task-renewal_fearROIs_bin_SN.csv,sub-FC121_ses-2_task-renewal_fearROIs_bin_BN.csv
PTSD,FC121,2,renewal,5,6,16,4,sub-FC121_ses-2_task-renewal_fearROIs_bin_SN.csv,sub-FC121_ses-2_task-renewal_fearROIs_bin_BN.csv
PTSD,FC121,2,renewal,6,7,29,2,sub-FC121_ses-2_task-renewal_fearROIs_bin_SN.csv,sub-FC121_ses-2_task-renewal_fearROIs_bin_BN.csv
PTSD,FC121,2,renewal,7,8,1,1,sub-FC121_ses-2_task-renewal_fearROIs_bin_SN.csv,sub-FC121_ses-2_task-renewal_fearROIs_bin_BN.csv
PTSD,FC121,2,renewal,8,9,2,1,sub-FC121_ses-2_task-renewal_fearROIs_bin_SN.csv,sub-FC121_ses-2_task-renewal_fearROIs_bin_BN.csv
PTSD,FC121,2,renewal,9,10,1,1,sub-FC121_ses-2_task-renewal_fearROIs_bin_SN.csv,sub-FC121_ses-2_task-renewal_fearROIs_bin_BN.csv
PTSD,FC121,2,renewal,10,11,1,1,sub-FC121_ses-2_task-renewal_fearROIs_bin_SN.csv,sub-FC121_ses-2_task-renewal_fearROIs_bin_BN.csv
PTSD,FC121,2,renewal,11,12,31,4,sub-FC121_ses-2_task-renewal_fearROIs_bin_SN.csv,sub-FC121_ses-2_task-renewal_fearROIs_bin_BN.csv
PTSD,FC121,2,renewal,12,13,32,4,sub-FC121_ses-2_task-renewal_fearROIs_bin_SN.csv,sub-FC121_ses-2_task-renewal_fearROIs_bin_BN.csv
PTSD,FC121,2,renewal,13,14,29,2,sub-FC121_ses-2_task-renewal_fearROIs_bin_SN.csv,sub-FC121_ses-2_task-renewal_fearROIs_bin_BN.csv
PTSD,FC121,2,renewal,14,15,32,4,sub-FC121_ses-2_task-renewal_fearROIs_bin_SN.csv,sub-FC121_ses-2_task-renewal_fearROIs_bin_BN.csv
PTSD,FC121,2,renewal,15,16,20,3,sub-FC121_ses-2_task-renewal_fearROIs_bin_SN.csv,sub-FC121_ses-2_task-renewal_fearROIs_bin_BN.csv
PTSD,FC121,2,renewal,16,17,31,4,sub-FC121_ses-2_task-renewal_fearROIs_bin_SN.csv,sub-FC121_ses-2_task-renewal_fearROIs_bin_BN.csv
PTSD,FC121,2,renewal,17,18,8,3,sub-FC121_ses-2_task-renewal_fearROIs_bin_SN.csv,sub-FC121_ses-2_task-renewal_fearROIs_bin_BN.csv
PTSD,FC121,2,renewal,18,19,22,4,sub-FC121_ses-2_task-renewal_fearROIs_bin_SN.csv,sub-FC121_ses-2_task-renewal_fearROIs_bin_BN.csv
PTSD,FC121,2,renewal,19,20,31,4,sub-FC121_ses-2_task-renewal_fearROIs_bin_SN.csv,sub-FC121_ses-2_task-renewal_fearROIs_bin_BN.csv
PTSD,FC121,2,renewal,20,21,13,2,sub-FC121_ses-2_task-renewal_fearROIs_bin_SN.csv,sub-FC121_ses-2_task-renewal_fearROIs_bin_BN.csv
PTSD,FC121,2,renewal,21,22,12,3,sub-FC121_ses-2_task-renewal_fearROIs_bin_SN.csv,sub-FC121_ses-2_task-renewal_fearROIs_bin_BN.csv
PTSD,FC121,2,renewal,22,23,12,3,sub-FC121_ses-2_task-renewal_fearROIs_bin_SN.csv,sub-FC121_ses-2_task-renewal_fearROIs_bin_BN.csv
PTSD,FC121,2,renewal,23,24,15,2,sub-FC121_ses-2_task-renewal_fearROIs_bin_SN.csv,sub-FC121_ses-2_task-renewal_fearROIs_bin_BN.csv
PTSD,FC121,2,renewal,24,25,3,1,sub-FC121_ses-2_task-renewal_fearROIs_bin_SN.csv,sub-FC121_ses-2_task-renewal_fearROIs_bin_BN.csv
PTSD,FC121,2,renewal,25,26,23,4,sub-FC121_ses-2_task-renewal_fearROIs_bin_SN.csv,sub-FC121_ses-2_task-renewal_fearROIs_bin_BN.csv
PTSD,FC121,2,renewal,26,27,1,1,sub-FC121_ses-2_task-renewal_fearROIs_bin_SN.csv,sub-FC121_ses-2_task-renewal_fearROIs_bin_BN.csv
PTSD,FC121,2,renewal,27,28,1,1,sub-FC121_ses-2_task-renewal_fearROIs_bin_SN.csv,sub-FC121_ses-2_task-renewal_fearROIs_bin_BN.csv
PTSD,FC121,2,renewal,28,29,1,1,sub-FC121_ses-2_task-renewal_fearROIs_bin_SN.csv,sub-FC121_ses-2_task-renewal_fearROIs_bin_BN.csv
PTSD,FC121,2,renewal,29,30,14,2,sub-FC121_ses-2_task-renewal_fearROIs_bin_SN.csv,sub-FC121_ses-2_task-renewal_fearROIs_bin_BN.csv
PTSD,FC121,2,renewal,30,31,13,2,sub-FC121_ses-2_task-renewal_fearROIs_bin_SN.csv,sub-FC121_ses-2_task-renewal_fearROIs_bin_BN.csv
PTSD,FC121,2,renewal,31,32,14,2,sub-FC121_ses-2_task-renewal_fearROIs_bin_SN.csv,sub-FC121_ses-2_task-renewal_fearROIs_bin_BN.csv
PTSD,FC121,2,renewal,32,33,25,1,sub-FC121_ses-2_task-renewal_fearROIs_bin_SN.csv,sub-FC121_ses-2_task-renewal_fearROIs_bin_BN.csv
PTSD,FC121,2,renewal,33,34,31,4,sub-FC121_ses-2_task-renewal_fearROIs_bin_SN.csv,sub-FC121_ses-2_task-renewal_fearROIs_bin_BN.csv
PTSD,FC121,2,renewal,34,35,23,4,sub-FC121_ses-2_task-renewal_fearROIs_bin_SN.csv,sub-FC121_ses-2_task-renewal_fearROIs_bin_BN.csv
PTSD,FC121,2,renewal,35,36,20,3,sub-FC121_ses-2_task-renewal_fearROIs_bin_SN.csv,sub-FC121_ses-2_task-renewal_fearROIs_bin_BN.csv
PTSD,FC121,2,renewal,36,37,20,3,sub-FC121_ses-2_task-renewal_fearROIs_bin_SN.csv,sub-FC121_ses-2_task-renewal_fearROIs_bin_BN.csv
PTSD,FC121,2,renewal,37,38,27,4,sub-FC121_ses-2_task-renewal_fearROIs_bin_SN.csv,sub-FC121_ses-2_task-renewal_fearROIs_bin_BN.csv
PTSD,FC121,2,renewal,38,39,6,1,sub-FC121_ses-2_task-renewal_fearROIs_bin_SN.csv,sub-FC121_ses-2_task-renewal_fearROIs_bin_BN.csv
PTSD,FC121,2,renewal,39,40,14,2,sub-FC121_ses-2_task-renewal_fearROIs_bin_SN.csv,sub-FC121_ses-2_task-renewal_fearROIs_bin_BN.csv
PTSD,FC121,2,renewal,40,41,1,1,sub-FC121_ses-2_task-renewal_fearROIs_bin_SN.csv,sub-FC121_ses-2_task-renewal_fearROIs_bin_BN.csv
PTSD,FC121,2,renewal,41,42,17,1,sub-FC121_ses-2_task-renewal_fearROIs_bin_SN.csv,sub-FC121_ses-2_task-renewal_fearROIs_bin_BN.csv
PTSD,FC121,2,renewal,42,43,2,1,sub-FC121_ses-2_task-renewal_fearROIs_bin_SN.csv,sub-FC121_ses-2_task-renewal_fearROIs_bin_BN.csv
PTSD,FC121,2,renewal,43,44,26,4,sub-FC121_ses-2_task-renewal_fearROIs_bin_SN.csv,sub-FC121_ses-2_task-renewal_fearROIs_bin_BN.csv
PTSD,FC121,2,renewal,44,45,23,4,sub-FC121_ses-2_task-renewal_fearROIs_bin_SN.csv,sub-FC121_ses-2_task-renewal_fearROIs_bin_BN.csv
PTSD,FC121,2,renewal,45,46,31,4,sub-FC121_ses-2_task-renewal_fearROIs_bin_SN.csv,sub-FC121_ses-2_task-renewal_fearROIs_bin_BN.csv
PTSD,FC121,2,renewal,46,47,16,4,sub-FC121_ses-2_task-renewal_fearROIs_bin_SN.csv,sub-FC121_ses-2_task-renewal_fearROIs_bin_BN.csv
PTSD,FC121,2,renewal,47,48,28,4,sub-FC121_ses-2_task-renewal_fearROIs_bin_SN.csv,sub-FC121_ses-2_task-renewal_fearROIs_bin_BN.csv
PTSD,FC121,2,renewal,48,49,19,3,sub-FC121_ses-2_task-renewal_fearROIs_bin_SN.csv,sub-FC121_ses-2_task-renewal_fearROIs_bin_BN.csv
PTSD,FC121,2,renewal,49,50,10,1,sub-FC121_ses-2_task-renewal_fearROIs_bin_SN.csv,sub-FC121_ses-2_task-renewal_fearROIs_bin_BN.csv
PTSD,FC121,2,renewal,50,51,13,2,sub-FC121_ses-2_task-renewal_fearROIs_bin_SN.csv,sub-FC121_ses-2_task-renewal_fearROIs_bin_BN.csv
PTSD,FC121,2,renewal,51,52,13,2,sub-FC121_ses-2_task-renewal_fearROIs_bin_SN.csv,sub-FC121_ses-2_task-renewal_fearROIs_bin_BN.csv
PTSD,FC121,2,renewal,52,53,21,1,sub-FC121_ses-2_task-renewal_fearROIs_bin_SN.csv,sub-FC121_ses-2_task-renewal_fearROIs_bin_BN.csv
PTSD,FC121,2,renewal,53,54,9,1,sub-FC121_ses-2_task-renewal_fearROIs_bin_SN.csv,sub-FC121_ses-2_task-renewal_fearROIs_bin_BN.csv
PTSD,FC121,2,renewal,54,55,16,4,sub-FC121_ses-2_task-renewal_fearROIs_bin_SN.csv,sub-FC121_ses-2_task-renewal_fearROIs_bin_BN.csv
PTSD,FC121,2,renewal,55,56,21,1,sub-FC121_ses-2_task-renewal_fearROIs_bin_SN.csv,sub-FC121_ses-2_task-renewal_fearROIs_bin_BN.csv
PTSD,FC121,2,renewal,56,57,21,1,sub-FC121_ses-2_task-renewal_fearROIs_bin_SN.csv,sub-FC121_ses-2_task-renewal_fearROIs_bin_BN.csv
PTSD,FC121,2,renewal,57,58,32,4,sub-FC121_ses-2_task-renewal_fearROIs_bin_SN.csv,sub-FC121_ses-2_task-renewal_fearROIs_bin_BN.csv
PTSD,FC121,2,renewal,58,59,20,3,sub-FC121_ses-2_task-renewal_fearROIs_bin_SN.csv,sub-FC121_ses-2_task-renewal_fearROIs_bin_BN.csv
PTSD,FC121,2,renewal,59,60,18,3,sub-FC121_ses-2_task-renewal_fearROIs_bin_SN.csv,sub-FC121_ses-2_task-renewal_fearROIs_bin_BN.csv
PTSD,FC121,2,renewal,60,61,5,1,sub-FC121_ses-2_task-renewal_fearROIs_bin_SN.csv,sub-FC121_ses-2_task-renewal_fearROIs_bin_BN.csv
PTSD,FC121,2,renewal,61,62,32,4,sub-FC121_ses-2_task-renewal_fearROIs_bin_SN.csv,sub-FC121_ses-2_task-renewal_fearROIs_bin_BN.csv
PTSD,FC121,2,renewal,62,63,12,3,sub-FC121_ses-2_task-renewal_fearROIs_bin_SN.csv,sub-FC121_ses-2_task-renewal_fearROIs_bin_BN.csv
PTSD,FC121,2,renewal,63,64,20,3,sub-FC121_ses-2_task-renewal_fearROIs_bin_SN.csv,sub-FC121_ses-2_task-renewal_fearROIs_bin_BN.csv
PTSD,FC121,2,renewal,64,65,25,1,sub-FC121_ses-2_task-renewal_fearROIs_bin_SN.csv,sub-FC121_ses-2_task-renewal_fearROIs_bin_BN.csv
PTSD,FC121,2,renewal,65,66,7,1,sub-FC121_ses-2_task-renewal_fearROIs_bin_SN.csv,sub-FC121_ses-2_task-renewal_fearROIs_bin_BN.csv
PTSD,FC121,2,renewal,66,67,12,3,sub-FC121_ses-2_task-renewal_fearROIs_bin_SN.csv,sub-FC121_ses-2_task-renewal_fearROIs_bin_BN.csv
PTSD,FC121,2,renewal,67,68,24,4,sub-FC121_ses-2_task-renewal_fearROIs_bin_SN.csv,sub-FC121_ses-2_task-renewal_fearROIs_bin_BN.csv
PTSD,FC121,2,renewal,68,69,9,1,sub-FC121_ses-2_task-renewal_fearROIs_bin_SN.csv,sub-FC121_ses-2_task-renewal_fearROIs_bin_BN.csv
PTSD,FC121,2,renewal,69,70,28,4,sub-FC121_ses-2_task-renewal_fearROIs_bin_SN.csv,sub-FC121_ses-2_task-renewal_fearROIs_bin_BN.csv
PTSD,FC121,2,renewal,70,71,19,3,sub-FC121_ses-2_task-renewal_fearROIs_bin_SN.csv,sub-FC121_ses-2_task-renewal_fearROIs_bin_BN.csv
PTSD,FC121,2,renewal,71,72,32,4,sub-FC121_ses-2_task-renewal_fearROIs_bin_SN.csv,sub-FC121_ses-2_task-renewal_fearROIs_bin_BN.csv
PTSD,FC121,2,renewal,72,73,19,3,sub-FC121_ses-2_task-renewal_fearROIs_bin_SN.csv,sub-FC121_ses-2_task-renewal_fearROIs_bin_BN.csv
PTSD,FC121,2,renewal,73,74,19,3,sub-FC121_ses-2_task-renewal_fearROIs_bin_SN.csv,sub-FC121_ses-2_task-renewal_fearROIs_bin_BN.csv
PTSD,FC121,2,renewal,74,75,12,3,sub-FC121_ses-2_task-renewal_fearROIs_bin_SN.csv,sub-FC121_ses-2_task-renewal_fearROIs_bin_BN.csv
PTSD,FC121,2,renewal,75,76,2,1,sub-FC121_ses-2_task-renewal_fearROIs_bin_SN.csv,sub-FC121_ses-2_task-renewal_fearROIs_bin_BN.csv
PTSD,FC121,2,renewal,76,77,13,2,sub-FC121_ses-2_task-renewal_fearROIs_bin_SN.csv,sub-FC121_ses-2_task-renewal_fearROIs_bin_BN.csv
PTSD,FC121,2,renewal,77,78,6,1,sub-FC121_ses-2_task-renewal_fearROIs_bin_SN.csv,sub-FC121_ses-2_task-renewal_fearROIs_bin_BN.csv
PTSD,FC121,2,renewal,78,79,2,1,sub-FC121_ses-2_task-renewal_fearROIs_bin_SN.csv,sub-FC121_ses-2_task-renewal_fearROIs_bin_BN.csv
PTSD,FC121,2,renewal,79,80,22,4,sub-FC121_ses-2_task-renewal_fearROIs_bin_SN.csv,sub-FC121_ses-2_task-renewal_fearROIs_bin_BN.csv
PTSD,FC121,2,renewal,80,81,9,1,sub-FC121_ses-2_task-renewal_fearROIs_bin_SN.csv,sub-FC121_ses-2_task-renewal_fearROIs_bin_BN.csv
PTSD,FC121,2,renewal,81,82,10,1,sub-FC121_ses-2_task-renewal_fearROIs_bin_SN.csv,sub-FC121_ses-2_task-renewal_fearROIs_bin_BN.csv
PTSD,FC121,2,renewal,82,83,28,4,sub-FC121_ses-2_task-renewal_fearROIs_bin_SN.csv,sub-FC121_ses-2_task-renewal_fearROIs_bin_BN.csv
PTSD,FC121,2,renewal,83,84,20,3,sub-FC121_ses-2_task-renewal_fearROIs_bin_SN.csv,sub-FC121_ses-2_task-renewal_fearROIs_bin_BN.csv
PTSD,FC121,2,renewal,84,85,31,4,sub-FC121_ses-2_task-renewal_fearROIs_bin_SN.csv,sub-FC121_ses-2_task-renewal_fearROIs_bin_BN.csv
PTSD,FC121,2,renewal,85,86,32,4,sub-FC121_ses-2_task-renewal_fearROIs_bin_SN.csv,sub-FC121_ses-2_task-renewal_fearROIs_bin_BN.csv
PTSD,FC121,2,renewal,86,87,14,2,sub-FC121_ses-2_task-renewal_fearROIs_bin_SN.csv,sub-FC121_ses-2_task-renewal_fearROIs_bin_BN.csv
PTSD,FC121,2,renewal,87,88,9,1,sub-FC121_ses-2_task-renewal_fearROIs_bin_SN.csv,sub-FC121_ses-2_task-renewal_fearROIs_bin_BN.csv
PTSD,FC121,2,renewal,88,89,1,1,sub-FC121_ses-2_task-renewal_fearROIs_bin_SN.csv,sub-FC121_ses-2_task-renewal_fearROIs_bin_BN.csv
PTSD,FC121,2,renewal,89,90,1,1,sub-FC121_ses-2_task-renewal_fearROIs_bin_SN.csv,sub-FC121_ses-2_task-renewal_fearROIs_bin_BN.csv
PTSD,FC121,2,renewal,90,91,9,1,sub-FC121_ses-2_task-renewal_fearROIs_bin_SN.csv,sub-FC121_ses-2_task-renewal_fearROIs_bin_BN.csv
PTSD,FC121,2,renewal,91,92,4,3,sub-FC121_ses-2_task-renewal_fearROIs_bin_SN.csv,sub-FC121_ses-2_task-renewal_fearROIs_bin_BN.csv
PTSD,FC121,2,renewal,92,93,2,1,sub-FC121_ses-2_task-renewal_fearROIs_bin_SN.csv,sub-FC121_ses-2_task-renewal_fearROIs_bin_BN.csv
PTSD,FC121,2,renewal,93,94,31,4,sub-FC121_ses-2_task-renewal_fearROIs_bin_SN.csv,sub-FC121_ses-2_task-renewal_fearROIs_bin_BN.csv
PTSD,FC121,2,renewal,94,95,32,4,sub-FC121_ses-2_task-renewal_fearROIs_bin_SN.csv,sub-FC121_ses-2_task-renewal_fearROIs_bin_BN.csv
PTSD,FC121,2,renewal,95,96,8,3,sub-FC121_ses-2_task-renewal_fearROIs_bin_SN.csv,sub-FC121_ses-2_task-renewal_fearROIs_bin_BN.csv
PTSD,FC121,2,renewal,96,97,21,1,sub-FC121_ses-2_task-renewal_fearROIs_bin_SN.csv,sub-FC121_ses-2_task-renewal_fearROIs_bin_BN.csv
PTSD,FC121,2,renewal,97,98,5,1,sub-FC121_ses-2_task-renewal_fearROIs_bin_SN.csv,sub-FC121_ses-2_task-renewal_fearROIs_bin_BN.csv
PTSD,FC121,2,renewal,98,99,6,1,sub-FC121_ses-2_task-renewal_fearROIs_bin_SN.csv,sub-FC121_ses-2_task-renewal_fearROIs_bin_BN.csv
PTSD,FC121,2,renewal,99,100,29,2,sub-FC121_ses-2_task-renewal_fearROIs_bin_SN.csv,sub-FC121_ses-2_task-renewal_fearROIs_bin_BN.csv
PTSD,FC121,2,renewal,100,101,20,3,sub-FC121_ses-2_task-renewal_fearROIs_bin_SN.csv,sub-FC121_ses-2_task-renewal_fearROIs_bin_BN.csv
PTSD,FC121,2,renewal,101,102,18,3,sub-FC121_ses-2_task-renewal_fearROIs_bin_SN.csv,sub-FC121_ses-2_task-renewal_fearROIs_bin_BN.csv
PTSD,FC121,2,renewal,102,103,1,1,sub-FC121_ses-2_task-renewal_fearROIs_bin_SN.csv,sub-FC121_ses-2_task-renewal_fearROIs_bin_BN.csv
PTSD,FC121,2,renewal,103,104,16,4,sub-FC121_ses-2_task-renewal_fearROIs_bin_SN.csv,sub-FC121_ses-2_task-renewal_fearROIs_bin_BN.csv
PTSD,FC121,2,renewal,104,105,5,1,sub-FC121_ses-2_task-renewal_fearROIs_bin_SN.csv,sub-FC121_ses-2_task-renewal_fearROIs_bin_BN.csv
PTSD,FC121,2,renewal,105,106,29,2,sub-FC121_ses-2_task-renewal_fearROIs_bin_SN.csv,sub-FC121_ses-2_task-renewal_fearROIs_bin_BN.csv
PTSD,FC121,2,renewal,106,107,32,4,sub-FC121_ses-2_task-renewal_fearROIs_bin_SN.csv,sub-FC121_ses-2_task-renewal_fearROIs_bin_BN.csv
PTSD,FC121,2,renewal,107,108,23,4,sub-FC121_ses-2_task-renewal_fearROIs_bin_SN.csv,sub-FC121_ses-2_task-renewal_fearROIs_bin_BN.csv
PTSD,FC122,2,renewal,0,1,17,1,sub-FC122_ses-2_task-renewal_fearROIs_bin_SN.csv,sub-FC122_ses-2_task-renewal_fearROIs_bin_BN.csv
PTSD,FC122,2,renewal,1,2,25,1,sub-FC122_ses-2_task-renewal_fearROIs_bin_SN.csv,sub-FC122_ses-2_task-renewal_fearROIs_bin_BN.csv
PTSD,FC122,2,renewal,2,3,32,4,sub-FC122_ses-2_task-renewal_fearROIs_bin_SN.csv,sub-FC122_ses-2_task-renewal_fearROIs_bin_BN.csv
PTSD,FC122,2,renewal,3,4,9,1,sub-FC122_ses-2_task-renewal_fearROIs_bin_SN.csv,sub-FC122_ses-2_task-renewal_fearROIs_bin_BN.csv
PTSD,FC122,2,renewal,4,5,9,1,sub-FC122_ses-2_task-renewal_fearROIs_bin_SN.csv,sub-FC122_ses-2_task-renewal_fearROIs_bin_BN.csv
PTSD,FC122,2,renewal,5,6,14,2,sub-FC122_ses-2_task-renewal_fearROIs_bin_SN.csv,sub-FC122_ses-2_task-renewal_fearROIs_bin_BN.csv
PTSD,FC122,2,renewal,6,7,5,1,sub-FC122_ses-2_task-renewal_fearROIs_bin_SN.csv,sub-FC122_ses-2_task-renewal_fearROIs_bin_BN.csv
PTSD,FC122,2,renewal,7,8,3,1,sub-FC122_ses-2_task-renewal_fearROIs_bin_SN.csv,sub-FC122_ses-2_task-renewal_fearROIs_bin_BN.csv
PTSD,FC122,2,renewal,8,9,17,1,sub-FC122_ses-2_task-renewal_fearROIs_bin_SN.csv,sub-FC122_ses-2_task-renewal_fearROIs_bin_BN.csv
PTSD,FC122,2,renewal,9,10,22,4,sub-FC122_ses-2_task-renewal_fearROIs_bin_SN.csv,sub-FC122_ses-2_task-renewal_fearROIs_bin_BN.csv
PTSD,FC122,2,renewal,10,11,8,3,sub-FC122_ses-2_task-renewal_fearROIs_bin_SN.csv,sub-FC122_ses-2_task-renewal_fearROIs_bin_BN.csv
PTSD,FC122,2,renewal,11,12,4,3,sub-FC122_ses-2_task-renewal_fearROIs_bin_SN.csv,sub-FC122_ses-2_task-renewal_fearROIs_bin_BN.csv
PTSD,FC122,2,renewal,12,13,28,4,sub-FC122_ses-2_task-renewal_fearROIs_bin_SN.csv,sub-FC122_ses-2_task-renewal_fearROIs_bin_BN.csv
PTSD,FC122,2,renewal,13,14,32,4,sub-FC122_ses-2_task-renewal_fearROIs_bin_SN.csv,sub-FC122_ses-2_task-renewal_fearROIs_bin_BN.csv
PTSD,FC122,2,renewal,14,15,32,4,sub-FC122_ses-2_task-renewal_fearROIs_bin_SN.csv,sub-FC122_ses-2_task-renewal_fearROIs_bin_BN.csv
PTSD,FC122,2,renewal,15,16,9,1,sub-FC122_ses-2_task-renewal_fearROIs_bin_SN.csv,sub-FC122_ses-2_task-renewal_fearROIs_bin_BN.csv
PTSD,FC122,2,renewal,16,17,2,1,sub-FC122_ses-2_task-renewal_fearROIs_bin_SN.csv,sub-FC122_ses-2_task-renewal_fearROIs_bin_BN.csv
PTSD,FC122,2,renewal,17,18,32,4,sub-FC122_ses-2_task-renewal_fearROIs_bin_SN.csv,sub-FC122_ses-2_task-renewal_fearROIs_bin_BN.csv
PTSD,FC122,2,renewal,18,19,2,1,sub-FC122_ses-2_task-renewal_fearROIs_bin_SN.csv,sub-FC122_ses-2_task-renewal_fearROIs_bin_BN.csv
PTSD,FC122,2,renewal,19,20,9,1,sub-FC122_ses-2_task-renewal_fearROIs_bin_SN.csv,sub-FC122_ses-2_task-renewal_fearROIs_bin_BN.csv
PTSD,FC122,2,renewal,20,21,15,2,sub-FC122_ses-2_task-renewal_fearROIs_bin_SN.csv,sub-FC122_ses-2_task-renewal_fearROIs_bin_BN.csv
PTSD,FC122,2,renewal,21,22,5,1,sub-FC122_ses-2_task-renewal_fearROIs_bin_SN.csv,sub-FC122_ses-2_task-renewal_fearROIs_bin_BN.csv
PTSD,FC122,2,renewal,22,23,13,2,sub-FC122_ses-2_task-renewal_fearROIs_bin_SN.csv,sub-FC122_ses-2_task-renewal_fearROIs_bin_BN.csv
PTSD,FC122,2,renewal,23,24,13,2,sub-FC122_ses-2_task-renewal_fearROIs_bin_SN.csv,sub-FC122_ses-2_task-renewal_fearROIs_bin_BN.csv
PTSD,FC122,2,renewal,24,25,31,4,sub-FC122_ses-2_task-renewal_fearROIs_bin_SN.csv,sub-FC122_ses-2_task-renewal_fearROIs_bin_BN.csv
PTSD,FC122,2,renewal,25,26,19,3,sub-FC122_ses-2_task-renewal_fearROIs_bin_SN.csv,sub-FC122_ses-2_task-renewal_fearROIs_bin_BN.csv
PTSD,FC122,2,renewal,26,27,19,3,sub-FC122_ses-2_task-renewal_fearROIs_bin_SN.csv,sub-FC122_ses-2_task-renewal_fearROIs_bin_BN.csv
PTSD,FC122,2,renewal,27,28,19,3,sub-FC122_ses-2_task-renewal_fearROIs_bin_SN.csv,sub-FC122_ses-2_task-renewal_fearROIs_bin_BN.csv
PTSD,FC122,2,renewal,28,29,32,4,sub-FC122_ses-2_task-renewal_fearROIs_bin_SN.csv,sub-FC122_ses-2_task-renewal_fearROIs_bin_BN.csv
PTSD,FC122,2,renewal,29,30,20,3,sub-FC122_ses-2_task-renewal_fearROIs_bin_SN.csv,sub-FC122_ses-2_task-renewal_fearROIs_bin_BN.csv
PTSD,FC122,2,renewal,30,31,17,1,sub-FC122_ses-2_task-renewal_fearROIs_bin_SN.csv,sub-FC122_ses-2_task-renewal_fearROIs_bin_BN.csv
PTSD,FC122,2,renewal,31,32,24,4,sub-FC122_ses-2_task-renewal_fearROIs_bin_SN.csv,sub-FC122_ses-2_task-renewal_fearROIs_bin_BN.csv
PTSD,FC122,2,renewal,32,33,20,3,sub-FC122_ses-2_task-renewal_fearROIs_bin_SN.csv,sub-FC122_ses-2_task-renewal_fearROIs_bin_BN.csv
PTSD,FC122,2,renewal,33,34,20,3,sub-FC122_ses-2_task-renewal_fearROIs_bin_SN.csv,sub-FC122_ses-2_task-renewal_fearROIs_bin_BN.csv
PTSD,FC122,2,renewal,34,35,30,4,sub-FC122_ses-2_task-renewal_fearROIs_bin_SN.csv,sub-FC122_ses-2_task-renewal_fearROIs_bin_BN.csv
PTSD,FC122,2,renewal,35,36,14,2,sub-FC122_ses-2_task-renewal_fearROIs_bin_SN.csv,sub-FC122_ses-2_task-renewal_fearROIs_bin_BN.csv
PTSD,FC122,2,renewal,36,37,10,1,sub-FC122_ses-2_task-renewal_fearROIs_bin_SN.csv,sub-FC122_ses-2_task-renewal_fearROIs_bin_BN.csv
PTSD,FC122,2,renewal,37,38,4,3,sub-FC122_ses-2_task-renewal_fearROIs_bin_SN.csv,sub-FC122_ses-2_task-renewal_fearROIs_bin_BN.csv
PTSD,FC122,2,renewal,38,39,4,3,sub-FC122_ses-2_task-renewal_fearROIs_bin_SN.csv,sub-FC122_ses-2_task-renewal_fearROIs_bin_BN.csv
PTSD,FC122,2,renewal,39,40,30,4,sub-FC122_ses-2_task-renewal_fearROIs_bin_SN.csv,sub-FC122_ses-2_task-renewal_fearROIs_bin_BN.csv
PTSD,FC122,2,renewal,40,41,32,4,sub-FC122_ses-2_task-renewal_fearROIs_bin_SN.csv,sub-FC122_ses-2_task-renewal_fearROIs_bin_BN.csv
PTSD,FC122,2,renewal,41,42,30,4,sub-FC122_ses-2_task-renewal_fearROIs_bin_SN.csv,sub-FC122_ses-2_task-renewal_fearROIs_bin_BN.csv
PTSD,FC122,2,renewal,42,43,14,2,sub-FC122_ses-2_task-renewal_fearROIs_bin_SN.csv,sub-FC122_ses-2_task-renewal_fearROIs_bin_BN.csv
PTSD,FC122,2,renewal,43,44,29,2,sub-FC122_ses-2_task-renewal_fearROIs_bin_SN.csv,sub-FC122_ses-2_task-renewal_fearROIs_bin_BN.csv
PTSD,FC122,2,renewal,44,45,31,4,sub-FC122_ses-2_task-renewal_fearROIs_bin_SN.csv,sub-FC122_ses-2_task-renewal_fearROIs_bin_BN.csv
PTSD,FC122,2,renewal,45,46,13,2,sub-FC122_ses-2_task-renewal_fearROIs_bin_SN.csv,sub-FC122_ses-2_task-renewal_fearROIs_bin_BN.csv
PTSD,FC122,2,renewal,46,47,28,4,sub-FC122_ses-2_task-renewal_fearROIs_bin_SN.csv,sub-FC122_ses-2_task-renewal_fearROIs_bin_BN.csv
PTSD,FC122,2,renewal,47,48,17,1,sub-FC122_ses-2_task-renewal_fearROIs_bin_SN.csv,sub-FC122_ses-2_task-renewal_fearROIs_bin_BN.csv
PTSD,FC122,2,renewal,48,49,3,1,sub-FC122_ses-2_task-renewal_fearROIs_bin_SN.csv,sub-FC122_ses-2_task-renewal_fearROIs_bin_BN.csv
PTSD,FC122,2,renewal,49,50,4,3,sub-FC122_ses-2_task-renewal_fearROIs_bin_SN.csv,sub-FC122_ses-2_task-renewal_fearROIs_bin_BN.csv
PTSD,FC122,2,renewal,50,51,32,4,sub-FC122_ses-2_task-renewal_fearROIs_bin_SN.csv,sub-FC122_ses-2_task-renewal_fearROIs_bin_BN.csv
PTSD,FC122,2,renewal,51,52,2,1,sub-FC122_ses-2_task-renewal_fearROIs_bin_SN.csv,sub-FC122_ses-2_task-renewal_fearROIs_bin_BN.csv
PTSD,FC122,2,renewal,52,53,4,3,sub-FC122_ses-2_task-renewal_fearROIs_bin_SN.csv,sub-FC122_ses-2_task-renewal_fearROIs_bin_BN.csv
PTSD,FC122,2,renewal,53,54,5,1,sub-FC122_ses-2_task-renewal_fearROIs_bin_SN.csv,sub-FC122_ses-2_task-renewal_fearROIs_bin_BN.csv
PTSD,FC122,2,renewal,54,55,1,1,sub-FC122_ses-2_task-renewal_fearROIs_bin_SN.csv,sub-FC122_ses-2_task-renewal_fearROIs_bin_BN.csv
PTSD,FC122,2,renewal,55,56,25,1,sub-FC122_ses-2_task-renewal_fearROIs_bin_SN.csv,sub-FC122_ses-2_task-renewal_fearROIs_bin_BN.csv
PTSD,FC122,2,renewal,56,57,9,1,sub-FC122_ses-2_task-renewal_fearROIs_bin_SN.csv,sub-FC122_ses-2_task-renewal_fearROIs_bin_BN.csv
PTSD,FC122,2,renewal,57,58,1,1,sub-FC122_ses-2_task-renewal_fearROIs_bin_SN.csv,sub-FC122_ses-2_task-renewal_fearROIs_bin_BN.csv
PTSD,FC122,2,renewal,58,59,1,1,sub-FC122_ses-2_task-renewal_fearROIs_bin_SN.csv,sub-FC122_ses-2_task-renewal_fearROIs_bin_BN.csv
PTSD,FC122,2,renewal,59,60,1,1,sub-FC122_ses-2_task-renewal_fearROIs_bin_SN.csv,sub-FC122_ses-2_task-renewal_fearROIs_bin_BN.csv
PTSD,FC122,2,renewal,60,61,29,2,sub-FC122_ses-2_task-renewal_fearROIs_bin_SN.csv,sub-FC122_ses-2_task-renewal_fearROIs_bin_BN.csv
PTSD,FC122,2,renewal,61,62,19,3,sub-FC122_ses-2_task-renewal_fearROIs_bin_SN.csv,sub-FC122_ses-2_task-renewal_fearROIs_bin_BN.csv
PTSD,FC122,2,renewal,62,63,8,3,sub-FC122_ses-2_task-renewal_fearROIs_bin_SN.csv,sub-FC122_ses-2_task-renewal_fearROIs_bin_BN.csv
PTSD,FC122,2,renewal,63,64,13,2,sub-FC122_ses-2_task-renewal_fearROIs_bin_SN.csv,sub-FC122_ses-2_task-renewal_fearROIs_bin_BN.csv
PTSD,FC122,2,renewal,64,65,8,3,sub-FC122_ses-2_task-renewal_fearROIs_bin_SN.csv,sub-FC122_ses-2_task-renewal_fearROIs_bin_BN.csv
PTSD,FC122,2,renewal,65,66,1,1,sub-FC122_ses-2_task-renewal_fearROIs_bin_SN.csv,sub-FC122_ses-2_task-renewal_fearROIs_bin_BN.csv
PTSD,FC122,2,renewal,66,67,1,1,sub-FC122_ses-2_task-renewal_fearROIs_bin_SN.csv,sub-FC122_ses-2_task-renewal_fearROIs_bin_BN.csv
PTSD,FC122,2,renewal,67,68,19,3,sub-FC122_ses-2_task-renewal_fearROIs_bin_SN.csv,sub-FC122_ses-2_task-renewal_fearROIs_bin_BN.csv
PTSD,FC122,2,renewal,68,69,3,1,sub-FC122_ses-2_task-renewal_fearROIs_bin_SN.csv,sub-FC122_ses-2_task-renewal_fearROIs_bin_BN.csv
PTSD,FC122,2,renewal,69,70,32,4,sub-FC122_ses-2_task-renewal_fearROIs_bin_SN.csv,sub-FC122_ses-2_task-renewal_fearROIs_bin_BN.csv
PTSD,FC122,2,renewal,70,71,32,4,sub-FC122_ses-2_task-renewal_fearROIs_bin_SN.csv,sub-FC122_ses-2_task-renewal_fearROIs_bin_BN.csv
PTSD,FC122,2,renewal,71,72,32,4,sub-FC122_ses-2_task-renewal_fearROIs_bin_SN.csv,sub-FC122_ses-2_task-renewal_fearROIs_bin_BN.csv
PTSD,FC122,2,renewal,72,73,16,4,sub-FC122_ses-2_task-renewal_fearROIs_bin_SN.csv,sub-FC122_ses-2_task-renewal_fearROIs_bin_BN.csv
PTSD,FC122,2,renewal,73,74,14,2,sub-FC122_ses-2_task-renewal_fearROIs_bin_SN.csv,sub-FC122_ses-2_task-renewal_fearROIs_bin_BN.csv
PTSD,FC122,2,renewal,74,75,13,2,sub-FC122_ses-2_task-renewal_fearROIs_bin_SN.csv,sub-FC122_ses-2_task-renewal_fearROIs_bin_BN.csv
PTSD,FC122,2,renewal,75,76,14,2,sub-FC122_ses-2_task-renewal_fearROIs_bin_SN.csv,sub-FC122_ses-2_task-renewal_fearROIs_bin_BN.csv
PTSD,FC122,2,renewal,76,77,14,2,sub-FC122_ses-2_task-renewal_fearROIs_bin_SN.csv,sub-FC122_ses-2_task-renewal_fearROIs_bin_BN.csv
PTSD,FC122,2,renewal,77,78,25,1,sub-FC122_ses-2_task-renewal_fearROIs_bin_SN.csv,sub-FC122_ses-2_task-renewal_fearROIs_bin_BN.csv
PTSD,FC122,2,renewal,78,79,18,3,sub-FC122_ses-2_task-renewal_fearROIs_bin_SN.csv,sub-FC122_ses-2_task-renewal_fearROIs_bin_BN.csv
PTSD,FC122,2,renewal,79,80,2,1,sub-FC122_ses-2_task-renewal_fearROIs_bin_SN.csv,sub-FC122_ses-2_task-renewal_fearROIs_bin_BN.csv
PTSD,FC122,2,renewal,80,81,2,1,sub-FC122_ses-2_task-renewal_fearROIs_bin_SN.csv,sub-FC122_ses-2_task-renewal_fearROIs_bin_BN.csv
PTSD,FC122,2,renewal,81,82,30,4,sub-FC122_ses-2_task-renewal_fearROIs_bin_SN.csv,sub-FC122_ses-2_task-renewal_fearROIs_bin_BN.csv
PTSD,FC122,2,renewal,82,83,28,4,sub-FC122_ses-2_task-renewal_fearROIs_bin_SN.csv,sub-FC122_ses-2_task-renewal_fearROIs_bin_BN.csv
PTSD,FC122,2,renewal,83,84,4,3,sub-FC122_ses-2_task-renewal_fearROIs_bin_SN.csv,sub-FC122_ses-2_task-renewal_fearROIs_bin_BN.csv
PTSD,FC122,2,renewal,84,85,32,4,sub-FC122_ses-2_task-renewal_fearROIs_bin_SN.csv,sub-FC122_ses-2_task-renewal_fearROIs_bin_BN.csv
PTSD,FC122,2,renewal,85,86,28,4,sub-FC122_ses-2_task-renewal_fearROIs_bin_SN.csv,sub-FC122_ses-2_task-renewal_fearROIs_bin_BN.csv
PTSD,FC122,2,renewal,86,87,20,3,sub-FC122_ses-2_task-renewal_fearROIs_bin_SN.csv,sub-FC122_ses-2_task-renewal_fearROIs_bin_BN.csv
PTSD,FC122,2,renewal,87,88,4,3,sub-FC122_ses-2_task-renewal_fearROIs_bin_SN.csv,sub-FC122_ses-2_task-renewal_fearROIs_bin_BN.csv
PTSD,FC122,2,renewal,88,89,24,4,sub-FC122_ses-2_task-renewal_fearROIs_bin_SN.csv,sub-FC122_ses-2_task-renewal_fearROIs_bin_BN.csv
PTSD,FC122,2,renewal,89,90,29,2,sub-FC122_ses-2_task-renewal_fearROIs_bin_SN.csv,sub-FC122_ses-2_task-renewal_fearROIs_bin_BN.csv
PTSD,FC122,2,renewal,90,91,13,2,sub-FC122_ses-2_task-renewal_fearROIs_bin_SN.csv,sub-FC122_ses-2_task-renewal_fearROIs_bin_BN.csv
PTSD,FC122,2,renewal,91,92,31,4,sub-FC122_ses-2_task-renewal_fearROIs_bin_SN.csv,sub-FC122_ses-2_task-renewal_fearROIs_bin_BN.csv
PTSD,FC122,2,renewal,92,93,21,1,sub-FC122_ses-2_task-renewal_fearROIs_bin_SN.csv,sub-FC122_ses-2_task-renewal_fearROIs_bin_BN.csv
PTSD,FC122,2,renewal,93,94,21,1,sub-FC122_ses-2_task-renewal_fearROIs_bin_SN.csv,sub-FC122_ses-2_task-renewal_fearROIs_bin_BN.csv
PTSD,FC122,2,renewal,94,95,31,4,sub-FC122_ses-2_task-renewal_fearROIs_bin_SN.csv,sub-FC122_ses-2_task-renewal_fearROIs_bin_BN.csv
PTSD,FC122,2,renewal,95,96,32,4,sub-FC122_ses-2_task-renewal_fearROIs_bin_SN.csv,sub-FC122_ses-2_task-renewal_fearROIs_bin_BN.csv
PTSD,FC122,2,renewal,96,97,19,3,sub-FC122_ses-2_task-renewal_fearROIs_bin_SN.csv,sub-FC122_ses-2_task-renewal_fearROIs_bin_BN.csv
PTSD,FC122,2,renewal,97,98,32,4,sub-FC122_ses-2_task-renewal_fearROIs_bin_SN.csv,sub-FC122_ses-2_task-renewal_fearROIs_bin_BN.csv
PTSD,FC122,2,renewal,98,99,17,1,sub-FC122_ses-2_task-renewal_fearROIs_bin_SN.csv,sub-FC122_ses-2_task-renewal_fearROIs_bin_BN.csv
PTSD,FC122,2,renewal,99,100,1,1,sub-FC122_ses-2_task-renewal_fearROIs_bin_SN.csv,sub-FC122_ses-2_task-renewal_fearROIs_bin_BN.csv
PTSD,FC122,2,renewal,100,101,16,4,sub-FC122_ses-2_task-renewal_fearROIs_bin_SN.csv,sub-FC122_ses-2_task-renewal_fearROIs_bin_BN.csv
PTSD,FC122,2,renewal,101,102,15,2,sub-FC122_ses-2_task-renewal_fearROIs_bin_SN.csv,sub-FC122_ses-2_task-renewal_fearROIs_bin_BN.csv
PTSD,FC122,2,renewal,102,103,9,1,sub-FC122_ses-2_task-renewal_fearROIs_bin_SN.csv,sub-FC122_ses-2_task-renewal_fearROIs_bin_BN.csv
PTSD,FC122,2,renewal,103,104,25,1,sub-FC122_ses-2_task-renewal_fearROIs_bin_SN.csv,sub-FC122_ses-2_task-renewal_fearROIs_bin_BN.csv
PTSD,FC122,2,renewal,104,105,14,2,sub-FC122_ses-2_task-renewal_fearROIs_bin_SN.csv,sub-FC122_ses-2_task-renewal_fearROIs_bin_BN.csv
PTSD,FC122,2,renewal,105,106,8,3,sub-FC122_ses-2_task-renewal_fearROIs_bin_SN.csv,sub-FC122_ses-2_task-renewal_fearROIs_bin_BN.csv
PTSD,FC122,2,renewal,106,107,1,1,sub-FC122_ses-2_task-renewal_fearROIs_bin_SN.csv,sub-FC122_ses-2_task-renewal_fearROIs_bin_BN.csv
PTSD,FC122,2,renewal,107,108,1,1,sub-FC122_ses-2_task-renewal_fearROIs_bin_SN.csv,sub-FC122_ses-2_task-renewal_fearROIs_bin_BN.csv
PTSD,FC122,2,renewal,108,109,19,3,sub-FC122_ses-2_task-renewal_fearROIs_bin_SN.csv,sub-FC122_ses-2_task-renewal_fearROIs_bin_BN.csv
PTSD,FC122,2,renewal,109,110,24,4,sub-FC122_ses-2_task-renewal_fearROIs_bin_SN.csv,sub-FC122_ses-2_task-renewal_fearROIs_bin_BN.csv
PTSD,FC122,2,renewal,110,111,16,4,sub-FC122_ses-2_task-renewal_fearROIs_bin_SN.csv,sub-FC122_ses-2_task-renewal_fearROIs_bin_BN.csv
PTSD,FC122,2,renewal,111,112,15,2,sub-FC122_ses-2_task-renewal_fearROIs_bin_SN.csv,sub-FC122_ses-2_task-renewal_fearROIs_bin_BN.csv
PTSD,FC122,2,renewal,112,113,7,1,sub-FC122_ses-2_task-renewal_fearROIs_bin_SN.csv,sub-FC122_ses-2_task-renewal_fearROIs_bin_BN.csv
PTSD,FC122,2,renewal,113,114,8,3,sub-FC122_ses-2_task-renewal_fearROIs_bin_SN.csv,sub-FC122_ses-2_task-renewal_fearROIs_bin_BN.csv
PTSD,FC122,2,renewal,114,115,32,4,sub-FC122_ses-2_task-renewal_fearROIs_bin_SN.csv,sub-FC122_ses-2_task-renewal_fearROIs_bin_BN.csv
PTSD,FC122,2,renewal,115,116,28,4,sub-FC122_ses-2_task-renewal_fearROIs_bin_SN.csv,sub-FC122_ses-2_task-renewal_fearROIs_bin_BN.csv
PTSD,FC122,2,renewal,116,117,8,3,sub-FC122_ses-2_task-renewal_fearROIs_bin_SN.csv,sub-FC122_ses-2_task-renewal_fearROIs_bin_BN.csv
PTSD,FC122,2,renewal,117,118,2,1,sub-FC122_ses-2_task-renewal_fearROIs_bin_SN.csv,sub-FC122_ses-2_task-renewal_fearROIs_bin_BN.csv
PTSD,FC122,2,renewal,118,119,2,1,sub-FC122_ses-2_task-renewal_fearROIs_bin_SN.csv,sub-FC122_ses-2_task-renewal_fearROIs_bin_BN.csv
PTSD,FC122,2,renewal,119,120,29,2,sub-FC122_ses-2_task-renewal_fearROIs_bin_SN.csv,sub-FC122_ses-2_task-renewal_fearROIs_bin_BN.csv
PTSD,FC122,2,renewal,120,121,31,4,sub-FC122_ses-2_task-renewal_fearROIs_bin_SN.csv,sub-FC122_ses-2_task-renewal_fearROIs_bin_BN.csv
PTSD,FC122,2,renewal,121,122,19,3,sub-FC122_ses-2_task-renewal_fearROIs_bin_SN.csv,sub-FC122_ses-2_task-renewal_fearROIs_bin_BN.csv
PTSD,FC122,2,renewal,122,123,24,4,sub-FC122_ses-2_task-renewal_fearROIs_bin_SN.csv,sub-FC122_ses-2_task-renewal_fearROIs_bin_BN.csv
PTSD,FC122,2,renewal,123,124,25,1,sub-FC122_ses-2_task-renewal_fearROIs_bin_SN.csv,sub-FC122_ses-2_task-renewal_fearROIs_bin_BN.csv
PTSD,FC122,2,renewal,124,125,25,1,sub-FC122_ses-2_task-renewal_fearROIs_bin_SN.csv,sub-FC122_ses-2_task-renewal_fearROIs_bin_BN.csv
PTSD,FC122,2,renewal,125,126,1,1,sub-FC122_ses-2_task-renewal_fearROIs_bin_SN.csv,sub-FC122_ses-2_task-renewal_fearROIs_bin_BN.csv
PTSD,FC122,2,renewal,126,127,23,4,sub-FC122_ses-2_task-renewal_fearROIs_bin_SN.csv,sub-FC122_ses-2_task-renewal_fearROIs_bin_BN.csv
PTSD,FC122,2,renewal,127,128,1,1,sub-FC122_ses-2_task-renewal_fearROIs_bin_SN.csv,sub-FC122_ses-2_task-renewal_fearROIs_bin_BN.csv
PTSD,FC123,2,renewal,0,1,17,1,sub-FC123_ses-2_task-renewal_fearROIs_bin_SN.csv,sub-FC123_ses-2_task-renewal_fearROIs_bin_BN.csv
PTSD,FC123,2,renewal,1,2,1,1,sub-FC123_ses-2_task-renewal_fearROIs_bin_SN.csv,sub-FC123_ses-2_task-renewal_fearROIs_bin_BN.csv
PTSD,FC123,2,renewal,2,3,4,3,sub-FC123_ses-2_task-renewal_fearROIs_bin_SN.csv,sub-FC123_ses-2_task-renewal_fearROIs_bin_BN.csv
PTSD,FC123,2,renewal,3,4,17,1,sub-FC123_ses-2_task-renewal_fearROIs_bin_SN.csv,sub-FC123_ses-2_task-renewal_fearROIs_bin_BN.csv
PTSD,FC123,2,renewal,4,5,17,1,sub-FC123_ses-2_task-renewal_fearROIs_bin_SN.csv,sub-FC123_ses-2_task-renewal_fearROIs_bin_BN.csv
PTSD,FC123,2,renewal,5,6,1,1,sub-FC123_ses-2_task-renewal_fearROIs_bin_SN.csv,sub-FC123_ses-2_task-renewal_fearROIs_bin_BN.csv
PTSD,FC123,2,renewal,6,7,32,4,sub-FC123_ses-2_task-renewal_fearROIs_bin_SN.csv,sub-FC123_ses-2_task-renewal_fearROIs_bin_BN.csv
PTSD,FC123,2,renewal,7,8,31,4,sub-FC123_ses-2_task-renewal_fearROIs_bin_SN.csv,sub-FC123_ses-2_task-renewal_fearROIs_bin_BN.csv
PTSD,FC123,2,renewal,8,9,9,1,sub-FC123_ses-2_task-renewal_fearROIs_bin_SN.csv,sub-FC123_ses-2_task-renewal_fearROIs_bin_BN.csv
PTSD,FC123,2,renewal,9,10,2,1,sub-FC123_ses-2_task-renewal_fearROIs_bin_SN.csv,sub-FC123_ses-2_task-renewal_fearROIs_bin_BN.csv
PTSD,FC123,2,renewal,10,11,30,4,sub-FC123_ses-2_task-renewal_fearROIs_bin_SN.csv,sub-FC123_ses-2_task-renewal_fearROIs_bin_BN.csv
PTSD,FC123,2,renewal,11,12,7,1,sub-FC123_ses-2_task-renewal_fearROIs_bin_SN.csv,sub-FC123_ses-2_task-renewal_fearROIs_bin_BN.csv
PTSD,FC123,2,renewal,12,13,32,4,sub-FC123_ses-2_task-renewal_fearROIs_bin_SN.csv,sub-FC123_ses-2_task-renewal_fearROIs_bin_BN.csv
PTSD,FC123,2,renewal,13,14,32,4,sub-FC123_ses-2_task-renewal_fearROIs_bin_SN.csv,sub-FC123_ses-2_task-renewal_fearROIs_bin_BN.csv
PTSD,FC123,2,renewal,14,15,32,4,sub-FC123_ses-2_task-renewal_fearROIs_bin_SN.csv,sub-FC123_ses-2_task-renewal_fearROIs_bin_BN.csv
PTSD,FC123,2,renewal,15,16,9,1,sub-FC123_ses-2_task-renewal_fearROIs_bin_SN.csv,sub-FC123_ses-2_task-renewal_fearROIs_bin_BN.csv
PTSD,FC123,2,renewal,16,17,2,1,sub-FC123_ses-2_task-renewal_fearROIs_bin_SN.csv,sub-FC123_ses-2_task-renewal_fearROIs_bin_BN.csv
PTSD,FC123,2,renewal,17,18,1,1,sub-FC123_ses-2_task-renewal_fearROIs_bin_SN.csv,sub-FC123_ses-2_task-renewal_fearROIs_bin_BN.csv
PTSD,FC123,2,renewal,18,19,5,1,sub-FC123_ses-2_task-renewal_fearROIs_bin_SN.csv,sub-FC123_ses-2_task-renewal_fearROIs_bin_BN.csv
PTSD,FC123,2,renewal,19,20,32,4,sub-FC123_ses-2_task-renewal_fearROIs_bin_SN.csv,sub-FC123_ses-2_task-renewal_fearROIs_bin_BN.csv
PTSD,FC123,2,renewal,20,21,32,4,sub-FC123_ses-2_task-renewal_fearROIs_bin_SN.csv,sub-FC123_ses-2_task-renewal_fearROIs_bin_BN.csv
PTSD,FC123,2,renewal,21,22,24,4,sub-FC123_ses-2_task-renewal_fearROIs_bin_SN.csv,sub-FC123_ses-2_task-renewal_fearROIs_bin_BN.csv
PTSD,FC123,2,renewal,22,23,16,4,sub-FC123_ses-2_task-renewal_fearROIs_bin_SN.csv,sub-FC123_ses-2_task-renewal_fearROIs_bin_BN.csv
PTSD,FC123,2,renewal,23,24,32,4,sub-FC123_ses-2_task-renewal_fearROIs_bin_SN.csv,sub-FC123_ses-2_task-renewal_fearROIs_bin_BN.csv
PTSD,FC123,2,renewal,24,25,26,4,sub-FC123_ses-2_task-renewal_fearROIs_bin_SN.csv,sub-FC123_ses-2_task-renewal_fearROIs_bin_BN.csv
PTSD,FC123,2,renewal,25,26,2,1,sub-FC123_ses-2_task-renewal_fearROIs_bin_SN.csv,sub-FC123_ses-2_task-renewal_fearROIs_bin_BN.csv
PTSD,FC123,2,renewal,26,27,1,1,sub-FC123_ses-2_task-renewal_fearROIs_bin_SN.csv,sub-FC123_ses-2_task-renewal_fearROIs_bin_BN.csv
PTSD,FC123,2,renewal,27,28,17,1,sub-FC123_ses-2_task-renewal_fearROIs_bin_SN.csv,sub-FC123_ses-2_task-renewal_fearROIs_bin_BN.csv
PTSD,FC123,2,renewal,28,29,6,1,sub-FC123_ses-2_task-renewal_fearROIs_bin_SN.csv,sub-FC123_ses-2_task-renewal_fearROIs_bin_BN.csv
PTSD,FC123,2,renewal,29,30,32,4,sub-FC123_ses-2_task-renewal_fearROIs_bin_SN.csv,sub-FC123_ses-2_task-renewal_fearROIs_bin_BN.csv
PTSD,FC123,2,renewal,30,31,29,2,sub-FC123_ses-2_task-renewal_fearROIs_bin_SN.csv,sub-FC123_ses-2_task-renewal_fearROIs_bin_BN.csv
PTSD,FC123,2,renewal,31,32,4,3,sub-FC123_ses-2_task-renewal_fearROIs_bin_SN.csv,sub-FC123_ses-2_task-renewal_fearROIs_bin_BN.csv
PTSD,FC123,2,renewal,32,33,32,4,sub-FC123_ses-2_task-renewal_fearROIs_bin_SN.csv,sub-FC123_ses-2_task-renewal_fearROIs_bin_BN.csv
PTSD,FC123,2,renewal,33,34,15,2,sub-FC123_ses-2_task-renewal_fearROIs_bin_SN.csv,sub-FC123_ses-2_task-renewal_fearROIs_bin_BN.csv
PTSD,FC123,2,renewal,34,35,14,2,sub-FC123_ses-2_task-renewal_fearROIs_bin_SN.csv,sub-FC123_ses-2_task-renewal_fearROIs_bin_BN.csv
PTSD,FC123,2,renewal,35,36,24,4,sub-FC123_ses-2_task-renewal_fearROIs_bin_SN.csv,sub-FC123_ses-2_task-renewal_fearROIs_bin_BN.csv
PTSD,FC123,2,renewal,36,37,19,3,sub-FC123_ses-2_task-renewal_fearROIs_bin_SN.csv,sub-FC123_ses-2_task-renewal_fearROIs_bin_BN.csv
PTSD,FC123,2,renewal,37,38,32,4,sub-FC123_ses-2_task-renewal_fearROIs_bin_SN.csv,sub-FC123_ses-2_task-renewal_fearROIs_bin_BN.csv
PTSD,FC123,2,renewal,38,39,29,2,sub-FC123_ses-2_task-renewal_fearROIs_bin_SN.csv,sub-FC123_ses-2_task-renewal_fearROIs_bin_BN.csv
PTSD,FC123,2,renewal,39,40,9,1,sub-FC123_ses-2_task-renewal_fearROIs_bin_SN.csv,sub-FC123_ses-2_task-renewal_fearROIs_bin_BN.csv
PTSD,FC123,2,renewal,40,41,1,1,sub-FC123_ses-2_task-renewal_fearROIs_bin_SN.csv,sub-FC123_ses-2_task-renewal_fearROIs_bin_BN.csv
PTSD,FC123,2,renewal,41,42,2,1,sub-FC123_ses-2_task-renewal_fearROIs_bin_SN.csv,sub-FC123_ses-2_task-renewal_fearROIs_bin_BN.csv
PTSD,FC123,2,renewal,42,43,32,4,sub-FC123_ses-2_task-renewal_fearROIs_bin_SN.csv,sub-FC123_ses-2_task-renewal_fearROIs_bin_BN.csv
PTSD,FC123,2,renewal,43,44,1,1,sub-FC123_ses-2_task-renewal_fearROIs_bin_SN.csv,sub-FC123_ses-2_task-renewal_fearROIs_bin_BN.csv
PTSD,FC123,2,renewal,44,45,17,1,sub-FC123_ses-2_task-renewal_fearROIs_bin_SN.csv,sub-FC123_ses-2_task-renewal_fearROIs_bin_BN.csv
PTSD,FC123,2,renewal,45,46,1,1,sub-FC123_ses-2_task-renewal_fearROIs_bin_SN.csv,sub-FC123_ses-2_task-renewal_fearROIs_bin_BN.csv
PTSD,FC123,2,renewal,46,47,8,3,sub-FC123_ses-2_task-renewal_fearROIs_bin_SN.csv,sub-FC123_ses-2_task-renewal_fearROIs_bin_BN.csv
PTSD,FC123,2,renewal,47,48,24,4,sub-FC123_ses-2_task-renewal_fearROIs_bin_SN.csv,sub-FC123_ses-2_task-renewal_fearROIs_bin_BN.csv
PTSD,FC123,2,renewal,48,49,11,1,sub-FC123_ses-2_task-renewal_fearROIs_bin_SN.csv,sub-FC123_ses-2_task-renewal_fearROIs_bin_BN.csv
PTSD,FC123,2,renewal,49,50,16,4,sub-FC123_ses-2_task-renewal_fearROIs_bin_SN.csv,sub-FC123_ses-2_task-renewal_fearROIs_bin_BN.csv
PTSD,FC123,2,renewal,50,51,11,1,sub-FC123_ses-2_task-renewal_fearROIs_bin_SN.csv,sub-FC123_ses-2_task-renewal_fearROIs_bin_BN.csv
PTSD,FC123,2,renewal,51,52,1,1,sub-FC123_ses-2_task-renewal_fearROIs_bin_SN.csv,sub-FC123_ses-2_task-renewal_fearROIs_bin_BN.csv
PTSD,FC123,2,renewal,52,53,32,4,sub-FC123_ses-2_task-renewal_fearROIs_bin_SN.csv,sub-FC123_ses-2_task-renewal_fearROIs_bin_BN.csv
PTSD,FC123,2,renewal,53,54,1,1,sub-FC123_ses-2_task-renewal_fearROIs_bin_SN.csv,sub-FC123_ses-2_task-renewal_fearROIs_bin_BN.csv
PTSD,FC123,2,renewal,54,55,28,4,sub-FC123_ses-2_task-renewal_fearROIs_bin_SN.csv,sub-FC123_ses-2_task-renewal_fearROIs_bin_BN.csv
PTSD,FC123,2,renewal,55,56,27,4,sub-FC123_ses-2_task-renewal_fearROIs_bin_SN.csv,sub-FC123_ses-2_task-renewal_fearROIs_bin_BN.csv
PTSD,FC123,2,renewal,56,57,26,4,sub-FC123_ses-2_task-renewal_fearROIs_bin_SN.csv,sub-FC123_ses-2_task-renewal_fearROIs_bin_BN.csv
PTSD,FC123,2,renewal,57,58,20,3,sub-FC123_ses-2_task-renewal_fearROIs_bin_SN.csv,sub-FC123_ses-2_task-renewal_fearROIs_bin_BN.csv
PTSD,FC123,2,renewal,58,59,1,1,sub-FC123_ses-2_task-renewal_fearROIs_bin_SN.csv,sub-FC123_ses-2_task-renewal_fearROIs_bin_BN.csv
PTSD,FC123,2,renewal,59,60,24,4,sub-FC123_ses-2_task-renewal_fearROIs_bin_SN.csv,sub-FC123_ses-2_task-renewal_fearROIs_bin_BN.csv
PTSD,FC123,2,renewal,60,61,11,1,sub-FC123_ses-2_task-renewal_fearROIs_bin_SN.csv,sub-FC123_ses-2_task-renewal_fearROIs_bin_BN.csv
PTSD,FC123,2,renewal,61,62,26,4,sub-FC123_ses-2_task-renewal_fearROIs_bin_SN.csv,sub-FC123_ses-2_task-renewal_fearROIs_bin_BN.csv
PTSD,FC123,2,renewal,62,63,29,2,sub-FC123_ses-2_task-renewal_fearROIs_bin_SN.csv,sub-FC123_ses-2_task-renewal_fearROIs_bin_BN.csv
PTSD,FC123,2,renewal,63,64,21,1,sub-FC123_ses-2_task-renewal_fearROIs_bin_SN.csv,sub-FC123_ses-2_task-renewal_fearROIs_bin_BN.csv
PTSD,FC123,2,renewal,64,65,25,1,sub-FC123_ses-2_task-renewal_fearROIs_bin_SN.csv,sub-FC123_ses-2_task-renewal_fearROIs_bin_BN.csv
PTSD,FC123,2,renewal,65,66,28,4,sub-FC123_ses-2_task-renewal_fearROIs_bin_SN.csv,sub-FC123_ses-2_task-renewal_fearROIs_bin_BN.csv
PTSD,FC123,2,renewal,66,67,1,1,sub-FC123_ses-2_task-renewal_fearROIs_bin_SN.csv,sub-FC123_ses-2_task-renewal_fearROIs_bin_BN.csv
PTSD,FC123,2,renewal,67,68,32,4,sub-FC123_ses-2_task-renewal_fearROIs_bin_SN.csv,sub-FC123_ses-2_task-renewal_fearROIs_bin_BN.csv
PTSD,FC123,2,renewal,68,69,32,4,sub-FC123_ses-2_task-renewal_fearROIs_bin_SN.csv,sub-FC123_ses-2_task-renewal_fearROIs_bin_BN.csv
PTSD,FC123,2,renewal,69,70,9,1,sub-FC123_ses-2_task-renewal_fearROIs_bin_SN.csv,sub-FC123_ses-2_task-renewal_fearROIs_bin_BN.csv
PTSD,FC123,2,renewal,70,71,10,1,sub-FC123_ses-2_task-renewal_fearROIs_bin_SN.csv,sub-FC123_ses-2_task-renewal_fearROIs_bin_BN.csv
PTSD,FC123,2,renewal,71,72,17,1,sub-FC123_ses-2_task-renewal_fearROIs_bin_SN.csv,sub-FC123_ses-2_task-renewal_fearROIs_bin_BN.csv
PTSD,FC123,2,renewal,72,73,1,1,sub-FC123_ses-2_task-renewal_fearROIs_bin_SN.csv,sub-FC123_ses-2_task-renewal_fearROIs_bin_BN.csv
PTSD,FC123,2,renewal,73,74,32,4,sub-FC123_ses-2_task-renewal_fearROIs_bin_SN.csv,sub-FC123_ses-2_task-renewal_fearROIs_bin_BN.csv
PTSD,FC123,2,renewal,74,75,31,4,sub-FC123_ses-2_task-renewal_fearROIs_bin_SN.csv,sub-FC123_ses-2_task-renewal_fearROIs_bin_BN.csv
PTSD,FC123,2,renewal,75,76,1,1,sub-FC123_ses-2_task-renewal_fearROIs_bin_SN.csv,sub-FC123_ses-2_task-renewal_fearROIs_bin_BN.csv
PTSD,FC123,2,renewal,76,77,5,1,sub-FC123_ses-2_task-renewal_fearROIs_bin_SN.csv,sub-FC123_ses-2_task-renewal_fearROIs_bin_BN.csv
PTSD,FC123,2,renewal,77,78,5,1,sub-FC123_ses-2_task-renewal_fearROIs_bin_SN.csv,sub-FC123_ses-2_task-renewal_fearROIs_bin_BN.csv
PTSD,FC123,2,renewal,78,79,15,2,sub-FC123_ses-2_task-renewal_fearROIs_bin_SN.csv,sub-FC123_ses-2_task-renewal_fearROIs_bin_BN.csv
PTSD,FC123,2,renewal,79,80,28,4,sub-FC123_ses-2_task-renewal_fearROIs_bin_SN.csv,sub-FC123_ses-2_task-renewal_fearROIs_bin_BN.csv
PTSD,FC123,2,renewal,80,81,1,1,sub-FC123_ses-2_task-renewal_fearROIs_bin_SN.csv,sub-FC123_ses-2_task-renewal_fearROIs_bin_BN.csv
PTSD,FC123,2,renewal,81,82,16,4,sub-FC123_ses-2_task-renewal_fearROIs_bin_SN.csv,sub-FC123_ses-2_task-renewal_fearROIs_bin_BN.csv
PTSD,FC123,2,renewal,82,83,28,4,sub-FC123_ses-2_task-renewal_fearROIs_bin_SN.csv,sub-FC123_ses-2_task-renewal_fearROIs_bin_BN.csv
PTSD,FC123,2,renewal,83,84,1,1,sub-FC123_ses-2_task-renewal_fearROIs_bin_SN.csv,sub-FC123_ses-2_task-renewal_fearROIs_bin_BN.csv
PTSD,FC123,2,renewal,84,85,8,3,sub-FC123_ses-2_task-renewal_fearROIs_bin_SN.csv,sub-FC123_ses-2_task-renewal_fearROIs_bin_BN.csv
PTSD,FC123,2,renewal,85,86,5,1,sub-FC123_ses-2_task-renewal_fearROIs_bin_SN.csv,sub-FC123_ses-2_task-renewal_fearROIs_bin_BN.csv
PTSD,FC123,2,renewal,86,87,1,1,sub-FC123_ses-2_task-renewal_fearROIs_bin_SN.csv,sub-FC123_ses-2_task-renewal_fearROIs_bin_BN.csv
PTSD,FC123,2,renewal,87,88,21,1,sub-FC123_ses-2_task-renewal_fearROIs_bin_SN.csv,sub-FC123_ses-2_task-renewal_fearROIs_bin_BN.csv
PTSD,FC123,2,renewal,88,89,23,4,sub-FC123_ses-2_task-renewal_fearROIs_bin_SN.csv,sub-FC123_ses-2_task-renewal_fearROIs_bin_BN.csv
PTSD,FC123,2,renewal,89,90,4,3,sub-FC123_ses-2_task-renewal_fearROIs_bin_SN.csv,sub-FC123_ses-2_task-renewal_fearROIs_bin_BN.csv
PTSD,FC123,2,renewal,90,91,1,1,sub-FC123_ses-2_task-renewal_fearROIs_bin_SN.csv,sub-FC123_ses-2_task-renewal_fearROIs_bin_BN.csv
PTSD,FC123,2,renewal,91,92,6,1,sub-FC123_ses-2_task-renewal_fearROIs_bin_SN.csv,sub-FC123_ses-2_task-renewal_fearROIs_bin_BN.csv
PTSD,FC123,2,renewal,92,93,32,4,sub-FC123_ses-2_task-renewal_fearROIs_bin_SN.csv,sub-FC123_ses-2_task-renewal_fearROIs_bin_BN.csv
PTSD,FC123,2,renewal,93,94,13,2,sub-FC123_ses-2_task-renewal_fearROIs_bin_SN.csv,sub-FC123_ses-2_task-renewal_fearROIs_bin_BN.csv
PTSD,FC123,2,renewal,94,95,12,3,sub-FC123_ses-2_task-renewal_fearROIs_bin_SN.csv,sub-FC123_ses-2_task-renewal_fearROIs_bin_BN.csv
PTSD,FC123,2,renewal,95,96,32,4,sub-FC123_ses-2_task-renewal_fearROIs_bin_SN.csv,sub-FC123_ses-2_task-renewal_fearROIs_bin_BN.csv
PTSD,FC123,2,renewal,96,97,31,4,sub-FC123_ses-2_task-renewal_fearROIs_bin_SN.csv,sub-FC123_ses-2_task-renewal_fearROIs_bin_BN.csv
PTSD,FC123,2,renewal,97,98,32,4,sub-FC123_ses-2_task-renewal_fearROIs_bin_SN.csv,sub-FC123_ses-2_task-renewal_fearROIs_bin_BN.csv
PTSD,FC123,2,renewal,98,99,30,4,sub-FC123_ses-2_task-renewal_fearROIs_bin_SN.csv,sub-FC123_ses-2_task-renewal_fearROIs_bin_BN.csv
PTSD,FC123,2,renewal,99,100,23,4,sub-FC123_ses-2_task-renewal_fearROIs_bin_SN.csv,sub-FC123_ses-2_task-renewal_fearROIs_bin_BN.csv
PTSD,FC123,2,renewal,100,101,4,3,sub-FC123_ses-2_task-renewal_fearROIs_bin_SN.csv,sub-FC123_ses-2_task-renewal_fearROIs_bin_BN.csv
PTSD,FC123,2,renewal,101,102,32,4,sub-FC123_ses-2_task-renewal_fearROIs_bin_SN.csv,sub-FC123_ses-2_task-renewal_fearROIs_bin_BN.csv
PTSD,FC123,2,renewal,102,103,31,4,sub-FC123_ses-2_task-renewal_fearROIs_bin_SN.csv,sub-FC123_ses-2_task-renewal_fearROIs_bin_BN.csv
PTSD,FC123,2,renewal,103,104,12,3,sub-FC123_ses-2_task-renewal_fearROIs_bin_SN.csv,sub-FC123_ses-2_task-renewal_fearROIs_bin_BN.csv
PTSD,FC123,2,renewal,104,105,17,1,sub-FC123_ses-2_task-renewal_fearROIs_bin_SN.csv,sub-FC123_ses-2_task-renewal_fearROIs_bin_BN.csv
PTSD,FC123,2,renewal,105,106,2,1,sub-FC123_ses-2_task-renewal_fearROIs_bin_SN.csv,sub-FC123_ses-2_task-renewal_fearROIs_bin_BN.csv
PTSD,FC123,2,renewal,106,107,32,4,sub-FC123_ses-2_task-renewal_fearROIs_bin_SN.csv,sub-FC123_ses-2_task-renewal_fearROIs_bin_BN.csv
PTSD,FC123,2,renewal,107,108,15,2,sub-FC123_ses-2_task-renewal_fearROIs_bin_SN.csv,sub-FC123_ses-2_task-renewal_fearROIs_bin_BN.csv
PTSD,FC123,2,renewal,108,109,32,4,sub-FC123_ses-2_task-renewal_fearROIs_bin_SN.csv,sub-FC123_ses-2_task-renewal_fearROIs_bin_BN.csv
PTSD,FC123,2,renewal,109,110,29,2,sub-FC123_ses-2_task-renewal_fearROIs_bin_SN.csv,sub-FC123_ses-2_task-renewal_fearROIs_bin_BN.csv
PTSD,FC123,2,renewal,110,111,9,1,sub-FC123_ses-2_task-renewal_fearROIs_bin_SN.csv,sub-FC123_ses-2_task-renewal_fearROIs_bin_BN.csv
PTSD,FC123,2,renewal,111,112,18,3,sub-FC123_ses-2_task-renewal_fearROIs_bin_SN.csv,sub-FC123_ses-2_task-renewal_fearROIs_bin_BN.csv
PTSD,FC123,2,renewal,112,113,5,1,sub-FC123_ses-2_task-renewal_fearROIs_bin_SN.csv,sub-FC123_ses-2_task-renewal_fearROIs_bin_BN.csv
PTSD,FC123,2,renewal,113,114,8,3,sub-FC123_ses-2_task-renewal_fearROIs_bin_SN.csv,sub-FC123_ses-2_task-renewal_fearROIs_bin_BN.csv
PTSD,FC123,2,renewal,114,115,24,4,sub-FC123_ses-2_task-renewal_fearROIs_bin_SN.csv,sub-FC123_ses-2_task-renewal_fearROIs_bin_BN.csv
PTSD,FC123,2,renewal,115,116,1,1,sub-FC123_ses-2_task-renewal_fearROIs_bin_SN.csv,sub-FC123_ses-2_task-renewal_fearROIs_bin_BN.csv
PTSD,FC123,2,renewal,116,117,1,1,sub-FC123_ses-2_task-renewal_fearROIs_bin_SN.csv,sub-FC123_ses-2_task-renewal_fearROIs_bin_BN.csv
PTSD,FC123,2,renewal,117,118,1,1,sub-FC123_ses-2_task-renewal_fearROIs_bin_SN.csv,sub-FC123_ses-2_task-renewal_fearROIs_bin_BN.csv
PTSD,FC123,2,renewal,118,119,4,3,sub-FC123_ses-2_task-renewal_fearROIs_bin_SN.csv,sub-FC123_ses-2_task-renewal_fearROIs_bin_BN.csv
PTSD,FC124,2,renewal,0,1,1,1,sub-FC124_ses-2_task-renewal_fearROIs_bin_SN.csv,sub-FC124_ses-2_task-renewal_fearROIs_bin_BN.csv
PTSD,FC124,2,renewal,1,2,17,1,sub-FC124_ses-2_task-renewal_fearROIs_bin_SN.csv,sub-FC124_ses-2_task-renewal_fearROIs_bin_BN.csv
PTSD,FC124,2,renewal,2,3,32,4,sub-FC124_ses-2_task-renewal_fearROIs_bin_SN.csv,sub-FC124_ses-2_task-renewal_fearROIs_bin_BN.csv
PTSD,FC124,2,renewal,3,4,20,3,sub-FC124_ses-2_task-renewal_fearROIs_bin_SN.csv,sub-FC124_ses-2_task-renewal_fearROIs_bin_BN.csv
PTSD,FC124,2,renewal,4,5,1,1,sub-FC124_ses-2_task-renewal_fearROIs_bin_SN.csv,sub-FC124_ses-2_task-renewal_fearROIs_bin_BN.csv
PTSD,FC124,2,renewal,5,6,1,1,sub-FC124_ses-2_task-renewal_fearROIs_bin_SN.csv,sub-FC124_ses-2_task-renewal_fearROIs_bin_BN.csv
PTSD,FC124,2,renewal,6,7,11,1,sub-FC124_ses-2_task-renewal_fearROIs_bin_SN.csv,sub-FC124_ses-2_task-renewal_fearROIs_bin_BN.csv
PTSD,FC124,2,renewal,7,8,32,4,sub-FC124_ses-2_task-renewal_fearROIs_bin_SN.csv,sub-FC124_ses-2_task-renewal_fearROIs_bin_BN.csv
PTSD,FC124,2,renewal,8,9,32,4,sub-FC124_ses-2_task-renewal_fearROIs_bin_SN.csv,sub-FC124_ses-2_task-renewal_fearROIs_bin_BN.csv
PTSD,FC124,2,renewal,9,10,32,4,sub-FC124_ses-2_task-renewal_fearROIs_bin_SN.csv,sub-FC124_ses-2_task-renewal_fearROIs_bin_BN.csv
PTSD,FC124,2,renewal,10,11,3,1,sub-FC124_ses-2_task-renewal_fearROIs_bin_SN.csv,sub-FC124_ses-2_task-renewal_fearROIs_bin_BN.csv
PTSD,FC124,2,renewal,11,12,9,1,sub-FC124_ses-2_task-renewal_fearROIs_bin_SN.csv,sub-FC124_ses-2_task-renewal_fearROIs_bin_BN.csv
PTSD,FC124,2,renewal,12,13,14,2,sub-FC124_ses-2_task-renewal_fearROIs_bin_SN.csv,sub-FC124_ses-2_task-renewal_fearROIs_bin_BN.csv
PTSD,FC124,2,renewal,13,14,30,4,sub-FC124_ses-2_task-renewal_fearROIs_bin_SN.csv,sub-FC124_ses-2_task-renewal_fearROIs_bin_BN.csv
PTSD,FC124,2,renewal,14,15,24,4,sub-FC124_ses-2_task-renewal_fearROIs_bin_SN.csv,sub-FC124_ses-2_task-renewal_fearROIs_bin_BN.csv
PTSD,FC124,2,renewal,15,16,32,4,sub-FC124_ses-2_task-renewal_fearROIs_bin_SN.csv,sub-FC124_ses-2_task-renewal_fearROIs_bin_BN.csv
PTSD,FC124,2,renewal,16,17,4,3,sub-FC124_ses-2_task-renewal_fearROIs_bin_SN.csv,sub-FC124_ses-2_task-renewal_fearROIs_bin_BN.csv
PTSD,FC124,2,renewal,17,18,1,1,sub-FC124_ses-2_task-renewal_fearROIs_bin_SN.csv,sub-FC124_ses-2_task-renewal_fearROIs_bin_BN.csv
PTSD,FC124,2,renewal,18,19,17,1,sub-FC124_ses-2_task-renewal_fearROIs_bin_SN.csv,sub-FC124_ses-2_task-renewal_fearROIs_bin_BN.csv
PTSD,FC124,2,renewal,19,20,29,2,sub-FC124_ses-2_task-renewal_fearROIs_bin_SN.csv,sub-FC124_ses-2_task-renewal_fearROIs_bin_BN.csv
PTSD,FC124,2,renewal,20,21,31,4,sub-FC124_ses-2_task-renewal_fearROIs_bin_SN.csv,sub-FC124_ses-2_task-renewal_fearROIs_bin_BN.csv
PTSD,FC124,2,renewal,21,22,32,4,sub-FC124_ses-2_task-renewal_fearROIs_bin_SN.csv,sub-FC124_ses-2_task-renewal_fearROIs_bin_BN.csv
PTSD,FC124,2,renewal,22,23,22,4,sub-FC124_ses-2_task-renewal_fearROIs_bin_SN.csv,sub-FC124_ses-2_task-renewal_fearROIs_bin_BN.csv
PTSD,FC124,2,renewal,23,24,27,4,sub-FC124_ses-2_task-renewal_fearROIs_bin_SN.csv,sub-FC124_ses-2_task-renewal_fearROIs_bin_BN.csv
PTSD,FC124,2,renewal,24,25,13,2,sub-FC124_ses-2_task-renewal_fearROIs_bin_SN.csv,sub-FC124_ses-2_task-renewal_fearROIs_bin_BN.csv
PTSD,FC124,2,renewal,25,26,2,1,sub-FC124_ses-2_task-renewal_fearROIs_bin_SN.csv,sub-FC124_ses-2_task-renewal_fearROIs_bin_BN.csv
PTSD,FC124,2,renewal,26,27,20,3,sub-FC124_ses-2_task-renewal_fearROIs_bin_SN.csv,sub-FC124_ses-2_task-renewal_fearROIs_bin_BN.csv
PTSD,FC124,2,renewal,27,28,5,1,sub-FC124_ses-2_task-renewal_fearROIs_bin_SN.csv,sub-FC124_ses-2_task-renewal_fearROIs_bin_BN.csv
PTSD,FC124,2,renewal,28,29,25,1,sub-FC124_ses-2_task-renewal_fearROIs_bin_SN.csv,sub-FC124_ses-2_task-renewal_fearROIs_bin_BN.csv
PTSD,FC124,2,renewal,29,30,1,1,sub-FC124_ses-2_task-renewal_fearROIs_bin_SN.csv,sub-FC124_ses-2_task-renewal_fearROIs_bin_BN.csv
PTSD,FC124,2,renewal,30,31,4,3,sub-FC124_ses-2_task-renewal_fearROIs_bin_SN.csv,sub-FC124_ses-2_task-renewal_fearROIs_bin_BN.csv
PTSD,FC124,2,renewal,31,32,15,2,sub-FC124_ses-2_task-renewal_fearROIs_bin_SN.csv,sub-FC124_ses-2_task-renewal_fearROIs_bin_BN.csv
PTSD,FC124,2,renewal,32,33,29,2,sub-FC124_ses-2_task-renewal_fearROIs_bin_SN.csv,sub-FC124_ses-2_task-renewal_fearROIs_bin_BN.csv
PTSD,FC124,2,renewal,33,34,25,1,sub-FC124_ses-2_task-renewal_fearROIs_bin_SN.csv,sub-FC124_ses-2_task-renewal_fearROIs_bin_BN.csv
PTSD,FC124,2,renewal,34,35,1,1,sub-FC124_ses-2_task-renewal_fearROIs_bin_SN.csv,sub-FC124_ses-2_task-renewal_fearROIs_bin_BN.csv
PTSD,FC124,2,renewal,35,36,1,1,sub-FC124_ses-2_task-renewal_fearROIs_bin_SN.csv,sub-FC124_ses-2_task-renewal_fearROIs_bin_BN.csv
PTSD,FC124,2,renewal,36,37,9,1,sub-FC124_ses-2_task-renewal_fearROIs_bin_SN.csv,sub-FC124_ses-2_task-renewal_fearROIs_bin_BN.csv
PTSD,FC124,2,renewal,37,38,32,4,sub-FC124_ses-2_task-renewal_fearROIs_bin_SN.csv,sub-FC124_ses-2_task-renewal_fearROIs_bin_BN.csv
PTSD,FC124,2,renewal,38,39,32,4,sub-FC124_ses-2_task-renewal_fearROIs_bin_SN.csv,sub-FC124_ses-2_task-renewal_fearROIs_bin_BN.csv
PTSD,FC124,2,renewal,39,40,5,1,sub-FC124_ses-2_task-renewal_fearROIs_bin_SN.csv,sub-FC124_ses-2_task-renewal_fearROIs_bin_BN.csv
PTSD,FC124,2,renewal,40,41,26,4,sub-FC124_ses-2_task-renewal_fearROIs_bin_SN.csv,sub-FC124_ses-2_task-renewal_fearROIs_bin_BN.csv
PTSD,FC124,2,renewal,41,42,28,4,sub-FC124_ses-2_task-renewal_fearROIs_bin_SN.csv,sub-FC124_ses-2_task-renewal_fearROIs_bin_BN.csv
PTSD,FC124,2,renewal,42,43,3,1,sub-FC124_ses-2_task-renewal_fearROIs_bin_SN.csv,sub-FC124_ses-2_task-renewal_fearROIs_bin_BN.csv
PTSD,FC124,2,renewal,43,44,24,4,sub-FC124_ses-2_task-renewal_fearROIs_bin_SN.csv,sub-FC124_ses-2_task-renewal_fearROIs_bin_BN.csv
PTSD,FC124,2,renewal,44,45,32,4,sub-FC124_ses-2_task-renewal_fearROIs_bin_SN.csv,sub-FC124_ses-2_task-renewal_fearROIs_bin_BN.csv
PTSD,FC124,2,renewal,45,46,8,3,sub-FC124_ses-2_task-renewal_fearROIs_bin_SN.csv,sub-FC124_ses-2_task-renewal_fearROIs_bin_BN.csv
PTSD,FC124,2,renewal,46,47,1,1,sub-FC124_ses-2_task-renewal_fearROIs_bin_SN.csv,sub-FC124_ses-2_task-renewal_fearROIs_bin_BN.csv
PTSD,FC124,2,renewal,47,48,16,4,sub-FC124_ses-2_task-renewal_fearROIs_bin_SN.csv,sub-FC124_ses-2_task-renewal_fearROIs_bin_BN.csv
PTSD,FC124,2,renewal,48,49,32,4,sub-FC124_ses-2_task-renewal_fearROIs_bin_SN.csv,sub-FC124_ses-2_task-renewal_fearROIs_bin_BN.csv
PTSD,FC124,2,renewal,49,50,30,4,sub-FC124_ses-2_task-renewal_fearROIs_bin_SN.csv,sub-FC124_ses-2_task-renewal_fearROIs_bin_BN.csv
PTSD,FC124,2,renewal,50,51,25,1,sub-FC124_ses-2_task-renewal_fearROIs_bin_SN.csv,sub-FC124_ses-2_task-renewal_fearROIs_bin_BN.csv
PTSD,FC124,2,renewal,51,52,1,1,sub-FC124_ses-2_task-renewal_fearROIs_bin_SN.csv,sub-FC124_ses-2_task-renewal_fearROIs_bin_BN.csv
PTSD,FC124,2,renewal,52,53,25,1,sub-FC124_ses-2_task-renewal_fearROIs_bin_SN.csv,sub-FC124_ses-2_task-renewal_fearROIs_bin_BN.csv
PTSD,FC124,2,renewal,53,54,4,3,sub-FC124_ses-2_task-renewal_fearROIs_bin_SN.csv,sub-FC124_ses-2_task-renewal_fearROIs_bin_BN.csv
PTSD,FC124,2,renewal,54,55,2,1,sub-FC124_ses-2_task-renewal_fearROIs_bin_SN.csv,sub-FC124_ses-2_task-renewal_fearROIs_bin_BN.csv
PTSD,FC124,2,renewal,55,56,1,1,sub-FC124_ses-2_task-renewal_fearROIs_bin_SN.csv,sub-FC124_ses-2_task-renewal_fearROIs_bin_BN.csv
PTSD,FC124,2,renewal,56,57,1,1,sub-FC124_ses-2_task-renewal_fearROIs_bin_SN.csv,sub-FC124_ses-2_task-renewal_fearROIs_bin_BN.csv
PTSD,FC124,2,renewal,57,58,32,4,sub-FC124_ses-2_task-renewal_fearROIs_bin_SN.csv,sub-FC124_ses-2_task-renewal_fearROIs_bin_BN.csv
PTSD,FC124,2,renewal,58,59,32,4,sub-FC124_ses-2_task-renewal_fearROIs_bin_SN.csv,sub-FC124_ses-2_task-renewal_fearROIs_bin_BN.csv
PTSD,FC124,2,renewal,59,60,6,1,sub-FC124_ses-2_task-renewal_fearROIs_bin_SN.csv,sub-FC124_ses-2_task-renewal_fearROIs_bin_BN.csv
PTSD,FC124,2,renewal,60,61,4,3,sub-FC124_ses-2_task-renewal_fearROIs_bin_SN.csv,sub-FC124_ses-2_task-renewal_fearROIs_bin_BN.csv
PTSD,FC124,2,renewal,61,62,17,1,sub-FC124_ses-2_task-renewal_fearROIs_bin_SN.csv,sub-FC124_ses-2_task-renewal_fearROIs_bin_BN.csv
PTSD,FC124,2,renewal,62,63,22,4,sub-FC124_ses-2_task-renewal_fearROIs_bin_SN.csv,sub-FC124_ses-2_task-renewal_fearROIs_bin_BN.csv
PTSD,FC124,2,renewal,63,64,31,4,sub-FC124_ses-2_task-renewal_fearROIs_bin_SN.csv,sub-FC124_ses-2_task-renewal_fearROIs_bin_BN.csv
PTSD,FC124,2,renewal,64,65,32,4,sub-FC124_ses-2_task-renewal_fearROIs_bin_SN.csv,sub-FC124_ses-2_task-renewal_fearROIs_bin_BN.csv
PTSD,FC124,2,renewal,65,66,20,3,sub-FC124_ses-2_task-renewal_fearROIs_bin_SN.csv,sub-FC124_ses-2_task-renewal_fearROIs_bin_BN.csv
PTSD,FC124,2,renewal,66,67,1,1,sub-FC124_ses-2_task-renewal_fearROIs_bin_SN.csv,sub-FC124_ses-2_task-renewal_fearROIs_bin_BN.csv
PTSD,FC124,2,renewal,67,68,1,1,sub-FC124_ses-2_task-renewal_fearROIs_bin_SN.csv,sub-FC124_ses-2_task-renewal_fearROIs_bin_BN.csv
PTSD,FC124,2,renewal,68,69,32,4,sub-FC124_ses-2_task-renewal_fearROIs_bin_SN.csv,sub-FC124_ses-2_task-renewal_fearROIs_bin_BN.csv
PTSD,FC124,2,renewal,69,70,16,4,sub-FC124_ses-2_task-renewal_fearROIs_bin_SN.csv,sub-FC124_ses-2_task-renewal_fearROIs_bin_BN.csv
PTSD,FC124,2,renewal,70,71,31,4,sub-FC124_ses-2_task-renewal_fearROIs_bin_SN.csv,sub-FC124_ses-2_task-renewal_fearROIs_bin_BN.csv
PTSD,FC124,2,renewal,71,72,31,4,sub-FC124_ses-2_task-renewal_fearROIs_bin_SN.csv,sub-FC124_ses-2_task-renewal_fearROIs_bin_BN.csv
PTSD,FC124,2,renewal,72,73,32,4,sub-FC124_ses-2_task-renewal_fearROIs_bin_SN.csv,sub-FC124_ses-2_task-renewal_fearROIs_bin_BN.csv
PTSD,FC124,2,renewal,73,74,30,4,sub-FC124_ses-2_task-renewal_fearROIs_bin_SN.csv,sub-FC124_ses-2_task-renewal_fearROIs_bin_BN.csv
PTSD,FC124,2,renewal,74,75,10,1,sub-FC124_ses-2_task-renewal_fearROIs_bin_SN.csv,sub-FC124_ses-2_task-renewal_fearROIs_bin_BN.csv
PTSD,FC124,2,renewal,75,76,4,3,sub-FC124_ses-2_task-renewal_fearROIs_bin_SN.csv,sub-FC124_ses-2_task-renewal_fearROIs_bin_BN.csv
PTSD,FC124,2,renewal,76,77,1,1,sub-FC124_ses-2_task-renewal_fearROIs_bin_SN.csv,sub-FC124_ses-2_task-renewal_fearROIs_bin_BN.csv
PTSD,FC124,2,renewal,77,78,1,1,sub-FC124_ses-2_task-renewal_fearROIs_bin_SN.csv,sub-FC124_ses-2_task-renewal_fearROIs_bin_BN.csv
PTSD,FC124,2,renewal,78,79,1,1,sub-FC124_ses-2_task-renewal_fearROIs_bin_SN.csv,sub-FC124_ses-2_task-renewal_fearROIs_bin_BN.csv
PTSD,FC124,2,renewal,79,80,16,4,sub-FC124_ses-2_task-renewal_fearROIs_bin_SN.csv,sub-FC124_ses-2_task-renewal_fearROIs_bin_BN.csv
PTSD,FC124,2,renewal,80,81,16,4,sub-FC124_ses-2_task-renewal_fearROIs_bin_SN.csv,sub-FC124_ses-2_task-renewal_fearROIs_bin_BN.csv
PTSD,FC124,2,renewal,81,82,30,4,sub-FC124_ses-2_task-renewal_fearROIs_bin_SN.csv,sub-FC124_ses-2_task-renewal_fearROIs_bin_BN.csv
PTSD,FC124,2,renewal,82,83,9,1,sub-FC124_ses-2_task-renewal_fearROIs_bin_SN.csv,sub-FC124_ses-2_task-renewal_fearROIs_bin_BN.csv
PTSD,FC124,2,renewal,83,84,2,1,sub-FC124_ses-2_task-renewal_fearROIs_bin_SN.csv,sub-FC124_ses-2_task-renewal_fearROIs_bin_BN.csv
PTSD,FC124,2,renewal,84,85,1,1,sub-FC124_ses-2_task-renewal_fearROIs_bin_SN.csv,sub-FC124_ses-2_task-renewal_fearROIs_bin_BN.csv
PTSD,FC124,2,renewal,85,86,2,1,sub-FC124_ses-2_task-renewal_fearROIs_bin_SN.csv,sub-FC124_ses-2_task-renewal_fearROIs_bin_BN.csv
PTSD,FC124,2,renewal,86,87,4,3,sub-FC124_ses-2_task-renewal_fearROIs_bin_SN.csv,sub-FC124_ses-2_task-renewal_fearROIs_bin_BN.csv
PTSD,FC124,2,renewal,87,88,2,1,sub-FC124_ses-2_task-renewal_fearROIs_bin_SN.csv,sub-FC124_ses-2_task-renewal_fearROIs_bin_BN.csv
PTSD,FC124,2,renewal,88,89,17,1,sub-FC124_ses-2_task-renewal_fearROIs_bin_SN.csv,sub-FC124_ses-2_task-renewal_fearROIs_bin_BN.csv
PTSD,FC124,2,renewal,89,90,6,1,sub-FC124_ses-2_task-renewal_fearROIs_bin_SN.csv,sub-FC124_ses-2_task-renewal_fearROIs_bin_BN.csv
PTSD,FC124,2,renewal,90,91,24,4,sub-FC124_ses-2_task-renewal_fearROIs_bin_SN.csv,sub-FC124_ses-2_task-renewal_fearROIs_bin_BN.csv
PTSD,FC124,2,renewal,91,92,31,4,sub-FC124_ses-2_task-renewal_fearROIs_bin_SN.csv,sub-FC124_ses-2_task-renewal_fearROIs_bin_BN.csv
PTSD,FC124,2,renewal,92,93,31,4,sub-FC124_ses-2_task-renewal_fearROIs_bin_SN.csv,sub-FC124_ses-2_task-renewal_fearROIs_bin_BN.csv
PTSD,FC124,2,renewal,93,94,31,4,sub-FC124_ses-2_task-renewal_fearROIs_bin_SN.csv,sub-FC124_ses-2_task-renewal_fearROIs_bin_BN.csv
PTSD,FC124,2,renewal,94,95,25,1,sub-FC124_ses-2_task-renewal_fearROIs_bin_SN.csv,sub-FC124_ses-2_task-renewal_fearROIs_bin_BN.csv
PTSD,FC124,2,renewal,95,96,3,1,sub-FC124_ses-2_task-renewal_fearROIs_bin_SN.csv,sub-FC124_ses-2_task-renewal_fearROIs_bin_BN.csv
PTSD,FC124,2,renewal,96,97,23,4,sub-FC124_ses-2_task-renewal_fearROIs_bin_SN.csv,sub-FC124_ses-2_task-renewal_fearROIs_bin_BN.csv
PTSD,FC124,2,renewal,97,98,11,1,sub-FC124_ses-2_task-renewal_fearROIs_bin_SN.csv,sub-FC124_ses-2_task-renewal_fearROIs_bin_BN.csv
PTSD,FC124,2,renewal,98,99,21,1,sub-FC124_ses-2_task-renewal_fearROIs_bin_SN.csv,sub-FC124_ses-2_task-renewal_fearROIs_bin_BN.csv
PTSD,FC124,2,renewal,99,100,31,4,sub-FC124_ses-2_task-renewal_fearROIs_bin_SN.csv,sub-FC124_ses-2_task-renewal_fearROIs_bin_BN.csv
PTSD,FC124,2,renewal,100,101,30,4,sub-FC124_ses-2_task-renewal_fearROIs_bin_SN.csv,sub-FC124_ses-2_task-renewal_fearROIs_bin_BN.csv
PTSD,FC124,2,renewal,101,102,9,1,sub-FC124_ses-2_task-renewal_fearROIs_bin_SN.csv,sub-FC124_ses-2_task-renewal_fearROIs_bin_BN.csv
PTSD,FC124,2,renewal,102,103,12,3,sub-FC124_ses-2_task-renewal_fearROIs_bin_SN.csv,sub-FC124_ses-2_task-renewal_fearROIs_bin_BN.csv
PTSD,FC124,2,renewal,103,104,32,4,sub-FC124_ses-2_task-renewal_fearROIs_bin_SN.csv,sub-FC124_ses-2_task-renewal_fearROIs_bin_BN.csv
PTSD,FC124,2,renewal,104,105,32,4,sub-FC124_ses-2_task-renewal_fearROIs_bin_SN.csv,sub-FC124_ses-2_task-renewal_fearROIs_bin_BN.csv
PTSD,FC124,2,renewal,105,106,7,1,sub-FC124_ses-2_task-renewal_fearROIs_bin_SN.csv,sub-FC124_ses-2_task-renewal_fearROIs_bin_BN.csv
PTSD,FC124,2,renewal,106,107,5,1,sub-FC124_ses-2_task-renewal_fearROIs_bin_SN.csv,sub-FC124_ses-2_task-renewal_fearROIs_bin_BN.csv
PTSD,FC124,2,renewal,107,108,23,4,sub-FC124_ses-2_task-renewal_fearROIs_bin_SN.csv,sub-FC124_ses-2_task-renewal_fearROIs_bin_BN.csv
PTSD,FC124,2,renewal,108,109,32,4,sub-FC124_ses-2_task-renewal_fearROIs_bin_SN.csv,sub-FC124_ses-2_task-renewal_fearROIs_bin_BN.csv
PTSD,FC124,2,renewal,109,110,32,4,sub-FC124_ses-2_task-renewal_fearROIs_bin_SN.csv,sub-FC124_ses-2_task-renewal_fearROIs_bin_BN.csv
PTSD,FC124,2,renewal,110,111,4,3,sub-FC124_ses-2_task-renewal_fearROIs_bin_SN.csv,sub-FC124_ses-2_task-renewal_fearROIs_bin_BN.csv
PTSD,FC124,2,renewal,111,112,31,4,sub-FC124_ses-2_task-renewal_fearROIs_bin_SN.csv,sub-FC124_ses-2_task-renewal_fearROIs_bin_BN.csv
PTSD,FC124,2,renewal,112,113,15,2,sub-FC124_ses-2_task-renewal_fearROIs_bin_SN.csv,sub-FC124_ses-2_task-renewal_fearROIs_bin_BN.csv
PTSD,FC124,2,renewal,113,114,2,1,sub-FC124_ses-2_task-renewal_fearROIs_bin_SN.csv,sub-FC124_ses-2_task-renewal_fearROIs_bin_BN.csv
PTSD,FC124,2,renewal,114,115,1,1,sub-FC124_ses-2_task-renewal_fearROIs_bin_SN.csv,sub-FC124_ses-2_task-renewal_fearROIs_bin_BN.csv
PTSD,FC124,2,renewal,115,116,5,1,sub-FC124_ses-2_task-renewal_fearROIs_bin_SN.csv,sub-FC124_ses-2_task-renewal_fearROIs_bin_BN.csv
PTSD,FC124,2,renewal,116,117,16,4,sub-FC124_ses-2_task-renewal_fearROIs_bin_SN.csv,sub-FC124_ses-2_task-renewal_fearROIs_bin_BN.csv
PTSD,FC124,2,renewal,117,118,8,3,sub-FC124_ses-2_task-renewal_fearROIs_bin_SN.csv,sub-FC124_ses-2_task-renewal_fearROIs_bin_BN.csv
PTSD,FC124,2,renewal,118,119,2,1,sub-FC124_ses-2_task-renewal_fearROIs_bin_SN.csv,sub-FC124_ses-2_task-renewal_fearROIs_bin_BN.csv
PTSD,FC124,2,renewal,119,120,17,1,sub-FC124_ses-2_task-renewal_fearROIs_bin_SN.csv,sub-FC124_ses-2_task-renewal_fearROIs_bin_BN.csv
PTSD,FC124,2,renewal,120,121,31,4,sub-FC124_ses-2_task-renewal_fearROIs_bin_SN.csv,sub-FC124_ses-2_task-renewal_fearROIs_bin_BN.csv
PTSD,FC124,2,renewal,121,122,32,4,sub-FC124_ses-2_task-renewal_fearROIs_bin_SN.csv,sub-FC124_ses-2_task-renewal_fearROIs_bin_BN.csv
PTSD,FC124,2,renewal,122,123,2,1,sub-FC124_ses-2_task-renewal_fearROIs_bin_SN.csv,sub-FC124_ses-2_task-renewal_fearROIs_bin_BN.csv
PTSD,FC124,2,renewal,123,124,2,1,sub-FC124_ses-2_task-renewal_fearROIs_bin_SN.csv,sub-FC124_ses-2_task-renewal_fearROIs_bin_BN.csv
PTSD,FC124,2,renewal,124,125,17,1,sub-FC124_ses-2_task-renewal_fearROIs_bin_SN.csv,sub-FC124_ses-2_task-renewal_fearROIs_bin_BN.csv
PTSD,FC124,2,renewal,125,126,10,1,sub-FC124_ses-2_task-renewal_fearROIs_bin_SN.csv,sub-FC124_ses-2_task-renewal_fearROIs_bin_BN.csv
PTSD,FC124,2,renewal,126,127,31,4,sub-FC124_ses-2_task-renewal_fearROIs_bin_SN.csv,sub-FC124_ses-2_task-renewal_fearROIs_bin_BN.csv
PTSD,FC124,2,renewal,127,128,17,1,sub-FC124_ses-2_task-renewal_fearROIs_bin_SN.csv,sub-FC124_ses-2_task-renewal_fearROIs_bin_BN.csv
PTSD,FC125,2,renewal,0,1,20,3,sub-FC125_ses-2_task-renewal_fearROIs_bin_SN.csv,sub-FC125_ses-2_task-renewal_fearROIs_bin_BN.csv
PTSD,FC125,2,renewal,1,2,8,3,sub-FC125_ses-2_task-renewal_fearROIs_bin_SN.csv,sub-FC125_ses-2_task-renewal_fearROIs_bin_BN.csv
PTSD,FC125,2,renewal,2,3,4,3,sub-FC125_ses-2_task-renewal_fearROIs_bin_SN.csv,sub-FC125_ses-2_task-renewal_fearROIs_bin_BN.csv
PTSD,FC125,2,renewal,3,4,19,3,sub-FC125_ses-2_task-renewal_fearROIs_bin_SN.csv,sub-FC125_ses-2_task-renewal_fearROIs_bin_BN.csv
PTSD,FC125,2,renewal,4,5,31,4,sub-FC125_ses-2_task-renewal_fearROIs_bin_SN.csv,sub-FC125_ses-2_task-renewal_fearROIs_bin_BN.csv
PTSD,FC125,2,renewal,5,6,13,2,sub-FC125_ses-2_task-renewal_fearROIs_bin_SN.csv,sub-FC125_ses-2_task-renewal_fearROIs_bin_BN.csv
PTSD,FC125,2,renewal,6,7,14,2,sub-FC125_ses-2_task-renewal_fearROIs_bin_SN.csv,sub-FC125_ses-2_task-renewal_fearROIs_bin_BN.csv
PTSD,FC125,2,renewal,7,8,20,3,sub-FC125_ses-2_task-renewal_fearROIs_bin_SN.csv,sub-FC125_ses-2_task-renewal_fearROIs_bin_BN.csv
PTSD,FC125,2,renewal,8,9,19,3,sub-FC125_ses-2_task-renewal_fearROIs_bin_SN.csv,sub-FC125_ses-2_task-renewal_fearROIs_bin_BN.csv
PTSD,FC125,2,renewal,9,10,1,1,sub-FC125_ses-2_task-renewal_fearROIs_bin_SN.csv,sub-FC125_ses-2_task-renewal_fearROIs_bin_BN.csv
PTSD,FC125,2,renewal,10,11,13,2,sub-FC125_ses-2_task-renewal_fearROIs_bin_SN.csv,sub-FC125_ses-2_task-renewal_fearROIs_bin_BN.csv
PTSD,FC125,2,renewal,11,12,26,4,sub-FC125_ses-2_task-renewal_fearROIs_bin_SN.csv,sub-FC125_ses-2_task-renewal_fearROIs_bin_BN.csv
PTSD,FC125,2,renewal,12,13,1,1,sub-FC125_ses-2_task-renewal_fearROIs_bin_SN.csv,sub-FC125_ses-2_task-renewal_fearROIs_bin_BN.csv
PTSD,FC125,2,renewal,13,14,3,1,sub-FC125_ses-2_task-renewal_fearROIs_bin_SN.csv,sub-FC125_ses-2_task-renewal_fearROIs_bin_BN.csv
PTSD,FC125,2,renewal,14,15,5,1,sub-FC125_ses-2_task-renewal_fearROIs_bin_SN.csv,sub-FC125_ses-2_task-renewal_fearROIs_bin_BN.csv
PTSD,FC125,2,renewal,15,16,11,1,sub-FC125_ses-2_task-renewal_fearROIs_bin_SN.csv,sub-FC125_ses-2_task-renewal_fearROIs_bin_BN.csv
PTSD,FC125,2,renewal,16,17,31,4,sub-FC125_ses-2_task-renewal_fearROIs_bin_SN.csv,sub-FC125_ses-2_task-renewal_fearROIs_bin_BN.csv
PTSD,FC125,2,renewal,17,18,32,4,sub-FC125_ses-2_task-renewal_fearROIs_bin_SN.csv,sub-FC125_ses-2_task-renewal_fearROIs_bin_BN.csv
PTSD,FC125,2,renewal,18,19,24,4,sub-FC125_ses-2_task-renewal_fearROIs_bin_SN.csv,sub-FC125_ses-2_task-renewal_fearROIs_bin_BN.csv
PTSD,FC125,2,renewal,19,20,32,4,sub-FC125_ses-2_task-renewal_fearROIs_bin_SN.csv,sub-FC125_ses-2_task-renewal_fearROIs_bin_BN.csv
PTSD,FC125,2,renewal,20,21,18,3,sub-FC125_ses-2_task-renewal_fearROIs_bin_SN.csv,sub-FC125_ses-2_task-renewal_fearROIs_bin_BN.csv
PTSD,FC125,2,renewal,21,22,32,4,sub-FC125_ses-2_task-renewal_fearROIs_bin_SN.csv,sub-FC125_ses-2_task-renewal_fearROIs_bin_BN.csv
PTSD,FC125,2,renewal,22,23,32,4,sub-FC125_ses-2_task-renewal_fearROIs_bin_SN.csv,sub-FC125_ses-2_task-renewal_fearROIs_bin_BN.csv
PTSD,FC125,2,renewal,23,24,18,3,sub-FC125_ses-2_task-renewal_fearROIs_bin_SN.csv,sub-FC125_ses-2_task-renewal_fearROIs_bin_BN.csv
PTSD,FC125,2,renewal,24,25,2,1,sub-FC125_ses-2_task-renewal_fearROIs_bin_SN.csv,sub-FC125_ses-2_task-renewal_fearROIs_bin_BN.csv
PTSD,FC125,2,renewal,25,26,4,3,sub-FC125_ses-2_task-renewal_fearROIs_bin_SN.csv,sub-FC125_ses-2_task-renewal_fearROIs_bin_BN.csv
PTSD,FC125,2,renewal,26,27,1,1,sub-FC125_ses-2_task-renewal_fearROIs_bin_SN.csv,sub-FC125_ses-2_task-renewal_fearROIs_bin_BN.csv
PTSD,FC125,2,renewal,27,28,13,2,sub-FC125_ses-2_task-renewal_fearROIs_bin_SN.csv,sub-FC125_ses-2_task-renewal_fearROIs_bin_BN.csv
PTSD,FC125,2,renewal,28,29,29,2,sub-FC125_ses-2_task-renewal_fearROIs_bin_SN.csv,sub-FC125_ses-2_task-renewal_fearROIs_bin_BN.csv
PTSD,FC125,2,renewal,29,30,25,1,sub-FC125_ses-2_task-renewal_fearROIs_bin_SN.csv,sub-FC125_ses-2_task-renewal_fearROIs_bin_BN.csv
PTSD,FC125,2,renewal,30,31,1,1,sub-FC125_ses-2_task-renewal_fearROIs_bin_SN.csv,sub-FC125_ses-2_task-renewal_fearROIs_bin_BN.csv
PTSD,FC125,2,renewal,31,32,15,2,sub-FC125_ses-2_task-renewal_fearROIs_bin_SN.csv,sub-FC125_ses-2_task-renewal_fearROIs_bin_BN.csv
PTSD,FC125,2,renewal,32,33,16,4,sub-FC125_ses-2_task-renewal_fearROIs_bin_SN.csv,sub-FC125_ses-2_task-renewal_fearROIs_bin_BN.csv
PTSD,FC125,2,renewal,33,34,31,4,sub-FC125_ses-2_task-renewal_fearROIs_bin_SN.csv,sub-FC125_ses-2_task-renewal_fearROIs_bin_BN.csv
PTSD,FC125,2,renewal,34,35,32,4,sub-FC125_ses-2_task-renewal_fearROIs_bin_SN.csv,sub-FC125_ses-2_task-renewal_fearROIs_bin_BN.csv
PTSD,FC125,2,renewal,35,36,31,4,sub-FC125_ses-2_task-renewal_fearROIs_bin_SN.csv,sub-FC125_ses-2_task-renewal_fearROIs_bin_BN.csv
PTSD,FC125,2,renewal,36,37,32,4,sub-FC125_ses-2_task-renewal_fearROIs_bin_SN.csv,sub-FC125_ses-2_task-renewal_fearROIs_bin_BN.csv
PTSD,FC125,2,renewal,37,38,12,3,sub-FC125_ses-2_task-renewal_fearROIs_bin_SN.csv,sub-FC125_ses-2_task-renewal_fearROIs_bin_BN.csv
PTSD,FC125,2,renewal,38,39,14,2,sub-FC125_ses-2_task-renewal_fearROIs_bin_SN.csv,sub-FC125_ses-2_task-renewal_fearROIs_bin_BN.csv
PTSD,FC125,2,renewal,39,40,6,1,sub-FC125_ses-2_task-renewal_fearROIs_bin_SN.csv,sub-FC125_ses-2_task-renewal_fearROIs_bin_BN.csv
PTSD,FC125,2,renewal,40,41,4,3,sub-FC125_ses-2_task-renewal_fearROIs_bin_SN.csv,sub-FC125_ses-2_task-renewal_fearROIs_bin_BN.csv
PTSD,FC125,2,renewal,41,42,7,1,sub-FC125_ses-2_task-renewal_fearROIs_bin_SN.csv,sub-FC125_ses-2_task-renewal_fearROIs_bin_BN.csv
PTSD,FC125,2,renewal,42,43,9,1,sub-FC125_ses-2_task-renewal_fearROIs_bin_SN.csv,sub-FC125_ses-2_task-renewal_fearROIs_bin_BN.csv
PTSD,FC125,2,renewal,43,44,17,1,sub-FC125_ses-2_task-renewal_fearROIs_bin_SN.csv,sub-FC125_ses-2_task-renewal_fearROIs_bin_BN.csv
PTSD,FC125,2,renewal,44,45,20,3,sub-FC125_ses-2_task-renewal_fearROIs_bin_SN.csv,sub-FC125_ses-2_task-renewal_fearROIs_bin_BN.csv
PTSD,FC125,2,renewal,45,46,20,3,sub-FC125_ses-2_task-renewal_fearROIs_bin_SN.csv,sub-FC125_ses-2_task-renewal_fearROIs_bin_BN.csv
PTSD,FC125,2,renewal,46,47,28,4,sub-FC125_ses-2_task-renewal_fearROIs_bin_SN.csv,sub-FC125_ses-2_task-renewal_fearROIs_bin_BN.csv
PTSD,FC125,2,renewal,47,48,14,2,sub-FC125_ses-2_task-renewal_fearROIs_bin_SN.csv,sub-FC125_ses-2_task-renewal_fearROIs_bin_BN.csv
PTSD,FC125,2,renewal,48,49,30,4,sub-FC125_ses-2_task-renewal_fearROIs_bin_SN.csv,sub-FC125_ses-2_task-renewal_fearROIs_bin_BN.csv
PTSD,FC125,2,renewal,49,50,29,2,sub-FC125_ses-2_task-renewal_fearROIs_bin_SN.csv,sub-FC125_ses-2_task-renewal_fearROIs_bin_BN.csv
PTSD,FC125,2,renewal,50,51,1,1,sub-FC125_ses-2_task-renewal_fearROIs_bin_SN.csv,sub-FC125_ses-2_task-renewal_fearROIs_bin_BN.csv
PTSD,FC125,2,renewal,51,52,5,1,sub-FC125_ses-2_task-renewal_fearROIs_bin_SN.csv,sub-FC125_ses-2_task-renewal_fearROIs_bin_BN.csv
PTSD,FC125,2,renewal,52,53,16,4,sub-FC125_ses-2_task-renewal_fearROIs_bin_SN.csv,sub-FC125_ses-2_task-renewal_fearROIs_bin_BN.csv
PTSD,FC125,2,renewal,53,54,17,1,sub-FC125_ses-2_task-renewal_fearROIs_bin_SN.csv,sub-FC125_ses-2_task-renewal_fearROIs_bin_BN.csv
PTSD,FC125,2,renewal,54,55,1,1,sub-FC125_ses-2_task-renewal_fearROIs_bin_SN.csv,sub-FC125_ses-2_task-renewal_fearROIs_bin_BN.csv
PTSD,FC125,2,renewal,55,56,1,1,sub-FC125_ses-2_task-renewal_fearROIs_bin_SN.csv,sub-FC125_ses-2_task-renewal_fearROIs_bin_BN.csv
PTSD,FC125,2,renewal,56,57,7,1,sub-FC125_ses-2_task-renewal_fearROIs_bin_SN.csv,sub-FC125_ses-2_task-renewal_fearROIs_bin_BN.csv
PTSD,FC125,2,renewal,57,58,16,4,sub-FC125_ses-2_task-renewal_fearROIs_bin_SN.csv,sub-FC125_ses-2_task-renewal_fearROIs_bin_BN.csv
PTSD,FC125,2,renewal,58,59,29,2,sub-FC125_ses-2_task-renewal_fearROIs_bin_SN.csv,sub-FC125_ses-2_task-renewal_fearROIs_bin_BN.csv
PTSD,FC125,2,renewal,59,60,17,1,sub-FC125_ses-2_task-renewal_fearROIs_bin_SN.csv,sub-FC125_ses-2_task-renewal_fearROIs_bin_BN.csv
PTSD,FC125,2,renewal,60,61,17,1,sub-FC125_ses-2_task-renewal_fearROIs_bin_SN.csv,sub-FC125_ses-2_task-renewal_fearROIs_bin_BN.csv
PTSD,FC125,2,renewal,61,62,20,3,sub-FC125_ses-2_task-renewal_fearROIs_bin_SN.csv,sub-FC125_ses-2_task-renewal_fearROIs_bin_BN.csv
PTSD,FC125,2,renewal,62,63,16,4,sub-FC125_ses-2_task-renewal_fearROIs_bin_SN.csv,sub-FC125_ses-2_task-renewal_fearROIs_bin_BN.csv
PTSD,FC125,2,renewal,63,64,16,4,sub-FC125_ses-2_task-renewal_fearROIs_bin_SN.csv,sub-FC125_ses-2_task-renewal_fearROIs_bin_BN.csv
PTSD,FC125,2,renewal,64,65,2,1,sub-FC125_ses-2_task-renewal_fearROIs_bin_SN.csv,sub-FC125_ses-2_task-renewal_fearROIs_bin_BN.csv
PTSD,FC125,2,renewal,65,66,6,1,sub-FC125_ses-2_task-renewal_fearROIs_bin_SN.csv,sub-FC125_ses-2_task-renewal_fearROIs_bin_BN.csv
PTSD,FC125,2,renewal,66,67,27,4,sub-FC125_ses-2_task-renewal_fearROIs_bin_SN.csv,sub-FC125_ses-2_task-renewal_fearROIs_bin_BN.csv
PTSD,FC125,2,renewal,67,68,28,4,sub-FC125_ses-2_task-renewal_fearROIs_bin_SN.csv,sub-FC125_ses-2_task-renewal_fearROIs_bin_BN.csv
PTSD,FC125,2,renewal,68,69,27,4,sub-FC125_ses-2_task-renewal_fearROIs_bin_SN.csv,sub-FC125_ses-2_task-renewal_fearROIs_bin_BN.csv
PTSD,FC125,2,renewal,69,70,12,3,sub-FC125_ses-2_task-renewal_fearROIs_bin_SN.csv,sub-FC125_ses-2_task-renewal_fearROIs_bin_BN.csv
PTSD,FC125,2,renewal,70,71,1,1,sub-FC125_ses-2_task-renewal_fearROIs_bin_SN.csv,sub-FC125_ses-2_task-renewal_fearROIs_bin_BN.csv
PTSD,FC125,2,renewal,71,72,3,1,sub-FC125_ses-2_task-renewal_fearROIs_bin_SN.csv,sub-FC125_ses-2_task-renewal_fearROIs_bin_BN.csv
PTSD,FC125,2,renewal,72,73,32,4,sub-FC125_ses-2_task-renewal_fearROIs_bin_SN.csv,sub-FC125_ses-2_task-renewal_fearROIs_bin_BN.csv
PTSD,FC125,2,renewal,73,74,16,4,sub-FC125_ses-2_task-renewal_fearROIs_bin_SN.csv,sub-FC125_ses-2_task-renewal_fearROIs_bin_BN.csv
PTSD,FC125,2,renewal,74,75,18,3,sub-FC125_ses-2_task-renewal_fearROIs_bin_SN.csv,sub-FC125_ses-2_task-renewal_fearROIs_bin_BN.csv
PTSD,FC125,2,renewal,75,76,17,1,sub-FC125_ses-2_task-renewal_fearROIs_bin_SN.csv,sub-FC125_ses-2_task-renewal_fearROIs_bin_BN.csv
PTSD,FC125,2,renewal,76,77,1,1,sub-FC125_ses-2_task-renewal_fearROIs_bin_SN.csv,sub-FC125_ses-2_task-renewal_fearROIs_bin_BN.csv
PTSD,FC125,2,renewal,77,78,24,4,sub-FC125_ses-2_task-renewal_fearROIs_bin_SN.csv,sub-FC125_ses-2_task-renewal_fearROIs_bin_BN.csv
PTSD,FC125,2,renewal,78,79,5,1,sub-FC125_ses-2_task-renewal_fearROIs_bin_SN.csv,sub-FC125_ses-2_task-renewal_fearROIs_bin_BN.csv
PTSD,FC125,2,renewal,79,80,13,2,sub-FC125_ses-2_task-renewal_fearROIs_bin_SN.csv,sub-FC125_ses-2_task-renewal_fearROIs_bin_BN.csv
PTSD,FC125,2,renewal,80,81,7,1,sub-FC125_ses-2_task-renewal_fearROIs_bin_SN.csv,sub-FC125_ses-2_task-renewal_fearROIs_bin_BN.csv
PTSD,FC125,2,renewal,81,82,32,4,sub-FC125_ses-2_task-renewal_fearROIs_bin_SN.csv,sub-FC125_ses-2_task-renewal_fearROIs_bin_BN.csv
PTSD,FC125,2,renewal,82,83,28,4,sub-FC125_ses-2_task-renewal_fearROIs_bin_SN.csv,sub-FC125_ses-2_task-renewal_fearROIs_bin_BN.csv
PTSD,FC125,2,renewal,83,84,17,1,sub-FC125_ses-2_task-renewal_fearROIs_bin_SN.csv,sub-FC125_ses-2_task-renewal_fearROIs_bin_BN.csv
PTSD,FC125,2,renewal,84,85,1,1,sub-FC125_ses-2_task-renewal_fearROIs_bin_SN.csv,sub-FC125_ses-2_task-renewal_fearROIs_bin_BN.csv
PTSD,FC125,2,renewal,85,86,10,1,sub-FC125_ses-2_task-renewal_fearROIs_bin_SN.csv,sub-FC125_ses-2_task-renewal_fearROIs_bin_BN.csv
PTSD,FC125,2,renewal,86,87,2,1,sub-FC125_ses-2_task-renewal_fearROIs_bin_SN.csv,sub-FC125_ses-2_task-renewal_fearROIs_bin_BN.csv
PTSD,FC125,2,renewal,87,88,1,1,sub-FC125_ses-2_task-renewal_fearROIs_bin_SN.csv,sub-FC125_ses-2_task-renewal_fearROIs_bin_BN.csv
PTSD,FC125,2,renewal,88,89,24,4,sub-FC125_ses-2_task-renewal_fearROIs_bin_SN.csv,sub-FC125_ses-2_task-renewal_fearROIs_bin_BN.csv
PTSD,FC125,2,renewal,89,90,32,4,sub-FC125_ses-2_task-renewal_fearROIs_bin_SN.csv,sub-FC125_ses-2_task-renewal_fearROIs_bin_BN.csv
PTSD,FC125,2,renewal,90,91,5,1,sub-FC125_ses-2_task-renewal_fearROIs_bin_SN.csv,sub-FC125_ses-2_task-renewal_fearROIs_bin_BN.csv
PTSD,FC125,2,renewal,91,92,22,4,sub-FC125_ses-2_task-renewal_fearROIs_bin_SN.csv,sub-FC125_ses-2_task-renewal_fearROIs_bin_BN.csv
PTSD,FC125,2,renewal,92,93,12,3,sub-FC125_ses-2_task-renewal_fearROIs_bin_SN.csv,sub-FC125_ses-2_task-renewal_fearROIs_bin_BN.csv
PTSD,FC125,2,renewal,93,94,28,4,sub-FC125_ses-2_task-renewal_fearROIs_bin_SN.csv,sub-FC125_ses-2_task-renewal_fearROIs_bin_BN.csv
PTSD,FC125,2,renewal,94,95,13,2,sub-FC125_ses-2_task-renewal_fearROIs_bin_SN.csv,sub-FC125_ses-2_task-renewal_fearROIs_bin_BN.csv
PTSD,FC125,2,renewal,95,96,31,4,sub-FC125_ses-2_task-renewal_fearROIs_bin_SN.csv,sub-FC125_ses-2_task-renewal_fearROIs_bin_BN.csv
PTSD,FC125,2,renewal,96,97,27,4,sub-FC125_ses-2_task-renewal_fearROIs_bin_SN.csv,sub-FC125_ses-2_task-renewal_fearROIs_bin_BN.csv
PTSD,FC125,2,renewal,97,98,25,1,sub-FC125_ses-2_task-renewal_fearROIs_bin_SN.csv,sub-FC125_ses-2_task-renewal_fearROIs_bin_BN.csv
PTSD,FC125,2,renewal,98,99,17,1,sub-FC125_ses-2_task-renewal_fearROIs_bin_SN.csv,sub-FC125_ses-2_task-renewal_fearROIs_bin_BN.csv
PTSD,FC125,2,renewal,99,100,1,1,sub-FC125_ses-2_task-renewal_fearROIs_bin_SN.csv,sub-FC125_ses-2_task-renewal_fearROIs_bin_BN.csv
PTSD,FC125,2,renewal,100,101,28,4,sub-FC125_ses-2_task-renewal_fearROIs_bin_SN.csv,sub-FC125_ses-2_task-renewal_fearROIs_bin_BN.csv
PTSD,FC125,2,renewal,101,102,32,4,sub-FC125_ses-2_task-renewal_fearROIs_bin_SN.csv,sub-FC125_ses-2_task-renewal_fearROIs_bin_BN.csv
PTSD,FC125,2,renewal,102,103,14,2,sub-FC125_ses-2_task-renewal_fearROIs_bin_SN.csv,sub-FC125_ses-2_task-renewal_fearROIs_bin_BN.csv
PTSD,FC125,2,renewal,103,104,5,1,sub-FC125_ses-2_task-renewal_fearROIs_bin_SN.csv,sub-FC125_ses-2_task-renewal_fearROIs_bin_BN.csv
PTSD,FC125,2,renewal,104,105,29,2,sub-FC125_ses-2_task-renewal_fearROIs_bin_SN.csv,sub-FC125_ses-2_task-renewal_fearROIs_bin_BN.csv
PTSD,FC125,2,renewal,105,106,31,4,sub-FC125_ses-2_task-renewal_fearROIs_bin_SN.csv,sub-FC125_ses-2_task-renewal_fearROIs_bin_BN.csv
PTSD,FC125,2,renewal,106,107,21,1,sub-FC125_ses-2_task-renewal_fearROIs_bin_SN.csv,sub-FC125_ses-2_task-renewal_fearROIs_bin_BN.csv
PTSD,FC125,2,renewal,107,108,24,4,sub-FC125_ses-2_task-renewal_fearROIs_bin_SN.csv,sub-FC125_ses-2_task-renewal_fearROIs_bin_BN.csv
PTSD,FC125,2,renewal,108,109,4,3,sub-FC125_ses-2_task-renewal_fearROIs_bin_SN.csv,sub-FC125_ses-2_task-renewal_fearROIs_bin_BN.csv
PTSD,FC125,2,renewal,109,110,18,3,sub-FC125_ses-2_task-renewal_fearROIs_bin_SN.csv,sub-FC125_ses-2_task-renewal_fearROIs_bin_BN.csv
PTSD,FC125,2,renewal,110,111,28,4,sub-FC125_ses-2_task-renewal_fearROIs_bin_SN.csv,sub-FC125_ses-2_task-renewal_fearROIs_bin_BN.csv
PTSD,FC125,2,renewal,111,112,13,2,sub-FC125_ses-2_task-renewal_fearROIs_bin_SN.csv,sub-FC125_ses-2_task-renewal_fearROIs_bin_BN.csv
PTSD,FC125,2,renewal,112,113,13,2,sub-FC125_ses-2_task-renewal_fearROIs_bin_SN.csv,sub-FC125_ses-2_task-renewal_fearROIs_bin_BN.csv
PTSD,FC125,2,renewal,113,114,1,1,sub-FC125_ses-2_task-renewal_fearROIs_bin_SN.csv,sub-FC125_ses-2_task-renewal_fearROIs_bin_BN.csv
PTSD,FC125,2,renewal,114,115,17,1,sub-FC125_ses-2_task-renewal_fearROIs_bin_SN.csv,sub-FC125_ses-2_task-renewal_fearROIs_bin_BN.csv
PTSD,FC125,2,renewal,115,116,24,4,sub-FC125_ses-2_task-renewal_fearROIs_bin_SN.csv,sub-FC125_ses-2_task-renewal_fearROIs_bin_BN.csv
PTSD,FC125,2,renewal,116,117,16,4,sub-FC125_ses-2_task-renewal_fearROIs_bin_SN.csv,sub-FC125_ses-2_task-renewal_fearROIs_bin_BN.csv
PTSD,FC125,2,renewal,117,118,26,4,sub-FC125_ses-2_task-renewal_fearROIs_bin_SN.csv,sub-FC125_ses-2_task-renewal_fearROIs_bin_BN.csv
PTSD,FC125,2,renewal,118,119,5,1,sub-FC125_ses-2_task-renewal_fearROIs_bin_SN.csv,sub-FC125_ses-2_task-renewal_fearROIs_bin_BN.csv
PTSD,FC125,2,renewal,119,120,9,1,sub-FC125_ses-2_task-renewal_fearROIs_bin_SN.csv,sub-FC125_ses-2_task-renewal_fearROIs_bin_BN.csv
PTSD,FC125,2,renewal,120,121,7,1,sub-FC125_ses-2_task-renewal_fearROIs_bin_SN.csv,sub-FC125_ses-2_task-renewal_fearROIs_bin_BN.csv
PTSD,FC125,2,renewal,121,122,13,2,sub-FC125_ses-2_task-renewal_fearROIs_bin_SN.csv,sub-FC125_ses-2_task-renewal_fearROIs_bin_BN.csv
PTSD,FC125,2,renewal,122,123,2,1,sub-FC125_ses-2_task-renewal_fearROIs_bin_SN.csv,sub-FC125_ses-2_task-renewal_fearROIs_bin_BN.csv
PTSD,FC125,2,renewal,123,124,5,1,sub-FC125_ses-2_task-renewal_fearROIs_bin_SN.csv,sub-FC125_ses-2_task-renewal_fearROIs_bin_BN.csv
PTSD,FC125,2,renewal,124,125,32,4,sub-FC125_ses-2_task-renewal_fearROIs_bin_SN.csv,sub-FC125_ses-2_task-renewal_fearROIs_bin_BN.csv
PTSD,FC125,2,renewal,125,126,28,4,sub-FC125_ses-2_task-renewal_fearROIs_bin_SN.csv,sub-FC125_ses-2_task-renewal_fearROIs_bin_BN.csv
PTSD,FC125,2,renewal,126,127,20,3,sub-FC125_ses-2_task-renewal_fearROIs_bin_SN.csv,sub-FC125_ses-2_task-renewal_fearROIs_bin_BN.csv
PTSD,FC125,2,renewal,127,128,32,4,sub-FC125_ses-2_task-renewal_fearROIs_bin_SN.csv,sub-FC125_ses-2_task-renewal_fearROIs_bin_BN.csv
