cohort,source,target,count,source_basin,target_basin,most_common_source_event,most_common_target_event,source_total,probability,subject_support_count,n_subjects_in_cohort,subject_support_prop,source_basin_label,target_basin_label
merged,9,1,28,1,1,ITI,ITI,152,0.18421052631578946,20,48,0.4166666666666667,Global off,Global off
merged,24,32,24,4,4,ITI,ITI,132,0.18181818181818182,19,48,0.3958333333333333,Global on,Global on
merged,3,1,17,1,1,ITI,ITI,94,0.18085106382978725,15,48,0.3125,Global off,Global off
merged,28,32,30,4,4,ITI,ITI,169,0.17751479289940827,24,48,0.5,Global on,Global on
merged,27,32,14,4,4,ITI,CS+,80,0.175,12,48,0.25,Global on,Global on
merged,31,32,37,4,4,ITI,ITI,216,0.1712962962962963,27,48,0.5625,Global on,Global on
merged,2,1,41,1,1,ITI,ITI,243,0.16872427983539096,25,48,0.5208333333333334,Global off,Global off
merged,30,32,15,4,4,ITI,ITI,96,0.15625,13,48,0.2708333333333333,Global on,Global on
merged,15,13,13,2,2,ITI,ITI,84,0.15476190476190477,9,48,0.1875,Threat-like,Threat-like
merged,28,20,26,4,3,ITI,ITI,169,0.15384615384615385,21,48,0.4375,Global on,Safety-like
merged,14,13,22,2,2,ITI,ITI,146,0.1506849315068493,14,48,0.2916666666666667,Threat-like,Threat-like
merged,19,20,20,3,3,ITI,ITI,140,0.14285714285714285,20,48,0.4166666666666667,Safety-like,Safety-like
merged,5,1,25,1,1,ITI,ITI,177,0.14124293785310735,20,48,0.4166666666666667,Global off,Global off
merged,10,1,15,1,1,ITI,ITI,111,0.13513513513513514,12,48,0.25,Global off,Global off
merged,11,2,5,1,1,CS+,CS+,37,0.13513513513513514,5,48,0.10416666666666667,Global off,Global off
merged,20,32,35,3,4,ITI,ITI,260,0.1346153846153846,28,48,0.5833333333333334,Safety-like,Global on
merged,18,20,13,3,3,CS-,ITI,98,0.1326530612244898,10,48,0.20833333333333334,Safety-like,Safety-like
merged,23,31,11,4,4,ITI,ITI,83,0.13253012048192772,9,48,0.1875,Global on,Global on
merged,25,17,12,1,1,ITI,ITI,91,0.13186813186813187,11,48,0.22916666666666666,Global off,Global off
merged,25,32,12,1,4,ITI,ITI,91,0.13186813186813187,9,48,0.1875,Global off,Global on
merged,26,32,8,4,4,ITI,CS-,62,0.12903225806451613,7,48,0.14583333333333334,Global on,Global on
merged,19,32,18,3,4,ITI,ITI,140,0.12857142857142856,14,48,0.2916666666666667,Safety-like,Global on
merged,6,1,9,1,1,ITI,ITI,70,0.12857142857142856,8,48,0.16666666666666666,Global off,Global off
merged,6,14,9,1,2,ITI,ITI,70,0.12857142857142856,9,48,0.1875,Global off,Threat-like
merged,21,1,14,1,1,ITI,ITI,112,0.125,10,48,0.20833333333333334,Global off,Global off
merged,4,1,25,3,1,ITI,ITI,202,0.12376237623762376,19,48,0.3958333333333333,Safety-like,Global off
merged,16,32,22,4,4,ITI,CS+,178,0.12359550561797752,18,48,0.375,Global on,Global on
merged,24,20,16,4,3,ITI,ITI,132,0.12121212121212122,15,48,0.3125,Global on,Safety-like
merged,15,32,10,2,4,ITI,ITI,84,0.11904761904761904,8,48,0.16666666666666666,Threat-like,Global on
merged,8,4,12,3,3,CS+,ITI,101,0.1188118811881188,11,48,0.22916666666666666,Safety-like,Safety-like
merged,18,32,11,3,4,ITI,CS+,98,0.11224489795918367,9,48,0.1875,Safety-like,Global on
merged,22,21,4,4,1,ITI,ITI,36,0.1111111111111111,3,48,0.0625,Global on,Global off
merged,7,1,6,1,1,CS+,ITI,55,0.10909090909090909,5,48,0.10416666666666667,Global off,Global off
merged,7,5,6,1,1,CS+,ITI,55,0.10909090909090909,6,48,0.125,Global off,Global off
merged,7,16,6,1,4,ITI,ITI,55,0.10909090909090909,6,48,0.125,Global off,Global on
merged,7,31,6,1,4,CS-,ITI,55,0.10909090909090909,5,48,0.10416666666666667,Global off,Global on
merged,23,32,9,4,4,ITI,ITI,83,0.10843373493975904,8,48,0.16666666666666666,Global on,Global on
merged,29,32,20,2,4,ITI,CS+,185,0.10810810810810811,15,48,0.3125,Threat-like,Global on
merged,11,1,4,1,1,ITI,ITI,37,0.10810810810810811,4,48,0.08333333333333333,Global off,Global off
merged,11,9,4,1,1,CS+,ITI,37,0.10810810810810811,4,48,0.08333333333333333,Global off,Global off
merged,14,1,15,2,1,CS-,ITI,146,0.10273972602739725,11,48,0.22916666666666666,Threat-like,Global off
merged,25,29,9,1,2,ITI,ITI,91,0.0989010989010989,8,48,0.16666666666666666,Global off,Threat-like
merged,21,2,11,1,1,ITI,ITI,112,0.09821428571428571,7,48,0.14583333333333334,Global off,Global off
merged,26,1,6,4,1,ITI,ITI,62,0.0967741935483871,6,48,0.125,Global on,Global off
merged,17,19,19,1,3,ITI,ITI,197,0.09644670050761421,16,48,0.3333333333333333,Global off,Safety-like
merged,17,32,19,1,4,ITI,ITI,197,0.09644670050761421,14,48,0.2916666666666667,Global off,Global on
merged,23,20,8,4,3,ITI,ITI,83,0.0963855421686747,7,48,0.14583333333333334,Global on,Safety-like
merged,1,2,37,1,1,ITI,ITI,389,0.09511568123393316,27,48,0.5625,Global off,Global off
merged,30,1,9,4,1,ITI,CS+,96,0.09375,9,48,0.1875,Global on,Global off
merged,9,2,14,1,1,ITI,ITI,152,0.09210526315789473,13,48,0.2708333333333333,Global off,Global off
merged,5,13,16,1,2,ITI,ITI,177,0.0903954802259887,13,48,0.2708333333333333,Global off,Threat-like
merged,5,16,16,1,4,ITI,CS+,177,0.0903954802259887,11,48,0.22916666666666666,Global off,Global on
merged,10,2,10,1,1,ITI,ITI,111,0.09009009009009009,8,48,0.16666666666666666,Global off,Global off
merged,4,2,18,3,1,ITI,ITI,202,0.0891089108910891,16,48,0.3333333333333333,Safety-like,Global off
merged,8,32,9,3,4,CS+,ITI,101,0.0891089108910891,8,48,0.16666666666666666,Safety-like,Global on
merged,27,1,7,4,1,ITI,ITI,80,0.0875,7,48,0.14583333333333334,Global on,Global off
merged,27,19,7,4,3,ITI,CS+,80,0.0875,6,48,0.125,Global on,Safety-like
merged,12,1,8,3,1,CS-,ITI,92,0.08695652173913043,8,48,0.16666666666666666,Safety-like,Global off
merged,2,5,21,1,1,ITI,ITI,243,0.08641975308641975,17,48,0.3541666666666667,Global off,Global off
merged,17,1,17,1,1,ITI,ITI,197,0.08629441624365482,13,48,0.2708333333333333,Global off,Global off
merged,13,14,21,2,2,ITI,ITI,244,0.0860655737704918,16,48,0.3333333333333333,Threat-like,Threat-like
merged,19,28,12,3,4,ITI,ITI,140,0.08571428571428572,10,48,0.20833333333333334,Safety-like,Global on
merged,6,2,6,1,1,ITI,ITI,70,0.08571428571428572,5,48,0.10416666666666667,Global off,Global off
merged,6,5,6,1,1,CS-,CS-,70,0.08571428571428572,5,48,0.10416666666666667,Global off,Global off
merged,9,13,13,1,2,ITI,ITI,152,0.08552631578947369,12,48,0.25,Global off,Threat-like
merged,5,14,15,1,2,ITI,ITI,177,0.0847457627118644,13,48,0.2708333333333333,Global off,Threat-like
merged,16,13,15,4,2,ITI,ITI,178,0.08426966292134831,14,48,0.2916666666666667,Global on,Threat-like
merged,15,1,7,2,1,CS-,CS-,84,0.08333333333333333,7,48,0.14583333333333334,Threat-like,Global off
merged,22,2,3,4,1,ITI,ITI,36,0.08333333333333333,3,48,0.0625,Global on,Global off
merged,22,28,3,4,4,ITI,ITI,36,0.08333333333333333,3,48,0.0625,Global on,Global on
merged,22,29,3,4,2,ITI,ITI,36,0.08333333333333333,3,48,0.0625,Global on,Threat-like
merged,22,32,3,4,4,ITI,ITI,36,0.08333333333333333,3,48,0.0625,Global on,Global on
merged,13,1,20,2,1,ITI,ITI,244,0.08196721311475409,16,48,0.3333333333333333,Threat-like,Global off
merged,18,1,8,3,1,ITI,ITI,98,0.08163265306122448,6,48,0.125,Safety-like,Global off
merged,29,1,15,2,1,ITI,ITI,185,0.08108108108108109,12,48,0.25,Threat-like,Global off
merged,10,9,9,1,1,ITI,ITI,111,0.08108108108108109,9,48,0.1875,Global off,Global off
merged,11,4,3,1,3,CS+,CS+,37,0.08108108108108109,3,48,0.0625,Global off,Safety-like
merged,11,25,3,1,1,CS-,ITI,37,0.08108108108108109,3,48,0.0625,Global off,Global off
merged,20,19,21,3,3,ITI,ITI,260,0.08076923076923077,16,48,0.3333333333333333,Safety-like,Safety-like
merged,21,17,9,1,1,ITI,ITI,112,0.08035714285714286,8,48,0.16666666666666666,Global off,Global off
merged,21,31,9,1,4,ITI,ITI,112,0.08035714285714286,8,48,0.16666666666666666,Global off,Global on
merged,32,20,32,4,3,CS-,ITI,404,0.07920792079207921,22,48,0.4583333333333333,Global on,Safety-like
merged,32,31,32,4,4,ITI,CS-,404,0.07920792079207921,21,48,0.4375,Global on,Global on
merged,19,17,11,3,1,ITI,ITI,140,0.07857142857142857,9,48,0.1875,Safety-like,Global off
merged,13,16,19,2,4,ITI,ITI,244,0.0778688524590164,15,48,0.3125,Threat-like,Global on
merged,20,28,20,3,4,ITI,ITI,260,0.07692307692307693,15,48,0.3125,Safety-like,Global on
merged,28,17,13,4,1,CS+,ITI,169,0.07692307692307693,12,48,0.25,Global on,Global off
merged,32,28,31,4,4,ITI,ITI,404,0.07673267326732673,22,48,0.4583333333333333,Global on,Global on
merged,12,20,7,3,3,CS-,ITI,92,0.07608695652173914,6,48,0.125,Safety-like,Safety-like
merged,27,20,6,4,3,ITI,ITI,80,0.075,6,48,0.125,Global on,Safety-like
merged,27,28,6,4,4,ITI,ITI,80,0.075,5,48,0.10416666666666667,Global on,Global on
merged,3,19,7,1,3,ITI,ITI,94,0.07446808510638298,7,48,0.14583333333333334,Global off,Safety-like
merged,32,13,30,4,2,ITI,ITI,404,0.07425742574257425,22,48,0.4583333333333333,Global on,Threat-like
merged,4,20,15,3,3,ITI,ITI,202,0.07425742574257425,13,48,0.2708333333333333,Safety-like,Safety-like
merged,31,20,16,4,3,ITI,ITI,216,0.07407407407407407,13,48,0.2708333333333333,Global on,Safety-like
merged,31,29,16,4,2,ITI,ITI,216,0.07407407407407407,11,48,0.22916666666666666,Global on,Threat-like
merged,20,2,19,3,1,ITI,ITI,260,0.07307692307692308,15,48,0.3125,Safety-like,Global off
merged,30,2,7,4,1,ITI,CS+,96,0.07291666666666667,5,48,0.10416666666666667,Global on,Global off
merged,1,5,28,1,1,ITI,ITI,389,0.07197943444730077,20,48,0.4166666666666667,Global off,Global off
merged,1,13,28,1,2,ITI,ITI,389,0.07197943444730077,21,48,0.4375,Global off,Threat-like
merged,18,17,7,3,1,ITI,ITI,98,0.07142857142857142,7,48,0.14583333333333334,Safety-like,Global off
merged,15,31,6,2,4,ITI,CS-,84,0.07142857142857142,6,48,0.125,Threat-like,Global on
merged,13,29,17,2,2,ITI,ITI,244,0.06967213114754098,13,48,0.2708333333333333,Threat-like,Threat-like
merged,4,32,14,3,4,ITI,ITI,202,0.06930693069306931,14,48,0.2916666666666667,Safety-like,Global on
merged,8,24,7,3,4,CS+,CS+,101,0.06930693069306931,7,48,0.14583333333333334,Safety-like,Global on
merged,14,29,10,2,2,CS+,CS+,146,0.0684931506849315,9,48,0.1875,Threat-like,Threat-like
merged,24,4,9,4,3,ITI,ITI,132,0.06818181818181818,8,48,0.16666666666666666,Global on,Safety-like
merged,16,4,12,4,3,CS-,ITI,178,0.06741573033707865,8,48,0.16666666666666666,Global on,Safety-like
merged,1,32,26,1,4,ITI,ITI,389,0.06683804627249357,19,48,0.3958333333333333,Global off,Global on
merged,17,20,13,1,3,ITI,ITI,197,0.06598984771573604,12,48,0.25,Global off,Safety-like
merged,25,5,6,1,1,ITI,ITI,91,0.06593406593406594,5,48,0.10416666666666667,Global off,Global off
merged,25,21,6,1,1,ITI,ITI,91,0.06593406593406594,4,48,0.08333333333333333,Global off,Global off
merged,2,13,16,1,2,ITI,ITI,243,0.06584362139917696,13,48,0.2708333333333333,Global off,Threat-like
merged,9,4,10,1,3,ITI,ITI,152,0.06578947368421052,9,48,0.1875,Global off,Safety-like
merged,13,31,16,2,4,CS+,ITI,244,0.06557377049180328,12,48,0.25,Threat-like,Global on
merged,20,1,17,3,1,ITI,ITI,260,0.06538461538461539,15,48,0.3125,Safety-like,Global off
merged,12,4,6,3,3,CS-,CS+,92,0.06521739130434782,5,48,0.10416666666666667,Safety-like,Safety-like
merged,12,13,6,3,2,ITI,ITI,92,0.06521739130434782,5,48,0.10416666666666667,Safety-like,Threat-like
merged,12,16,6,3,4,CS+,CS+,92,0.06521739130434782,5,48,0.10416666666666667,Safety-like,Global on
merged,28,27,11,4,4,ITI,ITI,169,0.0650887573964497,10,48,0.20833333333333334,Global on,Global on
merged,29,21,12,2,1,ITI,ITI,185,0.06486486486486487,7,48,0.14583333333333334,Threat-like,Global off
merged,26,14,4,4,2,ITI,CS-,62,0.06451612903225806,4,48,0.08333333333333333,Global on,Threat-like
merged,26,17,4,4,1,ITI,ITI,62,0.06451612903225806,3,48,0.0625,Global on,Global off
merged,26,25,4,4,1,ITI,ITI,62,0.06451612903225806,4,48,0.08333333333333333,Global on,Global off
merged,26,29,4,4,2,ITI,ITI,62,0.06451612903225806,4,48,0.08333333333333333,Global on,Threat-like
merged,26,31,4,4,4,ITI,ITI,62,0.06451612903225806,4,48,0.08333333333333333,Global on,Global on
merged,32,16,26,4,4,CS+,CS+,404,0.06435643564356436,21,48,0.4375,Global on,Global on
merged,19,1,9,3,1,ITI,ITI,140,0.06428571428571428,9,48,0.1875,Safety-like,Global off
merged,3,4,6,1,3,ITI,ITI,94,0.06382978723404255,6,48,0.125,Global off,Safety-like
merged,3,20,6,1,3,ITI,ITI,94,0.06382978723404255,5,48,0.10416666666666667,Global off,Safety-like
merged,21,28,7,1,4,ITI,ITI,112,0.0625,6,48,0.125,Global off,Global on
merged,21,32,7,1,4,CS-,ITI,112,0.0625,7,48,0.14583333333333334,Global off,Global on
merged,30,13,6,4,2,ITI,CS+,96,0.0625,5,48,0.10416666666666667,Global on,Threat-like
merged,30,17,6,4,1,ITI,ITI,96,0.0625,6,48,0.125,Global on,Global off
merged,27,29,5,4,2,ITI,ITI,80,0.0625,5,48,0.10416666666666667,Global on,Threat-like
merged,32,29,25,4,2,ITI,ITI,404,0.06188118811881188,19,48,0.3958333333333333,Global on,Threat-like
merged,2,4,15,1,3,ITI,ITI,243,0.06172839506172839,13,48,0.2708333333333333,Global off,Safety-like
merged,14,10,9,2,1,ITI,ITI,146,0.06164383561643835,7,48,0.14583333333333334,Threat-like,Global off
merged,14,32,9,2,4,CS-,CS-,146,0.06164383561643835,8,48,0.16666666666666666,Threat-like,Global on
merged,20,24,16,3,4,ITI,ITI,260,0.06153846153846154,11,48,0.22916666666666666,Safety-like,Global on
merged,13,15,15,2,2,ITI,CS-,244,0.06147540983606557,10,48,0.20833333333333334,Threat-like,Threat-like
merged,13,32,15,2,4,ITI,ITI,244,0.06147540983606557,11,48,0.22916666666666666,Threat-like,Global on
merged,18,2,6,3,1,ITI,ITI,98,0.061224489795918366,6,48,0.125,Safety-like,Global off
merged,23,1,5,4,1,CS+,CS+,83,0.060240963855421686,4,48,0.08333333333333333,Global on,Global off
merged,23,30,5,4,4,ITI,ITI,83,0.060240963855421686,5,48,0.10416666666666667,Global on,Global on
merged,15,5,5,2,1,ITI,CS+,84,0.05952380952380952,5,48,0.10416666666666667,Threat-like,Global off
merged,15,16,5,2,4,ITI,ITI,84,0.05952380952380952,4,48,0.08333333333333333,Threat-like,Global on
merged,29,13,11,2,2,ITI,ITI,185,0.05945945945945946,9,48,0.1875,Threat-like,Threat-like
merged,29,31,11,2,4,ITI,CS-,185,0.05945945945945946,10,48,0.20833333333333334,Threat-like,Global on
merged,8,1,6,3,1,ITI,ITI,101,0.0594059405940594,5,48,0.10416666666666667,Safety-like,Global off
merged,8,2,6,3,1,ITI,ITI,101,0.0594059405940594,6,48,0.125,Safety-like,Global off
merged,8,14,6,3,2,CS-,ITI,101,0.0594059405940594,6,48,0.125,Safety-like,Threat-like
merged,1,17,23,1,1,ITI,ITI,389,0.05912596401028278,17,48,0.3541666666666667,Global off,Global off
merged,20,4,15,3,3,ITI,ITI,260,0.057692307692307696,14,48,0.2916666666666667,Safety-like,Safety-like
merged,6,16,4,1,4,ITI,ITI,70,0.05714285714285714,4,48,0.08333333333333333,Global off,Global on
merged,6,17,4,1,1,CS+,CS+,70,0.05714285714285714,4,48,0.08333333333333333,Global off,Global off
merged,1,9,22,1,1,ITI,ITI,389,0.056555269922879174,13,48,0.2708333333333333,Global off,Global off
merged,5,7,10,1,1,ITI,CS+,177,0.05649717514124294,7,48,0.14583333333333334,Global off,Global off
merged,17,9,11,1,1,ITI,ITI,197,0.05583756345177665,9,48,0.1875,Global off,Global off
merged,22,6,2,4,1,CS-,CS-,36,0.05555555555555555,2,48,0.041666666666666664,Global on,Global off
merged,22,8,2,4,3,CS+,CS+,36,0.05555555555555555,2,48,0.041666666666666664,Global on,Safety-like
merged,22,9,2,4,1,CS-,CS+,36,0.05555555555555555,2,48,0.041666666666666664,Global on,Global off
merged,22,14,2,4,2,ITI,CS-,36,0.05555555555555555,2,48,0.041666666666666664,Global on,Threat-like
merged,22,20,2,4,3,CS-,ITI,36,0.05555555555555555,2,48,0.041666666666666664,Global on,Safety-like
merged,22,31,2,4,4,ITI,CS+,36,0.05555555555555555,2,48,0.041666666666666664,Global on,Global on
merged,25,20,5,1,3,ITI,ITI,91,0.054945054945054944,5,48,0.10416666666666667,Global off,Safety-like
merged,14,12,8,2,3,ITI,CS-,146,0.0547945205479452,8,48,0.16666666666666666,Threat-like,Safety-like
merged,7,13,3,1,2,CS-,CS+,55,0.05454545454545454,3,48,0.0625,Global off,Threat-like
merged,7,15,3,1,2,CS-,CS-,55,0.05454545454545454,2,48,0.041666666666666664,Global off,Threat-like
merged,7,20,3,1,3,ITI,ITI,55,0.05454545454545454,3,48,0.0625,Global off,Safety-like
merged,7,29,3,1,2,CS+,ITI,55,0.05454545454545454,2,48,0.041666666666666664,Global off,Threat-like
merged,7,32,3,1,4,CS+,ITI,55,0.05454545454545454,3,48,0.0625,Global off,Global on
merged,32,1,22,4,1,CS+,ITI,404,0.054455445544554455,17,48,0.3541666666666667,Global on,Global off
merged,12,2,5,3,1,CS-,CS-,92,0.05434782608695652,4,48,0.08333333333333333,Safety-like,Global off
merged,12,5,5,3,1,ITI,ITI,92,0.05434782608695652,5,48,0.10416666666666667,Safety-like,Global off
merged,12,25,5,3,1,CS+,CS-,92,0.05434782608695652,5,48,0.10416666666666667,Safety-like,Global off
merged,12,32,5,3,4,CS+,ITI,92,0.05434782608695652,5,48,0.10416666666666667,Safety-like,Global on
merged,29,30,10,2,4,ITI,ITI,185,0.05405405405405406,9,48,0.1875,Threat-like,Global on
merged,10,4,6,1,3,ITI,ITI,111,0.05405405405405406,4,48,0.08333333333333333,Global off,Safety-like
merged,10,31,6,1,4,CS+,CS+,111,0.05405405405405406,5,48,0.10416666666666667,Global off,Global on
merged,11,3,2,1,1,CS-,CS-,37,0.05405405405405406,2,48,0.041666666666666664,Global off,Global off
merged,11,15,2,1,2,CS-,CS-,37,0.05405405405405406,2,48,0.041666666666666664,Global off,Threat-like
merged,11,19,2,1,3,CS+,CS+,37,0.05405405405405406,2,48,0.041666666666666664,Global off,Safety-like
merged,11,21,2,1,1,CS+,CS+,37,0.05405405405405406,2,48,0.041666666666666664,Global off,Global off
merged,21,20,6,1,3,ITI,ITI,112,0.05357142857142857,6,48,0.125,Global off,Safety-like
merged,2,16,13,1,4,ITI,ITI,243,0.053497942386831275,12,48,0.25,Global off,Global on
merged,13,5,13,2,1,ITI,ITI,244,0.05327868852459016,11,48,0.22916666666666666,Threat-like,Global off
merged,28,25,9,4,1,ITI,ITI,169,0.05325443786982249,7,48,0.14583333333333334,Global on,Global off
merged,3,2,5,1,1,ITI,ITI,94,0.05319148936170213,5,48,0.10416666666666667,Global off,Global off
merged,3,9,5,1,1,ITI,ITI,94,0.05319148936170213,4,48,0.08333333333333333,Global off,Global off
merged,3,25,5,1,1,ITI,ITI,94,0.05319148936170213,5,48,0.10416666666666667,Global off,Global off
merged,3,32,5,1,4,CS-,ITI,94,0.05319148936170213,5,48,0.10416666666666667,Global off,Global on
merged,9,10,8,1,1,CS-,ITI,152,0.05263157894736842,8,48,0.16666666666666666,Global off,Global off
merged,30,31,5,4,4,ITI,ITI,96,0.052083333333333336,5,48,0.10416666666666667,Global on,Global on
merged,1,4,20,1,3,ITI,ITI,389,0.05141388174807198,18,48,0.375,Global off,Safety-like
merged,18,19,5,3,3,ITI,ITI,98,0.05102040816326531,5,48,0.10416666666666667,Safety-like,Safety-like
merged,18,30,5,3,4,ITI,ITI,98,0.05102040816326531,5,48,0.10416666666666667,Safety-like,Global on
merged,18,31,5,3,4,ITI,ITI,98,0.05102040816326531,5,48,0.10416666666666667,Safety-like,Global on
merged,31,28,11,4,4,ITI,ITI,216,0.05092592592592592,10,48,0.20833333333333334,Global on,Global on
merged,5,4,9,1,3,ITI,ITI,177,0.05084745762711865,9,48,0.1875,Global off,Safety-like
merged,17,13,10,1,2,ITI,ITI,197,0.050761421319796954,6,48,0.125,Global off,Threat-like
merged,17,21,10,1,1,ITI,ITI,197,0.050761421319796954,8,48,0.16666666666666666,Global off,Global off
merged,17,28,10,1,4,ITI,ITI,197,0.050761421319796954,7,48,0.14583333333333334,Global off,Global on
merged,16,5,9,4,1,CS+,CS-,178,0.05056179775280899,7,48,0.14583333333333334,Global on,Global off
merged,16,31,9,4,4,ITI,ITI,178,0.05056179775280899,8,48,0.16666666666666666,Global on,Global on
merged,20,17,13,3,1,ITI,ITI,260,0.05,10,48,0.20833333333333334,Safety-like,Global off
merged,19,4,7,3,3,ITI,ITI,140,0.05,7,48,0.14583333333333334,Safety-like,Safety-like
merged,19,31,7,3,4,ITI,ITI,140,0.05,7,48,0.14583333333333334,Safety-like,Global on
merged,27,4,4,4,3,ITI,ITI,80,0.05,4,48,0.08333333333333333,Global on,Safety-like
merged,27,18,4,4,3,ITI,ITI,80,0.05,3,48,0.0625,Global on,Safety-like
merged,27,31,4,4,4,ITI,CS+,80,0.05,4,48,0.08333333333333333,Global on,Global on
merged,32,24,20,4,4,ITI,ITI,404,0.04950495049504951,13,48,0.2708333333333333,Global on,Global on
merged,4,18,10,3,3,ITI,ITI,202,0.04950495049504951,9,48,0.1875,Safety-like,Safety-like
merged,8,5,5,3,1,ITI,CS-,101,0.04950495049504951,4,48,0.08333333333333333,Safety-like,Global off
merged,8,16,5,3,4,CS-,CS+,101,0.04950495049504951,5,48,0.10416666666666667,Safety-like,Global on
merged,2,17,12,1,1,ITI,ITI,243,0.04938271604938271,9,48,0.1875,Global off,Global off
merged,2,20,12,1,3,ITI,ITI,243,0.04938271604938271,10,48,0.20833333333333334,Global off,Safety-like
merged,13,2,12,2,1,ITI,ITI,244,0.04918032786885246,12,48,0.25,Threat-like,Global off
merged,1,20,19,1,3,ITI,ITI,389,0.04884318766066838,17,48,0.3541666666666667,Global off,Safety-like
merged,26,20,3,4,3,ITI,ITI,62,0.04838709677419355,3,48,0.0625,Global on,Safety-like
merged,23,5,4,4,1,CS-,CS-,83,0.04819277108433735,4,48,0.08333333333333333,Global on,Global off
merged,23,24,4,4,4,ITI,ITI,83,0.04819277108433735,3,48,0.0625,Global on,Global on
merged,14,9,7,2,1,ITI,CS+,146,0.04794520547945205,7,48,0.14583333333333334,Threat-like,Global off
merged,14,16,7,2,4,CS-,ITI,146,0.04794520547945205,7,48,0.14583333333333334,Threat-like,Global on
merged,15,9,4,2,1,ITI,ITI,84,0.047619047619047616,4,48,0.08333333333333333,Threat-like,Global off
merged,15,29,4,2,2,CS-,CS-,84,0.047619047619047616,4,48,0.08333333333333333,Threat-like,Threat-like
merged,31,2,10,4,1,ITI,ITI,216,0.046296296296296294,8,48,0.16666666666666666,Global on,Global off
merged,31,4,10,4,3,CS+,CS+,216,0.046296296296296294,7,48,0.14583333333333334,Global on,Safety-like
merged,31,17,10,4,1,ITI,ITI,216,0.046296296296296294,8,48,0.16666666666666666,Global on,Global off
merged,20,18,12,3,3,ITI,ITI,260,0.046153846153846156,9,48,0.1875,Safety-like,Safety-like
merged,9,26,7,1,4,ITI,ITI,152,0.046052631578947366,7,48,0.14583333333333334,Global off,Global on
merged,9,32,7,1,4,ITI,ITI,152,0.046052631578947366,7,48,0.14583333333333334,Global off,Global on
merged,24,1,6,4,1,ITI,ITI,132,0.045454545454545456,6,48,0.125,Global on,Global off
merged,24,13,6,4,2,ITI,ITI,132,0.045454545454545456,5,48,0.10416666666666667,Global on,Threat-like
merged,24,31,6,4,4,ITI,ITI,132,0.045454545454545456,5,48,0.10416666666666667,Global on,Global on
merged,5,31,8,1,4,ITI,CS+,177,0.04519774011299435,8,48,0.16666666666666666,Global off,Global on
merged,13,9,11,2,1,ITI,ITI,244,0.045081967213114756,11,48,0.22916666666666666,Threat-like,Global off
merged,13,17,11,2,1,ITI,ITI,244,0.045081967213114756,9,48,0.1875,Threat-like,Global off
merged,10,12,5,1,3,ITI,CS+,111,0.04504504504504504,5,48,0.10416666666666667,Global off,Safety-like
merged,10,13,5,1,2,CS-,CS-,111,0.04504504504504504,5,48,0.10416666666666667,Global off,Threat-like
merged,10,14,5,1,2,ITI,CS+,111,0.04504504504504504,5,48,0.10416666666666667,Global off,Threat-like
merged,16,1,8,4,1,CS+,ITI,178,0.0449438202247191,8,48,0.16666666666666666,Global on,Global off
merged,16,12,8,4,3,CS-,ITI,178,0.0449438202247191,6,48,0.125,Global on,Safety-like
merged,16,14,8,4,2,CS-,CS-,178,0.0449438202247191,7,48,0.14583333333333334,Global on,Threat-like
merged,21,24,5,1,4,ITI,CS-,112,0.044642857142857144,5,48,0.10416666666666667,Global off,Global on
merged,21,29,5,1,2,ITI,ITI,112,0.044642857142857144,5,48,0.10416666666666667,Global off,Threat-like
merged,32,2,18,4,1,CS-,CS-,404,0.04455445544554455,14,48,0.2916666666666667,Global on,Global off
merged,4,12,9,3,3,ITI,ITI,202,0.04455445544554455,8,48,0.16666666666666666,Safety-like,Safety-like
merged,4,19,9,3,3,ITI,ITI,202,0.04455445544554455,5,48,0.10416666666666667,Safety-like,Safety-like
merged,4,31,9,3,4,ITI,ITI,202,0.04455445544554455,8,48,0.16666666666666666,Safety-like,Global on
merged,25,9,4,1,1,ITI,ITI,91,0.04395604395604396,4,48,0.08333333333333333,Global off,Global off
merged,25,27,4,1,4,CS-,CS-,91,0.04395604395604396,4,48,0.08333333333333333,Global off,Global on
merged,25,28,4,1,4,ITI,ITI,91,0.04395604395604396,3,48,0.0625,Global off,Global on
merged,1,29,17,1,2,ITI,ITI,389,0.043701799485861184,13,48,0.2708333333333333,Global off,Threat-like
merged,12,10,4,3,1,ITI,ITI,92,0.043478260869565216,3,48,0.0625,Safety-like,Global off
merged,29,28,8,2,4,ITI,CS+,185,0.043243243243243246,8,48,0.16666666666666666,Threat-like,Global on
merged,19,18,6,3,3,CS+,CS+,140,0.04285714285714286,5,48,0.10416666666666667,Safety-like,Safety-like
merged,19,23,6,3,4,ITI,ITI,140,0.04285714285714286,5,48,0.10416666666666667,Safety-like,Global on
merged,19,27,6,3,4,ITI,ITI,140,0.04285714285714286,6,48,0.125,Safety-like,Global on
merged,6,8,3,1,3,ITI,ITI,70,0.04285714285714286,3,48,0.0625,Global off,Safety-like
merged,6,13,3,1,2,ITI,ITI,70,0.04285714285714286,3,48,0.0625,Global off,Threat-like
merged,6,18,3,1,3,CS+,CS+,70,0.04285714285714286,3,48,0.0625,Global off,Safety-like
merged,6,24,3,1,4,CS+,CS+,70,0.04285714285714286,3,48,0.0625,Global off,Global on
merged,3,5,4,1,1,ITI,ITI,94,0.0425531914893617,4,48,0.08333333333333333,Global off,Global off
merged,3,17,4,1,1,CS+,ITI,94,0.0425531914893617,4,48,0.08333333333333333,Global off,Global off
merged,3,28,4,1,4,CS-,CS-,94,0.0425531914893617,4,48,0.08333333333333333,Global off,Global on
merged,20,23,11,3,4,ITI,ITI,260,0.04230769230769231,11,48,0.22916666666666666,Safety-like,Global on
merged,31,16,9,4,4,ITI,CS-,216,0.041666666666666664,7,48,0.14583333333333334,Global on,Global on
merged,30,20,4,4,3,CS+,CS+,96,0.041666666666666664,4,48,0.08333333333333333,Global on,Safety-like
merged,30,29,4,4,2,ITI,ITI,96,0.041666666666666664,4,48,0.08333333333333333,Global on,Threat-like
merged,28,1,7,4,1,CS+,CS+,169,0.04142011834319527,7,48,0.14583333333333334,Global on,Global off
merged,28,31,7,4,4,ITI,CS-,169,0.04142011834319527,6,48,0.125,Global on,Global on
merged,14,2,6,2,1,ITI,ITI,146,0.0410958904109589,5,48,0.10416666666666667,Threat-like,Global off
merged,14,5,6,2,1,CS+,CS+,146,0.0410958904109589,6,48,0.125,Threat-like,Global off
merged,18,4,4,3,3,ITI,CS+,98,0.04081632653061224,4,48,0.08333333333333333,Safety-like,Safety-like
merged,4,8,8,3,3,ITI,ITI,202,0.039603960396039604,7,48,0.14583333333333334,Safety-like,Safety-like
merged,4,16,8,3,4,ITI,ITI,202,0.039603960396039604,6,48,0.125,Safety-like,Global on
merged,8,6,4,3,1,CS+,CS+,101,0.039603960396039604,4,48,0.08333333333333333,Safety-like,Global off
merged,8,13,4,3,2,CS-,CS-,101,0.039603960396039604,4,48,0.08333333333333333,Safety-like,Threat-like
merged,8,20,4,3,3,ITI,ITI,101,0.039603960396039604,3,48,0.0625,Safety-like,Safety-like
merged,5,8,7,1,3,ITI,ITI,177,0.03954802259887006,7,48,0.14583333333333334,Global off,Safety-like
merged,5,21,7,1,1,ITI,ITI,177,0.03954802259887006,7,48,0.14583333333333334,Global off,Global off
merged,5,32,7,1,4,ITI,CS+,177,0.03954802259887006,7,48,0.14583333333333334,Global off,Global on
merged,9,29,6,1,2,ITI,CS+,152,0.039473684210526314,6,48,0.125,Global off,Threat-like
merged,16,8,7,4,3,CS-,ITI,178,0.03932584269662921,7,48,0.14583333333333334,Global on,Safety-like
merged,16,9,7,4,1,CS-,ITI,178,0.03932584269662921,7,48,0.14583333333333334,Global on,Global off
merged,16,15,7,4,2,CS+,ITI,178,0.03932584269662921,6,48,0.125,Global on,Threat-like
merged,16,25,7,4,1,CS-,CS-,178,0.03932584269662921,5,48,0.10416666666666667,Global on,Global off
merged,1,3,15,1,1,ITI,ITI,389,0.038560411311053984,12,48,0.25,Global off,Global off
merged,20,31,10,3,4,ITI,ITI,260,0.038461538461538464,10,48,0.20833333333333334,Safety-like,Global on
merged,24,17,5,4,1,ITI,CS-,132,0.03787878787878788,4,48,0.08333333333333333,Global on,Global off
merged,24,23,5,4,4,ITI,ITI,132,0.03787878787878788,4,48,0.08333333333333333,Global on,Global on
merged,24,28,5,4,4,CS+,CS-,132,0.03787878787878788,5,48,0.10416666666666667,Global on,Global on
merged,24,29,5,4,2,ITI,ITI,132,0.03787878787878788,4,48,0.08333333333333333,Global on,Threat-like
merged,29,9,7,2,1,CS+,CS+,185,0.03783783783783784,7,48,0.14583333333333334,Threat-like,Global off
merged,29,16,7,2,4,CS-,CS-,185,0.03783783783783784,6,48,0.125,Threat-like,Global on
merged,29,20,7,2,3,CS+,ITI,185,0.03783783783783784,6,48,0.125,Threat-like,Safety-like
merged,29,27,7,2,4,ITI,ITI,185,0.03783783783783784,6,48,0.125,Threat-like,Global on
merged,27,9,3,4,1,ITI,ITI,80,0.0375,3,48,0.0625,Global on,Global off
merged,32,17,15,4,1,ITI,ITI,404,0.03712871287128713,11,48,0.22916666666666666,Global on,Global off
merged,32,30,15,4,4,ITI,ITI,404,0.03712871287128713,15,48,0.3125,Global on,Global on
merged,2,32,9,1,4,ITI,CS-,243,0.037037037037037035,8,48,0.16666666666666666,Global off,Global on
merged,31,1,8,4,1,CS-,ITI,216,0.037037037037037035,8,48,0.16666666666666666,Global on,Global off
merged,31,19,8,4,3,ITI,ITI,216,0.037037037037037035,7,48,0.14583333333333334,Global on,Safety-like
merged,13,4,9,2,3,ITI,ITI,244,0.036885245901639344,8,48,0.16666666666666666,Threat-like,Safety-like
merged,7,2,2,1,1,CS+,ITI,55,0.03636363636363636,2,48,0.041666666666666664,Global off,Global off
merged,7,4,2,1,3,CS+,CS+,55,0.03636363636363636,2,48,0.041666666666666664,Global off,Safety-like
merged,7,24,2,1,4,CS+,ITI,55,0.03636363636363636,2,48,0.041666666666666664,Global off,Global on
merged,23,2,3,4,1,CS+,ITI,83,0.03614457831325301,2,48,0.041666666666666664,Global on,Global off
merged,23,3,3,4,1,CS-,ITI,83,0.03614457831325301,3,48,0.0625,Global on,Global off
merged,23,4,3,4,3,CS+,CS+,83,0.03614457831325301,3,48,0.0625,Global on,Safety-like
merged,23,8,3,4,3,CS+,CS+,83,0.03614457831325301,3,48,0.0625,Global on,Safety-like
merged,23,13,3,4,2,ITI,ITI,83,0.03614457831325301,3,48,0.0625,Global on,Threat-like
merged,23,19,3,4,3,CS+,ITI,83,0.03614457831325301,3,48,0.0625,Global on,Safety-like
merged,23,29,3,4,2,CS+,ITI,83,0.03614457831325301,2,48,0.041666666666666664,Global on,Threat-like
merged,10,3,4,1,1,CS-,ITI,111,0.036036036036036036,3,48,0.0625,Global off,Global off
merged,10,5,4,1,1,ITI,ITI,111,0.036036036036036036,4,48,0.08333333333333333,Global off,Global off
merged,1,31,14,1,4,ITI,ITI,389,0.03598971722365039,12,48,0.25,Global off,Global on
merged,19,24,5,3,4,ITI,ITI,140,0.03571428571428571,5,48,0.10416666666666667,Safety-like,Global on
merged,21,4,4,1,3,ITI,CS+,112,0.03571428571428571,3,48,0.0625,Global off,Safety-like
merged,21,13,4,1,2,ITI,ITI,112,0.03571428571428571,4,48,0.08333333333333333,Global off,Threat-like
merged,15,4,3,2,3,CS+,ITI,84,0.03571428571428571,3,48,0.0625,Threat-like,Safety-like
merged,15,10,3,2,1,CS-,CS-,84,0.03571428571428571,3,48,0.0625,Threat-like,Global off
merged,15,21,3,2,1,ITI,ITI,84,0.03571428571428571,2,48,0.041666666666666664,Threat-like,Global off
merged,17,2,7,1,1,ITI,CS-,197,0.03553299492385787,7,48,0.14583333333333334,Global off,Global off
merged,28,10,6,4,1,CS-,CS+,169,0.03550295857988166,5,48,0.10416666666666667,Global on,Global off
merged,4,5,7,3,1,ITI,ITI,202,0.034653465346534656,7,48,0.14583333333333334,Safety-like,Global off
merged,14,3,5,2,1,CS+,CS+,146,0.03424657534246575,4,48,0.08333333333333333,Threat-like,Global off
merged,14,31,5,2,4,CS-,CS-,146,0.03424657534246575,4,48,0.08333333333333333,Threat-like,Global on
merged,5,2,6,1,1,ITI,ITI,177,0.03389830508474576,6,48,0.125,Global off,Global off
merged,5,10,6,1,1,CS+,CS+,177,0.03389830508474576,6,48,0.125,Global off,Global off
merged,16,2,6,4,1,CS+,CS+,178,0.033707865168539325,5,48,0.10416666666666667,Global on,Global off
merged,1,6,13,1,1,ITI,ITI,389,0.033419023136246784,11,48,0.22916666666666666,Global off,Global off
merged,25,1,3,1,1,ITI,ITI,91,0.03296703296703297,3,48,0.0625,Global off,Global off
merged,25,13,3,1,2,CS+,ITI,91,0.03296703296703297,3,48,0.0625,Global off,Threat-like
merged,2,8,8,1,3,CS+,ITI,243,0.03292181069958848,7,48,0.14583333333333334,Global off,Safety-like
merged,9,3,5,1,1,CS-,ITI,152,0.03289473684210526,5,48,0.10416666666666667,Global off,Global off
merged,9,14,5,1,2,CS-,ITI,152,0.03289473684210526,5,48,0.10416666666666667,Global off,Threat-like
merged,9,17,5,1,1,CS-,ITI,152,0.03289473684210526,5,48,0.10416666666666667,Global off,Global off
merged,13,10,8,2,1,ITI,ITI,244,0.03278688524590164,8,48,0.16666666666666666,Threat-like,Global off
merged,12,3,3,3,1,CS+,ITI,92,0.03260869565217391,3,48,0.0625,Safety-like,Global off
merged,12,8,3,3,3,ITI,CS+,92,0.03260869565217391,3,48,0.0625,Safety-like,Safety-like
merged,12,17,3,3,1,ITI,CS+,92,0.03260869565217391,3,48,0.0625,Safety-like,Global off
merged,12,24,3,3,4,ITI,ITI,92,0.03260869565217391,2,48,0.041666666666666664,Safety-like,Global on
merged,12,26,3,3,4,CS+,ITI,92,0.03260869565217391,3,48,0.0625,Safety-like,Global on
merged,12,28,3,3,4,CS-,ITI,92,0.03260869565217391,3,48,0.0625,Safety-like,Global on
merged,12,29,3,3,2,CS-,ITI,92,0.03260869565217391,3,48,0.0625,Safety-like,Threat-like
merged,29,17,6,2,1,ITI,ITI,185,0.032432432432432434,6,48,0.125,Threat-like,Global off
merged,31,14,7,4,2,ITI,CS-,216,0.032407407407407406,7,48,0.14583333333333334,Global on,Threat-like
merged,31,27,7,4,4,ITI,ITI,216,0.032407407407407406,6,48,0.125,Global on,Global on
merged,31,30,7,4,4,ITI,ITI,216,0.032407407407407406,6,48,0.125,Global on,Global on
merged,26,2,2,4,1,ITI,ITI,62,0.03225806451612903,2,48,0.041666666666666664,Global on,Global off
merged,26,3,2,4,1,CS-,CS-,62,0.03225806451612903,2,48,0.041666666666666664,Global on,Global off
merged,26,5,2,4,1,ITI,CS+,62,0.03225806451612903,2,48,0.041666666666666664,Global on,Global off
merged,26,10,2,4,1,CS-,CS-,62,0.03225806451612903,2,48,0.041666666666666664,Global on,Global off
merged,26,12,2,4,3,CS+,CS+,62,0.03225806451612903,2,48,0.041666666666666664,Global on,Safety-like
merged,26,19,2,4,3,ITI,ITI,62,0.03225806451612903,2,48,0.041666666666666664,Global on,Safety-like
merged,26,23,2,4,4,ITI,CS+,62,0.03225806451612903,1,48,0.020833333333333332,Global on,Global on
merged,26,28,2,4,4,ITI,ITI,62,0.03225806451612903,2,48,0.041666666666666664,Global on,Global on
merged,32,14,13,4,2,CS-,CS-,404,0.03217821782178218,13,48,0.2708333333333333,Global on,Threat-like
merged,3,12,3,1,3,CS+,ITI,94,0.031914893617021274,3,48,0.0625,Global off,Safety-like
merged,3,14,3,1,2,ITI,ITI,94,0.031914893617021274,3,48,0.0625,Global off,Threat-like
merged,3,16,3,1,4,CS+,CS+,94,0.031914893617021274,3,48,0.0625,Global off,Global on
merged,3,31,3,1,4,ITI,ITI,94,0.031914893617021274,3,48,0.0625,Global off,Global on
merged,30,4,3,4,3,ITI,ITI,96,0.03125,3,48,0.0625,Global on,Safety-like
merged,30,14,3,4,2,CS+,ITI,96,0.03125,3,48,0.0625,Global on,Threat-like
merged,30,16,3,4,4,CS-,CS-,96,0.03125,3,48,0.0625,Global on,Global on
merged,30,25,3,4,1,CS+,CS-,96,0.03125,3,48,0.0625,Global on,Global off
merged,30,26,3,4,4,ITI,ITI,96,0.03125,3,48,0.0625,Global on,Global on
merged,30,28,3,4,4,ITI,ITI,96,0.03125,3,48,0.0625,Global on,Global on
merged,1,16,12,1,4,ITI,ITI,389,0.030848329048843187,10,48,0.20833333333333334,Global off,Global on
merged,20,29,8,3,2,ITI,ITI,260,0.03076923076923077,6,48,0.125,Safety-like,Threat-like
merged,18,13,3,3,2,ITI,CS+,98,0.030612244897959183,3,48,0.0625,Safety-like,Threat-like
merged,18,21,3,3,1,ITI,ITI,98,0.030612244897959183,2,48,0.041666666666666664,Safety-like,Global off
merged,18,24,3,3,4,CS+,ITI,98,0.030612244897959183,3,48,0.0625,Safety-like,Global on
merged,18,28,3,3,4,ITI,ITI,98,0.030612244897959183,3,48,0.0625,Safety-like,Global on
merged,17,4,6,1,3,ITI,ITI,197,0.030456852791878174,6,48,0.125,Global off,Safety-like
merged,17,18,6,1,3,ITI,ITI,197,0.030456852791878174,5,48,0.10416666666666667,Global off,Safety-like
merged,24,2,4,4,1,ITI,ITI,132,0.030303030303030304,4,48,0.08333333333333333,Global on,Global off
merged,24,8,4,4,3,ITI,ITI,132,0.030303030303030304,4,48,0.08333333333333333,Global on,Safety-like
merged,24,12,4,4,3,ITI,CS+,132,0.030303030303030304,4,48,0.08333333333333333,Global on,Safety-like
merged,24,18,4,4,3,CS+,ITI,132,0.030303030303030304,4,48,0.08333333333333333,Global on,Safety-like
merged,24,19,4,4,3,CS+,ITI,132,0.030303030303030304,4,48,0.08333333333333333,Global on,Safety-like
merged,32,9,12,4,1,CS+,ITI,404,0.0297029702970297,12,48,0.25,Global on,Global off
merged,4,3,6,3,1,CS+,ITI,202,0.0297029702970297,4,48,0.08333333333333333,Safety-like,Global off
merged,4,9,6,3,1,ITI,ITI,202,0.0297029702970297,6,48,0.125,Safety-like,Global off
merged,4,10,6,3,1,ITI,ITI,202,0.0297029702970297,6,48,0.125,Safety-like,Global off
merged,4,24,6,3,4,CS+,CS+,202,0.0297029702970297,5,48,0.10416666666666667,Safety-like,Global on
merged,4,28,6,3,4,ITI,ITI,202,0.0297029702970297,6,48,0.125,Safety-like,Global on
merged,8,12,3,3,3,ITI,CS+,101,0.0297029702970297,3,48,0.0625,Safety-like,Safety-like
merged,8,15,3,3,2,CS-,ITI,101,0.0297029702970297,3,48,0.0625,Safety-like,Threat-like
merged,8,28,3,3,4,CS+,CS+,101,0.0297029702970297,3,48,0.0625,Safety-like,Global on
merged,8,29,3,3,2,ITI,CS+,101,0.0297029702970297,2,48,0.041666666666666664,Safety-like,Threat-like
merged,8,31,3,3,4,ITI,ITI,101,0.0297029702970297,3,48,0.0625,Safety-like,Global on
merged,28,13,5,4,2,ITI,ITI,169,0.029585798816568046,5,48,0.10416666666666667,Global on,Threat-like
merged,28,24,5,4,4,ITI,ITI,169,0.029585798816568046,5,48,0.10416666666666667,Global on,Global on
merged,28,26,5,4,4,ITI,CS+,169,0.029585798816568046,5,48,0.10416666666666667,Global on,Global on
merged,28,29,5,4,2,CS-,ITI,169,0.029585798816568046,3,48,0.0625,Global on,Threat-like
merged,2,6,7,1,1,CS+,ITI,243,0.02880658436213992,7,48,0.14583333333333334,Global off,Global off
merged,2,9,7,1,1,ITI,ITI,243,0.02880658436213992,6,48,0.125,Global off,Global off
merged,2,24,7,1,4,ITI,ITI,243,0.02880658436213992,7,48,0.14583333333333334,Global off,Global on
merged,2,29,7,1,2,ITI,ITI,243,0.02880658436213992,6,48,0.125,Global off,Threat-like
merged,13,8,7,2,3,ITI,CS+,244,0.028688524590163935,7,48,0.14583333333333334,Threat-like,Safety-like
merged,19,16,4,3,4,ITI,CS+,140,0.02857142857142857,3,48,0.0625,Safety-like,Global on
merged,19,29,4,3,2,ITI,ITI,140,0.02857142857142857,3,48,0.0625,Safety-like,Threat-like
merged,19,30,4,3,4,ITI,ITI,140,0.02857142857142857,2,48,0.041666666666666664,Safety-like,Global on
merged,6,9,2,1,1,ITI,ITI,70,0.02857142857142857,2,48,0.041666666666666664,Global off,Global off
merged,6,10,2,1,1,CS-,CS+,70,0.02857142857142857,2,48,0.041666666666666664,Global off,Global off
merged,6,11,2,1,1,CS+,CS+,70,0.02857142857142857,2,48,0.041666666666666664,Global off,Global off
merged,6,21,2,1,1,CS+,CS-,70,0.02857142857142857,2,48,0.041666666666666664,Global off,Global off
merged,6,25,2,1,1,ITI,ITI,70,0.02857142857142857,1,48,0.020833333333333332,Global off,Global off
merged,6,32,2,1,4,ITI,ITI,70,0.02857142857142857,2,48,0.041666666666666664,Global off,Global on
merged,1,14,11,1,2,ITI,CS-,389,0.028277634961439587,9,48,0.1875,Global off,Threat-like
merged,1,21,11,1,1,CS-,ITI,389,0.028277634961439587,8,48,0.16666666666666666,Global off,Global off
merged,5,23,5,1,4,ITI,CS-,177,0.02824858757062147,5,48,0.10416666666666667,Global off,Global on
merged,16,17,5,4,1,CS-,ITI,178,0.028089887640449437,5,48,0.10416666666666667,Global on,Global off
merged,16,20,5,4,3,ITI,ITI,178,0.028089887640449437,5,48,0.10416666666666667,Global on,Safety-like
merged,31,9,6,4,1,ITI,CS+,216,0.027777777777777776,6,48,0.125,Global on,Global off
merged,31,24,6,4,4,CS+,CS+,216,0.027777777777777776,5,48,0.10416666666666667,Global on,Global on
merged,22,1,1,4,1,ITI,ITI,36,0.027777777777777776,1,48,0.020833333333333332,Global on,Global off
merged,22,4,1,4,3,ITI,CS-,36,0.027777777777777776,1,48,0.020833333333333332,Global on,Safety-like
merged,22,15,1,4,2,ITI,ITI,36,0.027777777777777776,1,48,0.020833333333333332,Global on,Threat-like
merged,22,17,1,4,1,ITI,CS+,36,0.027777777777777776,1,48,0.020833333333333332,Global on,Global off
merged,22,18,1,4,3,ITI,CS+,36,0.027777777777777776,1,48,0.020833333333333332,Global on,Safety-like
merged,22,19,1,4,3,ITI,ITI,36,0.027777777777777776,1,48,0.020833333333333332,Global on,Safety-like
merged,22,24,1,4,4,ITI,ITI,36,0.027777777777777776,1,48,0.020833333333333332,Global on,Global on
merged,22,30,1,4,4,ITI,ITI,36,0.027777777777777776,1,48,0.020833333333333332,Global on,Global on
merged,14,15,4,2,2,ITI,CS-,146,0.0273972602739726,4,48,0.08333333333333333,Threat-like,Threat-like
merged,14,20,4,2,3,ITI,ITI,146,0.0273972602739726,4,48,0.08333333333333333,Threat-like,Safety-like
merged,14,26,4,2,4,CS+,ITI,146,0.0273972602739726,3,48,0.0625,Threat-like,Global on
merged,29,4,5,2,3,ITI,ITI,185,0.02702702702702703,4,48,0.08333333333333333,Threat-like,Safety-like
merged,29,5,5,2,1,ITI,ITI,185,0.02702702702702703,5,48,0.10416666666666667,Threat-like,Global off
merged,29,10,5,2,1,CS-,ITI,185,0.02702702702702703,5,48,0.10416666666666667,Threat-like,Global off
merged,29,14,5,2,2,ITI,CS+,185,0.02702702702702703,5,48,0.10416666666666667,Threat-like,Threat-like
merged,10,7,3,1,1,CS-,CS+,111,0.02702702702702703,3,48,0.0625,Global off,Global off
merged,10,8,3,1,3,CS-,CS-,111,0.02702702702702703,3,48,0.0625,Global off,Safety-like
merged,10,16,3,1,4,ITI,CS+,111,0.02702702702702703,3,48,0.0625,Global off,Global on
merged,10,17,3,1,1,ITI,ITI,111,0.02702702702702703,3,48,0.0625,Global off,Global off
merged,10,19,3,1,3,ITI,ITI,111,0.02702702702702703,3,48,0.0625,Global off,Safety-like
merged,10,20,3,1,3,CS+,ITI,111,0.02702702702702703,3,48,0.0625,Global off,Safety-like
merged,10,21,3,1,1,CS+,CS+,111,0.02702702702702703,2,48,0.041666666666666664,Global off,Global off
merged,10,32,3,1,4,ITI,CS-,111,0.02702702702702703,3,48,0.0625,Global off,Global on
merged,11,5,1,1,1,CS+,ITI,37,0.02702702702702703,1,48,0.020833333333333332,Global off,Global off
merged,11,8,1,1,3,CS-,CS-,37,0.02702702702702703,1,48,0.020833333333333332,Global off,Safety-like
merged,11,10,1,1,1,ITI,CS-,37,0.02702702702702703,1,48,0.020833333333333332,Global off,Global off
merged,11,13,1,1,2,ITI,ITI,37,0.02702702702702703,1,48,0.020833333333333332,Global off,Threat-like
merged,11,18,1,1,3,CS+,ITI,37,0.02702702702702703,1,48,0.020833333333333332,Global off,Safety-like
merged,11,20,1,1,3,ITI,ITI,37,0.02702702702702703,1,48,0.020833333333333332,Global off,Safety-like
merged,11,24,1,1,4,ITI,ITI,37,0.02702702702702703,1,48,0.020833333333333332,Global off,Global on
merged,11,27,1,1,4,ITI,ITI,37,0.02702702702702703,1,48,0.020833333333333332,Global off,Global on
merged,11,28,1,1,4,ITI,ITI,37,0.02702702702702703,1,48,0.020833333333333332,Global off,Global on
merged,11,31,1,1,4,CS+,CS+,37,0.02702702702702703,1,48,0.020833333333333332,Global off,Global on
merged,20,27,7,3,4,ITI,ITI,260,0.026923076923076925,7,48,0.14583333333333334,Safety-like,Global on
merged,21,5,3,1,1,CS-,ITI,112,0.026785714285714284,3,48,0.0625,Global off,Global off
merged,21,6,3,1,1,ITI,ITI,112,0.026785714285714284,3,48,0.0625,Global off,Global off
merged,21,12,3,1,3,ITI,ITI,112,0.026785714285714284,3,48,0.0625,Global off,Safety-like
merged,21,16,3,1,4,CS+,CS+,112,0.026785714285714284,2,48,0.041666666666666664,Global off,Global on
merged,21,18,3,1,3,ITI,ITI,112,0.026785714285714284,3,48,0.0625,Global off,Safety-like
merged,9,6,4,1,1,ITI,ITI,152,0.02631578947368421,4,48,0.08333333333333333,Global off,Global off
merged,9,15,4,1,2,ITI,ITI,152,0.02631578947368421,4,48,0.08333333333333333,Global off,Threat-like
merged,9,31,4,1,4,ITI,CS+,152,0.02631578947368421,3,48,0.0625,Global off,Global on
merged,1,8,10,1,3,ITI,ITI,389,0.02570694087403599,9,48,0.1875,Global off,Safety-like
merged,1,10,10,1,1,ITI,ITI,389,0.02570694087403599,10,48,0.20833333333333334,Global off,Global off
merged,17,3,5,1,1,CS+,ITI,197,0.025380710659898477,5,48,0.10416666666666667,Global off,Global off
merged,17,8,5,1,3,ITI,ITI,197,0.025380710659898477,4,48,0.08333333333333333,Global off,Safety-like
merged,17,23,5,1,4,ITI,ITI,197,0.025380710659898477,4,48,0.08333333333333333,Global off,Global on
merged,17,24,5,1,4,CS+,CS-,197,0.025380710659898477,5,48,0.10416666666666667,Global off,Global on
merged,17,31,5,1,4,CS-,CS+,197,0.025380710659898477,5,48,0.10416666666666667,Global off,Global on
merged,27,14,2,4,2,ITI,ITI,80,0.025,2,48,0.041666666666666664,Global on,Threat-like
merged,27,23,2,4,4,ITI,CS+,80,0.025,2,48,0.041666666666666664,Global on,Global on
merged,27,25,2,4,1,CS-,CS-,80,0.025,2,48,0.041666666666666664,Global on,Global off
merged,27,26,2,4,4,CS+,CS+,80,0.025,2,48,0.041666666666666664,Global on,Global on
merged,32,27,10,4,4,ITI,ITI,404,0.024752475247524754,7,48,0.14583333333333334,Global on,Global on
merged,2,3,6,1,1,CS-,ITI,243,0.024691358024691357,5,48,0.10416666666666667,Global off,Global off
merged,2,18,6,1,3,ITI,ITI,243,0.024691358024691357,4,48,0.08333333333333333,Global off,Safety-like
merged,2,31,6,1,4,CS-,ITI,243,0.024691358024691357,6,48,0.125,Global off,Global on
merged,23,7,2,4,1,ITI,CS-,83,0.024096385542168676,2,48,0.041666666666666664,Global on,Global off
merged,23,14,2,4,2,ITI,CS+,83,0.024096385542168676,2,48,0.041666666666666664,Global on,Threat-like
merged,23,15,2,4,2,CS+,CS+,83,0.024096385542168676,2,48,0.041666666666666664,Global on,Threat-like
merged,23,21,2,4,1,ITI,ITI,83,0.024096385542168676,2,48,0.041666666666666664,Global on,Global off
merged,23,27,2,4,4,CS+,CS+,83,0.024096385542168676,2,48,0.041666666666666664,Global on,Global on
merged,23,28,2,4,4,CS-,CS-,83,0.024096385542168676,2,48,0.041666666666666664,Global on,Global on
merged,15,2,2,2,1,CS+,CS+,84,0.023809523809523808,2,48,0.041666666666666664,Threat-like,Global off
merged,15,3,2,2,1,ITI,CS-,84,0.023809523809523808,2,48,0.041666666666666664,Threat-like,Global off
merged,15,17,2,2,1,CS+,CS+,84,0.023809523809523808,2,48,0.041666666666666664,Threat-like,Global off
merged,15,19,2,2,3,CS+,ITI,84,0.023809523809523808,2,48,0.041666666666666664,Threat-like,Safety-like
merged,15,20,2,2,3,CS+,CS+,84,0.023809523809523808,2,48,0.041666666666666664,Threat-like,Safety-like
merged,15,27,2,2,4,CS+,CS+,84,0.023809523809523808,2,48,0.041666666666666664,Threat-like,Global on
merged,28,2,4,4,1,ITI,CS-,169,0.023668639053254437,4,48,0.08333333333333333,Global on,Global off
merged,28,4,4,4,3,ITI,ITI,169,0.023668639053254437,4,48,0.08333333333333333,Global on,Safety-like
merged,28,5,4,4,1,ITI,ITI,169,0.023668639053254437,4,48,0.08333333333333333,Global on,Global off
merged,28,9,4,4,1,ITI,ITI,169,0.023668639053254437,4,48,0.08333333333333333,Global on,Global off
merged,28,18,4,4,3,CS+,ITI,169,0.023668639053254437,4,48,0.08333333333333333,Global on,Safety-like
merged,31,3,5,4,1,CS-,CS-,216,0.023148148148148147,4,48,0.08333333333333333,Global on,Global off
merged,31,13,5,4,2,CS+,CS+,216,0.023148148148148147,4,48,0.08333333333333333,Global on,Threat-like
merged,31,15,5,4,2,CS+,ITI,216,0.023148148148148147,4,48,0.08333333333333333,Global on,Threat-like
merged,31,25,5,4,1,ITI,ITI,216,0.023148148148148147,5,48,0.10416666666666667,Global on,Global off
merged,1,24,9,1,4,ITI,ITI,389,0.02313624678663239,9,48,0.1875,Global off,Global on
merged,20,5,6,3,1,ITI,ITI,260,0.023076923076923078,6,48,0.125,Safety-like,Global off
merged,20,12,6,3,3,ITI,ITI,260,0.023076923076923078,6,48,0.125,Safety-like,Safety-like
merged,24,5,3,4,1,ITI,ITI,132,0.022727272727272728,3,48,0.0625,Global on,Global off
merged,24,10,3,4,1,CS-,CS-,132,0.022727272727272728,3,48,0.0625,Global on,Global off
merged,24,21,3,4,1,ITI,ITI,132,0.022727272727272728,3,48,0.0625,Global on,Global off
merged,24,30,3,4,4,CS+,ITI,132,0.022727272727272728,3,48,0.0625,Global on,Global on
merged,5,6,4,1,1,ITI,ITI,177,0.022598870056497175,4,48,0.08333333333333333,Global off,Global off
merged,5,9,4,1,1,ITI,CS-,177,0.022598870056497175,4,48,0.08333333333333333,Global off,Global off
merged,5,15,4,1,2,ITI,CS+,177,0.022598870056497175,3,48,0.0625,Global off,Threat-like
merged,16,3,4,4,1,CS+,ITI,178,0.02247191011235955,4,48,0.08333333333333333,Global on,Global off
merged,16,10,4,4,1,ITI,ITI,178,0.02247191011235955,4,48,0.08333333333333333,Global on,Global off
merged,16,21,4,4,1,ITI,ITI,178,0.02247191011235955,4,48,0.08333333333333333,Global on,Global off
merged,16,23,4,4,4,CS-,ITI,178,0.02247191011235955,3,48,0.0625,Global on,Global on
merged,16,28,4,4,4,CS+,ITI,178,0.02247191011235955,4,48,0.08333333333333333,Global on,Global on
merged,16,30,4,4,4,ITI,CS+,178,0.02247191011235955,4,48,0.08333333333333333,Global on,Global on
merged,32,5,9,4,1,ITI,ITI,404,0.022277227722772276,8,48,0.16666666666666666,Global on,Global off
merged,32,12,9,4,3,CS+,CS+,404,0.022277227722772276,9,48,0.1875,Global on,Safety-like
merged,32,19,9,4,3,ITI,ITI,404,0.022277227722772276,7,48,0.14583333333333334,Global on,Safety-like
merged,25,4,2,1,3,ITI,CS-,91,0.02197802197802198,2,48,0.041666666666666664,Global off,Safety-like
merged,25,10,2,1,1,CS-,CS-,91,0.02197802197802198,2,48,0.041666666666666664,Global off,Global off
merged,25,15,2,1,2,CS+,CS+,91,0.02197802197802198,2,48,0.041666666666666664,Global off,Threat-like
merged,25,19,2,1,3,ITI,CS-,91,0.02197802197802198,2,48,0.041666666666666664,Global off,Safety-like
merged,25,24,2,1,4,CS-,ITI,91,0.02197802197802198,2,48,0.041666666666666664,Global off,Global on
merged,25,30,2,1,4,ITI,CS-,91,0.02197802197802198,2,48,0.041666666666666664,Global off,Global on
merged,12,9,2,3,1,CS+,CS+,92,0.021739130434782608,2,48,0.041666666666666664,Safety-like,Global off
merged,12,30,2,3,4,CS+,ITI,92,0.021739130434782608,2,48,0.041666666666666664,Safety-like,Global on
merged,12,31,2,3,4,CS+,CS+,92,0.021739130434782608,2,48,0.041666666666666664,Safety-like,Global on
merged,29,2,4,2,1,CS+,ITI,185,0.021621621621621623,4,48,0.08333333333333333,Threat-like,Global off
merged,29,6,4,2,1,ITI,CS+,185,0.021621621621621623,4,48,0.08333333333333333,Threat-like,Global off
merged,29,15,4,2,2,CS-,ITI,185,0.021621621621621623,4,48,0.08333333333333333,Threat-like,Threat-like
merged,29,19,4,2,3,CS-,CS-,185,0.021621621621621623,3,48,0.0625,Threat-like,Safety-like
merged,29,25,4,2,1,ITI,ITI,185,0.021621621621621623,3,48,0.0625,Threat-like,Global off
merged,29,26,4,2,4,ITI,ITI,185,0.021621621621621623,3,48,0.0625,Threat-like,Global on
merged,19,8,3,3,3,ITI,CS-,140,0.02142857142857143,3,48,0.0625,Safety-like,Safety-like
merged,3,10,2,1,1,CS+,ITI,94,0.02127659574468085,2,48,0.041666666666666664,Global off,Global off
merged,3,21,2,1,1,ITI,CS-,94,0.02127659574468085,2,48,0.041666666666666664,Global off,Global off
merged,3,29,2,1,2,ITI,ITI,94,0.02127659574468085,1,48,0.020833333333333332,Global off,Threat-like
merged,30,8,2,4,3,ITI,CS-,96,0.020833333333333332,2,48,0.041666666666666664,Global on,Safety-like
merged,30,9,2,4,1,CS+,CS+,96,0.020833333333333332,2,48,0.041666666666666664,Global on,Global off
merged,30,10,2,4,1,CS-,CS-,96,0.020833333333333332,2,48,0.041666666666666664,Global on,Global off
merged,30,15,2,4,2,CS-,CS+,96,0.020833333333333332,2,48,0.041666666666666664,Global on,Threat-like
merged,30,19,2,4,3,ITI,ITI,96,0.020833333333333332,2,48,0.041666666666666664,Global on,Safety-like
merged,30,21,2,4,1,CS+,CS+,96,0.020833333333333332,2,48,0.041666666666666664,Global on,Global off
merged,30,24,2,4,4,CS+,ITI,96,0.020833333333333332,2,48,0.041666666666666664,Global on,Global on
merged,2,12,5,1,3,CS-,ITI,243,0.0205761316872428,5,48,0.10416666666666667,Global off,Safety-like
merged,2,14,5,1,2,CS+,ITI,243,0.0205761316872428,4,48,0.08333333333333333,Global off,Threat-like
merged,2,15,5,1,2,ITI,ITI,243,0.0205761316872428,5,48,0.10416666666666667,Global off,Threat-like
merged,2,28,5,1,4,CS-,CS-,243,0.0205761316872428,5,48,0.10416666666666667,Global off,Global on
merged,1,18,8,1,3,ITI,ITI,389,0.02056555269922879,8,48,0.16666666666666666,Global off,Safety-like
merged,14,4,3,2,3,ITI,ITI,146,0.02054794520547945,3,48,0.0625,Threat-like,Safety-like
merged,14,24,3,2,4,CS-,CS-,146,0.02054794520547945,3,48,0.0625,Threat-like,Global on
merged,14,28,3,2,4,CS-,CS-,146,0.02054794520547945,3,48,0.0625,Threat-like,Global on
merged,13,3,5,2,1,ITI,ITI,244,0.020491803278688523,5,48,0.10416666666666667,Threat-like,Global off
merged,18,5,2,3,1,ITI,ITI,98,0.02040816326530612,2,48,0.041666666666666664,Safety-like,Global off
merged,18,7,2,3,1,CS-,ITI,98,0.02040816326530612,2,48,0.041666666666666664,Safety-like,Global off
merged,18,10,2,3,1,CS+,CS+,98,0.02040816326530612,2,48,0.041666666666666664,Safety-like,Global off
merged,18,11,2,3,1,ITI,CS-,98,0.02040816326530612,2,48,0.041666666666666664,Safety-like,Global off
merged,18,23,2,3,4,ITI,CS-,98,0.02040816326530612,2,48,0.041666666666666664,Safety-like,Global on
merged,18,25,2,3,1,CS+,ITI,98,0.02040816326530612,2,48,0.041666666666666664,Safety-like,Global off
merged,18,29,2,3,2,CS+,CS+,98,0.02040816326530612,2,48,0.041666666666666664,Safety-like,Threat-like
merged,17,5,4,1,1,ITI,ITI,197,0.02030456852791878,4,48,0.08333333333333333,Global off,Global off
merged,17,10,4,1,1,ITI,ITI,197,0.02030456852791878,4,48,0.08333333333333333,Global off,Global off
merged,17,22,4,1,4,ITI,ITI,197,0.02030456852791878,4,48,0.08333333333333333,Global off,Global on
merged,17,25,4,1,1,CS+,ITI,197,0.02030456852791878,4,48,0.08333333333333333,Global off,Global off
merged,17,26,4,1,4,ITI,ITI,197,0.02030456852791878,4,48,0.08333333333333333,Global off,Global on
merged,17,29,4,1,2,ITI,ITI,197,0.02030456852791878,4,48,0.08333333333333333,Global off,Threat-like
merged,32,4,8,4,3,CS+,CS+,404,0.019801980198019802,7,48,0.14583333333333334,Global on,Safety-like
merged,32,11,8,4,1,CS-,CS-,404,0.019801980198019802,8,48,0.16666666666666666,Global on,Global off
merged,32,18,8,4,3,ITI,CS+,404,0.019801980198019802,7,48,0.14583333333333334,Global on,Safety-like
merged,32,25,8,4,1,CS-,CS-,404,0.019801980198019802,7,48,0.14583333333333334,Global on,Global off
merged,4,7,4,3,1,CS+,ITI,202,0.019801980198019802,4,48,0.08333333333333333,Safety-like,Global off
merged,4,14,4,3,2,ITI,CS-,202,0.019801980198019802,4,48,0.08333333333333333,Safety-like,Threat-like
merged,4,17,4,3,1,ITI,ITI,202,0.019801980198019802,3,48,0.0625,Safety-like,Global off
merged,4,26,4,3,4,CS-,CS-,202,0.019801980198019802,4,48,0.08333333333333333,Safety-like,Global on
merged,4,30,4,3,4,ITI,ITI,202,0.019801980198019802,4,48,0.08333333333333333,Safety-like,Global on
merged,8,3,2,3,1,CS-,ITI,101,0.019801980198019802,2,48,0.041666666666666664,Safety-like,Global off
merged,8,9,2,3,1,CS-,CS-,101,0.019801980198019802,2,48,0.041666666666666664,Safety-like,Global off
merged,8,10,2,3,1,CS-,CS-,101,0.019801980198019802,2,48,0.041666666666666664,Safety-like,Global off
merged,8,18,2,3,3,CS+,CS+,101,0.019801980198019802,2,48,0.041666666666666664,Safety-like,Safety-like
merged,8,23,2,3,4,CS-,ITI,101,0.019801980198019802,2,48,0.041666666666666664,Safety-like,Global on
merged,9,5,3,1,1,ITI,ITI,152,0.019736842105263157,3,48,0.0625,Global off,Global off
merged,9,16,3,1,4,ITI,CS+,152,0.019736842105263157,3,48,0.0625,Global off,Global on
merged,9,19,3,1,3,ITI,ITI,152,0.019736842105263157,3,48,0.0625,Global off,Safety-like
merged,9,25,3,1,1,ITI,ITI,152,0.019736842105263157,3,48,0.0625,Global off,Global off
merged,9,27,3,1,4,ITI,CS+,152,0.019736842105263157,3,48,0.0625,Global off,Global on
merged,9,30,3,1,4,ITI,CS+,152,0.019736842105263157,3,48,0.0625,Global off,Global on
merged,20,9,5,3,1,ITI,ITI,260,0.019230769230769232,4,48,0.08333333333333333,Safety-like,Global off
merged,20,16,5,3,4,CS+,CS+,260,0.019230769230769232,5,48,0.10416666666666667,Safety-like,Global on
merged,31,7,4,4,1,ITI,CS-,216,0.018518518518518517,4,48,0.08333333333333333,Global on,Global off
merged,31,8,4,4,3,CS-,ITI,216,0.018518518518518517,4,48,0.08333333333333333,Global on,Safety-like
merged,31,23,4,4,4,ITI,CS-,216,0.018518518518518517,4,48,0.08333333333333333,Global on,Global on
merged,7,6,1,1,1,ITI,ITI,55,0.01818181818181818,1,48,0.020833333333333332,Global off,Global off
merged,7,8,1,1,3,CS-,ITI,55,0.01818181818181818,1,48,0.020833333333333332,Global off,Safety-like
merged,7,9,1,1,1,CS-,CS-,55,0.01818181818181818,1,48,0.020833333333333332,Global off,Global off
merged,7,11,1,1,1,CS+,ITI,55,0.01818181818181818,1,48,0.020833333333333332,Global off,Global off
merged,7,14,1,1,2,ITI,ITI,55,0.01818181818181818,1,48,0.020833333333333332,Global off,Threat-like
merged,7,19,1,1,3,ITI,ITI,55,0.01818181818181818,1,48,0.020833333333333332,Global off,Safety-like
merged,7,21,1,1,1,CS-,CS-,55,0.01818181818181818,1,48,0.020833333333333332,Global off,Global off
merged,7,22,1,1,4,CS-,ITI,55,0.01818181818181818,1,48,0.020833333333333332,Global off,Global on
merged,7,23,1,1,4,CS-,ITI,55,0.01818181818181818,1,48,0.020833333333333332,Global off,Global on
merged,7,30,1,1,4,ITI,CS-,55,0.01818181818181818,1,48,0.020833333333333332,Global off,Global on
merged,10,18,2,1,3,CS+,ITI,111,0.018018018018018018,2,48,0.041666666666666664,Global off,Safety-like
merged,10,23,2,1,4,ITI,CS+,111,0.018018018018018018,2,48,0.041666666666666664,Global off,Global on
merged,10,25,2,1,1,CS-,ITI,111,0.018018018018018018,2,48,0.041666666666666664,Global off,Global off
merged,10,28,2,1,4,ITI,CS+,111,0.018018018018018018,2,48,0.041666666666666664,Global off,Global on
merged,10,29,2,1,2,CS-,CS-,111,0.018018018018018018,2,48,0.041666666666666664,Global off,Threat-like
merged,10,30,2,1,4,CS+,CS+,111,0.018018018018018018,2,48,0.041666666666666664,Global off,Global on
merged,1,19,7,1,3,ITI,ITI,389,0.017994858611825194,6,48,0.125,Global off,Safety-like
merged,1,28,7,1,4,ITI,ITI,389,0.017994858611825194,6,48,0.125,Global off,Global on
merged,21,8,2,1,3,CS+,CS-,112,0.017857142857142856,2,48,0.041666666666666664,Global off,Safety-like
merged,21,14,2,1,2,ITI,CS-,112,0.017857142857142856,2,48,0.041666666666666664,Global off,Threat-like
merged,21,15,2,1,2,CS-,CS+,112,0.017857142857142856,2,48,0.041666666666666664,Global off,Threat-like
merged,21,19,2,1,3,CS-,ITI,112,0.017857142857142856,2,48,0.041666666666666664,Global off,Safety-like
merged,21,22,2,1,4,ITI,ITI,112,0.017857142857142856,2,48,0.041666666666666664,Global off,Global on
merged,28,16,3,4,4,ITI,CS-,169,0.01775147928994083,3,48,0.0625,Global on,Global on
merged,28,19,3,4,3,CS+,ITI,169,0.01775147928994083,3,48,0.0625,Global on,Safety-like
merged,28,30,3,4,4,CS+,CS+,169,0.01775147928994083,3,48,0.0625,Global on,Global on
merged,32,21,7,4,1,ITI,CS-,404,0.017326732673267328,6,48,0.125,Global on,Global off
merged,5,18,3,1,3,ITI,ITI,177,0.01694915254237288,3,48,0.0625,Global off,Safety-like
merged,5,24,3,1,4,ITI,CS+,177,0.01694915254237288,3,48,0.0625,Global off,Global on
merged,5,25,3,1,1,CS+,ITI,177,0.01694915254237288,2,48,0.041666666666666664,Global off,Global off
merged,5,27,3,1,4,CS+,ITI,177,0.01694915254237288,3,48,0.0625,Global off,Global on
merged,5,29,3,1,2,CS-,CS-,177,0.01694915254237288,3,48,0.0625,Global off,Threat-like
merged,5,30,3,1,4,CS+,ITI,177,0.01694915254237288,3,48,0.0625,Global off,Global on
merged,16,22,3,4,4,ITI,ITI,178,0.016853932584269662,3,48,0.0625,Global on,Global on
merged,2,7,4,1,1,CS-,ITI,243,0.01646090534979424,4,48,0.08333333333333333,Global off,Global off
merged,2,10,4,1,1,ITI,ITI,243,0.01646090534979424,4,48,0.08333333333333333,Global off,Global off
merged,2,19,4,1,3,CS-,ITI,243,0.01646090534979424,4,48,0.08333333333333333,Global off,Safety-like
merged,13,6,4,2,1,CS+,CS+,244,0.01639344262295082,4,48,0.08333333333333333,Threat-like,Global off
merged,13,7,4,2,1,CS+,CS+,244,0.01639344262295082,3,48,0.0625,Threat-like,Global off
merged,13,12,4,2,3,CS-,ITI,244,0.01639344262295082,4,48,0.08333333333333333,Threat-like,Safety-like
merged,13,21,4,2,1,CS-,ITI,244,0.01639344262295082,4,48,0.08333333333333333,Threat-like,Global off
merged,13,22,4,2,4,ITI,ITI,244,0.01639344262295082,4,48,0.08333333333333333,Threat-like,Global on
merged,13,23,4,2,4,CS+,ITI,244,0.01639344262295082,4,48,0.08333333333333333,Threat-like,Global on
merged,13,24,4,2,4,ITI,ITI,244,0.01639344262295082,3,48,0.0625,Threat-like,Global on
merged,13,25,4,2,1,CS-,ITI,244,0.01639344262295082,4,48,0.08333333333333333,Threat-like,Global off
merged,29,3,3,2,1,ITI,ITI,185,0.016216216216216217,2,48,0.041666666666666664,Threat-like,Global off
merged,29,8,3,2,3,CS-,CS-,185,0.016216216216216217,3,48,0.0625,Threat-like,Safety-like
merged,29,12,3,2,3,CS+,CS+,185,0.016216216216216217,3,48,0.0625,Threat-like,Safety-like
merged,29,18,3,2,3,CS-,ITI,185,0.016216216216216217,3,48,0.0625,Threat-like,Safety-like
merged,29,23,3,2,4,ITI,CS-,185,0.016216216216216217,3,48,0.0625,Threat-like,Global on
merged,26,4,1,4,3,CS+,CS+,62,0.016129032258064516,1,48,0.020833333333333332,Global on,Safety-like
merged,26,8,1,4,3,ITI,CS+,62,0.016129032258064516,1,48,0.020833333333333332,Global on,Safety-like
merged,26,9,1,4,1,CS-,ITI,62,0.016129032258064516,1,48,0.020833333333333332,Global on,Global off
merged,26,11,1,4,1,CS-,CS+,62,0.016129032258064516,1,48,0.020833333333333332,Global on,Global off
merged,26,13,1,4,2,CS+,ITI,62,0.016129032258064516,1,48,0.020833333333333332,Global on,Threat-like
merged,26,18,1,4,3,ITI,ITI,62,0.016129032258064516,1,48,0.020833333333333332,Global on,Safety-like
merged,26,21,1,4,1,ITI,ITI,62,0.016129032258064516,1,48,0.020833333333333332,Global on,Global off
merged,26,24,1,4,4,CS+,CS+,62,0.016129032258064516,1,48,0.020833333333333332,Global on,Global on
merged,26,27,1,4,4,CS+,CS+,62,0.016129032258064516,1,48,0.020833333333333332,Global on,Global on
merged,1,23,6,1,4,CS-,ITI,389,0.015424164524421594,6,48,0.125,Global off,Global on
merged,1,26,6,1,4,ITI,ITI,389,0.015424164524421594,6,48,0.125,Global off,Global on
merged,1,27,6,1,4,ITI,ITI,389,0.015424164524421594,6,48,0.125,Global off,Global on
merged,20,13,4,3,2,CS-,CS-,260,0.015384615384615385,4,48,0.08333333333333333,Safety-like,Threat-like
merged,20,25,4,3,1,ITI,ITI,260,0.015384615384615385,4,48,0.08333333333333333,Safety-like,Global off
merged,20,26,4,3,4,ITI,CS-,260,0.015384615384615385,4,48,0.08333333333333333,Safety-like,Global on
merged,17,6,3,1,1,ITI,ITI,197,0.015228426395939087,3,48,0.0625,Global off,Global off
merged,17,15,3,1,2,ITI,CS+,197,0.015228426395939087,3,48,0.0625,Global off,Threat-like
merged,17,16,3,1,4,ITI,CS-,197,0.015228426395939087,3,48,0.0625,Global off,Global on
merged,17,30,3,1,4,ITI,ITI,197,0.015228426395939087,3,48,0.0625,Global off,Global on
merged,24,3,2,4,1,CS+,CS+,132,0.015151515151515152,2,48,0.041666666666666664,Global on,Global off
merged,24,9,2,4,1,CS+,CS+,132,0.015151515151515152,2,48,0.041666666666666664,Global on,Global off
merged,24,14,2,4,2,ITI,ITI,132,0.015151515151515152,2,48,0.041666666666666664,Global on,Threat-like
merged,24,15,2,4,2,ITI,ITI,132,0.015151515151515152,2,48,0.041666666666666664,Global on,Threat-like
merged,24,16,2,4,4,CS+,CS-,132,0.015151515151515152,1,48,0.020833333333333332,Global on,Global on
merged,32,3,6,4,1,CS+,ITI,404,0.01485148514851485,5,48,0.10416666666666667,Global on,Global off
merged,32,10,6,4,1,ITI,ITI,404,0.01485148514851485,6,48,0.125,Global on,Global off
merged,4,6,3,3,1,CS+,ITI,202,0.01485148514851485,3,48,0.0625,Safety-like,Global off
merged,4,13,3,3,2,ITI,CS+,202,0.01485148514851485,3,48,0.0625,Safety-like,Threat-like
merged,4,21,3,3,1,CS+,ITI,202,0.01485148514851485,2,48,0.041666666666666664,Safety-like,Global off
merged,4,22,3,3,4,CS+,ITI,202,0.01485148514851485,3,48,0.0625,Safety-like,Global on
merged,4,29,3,3,2,ITI,CS+,202,0.01485148514851485,3,48,0.0625,Safety-like,Threat-like
merged,19,5,2,3,1,ITI,CS+,140,0.014285714285714285,2,48,0.041666666666666664,Safety-like,Global off
merged,19,6,2,3,1,CS+,CS+,140,0.014285714285714285,2,48,0.041666666666666664,Safety-like,Global off
merged,19,10,2,3,1,ITI,CS-,140,0.014285714285714285,2,48,0.041666666666666664,Safety-like,Global off
merged,19,14,2,3,2,ITI,CS+,140,0.014285714285714285,1,48,0.020833333333333332,Safety-like,Threat-like
merged,19,21,2,3,1,ITI,CS+,140,0.014285714285714285,2,48,0.041666666666666664,Safety-like,Global off
merged,19,22,2,3,4,CS-,CS-,140,0.014285714285714285,2,48,0.041666666666666664,Safety-like,Global on
merged,19,26,2,3,4,ITI,ITI,140,0.014285714285714285,2,48,0.041666666666666664,Safety-like,Global on
merged,6,7,1,1,1,ITI,ITI,70,0.014285714285714285,1,48,0.020833333333333332,Global off,Global off
merged,6,15,1,1,2,ITI,CS+,70,0.014285714285714285,1,48,0.020833333333333332,Global off,Threat-like
merged,6,20,1,1,3,ITI,CS-,70,0.014285714285714285,1,48,0.020833333333333332,Global off,Safety-like
merged,6,22,1,1,4,ITI,ITI,70,0.014285714285714285,1,48,0.020833333333333332,Global off,Global on
merged,6,23,1,1,4,CS+,CS+,70,0.014285714285714285,1,48,0.020833333333333332,Global off,Global on
merged,6,29,1,1,2,CS-,CS-,70,0.014285714285714285,1,48,0.020833333333333332,Global off,Threat-like
merged,6,30,1,1,4,CS+,CS+,70,0.014285714285714285,1,48,0.020833333333333332,Global off,Global on
merged,6,31,1,1,4,ITI,CS+,70,0.014285714285714285,1,48,0.020833333333333332,Global off,Global on
merged,31,11,3,4,1,CS+,ITI,216,0.013888888888888888,3,48,0.0625,Global on,Global off
merged,31,21,3,4,1,ITI,ITI,216,0.013888888888888888,3,48,0.0625,Global on,Global off
merged,14,8,2,2,3,CS+,CS+,146,0.0136986301369863,2,48,0.041666666666666664,Threat-like,Safety-like
merged,14,23,2,2,4,CS+,CS+,146,0.0136986301369863,2,48,0.041666666666666664,Threat-like,Global on
merged,14,25,2,2,1,ITI,ITI,146,0.0136986301369863,2,48,0.041666666666666664,Threat-like,Global off
merged,14,30,2,2,4,CS+,CS+,146,0.0136986301369863,2,48,0.041666666666666664,Threat-like,Global on
merged,9,11,2,1,1,CS-,CS+,152,0.013157894736842105,2,48,0.041666666666666664,Global off,Global off
merged,9,20,2,1,3,CS-,CS+,152,0.013157894736842105,2,48,0.041666666666666664,Global off,Safety-like
merged,9,21,2,1,1,CS+,ITI,152,0.013157894736842105,2,48,0.041666666666666664,Global off,Global off
merged,9,24,2,1,4,CS+,CS+,152,0.013157894736842105,2,48,0.041666666666666664,Global off,Global on
merged,9,28,2,1,4,CS+,CS+,152,0.013157894736842105,2,48,0.041666666666666664,Global off,Global on
merged,1,15,5,1,2,ITI,ITI,389,0.012853470437017995,5,48,0.10416666666666667,Global off,Threat-like
merged,27,3,1,4,1,ITI,ITI,80,0.0125,1,48,0.020833333333333332,Global on,Global off
merged,27,5,1,4,1,CS-,ITI,80,0.0125,1,48,0.020833333333333332,Global on,Global off
merged,27,6,1,4,1,ITI,ITI,80,0.0125,1,48,0.020833333333333332,Global on,Global off
merged,27,7,1,4,1,CS+,CS+,80,0.0125,1,48,0.020833333333333332,Global on,Global off
merged,27,8,1,4,3,CS-,CS-,80,0.0125,1,48,0.020833333333333332,Global on,Safety-like
merged,27,10,1,4,1,CS+,ITI,80,0.0125,1,48,0.020833333333333332,Global on,Global off
merged,27,11,1,4,1,CS+,CS+,80,0.0125,1,48,0.020833333333333332,Global on,Global off
merged,27,15,1,4,2,CS-,ITI,80,0.0125,1,48,0.020833333333333332,Global on,Threat-like
merged,27,16,1,4,4,ITI,CS-,80,0.0125,1,48,0.020833333333333332,Global on,Global on
merged,27,17,1,4,1,ITI,ITI,80,0.0125,1,48,0.020833333333333332,Global on,Global off
merged,27,24,1,4,4,ITI,ITI,80,0.0125,1,48,0.020833333333333332,Global on,Global on
merged,27,30,1,4,4,CS-,CS-,80,0.0125,1,48,0.020833333333333332,Global on,Global on
merged,32,6,5,4,1,CS-,ITI,404,0.012376237623762377,5,48,0.10416666666666667,Global on,Global off
merged,32,8,5,4,3,ITI,CS+,404,0.012376237623762377,5,48,0.10416666666666667,Global on,Safety-like
merged,32,23,5,4,4,CS+,CS+,404,0.012376237623762377,5,48,0.10416666666666667,Global on,Global on
merged,2,11,3,1,1,ITI,ITI,243,0.012345679012345678,3,48,0.0625,Global off,Global off
merged,2,21,3,1,1,ITI,ITI,243,0.012345679012345678,3,48,0.0625,Global off,Global off
merged,2,23,3,1,4,ITI,ITI,243,0.012345679012345678,3,48,0.0625,Global off,Global on
merged,2,25,3,1,1,ITI,ITI,243,0.012345679012345678,3,48,0.0625,Global off,Global off
merged,2,30,3,1,4,ITI,ITI,243,0.012345679012345678,3,48,0.0625,Global off,Global on
merged,13,19,3,2,3,CS+,ITI,244,0.012295081967213115,2,48,0.041666666666666664,Threat-like,Safety-like
merged,13,20,3,2,3,ITI,ITI,244,0.012295081967213115,3,48,0.0625,Threat-like,Safety-like
merged,13,28,3,2,4,CS-,ITI,244,0.012295081967213115,2,48,0.041666666666666664,Threat-like,Global on
merged,23,12,1,4,3,CS+,ITI,83,0.012048192771084338,1,48,0.020833333333333332,Global on,Safety-like
merged,23,16,1,4,4,CS+,CS+,83,0.012048192771084338,1,48,0.020833333333333332,Global on,Global on
merged,23,17,1,4,1,ITI,CS-,83,0.012048192771084338,1,48,0.020833333333333332,Global on,Global off
merged,23,18,1,4,3,ITI,ITI,83,0.012048192771084338,1,48,0.020833333333333332,Global on,Safety-like
merged,15,8,1,2,3,CS+,CS+,84,0.011904761904761904,1,48,0.020833333333333332,Threat-like,Safety-like
merged,15,11,1,2,1,CS+,CS+,84,0.011904761904761904,1,48,0.020833333333333332,Threat-like,Global off
merged,15,12,1,2,3,CS+,ITI,84,0.011904761904761904,1,48,0.020833333333333332,Threat-like,Safety-like
merged,15,14,1,2,2,ITI,CS+,84,0.011904761904761904,1,48,0.020833333333333332,Threat-like,Threat-like
merged,15,18,1,2,3,CS-,CS-,84,0.011904761904761904,1,48,0.020833333333333332,Threat-like,Safety-like
merged,15,23,1,2,4,ITI,ITI,84,0.011904761904761904,1,48,0.020833333333333332,Threat-like,Global on
merged,15,24,1,2,4,CS+,ITI,84,0.011904761904761904,1,48,0.020833333333333332,Threat-like,Global on
merged,15,25,1,2,1,ITI,ITI,84,0.011904761904761904,1,48,0.020833333333333332,Threat-like,Global off
merged,15,30,1,2,4,CS+,ITI,84,0.011904761904761904,1,48,0.020833333333333332,Threat-like,Global on
merged,28,3,2,4,1,ITI,ITI,169,0.011834319526627219,2,48,0.041666666666666664,Global on,Global off
merged,28,6,2,4,1,ITI,CS+,169,0.011834319526627219,2,48,0.041666666666666664,Global on,Global off
merged,28,12,2,4,3,CS-,ITI,169,0.011834319526627219,2,48,0.041666666666666664,Global on,Safety-like
merged,28,21,2,4,1,CS+,CS+,169,0.011834319526627219,2,48,0.041666666666666664,Global on,Global off
merged,20,3,3,3,1,CS+,CS+,260,0.011538461538461539,3,48,0.0625,Safety-like,Global off
merged,20,8,3,3,3,CS-,ITI,260,0.011538461538461539,3,48,0.0625,Safety-like,Safety-like
merged,20,10,3,3,1,ITI,ITI,260,0.011538461538461539,3,48,0.0625,Safety-like,Global off
merged,20,14,3,3,2,ITI,ITI,260,0.011538461538461539,3,48,0.0625,Safety-like,Threat-like
merged,20,21,3,3,1,CS+,ITI,260,0.011538461538461539,3,48,0.0625,Safety-like,Global off
merged,5,12,2,1,3,ITI,CS+,177,0.011299435028248588,2,48,0.041666666666666664,Global off,Safety-like
merged,5,17,2,1,1,CS-,CS-,177,0.011299435028248588,2,48,0.041666666666666664,Global off,Global off
merged,5,19,2,1,3,ITI,ITI,177,0.011299435028248588,2,48,0.041666666666666664,Global off,Safety-like
merged,5,20,2,1,3,CS-,CS-,177,0.011299435028248588,2,48,0.041666666666666664,Global off,Safety-like
merged,16,6,2,4,1,CS-,CS-,178,0.011235955056179775,2,48,0.041666666666666664,Global on,Global off
merged,16,7,2,4,1,CS+,CS+,178,0.011235955056179775,1,48,0.020833333333333332,Global on,Global off
merged,16,11,2,4,1,CS+,CS+,178,0.011235955056179775,2,48,0.041666666666666664,Global on,Global off
merged,16,19,2,4,3,CS+,CS+,178,0.011235955056179775,2,48,0.041666666666666664,Global on,Safety-like
merged,16,24,2,4,4,CS+,ITI,178,0.011235955056179775,2,48,0.041666666666666664,Global on,Global on
merged,16,26,2,4,4,CS+,CS+,178,0.011235955056179775,2,48,0.041666666666666664,Global on,Global on
merged,16,29,2,4,2,CS+,ITI,178,0.011235955056179775,2,48,0.041666666666666664,Global on,Threat-like
merged,25,2,1,1,1,ITI,ITI,91,0.01098901098901099,1,48,0.020833333333333332,Global off,Global off
merged,25,3,1,1,1,ITI,ITI,91,0.01098901098901099,1,48,0.020833333333333332,Global off,Global off
merged,25,7,1,1,1,ITI,ITI,91,0.01098901098901099,1,48,0.020833333333333332,Global off,Global off
merged,25,11,1,1,1,CS+,ITI,91,0.01098901098901099,1,48,0.020833333333333332,Global off,Global off
merged,25,12,1,1,3,CS-,ITI,91,0.01098901098901099,1,48,0.020833333333333332,Global off,Safety-like
merged,25,14,1,1,2,ITI,ITI,91,0.01098901098901099,1,48,0.020833333333333332,Global off,Threat-like
merged,25,16,1,1,4,ITI,CS+,91,0.01098901098901099,1,48,0.020833333333333332,Global off,Global on
merged,25,18,1,1,3,ITI,ITI,91,0.01098901098901099,1,48,0.020833333333333332,Global off,Safety-like
merged,25,23,1,1,4,CS+,ITI,91,0.01098901098901099,1,48,0.020833333333333332,Global off,Global on
merged,25,26,1,1,4,ITI,ITI,91,0.01098901098901099,1,48,0.020833333333333332,Global off,Global on
merged,25,31,1,1,4,CS-,ITI,91,0.01098901098901099,1,48,0.020833333333333332,Global off,Global on
merged,12,7,1,3,1,CS+,CS+,92,0.010869565217391304,1,48,0.020833333333333332,Safety-like,Global off
merged,12,14,1,3,2,ITI,CS-,92,0.010869565217391304,1,48,0.020833333333333332,Safety-like,Threat-like
merged,12,15,1,3,2,CS+,ITI,92,0.010869565217391304,1,48,0.020833333333333332,Safety-like,Threat-like
merged,12,18,1,3,3,ITI,CS+,92,0.010869565217391304,1,48,0.020833333333333332,Safety-like,Safety-like
merged,12,19,1,3,3,CS+,CS+,92,0.010869565217391304,1,48,0.020833333333333332,Safety-like,Safety-like
merged,12,21,1,3,1,CS+,CS+,92,0.010869565217391304,1,48,0.020833333333333332,Safety-like,Global off
merged,12,23,1,3,4,CS+,ITI,92,0.010869565217391304,1,48,0.020833333333333332,Safety-like,Global on
merged,12,27,1,3,4,CS+,CS+,92,0.010869565217391304,1,48,0.020833333333333332,Safety-like,Global on
merged,29,7,2,2,1,CS-,ITI,185,0.010810810810810811,2,48,0.041666666666666664,Threat-like,Global off
merged,29,24,2,2,4,CS+,CS+,185,0.010810810810810811,2,48,0.041666666666666664,Threat-like,Global on
merged,3,6,1,1,1,ITI,CS+,94,0.010638297872340425,1,48,0.020833333333333332,Global off,Global off
merged,3,8,1,1,3,CS-,ITI,94,0.010638297872340425,1,48,0.020833333333333332,Global off,Safety-like
merged,3,13,1,1,2,CS+,CS+,94,0.010638297872340425,1,48,0.020833333333333332,Global off,Threat-like
merged,3,22,1,1,4,CS-,CS-,94,0.010638297872340425,1,48,0.020833333333333332,Global off,Global on
merged,3,23,1,1,4,ITI,ITI,94,0.010638297872340425,1,48,0.020833333333333332,Global off,Global on
merged,3,26,1,1,4,ITI,ITI,94,0.010638297872340425,1,48,0.020833333333333332,Global off,Global on
merged,3,27,1,1,4,ITI,ITI,94,0.010638297872340425,1,48,0.020833333333333332,Global off,Global on
merged,3,30,1,1,4,ITI,CS-,94,0.010638297872340425,1,48,0.020833333333333332,Global off,Global on
merged,30,3,1,4,1,CS-,ITI,96,0.010416666666666666,1,48,0.020833333333333332,Global on,Global off
merged,30,5,1,4,1,ITI,CS+,96,0.010416666666666666,1,48,0.020833333333333332,Global on,Global off
merged,30,11,1,4,1,CS-,CS-,96,0.010416666666666666,1,48,0.020833333333333332,Global on,Global off
merged,30,12,1,4,3,ITI,CS-,96,0.010416666666666666,1,48,0.020833333333333332,Global on,Safety-like
merged,30,18,1,4,3,CS+,CS+,96,0.010416666666666666,1,48,0.020833333333333332,Global on,Safety-like
merged,30,22,1,4,4,ITI,CS-,96,0.010416666666666666,1,48,0.020833333333333332,Global on,Global on
merged,30,23,1,4,4,ITI,ITI,96,0.010416666666666666,1,48,0.020833333333333332,Global on,Global on
merged,30,27,1,4,4,CS+,ITI,96,0.010416666666666666,1,48,0.020833333333333332,Global on,Global on
merged,1,12,4,1,3,CS-,CS+,389,0.010282776349614395,2,48,0.041666666666666664,Global off,Safety-like
merged,1,25,4,1,1,CS+,ITI,389,0.010282776349614395,3,48,0.0625,Global off,Global off
merged,1,30,4,1,4,ITI,CS+,389,0.010282776349614395,3,48,0.0625,Global off,Global on
merged,18,8,1,3,3,CS+,CS+,98,0.01020408163265306,1,48,0.020833333333333332,Safety-like,Safety-like
merged,18,12,1,3,3,ITI,CS-,98,0.01020408163265306,1,48,0.020833333333333332,Safety-like,Safety-like
merged,18,14,1,3,2,ITI,CS-,98,0.01020408163265306,1,48,0.020833333333333332,Safety-like,Threat-like
merged,18,15,1,3,2,ITI,CS+,98,0.01020408163265306,1,48,0.020833333333333332,Safety-like,Threat-like
merged,18,16,1,3,4,ITI,ITI,98,0.01020408163265306,1,48,0.020833333333333332,Safety-like,Global on
merged,18,22,1,3,4,ITI,ITI,98,0.01020408163265306,1,48,0.020833333333333332,Safety-like,Global on
merged,18,26,1,3,4,CS+,ITI,98,0.01020408163265306,1,48,0.020833333333333332,Safety-like,Global on
merged,18,27,1,3,4,ITI,CS-,98,0.01020408163265306,1,48,0.020833333333333332,Safety-like,Global on
merged,17,7,2,1,1,ITI,CS+,197,0.01015228426395939,2,48,0.041666666666666664,Global off,Global off
merged,17,12,2,1,3,CS+,CS-,197,0.01015228426395939,2,48,0.041666666666666664,Global off,Safety-like
merged,17,27,2,1,4,ITI,ITI,197,0.01015228426395939,2,48,0.041666666666666664,Global off,Global on
merged,32,22,4,4,4,ITI,ITI,404,0.009900990099009901,4,48,0.08333333333333333,Global on,Global on
merged,4,15,2,3,2,CS+,CS+,202,0.009900990099009901,2,48,0.041666666666666664,Safety-like,Threat-like
merged,4,23,2,3,4,CS-,ITI,202,0.009900990099009901,2,48,0.041666666666666664,Safety-like,Global on
merged,8,7,1,3,1,CS+,CS+,101,0.009900990099009901,1,48,0.020833333333333332,Safety-like,Global off
merged,8,17,1,3,1,CS+,ITI,101,0.009900990099009901,1,48,0.020833333333333332,Safety-like,Global off
merged,8,19,1,3,3,CS+,CS+,101,0.009900990099009901,1,48,0.020833333333333332,Safety-like,Safety-like
merged,8,22,1,3,4,ITI,ITI,101,0.009900990099009901,1,48,0.020833333333333332,Safety-like,Global on
merged,8,25,1,3,1,ITI,ITI,101,0.009900990099009901,1,48,0.020833333333333332,Safety-like,Global off
merged,8,26,1,3,4,ITI,ITI,101,0.009900990099009901,1,48,0.020833333333333332,Safety-like,Global on
merged,8,27,1,3,4,ITI,ITI,101,0.009900990099009901,1,48,0.020833333333333332,Safety-like,Global on
merged,8,30,1,3,4,ITI,ITI,101,0.009900990099009901,1,48,0.020833333333333332,Safety-like,Global on
merged,31,10,2,4,1,CS+,CS-,216,0.009259259259259259,2,48,0.041666666666666664,Global on,Global off
merged,31,12,2,4,3,CS+,CS+,216,0.009259259259259259,2,48,0.041666666666666664,Global on,Safety-like
merged,31,22,2,4,4,ITI,CS+,216,0.009259259259259259,2,48,0.041666666666666664,Global on,Global on
merged,31,26,2,4,4,CS-,CS+,216,0.009259259259259259,2,48,0.041666666666666664,Global on,Global on
merged,10,6,1,1,1,ITI,ITI,111,0.009009009009009009,1,48,0.020833333333333332,Global off,Global off
merged,10,11,1,1,1,CS+,CS+,111,0.009009009009009009,1,48,0.020833333333333332,Global off,Global off
merged,10,15,1,1,2,ITI,ITI,111,0.009009009009009009,1,48,0.020833333333333332,Global off,Threat-like
merged,10,24,1,1,4,ITI,ITI,111,0.009009009009009009,1,48,0.020833333333333332,Global off,Global on
merged,10,26,1,1,4,ITI,ITI,111,0.009009009009009009,1,48,0.020833333333333332,Global off,Global on
merged,10,27,1,1,4,ITI,ITI,111,0.009009009009009009,1,48,0.020833333333333332,Global off,Global on
merged,21,3,1,1,1,CS-,CS-,112,0.008928571428571428,1,48,0.020833333333333332,Global off,Global off
merged,21,10,1,1,1,CS-,ITI,112,0.008928571428571428,1,48,0.020833333333333332,Global off,Global off
merged,21,11,1,1,1,ITI,ITI,112,0.008928571428571428,1,48,0.020833333333333332,Global off,Global off
merged,21,23,1,1,4,ITI,ITI,112,0.008928571428571428,1,48,0.020833333333333332,Global off,Global on
merged,21,27,1,1,4,ITI,ITI,112,0.008928571428571428,1,48,0.020833333333333332,Global off,Global on
merged,21,30,1,1,4,ITI,ITI,112,0.008928571428571428,1,48,0.020833333333333332,Global off,Global on
merged,2,26,2,1,4,ITI,CS+,243,0.00823045267489712,2,48,0.041666666666666664,Global off,Global on
merged,1,11,3,1,1,ITI,ITI,389,0.007712082262210797,3,48,0.0625,Global off,Global off
merged,20,6,2,3,1,ITI,CS-,260,0.007692307692307693,2,48,0.041666666666666664,Safety-like,Global off
merged,20,7,2,3,1,ITI,CS-,260,0.007692307692307693,2,48,0.041666666666666664,Safety-like,Global off
merged,20,30,2,3,4,CS+,CS-,260,0.007692307692307693,2,48,0.041666666666666664,Safety-like,Global on
merged,24,7,1,4,1,CS-,CS-,132,0.007575757575757576,1,48,0.020833333333333332,Global on,Global off
merged,24,22,1,4,4,CS-,CS-,132,0.007575757575757576,1,48,0.020833333333333332,Global on,Global on
merged,24,25,1,4,1,CS+,ITI,132,0.007575757575757576,1,48,0.020833333333333332,Global on,Global off
merged,32,7,3,4,1,CS-,CS-,404,0.007425742574257425,3,48,0.0625,Global on,Global off
merged,19,2,1,3,1,CS-,ITI,140,0.007142857142857143,1,48,0.020833333333333332,Safety-like,Global off
merged,19,7,1,3,1,ITI,CS+,140,0.007142857142857143,1,48,0.020833333333333332,Safety-like,Global off
merged,19,12,1,3,3,ITI,ITI,140,0.007142857142857143,1,48,0.020833333333333332,Safety-like,Safety-like
merged,19,15,1,3,2,CS-,CS-,140,0.007142857142857143,1,48,0.020833333333333332,Safety-like,Threat-like
merged,14,6,1,2,1,CS-,CS-,146,0.00684931506849315,1,48,0.020833333333333332,Threat-like,Global off
merged,14,7,1,2,1,CS+,ITI,146,0.00684931506849315,1,48,0.020833333333333332,Threat-like,Global off
merged,14,17,1,2,1,CS+,ITI,146,0.00684931506849315,1,48,0.020833333333333332,Threat-like,Global off
merged,14,18,1,2,3,ITI,ITI,146,0.00684931506849315,1,48,0.020833333333333332,Threat-like,Safety-like
merged,14,19,1,2,3,CS+,ITI,146,0.00684931506849315,1,48,0.020833333333333332,Threat-like,Safety-like
merged,14,21,1,2,1,ITI,ITI,146,0.00684931506849315,1,48,0.020833333333333332,Threat-like,Global off
merged,14,22,1,2,4,CS-,CS-,146,0.00684931506849315,1,48,0.020833333333333332,Threat-like,Global on
merged,14,27,1,2,4,ITI,CS-,146,0.00684931506849315,1,48,0.020833333333333332,Threat-like,Global on
merged,9,7,1,1,1,CS+,CS+,152,0.006578947368421052,1,48,0.020833333333333332,Global off,Global off
merged,9,8,1,1,3,ITI,ITI,152,0.006578947368421052,1,48,0.020833333333333332,Global off,Safety-like
merged,9,12,1,1,3,CS-,CS-,152,0.006578947368421052,1,48,0.020833333333333332,Global off,Safety-like
merged,9,18,1,1,3,ITI,ITI,152,0.006578947368421052,1,48,0.020833333333333332,Global off,Safety-like
merged,28,8,1,4,3,CS+,ITI,169,0.005917159763313609,1,48,0.020833333333333332,Global on,Safety-like
merged,28,11,1,4,1,CS-,CS-,169,0.005917159763313609,1,48,0.020833333333333332,Global on,Global off
merged,28,23,1,4,4,ITI,ITI,169,0.005917159763313609,1,48,0.020833333333333332,Global on,Global on
merged,5,3,1,1,1,CS+,CS+,177,0.005649717514124294,1,48,0.020833333333333332,Global off,Global off
merged,5,26,1,1,4,ITI,ITI,177,0.005649717514124294,1,48,0.020833333333333332,Global off,Global on
merged,16,18,1,4,3,ITI,CS+,178,0.0056179775280898875,1,48,0.020833333333333332,Global on,Safety-like
merged,16,27,1,4,4,CS-,CS-,178,0.0056179775280898875,1,48,0.020833333333333332,Global on,Global on
merged,29,11,1,2,1,ITI,CS+,185,0.005405405405405406,1,48,0.020833333333333332,Threat-like,Global off
merged,1,7,2,1,1,CS-,CS-,389,0.005141388174807198,2,48,0.041666666666666664,Global off,Global off
merged,1,22,2,1,4,CS-,ITI,389,0.005141388174807198,2,48,0.041666666666666664,Global off,Global on
merged,17,11,1,1,1,ITI,ITI,197,0.005076142131979695,1,48,0.020833333333333332,Global off,Global off
merged,17,14,1,1,2,ITI,CS+,197,0.005076142131979695,1,48,0.020833333333333332,Global off,Threat-like
merged,32,15,2,4,2,CS-,CS-,404,0.0049504950495049506,2,48,0.041666666666666664,Global on,Threat-like
merged,4,11,1,3,1,ITI,CS+,202,0.0049504950495049506,1,48,0.020833333333333332,Safety-like,Global off
merged,31,5,1,4,1,CS-,CS-,216,0.004629629629629629,1,48,0.020833333333333332,Global on,Global off
merged,31,18,1,4,3,CS-,ITI,216,0.004629629629629629,1,48,0.020833333333333332,Global on,Safety-like
merged,2,22,1,1,4,ITI,ITI,243,0.00411522633744856,1,48,0.020833333333333332,Global off,Global on
merged,13,11,1,2,1,CS-,ITI,244,0.004098360655737705,1,48,0.020833333333333332,Threat-like,Global off
merged,13,18,1,2,3,CS+,CS+,244,0.004098360655737705,1,48,0.020833333333333332,Threat-like,Safety-like
merged,13,26,1,2,4,CS+,ITI,244,0.004098360655737705,1,48,0.020833333333333332,Threat-like,Global on
merged,13,27,1,2,4,CS+,ITI,244,0.004098360655737705,1,48,0.020833333333333332,Threat-like,Global on
merged,20,22,1,3,4,ITI,ITI,260,0.0038461538461538464,1,48,0.020833333333333332,Safety-like,Global on
merged,32,26,1,4,4,CS+,ITI,404,0.0024752475247524753,1,48,0.020833333333333332,Global on,Global on
HC,11,2,4,1,1,ITI,CS+,17,0.23529411764705882,4,24,0.16666666666666666,Global off,Global off
HC,15,13,11,2,2,ITI,ITI,49,0.22448979591836735,7,24,0.2916666666666667,Threat-like,Threat-like
HC,31,32,22,4,4,ITI,ITI,112,0.19642857142857142,14,24,0.5833333333333334,Global on,Global on
HC,27,32,7,4,4,ITI,CS+,37,0.1891891891891892,6,24,0.25,Global on,Global on
HC,6,1,6,1,1,ITI,ITI,32,0.1875,5,24,0.20833333333333334,Global off,Global off
HC,28,32,16,4,4,ITI,ITI,87,0.1839080459770115,11,24,0.4583333333333333,Global on,Global on
HC,26,1,6,4,1,ITI,ITI,33,0.18181818181818182,6,24,0.25,Global on,Global off
HC,20,32,22,3,4,ITI,ITI,122,0.18032786885245902,17,24,0.7083333333333334,Safety-like,Global on
HC,5,1,13,1,1,CS-,ITI,73,0.1780821917808219,11,24,0.4583333333333333,Global off,Global off
HC,24,32,10,4,4,CS-,CS+,58,0.1724137931034483,10,24,0.4166666666666667,Global on,Global on
HC,9,1,12,1,1,ITI,ITI,70,0.17142857142857143,9,24,0.375,Global off,Global off
HC,25,17,6,1,1,ITI,ITI,37,0.16216216216216217,5,24,0.20833333333333334,Global off,Global off
HC,6,14,5,1,2,CS-,CS-,32,0.15625,5,24,0.20833333333333334,Global off,Threat-like
HC,30,2,7,4,1,ITI,CS+,50,0.14,5,24,0.20833333333333334,Global on,Global off
HC,25,29,5,1,2,ITI,ITI,37,0.13513513513513514,5,24,0.20833333333333334,Global off,Threat-like
HC,27,19,5,4,3,ITI,ITI,37,0.13513513513513514,4,24,0.16666666666666666,Global on,Safety-like
HC,27,28,5,4,4,CS-,ITI,37,0.13513513513513514,4,24,0.16666666666666666,Global on,Global on
HC,3,1,7,1,1,ITI,ITI,52,0.1346153846153846,6,24,0.25,Global off,Global off
HC,19,20,10,3,3,ITI,ITI,78,0.1282051282051282,10,24,0.4166666666666667,Safety-like,Safety-like
HC,16,32,11,4,4,CS+,CS+,88,0.125,10,24,0.4166666666666667,Global on,Global on
HC,14,1,10,2,1,CS-,ITI,80,0.125,7,24,0.2916666666666667,Threat-like,Global off
HC,6,2,4,1,1,ITI,ITI,32,0.125,3,24,0.125,Global off,Global off
HC,15,32,6,2,4,ITI,ITI,49,0.12244897959183673,5,24,0.20833333333333334,Threat-like,Global on
HC,26,17,4,4,1,ITI,ITI,33,0.12121212121212122,3,24,0.125,Global on,Global off
HC,26,32,4,4,4,ITI,CS-,33,0.12121212121212122,3,24,0.125,Global on,Global on
HC,8,4,7,3,3,CS+,CS+,58,0.1206896551724138,6,24,0.25,Safety-like,Safety-like
HC,2,1,15,1,1,ITI,ITI,126,0.11904761904761904,10,24,0.4166666666666667,Global off,Global off
HC,23,31,6,4,4,ITI,ITI,51,0.11764705882352941,5,24,0.20833333333333334,Global on,Global on
HC,23,32,6,4,4,ITI,ITI,51,0.11764705882352941,5,24,0.20833333333333334,Global on,Global on
HC,11,9,2,1,1,CS+,CS+,17,0.11764705882352941,2,24,0.08333333333333333,Global off,Global off
HC,11,15,2,1,2,CS-,CS-,17,0.11764705882352941,2,24,0.08333333333333333,Global off,Threat-like
HC,11,21,2,1,1,CS+,CS+,17,0.11764705882352941,2,24,0.08333333333333333,Global off,Global off
HC,4,1,11,3,1,ITI,ITI,94,0.11702127659574468,10,24,0.4166666666666667,Safety-like,Global off
HC,29,21,11,2,1,ITI,ITI,94,0.11702127659574468,6,24,0.25,Threat-like,Global off
HC,13,14,14,2,2,ITI,ITI,121,0.11570247933884298,10,24,0.4166666666666667,Threat-like,Threat-like
HC,14,13,9,2,2,CS-,ITI,80,0.1125,7,24,0.2916666666666667,Threat-like,Threat-like
HC,28,20,9,4,3,CS+,ITI,87,0.10344827586206896,8,24,0.3333333333333333,Global on,Safety-like
HC,24,20,6,4,3,ITI,ITI,58,0.10344827586206896,6,24,0.25,Global on,Safety-like
HC,19,32,8,3,4,ITI,ITI,78,0.10256410256410256,7,24,0.2916666666666667,Safety-like,Global on
HC,15,31,5,2,4,CS-,ITI,49,0.10204081632653061,5,24,0.20833333333333334,Threat-like,Global on
HC,9,2,7,1,1,ITI,ITI,70,0.1,7,24,0.2916666666666667,Global off,Global off
HC,9,13,7,1,2,ITI,ITI,70,0.1,7,24,0.2916666666666667,Global off,Threat-like
HC,30,1,5,4,1,ITI,CS+,50,0.1,5,24,0.20833333333333334,Global on,Global off
HC,13,1,12,2,1,ITI,ITI,121,0.09917355371900827,10,24,0.4166666666666667,Threat-like,Global off
HC,13,15,12,2,2,ITI,CS-,121,0.09917355371900827,7,24,0.2916666666666667,Threat-like,Threat-like
HC,17,32,11,1,4,ITI,ITI,111,0.0990990990990991,8,24,0.3333333333333333,Global off,Global on
HC,23,20,5,4,3,ITI,ITI,51,0.09803921568627451,4,24,0.16666666666666666,Global on,Safety-like
HC,10,1,7,1,1,ITI,ITI,72,0.09722222222222222,6,24,0.25,Global off,Global off
HC,18,20,6,3,3,CS+,ITI,62,0.0967741935483871,5,24,0.20833333333333334,Safety-like,Safety-like
HC,18,32,6,3,4,ITI,CS-,62,0.0967741935483871,4,24,0.16666666666666666,Safety-like,Global on
HC,7,1,3,1,1,CS+,ITI,31,0.0967741935483871,2,24,0.08333333333333333,Global off,Global off
HC,7,16,3,1,4,ITI,ITI,31,0.0967741935483871,3,24,0.125,Global off,Global on
HC,5,13,7,1,2,ITI,CS-,73,0.0958904109589041,6,24,0.25,Global off,Threat-like
HC,4,32,9,3,4,ITI,ITI,94,0.09574468085106383,9,24,0.375,Safety-like,Global on
HC,29,32,9,2,4,ITI,CS+,94,0.09574468085106383,8,24,0.3333333333333333,Threat-like,Global on
HC,28,17,8,4,1,CS+,ITI,87,0.09195402298850575,7,24,0.2916666666666667,Global on,Global off
HC,13,16,11,2,4,ITI,CS+,121,0.09090909090909091,8,24,0.3333333333333333,Threat-like,Global on
HC,21,1,6,1,1,CS+,CS+,66,0.09090909090909091,5,24,0.20833333333333334,Global off,Global off
HC,21,2,6,1,1,ITI,ITI,66,0.09090909090909091,4,24,0.16666666666666666,Global off,Global off
HC,26,31,3,4,4,ITI,ITI,33,0.09090909090909091,3,24,0.125,Global on,Global on
HC,17,19,10,1,3,ITI,ITI,111,0.09009009009009009,8,24,0.3333333333333333,Global off,Safety-like
HC,19,28,7,3,4,ITI,ITI,78,0.08974358974358974,5,24,0.20833333333333334,Safety-like,Global on
HC,31,20,10,4,3,ITI,ITI,112,0.08928571428571429,8,24,0.3333333333333333,Global on,Safety-like
HC,14,10,7,2,1,ITI,ITI,80,0.0875,5,24,0.20833333333333334,Threat-like,Global off
HC,8,1,5,3,1,ITI,ITI,58,0.08620689655172414,4,24,0.16666666666666666,Safety-like,Global off
HC,8,16,5,3,4,CS-,CS+,58,0.08620689655172414,5,24,0.20833333333333334,Safety-like,Global on
HC,12,4,5,3,3,CS-,CS+,58,0.08620689655172414,4,24,0.16666666666666666,Safety-like,Safety-like
HC,29,1,8,2,1,ITI,ITI,94,0.0851063829787234,6,24,0.25,Threat-like,Global off
HC,1,32,16,1,4,ITI,ITI,192,0.08333333333333333,10,24,0.4166666666666667,Global off,Global on
HC,10,9,6,1,1,ITI,ITI,72,0.08333333333333333,6,24,0.25,Global off,Global off
HC,5,14,6,1,2,ITI,CS-,73,0.0821917808219178,5,24,0.20833333333333334,Global off,Threat-like
HC,17,1,9,1,1,ITI,ITI,111,0.08108108108108109,7,24,0.2916666666666667,Global off,Global off
HC,17,20,9,1,3,ITI,ITI,111,0.08108108108108109,9,24,0.375,Global off,Safety-like
HC,25,28,3,1,4,ITI,ITI,37,0.08108108108108109,2,24,0.08333333333333333,Global off,Global on
HC,27,18,3,4,3,ITI,ITI,37,0.08108108108108109,2,24,0.08333333333333333,Global on,Safety-like
HC,27,31,3,4,4,ITI,CS+,37,0.08108108108108109,3,24,0.125,Global on,Global on
HC,18,1,5,3,1,ITI,ITI,62,0.08064516129032258,4,24,0.16666666666666666,Safety-like,Global off
HC,18,17,5,3,1,ITI,ITI,62,0.08064516129032258,5,24,0.20833333333333334,Safety-like,Global off
HC,28,25,7,4,1,ITI,ITI,87,0.08045977011494253,5,24,0.20833333333333334,Global on,Global off
HC,30,17,4,4,1,ITI,ITI,50,0.08,4,24,0.16666666666666666,Global on,Global off
HC,22,2,2,4,1,ITI,ITI,25,0.08,2,24,0.08333333333333333,Global on,Global off
HC,22,8,2,4,3,CS+,CS+,25,0.08,2,24,0.08333333333333333,Global on,Safety-like
HC,22,9,2,4,1,CS-,CS+,25,0.08,2,24,0.08333333333333333,Global on,Global off
HC,22,14,2,4,2,ITI,CS-,25,0.08,2,24,0.08333333333333333,Global on,Threat-like
HC,22,20,2,4,3,CS-,ITI,25,0.08,2,24,0.08333333333333333,Global on,Safety-like
HC,22,21,2,4,1,CS-,CS-,25,0.08,1,24,0.041666666666666664,Global on,Global off
HC,22,28,2,4,4,CS-,ITI,25,0.08,2,24,0.08333333333333333,Global on,Global on
HC,22,29,2,4,2,ITI,CS+,25,0.08,2,24,0.08333333333333333,Global on,Threat-like
HC,22,32,2,4,4,ITI,CS+,25,0.08,2,24,0.08333333333333333,Global on,Global on
HC,16,4,7,4,3,CS-,ITI,88,0.07954545454545454,5,24,0.20833333333333334,Global on,Safety-like
HC,16,12,7,4,3,ITI,ITI,88,0.07954545454545454,5,24,0.20833333333333334,Global on,Safety-like
HC,1,2,15,1,1,CS-,ITI,192,0.078125,12,24,0.5,Global off,Global off
HC,19,17,6,3,1,ITI,ITI,78,0.07692307692307693,6,24,0.25,Safety-like,Global off
HC,3,19,4,1,3,CS+,ITI,52,0.07692307692307693,4,24,0.16666666666666666,Global off,Safety-like
HC,3,20,4,1,3,CS-,ITI,52,0.07692307692307693,3,24,0.125,Global off,Safety-like
HC,21,31,5,1,4,ITI,CS-,66,0.07575757575757576,4,24,0.16666666666666666,Global off,Global on
HC,14,12,6,2,3,ITI,CS-,80,0.075,6,24,0.25,Threat-like,Safety-like
HC,14,32,6,2,4,CS-,CS-,80,0.075,5,24,0.20833333333333334,Threat-like,Global on
HC,4,2,7,3,1,CS-,ITI,94,0.07446808510638298,7,24,0.2916666666666667,Safety-like,Global off
HC,29,13,7,2,2,ITI,ITI,94,0.07446808510638298,5,24,0.20833333333333334,Threat-like,Threat-like
HC,20,19,9,3,3,ITI,ITI,122,0.07377049180327869,7,24,0.2916666666666667,Safety-like,Safety-like
HC,20,28,9,3,4,ITI,ITI,122,0.07377049180327869,8,24,0.3333333333333333,Safety-like,Global on
HC,32,28,15,4,4,CS+,CS+,205,0.07317073170731707,11,24,0.4583333333333333,Global on,Global on
HC,32,31,15,4,4,ITI,CS-,205,0.07317073170731707,11,24,0.4583333333333333,Global on,Global on
HC,2,4,9,1,3,ITI,ITI,126,0.07142857142857142,8,24,0.3333333333333333,Global off,Safety-like
HC,10,2,5,1,1,ITI,ITI,72,0.06944444444444445,4,24,0.16666666666666666,Global off,Global off
HC,10,4,5,1,3,ITI,ITI,72,0.06944444444444445,3,24,0.125,Global off,Safety-like
HC,10,12,5,1,3,ITI,CS+,72,0.06944444444444445,5,24,0.20833333333333334,Global off,Safety-like
HC,10,31,5,1,4,CS+,CS+,72,0.06944444444444445,4,24,0.16666666666666666,Global off,Global on
HC,8,2,4,3,1,CS-,ITI,58,0.06896551724137931,4,24,0.16666666666666666,Safety-like,Global off
HC,8,14,4,3,2,CS-,ITI,58,0.06896551724137931,4,24,0.16666666666666666,Safety-like,Threat-like
HC,8,24,4,3,4,CS+,CS+,58,0.06896551724137931,4,24,0.16666666666666666,Safety-like,Global on
HC,8,32,4,3,4,CS+,CS+,58,0.06896551724137931,4,24,0.16666666666666666,Safety-like,Global on
HC,12,1,4,3,1,ITI,ITI,58,0.06896551724137931,4,24,0.16666666666666666,Safety-like,Global off
HC,12,2,4,3,1,CS-,CS-,58,0.06896551724137931,3,24,0.125,Safety-like,Global off
HC,12,10,4,3,1,ITI,ITI,58,0.06896551724137931,3,24,0.125,Safety-like,Global off
HC,12,20,4,3,3,CS-,ITI,58,0.06896551724137931,3,24,0.125,Safety-like,Safety-like
HC,12,25,4,3,1,CS+,ITI,58,0.06896551724137931,4,24,0.16666666666666666,Safety-like,Global off
HC,24,1,4,4,1,ITI,ITI,58,0.06896551724137931,4,24,0.16666666666666666,Global on,Global off
HC,24,8,4,4,3,ITI,ITI,58,0.06896551724137931,4,24,0.16666666666666666,Global on,Safety-like
HC,24,13,4,4,2,ITI,ITI,58,0.06896551724137931,3,24,0.125,Global on,Threat-like
HC,5,2,5,1,1,ITI,ITI,73,0.0684931506849315,5,24,0.20833333333333334,Global off,Global off
HC,5,7,5,1,1,CS+,CS+,73,0.0684931506849315,4,24,0.16666666666666666,Global off,Global off
HC,5,16,5,1,4,CS-,CS+,73,0.0684931506849315,4,24,0.16666666666666666,Global off,Global on
HC,32,29,14,4,2,ITI,ITI,205,0.06829268292682927,11,24,0.4583333333333333,Global on,Threat-like
HC,16,1,6,4,1,ITI,CS+,88,0.06818181818181818,6,24,0.25,Global on,Global off
HC,16,5,6,4,1,ITI,ITI,88,0.06818181818181818,5,24,0.20833333333333334,Global on,Global off
HC,16,13,6,4,2,ITI,ITI,88,0.06818181818181818,6,24,0.25,Global on,Threat-like
HC,16,31,6,4,4,CS-,ITI,88,0.06818181818181818,5,24,0.20833333333333334,Global on,Global on
HC,1,13,13,1,2,ITI,ITI,192,0.06770833333333333,10,24,0.4166666666666667,Global off,Threat-like
HC,13,5,8,2,1,ITI,ITI,121,0.06611570247933884,7,24,0.2916666666666667,Threat-like,Global off
HC,13,17,8,2,1,ITI,ITI,121,0.06611570247933884,6,24,0.25,Threat-like,Global off
HC,20,1,8,3,1,ITI,ITI,122,0.06557377049180328,6,24,0.25,Safety-like,Global off
HC,18,2,4,3,1,CS-,ITI,62,0.06451612903225806,4,24,0.16666666666666666,Safety-like,Global off
HC,18,19,4,3,3,ITI,ITI,62,0.06451612903225806,4,24,0.16666666666666666,Safety-like,Safety-like
HC,7,4,2,1,3,CS+,CS+,31,0.06451612903225806,2,24,0.08333333333333333,Global off,Safety-like
HC,7,5,2,1,1,CS+,ITI,31,0.06451612903225806,2,24,0.08333333333333333,Global off,Global off
HC,7,13,2,1,2,CS+,CS+,31,0.06451612903225806,2,24,0.08333333333333333,Global off,Threat-like
HC,7,20,2,1,3,CS-,CS-,31,0.06451612903225806,2,24,0.08333333333333333,Global off,Safety-like
HC,7,29,2,1,2,CS+,CS+,31,0.06451612903225806,1,24,0.041666666666666664,Global off,Threat-like
HC,7,31,2,1,4,CS+,ITI,31,0.06451612903225806,2,24,0.08333333333333333,Global off,Global on
HC,7,32,2,1,4,CS+,ITI,31,0.06451612903225806,2,24,0.08333333333333333,Global off,Global on
HC,19,1,5,3,1,ITI,ITI,78,0.0641025641025641,5,24,0.20833333333333334,Safety-like,Global off
HC,19,4,5,3,3,CS-,CS+,78,0.0641025641025641,5,24,0.20833333333333334,Safety-like,Safety-like
HC,19,23,5,3,4,ITI,ITI,78,0.0641025641025641,4,24,0.16666666666666666,Safety-like,Global on
HC,19,27,5,3,4,ITI,ITI,78,0.0641025641025641,5,24,0.20833333333333334,Safety-like,Global on
HC,4,18,6,3,3,CS+,ITI,94,0.06382978723404255,5,24,0.20833333333333334,Safety-like,Safety-like
HC,4,19,6,3,3,CS+,ITI,94,0.06382978723404255,3,24,0.125,Safety-like,Safety-like
HC,29,17,6,2,1,ITI,ITI,94,0.06382978723404255,6,24,0.25,Threat-like,Global off
HC,2,13,8,1,2,ITI,CS-,126,0.06349206349206349,5,24,0.20833333333333334,Global off,Threat-like
HC,2,16,8,1,4,ITI,ITI,126,0.06349206349206349,7,24,0.2916666666666667,Global off,Global on
HC,32,16,13,4,4,ITI,CS-,205,0.06341463414634146,12,24,0.5,Global on,Global on
HC,17,13,7,1,2,ITI,ITI,111,0.06306306306306306,4,24,0.16666666666666666,Global off,Threat-like
HC,17,21,7,1,1,CS-,ITI,111,0.06306306306306306,5,24,0.20833333333333334,Global off,Global off
HC,17,28,7,1,4,ITI,ITI,111,0.06306306306306306,4,24,0.16666666666666666,Global off,Global on
HC,1,17,12,1,1,ITI,ITI,192,0.0625,7,24,0.2916666666666667,Global off,Global off
HC,31,28,7,4,4,CS-,ITI,112,0.0625,7,24,0.2916666666666667,Global on,Global on
HC,31,29,7,4,2,CS-,ITI,112,0.0625,5,24,0.20833333333333334,Global on,Threat-like
HC,14,29,5,2,2,CS+,CS+,80,0.0625,4,24,0.16666666666666666,Threat-like,Threat-like
HC,6,5,2,1,1,ITI,CS-,32,0.0625,2,24,0.08333333333333333,Global off,Global off
HC,6,13,2,1,2,ITI,ITI,32,0.0625,2,24,0.08333333333333333,Global off,Threat-like
HC,6,32,2,1,4,ITI,ITI,32,0.0625,2,24,0.08333333333333333,Global off,Global on
HC,15,1,3,2,1,ITI,CS-,49,0.061224489795918366,3,24,0.125,Threat-like,Global off
HC,15,5,3,2,1,ITI,CS+,49,0.061224489795918366,3,24,0.125,Threat-like,Global off
HC,15,9,3,2,1,ITI,ITI,49,0.061224489795918366,3,24,0.125,Threat-like,Global off
HC,21,17,4,1,1,CS-,ITI,66,0.06060606060606061,4,24,0.16666666666666666,Global off,Global off
HC,21,20,4,1,3,ITI,ITI,66,0.06060606060606061,4,24,0.16666666666666666,Global off,Safety-like
HC,21,24,4,1,4,ITI,ITI,66,0.06060606060606061,4,24,0.16666666666666666,Global off,Global on
HC,21,29,4,1,2,ITI,ITI,66,0.06060606060606061,4,24,0.16666666666666666,Global off,Threat-like
HC,21,32,4,1,4,CS-,ITI,66,0.06060606060606061,4,24,0.16666666666666666,Global off,Global on
HC,26,2,2,4,1,ITI,ITI,33,0.06060606060606061,2,24,0.08333333333333333,Global on,Global off
HC,26,10,2,4,1,CS-,CS-,33,0.06060606060606061,2,24,0.08333333333333333,Global on,Global off
HC,26,20,2,4,3,ITI,ITI,33,0.06060606060606061,2,24,0.08333333333333333,Global on,Safety-like
HC,26,23,2,4,4,ITI,CS+,33,0.06060606060606061,1,24,0.041666666666666664,Global on,Global on
HC,26,25,2,4,1,CS+,CS+,33,0.06060606060606061,2,24,0.08333333333333333,Global on,Global off
HC,30,20,3,4,3,CS+,CS+,50,0.06,3,24,0.125,Global on,Safety-like
HC,30,28,3,4,4,ITI,ITI,50,0.06,3,24,0.125,Global on,Global on
HC,30,29,3,4,2,ITI,ITI,50,0.06,3,24,0.125,Global on,Threat-like
HC,30,31,3,4,4,ITI,ITI,50,0.06,3,24,0.125,Global on,Global on
HC,30,32,3,4,4,ITI,CS+,50,0.06,3,24,0.125,Global on,Global on
HC,23,1,3,4,1,CS+,CS+,51,0.058823529411764705,2,24,0.08333333333333333,Global on,Global off
HC,23,2,3,4,1,CS+,ITI,51,0.058823529411764705,2,24,0.08333333333333333,Global on,Global off
HC,23,30,3,4,4,ITI,ITI,51,0.058823529411764705,3,24,0.125,Global on,Global on
HC,11,3,1,1,1,CS-,CS-,17,0.058823529411764705,1,24,0.041666666666666664,Global off,Global off
HC,11,4,1,1,3,ITI,ITI,17,0.058823529411764705,1,24,0.041666666666666664,Global off,Safety-like
HC,11,5,1,1,1,CS+,ITI,17,0.058823529411764705,1,24,0.041666666666666664,Global off,Global off
HC,11,8,1,1,3,CS-,CS-,17,0.058823529411764705,1,24,0.041666666666666664,Global off,Safety-like
HC,11,18,1,1,3,CS+,ITI,17,0.058823529411764705,1,24,0.041666666666666664,Global off,Safety-like
HC,11,24,1,1,4,ITI,ITI,17,0.058823529411764705,1,24,0.041666666666666664,Global off,Global on
HC,11,31,1,1,4,CS+,CS+,17,0.058823529411764705,1,24,0.041666666666666664,Global off,Global on
HC,32,2,12,4,1,CS-,CS-,205,0.05853658536585366,8,24,0.3333333333333333,Global on,Global off
HC,32,13,12,4,2,ITI,ITI,205,0.05853658536585366,9,24,0.375,Global on,Threat-like
HC,3,2,3,1,1,ITI,ITI,52,0.057692307692307696,3,24,0.125,Global off,Global off
HC,3,4,3,1,3,ITI,CS+,52,0.057692307692307696,3,24,0.125,Global off,Safety-like
HC,3,9,3,1,1,ITI,ITI,52,0.057692307692307696,2,24,0.08333333333333333,Global off,Global off
HC,3,12,3,1,3,CS+,ITI,52,0.057692307692307696,3,24,0.125,Global off,Safety-like
HC,3,25,3,1,1,ITI,ITI,52,0.057692307692307696,3,24,0.125,Global off,Global off
HC,3,32,3,1,4,CS+,ITI,52,0.057692307692307696,3,24,0.125,Global off,Global on
HC,28,24,5,4,4,ITI,ITI,87,0.05747126436781609,5,24,0.20833333333333334,Global on,Global on
HC,28,27,5,4,4,ITI,ITI,87,0.05747126436781609,5,24,0.20833333333333334,Global on,Global on
HC,28,31,5,4,4,ITI,CS-,87,0.05747126436781609,4,24,0.16666666666666666,Global on,Global on
HC,20,23,7,3,4,ITI,ITI,122,0.05737704918032787,7,24,0.2916666666666667,Safety-like,Global on
HC,9,10,4,1,1,CS-,ITI,70,0.05714285714285714,4,24,0.16666666666666666,Global off,Global off
HC,9,14,4,1,2,CS-,ITI,70,0.05714285714285714,4,24,0.16666666666666666,Global off,Threat-like
HC,9,17,4,1,1,CS+,ITI,70,0.05714285714285714,4,24,0.16666666666666666,Global off,Global off
HC,9,26,4,1,4,CS+,ITI,70,0.05714285714285714,4,24,0.16666666666666666,Global off,Global on
HC,16,8,5,4,3,CS-,ITI,88,0.056818181818181816,5,24,0.20833333333333334,Global on,Safety-like
HC,2,17,7,1,1,ITI,ITI,126,0.05555555555555555,4,24,0.16666666666666666,Global off,Global off
HC,10,3,4,1,1,CS-,ITI,72,0.05555555555555555,3,24,0.125,Global off,Global off
HC,10,14,4,1,2,ITI,CS+,72,0.05555555555555555,4,24,0.16666666666666666,Global off,Threat-like
HC,5,23,4,1,4,ITI,CS-,73,0.0547945205479452,4,24,0.16666666666666666,Global off,Global on
HC,5,31,4,1,4,ITI,CS+,73,0.0547945205479452,4,24,0.16666666666666666,Global off,Global on
HC,17,9,6,1,1,ITI,ITI,111,0.05405405405405406,5,24,0.20833333333333334,Global off,Global off
HC,25,1,2,1,1,CS+,CS+,37,0.05405405405405406,2,24,0.08333333333333333,Global off,Global off
HC,25,10,2,1,1,CS-,CS-,37,0.05405405405405406,2,24,0.08333333333333333,Global off,Global off
HC,25,13,2,1,2,CS-,CS-,37,0.05405405405405406,2,24,0.08333333333333333,Global off,Threat-like
HC,25,20,2,1,3,ITI,CS+,37,0.05405405405405406,2,24,0.08333333333333333,Global off,Safety-like
HC,25,21,2,1,1,ITI,ITI,37,0.05405405405405406,2,24,0.08333333333333333,Global off,Global off
HC,25,32,2,1,4,CS-,CS+,37,0.05405405405405406,2,24,0.08333333333333333,Global off,Global on
HC,27,1,2,4,1,CS+,CS+,37,0.05405405405405406,2,24,0.08333333333333333,Global on,Global off
HC,27,20,2,4,3,ITI,ITI,37,0.05405405405405406,2,24,0.08333333333333333,Global on,Safety-like
HC,27,29,2,4,2,ITI,ITI,37,0.05405405405405406,2,24,0.08333333333333333,Global on,Threat-like
HC,4,16,5,3,4,ITI,ITI,94,0.05319148936170213,4,24,0.16666666666666666,Safety-like,Global on
HC,4,28,5,3,4,ITI,CS-,94,0.05319148936170213,5,24,0.20833333333333334,Safety-like,Global on
HC,29,20,5,2,3,CS+,ITI,94,0.05319148936170213,4,24,0.16666666666666666,Threat-like,Safety-like
HC,1,4,10,1,3,ITI,ITI,192,0.052083333333333336,10,24,0.4166666666666667,Global off,Safety-like
HC,1,9,10,1,1,ITI,ITI,192,0.052083333333333336,6,24,0.25,Global off,Global off
HC,8,5,3,3,1,ITI,CS-,58,0.05172413793103448,2,24,0.08333333333333333,Safety-like,Global off
HC,12,8,3,3,3,ITI,CS+,58,0.05172413793103448,3,24,0.125,Safety-like,Safety-like
HC,12,16,3,3,4,CS+,CS+,58,0.05172413793103448,2,24,0.08333333333333333,Safety-like,Global on
HC,12,28,3,3,4,CS-,ITI,58,0.05172413793103448,3,24,0.125,Safety-like,Global on
HC,12,29,3,3,2,CS-,ITI,58,0.05172413793103448,3,24,0.125,Safety-like,Threat-like
HC,12,32,3,3,4,CS+,ITI,58,0.05172413793103448,3,24,0.125,Safety-like,Global on
HC,24,4,3,4,3,ITI,CS+,58,0.05172413793103448,3,24,0.125,Global on,Safety-like
HC,24,12,3,4,3,ITI,CS+,58,0.05172413793103448,3,24,0.125,Global on,Safety-like
HC,24,17,3,4,1,ITI,ITI,58,0.05172413793103448,2,24,0.08333333333333333,Global on,Global off
HC,24,29,3,4,2,ITI,CS+,58,0.05172413793103448,2,24,0.08333333333333333,Global on,Threat-like
HC,19,18,4,3,3,CS+,CS+,78,0.05128205128205128,3,24,0.125,Safety-like,Safety-like
HC,19,30,4,3,4,ITI,ITI,78,0.05128205128205128,2,24,0.08333333333333333,Safety-like,Global on
HC,14,16,4,2,4,CS-,ITI,80,0.05,4,24,0.16666666666666666,Threat-like,Global on
HC,13,29,6,2,2,CS-,CS+,121,0.049586776859504134,6,24,0.25,Threat-like,Threat-like
HC,13,31,6,2,4,ITI,CS-,121,0.049586776859504134,4,24,0.16666666666666666,Threat-like,Global on
HC,20,2,6,3,1,ITI,CS-,122,0.04918032786885246,6,24,0.25,Safety-like,Global off
HC,20,24,6,3,4,ITI,ITI,122,0.04918032786885246,5,24,0.20833333333333334,Safety-like,Global on
HC,32,20,10,4,3,ITI,ITI,205,0.04878048780487805,8,24,0.3333333333333333,Global on,Safety-like
HC,18,21,3,3,1,ITI,ITI,62,0.04838709677419355,2,24,0.08333333333333333,Safety-like,Global off
HC,18,28,3,3,4,ITI,ITI,62,0.04838709677419355,3,24,0.125,Safety-like,Global on
HC,18,30,3,3,4,ITI,ITI,62,0.04838709677419355,3,24,0.125,Safety-like,Global on
HC,18,31,3,3,4,ITI,ITI,62,0.04838709677419355,3,24,0.125,Safety-like,Global on
HC,2,5,6,1,1,CS+,ITI,126,0.047619047619047616,5,24,0.20833333333333334,Global off,Global off
HC,2,8,6,1,3,CS-,ITI,126,0.047619047619047616,5,24,0.20833333333333334,Global off,Safety-like
HC,2,31,6,1,4,CS-,ITI,126,0.047619047619047616,6,24,0.25,Global off,Global on
HC,1,20,9,1,3,ITI,ITI,192,0.046875,8,24,0.3333333333333333,Global off,Safety-like
HC,28,10,4,4,1,CS-,CS+,87,0.04597701149425287,4,24,0.16666666666666666,Global on,Global off
HC,28,29,4,4,2,CS-,ITI,87,0.04597701149425287,2,24,0.08333333333333333,Global on,Threat-like
HC,16,9,4,4,1,CS-,ITI,88,0.045454545454545456,4,24,0.16666666666666666,Global on,Global off
HC,16,14,4,4,2,CS-,CS-,88,0.045454545454545456,4,24,0.16666666666666666,Global on,Threat-like
HC,21,5,3,1,1,CS-,ITI,66,0.045454545454545456,3,24,0.125,Global off,Global off
HC,21,16,3,1,4,CS+,CS+,66,0.045454545454545456,2,24,0.08333333333333333,Global off,Global on
HC,17,18,5,1,3,ITI,ITI,111,0.04504504504504504,4,24,0.16666666666666666,Global off,Safety-like
HC,17,23,5,1,4,ITI,ITI,111,0.04504504504504504,4,24,0.16666666666666666,Global off,Global on
HC,31,16,5,4,4,CS-,CS-,112,0.044642857142857144,4,24,0.16666666666666666,Global on,Global on
HC,31,17,5,4,1,ITI,ITI,112,0.044642857142857144,5,24,0.20833333333333334,Global on,Global off
HC,31,27,5,4,4,ITI,ITI,112,0.044642857142857144,4,24,0.16666666666666666,Global on,Global on
HC,32,1,9,4,1,CS+,ITI,205,0.04390243902439024,7,24,0.2916666666666667,Global on,Global off
HC,32,17,9,4,1,CS+,ITI,205,0.04390243902439024,6,24,0.25,Global on,Global off
HC,9,4,3,1,3,ITI,CS+,70,0.04285714285714286,3,24,0.125,Global off,Safety-like
HC,9,15,3,1,2,ITI,ITI,70,0.04285714285714286,3,24,0.125,Global off,Threat-like
HC,9,16,3,1,4,ITI,CS+,70,0.04285714285714286,3,24,0.125,Global off,Global on
HC,9,32,3,1,4,ITI,ITI,70,0.04285714285714286,3,24,0.125,Global off,Global on
HC,4,8,4,3,3,CS+,CS+,94,0.0425531914893617,4,24,0.16666666666666666,Safety-like,Safety-like
HC,4,20,4,3,3,ITI,ITI,94,0.0425531914893617,4,24,0.16666666666666666,Safety-like,Safety-like
HC,4,31,4,3,4,ITI,ITI,94,0.0425531914893617,3,24,0.125,Safety-like,Global on
HC,29,14,4,2,2,ITI,CS+,94,0.0425531914893617,4,24,0.16666666666666666,Threat-like,Threat-like
HC,29,26,4,2,4,ITI,ITI,94,0.0425531914893617,3,24,0.125,Threat-like,Global on
HC,29,31,4,2,4,CS+,CS+,94,0.0425531914893617,4,24,0.16666666666666666,Threat-like,Global on
HC,1,6,8,1,1,ITI,ITI,192,0.041666666666666664,6,24,0.25,Global off,Global off
HC,1,10,8,1,1,ITI,ITI,192,0.041666666666666664,8,24,0.3333333333333333,Global off,Global off
HC,1,21,8,1,1,CS-,ITI,192,0.041666666666666664,5,24,0.20833333333333334,Global off,Global off
HC,1,29,8,1,2,ITI,ITI,192,0.041666666666666664,5,24,0.20833333333333334,Global off,Threat-like
HC,1,31,8,1,4,ITI,CS-,192,0.041666666666666664,6,24,0.25,Global off,Global on
HC,10,8,3,1,3,CS-,CS-,72,0.041666666666666664,3,24,0.125,Global off,Safety-like
HC,10,13,3,1,2,CS-,CS-,72,0.041666666666666664,3,24,0.125,Global off,Threat-like
HC,10,17,3,1,1,ITI,ITI,72,0.041666666666666664,3,24,0.125,Global off,Global off
HC,10,20,3,1,3,CS+,ITI,72,0.041666666666666664,3,24,0.125,Global off,Safety-like
HC,10,21,3,1,1,CS+,CS+,72,0.041666666666666664,2,24,0.08333333333333333,Global off,Global off
HC,13,10,5,2,1,ITI,ITI,121,0.04132231404958678,5,24,0.20833333333333334,Threat-like,Global off
HC,13,32,5,2,4,ITI,ITI,121,0.04132231404958678,4,24,0.16666666666666666,Threat-like,Global on
HC,5,8,3,1,3,ITI,ITI,73,0.0410958904109589,3,24,0.125,Global off,Safety-like
HC,5,10,3,1,1,CS+,ITI,73,0.0410958904109589,3,24,0.125,Global off,Global off
HC,5,21,3,1,1,ITI,ITI,73,0.0410958904109589,3,24,0.125,Global off,Global off
HC,20,4,5,3,3,ITI,ITI,122,0.040983606557377046,5,24,0.20833333333333334,Safety-like,Safety-like
HC,20,17,5,3,1,ITI,ITI,122,0.040983606557377046,4,24,0.16666666666666666,Safety-like,Global off
HC,20,18,5,3,3,CS+,ITI,122,0.040983606557377046,4,24,0.16666666666666666,Safety-like,Safety-like
HC,20,31,5,3,4,ITI,ITI,122,0.040983606557377046,5,24,0.20833333333333334,Safety-like,Global on
HC,15,3,2,2,1,ITI,CS-,49,0.04081632653061224,2,24,0.08333333333333333,Threat-like,Global off
HC,15,10,2,2,1,CS-,CS-,49,0.04081632653061224,2,24,0.08333333333333333,Threat-like,Global off
HC,15,16,2,2,4,ITI,CS-,49,0.04081632653061224,2,24,0.08333333333333333,Threat-like,Global on
HC,30,10,2,4,1,CS-,CS-,50,0.04,2,24,0.08333333333333333,Global on,Global off
HC,30,13,2,4,2,CS+,CS+,50,0.04,2,24,0.08333333333333333,Global on,Threat-like
HC,30,14,2,4,2,CS+,CS+,50,0.04,2,24,0.08333333333333333,Global on,Threat-like
HC,30,26,2,4,4,ITI,ITI,50,0.04,2,24,0.08333333333333333,Global on,Global on
HC,22,1,1,4,1,ITI,ITI,25,0.04,1,24,0.041666666666666664,Global on,Global off
HC,22,4,1,4,3,ITI,CS-,25,0.04,1,24,0.041666666666666664,Global on,Safety-like
HC,22,17,1,4,1,ITI,CS+,25,0.04,1,24,0.041666666666666664,Global on,Global off
HC,22,18,1,4,3,ITI,CS+,25,0.04,1,24,0.041666666666666664,Global on,Safety-like
HC,22,19,1,4,3,ITI,ITI,25,0.04,1,24,0.041666666666666664,Global on,Safety-like
HC,22,30,1,4,4,ITI,ITI,25,0.04,1,24,0.041666666666666664,Global on,Global on
HC,22,31,1,4,4,ITI,ITI,25,0.04,1,24,0.041666666666666664,Global on,Global on
HC,2,3,5,1,1,ITI,ITI,126,0.03968253968253968,4,24,0.16666666666666666,Global off,Global off
HC,2,15,5,1,2,ITI,ITI,126,0.03968253968253968,5,24,0.20833333333333334,Global off,Threat-like
HC,2,29,5,1,2,ITI,ITI,126,0.03968253968253968,4,24,0.16666666666666666,Global off,Threat-like
HC,23,3,2,4,1,CS-,CS-,51,0.0392156862745098,2,24,0.08333333333333333,Global on,Global off
HC,23,7,2,4,1,ITI,CS-,51,0.0392156862745098,2,24,0.08333333333333333,Global on,Global off
HC,23,13,2,4,2,ITI,CS-,51,0.0392156862745098,2,24,0.08333333333333333,Global on,Threat-like
HC,23,14,2,4,2,ITI,CS+,51,0.0392156862745098,2,24,0.08333333333333333,Global on,Threat-like
HC,23,15,2,4,2,CS+,CS+,51,0.0392156862745098,2,24,0.08333333333333333,Global on,Threat-like
HC,23,19,2,4,3,CS+,ITI,51,0.0392156862745098,2,24,0.08333333333333333,Global on,Safety-like
HC,23,21,2,4,1,ITI,ITI,51,0.0392156862745098,2,24,0.08333333333333333,Global on,Global off
HC,23,24,2,4,4,ITI,ITI,51,0.0392156862745098,1,24,0.041666666666666664,Global on,Global on
HC,23,29,2,4,2,CS+,CS+,51,0.0392156862745098,1,24,0.041666666666666664,Global on,Threat-like
HC,32,18,8,4,3,ITI,CS+,205,0.03902439024390244,7,24,0.2916666666666667,Global on,Safety-like
HC,32,24,8,4,4,CS-,CS-,205,0.03902439024390244,6,24,0.25,Global on,Global on
HC,19,8,3,3,3,ITI,CS-,78,0.038461538461538464,3,24,0.125,Safety-like,Safety-like
HC,19,29,3,3,2,ITI,ITI,78,0.038461538461538464,2,24,0.08333333333333333,Safety-like,Threat-like
HC,3,5,2,1,1,CS-,CS+,52,0.038461538461538464,2,24,0.08333333333333333,Global off,Global off
HC,3,16,2,1,4,CS-,CS+,52,0.038461538461538464,2,24,0.08333333333333333,Global off,Global on
HC,3,28,2,1,4,CS+,CS-,52,0.038461538461538464,2,24,0.08333333333333333,Global off,Global on
HC,3,29,2,1,2,ITI,ITI,52,0.038461538461538464,1,24,0.041666666666666664,Global off,Threat-like
HC,14,3,3,2,1,CS+,CS+,80,0.0375,2,24,0.08333333333333333,Threat-like,Global off
HC,14,5,3,2,1,CS+,CS+,80,0.0375,3,24,0.125,Threat-like,Global off
HC,14,9,3,2,1,ITI,ITI,80,0.0375,3,24,0.125,Threat-like,Global off
HC,14,15,3,2,2,ITI,ITI,80,0.0375,3,24,0.125,Threat-like,Threat-like
HC,14,26,3,2,4,CS+,ITI,80,0.0375,2,24,0.08333333333333333,Threat-like,Global on
HC,1,3,7,1,1,ITI,ITI,192,0.036458333333333336,5,24,0.20833333333333334,Global off,Global off
HC,1,5,7,1,1,ITI,ITI,192,0.036458333333333336,7,24,0.2916666666666667,Global off,Global off
HC,17,2,4,1,1,ITI,CS-,111,0.036036036036036036,4,24,0.16666666666666666,Global off,Global off
HC,17,10,4,1,1,ITI,ITI,111,0.036036036036036036,4,24,0.16666666666666666,Global off,Global off
HC,31,2,4,4,1,ITI,CS+,112,0.03571428571428571,3,24,0.125,Global on,Global off
HC,31,3,4,4,1,CS-,CS-,112,0.03571428571428571,3,24,0.125,Global on,Global off
HC,31,13,4,4,2,CS+,CS+,112,0.03571428571428571,3,24,0.125,Global on,Threat-like
HC,31,14,4,4,2,ITI,CS+,112,0.03571428571428571,4,24,0.16666666666666666,Global on,Threat-like
HC,31,19,4,4,3,CS+,ITI,112,0.03571428571428571,4,24,0.16666666666666666,Global on,Safety-like
HC,31,30,4,4,4,CS-,ITI,112,0.03571428571428571,3,24,0.125,Global on,Global on
HC,28,1,3,4,1,CS+,CS+,87,0.034482758620689655,3,24,0.125,Global on,Global off
HC,28,4,3,4,3,ITI,ITI,87,0.034482758620689655,3,24,0.125,Global on,Safety-like
HC,8,12,2,3,3,CS+,CS+,58,0.034482758620689655,2,24,0.08333333333333333,Safety-like,Safety-like
HC,8,15,2,3,2,CS-,CS-,58,0.034482758620689655,2,24,0.08333333333333333,Safety-like,Threat-like
HC,8,18,2,3,3,CS+,CS+,58,0.034482758620689655,2,24,0.08333333333333333,Safety-like,Safety-like
HC,8,20,2,3,3,CS+,ITI,58,0.034482758620689655,2,24,0.08333333333333333,Safety-like,Safety-like
HC,8,29,2,3,2,ITI,CS-,58,0.034482758620689655,1,24,0.041666666666666664,Safety-like,Threat-like
HC,8,31,2,3,4,CS-,ITI,58,0.034482758620689655,2,24,0.08333333333333333,Safety-like,Global on
HC,12,3,2,3,1,CS-,CS-,58,0.034482758620689655,2,24,0.08333333333333333,Safety-like,Global off
HC,12,9,2,3,1,CS+,CS+,58,0.034482758620689655,2,24,0.08333333333333333,Safety-like,Global off
HC,12,13,2,3,2,CS+,CS+,58,0.034482758620689655,2,24,0.08333333333333333,Safety-like,Threat-like
HC,12,26,2,3,4,CS+,ITI,58,0.034482758620689655,2,24,0.08333333333333333,Safety-like,Global on
HC,24,10,2,4,1,CS-,CS-,58,0.034482758620689655,2,24,0.08333333333333333,Global on,Global off
HC,24,18,2,4,3,CS+,CS+,58,0.034482758620689655,2,24,0.08333333333333333,Global on,Safety-like
HC,24,19,2,4,3,CS+,ITI,58,0.034482758620689655,2,24,0.08333333333333333,Global on,Safety-like
HC,24,23,2,4,4,ITI,ITI,58,0.034482758620689655,2,24,0.08333333333333333,Global on,Global on
HC,24,31,2,4,4,CS+,CS+,58,0.034482758620689655,1,24,0.041666666666666664,Global on,Global on
HC,32,12,7,4,3,CS+,CS+,205,0.03414634146341464,7,24,0.2916666666666667,Global on,Safety-like
HC,32,19,7,4,3,ITI,ITI,205,0.03414634146341464,5,24,0.20833333333333334,Global on,Safety-like
HC,32,30,7,4,4,ITI,ITI,205,0.03414634146341464,7,24,0.2916666666666667,Global on,Global on
HC,16,10,3,4,1,ITI,ITI,88,0.03409090909090909,3,24,0.125,Global on,Global off
HC,16,23,3,4,4,CS+,ITI,88,0.03409090909090909,2,24,0.08333333333333333,Global on,Global on
HC,13,2,4,2,1,ITI,ITI,121,0.03305785123966942,4,24,0.16666666666666666,Threat-like,Global off
HC,13,9,4,2,1,ITI,CS+,121,0.03305785123966942,4,24,0.16666666666666666,Threat-like,Global off
HC,20,16,4,3,4,CS+,CS+,122,0.03278688524590164,4,24,0.16666666666666666,Safety-like,Global on
HC,20,27,4,3,4,ITI,ITI,122,0.03278688524590164,4,24,0.16666666666666666,Safety-like,Global on
HC,18,4,2,3,3,CS+,CS+,62,0.03225806451612903,2,24,0.08333333333333333,Safety-like,Safety-like
HC,18,10,2,3,1,CS+,CS+,62,0.03225806451612903,2,24,0.08333333333333333,Safety-like,Global off
HC,18,11,2,3,1,ITI,CS-,62,0.03225806451612903,2,24,0.08333333333333333,Safety-like,Global off
HC,18,24,2,3,4,CS+,CS-,62,0.03225806451612903,2,24,0.08333333333333333,Safety-like,Global on
HC,18,25,2,3,1,CS+,ITI,62,0.03225806451612903,2,24,0.08333333333333333,Safety-like,Global off
HC,18,29,2,3,2,CS+,CS+,62,0.03225806451612903,2,24,0.08333333333333333,Safety-like,Threat-like
HC,7,2,1,1,1,CS+,ITI,31,0.03225806451612903,1,24,0.041666666666666664,Global off,Global off
HC,7,6,1,1,1,ITI,ITI,31,0.03225806451612903,1,24,0.041666666666666664,Global off,Global off
HC,7,8,1,1,3,CS-,ITI,31,0.03225806451612903,1,24,0.041666666666666664,Global off,Safety-like
HC,7,9,1,1,1,CS-,CS-,31,0.03225806451612903,1,24,0.041666666666666664,Global off,Global off
HC,7,14,1,1,2,ITI,ITI,31,0.03225806451612903,1,24,0.041666666666666664,Global off,Threat-like
HC,7,15,1,1,2,CS-,CS-,31,0.03225806451612903,1,24,0.041666666666666664,Global off,Threat-like
HC,7,19,1,1,3,ITI,ITI,31,0.03225806451612903,1,24,0.041666666666666664,Global off,Safety-like
HC,7,21,1,1,1,CS-,CS-,31,0.03225806451612903,1,24,0.041666666666666664,Global off,Global off
HC,7,22,1,1,4,CS-,ITI,31,0.03225806451612903,1,24,0.041666666666666664,Global off,Global on
HC,7,24,1,1,4,ITI,ITI,31,0.03225806451612903,1,24,0.041666666666666664,Global off,Global on
HC,7,30,1,1,4,ITI,CS-,31,0.03225806451612903,1,24,0.041666666666666664,Global off,Global on
HC,4,3,3,3,1,CS+,ITI,94,0.031914893617021274,1,24,0.041666666666666664,Safety-like,Global off
HC,4,5,3,3,1,ITI,ITI,94,0.031914893617021274,3,24,0.125,Safety-like,Global off
HC,4,10,3,3,1,ITI,ITI,94,0.031914893617021274,3,24,0.125,Safety-like,Global off
HC,4,12,3,3,3,ITI,ITI,94,0.031914893617021274,3,24,0.125,Safety-like,Safety-like
HC,29,6,3,2,1,ITI,ITI,94,0.031914893617021274,3,24,0.125,Threat-like,Global off
HC,29,9,3,2,1,CS+,CS+,94,0.031914893617021274,3,24,0.125,Threat-like,Global off
HC,29,15,3,2,2,CS-,CS+,94,0.031914893617021274,3,24,0.125,Threat-like,Threat-like
HC,29,27,3,2,4,ITI,ITI,94,0.031914893617021274,3,24,0.125,Threat-like,Global on
HC,2,6,4,1,1,CS+,ITI,126,0.031746031746031744,4,24,0.16666666666666666,Global off,Global off
HC,2,7,4,1,1,CS-,ITI,126,0.031746031746031744,4,24,0.16666666666666666,Global off,Global off
HC,2,18,4,1,3,ITI,ITI,126,0.031746031746031744,3,24,0.125,Global off,Safety-like
HC,2,20,4,1,3,ITI,ITI,126,0.031746031746031744,4,24,0.16666666666666666,Global off,Safety-like
HC,2,32,4,1,4,ITI,CS-,126,0.031746031746031744,3,24,0.125,Global off,Global on
HC,6,7,1,1,1,ITI,ITI,32,0.03125,1,24,0.041666666666666664,Global off,Global off
HC,6,8,1,1,3,ITI,ITI,32,0.03125,1,24,0.041666666666666664,Global off,Safety-like
HC,6,9,1,1,1,ITI,ITI,32,0.03125,1,24,0.041666666666666664,Global off,Global off
HC,6,10,1,1,1,CS-,CS-,32,0.03125,1,24,0.041666666666666664,Global off,Global off
HC,6,11,1,1,1,ITI,CS-,32,0.03125,1,24,0.041666666666666664,Global off,Global off
HC,6,15,1,1,2,ITI,CS+,32,0.03125,1,24,0.041666666666666664,Global off,Threat-like
HC,6,16,1,1,4,ITI,ITI,32,0.03125,1,24,0.041666666666666664,Global off,Global on
HC,6,17,1,1,1,CS+,CS+,32,0.03125,1,24,0.041666666666666664,Global off,Global off
HC,6,18,1,1,3,CS+,CS+,32,0.03125,1,24,0.041666666666666664,Global off,Safety-like
HC,6,22,1,1,4,ITI,ITI,32,0.03125,1,24,0.041666666666666664,Global off,Global on
HC,6,24,1,1,4,ITI,ITI,32,0.03125,1,24,0.041666666666666664,Global off,Global on
HC,21,4,2,1,3,CS+,CS+,66,0.030303030303030304,1,24,0.041666666666666664,Global off,Safety-like
HC,21,6,2,1,1,CS-,ITI,66,0.030303030303030304,2,24,0.08333333333333333,Global off,Global off
HC,21,8,2,1,3,CS+,CS-,66,0.030303030303030304,2,24,0.08333333333333333,Global off,Safety-like
HC,21,12,2,1,3,ITI,ITI,66,0.030303030303030304,2,24,0.08333333333333333,Global off,Safety-like
HC,21,19,2,1,3,CS-,ITI,66,0.030303030303030304,2,24,0.08333333333333333,Global off,Safety-like
HC,21,22,2,1,4,ITI,ITI,66,0.030303030303030304,2,24,0.08333333333333333,Global off,Global on
HC,21,28,2,1,4,ITI,ITI,66,0.030303030303030304,2,24,0.08333333333333333,Global off,Global on
HC,26,4,1,4,3,CS+,CS+,33,0.030303030303030304,1,24,0.041666666666666664,Global on,Safety-like
HC,26,8,1,4,3,ITI,CS+,33,0.030303030303030304,1,24,0.041666666666666664,Global on,Safety-like
HC,26,9,1,4,1,CS-,ITI,33,0.030303030303030304,1,24,0.041666666666666664,Global on,Global off
HC,26,14,1,4,2,CS-,CS-,33,0.030303030303030304,1,24,0.041666666666666664,Global on,Threat-like
HC,26,21,1,4,1,ITI,ITI,33,0.030303030303030304,1,24,0.041666666666666664,Global on,Global off
HC,26,29,1,4,2,ITI,ITI,33,0.030303030303030304,1,24,0.041666666666666664,Global on,Threat-like
HC,32,9,6,4,1,CS+,ITI,205,0.02926829268292683,6,24,0.25,Global on,Global off
HC,32,14,6,4,2,CS-,ITI,205,0.02926829268292683,6,24,0.25,Global on,Threat-like
HC,9,5,2,1,1,CS+,CS-,70,0.02857142857142857,2,24,0.08333333333333333,Global off,Global off
HC,9,6,2,1,1,CS-,ITI,70,0.02857142857142857,2,24,0.08333333333333333,Global off,Global off
HC,9,25,2,1,1,ITI,ITI,70,0.02857142857142857,2,24,0.08333333333333333,Global off,Global off
HC,9,29,2,1,2,ITI,CS+,70,0.02857142857142857,2,24,0.08333333333333333,Global off,Threat-like
HC,9,30,2,1,4,ITI,CS+,70,0.02857142857142857,2,24,0.08333333333333333,Global off,Global on
HC,10,5,2,1,1,CS-,CS-,72,0.027777777777777776,2,24,0.08333333333333333,Global off,Global off
HC,10,7,2,1,1,CS-,CS-,72,0.027777777777777776,2,24,0.08333333333333333,Global off,Global off
HC,10,18,2,1,3,CS+,ITI,72,0.027777777777777776,2,24,0.08333333333333333,Global off,Safety-like
HC,10,19,2,1,3,CS-,CS-,72,0.027777777777777776,2,24,0.08333333333333333,Global off,Safety-like
HC,10,28,2,1,4,ITI,CS+,72,0.027777777777777776,2,24,0.08333333333333333,Global off,Global on
HC,5,4,2,1,3,CS+,CS-,73,0.0273972602739726,2,24,0.08333333333333333,Global off,Safety-like
HC,5,6,2,1,1,CS-,ITI,73,0.0273972602739726,2,24,0.08333333333333333,Global off,Global off
HC,5,18,2,1,3,CS+,CS-,73,0.0273972602739726,2,24,0.08333333333333333,Global off,Safety-like
HC,5,32,2,1,4,CS+,CS+,73,0.0273972602739726,2,24,0.08333333333333333,Global off,Global on
HC,17,3,3,1,1,CS+,ITI,111,0.02702702702702703,3,24,0.125,Global off,Global off
HC,17,22,3,1,4,ITI,ITI,111,0.02702702702702703,3,24,0.125,Global off,Global on
HC,17,30,3,1,4,ITI,ITI,111,0.02702702702702703,3,24,0.125,Global off,Global on
HC,17,31,3,1,4,CS-,CS-,111,0.02702702702702703,3,24,0.125,Global off,Global on
HC,25,2,1,1,1,ITI,ITI,37,0.02702702702702703,1,24,0.041666666666666664,Global off,Global off
HC,25,5,1,1,1,ITI,ITI,37,0.02702702702702703,1,24,0.041666666666666664,Global off,Global off
HC,25,7,1,1,1,ITI,ITI,37,0.02702702702702703,1,24,0.041666666666666664,Global off,Global off
HC,25,9,1,1,1,ITI,ITI,37,0.02702702702702703,1,24,0.041666666666666664,Global off,Global off
HC,25,12,1,1,3,CS-,ITI,37,0.02702702702702703,1,24,0.041666666666666664,Global off,Safety-like
HC,25,15,1,1,2,ITI,CS+,37,0.02702702702702703,1,24,0.041666666666666664,Global off,Threat-like
HC,25,19,1,1,3,ITI,ITI,37,0.02702702702702703,1,24,0.041666666666666664,Global off,Safety-like
HC,25,24,1,1,4,CS-,ITI,37,0.02702702702702703,1,24,0.041666666666666664,Global off,Global on
HC,25,26,1,1,4,ITI,ITI,37,0.02702702702702703,1,24,0.041666666666666664,Global off,Global on
HC,25,27,1,1,4,CS-,CS-,37,0.02702702702702703,1,24,0.041666666666666664,Global off,Global on
HC,25,31,1,1,4,CS-,ITI,37,0.02702702702702703,1,24,0.041666666666666664,Global off,Global on
HC,27,4,1,4,3,CS-,CS-,37,0.02702702702702703,1,24,0.041666666666666664,Global on,Safety-like
HC,27,11,1,4,1,CS+,CS+,37,0.02702702702702703,1,24,0.041666666666666664,Global on,Global off
HC,27,14,1,4,2,ITI,ITI,37,0.02702702702702703,1,24,0.041666666666666664,Global on,Threat-like
HC,27,15,1,4,2,CS-,ITI,37,0.02702702702702703,1,24,0.041666666666666664,Global on,Threat-like
HC,27,16,1,4,4,ITI,CS-,37,0.02702702702702703,1,24,0.041666666666666664,Global on,Global on
HC,27,17,1,4,1,ITI,ITI,37,0.02702702702702703,1,24,0.041666666666666664,Global on,Global off
HC,27,23,1,4,4,ITI,CS+,37,0.02702702702702703,1,24,0.041666666666666664,Global on,Global on
HC,27,26,1,4,4,CS+,CS+,37,0.02702702702702703,1,24,0.041666666666666664,Global on,Global on
HC,31,1,3,4,1,CS+,CS+,112,0.026785714285714284,3,24,0.125,Global on,Global off
HC,31,7,3,4,1,ITI,CS-,112,0.026785714285714284,3,24,0.125,Global on,Global off
HC,31,9,3,4,1,CS-,CS-,112,0.026785714285714284,3,24,0.125,Global on,Global off
HC,1,8,5,1,3,ITI,ITI,192,0.026041666666666668,4,24,0.16666666666666666,Global off,Safety-like
HC,1,24,5,1,4,ITI,ITI,192,0.026041666666666668,5,24,0.20833333333333334,Global off,Global on
HC,19,14,2,3,2,ITI,CS+,78,0.02564102564102564,1,24,0.041666666666666664,Safety-like,Threat-like
HC,19,24,2,3,4,ITI,CS-,78,0.02564102564102564,2,24,0.08333333333333333,Safety-like,Global on
HC,19,31,2,3,4,ITI,CS-,78,0.02564102564102564,2,24,0.08333333333333333,Safety-like,Global on
HC,14,2,2,2,1,CS+,ITI,80,0.025,2,24,0.08333333333333333,Threat-like,Global off
HC,14,4,2,2,3,CS-,CS-,80,0.025,2,24,0.08333333333333333,Threat-like,Safety-like
HC,14,23,2,2,4,CS+,CS+,80,0.025,2,24,0.08333333333333333,Threat-like,Global on
HC,14,28,2,2,4,CS-,CS-,80,0.025,2,24,0.08333333333333333,Threat-like,Global on
HC,14,30,2,2,4,CS+,CS+,80,0.025,2,24,0.08333333333333333,Threat-like,Global on
HC,13,8,3,2,3,ITI,CS+,121,0.024793388429752067,3,24,0.125,Threat-like,Safety-like
HC,13,22,3,2,4,ITI,ITI,121,0.024793388429752067,3,24,0.125,Threat-like,Global on
HC,20,5,3,3,1,ITI,ITI,122,0.02459016393442623,3,24,0.125,Safety-like,Global off
HC,20,12,3,3,3,ITI,ITI,122,0.02459016393442623,3,24,0.125,Safety-like,Safety-like
HC,20,26,3,3,4,ITI,ITI,122,0.02459016393442623,3,24,0.125,Safety-like,Global on
HC,20,29,3,3,2,ITI,ITI,122,0.02459016393442623,2,24,0.08333333333333333,Safety-like,Threat-like
HC,32,3,5,4,1,CS+,CS-,205,0.024390243902439025,4,24,0.16666666666666666,Global on,Global off
HC,32,5,5,4,1,ITI,ITI,205,0.024390243902439025,4,24,0.16666666666666666,Global on,Global off
HC,32,11,5,4,1,ITI,CS+,205,0.024390243902439025,5,24,0.20833333333333334,Global on,Global off
HC,32,25,5,4,1,ITI,ITI,205,0.024390243902439025,4,24,0.16666666666666666,Global on,Global off
HC,32,27,5,4,4,CS-,ITI,205,0.024390243902439025,4,24,0.16666666666666666,Global on,Global on
HC,2,12,3,1,3,CS-,ITI,126,0.023809523809523808,3,24,0.125,Global off,Safety-like
HC,2,19,3,1,3,ITI,ITI,126,0.023809523809523808,3,24,0.125,Global off,Safety-like
HC,2,24,3,1,4,CS-,CS-,126,0.023809523809523808,3,24,0.125,Global off,Global on
HC,28,5,2,4,1,CS-,ITI,87,0.022988505747126436,2,24,0.08333333333333333,Global on,Global off
HC,28,9,2,4,1,CS-,CS-,87,0.022988505747126436,2,24,0.08333333333333333,Global on,Global off
HC,28,13,2,4,2,ITI,CS-,87,0.022988505747126436,2,24,0.08333333333333333,Global on,Threat-like
HC,28,16,2,4,4,CS-,CS+,87,0.022988505747126436,2,24,0.08333333333333333,Global on,Global on
HC,28,18,2,4,3,CS+,ITI,87,0.022988505747126436,2,24,0.08333333333333333,Global on,Safety-like
HC,28,19,2,4,3,CS+,CS+,87,0.022988505747126436,2,24,0.08333333333333333,Global on,Safety-like
HC,28,26,2,4,4,ITI,CS+,87,0.022988505747126436,2,24,0.08333333333333333,Global on,Global on
HC,16,2,2,4,1,CS+,CS+,88,0.022727272727272728,2,24,0.08333333333333333,Global on,Global off
HC,16,7,2,4,1,CS+,CS+,88,0.022727272727272728,1,24,0.041666666666666664,Global on,Global off
HC,16,15,2,4,2,CS+,CS+,88,0.022727272727272728,2,24,0.08333333333333333,Global on,Threat-like
HC,16,19,2,4,3,CS+,CS+,88,0.022727272727272728,2,24,0.08333333333333333,Global on,Safety-like
HC,16,25,2,4,1,CS-,CS-,88,0.022727272727272728,2,24,0.08333333333333333,Global on,Global off
HC,16,28,2,4,4,CS+,CS+,88,0.022727272727272728,2,24,0.08333333333333333,Global on,Global on
HC,16,30,2,4,4,CS+,CS+,88,0.022727272727272728,2,24,0.08333333333333333,Global on,Global on
HC,4,6,2,3,1,CS+,ITI,94,0.02127659574468085,2,24,0.08333333333333333,Safety-like,Global off
HC,4,7,2,3,1,CS+,CS+,94,0.02127659574468085,2,24,0.08333333333333333,Safety-like,Global off
HC,4,13,2,3,2,ITI,CS+,94,0.02127659574468085,2,24,0.08333333333333333,Safety-like,Threat-like
HC,4,14,2,3,2,CS+,CS-,94,0.02127659574468085,2,24,0.08333333333333333,Safety-like,Threat-like
HC,4,21,2,3,1,CS+,CS-,94,0.02127659574468085,1,24,0.041666666666666664,Safety-like,Global off
HC,4,23,2,3,4,CS-,ITI,94,0.02127659574468085,2,24,0.08333333333333333,Safety-like,Global on
HC,4,24,2,3,4,CS+,ITI,94,0.02127659574468085,2,24,0.08333333333333333,Safety-like,Global on
HC,4,30,2,3,4,CS+,ITI,94,0.02127659574468085,2,24,0.08333333333333333,Safety-like,Global on
HC,29,2,2,2,1,CS+,ITI,94,0.02127659574468085,2,24,0.08333333333333333,Threat-like,Global off
HC,29,3,2,2,1,CS+,CS+,94,0.02127659574468085,1,24,0.041666666666666664,Threat-like,Global off
HC,29,4,2,2,3,CS-,CS-,94,0.02127659574468085,2,24,0.08333333333333333,Threat-like,Safety-like
HC,29,5,2,2,1,CS+,ITI,94,0.02127659574468085,2,24,0.08333333333333333,Threat-like,Global off
HC,29,8,2,2,3,CS-,CS-,94,0.02127659574468085,2,24,0.08333333333333333,Threat-like,Safety-like
HC,29,10,2,2,1,CS+,CS+,94,0.02127659574468085,2,24,0.08333333333333333,Threat-like,Global off
HC,29,18,2,2,3,CS+,CS-,94,0.02127659574468085,2,24,0.08333333333333333,Threat-like,Safety-like
HC,29,28,2,2,4,ITI,ITI,94,0.02127659574468085,2,24,0.08333333333333333,Threat-like,Global on
HC,29,30,2,2,4,CS+,CS+,94,0.02127659574468085,2,24,0.08333333333333333,Threat-like,Global on
HC,1,14,4,1,2,CS-,CS-,192,0.020833333333333332,3,24,0.125,Global off,Threat-like
HC,1,15,4,1,2,ITI,ITI,192,0.020833333333333332,4,24,0.16666666666666666,Global off,Threat-like
HC,1,18,4,1,3,ITI,ITI,192,0.020833333333333332,4,24,0.16666666666666666,Global off,Safety-like
HC,1,19,4,1,3,ITI,ITI,192,0.020833333333333332,3,24,0.125,Global off,Safety-like
HC,1,27,4,1,4,ITI,ITI,192,0.020833333333333332,4,24,0.16666666666666666,Global off,Global on
HC,15,2,1,2,1,CS+,CS+,49,0.02040816326530612,1,24,0.041666666666666664,Threat-like,Global off
HC,15,4,1,2,3,CS-,ITI,49,0.02040816326530612,1,24,0.041666666666666664,Threat-like,Safety-like
HC,15,11,1,2,1,CS+,CS+,49,0.02040816326530612,1,24,0.041666666666666664,Threat-like,Global off
HC,15,12,1,2,3,CS+,ITI,49,0.02040816326530612,1,24,0.041666666666666664,Threat-like,Safety-like
HC,15,17,1,2,1,CS+,CS+,49,0.02040816326530612,1,24,0.041666666666666664,Threat-like,Global off
HC,15,18,1,2,3,CS-,CS-,49,0.02040816326530612,1,24,0.041666666666666664,Threat-like,Safety-like
HC,15,19,1,2,3,CS+,ITI,49,0.02040816326530612,1,24,0.041666666666666664,Threat-like,Safety-like
HC,15,20,1,2,3,CS-,ITI,49,0.02040816326530612,1,24,0.041666666666666664,Threat-like,Safety-like
HC,15,21,1,2,1,CS+,CS+,49,0.02040816326530612,1,24,0.041666666666666664,Threat-like,Global off
HC,15,23,1,2,4,ITI,ITI,49,0.02040816326530612,1,24,0.041666666666666664,Threat-like,Global on
HC,15,24,1,2,4,CS+,ITI,49,0.02040816326530612,1,24,0.041666666666666664,Threat-like,Global on
HC,15,29,1,2,2,CS-,CS-,49,0.02040816326530612,1,24,0.041666666666666664,Threat-like,Threat-like
HC,30,3,1,4,1,CS-,ITI,50,0.02,1,24,0.041666666666666664,Global on,Global off
HC,30,4,1,4,3,ITI,ITI,50,0.02,1,24,0.041666666666666664,Global on,Safety-like
HC,30,8,1,4,3,ITI,CS-,50,0.02,1,24,0.041666666666666664,Global on,Safety-like
HC,30,12,1,4,3,ITI,CS-,50,0.02,1,24,0.041666666666666664,Global on,Safety-like
HC,30,15,1,4,2,ITI,CS+,50,0.02,1,24,0.041666666666666664,Global on,Threat-like
HC,30,18,1,4,3,CS+,CS+,50,0.02,1,24,0.041666666666666664,Global on,Safety-like
HC,30,19,1,4,3,ITI,ITI,50,0.02,1,24,0.041666666666666664,Global on,Safety-like
HC,30,21,1,4,1,CS+,CS+,50,0.02,1,24,0.041666666666666664,Global on,Global off
HC,30,22,1,4,4,ITI,CS-,50,0.02,1,24,0.041666666666666664,Global on,Global on
HC,30,23,1,4,4,ITI,ITI,50,0.02,1,24,0.041666666666666664,Global on,Global on
HC,30,24,1,4,4,ITI,ITI,50,0.02,1,24,0.041666666666666664,Global on,Global on
HC,23,4,1,4,3,CS+,CS+,51,0.0196078431372549,1,24,0.041666666666666664,Global on,Safety-like
HC,23,5,1,4,1,CS+,CS+,51,0.0196078431372549,1,24,0.041666666666666664,Global on,Global off
HC,23,8,1,4,3,CS-,CS-,51,0.0196078431372549,1,24,0.041666666666666664,Global on,Safety-like
HC,23,12,1,4,3,CS+,ITI,51,0.0196078431372549,1,24,0.041666666666666664,Global on,Safety-like
HC,23,17,1,4,1,ITI,CS-,51,0.0196078431372549,1,24,0.041666666666666664,Global on,Global off
HC,23,27,1,4,4,CS+,CS+,51,0.0196078431372549,1,24,0.041666666666666664,Global on,Global on
HC,23,28,1,4,4,CS-,CS-,51,0.0196078431372549,1,24,0.041666666666666664,Global on,Global on
HC,32,10,4,4,1,ITI,ITI,205,0.01951219512195122,4,24,0.16666666666666666,Global on,Global off
HC,3,8,1,1,3,CS-,ITI,52,0.019230769230769232,1,24,0.041666666666666664,Global off,Safety-like
HC,3,10,1,1,1,ITI,ITI,52,0.019230769230769232,1,24,0.041666666666666664,Global off,Global off
HC,3,13,1,1,2,CS+,CS+,52,0.019230769230769232,1,24,0.041666666666666664,Global off,Threat-like
HC,3,14,1,1,2,ITI,ITI,52,0.019230769230769232,1,24,0.041666666666666664,Global off,Threat-like
HC,3,17,1,1,1,CS-,ITI,52,0.019230769230769232,1,24,0.041666666666666664,Global off,Global off
HC,3,21,1,1,1,ITI,ITI,52,0.019230769230769232,1,24,0.041666666666666664,Global off,Global off
HC,3,22,1,1,4,CS-,CS-,52,0.019230769230769232,1,24,0.041666666666666664,Global off,Global on
HC,3,23,1,1,4,ITI,ITI,52,0.019230769230769232,1,24,0.041666666666666664,Global off,Global on
HC,3,27,1,1,4,ITI,ITI,52,0.019230769230769232,1,24,0.041666666666666664,Global off,Global on
HC,3,30,1,1,4,ITI,CS-,52,0.019230769230769232,1,24,0.041666666666666664,Global off,Global on
HC,3,31,1,1,4,ITI,CS+,52,0.019230769230769232,1,24,0.041666666666666664,Global off,Global on
HC,17,4,2,1,3,ITI,ITI,111,0.018018018018018018,2,24,0.08333333333333333,Global off,Safety-like
HC,17,5,2,1,1,ITI,CS-,111,0.018018018018018018,2,24,0.08333333333333333,Global off,Global off
HC,17,24,2,1,4,CS+,CS+,111,0.018018018018018018,2,24,0.08333333333333333,Global off,Global on
HC,17,26,2,1,4,CS-,ITI,111,0.018018018018018018,2,24,0.08333333333333333,Global off,Global on
HC,31,4,2,4,3,CS+,CS+,112,0.017857142857142856,2,24,0.08333333333333333,Global on,Safety-like
HC,31,11,2,4,1,CS+,ITI,112,0.017857142857142856,2,24,0.08333333333333333,Global on,Global off
HC,31,15,2,4,2,CS+,CS+,112,0.017857142857142856,1,24,0.041666666666666664,Global on,Threat-like
HC,31,23,2,4,4,CS+,CS+,112,0.017857142857142856,2,24,0.08333333333333333,Global on,Global on
HC,31,25,2,4,1,CS+,ITI,112,0.017857142857142856,2,24,0.08333333333333333,Global on,Global off
HC,8,3,1,3,1,CS-,ITI,58,0.017241379310344827,1,24,0.041666666666666664,Safety-like,Global off
HC,8,6,1,3,1,CS+,CS+,58,0.017241379310344827,1,24,0.041666666666666664,Safety-like,Global off
HC,8,9,1,3,1,CS-,CS-,58,0.017241379310344827,1,24,0.041666666666666664,Safety-like,Global off
HC,8,10,1,3,1,CS-,ITI,58,0.017241379310344827,1,24,0.041666666666666664,Safety-like,Global off
HC,8,13,1,3,2,ITI,ITI,58,0.017241379310344827,1,24,0.041666666666666664,Safety-like,Threat-like
HC,8,17,1,3,1,CS+,ITI,58,0.017241379310344827,1,24,0.041666666666666664,Safety-like,Global off
HC,8,19,1,3,3,CS+,CS+,58,0.017241379310344827,1,24,0.041666666666666664,Safety-like,Safety-like
HC,8,22,1,3,4,ITI,ITI,58,0.017241379310344827,1,24,0.041666666666666664,Safety-like,Global on
HC,8,23,1,3,4,ITI,ITI,58,0.017241379310344827,1,24,0.041666666666666664,Safety-like,Global on
HC,8,28,1,3,4,CS+,CS+,58,0.017241379310344827,1,24,0.041666666666666664,Safety-like,Global on
HC,12,5,1,3,1,ITI,CS+,58,0.017241379310344827,1,24,0.041666666666666664,Safety-like,Global off
HC,12,7,1,3,1,CS+,CS+,58,0.017241379310344827,1,24,0.041666666666666664,Safety-like,Global off
HC,12,14,1,3,2,ITI,CS-,58,0.017241379310344827,1,24,0.041666666666666664,Safety-like,Threat-like
HC,12,17,1,3,1,ITI,ITI,58,0.017241379310344827,1,24,0.041666666666666664,Safety-like,Global off
HC,12,18,1,3,3,ITI,CS+,58,0.017241379310344827,1,24,0.041666666666666664,Safety-like,Safety-like
HC,12,21,1,3,1,CS+,CS+,58,0.017241379310344827,1,24,0.041666666666666664,Safety-like,Global off
HC,12,23,1,3,4,CS+,ITI,58,0.017241379310344827,1,24,0.041666666666666664,Safety-like,Global on
HC,12,24,1,3,4,CS-,CS-,58,0.017241379310344827,1,24,0.041666666666666664,Safety-like,Global on
HC,12,30,1,3,4,CS+,ITI,58,0.017241379310344827,1,24,0.041666666666666664,Safety-like,Global on
HC,12,31,1,3,4,CS-,ITI,58,0.017241379310344827,1,24,0.041666666666666664,Safety-like,Global on
HC,24,2,1,4,1,ITI,ITI,58,0.017241379310344827,1,24,0.041666666666666664,Global on,Global off
HC,24,3,1,4,1,CS+,CS+,58,0.017241379310344827,1,24,0.041666666666666664,Global on,Global off
HC,24,5,1,4,1,ITI,CS-,58,0.017241379310344827,1,24,0.041666666666666664,Global on,Global off
HC,24,9,1,4,1,ITI,CS-,58,0.017241379310344827,1,24,0.041666666666666664,Global on,Global off
HC,24,14,1,4,2,ITI,ITI,58,0.017241379310344827,1,24,0.041666666666666664,Global on,Threat-like
HC,24,21,1,4,1,ITI,ITI,58,0.017241379310344827,1,24,0.041666666666666664,Global on,Global off
HC,24,22,1,4,4,CS-,CS-,58,0.017241379310344827,1,24,0.041666666666666664,Global on,Global on
HC,24,30,1,4,4,CS+,ITI,58,0.017241379310344827,1,24,0.041666666666666664,Global on,Global on
HC,13,4,2,2,3,CS+,CS-,121,0.01652892561983471,2,24,0.08333333333333333,Threat-like,Safety-like
HC,13,6,2,2,1,CS+,CS+,121,0.01652892561983471,2,24,0.08333333333333333,Threat-like,Global off
HC,13,7,2,2,1,CS+,CS+,121,0.01652892561983471,1,24,0.041666666666666664,Threat-like,Global off
HC,13,19,2,2,3,CS+,ITI,121,0.01652892561983471,1,24,0.041666666666666664,Threat-like,Safety-like
HC,13,21,2,2,1,CS-,ITI,121,0.01652892561983471,2,24,0.08333333333333333,Threat-like,Global off
HC,13,23,2,2,4,CS+,CS+,121,0.01652892561983471,2,24,0.08333333333333333,Threat-like,Global on
HC,13,25,2,2,1,CS-,CS-,121,0.01652892561983471,2,24,0.08333333333333333,Threat-like,Global off
HC,20,3,2,3,1,CS-,CS-,122,0.01639344262295082,2,24,0.08333333333333333,Safety-like,Global off
HC,20,8,2,3,3,CS-,ITI,122,0.01639344262295082,2,24,0.08333333333333333,Safety-like,Safety-like
HC,20,9,2,3,1,ITI,ITI,122,0.01639344262295082,2,24,0.08333333333333333,Safety-like,Global off
HC,20,13,2,3,2,CS-,CS-,122,0.01639344262295082,2,24,0.08333333333333333,Safety-like,Threat-like
HC,18,5,1,3,1,ITI,ITI,62,0.016129032258064516,1,24,0.041666666666666664,Safety-like,Global off
HC,18,7,1,3,1,CS-,ITI,62,0.016129032258064516,1,24,0.041666666666666664,Safety-like,Global off
HC,18,8,1,3,3,CS+,CS+,62,0.016129032258064516,1,24,0.041666666666666664,Safety-like,Safety-like
HC,18,13,1,3,2,ITI,CS-,62,0.016129032258064516,1,24,0.041666666666666664,Safety-like,Threat-like
HC,18,16,1,3,4,ITI,ITI,62,0.016129032258064516,1,24,0.041666666666666664,Safety-like,Global on
HC,18,22,1,3,4,ITI,ITI,62,0.016129032258064516,1,24,0.041666666666666664,Safety-like,Global on
HC,18,23,1,3,4,ITI,CS-,62,0.016129032258064516,1,24,0.041666666666666664,Safety-like,Global on
HC,18,26,1,3,4,CS+,ITI,62,0.016129032258064516,1,24,0.041666666666666664,Safety-like,Global on
HC,2,9,2,1,1,CS+,CS+,126,0.015873015873015872,2,24,0.08333333333333333,Global off,Global off
HC,2,10,2,1,1,CS-,ITI,126,0.015873015873015872,2,24,0.08333333333333333,Global off,Global off
HC,2,11,2,1,1,ITI,CS-,126,0.015873015873015872,2,24,0.08333333333333333,Global off,Global off
HC,2,14,2,1,2,CS+,CS+,126,0.015873015873015872,2,24,0.08333333333333333,Global off,Threat-like
HC,2,21,2,1,1,ITI,ITI,126,0.015873015873015872,2,24,0.08333333333333333,Global off,Global off
HC,2,23,2,1,4,ITI,CS-,126,0.015873015873015872,2,24,0.08333333333333333,Global off,Global on
HC,1,12,3,1,3,ITI,CS+,192,0.015625,1,24,0.041666666666666664,Global off,Safety-like
HC,1,16,3,1,4,ITI,ITI,192,0.015625,3,24,0.125,Global off,Global on
HC,1,23,3,1,4,CS-,ITI,192,0.015625,3,24,0.125,Global off,Global on
HC,1,26,3,1,4,CS+,ITI,192,0.015625,3,24,0.125,Global off,Global on
HC,1,28,3,1,4,ITI,ITI,192,0.015625,2,24,0.08333333333333333,Global off,Global on
HC,1,30,3,1,4,ITI,CS+,192,0.015625,2,24,0.08333333333333333,Global off,Global on
HC,21,3,1,1,1,CS-,CS-,66,0.015151515151515152,1,24,0.041666666666666664,Global off,Global off
HC,21,10,1,1,1,CS-,ITI,66,0.015151515151515152,1,24,0.041666666666666664,Global off,Global off
HC,21,13,1,1,2,ITI,ITI,66,0.015151515151515152,1,24,0.041666666666666664,Global off,Threat-like
HC,21,14,1,1,2,ITI,ITI,66,0.015151515151515152,1,24,0.041666666666666664,Global off,Threat-like
HC,21,15,1,1,2,CS-,CS-,66,0.015151515151515152,1,24,0.041666666666666664,Global off,Threat-like
HC,21,18,1,1,3,ITI,ITI,66,0.015151515151515152,1,24,0.041666666666666664,Global off,Safety-like
HC,21,23,1,1,4,ITI,ITI,66,0.015151515151515152,1,24,0.041666666666666664,Global off,Global on
HC,21,27,1,1,4,ITI,ITI,66,0.015151515151515152,1,24,0.041666666666666664,Global off,Global on
HC,21,30,1,1,4,ITI,ITI,66,0.015151515151515152,1,24,0.041666666666666664,Global off,Global on
HC,32,4,3,4,3,CS+,CS+,205,0.014634146341463415,3,24,0.125,Global on,Safety-like
HC,32,21,3,4,1,ITI,CS-,205,0.014634146341463415,2,24,0.08333333333333333,Global on,Global off
HC,9,3,1,1,1,CS-,CS-,70,0.014285714285714285,1,24,0.041666666666666664,Global off,Global off
HC,9,7,1,1,1,CS+,CS+,70,0.014285714285714285,1,24,0.041666666666666664,Global off,Global off
HC,9,12,1,1,3,CS-,CS-,70,0.014285714285714285,1,24,0.041666666666666664,Global off,Safety-like
HC,9,20,1,1,3,CS-,ITI,70,0.014285714285714285,1,24,0.041666666666666664,Global off,Safety-like
HC,9,21,1,1,1,ITI,ITI,70,0.014285714285714285,1,24,0.041666666666666664,Global off,Global off
HC,9,28,1,1,4,CS+,CS+,70,0.014285714285714285,1,24,0.041666666666666664,Global off,Global on
HC,10,11,1,1,1,CS+,CS+,72,0.013888888888888888,1,24,0.041666666666666664,Global off,Global off
HC,10,16,1,1,4,ITI,CS+,72,0.013888888888888888,1,24,0.041666666666666664,Global off,Global on
HC,10,24,1,1,4,ITI,ITI,72,0.013888888888888888,1,24,0.041666666666666664,Global off,Global on
HC,10,26,1,1,4,ITI,ITI,72,0.013888888888888888,1,24,0.041666666666666664,Global off,Global on
HC,10,30,1,1,4,ITI,CS-,72,0.013888888888888888,1,24,0.041666666666666664,Global off,Global on
HC,10,32,1,1,4,ITI,CS-,72,0.013888888888888888,1,24,0.041666666666666664,Global off,Global on
HC,5,3,1,1,1,CS+,CS+,73,0.0136986301369863,1,24,0.041666666666666664,Global off,Global off
HC,5,15,1,1,2,ITI,CS+,73,0.0136986301369863,1,24,0.041666666666666664,Global off,Threat-like
HC,5,19,1,1,3,ITI,ITI,73,0.0136986301369863,1,24,0.041666666666666664,Global off,Safety-like
HC,5,24,1,1,4,ITI,CS+,73,0.0136986301369863,1,24,0.041666666666666664,Global off,Global on
HC,5,25,1,1,1,CS-,CS-,73,0.0136986301369863,1,24,0.041666666666666664,Global off,Global off
HC,5,29,1,1,2,CS-,CS-,73,0.0136986301369863,1,24,0.041666666666666664,Global off,Threat-like
HC,5,30,1,1,4,CS+,ITI,73,0.0136986301369863,1,24,0.041666666666666664,Global off,Global on
HC,19,2,1,3,1,CS-,ITI,78,0.01282051282051282,1,24,0.041666666666666664,Safety-like,Global off
HC,19,10,1,3,1,ITI,ITI,78,0.01282051282051282,1,24,0.041666666666666664,Safety-like,Global off
HC,19,12,1,3,3,ITI,ITI,78,0.01282051282051282,1,24,0.041666666666666664,Safety-like,Safety-like
HC,19,16,1,3,4,ITI,CS+,78,0.01282051282051282,1,24,0.041666666666666664,Safety-like,Global on
HC,19,21,1,3,1,ITI,ITI,78,0.01282051282051282,1,24,0.041666666666666664,Safety-like,Global off
HC,19,22,1,3,4,ITI,ITI,78,0.01282051282051282,1,24,0.041666666666666664,Safety-like,Global on
HC,19,26,1,3,4,ITI,ITI,78,0.01282051282051282,1,24,0.041666666666666664,Safety-like,Global on
HC,14,8,1,2,3,CS+,CS+,80,0.0125,1,24,0.041666666666666664,Threat-like,Safety-like
HC,14,17,1,2,1,CS+,ITI,80,0.0125,1,24,0.041666666666666664,Threat-like,Global off
HC,14,18,1,2,3,ITI,ITI,80,0.0125,1,24,0.041666666666666664,Threat-like,Safety-like
HC,14,19,1,2,3,CS+,ITI,80,0.0125,1,24,0.041666666666666664,Threat-like,Safety-like
HC,14,20,1,2,3,CS-,ITI,80,0.0125,1,24,0.041666666666666664,Threat-like,Safety-like
HC,14,22,1,2,4,CS-,CS-,80,0.0125,1,24,0.041666666666666664,Threat-like,Global on
HC,14,25,1,2,1,ITI,ITI,80,0.0125,1,24,0.041666666666666664,Threat-like,Global off
HC,14,31,1,2,4,ITI,ITI,80,0.0125,1,24,0.041666666666666664,Threat-like,Global on
HC,28,2,1,4,1,ITI,ITI,87,0.011494252873563218,1,24,0.041666666666666664,Global on,Global off
HC,28,3,1,4,1,ITI,ITI,87,0.011494252873563218,1,24,0.041666666666666664,Global on,Global off
HC,28,12,1,4,3,CS-,ITI,87,0.011494252873563218,1,24,0.041666666666666664,Global on,Safety-like
HC,28,30,1,4,4,ITI,ITI,87,0.011494252873563218,1,24,0.041666666666666664,Global on,Global on
HC,16,11,1,4,1,ITI,CS+,88,0.011363636363636364,1,24,0.041666666666666664,Global on,Global off
HC,16,17,1,4,1,CS-,ITI,88,0.011363636363636364,1,24,0.041666666666666664,Global on,Global off
HC,16,20,1,4,3,CS+,CS+,88,0.011363636363636364,1,24,0.041666666666666664,Global on,Safety-like
HC,16,21,1,4,1,ITI,ITI,88,0.011363636363636364,1,24,0.041666666666666664,Global on,Global off
HC,16,22,1,4,4,ITI,ITI,88,0.011363636363636364,1,24,0.041666666666666664,Global on,Global on
HC,16,24,1,4,4,CS+,ITI,88,0.011363636363636364,1,24,0.041666666666666664,Global on,Global on
HC,4,9,1,3,1,ITI,ITI,94,0.010638297872340425,1,24,0.041666666666666664,Safety-like,Global off
HC,4,15,1,3,2,CS+,ITI,94,0.010638297872340425,1,24,0.041666666666666664,Safety-like,Threat-like
HC,4,17,1,3,1,CS+,ITI,94,0.010638297872340425,1,24,0.041666666666666664,Safety-like,Global off
HC,4,22,1,3,4,CS+,ITI,94,0.010638297872340425,1,24,0.041666666666666664,Safety-like,Global on
HC,4,29,1,3,2,ITI,ITI,94,0.010638297872340425,1,24,0.041666666666666664,Safety-like,Threat-like
HC,29,7,1,2,1,CS-,ITI,94,0.010638297872340425,1,24,0.041666666666666664,Threat-like,Global off
HC,29,12,1,2,3,CS-,CS-,94,0.010638297872340425,1,24,0.041666666666666664,Threat-like,Safety-like
HC,29,16,1,2,4,CS-,CS-,94,0.010638297872340425,1,24,0.041666666666666664,Threat-like,Global on
HC,29,19,1,2,3,ITI,ITI,94,0.010638297872340425,1,24,0.041666666666666664,Threat-like,Safety-like
HC,29,23,1,2,4,CS+,CS+,94,0.010638297872340425,1,24,0.041666666666666664,Threat-like,Global on
HC,29,25,1,2,1,ITI,ITI,94,0.010638297872340425,1,24,0.041666666666666664,Threat-like,Global off
HC,1,11,2,1,1,ITI,CS-,192,0.010416666666666666,2,24,0.08333333333333333,Global off,Global off
HC,1,25,2,1,1,CS+,CS-,192,0.010416666666666666,1,24,0.041666666666666664,Global off,Global off
HC,32,6,2,4,1,CS-,ITI,205,0.00975609756097561,2,24,0.08333333333333333,Global on,Global off
HC,32,7,2,4,1,CS-,CS-,205,0.00975609756097561,2,24,0.08333333333333333,Global on,Global off
HC,32,8,2,4,3,CS+,CS+,205,0.00975609756097561,2,24,0.08333333333333333,Global on,Safety-like
HC,32,22,2,4,4,ITI,CS-,205,0.00975609756097561,2,24,0.08333333333333333,Global on,Global on
HC,32,23,2,4,4,CS-,CS+,205,0.00975609756097561,2,24,0.08333333333333333,Global on,Global on
HC,17,6,1,1,1,CS+,ITI,111,0.009009009009009009,1,24,0.041666666666666664,Global off,Global off
HC,17,7,1,1,1,ITI,CS+,111,0.009009009009009009,1,24,0.041666666666666664,Global off,Global off
HC,17,12,1,1,3,ITI,CS-,111,0.009009009009009009,1,24,0.041666666666666664,Global off,Safety-like
HC,17,14,1,1,2,ITI,CS+,111,0.009009009009009009,1,24,0.041666666666666664,Global off,Threat-like
HC,17,16,1,1,4,ITI,CS-,111,0.009009009009009009,1,24,0.041666666666666664,Global off,Global on
HC,17,27,1,1,4,ITI,ITI,111,0.009009009009009009,1,24,0.041666666666666664,Global off,Global on
HC,17,29,1,1,2,ITI,ITI,111,0.009009009009009009,1,24,0.041666666666666664,Global off,Threat-like
HC,31,5,1,4,1,CS-,CS-,112,0.008928571428571428,1,24,0.041666666666666664,Global on,Global off
HC,31,8,1,4,3,CS-,CS-,112,0.008928571428571428,1,24,0.041666666666666664,Global on,Safety-like
HC,31,12,1,4,3,CS+,CS+,112,0.008928571428571428,1,24,0.041666666666666664,Global on,Safety-like
HC,31,18,1,4,3,CS-,ITI,112,0.008928571428571428,1,24,0.041666666666666664,Global on,Safety-like
HC,31,21,1,4,1,CS-,CS-,112,0.008928571428571428,1,24,0.041666666666666664,Global on,Global off
HC,31,22,1,4,4,ITI,ITI,112,0.008928571428571428,1,24,0.041666666666666664,Global on,Global on
HC,31,24,1,4,4,ITI,ITI,112,0.008928571428571428,1,24,0.041666666666666664,Global on,Global on
HC,31,26,1,4,4,CS-,ITI,112,0.008928571428571428,1,24,0.041666666666666664,Global on,Global on
HC,13,3,1,2,1,ITI,ITI,121,0.008264462809917356,1,24,0.041666666666666664,Threat-like,Global off
HC,13,12,1,2,3,ITI,ITI,121,0.008264462809917356,1,24,0.041666666666666664,Threat-like,Safety-like
HC,13,18,1,2,3,CS+,CS+,121,0.008264462809917356,1,24,0.041666666666666664,Threat-like,Safety-like
HC,13,20,1,2,3,ITI,ITI,121,0.008264462809917356,1,24,0.041666666666666664,Threat-like,Safety-like
HC,13,24,1,2,4,CS-,CS-,121,0.008264462809917356,1,24,0.041666666666666664,Threat-like,Global on
HC,13,27,1,2,4,CS+,ITI,121,0.008264462809917356,1,24,0.041666666666666664,Threat-like,Global on
HC,20,6,1,3,1,ITI,CS-,122,0.00819672131147541,1,24,0.041666666666666664,Safety-like,Global off
HC,20,10,1,3,1,ITI,ITI,122,0.00819672131147541,1,24,0.041666666666666664,Safety-like,Global off
HC,20,14,1,3,2,ITI,ITI,122,0.00819672131147541,1,24,0.041666666666666664,Safety-like,Threat-like
HC,20,21,1,3,1,ITI,ITI,122,0.00819672131147541,1,24,0.041666666666666664,Safety-like,Global off
HC,20,22,1,3,4,ITI,ITI,122,0.00819672131147541,1,24,0.041666666666666664,Safety-like,Global on
HC,20,25,1,3,1,ITI,ITI,122,0.00819672131147541,1,24,0.041666666666666664,Safety-like,Global off
HC,20,30,1,3,4,CS+,ITI,122,0.00819672131147541,1,24,0.041666666666666664,Safety-like,Global on
HC,2,22,1,1,4,ITI,ITI,126,0.007936507936507936,1,24,0.041666666666666664,Global off,Global on
HC,2,25,1,1,1,ITI,ITI,126,0.007936507936507936,1,24,0.041666666666666664,Global off,Global off
HC,2,26,1,1,4,ITI,CS+,126,0.007936507936507936,1,24,0.041666666666666664,Global off,Global on
HC,2,28,1,1,4,CS-,CS-,126,0.007936507936507936,1,24,0.041666666666666664,Global off,Global on
HC,2,30,1,1,4,ITI,ITI,126,0.007936507936507936,1,24,0.041666666666666664,Global off,Global on
HC,1,22,1,1,4,ITI,ITI,192,0.005208333333333333,1,24,0.041666666666666664,Global off,Global on
HC,32,15,1,4,2,CS-,CS-,205,0.004878048780487805,1,24,0.041666666666666664,Global on,Threat-like
HC,32,26,1,4,4,CS+,ITI,205,0.004878048780487805,1,24,0.041666666666666664,Global on,Global on
PTSD,30,32,12,4,4,ITI,ITI,46,0.2608695652173913,10,24,0.4166666666666667,Global on,Global on
PTSD,3,1,10,1,1,ITI,ITI,42,0.23809523809523808,9,24,0.375,Global off,Global off
PTSD,2,1,26,1,1,ITI,ITI,117,0.2222222222222222,15,24,0.625,Global off,Global off
PTSD,28,20,17,4,3,ITI,ITI,82,0.2073170731707317,13,24,0.5416666666666666,Global on,Safety-like
PTSD,10,1,8,1,1,CS-,ITI,39,0.20512820512820512,6,24,0.25,Global off,Global off
PTSD,11,1,4,1,1,ITI,ITI,20,0.2,4,24,0.16666666666666666,Global off,Global off
PTSD,14,13,13,2,2,ITI,ITI,66,0.19696969696969696,7,24,0.2916666666666667,Threat-like,Threat-like
PTSD,9,1,16,1,1,ITI,ITI,82,0.1951219512195122,11,24,0.4583333333333333,Global off,Global off
PTSD,18,20,7,3,3,CS-,ITI,36,0.19444444444444445,5,24,0.20833333333333334,Safety-like,Safety-like
PTSD,24,32,14,4,4,ITI,ITI,74,0.1891891891891892,9,24,0.375,Global on,Global on
PTSD,25,32,10,1,4,ITI,ITI,54,0.18518518518518517,7,24,0.2916666666666667,Global off,Global on
PTSD,22,6,2,4,1,CS-,CS-,11,0.18181818181818182,2,24,0.08333333333333333,Global on,Global off
PTSD,22,21,2,4,1,ITI,ITI,11,0.18181818181818182,2,24,0.08333333333333333,Global on,Global off
PTSD,21,1,8,1,1,ITI,ITI,46,0.17391304347826086,5,24,0.20833333333333334,Global off,Global off
PTSD,28,32,14,4,4,ITI,CS-,82,0.17073170731707318,13,24,0.5416666666666666,Global on,Global on
PTSD,7,5,4,1,1,ITI,ITI,24,0.16666666666666666,4,24,0.16666666666666666,Global off,Global off
PTSD,7,31,4,1,4,CS-,CS-,24,0.16666666666666666,3,24,0.125,Global off,Global on
PTSD,27,32,7,4,4,ITI,ITI,43,0.16279069767441862,6,24,0.25,Global on,Global on
PTSD,19,20,10,3,3,ITI,ITI,62,0.16129032258064516,10,24,0.4166666666666667,Safety-like,Safety-like
PTSD,19,32,10,3,4,ITI,ITI,62,0.16129032258064516,7,24,0.2916666666666667,Safety-like,Global on
PTSD,23,31,5,4,4,ITI,ITI,32,0.15625,4,24,0.16666666666666666,Global on,Global on
PTSD,11,25,3,1,1,CS-,ITI,20,0.15,3,24,0.125,Global off,Global off
PTSD,31,32,15,4,4,ITI,ITI,104,0.14423076923076922,13,24,0.5416666666666666,Global on,Global on
PTSD,18,32,5,3,4,ITI,CS+,36,0.1388888888888889,5,24,0.20833333333333334,Safety-like,Global on
PTSD,26,32,4,4,4,ITI,CS-,29,0.13793103448275862,4,24,0.16666666666666666,Global on,Global on
PTSD,24,20,10,4,3,ITI,ITI,74,0.13513513513513514,9,24,0.375,Global on,Safety-like
PTSD,4,1,14,3,1,ITI,ITI,108,0.12962962962962962,9,24,0.375,Safety-like,Global off
PTSD,2,5,15,1,1,ITI,ITI,117,0.1282051282051282,12,24,0.5,Global off,Global off
PTSD,10,2,5,1,1,ITI,ITI,39,0.1282051282051282,4,24,0.16666666666666666,Global off,Global off
PTSD,7,1,3,1,1,CS+,ITI,24,0.125,3,24,0.125,Global off,Global off
PTSD,7,16,3,1,4,ITI,CS+,24,0.125,3,24,0.125,Global off,Global on
PTSD,16,32,11,4,4,ITI,ITI,90,0.12222222222222222,8,24,0.3333333333333333,Global on,Global on
PTSD,29,32,11,2,4,ITI,CS+,91,0.12087912087912088,7,24,0.2916666666666667,Threat-like,Global on
PTSD,12,1,4,3,1,CS-,ITI,34,0.11764705882352941,4,24,0.16666666666666666,Safety-like,Global off
PTSD,12,5,4,3,1,ITI,ITI,34,0.11764705882352941,4,24,0.16666666666666666,Safety-like,Global off
PTSD,12,13,4,3,2,ITI,ITI,34,0.11764705882352941,3,24,0.125,Safety-like,Threat-like
PTSD,8,4,5,3,3,CS-,ITI,43,0.11627906976744186,5,24,0.20833333333333334,Safety-like,Safety-like
PTSD,8,32,5,3,4,CS-,ITI,43,0.11627906976744186,4,24,0.16666666666666666,Safety-like,Global on
PTSD,27,1,5,4,1,CS-,ITI,43,0.11627906976744186,5,24,0.20833333333333334,Global on,Global off
PTSD,5,1,12,1,1,ITI,ITI,104,0.11538461538461539,9,24,0.375,Global off,Global off
PTSD,15,1,4,2,1,CS-,ITI,35,0.11428571428571428,4,24,0.16666666666666666,Threat-like,Global off
PTSD,15,32,4,2,4,CS-,CS-,35,0.11428571428571428,3,24,0.125,Threat-like,Global on
PTSD,1,2,22,1,1,ITI,ITI,197,0.1116751269035533,15,24,0.625,Global off,Global off
PTSD,25,17,6,1,1,ITI,ITI,54,0.1111111111111111,6,24,0.25,Global off,Global off
PTSD,32,20,22,4,3,CS-,ITI,199,0.11055276381909548,14,24,0.5833333333333334,Global on,Safety-like
PTSD,21,2,5,1,1,CS-,ITI,46,0.10869565217391304,3,24,0.125,Global off,Global off
PTSD,21,17,5,1,1,ITI,ITI,46,0.10869565217391304,4,24,0.16666666666666666,Global off,Global off
PTSD,21,28,5,1,4,CS-,ITI,46,0.10869565217391304,4,24,0.16666666666666666,Global off,Global on
PTSD,1,5,21,1,1,ITI,ITI,197,0.1065989847715736,13,24,0.5416666666666666,Global off,Global off
PTSD,5,16,11,1,4,ITI,ITI,104,0.10576923076923077,7,24,0.2916666666666667,Global off,Global on
PTSD,6,5,4,1,1,CS-,CS-,38,0.10526315789473684,3,24,0.125,Global off,Global off
PTSD,6,14,4,1,2,ITI,ITI,38,0.10526315789473684,4,24,0.16666666666666666,Global off,Threat-like
PTSD,17,19,9,1,3,ITI,ITI,86,0.10465116279069768,8,24,0.3333333333333333,Global off,Safety-like
PTSD,26,14,3,4,2,ITI,CS+,29,0.10344827586206896,3,24,0.125,Global on,Threat-like
PTSD,26,29,3,4,2,ITI,ITI,29,0.10344827586206896,3,24,0.125,Global on,Threat-like
PTSD,4,2,11,3,1,ITI,ITI,108,0.10185185185185185,9,24,0.375,Safety-like,Global off
PTSD,4,20,11,3,3,ITI,ITI,108,0.10185185185185185,9,24,0.375,Safety-like,Safety-like
PTSD,16,13,9,4,2,ITI,ITI,90,0.1,8,24,0.3333333333333333,Global on,Threat-like
PTSD,11,4,2,1,3,CS+,CS+,20,0.1,2,24,0.08333333333333333,Global off,Safety-like
PTSD,11,9,2,1,1,CS+,ITI,20,0.1,2,24,0.08333333333333333,Global off,Global off
PTSD,11,19,2,1,3,CS+,CS+,20,0.1,2,24,0.08333333333333333,Global off,Safety-like
PTSD,20,2,13,3,1,ITI,ITI,138,0.09420289855072464,9,24,0.375,Safety-like,Global off
PTSD,20,32,13,3,4,ITI,ITI,138,0.09420289855072464,11,24,0.4583333333333333,Safety-like,Global on
PTSD,23,5,3,4,1,CS-,CS-,32,0.09375,3,24,0.125,Global on,Global off
PTSD,23,20,3,4,3,ITI,ITI,32,0.09375,3,24,0.125,Global on,Safety-like
PTSD,23,32,3,4,4,CS+,ITI,32,0.09375,3,24,0.125,Global on,Global on
PTSD,17,1,8,1,1,ITI,ITI,86,0.09302325581395349,6,24,0.25,Global off,Global off
PTSD,17,32,8,1,4,ITI,CS+,86,0.09302325581395349,6,24,0.25,Global off,Global on
PTSD,27,20,4,4,3,ITI,ITI,43,0.09302325581395349,4,24,0.16666666666666666,Global on,Safety-like
PTSD,25,5,5,1,1,ITI,ITI,54,0.09259259259259259,4,24,0.16666666666666666,Global off,Global off
PTSD,22,2,1,4,1,CS+,CS+,11,0.09090909090909091,1,24,0.041666666666666664,Global on,Global off
PTSD,22,15,1,4,2,ITI,ITI,11,0.09090909090909091,1,24,0.041666666666666664,Global on,Threat-like
PTSD,22,24,1,4,4,ITI,ITI,11,0.09090909090909091,1,24,0.041666666666666664,Global on,Global on
PTSD,22,28,1,4,4,ITI,ITI,11,0.09090909090909091,1,24,0.041666666666666664,Global on,Global on
PTSD,22,29,1,4,2,ITI,ITI,11,0.09090909090909091,1,24,0.041666666666666664,Global on,Threat-like
PTSD,22,31,1,4,4,ITI,CS+,11,0.09090909090909091,1,24,0.041666666666666664,Global on,Global on
PTSD,22,32,1,4,4,CS-,ITI,11,0.09090909090909091,1,24,0.041666666666666664,Global on,Global on
PTSD,32,13,18,4,2,CS+,ITI,199,0.09045226130653267,13,24,0.5416666666666666,Global on,Threat-like
PTSD,13,29,11,2,2,ITI,ITI,123,0.08943089430894309,7,24,0.2916666666666667,Threat-like,Threat-like
PTSD,12,16,3,3,4,ITI,CS+,34,0.08823529411764706,3,24,0.125,Safety-like,Global on
PTSD,12,20,3,3,3,CS+,CS+,34,0.08823529411764706,3,24,0.125,Safety-like,Safety-like
PTSD,29,30,8,2,4,ITI,ITI,91,0.08791208791208792,7,24,0.2916666666666667,Threat-like,Global on
PTSD,20,19,12,3,3,ITI,ITI,138,0.08695652173913043,9,24,0.375,Safety-like,Safety-like
PTSD,21,31,4,1,4,ITI,ITI,46,0.08695652173913043,4,24,0.16666666666666666,Global off,Global on
PTSD,30,1,4,4,1,CS-,CS+,46,0.08695652173913043,4,24,0.16666666666666666,Global on,Global off
PTSD,30,13,4,4,2,ITI,ITI,46,0.08695652173913043,3,24,0.125,Global on,Threat-like
PTSD,5,13,9,1,2,ITI,ITI,104,0.08653846153846154,7,24,0.2916666666666667,Global off,Threat-like
PTSD,5,14,9,1,2,ITI,ITI,104,0.08653846153846154,8,24,0.3333333333333333,Global off,Threat-like
PTSD,31,29,9,4,2,ITI,ITI,104,0.08653846153846154,6,24,0.25,Global on,Threat-like
PTSD,15,16,3,2,4,ITI,ITI,35,0.08571428571428572,2,24,0.08333333333333333,Threat-like,Global on
PTSD,15,29,3,2,2,CS-,ITI,35,0.08571428571428572,3,24,0.125,Threat-like,Threat-like
PTSD,32,31,17,4,4,ITI,ITI,199,0.08542713567839195,10,24,0.4166666666666667,Global on,Global on
PTSD,9,2,7,1,1,ITI,ITI,82,0.08536585365853659,6,24,0.25,Global off,Global off
PTSD,9,4,7,1,3,ITI,ITI,82,0.08536585365853659,6,24,0.25,Global off,Safety-like
PTSD,18,1,3,3,1,CS+,CS+,36,0.08333333333333333,2,24,0.08333333333333333,Safety-like,Global off
PTSD,7,15,2,1,2,CS-,CS-,24,0.08333333333333333,1,24,0.041666666666666664,Global off,Threat-like
PTSD,13,31,10,2,4,CS+,ITI,123,0.08130081300813008,8,24,0.3333333333333333,Threat-like,Global on
PTSD,13,32,10,2,4,ITI,ITI,123,0.08130081300813008,7,24,0.2916666666666667,Threat-like,Global on
PTSD,24,4,6,4,3,ITI,ITI,74,0.08108108108108109,5,24,0.20833333333333334,Global on,Safety-like
PTSD,19,17,5,3,1,ITI,ITI,62,0.08064516129032258,3,24,0.125,Safety-like,Global off
PTSD,19,28,5,3,4,ITI,ITI,62,0.08064516129032258,5,24,0.20833333333333334,Safety-like,Global on
PTSD,19,31,5,3,4,ITI,ITI,62,0.08064516129032258,5,24,0.20833333333333334,Safety-like,Global on
PTSD,32,28,16,4,4,ITI,ITI,199,0.08040201005025126,11,24,0.4583333333333333,Global on,Global on
PTSD,20,28,11,3,4,ITI,ITI,138,0.07971014492753623,7,24,0.2916666666666667,Safety-like,Global on
PTSD,6,1,3,1,1,ITI,CS-,38,0.07894736842105263,3,24,0.125,Global off,Global off
PTSD,6,16,3,1,4,ITI,ITI,38,0.07894736842105263,3,24,0.125,Global off,Global on
PTSD,6,17,3,1,1,CS+,CS+,38,0.07894736842105263,3,24,0.125,Global off,Global off
PTSD,31,4,8,4,3,ITI,CS+,104,0.07692307692307693,5,24,0.20833333333333334,Global on,Safety-like
PTSD,29,1,7,2,1,ITI,ITI,91,0.07692307692307693,6,24,0.25,Threat-like,Global off
PTSD,29,31,7,2,4,ITI,ITI,91,0.07692307692307693,6,24,0.25,Threat-like,Global on
PTSD,10,9,3,1,1,ITI,ITI,39,0.07692307692307693,3,24,0.125,Global off,Global off
PTSD,1,13,15,1,2,ITI,ITI,197,0.07614213197969544,11,24,0.4583333333333333,Global off,Threat-like
PTSD,14,1,5,2,1,ITI,ITI,66,0.07575757575757576,4,24,0.16666666666666666,Threat-like,Global off
PTSD,14,29,5,2,2,ITI,ITI,66,0.07575757575757576,5,24,0.20833333333333334,Threat-like,Threat-like
PTSD,25,21,4,1,1,ITI,ITI,54,0.07407407407407407,2,24,0.08333333333333333,Global off,Global off
PTSD,25,29,4,1,2,ITI,ITI,54,0.07407407407407407,3,24,0.125,Global off,Threat-like
PTSD,9,13,6,1,2,ITI,ITI,82,0.07317073170731707,5,24,0.20833333333333334,Global off,Threat-like
PTSD,28,27,6,4,4,ITI,ITI,82,0.07317073170731707,5,24,0.20833333333333334,Global on,Global on
PTSD,20,4,10,3,3,CS+,ITI,138,0.07246376811594203,9,24,0.375,Safety-like,Safety-like
PTSD,20,24,10,3,4,ITI,ITI,138,0.07246376811594203,6,24,0.25,Safety-like,Global on
PTSD,3,4,3,1,3,ITI,ITI,42,0.07142857142857142,3,24,0.125,Global off,Safety-like
PTSD,3,17,3,1,1,CS+,ITI,42,0.07142857142857142,3,24,0.125,Global off,Global off
PTSD,3,19,3,1,3,ITI,ITI,42,0.07142857142857142,3,24,0.125,Global off,Safety-like
PTSD,8,6,3,3,1,CS+,ITI,43,0.06976744186046512,3,24,0.125,Safety-like,Global off
PTSD,8,13,3,3,2,CS-,CS-,43,0.06976744186046512,3,24,0.125,Safety-like,Threat-like
PTSD,8,24,3,3,4,CS+,ITI,43,0.06976744186046512,3,24,0.125,Safety-like,Global on
PTSD,27,4,3,4,3,ITI,ITI,43,0.06976744186046512,3,24,0.125,Global on,Safety-like
PTSD,27,9,3,4,1,ITI,ITI,43,0.06976744186046512,3,24,0.125,Global on,Global off
PTSD,27,29,3,4,2,CS+,ITI,43,0.06976744186046512,3,24,0.125,Global on,Threat-like
PTSD,26,3,2,4,1,CS-,CS-,29,0.06896551724137931,2,24,0.08333333333333333,Global on,Global off
PTSD,26,5,2,4,1,ITI,CS+,29,0.06896551724137931,2,24,0.08333333333333333,Global on,Global off
PTSD,26,12,2,4,3,CS+,CS+,29,0.06896551724137931,2,24,0.08333333333333333,Global on,Safety-like
PTSD,26,19,2,4,3,ITI,ITI,29,0.06896551724137931,2,24,0.08333333333333333,Global on,Safety-like
PTSD,26,25,2,4,1,CS-,CS-,29,0.06896551724137931,2,24,0.08333333333333333,Global on,Global off
PTSD,26,28,2,4,4,ITI,ITI,29,0.06896551724137931,2,24,0.08333333333333333,Global on,Global on
PTSD,2,13,8,1,2,ITI,ITI,117,0.06837606837606838,8,24,0.3333333333333333,Global off,Threat-like
PTSD,2,20,8,1,3,ITI,ITI,117,0.06837606837606838,6,24,0.25,Global off,Safety-like
PTSD,24,28,5,4,4,CS+,CS-,74,0.06756756756756757,5,24,0.20833333333333334,Global on,Global on
PTSD,5,4,7,1,3,ITI,ITI,104,0.0673076923076923,7,24,0.2916666666666667,Global off,Safety-like
PTSD,29,16,6,2,4,CS-,CS-,91,0.06593406593406594,5,24,0.20833333333333334,Threat-like,Global on
PTSD,29,28,6,2,4,ITI,CS+,91,0.06593406593406594,6,24,0.25,Threat-like,Global on
PTSD,32,1,13,4,1,CS+,ITI,199,0.06532663316582915,10,24,0.4166666666666667,Global on,Global off
PTSD,32,16,13,4,4,CS+,CS+,199,0.06532663316582915,9,24,0.375,Global on,Global on
PTSD,20,1,9,3,1,ITI,ITI,138,0.06521739130434782,9,24,0.375,Safety-like,Global off
PTSD,21,13,3,1,2,ITI,ITI,46,0.06521739130434782,3,24,0.125,Global off,Threat-like
PTSD,21,32,3,1,4,CS+,CS+,46,0.06521739130434782,3,24,0.125,Global off,Global on
PTSD,30,16,3,4,4,CS-,CS-,46,0.06521739130434782,3,24,0.125,Global on,Global on
PTSD,30,25,3,4,1,CS+,CS-,46,0.06521739130434782,3,24,0.125,Global on,Global off
PTSD,13,1,8,2,1,ITI,ITI,123,0.06504065040650407,6,24,0.25,Threat-like,Global off
PTSD,13,2,8,2,1,CS-,ITI,123,0.06504065040650407,8,24,0.3333333333333333,Threat-like,Global off
PTSD,13,16,8,2,4,ITI,ITI,123,0.06504065040650407,7,24,0.2916666666666667,Threat-like,Global on
PTSD,19,1,4,3,1,ITI,ITI,62,0.06451612903225806,4,24,0.16666666666666666,Safety-like,Global off
PTSD,23,1,2,4,1,CS+,CS+,32,0.0625,2,24,0.08333333333333333,Global on,Global off
PTSD,23,4,2,4,3,CS-,CS+,32,0.0625,2,24,0.08333333333333333,Global on,Safety-like
PTSD,23,8,2,4,3,CS+,CS+,32,0.0625,2,24,0.08333333333333333,Global on,Safety-like
PTSD,23,24,2,4,4,ITI,CS-,32,0.0625,2,24,0.08333333333333333,Global on,Global on
PTSD,23,30,2,4,4,CS+,CS+,32,0.0625,2,24,0.08333333333333333,Global on,Global on
PTSD,28,17,5,4,1,CS-,ITI,82,0.06097560975609756,5,24,0.20833333333333334,Global on,Global off
PTSD,1,9,12,1,1,ITI,ITI,197,0.06091370558375635,7,24,0.2916666666666667,Global off,Global off
PTSD,14,2,4,2,1,CS-,CS-,66,0.06060606060606061,3,24,0.125,Threat-like,Global off
PTSD,14,9,4,2,1,ITI,CS+,66,0.06060606060606061,4,24,0.16666666666666666,Threat-like,Global off
PTSD,14,31,4,2,4,CS-,CS-,66,0.06060606060606061,3,24,0.125,Threat-like,Global on
PTSD,32,24,12,4,4,ITI,ITI,199,0.06030150753768844,7,24,0.2916666666666667,Global on,Global on
PTSD,12,17,2,3,1,CS+,CS+,34,0.058823529411764705,2,24,0.08333333333333333,Safety-like,Global off
PTSD,12,24,2,3,4,ITI,ITI,34,0.058823529411764705,1,24,0.041666666666666664,Safety-like,Global on
PTSD,12,32,2,3,4,CS+,CS+,34,0.058823529411764705,2,24,0.08333333333333333,Safety-like,Global on
PTSD,17,8,5,1,3,ITI,ITI,86,0.05813953488372093,4,24,0.16666666666666666,Global off,Safety-like
PTSD,17,9,5,1,1,ITI,ITI,86,0.05813953488372093,4,24,0.16666666666666666,Global off,Global off
PTSD,20,17,8,3,1,CS+,ITI,138,0.057971014492753624,6,24,0.25,Safety-like,Global off
PTSD,31,2,6,4,1,CS+,ITI,104,0.057692307692307696,5,24,0.20833333333333334,Global on,Global off
PTSD,31,20,6,4,3,CS+,CS+,104,0.057692307692307696,5,24,0.20833333333333334,Global on,Safety-like
PTSD,15,4,2,2,3,CS+,CS+,35,0.05714285714285714,2,24,0.08333333333333333,Threat-like,Safety-like
PTSD,15,5,2,2,1,CS+,CS+,35,0.05714285714285714,2,24,0.08333333333333333,Threat-like,Global off
PTSD,15,13,2,2,2,ITI,ITI,35,0.05714285714285714,2,24,0.08333333333333333,Threat-like,Threat-like
PTSD,15,21,2,2,1,ITI,ITI,35,0.05714285714285714,1,24,0.041666666666666664,Threat-like,Global off
PTSD,15,27,2,2,4,CS+,CS+,35,0.05714285714285714,2,24,0.08333333333333333,Threat-like,Global on
PTSD,13,4,7,2,3,ITI,ITI,123,0.056910569105691054,6,24,0.25,Threat-like,Safety-like
PTSD,13,9,7,2,1,ITI,ITI,123,0.056910569105691054,7,24,0.2916666666666667,Threat-like,Global off
PTSD,13,14,7,2,2,ITI,ITI,123,0.056910569105691054,6,24,0.25,Threat-like,Threat-like
PTSD,1,17,11,1,1,ITI,ITI,197,0.05583756345177665,10,24,0.4166666666666667,Global off,Global off
PTSD,4,12,6,3,3,ITI,ITI,108,0.05555555555555555,5,24,0.20833333333333334,Safety-like,Safety-like
PTSD,16,4,5,4,3,CS-,ITI,90,0.05555555555555555,3,24,0.125,Global on,Safety-like
PTSD,16,15,5,4,2,CS+,ITI,90,0.05555555555555555,4,24,0.16666666666666666,Global on,Threat-like
PTSD,16,25,5,4,1,CS+,CS-,90,0.05555555555555555,3,24,0.125,Global on,Global off
PTSD,25,9,3,1,1,CS+,ITI,54,0.05555555555555555,3,24,0.125,Global off,Global off
PTSD,25,20,3,1,3,ITI,ITI,54,0.05555555555555555,3,24,0.125,Global off,Safety-like
PTSD,25,27,3,1,4,ITI,ITI,54,0.05555555555555555,3,24,0.125,Global off,Global on
PTSD,18,2,2,3,1,ITI,CS+,36,0.05555555555555555,2,24,0.08333333333333333,Safety-like,Global off
PTSD,18,4,2,3,3,ITI,CS+,36,0.05555555555555555,2,24,0.08333333333333333,Safety-like,Safety-like
PTSD,18,13,2,3,2,ITI,CS+,36,0.05555555555555555,2,24,0.08333333333333333,Safety-like,Threat-like
PTSD,18,17,2,3,1,CS-,CS-,36,0.05555555555555555,2,24,0.08333333333333333,Safety-like,Global off
PTSD,18,30,2,3,4,ITI,CS+,36,0.05555555555555555,2,24,0.08333333333333333,Safety-like,Global on
PTSD,18,31,2,3,4,ITI,ITI,36,0.05555555555555555,2,24,0.08333333333333333,Safety-like,Global on
PTSD,32,29,11,4,2,ITI,ITI,199,0.05527638190954774,8,24,0.3333333333333333,Global on,Threat-like
PTSD,24,31,4,4,4,CS-,ITI,74,0.05405405405405406,4,24,0.16666666666666666,Global on,Global on
PTSD,6,2,2,1,1,CS+,ITI,38,0.05263157894736842,2,24,0.08333333333333333,Global off,Global off
PTSD,6,8,2,1,3,ITI,CS-,38,0.05263157894736842,2,24,0.08333333333333333,Global off,Safety-like
PTSD,6,18,2,1,3,CS-,CS-,38,0.05263157894736842,2,24,0.08333333333333333,Global off,Safety-like
PTSD,6,21,2,1,1,CS+,CS-,38,0.05263157894736842,2,24,0.08333333333333333,Global off,Global off
PTSD,6,24,2,1,4,CS+,CS+,38,0.05263157894736842,2,24,0.08333333333333333,Global off,Global on
PTSD,6,25,2,1,1,ITI,ITI,38,0.05263157894736842,1,24,0.041666666666666664,Global off,Global off
PTSD,2,4,6,1,3,CS+,ITI,117,0.05128205128205128,5,24,0.20833333333333334,Global off,Safety-like
PTSD,10,5,2,1,1,ITI,ITI,39,0.05128205128205128,2,24,0.08333333333333333,Global off,Global off
PTSD,10,13,2,1,2,CS+,CS+,39,0.05128205128205128,2,24,0.08333333333333333,Global off,Threat-like
PTSD,10,16,2,1,4,CS+,CS+,39,0.05128205128205128,2,24,0.08333333333333333,Global off,Global on
PTSD,10,23,2,1,4,ITI,CS+,39,0.05128205128205128,2,24,0.08333333333333333,Global off,Global on
PTSD,10,25,2,1,1,CS-,ITI,39,0.05128205128205128,2,24,0.08333333333333333,Global off,Global off
PTSD,10,29,2,1,2,CS-,CS-,39,0.05128205128205128,2,24,0.08333333333333333,Global off,Threat-like
PTSD,10,32,2,1,4,CS-,CS-,39,0.05128205128205128,2,24,0.08333333333333333,Global off,Global on
PTSD,1,4,10,1,3,ITI,ITI,197,0.050761421319796954,8,24,0.3333333333333333,Global off,Safety-like
PTSD,1,20,10,1,3,ITI,ITI,197,0.050761421319796954,9,24,0.375,Global off,Safety-like
PTSD,1,32,10,1,4,ITI,ITI,197,0.050761421319796954,9,24,0.375,Global off,Global on
PTSD,20,18,7,3,3,ITI,ITI,138,0.050724637681159424,5,24,0.20833333333333334,Safety-like,Safety-like
PTSD,11,2,1,1,1,CS+,CS+,20,0.05,1,24,0.041666666666666664,Global off,Global off
PTSD,11,3,1,1,1,CS-,ITI,20,0.05,1,24,0.041666666666666664,Global off,Global off
PTSD,11,10,1,1,1,ITI,CS-,20,0.05,1,24,0.041666666666666664,Global off,Global off
PTSD,11,13,1,1,2,ITI,ITI,20,0.05,1,24,0.041666666666666664,Global off,Threat-like
PTSD,11,20,1,1,3,ITI,ITI,20,0.05,1,24,0.041666666666666664,Global off,Safety-like
PTSD,11,27,1,1,4,ITI,ITI,20,0.05,1,24,0.041666666666666664,Global off,Global on
PTSD,11,28,1,1,4,ITI,ITI,20,0.05,1,24,0.041666666666666664,Global off,Global on
PTSD,9,3,4,1,1,ITI,ITI,82,0.04878048780487805,4,24,0.16666666666666666,Global off,Global off
PTSD,9,10,4,1,1,CS-,ITI,82,0.04878048780487805,4,24,0.16666666666666666,Global off,Global off
PTSD,9,29,4,1,2,ITI,CS+,82,0.04878048780487805,4,24,0.16666666666666666,Global off,Threat-like
PTSD,9,31,4,1,4,ITI,CS+,82,0.04878048780487805,3,24,0.125,Global off,Global on
PTSD,9,32,4,1,4,CS-,ITI,82,0.04878048780487805,4,24,0.16666666666666666,Global off,Global on
PTSD,28,1,4,4,1,ITI,CS-,82,0.04878048780487805,4,24,0.16666666666666666,Global on,Global off
PTSD,19,16,3,3,4,ITI,CS+,62,0.04838709677419355,2,24,0.08333333333333333,Safety-like,Global on
PTSD,19,24,3,3,4,ITI,ITI,62,0.04838709677419355,3,24,0.125,Safety-like,Global on
PTSD,5,7,5,1,1,ITI,CS-,104,0.04807692307692308,3,24,0.125,Global off,Global off
PTSD,5,32,5,1,4,ITI,CS+,104,0.04807692307692308,5,24,0.20833333333333334,Global off,Global on
PTSD,31,1,5,4,1,CS-,ITI,104,0.04807692307692308,5,24,0.20833333333333334,Global on,Global off
PTSD,31,17,5,4,1,ITI,ITI,104,0.04807692307692308,3,24,0.125,Global on,Global off
PTSD,31,24,5,4,4,CS+,CS+,104,0.04807692307692308,4,24,0.16666666666666666,Global on,Global on
PTSD,3,2,2,1,1,ITI,ITI,42,0.047619047619047616,2,24,0.08333333333333333,Global off,Global off
PTSD,3,5,2,1,1,ITI,ITI,42,0.047619047619047616,2,24,0.08333333333333333,Global off,Global off
PTSD,3,9,2,1,1,CS-,ITI,42,0.047619047619047616,2,24,0.08333333333333333,Global off,Global off
PTSD,3,14,2,1,2,CS-,CS-,42,0.047619047619047616,2,24,0.08333333333333333,Global off,Threat-like
PTSD,3,20,2,1,3,ITI,ITI,42,0.047619047619047616,2,24,0.08333333333333333,Global off,Safety-like
PTSD,3,25,2,1,1,CS+,ITI,42,0.047619047619047616,2,24,0.08333333333333333,Global off,Global off
PTSD,3,28,2,1,4,CS-,CS-,42,0.047619047619047616,2,24,0.08333333333333333,Global off,Global on
PTSD,3,31,2,1,4,ITI,ITI,42,0.047619047619047616,2,24,0.08333333333333333,Global off,Global on
PTSD,3,32,2,1,4,CS-,CS-,42,0.047619047619047616,2,24,0.08333333333333333,Global off,Global on
PTSD,17,4,4,1,3,ITI,CS-,86,0.046511627906976744,4,24,0.16666666666666666,Global off,Safety-like
PTSD,17,20,4,1,3,ITI,ITI,86,0.046511627906976744,3,24,0.125,Global off,Safety-like
PTSD,17,25,4,1,1,CS+,ITI,86,0.046511627906976744,4,24,0.16666666666666666,Global off,Global off
PTSD,8,2,2,3,1,CS+,CS+,43,0.046511627906976744,2,24,0.08333333333333333,Safety-like,Global off
PTSD,8,5,2,3,1,ITI,CS+,43,0.046511627906976744,2,24,0.08333333333333333,Safety-like,Global off
PTSD,8,14,2,3,2,CS+,CS+,43,0.046511627906976744,2,24,0.08333333333333333,Safety-like,Threat-like
PTSD,8,20,2,3,3,CS-,ITI,43,0.046511627906976744,1,24,0.041666666666666664,Safety-like,Safety-like
PTSD,8,28,2,3,4,CS+,CS+,43,0.046511627906976744,2,24,0.08333333333333333,Safety-like,Global on
PTSD,27,19,2,4,3,ITI,CS+,43,0.046511627906976744,2,24,0.08333333333333333,Global on,Safety-like
PTSD,27,25,2,4,1,CS-,CS-,43,0.046511627906976744,2,24,0.08333333333333333,Global on,Global off
PTSD,4,9,5,3,1,CS+,ITI,108,0.046296296296296294,5,24,0.20833333333333334,Safety-like,Global off
PTSD,4,31,5,3,4,CS-,CS+,108,0.046296296296296294,5,24,0.20833333333333334,Safety-like,Global on
PTSD,4,32,5,3,4,ITI,ITI,108,0.046296296296296294,5,24,0.20833333333333334,Safety-like,Global on
PTSD,1,16,9,1,4,ITI,CS-,197,0.04568527918781726,7,24,0.2916666666666667,Global off,Global on
PTSD,1,29,9,1,2,ITI,ITI,197,0.04568527918781726,8,24,0.3333333333333333,Global off,Threat-like
PTSD,14,5,3,2,1,CS+,CS+,66,0.045454545454545456,3,24,0.125,Threat-like,Global off
PTSD,14,16,3,2,4,CS-,CS-,66,0.045454545454545456,3,24,0.125,Threat-like,Global on
PTSD,14,20,3,2,3,ITI,CS+,66,0.045454545454545456,3,24,0.125,Threat-like,Safety-like
PTSD,14,24,3,2,4,CS-,CS-,66,0.045454545454545456,3,24,0.125,Threat-like,Global on
PTSD,14,32,3,2,4,ITI,ITI,66,0.045454545454545456,3,24,0.125,Threat-like,Global on
PTSD,16,2,4,4,1,CS+,CS+,90,0.044444444444444446,3,24,0.125,Global on,Global off
PTSD,16,3,4,4,1,CS+,ITI,90,0.044444444444444446,4,24,0.16666666666666666,Global on,Global off
PTSD,16,14,4,4,2,CS+,ITI,90,0.044444444444444446,3,24,0.125,Global on,Threat-like
PTSD,16,17,4,4,1,CS+,ITI,90,0.044444444444444446,4,24,0.16666666666666666,Global on,Global off
PTSD,16,20,4,4,3,ITI,ITI,90,0.044444444444444446,4,24,0.16666666666666666,Global on,Safety-like
PTSD,29,9,4,2,1,ITI,ITI,91,0.04395604395604396,4,24,0.16666666666666666,Threat-like,Global off
PTSD,29,13,4,2,2,ITI,CS-,91,0.04395604395604396,4,24,0.16666666666666666,Threat-like,Threat-like
PTSD,29,27,4,2,4,ITI,ITI,91,0.04395604395604396,3,24,0.125,Threat-like,Global on
PTSD,21,4,2,1,3,ITI,CS+,46,0.043478260869565216,2,24,0.08333333333333333,Global off,Safety-like
PTSD,21,18,2,1,3,ITI,CS-,46,0.043478260869565216,2,24,0.08333333333333333,Global off,Safety-like
PTSD,21,20,2,1,3,ITI,CS+,46,0.043478260869565216,2,24,0.08333333333333333,Global off,Safety-like
PTSD,30,4,2,4,3,ITI,ITI,46,0.043478260869565216,2,24,0.08333333333333333,Global on,Safety-like
PTSD,30,9,2,4,1,CS+,CS+,46,0.043478260869565216,2,24,0.08333333333333333,Global on,Global off
PTSD,30,17,2,4,1,CS-,CS-,46,0.043478260869565216,2,24,0.08333333333333333,Global on,Global off
PTSD,30,31,2,4,4,ITI,CS+,46,0.043478260869565216,2,24,0.08333333333333333,Global on,Global on
PTSD,2,9,5,1,1,ITI,ITI,117,0.042735042735042736,4,24,0.16666666666666666,Global off,Global off
PTSD,2,16,5,1,4,CS+,CS+,117,0.042735042735042736,5,24,0.20833333333333334,Global off,Global on
PTSD,2,17,5,1,1,ITI,ITI,117,0.042735042735042736,5,24,0.20833333333333334,Global off,Global off
PTSD,2,32,5,1,4,ITI,CS+,117,0.042735042735042736,5,24,0.20833333333333334,Global off,Global on
PTSD,7,2,1,1,1,ITI,ITI,24,0.041666666666666664,1,24,0.041666666666666664,Global off,Global off
PTSD,7,11,1,1,1,CS+,ITI,24,0.041666666666666664,1,24,0.041666666666666664,Global off,Global off
PTSD,7,13,1,1,2,CS-,ITI,24,0.041666666666666664,1,24,0.041666666666666664,Global off,Threat-like
PTSD,7,20,1,1,3,ITI,ITI,24,0.041666666666666664,1,24,0.041666666666666664,Global off,Safety-like
PTSD,7,23,1,1,4,CS-,ITI,24,0.041666666666666664,1,24,0.041666666666666664,Global off,Global on
PTSD,7,24,1,1,4,CS+,ITI,24,0.041666666666666664,1,24,0.041666666666666664,Global off,Global on
PTSD,7,29,1,1,2,ITI,ITI,24,0.041666666666666664,1,24,0.041666666666666664,Global off,Threat-like
PTSD,7,32,1,1,4,CS-,CS-,24,0.041666666666666664,1,24,0.041666666666666664,Global off,Global on
PTSD,13,5,5,2,1,CS+,CS+,123,0.04065040650406504,4,24,0.16666666666666666,Threat-like,Global off
PTSD,1,3,8,1,1,ITI,ITI,197,0.04060913705583756,7,24,0.2916666666666667,Global off,Global off
PTSD,24,2,3,4,1,ITI,ITI,74,0.04054054054054054,3,24,0.125,Global on,Global off
PTSD,24,23,3,4,4,ITI,ITI,74,0.04054054054054054,2,24,0.08333333333333333,Global on,Global on
PTSD,32,30,8,4,4,ITI,ITI,199,0.04020100502512563,8,24,0.3333333333333333,Global on,Global on
PTSD,5,8,4,1,3,CS-,CS-,104,0.038461538461538464,4,24,0.16666666666666666,Global off,Safety-like
PTSD,5,9,4,1,1,ITI,CS-,104,0.038461538461538464,4,24,0.16666666666666666,Global off,Global off
PTSD,5,21,4,1,1,CS+,CS+,104,0.038461538461538464,4,24,0.16666666666666666,Global off,Global off
PTSD,5,31,4,1,4,CS+,ITI,104,0.038461538461538464,4,24,0.16666666666666666,Global off,Global on
PTSD,31,16,4,4,4,ITI,CS-,104,0.038461538461538464,3,24,0.125,Global on,Global on
PTSD,31,19,4,4,3,ITI,CS-,104,0.038461538461538464,3,24,0.125,Global on,Safety-like
PTSD,31,28,4,4,4,ITI,CS+,104,0.038461538461538464,3,24,0.125,Global on,Global on
PTSD,4,5,4,3,1,ITI,ITI,108,0.037037037037037035,4,24,0.16666666666666666,Safety-like,Global off
PTSD,4,8,4,3,3,ITI,ITI,108,0.037037037037037035,3,24,0.125,Safety-like,Safety-like
PTSD,4,18,4,3,3,ITI,ITI,108,0.037037037037037035,4,24,0.16666666666666666,Safety-like,Safety-like
PTSD,4,24,4,3,4,ITI,CS+,108,0.037037037037037035,3,24,0.125,Safety-like,Global on
PTSD,4,26,4,3,4,CS-,CS-,108,0.037037037037037035,4,24,0.16666666666666666,Safety-like,Global on
PTSD,25,4,2,1,3,ITI,CS-,54,0.037037037037037035,2,24,0.08333333333333333,Global off,Safety-like
PTSD,25,30,2,1,4,ITI,CS-,54,0.037037037037037035,2,24,0.08333333333333333,Global off,Global on
PTSD,9,19,3,1,3,ITI,ITI,82,0.036585365853658534,3,24,0.125,Global off,Safety-like
PTSD,9,26,3,1,4,ITI,ITI,82,0.036585365853658534,3,24,0.125,Global off,Global on
PTSD,9,27,3,1,4,ITI,CS+,82,0.036585365853658534,3,24,0.125,Global off,Global on
PTSD,28,2,3,4,1,CS+,CS-,82,0.036585365853658534,3,24,0.125,Global on,Global off
PTSD,28,13,3,4,2,ITI,ITI,82,0.036585365853658534,3,24,0.125,Global on,Threat-like
PTSD,28,26,3,4,4,CS+,ITI,82,0.036585365853658534,3,24,0.125,Global on,Global on
PTSD,20,29,5,3,2,ITI,ITI,138,0.036231884057971016,4,24,0.16666666666666666,Safety-like,Threat-like
PTSD,20,31,5,3,4,ITI,ITI,138,0.036231884057971016,5,24,0.20833333333333334,Safety-like,Global on
PTSD,1,14,7,1,2,ITI,CS+,197,0.03553299492385787,6,24,0.25,Global off,Threat-like
PTSD,32,14,7,4,2,CS-,CS-,199,0.035175879396984924,7,24,0.2916666666666667,Global on,Threat-like
PTSD,17,2,3,1,1,CS-,ITI,86,0.03488372093023256,3,24,0.125,Global off,Global off
PTSD,17,13,3,1,2,ITI,ITI,86,0.03488372093023256,2,24,0.08333333333333333,Global off,Threat-like
PTSD,17,15,3,1,2,ITI,CS+,86,0.03488372093023256,3,24,0.125,Global off,Threat-like
PTSD,17,21,3,1,1,ITI,ITI,86,0.03488372093023256,3,24,0.125,Global off,Global off
PTSD,17,24,3,1,4,CS+,CS-,86,0.03488372093023256,3,24,0.125,Global off,Global on
PTSD,17,28,3,1,4,CS-,ITI,86,0.03488372093023256,3,24,0.125,Global off,Global on
PTSD,17,29,3,1,2,ITI,ITI,86,0.03488372093023256,3,24,0.125,Global off,Threat-like
PTSD,26,11,1,4,1,CS-,CS+,29,0.034482758620689655,1,24,0.041666666666666664,Global on,Global off
PTSD,26,13,1,4,2,CS+,ITI,29,0.034482758620689655,1,24,0.041666666666666664,Global on,Threat-like
PTSD,26,18,1,4,3,ITI,ITI,29,0.034482758620689655,1,24,0.041666666666666664,Global on,Safety-like
PTSD,26,20,1,4,3,ITI,ITI,29,0.034482758620689655,1,24,0.041666666666666664,Global on,Safety-like
PTSD,26,24,1,4,4,CS+,CS+,29,0.034482758620689655,1,24,0.041666666666666664,Global on,Global on
PTSD,26,27,1,4,4,CS+,CS+,29,0.034482758620689655,1,24,0.041666666666666664,Global on,Global on
PTSD,26,31,1,4,4,CS+,ITI,29,0.034482758620689655,1,24,0.041666666666666664,Global on,Global on
PTSD,2,24,4,1,4,CS+,ITI,117,0.03418803418803419,4,24,0.16666666666666666,Global off,Global on
PTSD,2,28,4,1,4,CS-,ITI,117,0.03418803418803419,4,24,0.16666666666666666,Global off,Global on
PTSD,16,5,3,4,1,CS-,CS-,90,0.03333333333333333,2,24,0.08333333333333333,Global on,Global off
PTSD,16,9,3,4,1,CS-,ITI,90,0.03333333333333333,3,24,0.125,Global on,Global off
PTSD,16,21,3,4,1,CS+,ITI,90,0.03333333333333333,3,24,0.125,Global on,Global off
PTSD,16,31,3,4,4,ITI,ITI,90,0.03333333333333333,3,24,0.125,Global on,Global on
PTSD,29,4,3,2,3,ITI,ITI,91,0.03296703296703297,2,24,0.08333333333333333,Threat-like,Safety-like
PTSD,29,5,3,2,1,ITI,ITI,91,0.03296703296703297,3,24,0.125,Threat-like,Global off
PTSD,29,10,3,2,1,CS-,ITI,91,0.03296703296703297,3,24,0.125,Threat-like,Global off
PTSD,29,19,3,2,3,CS-,CS-,91,0.03296703296703297,2,24,0.08333333333333333,Threat-like,Safety-like
PTSD,29,25,3,2,1,ITI,ITI,91,0.03296703296703297,2,24,0.08333333333333333,Threat-like,Global off
PTSD,13,3,4,2,1,ITI,ITI,123,0.032520325203252036,4,24,0.16666666666666666,Threat-like,Global off
PTSD,13,8,4,2,3,CS-,CS+,123,0.032520325203252036,4,24,0.16666666666666666,Threat-like,Safety-like
PTSD,19,4,2,3,3,ITI,ITI,62,0.03225806451612903,2,24,0.08333333333333333,Safety-like,Safety-like
PTSD,19,5,2,3,1,ITI,CS+,62,0.03225806451612903,2,24,0.08333333333333333,Safety-like,Global off
PTSD,19,6,2,3,1,CS+,CS+,62,0.03225806451612903,2,24,0.08333333333333333,Safety-like,Global off
PTSD,19,18,2,3,3,CS-,CS-,62,0.03225806451612903,2,24,0.08333333333333333,Safety-like,Safety-like
PTSD,23,3,1,4,1,CS-,ITI,32,0.03125,1,24,0.041666666666666664,Global on,Global off
PTSD,23,13,1,4,2,CS-,ITI,32,0.03125,1,24,0.041666666666666664,Global on,Threat-like
PTSD,23,16,1,4,4,CS+,CS+,32,0.03125,1,24,0.041666666666666664,Global on,Global on
PTSD,23,18,1,4,3,ITI,ITI,32,0.03125,1,24,0.041666666666666664,Global on,Safety-like
PTSD,23,19,1,4,3,ITI,ITI,32,0.03125,1,24,0.041666666666666664,Global on,Safety-like
PTSD,23,27,1,4,4,ITI,CS-,32,0.03125,1,24,0.041666666666666664,Global on,Global on
PTSD,23,28,1,4,4,ITI,ITI,32,0.03125,1,24,0.041666666666666664,Global on,Global on
PTSD,23,29,1,4,2,ITI,ITI,32,0.03125,1,24,0.041666666666666664,Global on,Threat-like
PTSD,1,31,6,1,4,ITI,ITI,197,0.030456852791878174,6,24,0.25,Global off,Global on
PTSD,14,3,2,2,1,CS-,CS-,66,0.030303030303030304,2,24,0.08333333333333333,Threat-like,Global off
PTSD,14,10,2,2,1,CS+,CS+,66,0.030303030303030304,2,24,0.08333333333333333,Threat-like,Global off
PTSD,14,12,2,2,3,ITI,CS-,66,0.030303030303030304,2,24,0.08333333333333333,Threat-like,Safety-like
PTSD,32,2,6,4,1,CS+,CS-,199,0.03015075376884422,6,24,0.25,Global on,Global off
PTSD,32,9,6,4,1,CS-,ITI,199,0.03015075376884422,6,24,0.25,Global on,Global off
PTSD,32,17,6,4,1,ITI,ITI,199,0.03015075376884422,5,24,0.20833333333333334,Global on,Global off
PTSD,12,2,1,3,1,CS+,CS+,34,0.029411764705882353,1,24,0.041666666666666664,Safety-like,Global off
PTSD,12,3,1,3,1,CS+,ITI,34,0.029411764705882353,1,24,0.041666666666666664,Safety-like,Global off
PTSD,12,4,1,3,3,CS-,CS-,34,0.029411764705882353,1,24,0.041666666666666664,Safety-like,Safety-like
PTSD,12,15,1,3,2,CS+,ITI,34,0.029411764705882353,1,24,0.041666666666666664,Safety-like,Threat-like
PTSD,12,19,1,3,3,CS+,CS+,34,0.029411764705882353,1,24,0.041666666666666664,Safety-like,Safety-like
PTSD,12,25,1,3,1,ITI,CS-,34,0.029411764705882353,1,24,0.041666666666666664,Safety-like,Global off
PTSD,12,26,1,3,4,CS-,ITI,34,0.029411764705882353,1,24,0.041666666666666664,Safety-like,Global on
PTSD,12,27,1,3,4,CS+,CS+,34,0.029411764705882353,1,24,0.041666666666666664,Safety-like,Global on
PTSD,12,30,1,3,4,ITI,ITI,34,0.029411764705882353,1,24,0.041666666666666664,Safety-like,Global on
PTSD,12,31,1,3,4,CS+,CS+,34,0.029411764705882353,1,24,0.041666666666666664,Safety-like,Global on
PTSD,20,23,4,3,4,ITI,CS+,138,0.028985507246376812,4,24,0.16666666666666666,Safety-like,Global on
PTSD,5,10,3,1,1,CS+,CS+,104,0.028846153846153848,3,24,0.125,Global off,Global off
PTSD,5,15,3,1,2,ITI,ITI,104,0.028846153846153848,2,24,0.08333333333333333,Global off,Threat-like
PTSD,5,27,3,1,4,CS+,ITI,104,0.028846153846153848,3,24,0.125,Global off,Global on
PTSD,31,8,3,4,3,ITI,ITI,104,0.028846153846153848,3,24,0.125,Global on,Safety-like
PTSD,31,9,3,4,1,ITI,CS+,104,0.028846153846153848,3,24,0.125,Global on,Global off
PTSD,31,14,3,4,2,ITI,CS-,104,0.028846153846153848,3,24,0.125,Global on,Threat-like
PTSD,31,15,3,4,2,ITI,ITI,104,0.028846153846153848,3,24,0.125,Global on,Threat-like
PTSD,31,25,3,4,1,ITI,ITI,104,0.028846153846153848,3,24,0.125,Global on,Global off
PTSD,31,30,3,4,4,ITI,CS-,104,0.028846153846153848,3,24,0.125,Global on,Global on
PTSD,15,2,1,2,1,CS+,CS+,35,0.02857142857142857,1,24,0.041666666666666664,Threat-like,Global off
PTSD,15,8,1,2,3,CS+,CS+,35,0.02857142857142857,1,24,0.041666666666666664,Threat-like,Safety-like
PTSD,15,9,1,2,1,ITI,ITI,35,0.02857142857142857,1,24,0.041666666666666664,Threat-like,Global off
PTSD,15,10,1,2,1,CS-,CS-,35,0.02857142857142857,1,24,0.041666666666666664,Threat-like,Global off
PTSD,15,14,1,2,2,ITI,CS+,35,0.02857142857142857,1,24,0.041666666666666664,Threat-like,Threat-like
PTSD,15,17,1,2,1,ITI,ITI,35,0.02857142857142857,1,24,0.041666666666666664,Threat-like,Global off
PTSD,15,19,1,2,3,ITI,ITI,35,0.02857142857142857,1,24,0.041666666666666664,Threat-like,Safety-like
PTSD,15,20,1,2,3,CS+,CS+,35,0.02857142857142857,1,24,0.041666666666666664,Threat-like,Safety-like
PTSD,15,25,1,2,1,ITI,ITI,35,0.02857142857142857,1,24,0.041666666666666664,Threat-like,Global off
PTSD,15,30,1,2,4,CS+,ITI,35,0.02857142857142857,1,24,0.041666666666666664,Threat-like,Global on
PTSD,15,31,1,2,4,ITI,CS-,35,0.02857142857142857,1,24,0.041666666666666664,Threat-like,Global on
PTSD,4,3,3,3,1,CS+,CS+,108,0.027777777777777776,3,24,0.125,Safety-like,Global off
PTSD,4,10,3,3,1,ITI,CS+,108,0.027777777777777776,3,24,0.125,Safety-like,Global off
PTSD,4,16,3,3,4,ITI,ITI,108,0.027777777777777776,2,24,0.08333333333333333,Safety-like,Global on
PTSD,4,17,3,3,1,ITI,ITI,108,0.027777777777777776,2,24,0.08333333333333333,Safety-like,Global off
PTSD,4,19,3,3,3,ITI,ITI,108,0.027777777777777776,2,24,0.08333333333333333,Safety-like,Safety-like
PTSD,18,5,1,3,1,ITI,ITI,36,0.027777777777777776,1,24,0.041666666666666664,Safety-like,Global off
PTSD,18,7,1,3,1,CS-,ITI,36,0.027777777777777776,1,24,0.041666666666666664,Safety-like,Global off
PTSD,18,12,1,3,3,ITI,CS-,36,0.027777777777777776,1,24,0.041666666666666664,Safety-like,Safety-like
PTSD,18,14,1,3,2,ITI,CS-,36,0.027777777777777776,1,24,0.041666666666666664,Safety-like,Threat-like
PTSD,18,15,1,3,2,ITI,CS+,36,0.027777777777777776,1,24,0.041666666666666664,Safety-like,Threat-like
PTSD,18,19,1,3,3,ITI,ITI,36,0.027777777777777776,1,24,0.041666666666666664,Safety-like,Safety-like
PTSD,18,23,1,3,4,ITI,ITI,36,0.027777777777777776,1,24,0.041666666666666664,Safety-like,Global on
PTSD,18,24,1,3,4,CS+,ITI,36,0.027777777777777776,1,24,0.041666666666666664,Safety-like,Global on
PTSD,18,27,1,3,4,ITI,CS-,36,0.027777777777777776,1,24,0.041666666666666664,Safety-like,Global on
PTSD,24,1,2,4,1,CS-,CS-,74,0.02702702702702703,2,24,0.08333333333333333,Global on,Global off
PTSD,24,5,2,4,1,CS+,ITI,74,0.02702702702702703,2,24,0.08333333333333333,Global on,Global off
PTSD,24,13,2,4,2,ITI,CS-,74,0.02702702702702703,2,24,0.08333333333333333,Global on,Threat-like
PTSD,24,15,2,4,2,ITI,ITI,74,0.02702702702702703,2,24,0.08333333333333333,Global on,Threat-like
PTSD,24,16,2,4,4,CS+,CS-,74,0.02702702702702703,1,24,0.041666666666666664,Global on,Global on
PTSD,24,17,2,4,1,ITI,CS+,74,0.02702702702702703,2,24,0.08333333333333333,Global on,Global off
PTSD,24,18,2,4,3,CS+,ITI,74,0.02702702702702703,2,24,0.08333333333333333,Global on,Safety-like
PTSD,24,19,2,4,3,CS+,ITI,74,0.02702702702702703,2,24,0.08333333333333333,Global on,Safety-like
PTSD,24,21,2,4,1,ITI,ITI,74,0.02702702702702703,2,24,0.08333333333333333,Global on,Global off
PTSD,24,29,2,4,2,CS+,ITI,74,0.02702702702702703,2,24,0.08333333333333333,Global on,Threat-like
PTSD,24,30,2,4,4,CS+,ITI,74,0.02702702702702703,2,24,0.08333333333333333,Global on,Global on
PTSD,6,9,1,1,1,ITI,ITI,38,0.02631578947368421,1,24,0.041666666666666664,Global off,Global off
PTSD,6,10,1,1,1,ITI,CS+,38,0.02631578947368421,1,24,0.041666666666666664,Global off,Global off
PTSD,6,11,1,1,1,CS+,CS+,38,0.02631578947368421,1,24,0.041666666666666664,Global off,Global off
PTSD,6,13,1,1,2,ITI,CS+,38,0.02631578947368421,1,24,0.041666666666666664,Global off,Threat-like
PTSD,6,20,1,1,3,ITI,CS-,38,0.02631578947368421,1,24,0.041666666666666664,Global off,Safety-like
PTSD,6,23,1,1,4,CS+,CS+,38,0.02631578947368421,1,24,0.041666666666666664,Global off,Global on
PTSD,6,29,1,1,2,CS-,CS-,38,0.02631578947368421,1,24,0.041666666666666664,Global off,Threat-like
PTSD,6,30,1,1,4,CS+,CS+,38,0.02631578947368421,1,24,0.041666666666666664,Global off,Global on
PTSD,6,31,1,1,4,ITI,CS+,38,0.02631578947368421,1,24,0.041666666666666664,Global off,Global on
PTSD,2,6,3,1,1,ITI,CS+,117,0.02564102564102564,3,24,0.125,Global off,Global off
PTSD,2,14,3,1,2,CS+,ITI,117,0.02564102564102564,2,24,0.08333333333333333,Global off,Threat-like
PTSD,10,4,1,1,3,CS-,ITI,39,0.02564102564102564,1,24,0.041666666666666664,Global off,Safety-like
PTSD,10,6,1,1,1,ITI,ITI,39,0.02564102564102564,1,24,0.041666666666666664,Global off,Global off
PTSD,10,7,1,1,1,CS+,CS+,39,0.02564102564102564,1,24,0.041666666666666664,Global off,Global off
PTSD,10,14,1,1,2,ITI,ITI,39,0.02564102564102564,1,24,0.041666666666666664,Global off,Threat-like
PTSD,10,15,1,1,2,ITI,ITI,39,0.02564102564102564,1,24,0.041666666666666664,Global off,Threat-like
PTSD,10,19,1,1,3,ITI,ITI,39,0.02564102564102564,1,24,0.041666666666666664,Global off,Safety-like
PTSD,10,27,1,1,4,ITI,ITI,39,0.02564102564102564,1,24,0.041666666666666664,Global off,Global on
PTSD,10,30,1,1,4,CS+,CS+,39,0.02564102564102564,1,24,0.041666666666666664,Global off,Global on
PTSD,10,31,1,1,4,CS+,CS+,39,0.02564102564102564,1,24,0.041666666666666664,Global off,Global on
PTSD,1,6,5,1,1,ITI,ITI,197,0.025380710659898477,5,24,0.20833333333333334,Global off,Global off
PTSD,1,8,5,1,3,CS-,CS+,197,0.025380710659898477,5,24,0.20833333333333334,Global off,Safety-like
PTSD,32,4,5,4,3,CS+,ITI,199,0.02512562814070352,4,24,0.16666666666666666,Global on,Safety-like
PTSD,32,27,5,4,4,ITI,ITI,199,0.02512562814070352,3,24,0.125,Global on,Global on
PTSD,13,10,3,2,1,ITI,ITI,123,0.024390243902439025,3,24,0.125,Threat-like,Global off
PTSD,13,12,3,2,3,CS-,ITI,123,0.024390243902439025,3,24,0.125,Threat-like,Safety-like
PTSD,13,15,3,2,2,CS+,CS+,123,0.024390243902439025,3,24,0.125,Threat-like,Threat-like
PTSD,13,17,3,2,1,CS+,ITI,123,0.024390243902439025,3,24,0.125,Threat-like,Global off
PTSD,13,24,3,2,4,ITI,ITI,123,0.024390243902439025,2,24,0.08333333333333333,Threat-like,Global on
PTSD,13,28,3,2,4,CS-,ITI,123,0.024390243902439025,2,24,0.08333333333333333,Threat-like,Global on
PTSD,9,6,2,1,1,CS+,CS-,82,0.024390243902439025,2,24,0.08333333333333333,Global off,Global off
PTSD,9,11,2,1,1,CS-,CS+,82,0.024390243902439025,2,24,0.08333333333333333,Global off,Global off
PTSD,9,24,2,1,4,CS+,CS+,82,0.024390243902439025,2,24,0.08333333333333333,Global off,Global on
PTSD,28,5,2,4,1,ITI,ITI,82,0.024390243902439025,2,24,0.08333333333333333,Global on,Global off
PTSD,28,6,2,4,1,ITI,CS+,82,0.024390243902439025,2,24,0.08333333333333333,Global on,Global off
PTSD,28,9,2,4,1,CS+,ITI,82,0.024390243902439025,2,24,0.08333333333333333,Global on,Global off
PTSD,28,10,2,4,1,CS-,CS-,82,0.024390243902439025,1,24,0.041666666666666664,Global on,Global off
PTSD,28,18,2,4,3,CS+,CS+,82,0.024390243902439025,2,24,0.08333333333333333,Global on,Safety-like
PTSD,28,21,2,4,1,CS+,CS+,82,0.024390243902439025,2,24,0.08333333333333333,Global on,Global off
PTSD,28,25,2,4,1,CS-,ITI,82,0.024390243902439025,2,24,0.08333333333333333,Global on,Global off
PTSD,28,30,2,4,4,CS+,CS+,82,0.024390243902439025,2,24,0.08333333333333333,Global on,Global on
PTSD,28,31,2,4,4,CS-,CS+,82,0.024390243902439025,2,24,0.08333333333333333,Global on,Global on
PTSD,3,6,1,1,1,ITI,CS+,42,0.023809523809523808,1,24,0.041666666666666664,Global off,Global off
PTSD,3,10,1,1,1,CS+,ITI,42,0.023809523809523808,1,24,0.041666666666666664,Global off,Global off
PTSD,3,16,1,1,4,CS+,ITI,42,0.023809523809523808,1,24,0.041666666666666664,Global off,Global on
PTSD,3,21,1,1,1,ITI,CS-,42,0.023809523809523808,1,24,0.041666666666666664,Global off,Global off
PTSD,3,26,1,1,4,ITI,ITI,42,0.023809523809523808,1,24,0.041666666666666664,Global off,Global on
PTSD,17,3,2,1,1,CS-,ITI,86,0.023255813953488372,2,24,0.08333333333333333,Global off,Global off
PTSD,17,5,2,1,1,ITI,ITI,86,0.023255813953488372,2,24,0.08333333333333333,Global off,Global off
PTSD,17,6,2,1,1,ITI,ITI,86,0.023255813953488372,2,24,0.08333333333333333,Global off,Global off
PTSD,17,16,2,1,4,ITI,CS+,86,0.023255813953488372,2,24,0.08333333333333333,Global off,Global on
PTSD,17,26,2,1,4,ITI,CS+,86,0.023255813953488372,2,24,0.08333333333333333,Global off,Global on
PTSD,17,31,2,1,4,CS+,CS+,86,0.023255813953488372,2,24,0.08333333333333333,Global off,Global on
PTSD,8,1,1,3,1,ITI,ITI,43,0.023255813953488372,1,24,0.041666666666666664,Safety-like,Global off
PTSD,8,3,1,3,1,ITI,ITI,43,0.023255813953488372,1,24,0.041666666666666664,Safety-like,Global off
PTSD,8,7,1,3,1,CS+,CS+,43,0.023255813953488372,1,24,0.041666666666666664,Safety-like,Global off
PTSD,8,9,1,3,1,ITI,ITI,43,0.023255813953488372,1,24,0.041666666666666664,Safety-like,Global off
PTSD,8,10,1,3,1,ITI,CS-,43,0.023255813953488372,1,24,0.041666666666666664,Safety-like,Global off
PTSD,8,12,1,3,3,ITI,ITI,43,0.023255813953488372,1,24,0.041666666666666664,Safety-like,Safety-like
PTSD,8,15,1,3,2,CS-,ITI,43,0.023255813953488372,1,24,0.041666666666666664,Safety-like,Threat-like
PTSD,8,23,1,3,4,CS-,ITI,43,0.023255813953488372,1,24,0.041666666666666664,Safety-like,Global on
PTSD,8,25,1,3,1,ITI,ITI,43,0.023255813953488372,1,24,0.041666666666666664,Safety-like,Global off
PTSD,8,26,1,3,4,ITI,ITI,43,0.023255813953488372,1,24,0.041666666666666664,Safety-like,Global on
PTSD,8,27,1,3,4,ITI,ITI,43,0.023255813953488372,1,24,0.041666666666666664,Safety-like,Global on
PTSD,8,29,1,3,2,ITI,CS+,43,0.023255813953488372,1,24,0.041666666666666664,Safety-like,Threat-like
PTSD,8,30,1,3,4,ITI,ITI,43,0.023255813953488372,1,24,0.041666666666666664,Safety-like,Global on
PTSD,8,31,1,3,4,ITI,ITI,43,0.023255813953488372,1,24,0.041666666666666664,Safety-like,Global on
PTSD,27,3,1,4,1,ITI,ITI,43,0.023255813953488372,1,24,0.041666666666666664,Global on,Global off
PTSD,27,5,1,4,1,CS-,ITI,43,0.023255813953488372,1,24,0.041666666666666664,Global on,Global off
PTSD,27,6,1,4,1,ITI,ITI,43,0.023255813953488372,1,24,0.041666666666666664,Global on,Global off
PTSD,27,7,1,4,1,CS+,CS+,43,0.023255813953488372,1,24,0.041666666666666664,Global on,Global off
PTSD,27,8,1,4,3,CS-,CS-,43,0.023255813953488372,1,24,0.041666666666666664,Global on,Safety-like
PTSD,27,10,1,4,1,CS+,ITI,43,0.023255813953488372,1,24,0.041666666666666664,Global on,Global off
PTSD,27,14,1,4,2,ITI,ITI,43,0.023255813953488372,1,24,0.041666666666666664,Global on,Threat-like
PTSD,27,18,1,4,3,ITI,ITI,43,0.023255813953488372,1,24,0.041666666666666664,Global on,Safety-like
PTSD,27,23,1,4,4,ITI,ITI,43,0.023255813953488372,1,24,0.041666666666666664,Global on,Global on
PTSD,27,24,1,4,4,ITI,ITI,43,0.023255813953488372,1,24,0.041666666666666664,Global on,Global on
PTSD,27,26,1,4,4,ITI,ITI,43,0.023255813953488372,1,24,0.041666666666666664,Global on,Global on
PTSD,27,28,1,4,4,ITI,CS-,43,0.023255813953488372,1,24,0.041666666666666664,Global on,Global on
PTSD,27,30,1,4,4,CS-,CS-,43,0.023255813953488372,1,24,0.041666666666666664,Global on,Global on
PTSD,27,31,1,4,4,ITI,ITI,43,0.023255813953488372,1,24,0.041666666666666664,Global on,Global on
PTSD,16,1,2,4,1,CS+,ITI,90,0.022222222222222223,2,24,0.08333333333333333,Global on,Global off
PTSD,16,6,2,4,1,CS-,CS-,90,0.022222222222222223,2,24,0.08333333333333333,Global on,Global off
PTSD,16,8,2,4,3,CS-,CS-,90,0.022222222222222223,2,24,0.08333333333333333,Global on,Safety-like
PTSD,16,22,2,4,4,CS-,CS-,90,0.022222222222222223,2,24,0.08333333333333333,Global on,Global on
PTSD,16,26,2,4,4,CS+,CS+,90,0.022222222222222223,2,24,0.08333333333333333,Global on,Global on
PTSD,16,28,2,4,4,CS+,ITI,90,0.022222222222222223,2,24,0.08333333333333333,Global on,Global on
PTSD,16,29,2,4,2,CS+,ITI,90,0.022222222222222223,2,24,0.08333333333333333,Global on,Threat-like
PTSD,16,30,2,4,4,CS-,CS+,90,0.022222222222222223,2,24,0.08333333333333333,Global on,Global on
PTSD,29,2,2,2,1,CS+,CS+,91,0.02197802197802198,2,24,0.08333333333333333,Threat-like,Global off
PTSD,29,12,2,2,3,CS+,CS+,91,0.02197802197802198,2,24,0.08333333333333333,Threat-like,Safety-like
PTSD,29,20,2,2,3,ITI,CS+,91,0.02197802197802198,2,24,0.08333333333333333,Threat-like,Safety-like
PTSD,29,23,2,2,4,ITI,CS-,91,0.02197802197802198,2,24,0.08333333333333333,Threat-like,Global on
PTSD,29,24,2,2,4,CS+,CS+,91,0.02197802197802198,2,24,0.08333333333333333,Threat-like,Global on
PTSD,20,5,3,3,1,ITI,ITI,138,0.021739130434782608,3,24,0.125,Safety-like,Global off
PTSD,20,9,3,3,1,ITI,CS-,138,0.021739130434782608,2,24,0.08333333333333333,Safety-like,Global off
PTSD,20,12,3,3,3,ITI,CS+,138,0.021739130434782608,3,24,0.125,Safety-like,Safety-like
PTSD,20,25,3,3,1,ITI,ITI,138,0.021739130434782608,3,24,0.125,Safety-like,Global off
PTSD,20,27,3,3,4,CS-,ITI,138,0.021739130434782608,3,24,0.125,Safety-like,Global on
PTSD,21,6,1,1,1,ITI,ITI,46,0.021739130434782608,1,24,0.041666666666666664,Global off,Global off
PTSD,21,11,1,1,1,ITI,ITI,46,0.021739130434782608,1,24,0.041666666666666664,Global off,Global off
PTSD,21,12,1,1,3,CS+,CS+,46,0.021739130434782608,1,24,0.041666666666666664,Global off,Safety-like
PTSD,21,14,1,1,2,ITI,CS-,46,0.021739130434782608,1,24,0.041666666666666664,Global off,Threat-like
PTSD,21,15,1,1,2,ITI,CS+,46,0.021739130434782608,1,24,0.041666666666666664,Global off,Threat-like
PTSD,21,24,1,1,4,CS-,CS-,46,0.021739130434782608,1,24,0.041666666666666664,Global off,Global on
PTSD,21,29,1,1,2,ITI,ITI,46,0.021739130434782608,1,24,0.041666666666666664,Global off,Threat-like
PTSD,30,5,1,4,1,ITI,CS+,46,0.021739130434782608,1,24,0.041666666666666664,Global on,Global off
PTSD,30,8,1,4,3,ITI,ITI,46,0.021739130434782608,1,24,0.041666666666666664,Global on,Safety-like
PTSD,30,11,1,4,1,CS-,CS-,46,0.021739130434782608,1,24,0.041666666666666664,Global on,Global off
PTSD,30,14,1,4,2,CS-,ITI,46,0.021739130434782608,1,24,0.041666666666666664,Global on,Threat-like
PTSD,30,15,1,4,2,CS-,ITI,46,0.021739130434782608,1,24,0.041666666666666664,Global on,Threat-like
PTSD,30,19,1,4,3,ITI,ITI,46,0.021739130434782608,1,24,0.041666666666666664,Global on,Safety-like
PTSD,30,20,1,4,3,CS+,CS+,46,0.021739130434782608,1,24,0.041666666666666664,Global on,Safety-like
PTSD,30,21,1,4,1,ITI,ITI,46,0.021739130434782608,1,24,0.041666666666666664,Global on,Global off
PTSD,30,24,1,4,4,CS+,ITI,46,0.021739130434782608,1,24,0.041666666666666664,Global on,Global on
PTSD,30,26,1,4,4,CS-,CS-,46,0.021739130434782608,1,24,0.041666666666666664,Global on,Global on
PTSD,30,27,1,4,4,CS+,ITI,46,0.021739130434782608,1,24,0.041666666666666664,Global on,Global on
PTSD,30,29,1,4,2,ITI,ITI,46,0.021739130434782608,1,24,0.041666666666666664,Global on,Threat-like
PTSD,1,18,4,1,3,CS-,ITI,197,0.02030456852791878,4,24,0.16666666666666666,Global off,Safety-like
PTSD,1,24,4,1,4,ITI,ITI,197,0.02030456852791878,4,24,0.16666666666666666,Global off,Global on
PTSD,1,28,4,1,4,CS-,CS-,197,0.02030456852791878,4,24,0.16666666666666666,Global off,Global on
PTSD,32,5,4,4,1,CS+,CS+,199,0.020100502512562814,4,24,0.16666666666666666,Global on,Global off
PTSD,32,21,4,4,1,ITI,CS-,199,0.020100502512562814,4,24,0.16666666666666666,Global on,Global off
PTSD,5,6,2,1,1,ITI,CS+,104,0.019230769230769232,2,24,0.08333333333333333,Global off,Global off
PTSD,5,12,2,1,3,ITI,CS+,104,0.019230769230769232,2,24,0.08333333333333333,Global off,Safety-like
PTSD,5,17,2,1,1,CS-,CS-,104,0.019230769230769232,2,24,0.08333333333333333,Global off,Global off
PTSD,5,20,2,1,3,CS-,CS-,104,0.019230769230769232,2,24,0.08333333333333333,Global off,Safety-like
PTSD,5,24,2,1,4,CS+,CS+,104,0.019230769230769232,2,24,0.08333333333333333,Global off,Global on
PTSD,5,25,2,1,1,CS+,ITI,104,0.019230769230769232,1,24,0.041666666666666664,Global off,Global off
PTSD,5,29,2,1,2,CS-,CS-,104,0.019230769230769232,2,24,0.08333333333333333,Global off,Threat-like
PTSD,5,30,2,1,4,CS+,CS-,104,0.019230769230769232,2,24,0.08333333333333333,Global off,Global on
PTSD,31,10,2,4,1,CS+,CS-,104,0.019230769230769232,2,24,0.08333333333333333,Global on,Global off
PTSD,31,21,2,4,1,ITI,ITI,104,0.019230769230769232,2,24,0.08333333333333333,Global on,Global off
PTSD,31,23,2,4,4,CS-,CS-,104,0.019230769230769232,2,24,0.08333333333333333,Global on,Global on
PTSD,31,27,2,4,4,CS-,CS-,104,0.019230769230769232,2,24,0.08333333333333333,Global on,Global on
PTSD,4,7,2,3,1,CS+,ITI,108,0.018518518518518517,2,24,0.08333333333333333,Safety-like,Global off
PTSD,4,14,2,3,2,CS-,CS-,108,0.018518518518518517,2,24,0.08333333333333333,Safety-like,Threat-like
PTSD,4,22,2,3,4,CS+,ITI,108,0.018518518518518517,2,24,0.08333333333333333,Safety-like,Global on
PTSD,4,29,2,3,2,CS+,CS+,108,0.018518518518518517,2,24,0.08333333333333333,Safety-like,Threat-like
PTSD,4,30,2,3,4,ITI,CS-,108,0.018518518518518517,2,24,0.08333333333333333,Safety-like,Global on
PTSD,25,1,1,1,1,ITI,ITI,54,0.018518518518518517,1,24,0.041666666666666664,Global off,Global off
PTSD,25,3,1,1,1,ITI,ITI,54,0.018518518518518517,1,24,0.041666666666666664,Global off,Global off
PTSD,25,11,1,1,1,CS+,ITI,54,0.018518518518518517,1,24,0.041666666666666664,Global off,Global off
PTSD,25,13,1,1,2,CS+,ITI,54,0.018518518518518517,1,24,0.041666666666666664,Global off,Threat-like
PTSD,25,14,1,1,2,ITI,ITI,54,0.018518518518518517,1,24,0.041666666666666664,Global off,Threat-like
PTSD,25,15,1,1,2,CS+,CS+,54,0.018518518518518517,1,24,0.041666666666666664,Global off,Threat-like
PTSD,25,16,1,1,4,ITI,CS+,54,0.018518518518518517,1,24,0.041666666666666664,Global off,Global on
PTSD,25,18,1,1,3,ITI,ITI,54,0.018518518518518517,1,24,0.041666666666666664,Global off,Safety-like
PTSD,25,19,1,1,3,ITI,CS-,54,0.018518518518518517,1,24,0.041666666666666664,Global off,Safety-like
PTSD,25,23,1,1,4,CS+,ITI,54,0.018518518518518517,1,24,0.041666666666666664,Global off,Global on
PTSD,25,24,1,1,4,ITI,ITI,54,0.018518518518518517,1,24,0.041666666666666664,Global off,Global on
PTSD,25,28,1,1,4,ITI,ITI,54,0.018518518518518517,1,24,0.041666666666666664,Global off,Global on
PTSD,2,8,2,1,3,CS+,CS-,117,0.017094017094017096,2,24,0.08333333333333333,Global off,Safety-like
PTSD,2,10,2,1,1,CS+,ITI,117,0.017094017094017096,2,24,0.08333333333333333,Global off,Global off
PTSD,2,12,2,1,3,CS+,CS+,117,0.017094017094017096,2,24,0.08333333333333333,Global off,Safety-like
PTSD,2,18,2,1,3,ITI,ITI,117,0.017094017094017096,1,24,0.041666666666666664,Global off,Safety-like
PTSD,2,25,2,1,1,CS+,CS+,117,0.017094017094017096,2,24,0.08333333333333333,Global off,Global off
PTSD,2,29,2,1,2,ITI,ITI,117,0.017094017094017096,2,24,0.08333333333333333,Global off,Threat-like
PTSD,2,30,2,1,4,ITI,CS+,117,0.017094017094017096,2,24,0.08333333333333333,Global off,Global on
PTSD,13,6,2,2,1,CS+,CS+,123,0.016260162601626018,2,24,0.08333333333333333,Threat-like,Global off
PTSD,13,7,2,2,1,CS+,CS+,123,0.016260162601626018,2,24,0.08333333333333333,Threat-like,Global off
PTSD,13,20,2,2,3,CS+,CS+,123,0.016260162601626018,2,24,0.08333333333333333,Threat-like,Safety-like
PTSD,13,21,2,2,1,CS-,CS-,123,0.016260162601626018,2,24,0.08333333333333333,Threat-like,Global off
PTSD,13,23,2,2,4,CS+,ITI,123,0.016260162601626018,2,24,0.08333333333333333,Threat-like,Global on
PTSD,13,25,2,2,1,CS-,ITI,123,0.016260162601626018,2,24,0.08333333333333333,Threat-like,Global off
PTSD,19,7,1,3,1,ITI,CS+,62,0.016129032258064516,1,24,0.041666666666666664,Safety-like,Global off
PTSD,19,10,1,3,1,ITI,CS-,62,0.016129032258064516,1,24,0.041666666666666664,Safety-like,Global off
PTSD,19,15,1,3,2,CS-,CS-,62,0.016129032258064516,1,24,0.041666666666666664,Safety-like,Threat-like
PTSD,19,21,1,3,1,ITI,CS+,62,0.016129032258064516,1,24,0.041666666666666664,Safety-like,Global off
PTSD,19,22,1,3,4,CS-,CS-,62,0.016129032258064516,1,24,0.041666666666666664,Safety-like,Global on
PTSD,19,23,1,3,4,ITI,ITI,62,0.016129032258064516,1,24,0.041666666666666664,Safety-like,Global on
PTSD,19,26,1,3,4,ITI,ITI,62,0.016129032258064516,1,24,0.041666666666666664,Safety-like,Global on
PTSD,19,27,1,3,4,CS+,ITI,62,0.016129032258064516,1,24,0.041666666666666664,Safety-like,Global on
PTSD,19,29,1,3,2,ITI,ITI,62,0.016129032258064516,1,24,0.041666666666666664,Safety-like,Threat-like
PTSD,1,19,3,1,3,ITI,ITI,197,0.015228426395939087,3,24,0.125,Global off,Safety-like
PTSD,1,21,3,1,1,CS+,ITI,197,0.015228426395939087,3,24,0.125,Global off,Global off
PTSD,1,23,3,1,4,CS-,ITI,197,0.015228426395939087,3,24,0.125,Global off,Global on
PTSD,1,26,3,1,4,ITI,ITI,197,0.015228426395939087,3,24,0.125,Global off,Global on
PTSD,14,4,1,2,3,ITI,ITI,66,0.015151515151515152,1,24,0.041666666666666664,Threat-like,Safety-like
PTSD,14,6,1,2,1,CS-,CS-,66,0.015151515151515152,1,24,0.041666666666666664,Threat-like,Global off
PTSD,14,7,1,2,1,CS+,ITI,66,0.015151515151515152,1,24,0.041666666666666664,Threat-like,Global off
PTSD,14,8,1,2,3,CS+,CS+,66,0.015151515151515152,1,24,0.041666666666666664,Threat-like,Safety-like
PTSD,14,15,1,2,2,ITI,CS-,66,0.015151515151515152,1,24,0.041666666666666664,Threat-like,Threat-like
PTSD,14,21,1,2,1,ITI,ITI,66,0.015151515151515152,1,24,0.041666666666666664,Threat-like,Global off
PTSD,14,25,1,2,1,ITI,ITI,66,0.015151515151515152,1,24,0.041666666666666664,Threat-like,Global off
PTSD,14,26,1,2,4,CS+,ITI,66,0.015151515151515152,1,24,0.041666666666666664,Threat-like,Global on
PTSD,14,27,1,2,4,ITI,CS-,66,0.015151515151515152,1,24,0.041666666666666664,Threat-like,Global on
PTSD,14,28,1,2,4,CS-,CS-,66,0.015151515151515152,1,24,0.041666666666666664,Threat-like,Global on
PTSD,32,6,3,4,1,CS+,CS+,199,0.01507537688442211,3,24,0.125,Global on,Global off
PTSD,32,8,3,4,3,ITI,ITI,199,0.01507537688442211,3,24,0.125,Global on,Safety-like
PTSD,32,11,3,4,1,CS-,CS-,199,0.01507537688442211,3,24,0.125,Global on,Global off
PTSD,32,23,3,4,4,CS+,CS+,199,0.01507537688442211,3,24,0.125,Global on,Global on
PTSD,32,25,3,4,1,CS+,CS+,199,0.01507537688442211,3,24,0.125,Global on,Global off
PTSD,20,7,2,3,1,ITI,CS-,138,0.014492753623188406,2,24,0.08333333333333333,Safety-like,Global off
PTSD,20,10,2,3,1,ITI,CS+,138,0.014492753623188406,2,24,0.08333333333333333,Safety-like,Global off
PTSD,20,13,2,3,2,ITI,CS+,138,0.014492753623188406,2,24,0.08333333333333333,Safety-like,Threat-like
PTSD,20,14,2,3,2,CS-,CS-,138,0.014492753623188406,2,24,0.08333333333333333,Safety-like,Threat-like
PTSD,20,21,2,3,1,CS+,ITI,138,0.014492753623188406,2,24,0.08333333333333333,Safety-like,Global off
PTSD,24,3,1,4,1,CS-,ITI,74,0.013513513513513514,1,24,0.041666666666666664,Global on,Global off
PTSD,24,7,1,4,1,CS-,CS-,74,0.013513513513513514,1,24,0.041666666666666664,Global on,Global off
PTSD,24,9,1,4,1,CS+,CS+,74,0.013513513513513514,1,24,0.041666666666666664,Global on,Global off
PTSD,24,10,1,4,1,ITI,ITI,74,0.013513513513513514,1,24,0.041666666666666664,Global on,Global off
PTSD,24,12,1,4,3,ITI,CS+,74,0.013513513513513514,1,24,0.041666666666666664,Global on,Safety-like
PTSD,24,14,1,4,2,ITI,ITI,74,0.013513513513513514,1,24,0.041666666666666664,Global on,Threat-like
PTSD,24,25,1,4,1,CS+,ITI,74,0.013513513513513514,1,24,0.041666666666666664,Global on,Global off
PTSD,9,5,1,1,1,ITI,ITI,82,0.012195121951219513,1,24,0.041666666666666664,Global off,Global off
PTSD,9,8,1,1,3,ITI,ITI,82,0.012195121951219513,1,24,0.041666666666666664,Global off,Safety-like
PTSD,9,14,1,1,2,ITI,ITI,82,0.012195121951219513,1,24,0.041666666666666664,Global off,Threat-like
PTSD,9,15,1,1,2,ITI,CS-,82,0.012195121951219513,1,24,0.041666666666666664,Global off,Threat-like
PTSD,9,17,1,1,1,CS-,ITI,82,0.012195121951219513,1,24,0.041666666666666664,Global off,Global off
PTSD,9,18,1,1,3,ITI,ITI,82,0.012195121951219513,1,24,0.041666666666666664,Global off,Safety-like
PTSD,9,20,1,1,3,ITI,CS+,82,0.012195121951219513,1,24,0.041666666666666664,Global off,Safety-like
PTSD,9,21,1,1,1,CS+,ITI,82,0.012195121951219513,1,24,0.041666666666666664,Global off,Global off
PTSD,9,25,1,1,1,ITI,ITI,82,0.012195121951219513,1,24,0.041666666666666664,Global off,Global off
PTSD,9,28,1,1,4,CS+,ITI,82,0.012195121951219513,1,24,0.041666666666666664,Global off,Global on
PTSD,9,30,1,1,4,CS+,CS+,82,0.012195121951219513,1,24,0.041666666666666664,Global off,Global on
PTSD,28,3,1,4,1,ITI,ITI,82,0.012195121951219513,1,24,0.041666666666666664,Global on,Global off
PTSD,28,4,1,4,3,CS-,ITI,82,0.012195121951219513,1,24,0.041666666666666664,Global on,Safety-like
PTSD,28,8,1,4,3,CS+,ITI,82,0.012195121951219513,1,24,0.041666666666666664,Global on,Safety-like
PTSD,28,11,1,4,1,CS-,CS-,82,0.012195121951219513,1,24,0.041666666666666664,Global on,Global off
PTSD,28,12,1,4,3,CS-,ITI,82,0.012195121951219513,1,24,0.041666666666666664,Global on,Safety-like
PTSD,28,16,1,4,4,ITI,CS-,82,0.012195121951219513,1,24,0.041666666666666664,Global on,Global on
PTSD,28,19,1,4,3,CS-,ITI,82,0.012195121951219513,1,24,0.041666666666666664,Global on,Safety-like
PTSD,28,23,1,4,4,ITI,ITI,82,0.012195121951219513,1,24,0.041666666666666664,Global on,Global on
PTSD,28,29,1,4,2,ITI,ITI,82,0.012195121951219513,1,24,0.041666666666666664,Global on,Threat-like
PTSD,17,7,1,1,1,ITI,CS-,86,0.011627906976744186,1,24,0.041666666666666664,Global off,Global off
PTSD,17,11,1,1,1,ITI,ITI,86,0.011627906976744186,1,24,0.041666666666666664,Global off,Global off
PTSD,17,12,1,1,3,CS+,ITI,86,0.011627906976744186,1,24,0.041666666666666664,Global off,Safety-like
PTSD,17,18,1,1,3,ITI,ITI,86,0.011627906976744186,1,24,0.041666666666666664,Global off,Safety-like
PTSD,17,22,1,1,4,ITI,ITI,86,0.011627906976744186,1,24,0.041666666666666664,Global off,Global on
PTSD,17,27,1,1,4,ITI,ITI,86,0.011627906976744186,1,24,0.041666666666666664,Global off,Global on
PTSD,16,10,1,4,1,ITI,ITI,90,0.011111111111111112,1,24,0.041666666666666664,Global on,Global off
PTSD,16,11,1,4,1,CS+,CS+,90,0.011111111111111112,1,24,0.041666666666666664,Global on,Global off
PTSD,16,12,1,4,3,CS-,ITI,90,0.011111111111111112,1,24,0.041666666666666664,Global on,Safety-like
PTSD,16,18,1,4,3,ITI,CS+,90,0.011111111111111112,1,24,0.041666666666666664,Global on,Safety-like
PTSD,16,23,1,4,4,CS-,ITI,90,0.011111111111111112,1,24,0.041666666666666664,Global on,Global on
PTSD,16,24,1,4,4,CS-,ITI,90,0.011111111111111112,1,24,0.041666666666666664,Global on,Global on
PTSD,16,27,1,4,4,CS-,CS-,90,0.011111111111111112,1,24,0.041666666666666664,Global on,Global on
PTSD,29,3,1,2,1,ITI,ITI,91,0.01098901098901099,1,24,0.041666666666666664,Threat-like,Global off
PTSD,29,6,1,2,1,ITI,CS+,91,0.01098901098901099,1,24,0.041666666666666664,Threat-like,Global off
PTSD,29,7,1,2,1,CS-,ITI,91,0.01098901098901099,1,24,0.041666666666666664,Threat-like,Global off
PTSD,29,8,1,2,3,CS+,ITI,91,0.01098901098901099,1,24,0.041666666666666664,Threat-like,Safety-like
PTSD,29,11,1,2,1,ITI,CS+,91,0.01098901098901099,1,24,0.041666666666666664,Threat-like,Global off
PTSD,29,14,1,2,2,ITI,CS-,91,0.01098901098901099,1,24,0.041666666666666664,Threat-like,Threat-like
PTSD,29,15,1,2,2,ITI,ITI,91,0.01098901098901099,1,24,0.041666666666666664,Threat-like,Threat-like
PTSD,29,18,1,2,3,CS-,ITI,91,0.01098901098901099,1,24,0.041666666666666664,Threat-like,Safety-like
PTSD,29,21,1,2,1,ITI,ITI,91,0.01098901098901099,1,24,0.041666666666666664,Threat-like,Global off
PTSD,1,7,2,1,1,CS-,CS-,197,0.01015228426395939,2,24,0.08333333333333333,Global off,Global off
PTSD,1,10,2,1,1,CS-,CS-,197,0.01015228426395939,2,24,0.08333333333333333,Global off,Global off
PTSD,1,25,2,1,1,CS+,ITI,197,0.01015228426395939,2,24,0.08333333333333333,Global off,Global off
PTSD,1,27,2,1,4,CS-,ITI,197,0.01015228426395939,2,24,0.08333333333333333,Global off,Global on
PTSD,32,10,2,4,1,CS-,ITI,199,0.010050251256281407,2,24,0.08333333333333333,Global on,Global off
PTSD,32,12,2,4,3,ITI,CS+,199,0.010050251256281407,2,24,0.08333333333333333,Global on,Safety-like
PTSD,32,19,2,4,3,ITI,ITI,199,0.010050251256281407,2,24,0.08333333333333333,Global on,Safety-like
PTSD,32,22,2,4,4,CS+,ITI,199,0.010050251256281407,2,24,0.08333333333333333,Global on,Global on
PTSD,5,2,1,1,1,ITI,CS+,104,0.009615384615384616,1,24,0.041666666666666664,Global off,Global off
PTSD,5,18,1,1,3,ITI,ITI,104,0.009615384615384616,1,24,0.041666666666666664,Global off,Safety-like
PTSD,5,19,1,1,3,ITI,ITI,104,0.009615384615384616,1,24,0.041666666666666664,Global off,Safety-like
PTSD,5,23,1,1,4,CS+,CS+,104,0.009615384615384616,1,24,0.041666666666666664,Global off,Global on
PTSD,5,26,1,1,4,ITI,ITI,104,0.009615384615384616,1,24,0.041666666666666664,Global off,Global on
PTSD,31,3,1,4,1,CS+,CS+,104,0.009615384615384616,1,24,0.041666666666666664,Global on,Global off
PTSD,31,7,1,4,1,ITI,ITI,104,0.009615384615384616,1,24,0.041666666666666664,Global on,Global off
PTSD,31,11,1,4,1,CS+,CS+,104,0.009615384615384616,1,24,0.041666666666666664,Global on,Global off
PTSD,31,12,1,4,3,CS-,CS-,104,0.009615384615384616,1,24,0.041666666666666664,Global on,Safety-like
PTSD,31,13,1,4,2,CS-,ITI,104,0.009615384615384616,1,24,0.041666666666666664,Global on,Threat-like
PTSD,31,22,1,4,4,ITI,CS+,104,0.009615384615384616,1,24,0.041666666666666664,Global on,Global on
PTSD,31,26,1,4,4,ITI,CS+,104,0.009615384615384616,1,24,0.041666666666666664,Global on,Global on
PTSD,4,6,1,3,1,CS-,CS-,108,0.009259259259259259,1,24,0.041666666666666664,Safety-like,Global off
PTSD,4,11,1,3,1,ITI,CS+,108,0.009259259259259259,1,24,0.041666666666666664,Safety-like,Global off
PTSD,4,13,1,3,2,CS-,ITI,108,0.009259259259259259,1,24,0.041666666666666664,Safety-like,Threat-like
PTSD,4,15,1,3,2,CS+,CS+,108,0.009259259259259259,1,24,0.041666666666666664,Safety-like,Threat-like
PTSD,4,21,1,3,1,ITI,ITI,108,0.009259259259259259,1,24,0.041666666666666664,Safety-like,Global off
PTSD,4,28,1,3,4,ITI,ITI,108,0.009259259259259259,1,24,0.041666666666666664,Safety-like,Global on
PTSD,2,3,1,1,1,CS-,ITI,117,0.008547008547008548,1,24,0.041666666666666664,Global off,Global off
PTSD,2,11,1,1,1,CS+,ITI,117,0.008547008547008548,1,24,0.041666666666666664,Global off,Global off
PTSD,2,19,1,1,3,CS-,CS-,117,0.008547008547008548,1,24,0.041666666666666664,Global off,Safety-like
PTSD,2,21,1,1,1,ITI,ITI,117,0.008547008547008548,1,24,0.041666666666666664,Global off,Global off
PTSD,2,23,1,1,4,CS+,ITI,117,0.008547008547008548,1,24,0.041666666666666664,Global off,Global on
PTSD,2,26,1,1,4,ITI,ITI,117,0.008547008547008548,1,24,0.041666666666666664,Global off,Global on
PTSD,13,11,1,2,1,CS-,ITI,123,0.008130081300813009,1,24,0.041666666666666664,Threat-like,Global off
PTSD,13,19,1,2,3,CS+,CS+,123,0.008130081300813009,1,24,0.041666666666666664,Threat-like,Safety-like
PTSD,13,22,1,2,4,ITI,ITI,123,0.008130081300813009,1,24,0.041666666666666664,Threat-like,Global on
PTSD,13,26,1,2,4,CS+,ITI,123,0.008130081300813009,1,24,0.041666666666666664,Threat-like,Global on
PTSD,20,3,1,3,1,CS+,CS+,138,0.007246376811594203,1,24,0.041666666666666664,Safety-like,Global off
PTSD,20,6,1,3,1,ITI,CS-,138,0.007246376811594203,1,24,0.041666666666666664,Safety-like,Global off
PTSD,20,8,1,3,3,CS-,CS-,138,0.007246376811594203,1,24,0.041666666666666664,Safety-like,Safety-like
PTSD,20,16,1,3,4,ITI,ITI,138,0.007246376811594203,1,24,0.041666666666666664,Safety-like,Global on
PTSD,20,26,1,3,4,ITI,CS-,138,0.007246376811594203,1,24,0.041666666666666664,Safety-like,Global on
PTSD,20,30,1,3,4,ITI,CS-,138,0.007246376811594203,1,24,0.041666666666666664,Safety-like,Global on
PTSD,1,11,1,1,1,ITI,ITI,197,0.005076142131979695,1,24,0.041666666666666664,Global off,Global off
PTSD,1,12,1,1,3,CS-,CS-,197,0.005076142131979695,1,24,0.041666666666666664,Global off,Safety-like
PTSD,1,15,1,1,2,CS+,ITI,197,0.005076142131979695,1,24,0.041666666666666664,Global off,Threat-like
PTSD,1,22,1,1,4,CS-,ITI,197,0.005076142131979695,1,24,0.041666666666666664,Global off,Global on
PTSD,1,30,1,1,4,ITI,CS+,197,0.005076142131979695,1,24,0.041666666666666664,Global off,Global on
PTSD,32,3,1,4,1,ITI,ITI,199,0.005025125628140704,1,24,0.041666666666666664,Global on,Global off
PTSD,32,7,1,4,1,CS-,CS-,199,0.005025125628140704,1,24,0.041666666666666664,Global on,Global off
PTSD,32,15,1,4,2,ITI,CS-,199,0.005025125628140704,1,24,0.041666666666666664,Global on,Threat-like
