source,target,source_basin_PTSD,target_basin_PTSD,source_basin_label_PTSD,target_basin_label_PTSD,count_PTSD,source_total_PTSD,probability_PTSD,subject_support_count_PTSD,subject_support_prop_PTSD,most_common_source_event_PTSD,most_common_target_event_PTSD,source_basin_HC,target_basin_HC,source_basin_label_HC,target_basin_label_HC,count_HC,source_total_HC,probability_HC,subject_support_count_HC,subject_support_prop_HC,most_common_source_event_HC,most_common_target_event_HC,source_basin,target_basin,source_basin_label,target_basin_label,PTSD_minus_HC_count,PTSD_minus_HC_probability,PTSD_minus_HC_subject_support_count,PTSD_minus_HC_subject_support_prop,abs_probability_difference
11,32,1.0,4.0,Global off,Global on,5.0,17.0,0.29411764705882354,5.0,0.20833333333333334,CS+,ITI,0.0,0.0,0,0,0.0,0.0,0.0,0.0,0.0,0,0,1.0,4.0,Global off,Global on,5.0,0.29411764705882354,5.0,0.20833333333333334,0.29411764705882354
6,2,0.0,0.0,0,0,0.0,0.0,0.0,0.0,0.0,0,0,1.0,1.0,Global off,Global off,5.0,26.0,0.19230769230769232,5.0,0.20833333333333334,ITI,ITI,1.0,1.0,Global off,Global off,-5.0,-0.19230769230769232,-5.0,-0.20833333333333334,0.19230769230769232
9,1,1.0,1.0,Global off,Global off,12.0,74.0,0.16216216216216217,10.0,0.4166666666666667,CS-,CS+,1.0,1.0,Global off,Global off,21.0,60.0,0.35,13.0,0.5416666666666666,ITI,ITI,1.0,1.0,Global off,Global off,-9.0,-0.1878378378378378,-3.0,-0.12499999999999994,0.1878378378378378
22,23,4.0,4.0,Global on,Global on,2.0,10.0,0.2,2.0,0.08333333333333333,CS+,CS-,4.0,4.0,Global on,Global on,1.0,25.0,0.04,1.0,0.041666666666666664,ITI,ITI,4.0,4.0,Global on,Global on,1.0,0.16,1.0,0.041666666666666664,0.16
10,1,1.0,1.0,Global off,Global off,9.0,38.0,0.23684210526315788,8.0,0.3333333333333333,ITI,ITI,1.0,1.0,Global off,Global off,4.0,45.0,0.08888888888888889,4.0,0.16666666666666666,ITI,CS-,1.0,1.0,Global off,Global off,5.0,0.147953216374269,4.0,0.16666666666666666,0.147953216374269
10,2,1.0,1.0,Global off,Global off,3.0,38.0,0.07894736842105263,3.0,0.125,CS+,CS+,1.0,1.0,Global off,Global off,10.0,45.0,0.2222222222222222,7.0,0.2916666666666667,CS+,ITI,1.0,1.0,Global off,Global off,-7.0,-0.14327485380116958,-4.0,-0.16666666666666669,0.14327485380116958
15,5,2.0,1.0,Threat-like,Global off,4.0,30.0,0.13333333333333333,3.0,0.125,ITI,CS-,0.0,0.0,0,0,0.0,0.0,0.0,0.0,0.0,0,0,2.0,1.0,Threat-like,Global off,4.0,0.13333333333333333,3.0,0.125,0.13333333333333333
18,1,3.0,1.0,Safety-like,Global off,10.0,42.0,0.23809523809523808,8.0,0.3333333333333333,ITI,ITI,3.0,1.0,Safety-like,Global off,5.0,47.0,0.10638297872340426,4.0,0.16666666666666666,ITI,ITI,3.0,1.0,Safety-like,Global off,5.0,0.13171225937183384,4.0,0.16666666666666666,0.13171225937183384
11,12,0.0,0.0,0,0,0.0,0.0,0.0,0.0,0.0,0,0,1.0,3.0,Global off,Safety-like,2.0,16.0,0.125,2.0,0.08333333333333333,CS+,ITI,1.0,3.0,Global off,Safety-like,-2.0,-0.125,-2.0,-0.08333333333333333,0.125
22,19,4.0,3.0,Global on,Safety-like,2.0,10.0,0.2,2.0,0.08333333333333333,ITI,ITI,4.0,3.0,Global on,Safety-like,2.0,25.0,0.08,2.0,0.08333333333333333,ITI,ITI,4.0,3.0,Global on,Safety-like,0.0,0.12000000000000001,0.0,0.0,0.12000000000000001
22,18,0.0,0.0,0,0,0.0,0.0,0.0,0.0,0.0,0,0,4.0,3.0,Global on,Safety-like,3.0,25.0,0.12,3.0,0.125,ITI,ITI,4.0,3.0,Global on,Safety-like,-3.0,-0.12,-3.0,-0.125,0.12
24,32,4.0,4.0,Global on,Global on,21.0,70.0,0.3,13.0,0.5416666666666666,ITI,ITI,4.0,4.0,Global on,Global on,10.0,55.0,0.18181818181818182,8.0,0.3333333333333333,ITI,ITI,4.0,4.0,Global on,Global on,11.0,0.11818181818181817,5.0,0.20833333333333331,0.11818181818181817
14,5,2.0,1.0,Threat-like,Global off,3.0,71.0,0.04225352112676056,3.0,0.125,CS+,CS+,2.0,1.0,Threat-like,Global off,12.0,76.0,0.15789473684210525,8.0,0.3333333333333333,CS+,ITI,2.0,1.0,Threat-like,Global off,-9.0,-0.11564121571534469,-5.0,-0.20833333333333331,0.11564121571534469
27,13,4.0,2.0,Global on,Threat-like,1.0,38.0,0.02631578947368421,1.0,0.041666666666666664,ITI,CS+,4.0,2.0,Global on,Threat-like,4.0,30.0,0.13333333333333333,4.0,0.16666666666666666,ITI,ITI,4.0,2.0,Global on,Threat-like,-3.0,-0.10701754385964912,-3.0,-0.125,0.10701754385964912
18,13,0.0,0.0,0,0,0.0,0.0,0.0,0.0,0.0,0,0,3.0,2.0,Safety-like,Threat-like,5.0,47.0,0.10638297872340426,4.0,0.16666666666666666,ITI,CS+,3.0,2.0,Safety-like,Threat-like,-5.0,-0.10638297872340426,-4.0,-0.16666666666666666,0.10638297872340426
19,32,3.0,4.0,Safety-like,Global on,9.0,69.0,0.13043478260869565,7.0,0.2916666666666667,ITI,ITI,3.0,4.0,Safety-like,Global on,2.0,81.0,0.024691358024691357,2.0,0.08333333333333333,CS+,CS+,3.0,4.0,Safety-like,Global on,7.0,0.10574342458400429,5.0,0.20833333333333337,0.10574342458400429
22,3,4.0,1.0,Global on,Global off,1.0,10.0,0.1,1.0,0.041666666666666664,ITI,ITI,0.0,0.0,0,0,0.0,0.0,0.0,0.0,0.0,0,0,4.0,1.0,Global on,Global off,1.0,0.1,1.0,0.041666666666666664,0.1
6,5,1.0,1.0,Global off,Global off,3.0,30.0,0.1,2.0,0.08333333333333333,ITI,CS-,0.0,0.0,0,0,0.0,0.0,0.0,0.0,0.0,0,0,1.0,1.0,Global off,Global off,3.0,0.1,2.0,0.08333333333333333,0.1
3,31,0.0,0.0,0,0,0.0,0.0,0.0,0.0,0.0,0,0,1.0,4.0,Global off,Global on,5.0,50.0,0.1,2.0,0.08333333333333333,ITI,ITI,1.0,4.0,Global off,Global on,-5.0,-0.1,-2.0,-0.08333333333333333,0.1
27,19,0.0,0.0,0,0,0.0,0.0,0.0,0.0,0.0,0,0,4.0,3.0,Global on,Safety-like,3.0,30.0,0.1,2.0,0.08333333333333333,ITI,ITI,4.0,3.0,Global on,Safety-like,-3.0,-0.1,-2.0,-0.08333333333333333,0.1
12,16,3.0,4.0,Safety-like,Global on,1.0,41.0,0.024390243902439025,1.0,0.041666666666666664,ITI,ITI,3.0,4.0,Safety-like,Global on,7.0,57.0,0.12280701754385964,7.0,0.2916666666666667,ITI,ITI,3.0,4.0,Safety-like,Global on,-6.0,-0.09841677364142062,-6.0,-0.25,0.09841677364142062
25,29,2.0,2.0,Threat-like,Threat-like,6.0,50.0,0.12,5.0,0.20833333333333334,ITI,ITI,2.0,2.0,Threat-like,Threat-like,1.0,44.0,0.022727272727272728,1.0,0.041666666666666664,CS-,ITI,2.0,2.0,Threat-like,Threat-like,5.0,0.09727272727272726,4.0,0.16666666666666669,0.09727272727272726
6,16,1.0,4.0,Global off,Global on,4.0,30.0,0.13333333333333333,4.0,0.16666666666666666,CS+,ITI,1.0,4.0,Global off,Global on,1.0,26.0,0.038461538461538464,1.0,0.041666666666666664,ITI,CS-,1.0,4.0,Global off,Global on,3.0,0.09487179487179487,3.0,0.125,0.09487179487179487
8,16,3.0,4.0,Safety-like,Global on,2.0,54.0,0.037037037037037035,2.0,0.08333333333333333,CS+,CS+,3.0,4.0,Safety-like,Global on,8.0,61.0,0.13114754098360656,8.0,0.3333333333333333,CS+,ITI,3.0,4.0,Safety-like,Global on,-6.0,-0.09411050394656953,-6.0,-0.25,0.09411050394656953
29,19,2.0,3.0,Threat-like,Safety-like,1.0,120.0,0.008333333333333333,1.0,0.041666666666666664,ITI,ITI,2.0,3.0,Threat-like,Safety-like,9.0,89.0,0.10112359550561797,8.0,0.3333333333333333,ITI,ITI,2.0,3.0,Threat-like,Safety-like,-8.0,-0.09279026217228464,-7.0,-0.29166666666666663,0.09279026217228464
21,17,2.0,1.0,Threat-like,Global off,1.0,41.0,0.024390243902439025,1.0,0.041666666666666664,CS-,ITI,2.0,1.0,Threat-like,Global off,5.0,43.0,0.11627906976744186,5.0,0.20833333333333334,ITI,ITI,2.0,1.0,Threat-like,Global off,-4.0,-0.09188882586500283,-4.0,-0.16666666666666669,0.09188882586500283
20,32,3.0,4.0,Safety-like,Global on,11.0,128.0,0.0859375,10.0,0.4166666666666667,ITI,ITI,3.0,4.0,Safety-like,Global on,23.0,130.0,0.17692307692307693,15.0,0.625,ITI,ITI,3.0,4.0,Safety-like,Global on,-12.0,-0.09098557692307693,-5.0,-0.20833333333333331,0.09098557692307693
26,12,0.0,0.0,0,0,0.0,0.0,0.0,0.0,0.0,0,0,4.0,3.0,Global on,Safety-like,2.0,22.0,0.09090909090909091,2.0,0.08333333333333333,CS-,CS+,4.0,3.0,Global on,Safety-like,-2.0,-0.09090909090909091,-2.0,-0.08333333333333333,0.09090909090909091
26,3,0.0,0.0,0,0,0.0,0.0,0.0,0.0,0.0,0,0,4.0,1.0,Global on,Global off,2.0,22.0,0.09090909090909091,2.0,0.08333333333333333,CS-,ITI,4.0,1.0,Global on,Global off,-2.0,-0.09090909090909091,-2.0,-0.08333333333333333,0.09090909090909091
16,1,4.0,1.0,Global on,Global off,10.0,90.0,0.1111111111111111,9.0,0.375,ITI,ITI,4.0,1.0,Global on,Global off,2.0,84.0,0.023809523809523808,2.0,0.08333333333333333,CS+,CS+,4.0,1.0,Global on,Global off,8.0,0.0873015873015873,7.0,0.2916666666666667,0.0873015873015873
7,20,0.0,0.0,0,0,0.0,0.0,0.0,0.0,0.0,0,0,1.0,3.0,Global off,Safety-like,3.0,35.0,0.08571428571428572,3.0,0.125,ITI,ITI,1.0,3.0,Global off,Safety-like,-3.0,-0.08571428571428572,-3.0,-0.125,0.08571428571428572
23,17,0.0,0.0,0,0,0.0,0.0,0.0,0.0,0.0,0,0,4.0,1.0,Global on,Global off,4.0,47.0,0.0851063829787234,4.0,0.16666666666666666,ITI,ITI,4.0,1.0,Global on,Global off,-4.0,-0.0851063829787234,-4.0,-0.16666666666666666,0.0851063829787234
15,31,2.0,4.0,Threat-like,Global on,3.0,30.0,0.1,3.0,0.125,CS+,ITI,2.0,4.0,Threat-like,Global on,7.0,38.0,0.18421052631578946,6.0,0.25,CS+,ITI,2.0,4.0,Threat-like,Global on,-4.0,-0.08421052631578946,-3.0,-0.125,0.08421052631578946
6,14,1.0,2.0,Global off,Threat-like,1.0,30.0,0.03333333333333333,1.0,0.041666666666666664,CS-,ITI,1.0,2.0,Global off,Threat-like,3.0,26.0,0.11538461538461539,3.0,0.125,ITI,ITI,1.0,2.0,Global off,Threat-like,-2.0,-0.08205128205128207,-2.0,-0.08333333333333334,0.08205128205128207
22,5,0.0,0.0,0,0,0.0,0.0,0.0,0.0,0.0,0,0,4.0,1.0,Global on,Global off,2.0,25.0,0.08,2.0,0.08333333333333333,CS-,ITI,4.0,1.0,Global on,Global off,-2.0,-0.08,-2.0,-0.08333333333333333,0.08
3,20,1.0,3.0,Global off,Safety-like,5.0,50.0,0.1,4.0,0.16666666666666666,ITI,ITI,1.0,3.0,Global off,Safety-like,1.0,50.0,0.02,1.0,0.041666666666666664,ITI,ITI,1.0,3.0,Global off,Safety-like,4.0,0.08,3.0,0.125,0.08
30,29,4.0,2.0,Global on,Threat-like,6.0,59.0,0.1016949152542373,4.0,0.16666666666666666,ITI,ITI,4.0,2.0,Global on,Threat-like,1.0,46.0,0.021739130434782608,1.0,0.041666666666666664,CS-,CS-,4.0,2.0,Global on,Threat-like,5.0,0.07995578481945469,3.0,0.125,0.07995578481945469
15,29,0.0,0.0,0,0,0.0,0.0,0.0,0.0,0.0,0,0,2.0,2.0,Threat-like,Threat-like,3.0,38.0,0.07894736842105263,3.0,0.125,CS+,CS+,2.0,2.0,Threat-like,Threat-like,-3.0,-0.07894736842105263,-3.0,-0.125,0.07894736842105263
6,15,0.0,0.0,0,0,0.0,0.0,0.0,0.0,0.0,0,0,1.0,2.0,Global off,Threat-like,2.0,26.0,0.07692307692307693,2.0,0.08333333333333333,ITI,CS-,1.0,2.0,Global off,Threat-like,-2.0,-0.07692307692307693,-2.0,-0.08333333333333333,0.07692307692307693
16,29,4.0,2.0,Global on,Threat-like,9.0,90.0,0.1,7.0,0.2916666666666667,CS-,CS-,4.0,2.0,Global on,Threat-like,2.0,84.0,0.023809523809523808,2.0,0.08333333333333333,CS-,CS-,4.0,2.0,Global on,Threat-like,7.0,0.0761904761904762,5.0,0.20833333333333337,0.0761904761904762
30,20,4.0,3.0,Global on,Safety-like,2.0,59.0,0.03389830508474576,2.0,0.08333333333333333,CS-,ITI,4.0,3.0,Global on,Safety-like,5.0,46.0,0.10869565217391304,4.0,0.16666666666666666,ITI,ITI,4.0,3.0,Global on,Safety-like,-3.0,-0.07479734708916727,-2.0,-0.08333333333333333,0.07479734708916727
28,16,4.0,4.0,Global on,Global on,5.0,67.0,0.07462686567164178,4.0,0.16666666666666666,ITI,CS+,0.0,0.0,0,0,0.0,0.0,0.0,0.0,0.0,0,0,4.0,4.0,Global on,Global on,5.0,0.07462686567164178,4.0,0.16666666666666666,0.07462686567164178
19,29,3.0,2.0,Safety-like,Threat-like,6.0,69.0,0.08695652173913043,5.0,0.20833333333333334,ITI,ITI,3.0,2.0,Safety-like,Threat-like,1.0,81.0,0.012345679012345678,1.0,0.041666666666666664,ITI,CS-,3.0,2.0,Safety-like,Threat-like,5.0,0.07461084272678475,4.0,0.16666666666666669,0.07461084272678475
25,13,2.0,2.0,Threat-like,Threat-like,6.0,50.0,0.12,6.0,0.25,ITI,CS+,2.0,2.0,Threat-like,Threat-like,2.0,44.0,0.045454545454545456,2.0,0.08333333333333333,CS-,ITI,2.0,2.0,Threat-like,Threat-like,4.0,0.07454545454545454,4.0,0.16666666666666669,0.07454545454545454
21,9,2.0,1.0,Threat-like,Global off,4.0,41.0,0.0975609756097561,4.0,0.16666666666666666,ITI,ITI,2.0,1.0,Threat-like,Global off,1.0,43.0,0.023255813953488372,1.0,0.041666666666666664,CS-,ITI,2.0,1.0,Threat-like,Global off,3.0,0.07430516165626773,3.0,0.125,0.07430516165626773
15,1,2.0,1.0,Threat-like,Global off,3.0,30.0,0.1,3.0,0.125,ITI,ITI,2.0,1.0,Threat-like,Global off,1.0,38.0,0.02631578947368421,1.0,0.041666666666666664,CS-,CS-,2.0,1.0,Threat-like,Global off,2.0,0.0736842105263158,2.0,0.08333333333333334,0.0736842105263158
26,20,4.0,3.0,Global on,Safety-like,9.0,43.0,0.20930232558139536,9.0,0.375,ITI,ITI,4.0,3.0,Global on,Safety-like,3.0,22.0,0.13636363636363635,3.0,0.125,CS-,ITI,4.0,3.0,Global on,Safety-like,6.0,0.072938689217759,6.0,0.25,0.072938689217759
24,10,4.0,1.0,Global on,Global off,5.0,70.0,0.07142857142857142,5.0,0.20833333333333334,CS+,CS-,0.0,0.0,0,0,0.0,0.0,0.0,0.0,0.0,0,0,4.0,1.0,Global on,Global off,5.0,0.07142857142857142,5.0,0.20833333333333334,0.07142857142857142
18,30,3.0,4.0,Safety-like,Global on,3.0,42.0,0.07142857142857142,3.0,0.125,CS+,ITI,0.0,0.0,0,0,0.0,0.0,0.0,0.0,0.0,0,0,3.0,4.0,Safety-like,Global on,3.0,0.07142857142857142,3.0,0.125,0.07142857142857142
5,29,1.0,2.0,Global off,Threat-like,8.0,85.0,0.09411764705882353,5.0,0.20833333333333334,CS-,ITI,1.0,2.0,Global off,Threat-like,2.0,86.0,0.023255813953488372,2.0,0.08333333333333333,CS-,CS-,1.0,2.0,Global off,Threat-like,6.0,0.07086183310533516,3.0,0.125,0.07086183310533516
4,1,3.0,1.0,Safety-like,Global off,11.0,95.0,0.11578947368421053,9.0,0.375,ITI,ITI,3.0,1.0,Safety-like,Global off,4.0,87.0,0.04597701149425287,3.0,0.125,ITI,ITI,3.0,1.0,Safety-like,Global off,7.0,0.06981246218995765,6.0,0.25,0.06981246218995765
19,31,3.0,4.0,Safety-like,Global on,2.0,69.0,0.028985507246376812,1.0,0.041666666666666664,ITI,CS-,3.0,4.0,Safety-like,Global on,8.0,81.0,0.09876543209876543,7.0,0.2916666666666667,ITI,CS+,3.0,4.0,Safety-like,Global on,-6.0,-0.06977992485238861,-6.0,-0.25,0.06977992485238861
26,1,4.0,1.0,Global on,Global off,3.0,43.0,0.06976744186046512,3.0,0.125,ITI,CS+,0.0,0.0,0,0,0.0,0.0,0.0,0.0,0.0,0,0,4.0,1.0,Global on,Global off,3.0,0.06976744186046512,3.0,0.125,0.06976744186046512
12,2,3.0,1.0,Safety-like,Global off,5.0,41.0,0.12195121951219512,4.0,0.16666666666666666,CS+,CS+,3.0,1.0,Safety-like,Global off,3.0,57.0,0.05263157894736842,3.0,0.125,CS+,CS+,3.0,1.0,Safety-like,Global off,2.0,0.0693196405648267,1.0,0.04166666666666666,0.0693196405648267
21,30,2.0,4.0,Threat-like,Global on,1.0,41.0,0.024390243902439025,1.0,0.041666666666666664,ITI,ITI,2.0,4.0,Threat-like,Global on,4.0,43.0,0.09302325581395349,4.0,0.16666666666666666,CS+,ITI,2.0,4.0,Threat-like,Global on,-3.0,-0.06863301191151447,-3.0,-0.125,0.06863301191151447
25,18,0.0,0.0,0,0,0.0,0.0,0.0,0.0,0.0,0,0,2.0,3.0,Threat-like,Safety-like,3.0,44.0,0.06818181818181818,3.0,0.125,ITI,CS+,2.0,3.0,Threat-like,Safety-like,-3.0,-0.06818181818181818,-3.0,-0.125,0.06818181818181818
25,14,0.0,0.0,0,0,0.0,0.0,0.0,0.0,0.0,0,0,2.0,2.0,Threat-like,Threat-like,3.0,44.0,0.06818181818181818,3.0,0.125,ITI,CS+,2.0,2.0,Threat-like,Threat-like,-3.0,-0.06818181818181818,-3.0,-0.125,0.06818181818181818
29,25,2.0,2.0,Threat-like,Threat-like,4.0,120.0,0.03333333333333333,4.0,0.16666666666666666,CS-,ITI,2.0,2.0,Threat-like,Threat-like,9.0,89.0,0.10112359550561797,9.0,0.375,ITI,ITI,2.0,2.0,Threat-like,Threat-like,-5.0,-0.06779026217228465,-5.0,-0.20833333333333334,0.06779026217228465
2,4,1.0,3.0,Global off,Safety-like,13.0,114.0,0.11403508771929824,8.0,0.3333333333333333,CS+,ITI,1.0,3.0,Global off,Safety-like,5.0,108.0,0.046296296296296294,5.0,0.20833333333333334,ITI,ITI,1.0,3.0,Global off,Safety-like,8.0,0.06773879142300195,3.0,0.12499999999999997,0.06773879142300195
26,21,4.0,2.0,Global on,Threat-like,1.0,43.0,0.023255813953488372,1.0,0.041666666666666664,ITI,ITI,4.0,2.0,Global on,Threat-like,2.0,22.0,0.09090909090909091,2.0,0.08333333333333333,CS-,CS-,4.0,2.0,Global on,Threat-like,-1.0,-0.06765327695560254,-1.0,-0.041666666666666664,0.06765327695560254
26,4,4.0,3.0,Global on,Safety-like,1.0,43.0,0.023255813953488372,1.0,0.041666666666666664,ITI,CS-,4.0,3.0,Global on,Safety-like,2.0,22.0,0.09090909090909091,2.0,0.08333333333333333,CS+,ITI,4.0,3.0,Global on,Safety-like,-1.0,-0.06765327695560254,-1.0,-0.041666666666666664,0.06765327695560254
9,5,1.0,1.0,Global off,Global off,5.0,74.0,0.06756756756756757,4.0,0.16666666666666666,ITI,ITI,0.0,0.0,0,0,0.0,0.0,0.0,0.0,0.0,0,0,1.0,1.0,Global off,Global off,5.0,0.06756756756756757,4.0,0.16666666666666666,0.06756756756756757
27,17,0.0,0.0,0,0,0.0,0.0,0.0,0.0,0.0,0,0,4.0,1.0,Global on,Global off,2.0,30.0,0.06666666666666667,2.0,0.08333333333333333,ITI,ITI,4.0,1.0,Global on,Global off,-2.0,-0.06666666666666667,-2.0,-0.08333333333333333,0.06666666666666667
15,23,2.0,4.0,Threat-like,Global on,2.0,30.0,0.06666666666666667,2.0,0.08333333333333333,CS-,ITI,0.0,0.0,0,0,0.0,0.0,0.0,0.0,0.0,0,0,2.0,4.0,Threat-like,Global on,2.0,0.06666666666666667,2.0,0.08333333333333333,0.06666666666666667
6,28,1.0,4.0,Global off,Global on,2.0,30.0,0.06666666666666667,2.0,0.08333333333333333,CS-,ITI,0.0,0.0,0,0,0.0,0.0,0.0,0.0,0.0,0,0,1.0,4.0,Global off,Global on,2.0,0.06666666666666667,2.0,0.08333333333333333,0.06666666666666667
6,3,1.0,1.0,Global off,Global off,2.0,30.0,0.06666666666666667,2.0,0.08333333333333333,ITI,CS-,0.0,0.0,0,0,0.0,0.0,0.0,0.0,0.0,0,0,1.0,1.0,Global off,Global off,2.0,0.06666666666666667,2.0,0.08333333333333333,0.06666666666666667
26,29,4.0,2.0,Global on,Threat-like,3.0,43.0,0.06976744186046512,3.0,0.125,ITI,ITI,4.0,2.0,Global on,Threat-like,3.0,22.0,0.13636363636363635,3.0,0.125,ITI,CS+,4.0,2.0,Global on,Threat-like,0.0,-0.06659619450317124,0.0,0.0,0.06659619450317124
9,17,1.0,1.0,Global off,Global off,6.0,74.0,0.08108108108108109,5.0,0.20833333333333334,ITI,ITI,1.0,1.0,Global off,Global off,1.0,60.0,0.016666666666666666,1.0,0.041666666666666664,CS-,ITI,1.0,1.0,Global off,Global off,5.0,0.06441441441441442,4.0,0.16666666666666669,0.06441441441441442
10,32,1.0,4.0,Global off,Global on,1.0,38.0,0.02631578947368421,1.0,0.041666666666666664,CS+,CS+,1.0,4.0,Global off,Global on,4.0,45.0,0.08888888888888889,4.0,0.16666666666666666,ITI,ITI,1.0,4.0,Global off,Global on,-3.0,-0.06257309941520468,-3.0,-0.125,0.06257309941520468
11,9,0.0,0.0,0,0,0.0,0.0,0.0,0.0,0.0,0,0,1.0,1.0,Global off,Global off,1.0,16.0,0.0625,1.0,0.041666666666666664,ITI,ITI,1.0,1.0,Global off,Global off,-1.0,-0.0625,-1.0,-0.041666666666666664,0.0625
11,2,0.0,0.0,0,0,0.0,0.0,0.0,0.0,0.0,0,0,1.0,1.0,Global off,Global off,1.0,16.0,0.0625,1.0,0.041666666666666664,CS+,CS+,1.0,1.0,Global off,Global off,-1.0,-0.0625,-1.0,-0.041666666666666664,0.0625
11,14,0.0,0.0,0,0,0.0,0.0,0.0,0.0,0.0,0,0,1.0,2.0,Global off,Threat-like,1.0,16.0,0.0625,1.0,0.041666666666666664,CS+,ITI,1.0,2.0,Global off,Threat-like,-1.0,-0.0625,-1.0,-0.041666666666666664,0.0625
11,27,0.0,0.0,0,0,0.0,0.0,0.0,0.0,0.0,0,0,1.0,4.0,Global off,Global on,1.0,16.0,0.0625,1.0,0.041666666666666664,CS+,CS+,1.0,4.0,Global off,Global on,-1.0,-0.0625,-1.0,-0.041666666666666664,0.0625
11,28,0.0,0.0,0,0,0.0,0.0,0.0,0.0,0.0,0,0,1.0,4.0,Global off,Global on,1.0,16.0,0.0625,1.0,0.041666666666666664,ITI,ITI,1.0,4.0,Global off,Global on,-1.0,-0.0625,-1.0,-0.041666666666666664,0.0625
11,30,0.0,0.0,0,0,0.0,0.0,0.0,0.0,0.0,0,0,1.0,4.0,Global off,Global on,1.0,16.0,0.0625,1.0,0.041666666666666664,ITI,CS+,1.0,4.0,Global off,Global on,-1.0,-0.0625,-1.0,-0.041666666666666664,0.0625
23,28,4.0,4.0,Global on,Global on,2.0,45.0,0.044444444444444446,2.0,0.08333333333333333,ITI,ITI,4.0,4.0,Global on,Global on,5.0,47.0,0.10638297872340426,5.0,0.20833333333333334,ITI,ITI,4.0,4.0,Global on,Global on,-3.0,-0.06193853427895981,-3.0,-0.125,0.06193853427895981
4,8,3.0,3.0,Safety-like,Safety-like,4.0,95.0,0.042105263157894736,4.0,0.16666666666666666,CS-,ITI,3.0,3.0,Safety-like,Safety-like,9.0,87.0,0.10344827586206896,7.0,0.2916666666666667,ITI,CS-,3.0,3.0,Safety-like,Safety-like,-5.0,-0.06134301270417423,-3.0,-0.12500000000000003,0.06134301270417423
28,20,4.0,3.0,Global on,Safety-like,3.0,67.0,0.04477611940298507,3.0,0.125,ITI,ITI,4.0,3.0,Global on,Safety-like,8.0,76.0,0.10526315789473684,5.0,0.20833333333333334,ITI,ITI,4.0,3.0,Global on,Safety-like,-5.0,-0.060487038491751764,-2.0,-0.08333333333333334,0.060487038491751764
22,1,4.0,1.0,Global on,Global off,1.0,10.0,0.1,1.0,0.041666666666666664,ITI,CS-,4.0,1.0,Global on,Global off,1.0,25.0,0.04,1.0,0.041666666666666664,ITI,ITI,4.0,1.0,Global on,Global off,0.0,0.060000000000000005,0.0,0.0,0.060000000000000005
22,2,4.0,1.0,Global on,Global off,1.0,10.0,0.1,1.0,0.041666666666666664,ITI,ITI,4.0,1.0,Global on,Global off,1.0,25.0,0.04,1.0,0.041666666666666664,CS+,CS+,4.0,1.0,Global on,Global off,0.0,0.060000000000000005,0.0,0.0,0.060000000000000005
22,7,4.0,1.0,Global on,Global off,1.0,10.0,0.1,1.0,0.041666666666666664,CS-,CS-,4.0,1.0,Global on,Global off,1.0,25.0,0.04,1.0,0.041666666666666664,CS+,CS+,4.0,1.0,Global on,Global off,0.0,0.060000000000000005,0.0,0.0,0.060000000000000005
22,13,4.0,2.0,Global on,Threat-like,1.0,10.0,0.1,1.0,0.041666666666666664,ITI,CS-,4.0,2.0,Global on,Threat-like,1.0,25.0,0.04,1.0,0.041666666666666664,ITI,ITI,4.0,2.0,Global on,Threat-like,0.0,0.060000000000000005,0.0,0.0,0.060000000000000005
3,4,1.0,3.0,Global off,Safety-like,5.0,50.0,0.1,5.0,0.20833333333333334,CS-,ITI,1.0,3.0,Global off,Safety-like,2.0,50.0,0.04,2.0,0.08333333333333333,ITI,ITI,1.0,3.0,Global off,Safety-like,3.0,0.060000000000000005,3.0,0.125,0.060000000000000005
25,27,2.0,4.0,Threat-like,Global on,3.0,50.0,0.06,3.0,0.125,ITI,ITI,0.0,0.0,0,0,0.0,0.0,0.0,0.0,0.0,0,0,2.0,4.0,Threat-like,Global on,3.0,0.06,3.0,0.125,0.06
3,8,0.0,0.0,0,0,0.0,0.0,0.0,0.0,0.0,0,0,1.0,3.0,Global off,Safety-like,3.0,50.0,0.06,3.0,0.125,ITI,CS+,1.0,3.0,Global off,Safety-like,-3.0,-0.06,-3.0,-0.125,0.06
3,12,1.0,3.0,Global off,Safety-like,1.0,50.0,0.02,1.0,0.041666666666666664,ITI,CS-,1.0,3.0,Global off,Safety-like,4.0,50.0,0.08,4.0,0.16666666666666666,ITI,CS+,1.0,3.0,Global off,Safety-like,-3.0,-0.06,-3.0,-0.125,0.06
3,19,1.0,3.0,Global off,Safety-like,6.0,50.0,0.12,6.0,0.25,ITI,ITI,1.0,3.0,Global off,Safety-like,3.0,50.0,0.06,2.0,0.08333333333333333,ITI,ITI,1.0,3.0,Global off,Safety-like,3.0,0.06,4.0,0.16666666666666669,0.06
22,32,4.0,4.0,Global on,Global on,1.0,10.0,0.1,1.0,0.041666666666666664,ITI,ITI,4.0,4.0,Global on,Global on,4.0,25.0,0.16,4.0,0.16666666666666666,ITI,ITI,4.0,4.0,Global on,Global on,-3.0,-0.06,-3.0,-0.125,0.06
19,20,3.0,3.0,Safety-like,Safety-like,16.0,69.0,0.2318840579710145,12.0,0.5,ITI,ITI,3.0,3.0,Safety-like,Safety-like,14.0,81.0,0.1728395061728395,12.0,0.5,ITI,ITI,3.0,3.0,Safety-like,Safety-like,2.0,0.059044551798175,0.0,0.0,0.059044551798175
5,31,1.0,4.0,Global off,Global on,5.0,85.0,0.058823529411764705,5.0,0.20833333333333334,CS-,ITI,0.0,0.0,0,0,0.0,0.0,0.0,0.0,0.0,0,0,1.0,4.0,Global off,Global on,5.0,0.058823529411764705,5.0,0.20833333333333334,0.058823529411764705
11,7,1.0,1.0,Global off,Global off,1.0,17.0,0.058823529411764705,1.0,0.041666666666666664,ITI,CS+,0.0,0.0,0,0,0.0,0.0,0.0,0.0,0.0,0,0,1.0,1.0,Global off,Global off,1.0,0.058823529411764705,1.0,0.041666666666666664,0.058823529411764705
11,4,1.0,3.0,Global off,Safety-like,1.0,17.0,0.058823529411764705,1.0,0.041666666666666664,CS+,ITI,0.0,0.0,0,0,0.0,0.0,0.0,0.0,0.0,0,0,1.0,3.0,Global off,Safety-like,1.0,0.058823529411764705,1.0,0.041666666666666664,0.058823529411764705
11,25,1.0,2.0,Global off,Threat-like,1.0,17.0,0.058823529411764705,1.0,0.041666666666666664,CS-,CS-,0.0,0.0,0,0,0.0,0.0,0.0,0.0,0.0,0,0,1.0,2.0,Global off,Threat-like,1.0,0.058823529411764705,1.0,0.041666666666666664,0.058823529411764705
11,19,1.0,3.0,Global off,Safety-like,1.0,17.0,0.058823529411764705,1.0,0.041666666666666664,ITI,ITI,0.0,0.0,0,0,0.0,0.0,0.0,0.0,0.0,0,0,1.0,3.0,Global off,Safety-like,1.0,0.058823529411764705,1.0,0.041666666666666664,0.058823529411764705
8,20,3.0,3.0,Safety-like,Safety-like,4.0,54.0,0.07407407407407407,3.0,0.125,ITI,ITI,3.0,3.0,Safety-like,Safety-like,1.0,61.0,0.01639344262295082,1.0,0.041666666666666664,CS-,ITI,3.0,3.0,Safety-like,Safety-like,3.0,0.057680631451123246,2.0,0.08333333333333334,0.057680631451123246
8,9,3.0,1.0,Safety-like,Global off,4.0,54.0,0.07407407407407407,4.0,0.16666666666666666,CS-,CS-,3.0,1.0,Safety-like,Global off,1.0,61.0,0.01639344262295082,1.0,0.041666666666666664,ITI,ITI,3.0,1.0,Safety-like,Global off,3.0,0.057680631451123246,3.0,0.125,0.057680631451123246
19,18,3.0,3.0,Safety-like,Safety-like,2.0,69.0,0.028985507246376812,2.0,0.08333333333333333,ITI,ITI,3.0,3.0,Safety-like,Safety-like,7.0,81.0,0.08641975308641975,5.0,0.20833333333333334,ITI,ITI,3.0,3.0,Safety-like,Safety-like,-5.0,-0.05743424584004293,-3.0,-0.125,0.05743424584004293
7,12,0.0,0.0,0,0,0.0,0.0,0.0,0.0,0.0,0,0,1.0,3.0,Global off,Safety-like,2.0,35.0,0.05714285714285714,2.0,0.08333333333333333,ITI,ITI,1.0,3.0,Global off,Safety-like,-2.0,-0.05714285714285714,-2.0,-0.08333333333333333,0.05714285714285714
7,6,0.0,0.0,0,0,0.0,0.0,0.0,0.0,0.0,0,0,1.0,1.0,Global off,Global off,2.0,35.0,0.05714285714285714,2.0,0.08333333333333333,CS-,CS-,1.0,1.0,Global off,Global off,-2.0,-0.05714285714285714,-2.0,-0.08333333333333333,0.05714285714285714
31,32,4.0,4.0,Global on,Global on,21.0,108.0,0.19444444444444445,13.0,0.5416666666666666,ITI,ITI,4.0,4.0,Global on,Global on,15.0,109.0,0.13761467889908258,11.0,0.4583333333333333,ITI,ITI,4.0,4.0,Global on,Global on,6.0,0.05682976554536187,2.0,0.08333333333333331,0.05682976554536187
18,17,3.0,1.0,Safety-like,Global off,3.0,42.0,0.07142857142857142,3.0,0.125,ITI,ITI,3.0,1.0,Safety-like,Global off,6.0,47.0,0.1276595744680851,6.0,0.25,ITI,ITI,3.0,1.0,Safety-like,Global off,-3.0,-0.05623100303951367,-3.0,-0.125,0.05623100303951367
12,28,3.0,4.0,Safety-like,Global on,3.0,41.0,0.07317073170731707,3.0,0.125,ITI,ITI,3.0,4.0,Safety-like,Global on,1.0,57.0,0.017543859649122806,1.0,0.041666666666666664,CS-,CS-,3.0,4.0,Safety-like,Global on,2.0,0.05562687205819426,2.0,0.08333333333333334,0.05562687205819426
31,28,4.0,4.0,Global on,Global on,3.0,108.0,0.027777777777777776,3.0,0.125,ITI,ITI,4.0,4.0,Global on,Global on,9.0,109.0,0.08256880733944955,7.0,0.2916666666666667,ITI,ITI,4.0,4.0,Global on,Global on,-6.0,-0.05479102956167177,-4.0,-0.16666666666666669,0.05479102956167177
24,2,0.0,0.0,0,0,0.0,0.0,0.0,0.0,0.0,0,0,4.0,1.0,Global on,Global off,3.0,55.0,0.05454545454545454,2.0,0.08333333333333333,ITI,ITI,4.0,1.0,Global on,Global off,-3.0,-0.05454545454545454,-2.0,-0.08333333333333333,0.05454545454545454
9,2,1.0,1.0,Global off,Global off,4.0,74.0,0.05405405405405406,4.0,0.16666666666666666,CS+,ITI,0.0,0.0,0,0,0.0,0.0,0.0,0.0,0.0,0,0,1.0,1.0,Global off,Global off,4.0,0.05405405405405406,4.0,0.16666666666666666,0.05405405405405406
18,20,3.0,3.0,Safety-like,Safety-like,4.0,42.0,0.09523809523809523,3.0,0.125,ITI,ITI,3.0,3.0,Safety-like,Safety-like,7.0,47.0,0.14893617021276595,6.0,0.25,ITI,ITI,3.0,3.0,Safety-like,Safety-like,-3.0,-0.05369807497467072,-3.0,-0.125,0.05369807497467072
27,24,4.0,4.0,Global on,Global on,2.0,38.0,0.05263157894736842,2.0,0.08333333333333333,CS+,CS+,0.0,0.0,0,0,0.0,0.0,0.0,0.0,0.0,0,0,4.0,4.0,Global on,Global on,2.0,0.05263157894736842,2.0,0.08333333333333333,0.05263157894736842
10,30,1.0,4.0,Global off,Global on,2.0,38.0,0.05263157894736842,2.0,0.08333333333333333,CS-,CS-,0.0,0.0,0,0,0.0,0.0,0.0,0.0,0.0,0,0,1.0,4.0,Global off,Global on,2.0,0.05263157894736842,2.0,0.08333333333333333,0.05263157894736842
4,9,3.0,1.0,Safety-like,Global off,5.0,95.0,0.05263157894736842,4.0,0.16666666666666666,CS+,ITI,0.0,0.0,0,0,0.0,0.0,0.0,0.0,0.0,0,0,3.0,1.0,Safety-like,Global off,5.0,0.05263157894736842,4.0,0.16666666666666666,0.05263157894736842
10,14,1.0,2.0,Global off,Threat-like,2.0,38.0,0.05263157894736842,2.0,0.08333333333333333,CS+,ITI,0.0,0.0,0,0,0.0,0.0,0.0,0.0,0.0,0,0,1.0,2.0,Global off,Threat-like,2.0,0.05263157894736842,2.0,0.08333333333333333,0.05263157894736842
15,8,0.0,0.0,0,0,0.0,0.0,0.0,0.0,0.0,0,0,2.0,3.0,Threat-like,Safety-like,2.0,38.0,0.05263157894736842,2.0,0.08333333333333333,CS+,CS+,2.0,3.0,Threat-like,Safety-like,-2.0,-0.05263157894736842,-2.0,-0.08333333333333333,0.05263157894736842
16,13,4.0,2.0,Global on,Threat-like,6.0,90.0,0.06666666666666667,4.0,0.16666666666666666,CS-,CS-,4.0,2.0,Global on,Threat-like,10.0,84.0,0.11904761904761904,8.0,0.3333333333333333,ITI,CS+,4.0,2.0,Global on,Threat-like,-4.0,-0.052380952380952375,-4.0,-0.16666666666666666,0.052380952380952375
24,20,4.0,3.0,Global on,Safety-like,4.0,70.0,0.05714285714285714,4.0,0.16666666666666666,CS+,CS+,4.0,3.0,Global on,Safety-like,6.0,55.0,0.10909090909090909,6.0,0.25,ITI,ITI,4.0,3.0,Global on,Safety-like,-2.0,-0.051948051948051945,-2.0,-0.08333333333333334,0.051948051948051945
12,1,3.0,1.0,Safety-like,Global off,5.0,41.0,0.12195121951219512,4.0,0.16666666666666666,ITI,ITI,3.0,1.0,Safety-like,Global off,4.0,57.0,0.07017543859649122,4.0,0.16666666666666666,CS+,CS+,3.0,1.0,Safety-like,Global off,1.0,0.051775780915703895,0.0,0.0,0.051775780915703895
28,32,4.0,4.0,Global on,Global on,8.0,67.0,0.11940298507462686,5.0,0.20833333333333334,ITI,CS+,4.0,4.0,Global on,Global on,13.0,76.0,0.17105263157894737,9.0,0.375,ITI,CS+,4.0,4.0,Global on,Global on,-5.0,-0.05164964650432051,-4.0,-0.16666666666666666,0.05164964650432051
16,14,4.0,2.0,Global on,Threat-like,5.0,90.0,0.05555555555555555,5.0,0.20833333333333334,ITI,CS+,4.0,2.0,Global on,Threat-like,9.0,84.0,0.10714285714285714,8.0,0.3333333333333333,CS+,CS+,4.0,2.0,Global on,Threat-like,-4.0,-0.051587301587301584,-3.0,-0.12499999999999997,0.051587301587301584
32,31,4.0,4.0,Global on,Global on,16.0,200.0,0.08,12.0,0.5,ITI,ITI,4.0,4.0,Global on,Global on,25.0,190.0,0.13157894736842105,13.0,0.5416666666666666,ITI,ITI,4.0,4.0,Global on,Global on,-9.0,-0.051578947368421044,-1.0,-0.04166666666666663,0.051578947368421044
21,29,2.0,2.0,Threat-like,Threat-like,4.0,41.0,0.0975609756097561,4.0,0.16666666666666666,CS-,CS+,2.0,2.0,Threat-like,Threat-like,2.0,43.0,0.046511627906976744,1.0,0.041666666666666664,CS+,CS-,2.0,2.0,Threat-like,Threat-like,2.0,0.05104934770277936,3.0,0.125,0.05104934770277936
21,5,2.0,1.0,Threat-like,Global off,4.0,41.0,0.0975609756097561,4.0,0.16666666666666666,CS+,CS+,2.0,1.0,Threat-like,Global off,2.0,43.0,0.046511627906976744,2.0,0.08333333333333333,CS+,CS-,2.0,1.0,Threat-like,Global off,2.0,0.05104934770277936,2.0,0.08333333333333333,0.05104934770277936
9,31,1.0,4.0,Global off,Global on,5.0,74.0,0.06756756756756757,5.0,0.20833333333333334,CS+,ITI,1.0,4.0,Global off,Global on,1.0,60.0,0.016666666666666666,1.0,0.041666666666666664,ITI,ITI,1.0,4.0,Global off,Global on,4.0,0.05090090090090091,4.0,0.16666666666666669,0.05090090090090091
30,5,4.0,1.0,Global on,Global off,3.0,59.0,0.05084745762711865,3.0,0.125,CS-,ITI,0.0,0.0,0,0,0.0,0.0,0.0,0.0,0.0,0,0,4.0,1.0,Global on,Global off,3.0,0.05084745762711865,3.0,0.125,0.05084745762711865
18,3,3.0,1.0,Safety-like,Global off,3.0,42.0,0.07142857142857142,3.0,0.125,ITI,ITI,3.0,1.0,Safety-like,Global off,1.0,47.0,0.02127659574468085,1.0,0.041666666666666664,ITI,CS+,3.0,1.0,Safety-like,Global off,2.0,0.05015197568389057,2.0,0.08333333333333334,0.05015197568389057
18,24,3.0,4.0,Safety-like,Global on,3.0,42.0,0.07142857142857142,3.0,0.125,ITI,ITI,3.0,4.0,Safety-like,Global on,1.0,47.0,0.02127659574468085,1.0,0.041666666666666664,ITI,ITI,3.0,4.0,Safety-like,Global on,2.0,0.05015197568389057,2.0,0.08333333333333334,0.05015197568389057
9,12,0.0,0.0,0,0,0.0,0.0,0.0,0.0,0.0,0,0,1.0,3.0,Global off,Safety-like,3.0,60.0,0.05,2.0,0.08333333333333333,CS+,ITI,1.0,3.0,Global off,Safety-like,-3.0,-0.05,-2.0,-0.08333333333333333,0.05
21,13,2.0,2.0,Threat-like,Threat-like,3.0,41.0,0.07317073170731707,3.0,0.125,ITI,CS+,2.0,2.0,Threat-like,Threat-like,1.0,43.0,0.023255813953488372,1.0,0.041666666666666664,ITI,CS-,2.0,2.0,Threat-like,Threat-like,2.0,0.0499149177538287,2.0,0.08333333333333334,0.0499149177538287
7,32,1.0,4.0,Global off,Global on,4.0,43.0,0.09302325581395349,4.0,0.16666666666666666,CS+,ITI,1.0,4.0,Global off,Global on,5.0,35.0,0.14285714285714285,4.0,0.16666666666666666,CS+,ITI,1.0,4.0,Global off,Global on,-1.0,-0.04983388704318936,0.0,0.0,0.04983388704318936
12,32,3.0,4.0,Safety-like,Global on,3.0,41.0,0.07317073170731707,3.0,0.125,ITI,ITI,3.0,4.0,Safety-like,Global on,7.0,57.0,0.12280701754385964,5.0,0.20833333333333334,ITI,ITI,3.0,4.0,Safety-like,Global on,-4.0,-0.049636285836542574,-2.0,-0.08333333333333334,0.049636285836542574
19,12,0.0,0.0,0,0,0.0,0.0,0.0,0.0,0.0,0,0,3.0,3.0,Safety-like,Safety-like,4.0,81.0,0.04938271604938271,4.0,0.16666666666666666,ITI,ITI,3.0,3.0,Safety-like,Safety-like,-4.0,-0.04938271604938271,-4.0,-0.16666666666666666,0.04938271604938271
25,1,2.0,1.0,Threat-like,Global off,7.0,50.0,0.14,6.0,0.25,CS+,CS+,2.0,1.0,Threat-like,Global off,4.0,44.0,0.09090909090909091,4.0,0.16666666666666666,CS+,ITI,2.0,1.0,Threat-like,Global off,3.0,0.0490909090909091,2.0,0.08333333333333334,0.0490909090909091
4,32,3.0,4.0,Safety-like,Global on,3.0,95.0,0.031578947368421054,3.0,0.125,ITI,CS+,3.0,4.0,Safety-like,Global on,7.0,87.0,0.08045977011494253,7.0,0.2916666666666667,ITI,ITI,3.0,4.0,Safety-like,Global on,-4.0,-0.048880822746521474,-4.0,-0.16666666666666669,0.048880822746521474
21,7,2.0,1.0,Threat-like,Global off,2.0,41.0,0.04878048780487805,1.0,0.041666666666666664,ITI,CS-,0.0,0.0,0,0,0.0,0.0,0.0,0.0,0.0,0,0,2.0,1.0,Threat-like,Global off,2.0,0.04878048780487805,1.0,0.041666666666666664,0.04878048780487805
21,24,2.0,4.0,Threat-like,Global on,2.0,41.0,0.04878048780487805,2.0,0.08333333333333333,CS-,ITI,0.0,0.0,0,0,0.0,0.0,0.0,0.0,0.0,0,0,2.0,4.0,Threat-like,Global on,2.0,0.04878048780487805,2.0,0.08333333333333333,0.04878048780487805
21,3,2.0,1.0,Threat-like,Global off,2.0,41.0,0.04878048780487805,2.0,0.08333333333333333,CS-,ITI,0.0,0.0,0,0,0.0,0.0,0.0,0.0,0.0,0,0,2.0,1.0,Threat-like,Global off,2.0,0.04878048780487805,2.0,0.08333333333333333,0.04878048780487805
14,16,2.0,4.0,Threat-like,Global on,10.0,71.0,0.14084507042253522,9.0,0.375,CS+,CS-,2.0,4.0,Threat-like,Global on,7.0,76.0,0.09210526315789473,6.0,0.25,CS+,ITI,2.0,4.0,Threat-like,Global on,3.0,0.048739807264640486,3.0,0.125,0.048739807264640486
25,28,2.0,4.0,Threat-like,Global on,1.0,50.0,0.02,1.0,0.041666666666666664,CS+,CS+,2.0,4.0,Threat-like,Global on,3.0,44.0,0.06818181818181818,3.0,0.125,CS+,CS+,2.0,4.0,Threat-like,Global on,-2.0,-0.04818181818181817,-2.0,-0.08333333333333334,0.04818181818181817
25,31,2.0,4.0,Threat-like,Global on,1.0,50.0,0.02,1.0,0.041666666666666664,CS+,CS+,2.0,4.0,Threat-like,Global on,3.0,44.0,0.06818181818181818,3.0,0.125,ITI,ITI,2.0,4.0,Threat-like,Global on,-2.0,-0.04818181818181817,-2.0,-0.08333333333333334,0.04818181818181817
16,32,4.0,4.0,Global on,Global on,15.0,90.0,0.16666666666666666,13.0,0.5416666666666666,ITI,CS-,4.0,4.0,Global on,Global on,10.0,84.0,0.11904761904761904,7.0,0.2916666666666667,ITI,CS+,4.0,4.0,Global on,Global on,5.0,0.047619047619047616,6.0,0.24999999999999994,0.047619047619047616
16,5,0.0,0.0,0,0,0.0,0.0,0.0,0.0,0.0,0,0,4.0,1.0,Global on,Global off,4.0,84.0,0.047619047619047616,4.0,0.16666666666666666,CS-,CS-,4.0,1.0,Global on,Global off,-4.0,-0.047619047619047616,-4.0,-0.16666666666666666,0.047619047619047616
5,32,1.0,4.0,Global off,Global on,6.0,85.0,0.07058823529411765,4.0,0.16666666666666666,CS+,CS+,1.0,4.0,Global off,Global on,2.0,86.0,0.023255813953488372,2.0,0.08333333333333333,ITI,CS-,1.0,4.0,Global off,Global on,4.0,0.047332421340629274,2.0,0.08333333333333333,0.047332421340629274
29,1,2.0,1.0,Threat-like,Global off,7.0,120.0,0.058333333333333334,7.0,0.2916666666666667,ITI,ITI,2.0,1.0,Threat-like,Global off,1.0,89.0,0.011235955056179775,1.0,0.041666666666666664,ITI,CS-,2.0,1.0,Threat-like,Global off,6.0,0.04709737827715356,6.0,0.25,0.04709737827715356
31,29,4.0,2.0,Global on,Threat-like,12.0,108.0,0.1111111111111111,10.0,0.4166666666666667,ITI,ITI,4.0,2.0,Global on,Threat-like,7.0,109.0,0.06422018348623854,6.0,0.25,ITI,CS-,4.0,2.0,Global on,Threat-like,5.0,0.04689092762487257,4.0,0.16666666666666669,0.04689092762487257
14,32,2.0,4.0,Threat-like,Global on,8.0,71.0,0.11267605633802817,6.0,0.25,CS+,ITI,2.0,4.0,Threat-like,Global on,5.0,76.0,0.06578947368421052,5.0,0.20833333333333334,CS+,CS+,2.0,4.0,Threat-like,Global on,3.0,0.04688658265381765,1.0,0.04166666666666666,0.04688658265381765
20,26,3.0,4.0,Safety-like,Global on,6.0,128.0,0.046875,5.0,0.20833333333333334,ITI,ITI,0.0,0.0,0,0,0.0,0.0,0.0,0.0,0.0,0,0,3.0,4.0,Safety-like,Global on,6.0,0.046875,5.0,0.20833333333333334,0.046875
28,24,4.0,4.0,Global on,Global on,4.0,67.0,0.05970149253731343,3.0,0.125,ITI,ITI,4.0,4.0,Global on,Global on,1.0,76.0,0.013157894736842105,1.0,0.041666666666666664,ITI,ITI,4.0,4.0,Global on,Global on,3.0,0.04654359780047133,2.0,0.08333333333333334,0.04654359780047133
26,18,4.0,3.0,Global on,Safety-like,2.0,43.0,0.046511627906976744,2.0,0.08333333333333333,CS-,CS-,0.0,0.0,0,0,0.0,0.0,0.0,0.0,0.0,0,0,4.0,3.0,Global on,Safety-like,2.0,0.046511627906976744,2.0,0.08333333333333333,0.046511627906976744
26,30,4.0,4.0,Global on,Global on,2.0,43.0,0.046511627906976744,2.0,0.08333333333333333,ITI,ITI,0.0,0.0,0,0,0.0,0.0,0.0,0.0,0.0,0,0,4.0,4.0,Global on,Global on,2.0,0.046511627906976744,2.0,0.08333333333333333,0.046511627906976744
26,14,4.0,2.0,Global on,Threat-like,2.0,43.0,0.046511627906976744,2.0,0.08333333333333333,CS+,ITI,0.0,0.0,0,0,0.0,0.0,0.0,0.0,0.0,0,0,4.0,2.0,Global on,Threat-like,2.0,0.046511627906976744,2.0,0.08333333333333333,0.046511627906976744
7,3,1.0,1.0,Global off,Global off,2.0,43.0,0.046511627906976744,1.0,0.041666666666666664,CS-,CS-,0.0,0.0,0,0,0.0,0.0,0.0,0.0,0.0,0,0,1.0,1.0,Global off,Global off,2.0,0.046511627906976744,1.0,0.041666666666666664,0.046511627906976744
21,28,0.0,0.0,0,0,0.0,0.0,0.0,0.0,0.0,0,0,2.0,4.0,Threat-like,Global on,2.0,43.0,0.046511627906976744,2.0,0.08333333333333333,CS-,CS-,2.0,4.0,Threat-like,Global on,-2.0,-0.046511627906976744,-2.0,-0.08333333333333333,0.046511627906976744
21,10,0.0,0.0,0,0,0.0,0.0,0.0,0.0,0.0,0,0,2.0,1.0,Threat-like,Global off,2.0,43.0,0.046511627906976744,2.0,0.08333333333333333,CS-,CS-,2.0,1.0,Threat-like,Global off,-2.0,-0.046511627906976744,-2.0,-0.08333333333333333,0.046511627906976744
7,2,1.0,1.0,Global off,Global off,2.0,43.0,0.046511627906976744,2.0,0.08333333333333333,ITI,CS+,0.0,0.0,0,0,0.0,0.0,0.0,0.0,0.0,0,0,1.0,1.0,Global off,Global off,2.0,0.046511627906976744,2.0,0.08333333333333333,0.046511627906976744
7,8,1.0,3.0,Global off,Safety-like,2.0,43.0,0.046511627906976744,2.0,0.08333333333333333,ITI,ITI,0.0,0.0,0,0,0.0,0.0,0.0,0.0,0.0,0,0,1.0,3.0,Global off,Safety-like,2.0,0.046511627906976744,2.0,0.08333333333333333,0.046511627906976744
26,13,4.0,2.0,Global on,Threat-like,2.0,43.0,0.046511627906976744,2.0,0.08333333333333333,ITI,CS+,0.0,0.0,0,0,0.0,0.0,0.0,0.0,0.0,0,0,4.0,2.0,Global on,Threat-like,2.0,0.046511627906976744,2.0,0.08333333333333333,0.046511627906976744
26,32,4.0,4.0,Global on,Global on,2.0,43.0,0.046511627906976744,2.0,0.08333333333333333,CS+,CS-,0.0,0.0,0,0,0.0,0.0,0.0,0.0,0.0,0,0,4.0,4.0,Global on,Global on,2.0,0.046511627906976744,2.0,0.08333333333333333,0.046511627906976744
5,8,1.0,3.0,Global off,Safety-like,1.0,85.0,0.011764705882352941,1.0,0.041666666666666664,CS+,CS+,1.0,3.0,Global off,Safety-like,5.0,86.0,0.05813953488372093,5.0,0.20833333333333334,CS+,ITI,1.0,3.0,Global off,Safety-like,-4.0,-0.04637482900136799,-4.0,-0.16666666666666669,0.04637482900136799
23,19,4.0,3.0,Global on,Safety-like,4.0,45.0,0.08888888888888889,3.0,0.125,ITI,ITI,4.0,3.0,Global on,Safety-like,2.0,47.0,0.0425531914893617,2.0,0.08333333333333333,ITI,ITI,4.0,3.0,Global on,Safety-like,2.0,0.04633569739952719,1.0,0.04166666666666667,0.04633569739952719
23,31,4.0,4.0,Global on,Global on,4.0,45.0,0.08888888888888889,4.0,0.16666666666666666,ITI,ITI,4.0,4.0,Global on,Global on,2.0,47.0,0.0425531914893617,2.0,0.08333333333333333,CS-,ITI,4.0,4.0,Global on,Global on,2.0,0.04633569739952719,2.0,0.08333333333333333,0.04633569739952719
12,29,3.0,2.0,Safety-like,Threat-like,1.0,41.0,0.024390243902439025,1.0,0.041666666666666664,CS+,CS+,3.0,2.0,Safety-like,Threat-like,4.0,57.0,0.07017543859649122,3.0,0.125,ITI,CS+,3.0,2.0,Safety-like,Threat-like,-3.0,-0.0457851946940522,-2.0,-0.08333333333333334,0.0457851946940522
31,5,4.0,1.0,Global on,Global off,2.0,108.0,0.018518518518518517,2.0,0.08333333333333333,ITI,ITI,4.0,1.0,Global on,Global off,7.0,109.0,0.06422018348623854,6.0,0.25,CS+,CS+,4.0,1.0,Global on,Global off,-5.0,-0.04570166496772002,-4.0,-0.16666666666666669,0.04570166496772002
15,13,2.0,2.0,Threat-like,Threat-like,1.0,30.0,0.03333333333333333,1.0,0.041666666666666664,CS+,CS+,2.0,2.0,Threat-like,Threat-like,3.0,38.0,0.07894736842105263,3.0,0.125,CS+,CS+,2.0,2.0,Threat-like,Threat-like,-2.0,-0.045614035087719294,-2.0,-0.08333333333333334,0.045614035087719294
27,9,4.0,1.0,Global on,Global off,3.0,38.0,0.07894736842105263,3.0,0.125,ITI,CS+,4.0,1.0,Global on,Global off,1.0,30.0,0.03333333333333333,1.0,0.041666666666666664,CS-,ITI,4.0,1.0,Global on,Global off,2.0,0.045614035087719294,2.0,0.08333333333333334,0.045614035087719294
27,29,4.0,2.0,Global on,Threat-like,3.0,38.0,0.07894736842105263,3.0,0.125,ITI,CS+,4.0,2.0,Global on,Threat-like,1.0,30.0,0.03333333333333333,1.0,0.041666666666666664,ITI,CS-,4.0,2.0,Global on,Threat-like,2.0,0.045614035087719294,2.0,0.08333333333333334,0.045614035087719294
15,16,2.0,4.0,Threat-like,Global on,1.0,30.0,0.03333333333333333,1.0,0.041666666666666664,ITI,ITI,2.0,4.0,Threat-like,Global on,3.0,38.0,0.07894736842105263,3.0,0.125,CS-,ITI,2.0,4.0,Threat-like,Global on,-2.0,-0.045614035087719294,-2.0,-0.08333333333333334,0.045614035087719294
26,31,0.0,0.0,0,0,0.0,0.0,0.0,0.0,0.0,0,0,4.0,4.0,Global on,Global on,1.0,22.0,0.045454545454545456,1.0,0.041666666666666664,CS+,ITI,4.0,4.0,Global on,Global on,-1.0,-0.045454545454545456,-1.0,-0.041666666666666664,0.045454545454545456
25,21,0.0,0.0,0,0,0.0,0.0,0.0,0.0,0.0,0,0,2.0,2.0,Threat-like,Threat-like,2.0,44.0,0.045454545454545456,2.0,0.08333333333333333,ITI,CS-,2.0,2.0,Threat-like,Threat-like,-2.0,-0.045454545454545456,-2.0,-0.08333333333333333,0.045454545454545456
25,24,0.0,0.0,0,0,0.0,0.0,0.0,0.0,0.0,0,0,2.0,4.0,Threat-like,Global on,2.0,44.0,0.045454545454545456,2.0,0.08333333333333333,CS+,ITI,2.0,4.0,Threat-like,Global on,-2.0,-0.045454545454545456,-2.0,-0.08333333333333333,0.045454545454545456
26,9,0.0,0.0,0,0,0.0,0.0,0.0,0.0,0.0,0,0,4.0,1.0,Global on,Global off,1.0,22.0,0.045454545454545456,1.0,0.041666666666666664,CS+,CS+,4.0,1.0,Global on,Global off,-1.0,-0.045454545454545456,-1.0,-0.041666666666666664,0.045454545454545456
21,23,2.0,4.0,Threat-like,Global on,1.0,41.0,0.024390243902439025,1.0,0.041666666666666664,ITI,ITI,2.0,4.0,Threat-like,Global on,3.0,43.0,0.06976744186046512,3.0,0.125,CS-,CS+,2.0,4.0,Threat-like,Global on,-2.0,-0.04537719795802609,-2.0,-0.08333333333333334,0.04537719795802609
7,5,1.0,1.0,Global off,Global off,3.0,43.0,0.06976744186046512,3.0,0.125,CS+,ITI,1.0,1.0,Global off,Global off,4.0,35.0,0.11428571428571428,4.0,0.16666666666666666,ITI,CS+,1.0,1.0,Global off,Global off,-1.0,-0.04451827242524917,-1.0,-0.04166666666666666,0.04451827242524917
10,7,0.0,0.0,0,0,0.0,0.0,0.0,0.0,0.0,0,0,1.0,1.0,Global off,Global off,2.0,45.0,0.044444444444444446,2.0,0.08333333333333333,CS+,CS+,1.0,1.0,Global off,Global off,-2.0,-0.044444444444444446,-2.0,-0.08333333333333333,0.044444444444444446
23,21,4.0,2.0,Global on,Threat-like,2.0,45.0,0.044444444444444446,2.0,0.08333333333333333,ITI,CS+,0.0,0.0,0,0,0.0,0.0,0.0,0.0,0.0,0,0,4.0,2.0,Global on,Threat-like,2.0,0.044444444444444446,2.0,0.08333333333333333,0.044444444444444446
23,3,4.0,1.0,Global on,Global off,2.0,45.0,0.044444444444444446,2.0,0.08333333333333333,ITI,ITI,0.0,0.0,0,0,0.0,0.0,0.0,0.0,0.0,0,0,4.0,1.0,Global on,Global off,2.0,0.044444444444444446,2.0,0.08333333333333333,0.044444444444444446
29,30,2.0,4.0,Threat-like,Global on,8.0,120.0,0.06666666666666667,8.0,0.3333333333333333,ITI,CS-,2.0,4.0,Threat-like,Global on,2.0,89.0,0.02247191011235955,2.0,0.08333333333333333,CS-,CS-,2.0,4.0,Threat-like,Global on,6.0,0.044194756554307116,6.0,0.25,0.044194756554307116
30,32,4.0,4.0,Global on,Global on,9.0,59.0,0.15254237288135594,7.0,0.2916666666666667,CS-,ITI,4.0,4.0,Global on,Global on,5.0,46.0,0.10869565217391304,5.0,0.20833333333333334,ITI,ITI,4.0,4.0,Global on,Global on,4.0,0.0438467207074429,2.0,0.08333333333333334,0.0438467207074429
30,12,0.0,0.0,0,0,0.0,0.0,0.0,0.0,0.0,0,0,4.0,3.0,Global on,Safety-like,2.0,46.0,0.043478260869565216,2.0,0.08333333333333333,CS+,CS+,4.0,3.0,Global on,Safety-like,-2.0,-0.043478260869565216,-2.0,-0.08333333333333333,0.043478260869565216
30,9,0.0,0.0,0,0,0.0,0.0,0.0,0.0,0.0,0,0,4.0,1.0,Global on,Global off,2.0,46.0,0.043478260869565216,2.0,0.08333333333333333,CS+,CS+,4.0,1.0,Global on,Global off,-2.0,-0.043478260869565216,-2.0,-0.08333333333333333,0.043478260869565216
30,4,0.0,0.0,0,0,0.0,0.0,0.0,0.0,0.0,0,0,4.0,3.0,Global on,Safety-like,2.0,46.0,0.043478260869565216,2.0,0.08333333333333333,CS-,CS-,4.0,3.0,Global on,Safety-like,-2.0,-0.043478260869565216,-2.0,-0.08333333333333333,0.043478260869565216
8,12,3.0,3.0,Safety-like,Safety-like,5.0,54.0,0.09259259259259259,5.0,0.20833333333333334,ITI,ITI,3.0,3.0,Safety-like,Safety-like,3.0,61.0,0.04918032786885246,3.0,0.125,CS-,ITI,3.0,3.0,Safety-like,Safety-like,2.0,0.04341226472374013,2.0,0.08333333333333334,0.04341226472374013
2,24,1.0,4.0,Global off,Global on,6.0,114.0,0.05263157894736842,5.0,0.20833333333333334,ITI,ITI,1.0,4.0,Global off,Global on,1.0,108.0,0.009259259259259259,1.0,0.041666666666666664,CS+,ITI,1.0,4.0,Global off,Global on,5.0,0.04337231968810916,4.0,0.16666666666666669,0.04337231968810916
14,17,2.0,1.0,Threat-like,Global off,4.0,71.0,0.056338028169014086,3.0,0.125,ITI,ITI,2.0,1.0,Threat-like,Global off,1.0,76.0,0.013157894736842105,1.0,0.041666666666666664,CS-,CS-,2.0,1.0,Threat-like,Global off,3.0,0.04318013343217198,2.0,0.08333333333333334,0.04318013343217198
23,15,0.0,0.0,0,0,0.0,0.0,0.0,0.0,0.0,0,0,4.0,2.0,Global on,Threat-like,2.0,47.0,0.0425531914893617,2.0,0.08333333333333333,CS+,CS+,4.0,2.0,Global on,Threat-like,-2.0,-0.0425531914893617,-2.0,-0.08333333333333333,0.0425531914893617
23,8,0.0,0.0,0,0,0.0,0.0,0.0,0.0,0.0,0,0,4.0,3.0,Global on,Safety-like,2.0,47.0,0.0425531914893617,2.0,0.08333333333333333,CS-,ITI,4.0,3.0,Global on,Safety-like,-2.0,-0.0425531914893617,-2.0,-0.08333333333333333,0.0425531914893617
18,22,0.0,0.0,0,0,0.0,0.0,0.0,0.0,0.0,0,0,3.0,4.0,Safety-like,Global on,2.0,47.0,0.0425531914893617,2.0,0.08333333333333333,CS-,CS-,3.0,4.0,Safety-like,Global on,-2.0,-0.0425531914893617,-2.0,-0.08333333333333333,0.0425531914893617
18,31,0.0,0.0,0,0,0.0,0.0,0.0,0.0,0.0,0,0,3.0,4.0,Safety-like,Global on,2.0,47.0,0.0425531914893617,2.0,0.08333333333333333,CS+,CS+,3.0,4.0,Safety-like,Global on,-2.0,-0.0425531914893617,-2.0,-0.08333333333333333,0.0425531914893617
29,15,2.0,2.0,Threat-like,Threat-like,5.0,120.0,0.041666666666666664,3.0,0.125,ITI,CS-,0.0,0.0,0,0,0.0,0.0,0.0,0.0,0.0,0,0,2.0,2.0,Threat-like,Threat-like,5.0,0.041666666666666664,3.0,0.125,0.041666666666666664
7,29,1.0,2.0,Global off,Threat-like,3.0,43.0,0.06976744186046512,3.0,0.125,CS-,ITI,1.0,2.0,Global off,Threat-like,1.0,35.0,0.02857142857142857,1.0,0.041666666666666664,ITI,ITI,1.0,2.0,Global off,Threat-like,2.0,0.04119601328903655,2.0,0.08333333333333334,0.04119601328903655
1,3,1.0,1.0,Global off,Global off,5.0,196.0,0.025510204081632654,5.0,0.20833333333333334,ITI,ITI,1.0,1.0,Global off,Global off,12.0,180.0,0.06666666666666667,11.0,0.4583333333333333,ITI,ITI,1.0,1.0,Global off,Global off,-7.0,-0.04115646258503401,-6.0,-0.24999999999999997,0.04115646258503401
9,14,1.0,2.0,Global off,Threat-like,3.0,74.0,0.04054054054054054,3.0,0.125,ITI,ITI,0.0,0.0,0,0,0.0,0.0,0.0,0.0,0.0,0,0,1.0,2.0,Global off,Threat-like,3.0,0.04054054054054054,3.0,0.125,0.04054054054054054
10,5,1.0,1.0,Global off,Global off,1.0,38.0,0.02631578947368421,1.0,0.041666666666666664,CS-,CS-,1.0,1.0,Global off,Global off,3.0,45.0,0.06666666666666667,3.0,0.125,ITI,ITI,1.0,1.0,Global off,Global off,-2.0,-0.04035087719298246,-2.0,-0.08333333333333334,0.04035087719298246
27,25,4.0,2.0,Global on,Threat-like,1.0,38.0,0.02631578947368421,1.0,0.041666666666666664,ITI,CS+,4.0,2.0,Global on,Threat-like,2.0,30.0,0.06666666666666667,2.0,0.08333333333333333,CS-,CS-,4.0,2.0,Global on,Threat-like,-1.0,-0.04035087719298246,-1.0,-0.041666666666666664,0.04035087719298246
27,23,4.0,4.0,Global on,Global on,1.0,38.0,0.02631578947368421,1.0,0.041666666666666664,ITI,ITI,4.0,4.0,Global on,Global on,2.0,30.0,0.06666666666666667,1.0,0.041666666666666664,CS-,ITI,4.0,4.0,Global on,Global on,-1.0,-0.04035087719298246,0.0,0.0,0.04035087719298246
18,29,3.0,2.0,Safety-like,Threat-like,1.0,42.0,0.023809523809523808,1.0,0.041666666666666664,ITI,ITI,3.0,2.0,Safety-like,Threat-like,3.0,47.0,0.06382978723404255,3.0,0.125,CS+,CS+,3.0,2.0,Safety-like,Threat-like,-2.0,-0.04002026342451874,-2.0,-0.08333333333333334,0.04002026342451874
3,1,1.0,1.0,Global off,Global off,5.0,50.0,0.1,5.0,0.20833333333333334,ITI,ITI,1.0,1.0,Global off,Global off,7.0,50.0,0.14,7.0,0.2916666666666667,ITI,ITI,1.0,1.0,Global off,Global off,-2.0,-0.04000000000000001,-2.0,-0.08333333333333334,0.04000000000000001
3,14,1.0,2.0,Global off,Threat-like,2.0,50.0,0.04,2.0,0.08333333333333333,ITI,ITI,0.0,0.0,0,0,0.0,0.0,0.0,0.0,0.0,0,0,1.0,2.0,Global off,Threat-like,2.0,0.04,2.0,0.08333333333333333,0.04
3,23,1.0,4.0,Global off,Global on,2.0,50.0,0.04,2.0,0.08333333333333333,CS-,ITI,0.0,0.0,0,0,0.0,0.0,0.0,0.0,0.0,0,0,1.0,4.0,Global off,Global on,2.0,0.04,2.0,0.08333333333333333,0.04
3,21,0.0,0.0,0,0,0.0,0.0,0.0,0.0,0.0,0,0,1.0,2.0,Global off,Threat-like,2.0,50.0,0.04,2.0,0.08333333333333333,CS-,CS-,1.0,2.0,Global off,Threat-like,-2.0,-0.04,-2.0,-0.08333333333333333,0.04
3,15,0.0,0.0,0,0,0.0,0.0,0.0,0.0,0.0,0,0,1.0,2.0,Global off,Threat-like,2.0,50.0,0.04,2.0,0.08333333333333333,ITI,ITI,1.0,2.0,Global off,Threat-like,-2.0,-0.04,-2.0,-0.08333333333333333,0.04
3,11,0.0,0.0,0,0,0.0,0.0,0.0,0.0,0.0,0,0,1.0,1.0,Global off,Global off,2.0,50.0,0.04,2.0,0.08333333333333333,CS+,CS+,1.0,1.0,Global off,Global off,-2.0,-0.04,-2.0,-0.08333333333333333,0.04
22,29,0.0,0.0,0,0,0.0,0.0,0.0,0.0,0.0,0,0,4.0,2.0,Global on,Threat-like,1.0,25.0,0.04,1.0,0.041666666666666664,ITI,ITI,4.0,2.0,Global on,Threat-like,-1.0,-0.04,-1.0,-0.041666666666666664,0.04
22,12,0.0,0.0,0,0,0.0,0.0,0.0,0.0,0.0,0,0,4.0,3.0,Global on,Safety-like,1.0,25.0,0.04,1.0,0.041666666666666664,ITI,ITI,4.0,3.0,Global on,Safety-like,-1.0,-0.04,-1.0,-0.041666666666666664,0.04
25,2,2.0,1.0,Threat-like,Global off,2.0,50.0,0.04,2.0,0.08333333333333333,CS+,CS+,0.0,0.0,0,0,0.0,0.0,0.0,0.0,0.0,0,0,2.0,1.0,Threat-like,Global off,2.0,0.04,2.0,0.08333333333333333,0.04
22,21,0.0,0.0,0,0,0.0,0.0,0.0,0.0,0.0,0,0,4.0,2.0,Global on,Threat-like,1.0,25.0,0.04,1.0,0.041666666666666664,ITI,CS+,4.0,2.0,Global on,Threat-like,-1.0,-0.04,-1.0,-0.041666666666666664,0.04
22,24,0.0,0.0,0,0,0.0,0.0,0.0,0.0,0.0,0,0,4.0,4.0,Global on,Global on,1.0,25.0,0.04,1.0,0.041666666666666664,ITI,ITI,4.0,4.0,Global on,Global on,-1.0,-0.04,-1.0,-0.041666666666666664,0.04
22,28,0.0,0.0,0,0,0.0,0.0,0.0,0.0,0.0,0,0,4.0,4.0,Global on,Global on,1.0,25.0,0.04,1.0,0.041666666666666664,ITI,ITI,4.0,4.0,Global on,Global on,-1.0,-0.04,-1.0,-0.041666666666666664,0.04
22,4,0.0,0.0,0,0,0.0,0.0,0.0,0.0,0.0,0,0,4.0,3.0,Global on,Safety-like,1.0,25.0,0.04,1.0,0.041666666666666664,ITI,ITI,4.0,3.0,Global on,Safety-like,-1.0,-0.04,-1.0,-0.041666666666666664,0.04
22,10,0.0,0.0,0,0,0.0,0.0,0.0,0.0,0.0,0,0,4.0,1.0,Global on,Global off,1.0,25.0,0.04,1.0,0.041666666666666664,CS+,ITI,4.0,1.0,Global on,Global off,-1.0,-0.04,-1.0,-0.041666666666666664,0.04
22,20,0.0,0.0,0,0,0.0,0.0,0.0,0.0,0.0,0,0,4.0,3.0,Global on,Safety-like,1.0,25.0,0.04,1.0,0.041666666666666664,CS+,ITI,4.0,3.0,Global on,Safety-like,-1.0,-0.04,-1.0,-0.041666666666666664,0.04
22,14,0.0,0.0,0,0,0.0,0.0,0.0,0.0,0.0,0,0,4.0,2.0,Global on,Threat-like,1.0,25.0,0.04,1.0,0.041666666666666664,ITI,ITI,4.0,2.0,Global on,Threat-like,-1.0,-0.04,-1.0,-0.041666666666666664,0.04
9,32,1.0,4.0,Global off,Global on,2.0,74.0,0.02702702702702703,2.0,0.08333333333333333,ITI,ITI,1.0,4.0,Global off,Global on,4.0,60.0,0.06666666666666667,4.0,0.16666666666666666,CS+,ITI,1.0,4.0,Global off,Global on,-2.0,-0.03963963963963964,-2.0,-0.08333333333333333,0.03963963963963964
28,12,0.0,0.0,0,0,0.0,0.0,0.0,0.0,0.0,0,0,4.0,3.0,Global on,Safety-like,3.0,76.0,0.039473684210526314,3.0,0.125,CS-,CS+,4.0,3.0,Global on,Safety-like,-3.0,-0.039473684210526314,-3.0,-0.125,0.039473684210526314
14,30,0.0,0.0,0,0,0.0,0.0,0.0,0.0,0.0,0,0,2.0,4.0,Threat-like,Global on,3.0,76.0,0.039473684210526314,2.0,0.08333333333333333,CS-,ITI,2.0,4.0,Threat-like,Global on,-3.0,-0.039473684210526314,-2.0,-0.08333333333333333,0.039473684210526314
28,27,0.0,0.0,0,0,0.0,0.0,0.0,0.0,0.0,0,0,4.0,4.0,Global on,Global on,3.0,76.0,0.039473684210526314,3.0,0.125,CS-,CS-,4.0,4.0,Global on,Global on,-3.0,-0.039473684210526314,-3.0,-0.125,0.039473684210526314
7,13,1.0,2.0,Global off,Threat-like,2.0,43.0,0.046511627906976744,2.0,0.08333333333333333,ITI,CS-,1.0,2.0,Global off,Threat-like,3.0,35.0,0.08571428571428572,3.0,0.125,ITI,ITI,1.0,2.0,Global off,Threat-like,-1.0,-0.03920265780730897,-1.0,-0.04166666666666667,0.03920265780730897
24,16,4.0,4.0,Global on,Global on,4.0,70.0,0.05714285714285714,3.0,0.125,ITI,CS-,4.0,4.0,Global on,Global on,1.0,55.0,0.01818181818181818,1.0,0.041666666666666664,CS+,ITI,4.0,4.0,Global on,Global on,3.0,0.03896103896103896,2.0,0.08333333333333334,0.03896103896103896
6,30,0.0,0.0,0,0,0.0,0.0,0.0,0.0,0.0,0,0,1.0,4.0,Global off,Global on,1.0,26.0,0.038461538461538464,1.0,0.041666666666666664,ITI,ITI,1.0,4.0,Global off,Global on,-1.0,-0.038461538461538464,-1.0,-0.041666666666666664,0.038461538461538464
6,8,0.0,0.0,0,0,0.0,0.0,0.0,0.0,0.0,0,0,1.0,3.0,Global off,Safety-like,1.0,26.0,0.038461538461538464,1.0,0.041666666666666664,ITI,ITI,1.0,3.0,Global off,Safety-like,-1.0,-0.038461538461538464,-1.0,-0.041666666666666664,0.038461538461538464
13,28,0.0,0.0,0,0,0.0,0.0,0.0,0.0,0.0,0,0,2.0,4.0,Threat-like,Global on,5.0,130.0,0.038461538461538464,5.0,0.20833333333333334,ITI,ITI,2.0,4.0,Threat-like,Global on,-5.0,-0.038461538461538464,-5.0,-0.20833333333333334,0.038461538461538464
6,23,0.0,0.0,0,0,0.0,0.0,0.0,0.0,0.0,0,0,1.0,4.0,Global off,Global on,1.0,26.0,0.038461538461538464,1.0,0.041666666666666664,CS-,CS-,1.0,4.0,Global off,Global on,-1.0,-0.038461538461538464,-1.0,-0.041666666666666664,0.038461538461538464
20,12,3.0,3.0,Safety-like,Safety-like,1.0,128.0,0.0078125,1.0,0.041666666666666664,CS+,CS+,3.0,3.0,Safety-like,Safety-like,6.0,130.0,0.046153846153846156,4.0,0.16666666666666666,ITI,ITI,3.0,3.0,Safety-like,Safety-like,-5.0,-0.038341346153846156,-3.0,-0.125,0.038341346153846156
28,29,4.0,2.0,Global on,Threat-like,1.0,67.0,0.014925373134328358,1.0,0.041666666666666664,ITI,ITI,4.0,2.0,Global on,Threat-like,4.0,76.0,0.05263157894736842,4.0,0.16666666666666666,ITI,ITI,4.0,2.0,Global on,Threat-like,-3.0,-0.03770620581304006,-3.0,-0.125,0.03770620581304006
28,4,4.0,3.0,Global on,Safety-like,1.0,67.0,0.014925373134328358,1.0,0.041666666666666664,ITI,ITI,4.0,3.0,Global on,Safety-like,4.0,76.0,0.05263157894736842,4.0,0.16666666666666666,ITI,CS-,4.0,3.0,Global on,Safety-like,-3.0,-0.03770620581304006,-3.0,-0.125,0.03770620581304006
20,19,3.0,3.0,Safety-like,Safety-like,7.0,128.0,0.0546875,7.0,0.2916666666666667,ITI,ITI,3.0,3.0,Safety-like,Safety-like,12.0,130.0,0.09230769230769231,11.0,0.4583333333333333,ITI,ITI,3.0,3.0,Safety-like,Safety-like,-5.0,-0.03762019230769231,-4.0,-0.16666666666666663,0.03762019230769231
2,8,1.0,3.0,Global off,Safety-like,1.0,114.0,0.008771929824561403,1.0,0.041666666666666664,ITI,ITI,1.0,3.0,Global off,Safety-like,5.0,108.0,0.046296296296296294,4.0,0.16666666666666666,ITI,CS-,1.0,3.0,Global off,Safety-like,-4.0,-0.03752436647173489,-3.0,-0.125,0.03752436647173489
18,2,3.0,1.0,Safety-like,Global off,2.0,42.0,0.047619047619047616,2.0,0.08333333333333333,ITI,CS+,3.0,1.0,Safety-like,Global off,4.0,47.0,0.0851063829787234,4.0,0.16666666666666666,CS-,ITI,3.0,1.0,Safety-like,Global off,-2.0,-0.037487335359675786,-2.0,-0.08333333333333333,0.037487335359675786
1,4,1.0,3.0,Global off,Safety-like,9.0,196.0,0.04591836734693878,9.0,0.375,ITI,ITI,1.0,3.0,Global off,Safety-like,15.0,180.0,0.08333333333333333,9.0,0.375,ITI,ITI,1.0,3.0,Global off,Safety-like,-6.0,-0.03741496598639455,0.0,0.0,0.03741496598639455
9,19,1.0,3.0,Global off,Safety-like,4.0,74.0,0.05405405405405406,3.0,0.125,ITI,ITI,1.0,3.0,Global off,Safety-like,1.0,60.0,0.016666666666666666,1.0,0.041666666666666664,CS+,CS+,1.0,3.0,Global off,Safety-like,3.0,0.037387387387387394,2.0,0.08333333333333334,0.037387387387387394
9,26,1.0,4.0,Global off,Global on,4.0,74.0,0.05405405405405406,4.0,0.16666666666666666,CS+,ITI,1.0,4.0,Global off,Global on,1.0,60.0,0.016666666666666666,1.0,0.041666666666666664,CS+,CS+,1.0,4.0,Global off,Global on,3.0,0.037387387387387394,3.0,0.125,0.037387387387387394
4,16,3.0,4.0,Safety-like,Global on,3.0,95.0,0.031578947368421054,3.0,0.125,ITI,CS+,3.0,4.0,Safety-like,Global on,6.0,87.0,0.06896551724137931,6.0,0.25,CS-,ITI,3.0,4.0,Safety-like,Global on,-3.0,-0.037386569872958256,-3.0,-0.125,0.037386569872958256
8,31,3.0,4.0,Safety-like,Global on,2.0,54.0,0.037037037037037035,2.0,0.08333333333333333,ITI,ITI,0.0,0.0,0,0,0.0,0.0,0.0,0.0,0.0,0,0,3.0,4.0,Safety-like,Global on,2.0,0.037037037037037035,2.0,0.08333333333333333,0.037037037037037035
8,24,3.0,4.0,Safety-like,Global on,2.0,54.0,0.037037037037037035,2.0,0.08333333333333333,ITI,ITI,0.0,0.0,0,0,0.0,0.0,0.0,0.0,0.0,0,0,3.0,4.0,Safety-like,Global on,2.0,0.037037037037037035,2.0,0.08333333333333333,0.037037037037037035
8,6,3.0,1.0,Safety-like,Global off,2.0,54.0,0.037037037037037035,2.0,0.08333333333333333,ITI,CS-,0.0,0.0,0,0,0.0,0.0,0.0,0.0,0.0,0,0,3.0,1.0,Safety-like,Global off,2.0,0.037037037037037035,2.0,0.08333333333333333,0.037037037037037035
14,13,2.0,2.0,Threat-like,Threat-like,11.0,71.0,0.15492957746478872,7.0,0.2916666666666667,CS-,ITI,2.0,2.0,Threat-like,Threat-like,9.0,76.0,0.11842105263157894,6.0,0.25,CS+,ITI,2.0,2.0,Threat-like,Threat-like,2.0,0.03650852483320978,1.0,0.041666666666666685,0.03650852483320978
16,10,4.0,1.0,Global on,Global off,1.0,90.0,0.011111111111111112,1.0,0.041666666666666664,ITI,CS+,4.0,1.0,Global on,Global off,4.0,84.0,0.047619047619047616,2.0,0.08333333333333333,CS+,ITI,4.0,1.0,Global on,Global off,-3.0,-0.0365079365079365,-1.0,-0.041666666666666664,0.0365079365079365
9,7,1.0,1.0,Global off,Global off,1.0,74.0,0.013513513513513514,1.0,0.041666666666666664,ITI,ITI,1.0,1.0,Global off,Global off,3.0,60.0,0.05,2.0,0.08333333333333333,CS+,ITI,1.0,1.0,Global off,Global off,-2.0,-0.03648648648648649,-1.0,-0.041666666666666664,0.03648648648648649
24,14,0.0,0.0,0,0,0.0,0.0,0.0,0.0,0.0,0,0,4.0,2.0,Global on,Threat-like,2.0,55.0,0.03636363636363636,2.0,0.08333333333333333,CS-,CS-,4.0,2.0,Global on,Threat-like,-2.0,-0.03636363636363636,-2.0,-0.08333333333333333,0.03636363636363636
24,23,0.0,0.0,0,0,0.0,0.0,0.0,0.0,0.0,0,0,4.0,4.0,Global on,Global on,2.0,55.0,0.03636363636363636,2.0,0.08333333333333333,CS+,CS+,4.0,4.0,Global on,Global on,-2.0,-0.03636363636363636,-2.0,-0.08333333333333333,0.03636363636363636
24,17,0.0,0.0,0,0,0.0,0.0,0.0,0.0,0.0,0,0,4.0,1.0,Global on,Global off,2.0,55.0,0.03636363636363636,2.0,0.08333333333333333,CS-,ITI,4.0,1.0,Global on,Global off,-2.0,-0.03636363636363636,-2.0,-0.08333333333333333,0.03636363636363636
31,13,4.0,2.0,Global on,Threat-like,4.0,108.0,0.037037037037037035,4.0,0.16666666666666666,CS+,CS+,4.0,2.0,Global on,Threat-like,8.0,109.0,0.07339449541284404,5.0,0.20833333333333334,ITI,CS+,4.0,2.0,Global on,Threat-like,-4.0,-0.036357458375807006,-1.0,-0.041666666666666685,0.036357458375807006
4,2,3.0,1.0,Safety-like,Global off,10.0,95.0,0.10526315789473684,9.0,0.375,ITI,ITI,3.0,1.0,Safety-like,Global off,6.0,87.0,0.06896551724137931,5.0,0.20833333333333334,ITI,ITI,3.0,1.0,Safety-like,Global off,4.0,0.03629764065335753,4.0,0.16666666666666666,0.03629764065335753
7,1,1.0,1.0,Global off,Global off,4.0,43.0,0.09302325581395349,4.0,0.16666666666666666,ITI,CS-,1.0,1.0,Global off,Global off,2.0,35.0,0.05714285714285714,2.0,0.08333333333333333,CS-,CS-,1.0,1.0,Global off,Global off,2.0,0.035880398671096346,2.0,0.08333333333333333,0.035880398671096346
7,16,1.0,4.0,Global off,Global on,4.0,43.0,0.09302325581395349,3.0,0.125,CS-,CS-,1.0,4.0,Global off,Global on,2.0,35.0,0.05714285714285714,2.0,0.08333333333333333,CS+,CS-,1.0,4.0,Global off,Global on,2.0,0.035880398671096346,1.0,0.04166666666666667,0.035880398671096346
16,21,0.0,0.0,0,0,0.0,0.0,0.0,0.0,0.0,0,0,4.0,2.0,Global on,Threat-like,3.0,84.0,0.03571428571428571,3.0,0.125,ITI,ITI,4.0,2.0,Global on,Threat-like,-3.0,-0.03571428571428571,-3.0,-0.125,0.03571428571428571
5,30,1.0,4.0,Global off,Global on,3.0,85.0,0.03529411764705882,3.0,0.125,CS-,CS-,0.0,0.0,0,0,0.0,0.0,0.0,0.0,0.0,0,0,1.0,4.0,Global off,Global on,3.0,0.03529411764705882,3.0,0.125,0.03529411764705882
1,25,1.0,2.0,Global off,Threat-like,8.0,196.0,0.04081632653061224,7.0,0.2916666666666667,ITI,ITI,1.0,2.0,Global off,Threat-like,1.0,180.0,0.005555555555555556,1.0,0.041666666666666664,CS-,CS-,1.0,2.0,Global off,Threat-like,7.0,0.035260770975056685,6.0,0.25,0.035260770975056685
12,10,0.0,0.0,0,0,0.0,0.0,0.0,0.0,0.0,0,0,3.0,1.0,Safety-like,Global off,2.0,57.0,0.03508771929824561,2.0,0.08333333333333333,ITI,CS+,3.0,1.0,Safety-like,Global off,-2.0,-0.03508771929824561,-2.0,-0.08333333333333333,0.03508771929824561
24,31,4.0,4.0,Global on,Global on,5.0,70.0,0.07142857142857142,3.0,0.125,ITI,ITI,4.0,4.0,Global on,Global on,2.0,55.0,0.03636363636363636,2.0,0.08333333333333333,ITI,CS-,4.0,4.0,Global on,Global on,3.0,0.03506493506493506,1.0,0.04166666666666667,0.03506493506493506
32,18,4.0,3.0,Global on,Safety-like,7.0,200.0,0.035,6.0,0.25,CS+,ITI,0.0,0.0,0,0,0.0,0.0,0.0,0.0,0.0,0,0,4.0,3.0,Global on,Safety-like,7.0,0.035,6.0,0.25,0.035
32,27,4.0,4.0,Global on,Global on,7.0,200.0,0.035,7.0,0.2916666666666667,ITI,ITI,0.0,0.0,0,0,0.0,0.0,0.0,0.0,0.0,0,0,4.0,4.0,Global on,Global on,7.0,0.035,7.0,0.2916666666666667,0.035
13,16,2.0,4.0,Threat-like,Global on,3.0,113.0,0.02654867256637168,3.0,0.125,CS+,ITI,2.0,4.0,Threat-like,Global on,8.0,130.0,0.06153846153846154,7.0,0.2916666666666667,ITI,ITI,2.0,4.0,Threat-like,Global on,-5.0,-0.03498978897208986,-4.0,-0.16666666666666669,0.03498978897208986
5,15,0.0,0.0,0,0,0.0,0.0,0.0,0.0,0.0,0,0,1.0,2.0,Global off,Threat-like,3.0,86.0,0.03488372093023256,3.0,0.125,ITI,ITI,1.0,2.0,Global off,Threat-like,-3.0,-0.03488372093023256,-3.0,-0.125,0.03488372093023256
5,10,0.0,0.0,0,0,0.0,0.0,0.0,0.0,0.0,0,0,1.0,1.0,Global off,Global off,3.0,86.0,0.03488372093023256,3.0,0.125,CS+,ITI,1.0,1.0,Global off,Global off,-3.0,-0.03488372093023256,-3.0,-0.125,0.03488372093023256
5,23,0.0,0.0,0,0,0.0,0.0,0.0,0.0,0.0,0,0,1.0,4.0,Global off,Global on,3.0,86.0,0.03488372093023256,3.0,0.125,ITI,ITI,1.0,4.0,Global off,Global on,-3.0,-0.03488372093023256,-3.0,-0.125,0.03488372093023256
5,21,1.0,2.0,Global off,Threat-like,1.0,85.0,0.011764705882352941,1.0,0.041666666666666664,CS-,CS-,1.0,2.0,Global off,Threat-like,4.0,86.0,0.046511627906976744,3.0,0.125,ITI,ITI,1.0,2.0,Global off,Threat-like,-3.0,-0.0347469220246238,-2.0,-0.08333333333333334,0.0347469220246238
4,6,0.0,0.0,0,0,0.0,0.0,0.0,0.0,0.0,0,0,3.0,1.0,Safety-like,Global off,3.0,87.0,0.034482758620689655,3.0,0.125,ITI,ITI,3.0,1.0,Safety-like,Global off,-3.0,-0.034482758620689655,-3.0,-0.125,0.034482758620689655
30,27,4.0,4.0,Global on,Global on,2.0,59.0,0.03389830508474576,2.0,0.08333333333333333,CS-,CS-,0.0,0.0,0,0,0.0,0.0,0.0,0.0,0.0,0,0,4.0,4.0,Global on,Global on,2.0,0.03389830508474576,2.0,0.08333333333333333,0.03389830508474576
30,16,4.0,4.0,Global on,Global on,2.0,59.0,0.03389830508474576,2.0,0.08333333333333333,CS+,CS+,0.0,0.0,0,0,0.0,0.0,0.0,0.0,0.0,0,0,4.0,4.0,Global on,Global on,2.0,0.03389830508474576,2.0,0.08333333333333333,0.03389830508474576
5,13,1.0,2.0,Global off,Threat-like,10.0,85.0,0.11764705882352941,8.0,0.3333333333333333,ITI,CS+,1.0,2.0,Global off,Threat-like,13.0,86.0,0.1511627906976744,8.0,0.3333333333333333,CS+,ITI,1.0,2.0,Global off,Threat-like,-3.0,-0.033515731874145,0.0,0.0,0.033515731874145
32,1,4.0,1.0,Global on,Global off,7.0,200.0,0.035,5.0,0.20833333333333334,ITI,ITI,4.0,1.0,Global on,Global off,13.0,190.0,0.06842105263157895,12.0,0.5,ITI,ITI,4.0,1.0,Global on,Global off,-6.0,-0.03342105263157895,-7.0,-0.29166666666666663,0.03342105263157895
28,31,4.0,4.0,Global on,Global on,4.0,67.0,0.05970149253731343,4.0,0.16666666666666666,ITI,ITI,4.0,4.0,Global on,Global on,2.0,76.0,0.02631578947368421,2.0,0.08333333333333333,ITI,CS-,4.0,4.0,Global on,Global on,2.0,0.03338570306362922,2.0,0.08333333333333333,0.03338570306362922
28,19,4.0,3.0,Global on,Safety-like,4.0,67.0,0.05970149253731343,3.0,0.125,ITI,ITI,4.0,3.0,Global on,Safety-like,2.0,76.0,0.02631578947368421,2.0,0.08333333333333333,CS-,ITI,4.0,3.0,Global on,Safety-like,2.0,0.03338570306362922,1.0,0.04166666666666667,0.03338570306362922
6,29,1.0,2.0,Global off,Threat-like,1.0,30.0,0.03333333333333333,1.0,0.041666666666666664,CS+,CS+,0.0,0.0,0,0,0.0,0.0,0.0,0.0,0.0,0,0,1.0,2.0,Global off,Threat-like,1.0,0.03333333333333333,1.0,0.041666666666666664,0.03333333333333333
6,10,1.0,1.0,Global off,Global off,1.0,30.0,0.03333333333333333,1.0,0.041666666666666664,ITI,CS+,0.0,0.0,0,0,0.0,0.0,0.0,0.0,0.0,0,0,1.0,1.0,Global off,Global off,1.0,0.03333333333333333,1.0,0.041666666666666664,0.03333333333333333
6,20,1.0,3.0,Global off,Safety-like,1.0,30.0,0.03333333333333333,1.0,0.041666666666666664,CS-,ITI,0.0,0.0,0,0,0.0,0.0,0.0,0.0,0.0,0,0,1.0,3.0,Global off,Safety-like,1.0,0.03333333333333333,1.0,0.041666666666666664,0.03333333333333333
6,26,1.0,4.0,Global off,Global on,1.0,30.0,0.03333333333333333,1.0,0.041666666666666664,CS+,CS+,0.0,0.0,0,0,0.0,0.0,0.0,0.0,0.0,0,0,1.0,4.0,Global off,Global on,1.0,0.03333333333333333,1.0,0.041666666666666664,0.03333333333333333
6,4,1.0,3.0,Global off,Safety-like,1.0,30.0,0.03333333333333333,1.0,0.041666666666666664,ITI,ITI,0.0,0.0,0,0,0.0,0.0,0.0,0.0,0.0,0,0,1.0,3.0,Global off,Safety-like,1.0,0.03333333333333333,1.0,0.041666666666666664,0.03333333333333333
15,11,2.0,1.0,Threat-like,Global off,1.0,30.0,0.03333333333333333,1.0,0.041666666666666664,ITI,CS-,0.0,0.0,0,0,0.0,0.0,0.0,0.0,0.0,0,0,2.0,1.0,Threat-like,Global off,1.0,0.03333333333333333,1.0,0.041666666666666664,0.03333333333333333
16,23,4.0,4.0,Global on,Global on,3.0,90.0,0.03333333333333333,3.0,0.125,CS-,ITI,0.0,0.0,0,0,0.0,0.0,0.0,0.0,0.0,0,0,4.0,4.0,Global on,Global on,3.0,0.03333333333333333,3.0,0.125,0.03333333333333333
15,30,2.0,4.0,Threat-like,Global on,1.0,30.0,0.03333333333333333,1.0,0.041666666666666664,CS+,CS+,0.0,0.0,0,0,0.0,0.0,0.0,0.0,0.0,0,0,2.0,4.0,Threat-like,Global on,1.0,0.03333333333333333,1.0,0.041666666666666664,0.03333333333333333
27,4,0.0,0.0,0,0,0.0,0.0,0.0,0.0,0.0,0,0,4.0,3.0,Global on,Safety-like,1.0,30.0,0.03333333333333333,1.0,0.041666666666666664,ITI,ITI,4.0,3.0,Global on,Safety-like,-1.0,-0.03333333333333333,-1.0,-0.041666666666666664,0.03333333333333333
15,24,2.0,4.0,Threat-like,Global on,1.0,30.0,0.03333333333333333,1.0,0.041666666666666664,ITI,CS-,0.0,0.0,0,0,0.0,0.0,0.0,0.0,0.0,0,0,2.0,4.0,Threat-like,Global on,1.0,0.03333333333333333,1.0,0.041666666666666664,0.03333333333333333
29,9,2.0,1.0,Threat-like,Global off,8.0,120.0,0.06666666666666667,7.0,0.2916666666666667,ITI,CS+,2.0,1.0,Threat-like,Global off,3.0,89.0,0.033707865168539325,3.0,0.125,CS-,ITI,2.0,1.0,Threat-like,Global off,5.0,0.03295880149812734,4.0,0.16666666666666669,0.03295880149812734
17,2,1.0,1.0,Global off,Global off,7.0,94.0,0.07446808510638298,6.0,0.25,ITI,CS+,1.0,1.0,Global off,Global off,4.0,96.0,0.041666666666666664,4.0,0.16666666666666666,ITI,ITI,1.0,1.0,Global off,Global off,3.0,0.03280141843971631,2.0,0.08333333333333334,0.03280141843971631
8,26,0.0,0.0,0,0,0.0,0.0,0.0,0.0,0.0,0,0,3.0,4.0,Safety-like,Global on,2.0,61.0,0.03278688524590164,1.0,0.041666666666666664,CS-,ITI,3.0,4.0,Safety-like,Global on,-2.0,-0.03278688524590164,-1.0,-0.041666666666666664,0.03278688524590164
8,22,0.0,0.0,0,0,0.0,0.0,0.0,0.0,0.0,0,0,3.0,4.0,Safety-like,Global on,2.0,61.0,0.03278688524590164,2.0,0.08333333333333333,CS+,CS+,3.0,4.0,Safety-like,Global on,-2.0,-0.03278688524590164,-2.0,-0.08333333333333333,0.03278688524590164
17,29,1.0,2.0,Global off,Threat-like,5.0,94.0,0.05319148936170213,4.0,0.16666666666666666,ITI,ITI,1.0,2.0,Global off,Threat-like,2.0,96.0,0.020833333333333332,2.0,0.08333333333333333,CS-,CS-,1.0,2.0,Global off,Threat-like,3.0,0.03235815602836879,2.0,0.08333333333333333,0.03235815602836879
13,31,2.0,4.0,Threat-like,Global on,8.0,113.0,0.07079646017699115,8.0,0.3333333333333333,ITI,ITI,2.0,4.0,Threat-like,Global on,5.0,130.0,0.038461538461538464,5.0,0.20833333333333334,CS-,ITI,2.0,4.0,Threat-like,Global on,3.0,0.032334921715452686,3.0,0.12499999999999997,0.032334921715452686
10,9,1.0,1.0,Global off,Global off,3.0,38.0,0.07894736842105263,3.0,0.125,ITI,ITI,1.0,1.0,Global off,Global off,5.0,45.0,0.1111111111111111,5.0,0.20833333333333334,CS+,ITI,1.0,1.0,Global off,Global off,-2.0,-0.03216374269005848,-2.0,-0.08333333333333334,0.03216374269005848
17,12,1.0,3.0,Global off,Safety-like,4.0,94.0,0.0425531914893617,3.0,0.125,ITI,CS+,1.0,3.0,Global off,Safety-like,1.0,96.0,0.010416666666666666,1.0,0.041666666666666664,ITI,ITI,1.0,3.0,Global off,Safety-like,3.0,0.03213652482269504,2.0,0.08333333333333334,0.03213652482269504
28,30,4.0,4.0,Global on,Global on,3.0,67.0,0.04477611940298507,3.0,0.125,CS-,CS-,4.0,4.0,Global on,Global on,1.0,76.0,0.013157894736842105,1.0,0.041666666666666664,CS+,CS+,4.0,4.0,Global on,Global on,2.0,0.03161822466614297,2.0,0.08333333333333334,0.03161822466614297
28,3,4.0,1.0,Global on,Global off,3.0,67.0,0.04477611940298507,3.0,0.125,ITI,ITI,4.0,1.0,Global on,Global off,1.0,76.0,0.013157894736842105,1.0,0.041666666666666664,ITI,ITI,4.0,1.0,Global on,Global off,2.0,0.03161822466614297,2.0,0.08333333333333334,0.03161822466614297
27,32,4.0,4.0,Global on,Global on,5.0,38.0,0.13157894736842105,4.0,0.16666666666666666,ITI,ITI,4.0,4.0,Global on,Global on,3.0,30.0,0.1,3.0,0.125,ITI,CS-,4.0,4.0,Global on,Global on,2.0,0.03157894736842104,1.0,0.04166666666666666,0.03157894736842104
20,8,3.0,3.0,Safety-like,Safety-like,6.0,128.0,0.046875,5.0,0.20833333333333334,ITI,ITI,3.0,3.0,Safety-like,Safety-like,2.0,130.0,0.015384615384615385,2.0,0.08333333333333333,CS-,CS-,3.0,3.0,Safety-like,Safety-like,4.0,0.031490384615384615,3.0,0.125,0.031490384615384615
30,25,4.0,2.0,Global on,Threat-like,2.0,59.0,0.03389830508474576,2.0,0.08333333333333333,ITI,CS+,4.0,2.0,Global on,Threat-like,3.0,46.0,0.06521739130434782,3.0,0.125,CS+,ITI,4.0,2.0,Global on,Threat-like,-1.0,-0.03131908621960206,-1.0,-0.04166666666666667,0.03131908621960206
17,16,1.0,4.0,Global off,Global on,2.0,94.0,0.02127659574468085,2.0,0.08333333333333333,CS+,ITI,1.0,4.0,Global off,Global on,5.0,96.0,0.052083333333333336,5.0,0.20833333333333334,ITI,CS-,1.0,4.0,Global off,Global on,-3.0,-0.030806737588652485,-3.0,-0.125,0.030806737588652485
17,5,1.0,1.0,Global off,Global off,2.0,94.0,0.02127659574468085,2.0,0.08333333333333333,ITI,CS+,1.0,1.0,Global off,Global off,5.0,96.0,0.052083333333333336,5.0,0.20833333333333334,ITI,CS-,1.0,1.0,Global off,Global off,-3.0,-0.030806737588652485,-3.0,-0.125,0.030806737588652485
17,10,1.0,1.0,Global off,Global off,2.0,94.0,0.02127659574468085,2.0,0.08333333333333333,ITI,CS+,1.0,1.0,Global off,Global off,5.0,96.0,0.052083333333333336,4.0,0.16666666666666666,CS+,ITI,1.0,1.0,Global off,Global off,-3.0,-0.030806737588652485,-2.0,-0.08333333333333333,0.030806737588652485
8,19,3.0,3.0,Safety-like,Safety-like,1.0,54.0,0.018518518518518517,1.0,0.041666666666666664,ITI,ITI,3.0,3.0,Safety-like,Safety-like,3.0,61.0,0.04918032786885246,3.0,0.125,CS-,ITI,3.0,3.0,Safety-like,Safety-like,-2.0,-0.03066180935033394,-2.0,-0.08333333333333334,0.03066180935033394
8,13,3.0,2.0,Safety-like,Threat-like,1.0,54.0,0.018518518518518517,1.0,0.041666666666666664,ITI,CS-,3.0,2.0,Safety-like,Threat-like,3.0,61.0,0.04918032786885246,1.0,0.041666666666666664,ITI,CS+,3.0,2.0,Safety-like,Threat-like,-2.0,-0.03066180935033394,0.0,0.0,0.03066180935033394
8,7,3.0,1.0,Safety-like,Global off,1.0,54.0,0.018518518518518517,1.0,0.041666666666666664,ITI,CS-,3.0,1.0,Safety-like,Global off,3.0,61.0,0.04918032786885246,2.0,0.08333333333333333,ITI,ITI,3.0,1.0,Safety-like,Global off,-2.0,-0.03066180935033394,-1.0,-0.041666666666666664,0.03066180935033394
10,4,1.0,3.0,Global off,Safety-like,2.0,38.0,0.05263157894736842,2.0,0.08333333333333333,CS+,CS+,1.0,3.0,Global off,Safety-like,1.0,45.0,0.022222222222222223,1.0,0.041666666666666664,ITI,CS+,1.0,3.0,Global off,Safety-like,1.0,0.030409356725146195,1.0,0.041666666666666664,0.030409356725146195
20,31,3.0,4.0,Safety-like,Global on,3.0,128.0,0.0234375,3.0,0.125,ITI,CS+,3.0,4.0,Safety-like,Global on,7.0,130.0,0.05384615384615385,6.0,0.25,ITI,ITI,3.0,4.0,Safety-like,Global on,-4.0,-0.03040865384615385,-3.0,-0.125,0.03040865384615385
28,9,4.0,1.0,Global on,Global off,2.0,67.0,0.029850746268656716,2.0,0.08333333333333333,CS-,CS-,0.0,0.0,0,0,0.0,0.0,0.0,0.0,0.0,0,0,4.0,1.0,Global on,Global off,2.0,0.029850746268656716,2.0,0.08333333333333333,0.029850746268656716
2,32,1.0,4.0,Global off,Global on,4.0,114.0,0.03508771929824561,4.0,0.16666666666666666,ITI,ITI,1.0,4.0,Global off,Global on,7.0,108.0,0.06481481481481481,7.0,0.2916666666666667,CS+,ITI,1.0,4.0,Global off,Global on,-3.0,-0.0297270955165692,-3.0,-0.12500000000000003,0.0297270955165692
1,21,1.0,2.0,Global off,Threat-like,8.0,196.0,0.04081632653061224,6.0,0.25,ITI,ITI,1.0,2.0,Global off,Threat-like,2.0,180.0,0.011111111111111112,2.0,0.08333333333333333,CS-,CS-,1.0,2.0,Global off,Threat-like,6.0,0.02970521541950113,4.0,0.16666666666666669,0.02970521541950113
4,29,3.0,2.0,Safety-like,Threat-like,5.0,95.0,0.05263157894736842,4.0,0.16666666666666666,CS+,ITI,3.0,2.0,Safety-like,Threat-like,2.0,87.0,0.022988505747126436,2.0,0.08333333333333333,CS-,CS+,3.0,2.0,Safety-like,Threat-like,3.0,0.02964307320024198,2.0,0.08333333333333333,0.02964307320024198
14,3,2.0,1.0,Threat-like,Global off,3.0,71.0,0.04225352112676056,3.0,0.125,CS+,ITI,2.0,1.0,Threat-like,Global off,1.0,76.0,0.013157894736842105,1.0,0.041666666666666664,ITI,ITI,2.0,1.0,Threat-like,Global off,2.0,0.029095626389918458,2.0,0.08333333333333334,0.029095626389918458
18,19,3.0,3.0,Safety-like,Safety-like,3.0,42.0,0.07142857142857142,3.0,0.125,ITI,ITI,3.0,3.0,Safety-like,Safety-like,2.0,47.0,0.0425531914893617,2.0,0.08333333333333333,CS-,CS+,3.0,3.0,Safety-like,Safety-like,1.0,0.028875379939209724,1.0,0.04166666666666667,0.028875379939209724
1,14,1.0,2.0,Global off,Threat-like,10.0,196.0,0.05102040816326531,9.0,0.375,ITI,ITI,1.0,2.0,Global off,Threat-like,4.0,180.0,0.022222222222222223,3.0,0.125,CS+,CS+,1.0,2.0,Global off,Threat-like,6.0,0.028798185941043084,6.0,0.25,0.028798185941043084
1,18,1.0,3.0,Global off,Safety-like,2.0,196.0,0.01020408163265306,2.0,0.08333333333333333,ITI,ITI,1.0,3.0,Global off,Safety-like,7.0,180.0,0.03888888888888889,5.0,0.20833333333333334,ITI,ITI,1.0,3.0,Global off,Safety-like,-5.0,-0.02868480725623583,-3.0,-0.125,0.02868480725623583
29,17,2.0,1.0,Threat-like,Global off,6.0,120.0,0.05,5.0,0.20833333333333334,ITI,ITI,2.0,1.0,Threat-like,Global off,7.0,89.0,0.07865168539325842,6.0,0.25,ITI,ITI,2.0,1.0,Threat-like,Global off,-1.0,-0.028651685393258422,-1.0,-0.04166666666666666,0.028651685393258422
7,23,0.0,0.0,0,0,0.0,0.0,0.0,0.0,0.0,0,0,1.0,4.0,Global off,Global on,1.0,35.0,0.02857142857142857,1.0,0.041666666666666664,ITI,ITI,1.0,4.0,Global off,Global on,-1.0,-0.02857142857142857,-1.0,-0.041666666666666664,0.02857142857142857
24,25,4.0,2.0,Global on,Threat-like,2.0,70.0,0.02857142857142857,2.0,0.08333333333333333,CS+,ITI,0.0,0.0,0,0,0.0,0.0,0.0,0.0,0.0,0,0,4.0,2.0,Global on,Threat-like,2.0,0.02857142857142857,2.0,0.08333333333333333,0.02857142857142857
8,1,3.0,1.0,Safety-like,Global off,2.0,54.0,0.037037037037037035,1.0,0.041666666666666664,ITI,CS-,3.0,1.0,Safety-like,Global off,4.0,61.0,0.06557377049180328,4.0,0.16666666666666666,CS-,CS-,3.0,1.0,Safety-like,Global off,-2.0,-0.028536733454766247,-3.0,-0.125,0.028536733454766247
8,4,3.0,3.0,Safety-like,Safety-like,2.0,54.0,0.037037037037037035,2.0,0.08333333333333333,ITI,CS-,3.0,3.0,Safety-like,Safety-like,4.0,61.0,0.06557377049180328,4.0,0.16666666666666666,ITI,ITI,3.0,3.0,Safety-like,Safety-like,-2.0,-0.028536733454766247,-2.0,-0.08333333333333333,0.028536733454766247
13,24,2.0,4.0,Threat-like,Global on,2.0,113.0,0.017699115044247787,2.0,0.08333333333333333,CS-,CS-,2.0,4.0,Threat-like,Global on,6.0,130.0,0.046153846153846156,4.0,0.16666666666666666,ITI,ITI,2.0,4.0,Threat-like,Global on,-4.0,-0.02845473110959837,-2.0,-0.08333333333333333,0.02845473110959837
12,20,3.0,3.0,Safety-like,Safety-like,1.0,41.0,0.024390243902439025,1.0,0.041666666666666664,ITI,ITI,3.0,3.0,Safety-like,Safety-like,3.0,57.0,0.05263157894736842,3.0,0.125,ITI,ITI,3.0,3.0,Safety-like,Safety-like,-2.0,-0.028241335044929393,-2.0,-0.08333333333333334,0.028241335044929393
25,32,2.0,4.0,Threat-like,Global on,2.0,50.0,0.04,2.0,0.08333333333333333,CS+,CS+,2.0,4.0,Threat-like,Global on,3.0,44.0,0.06818181818181818,3.0,0.125,ITI,ITI,2.0,4.0,Threat-like,Global on,-1.0,-0.028181818181818176,-1.0,-0.04166666666666667,0.028181818181818176
14,21,2.0,2.0,Threat-like,Threat-like,2.0,71.0,0.028169014084507043,2.0,0.08333333333333333,CS+,ITI,0.0,0.0,0,0,0.0,0.0,0.0,0.0,0.0,0,0,2.0,2.0,Threat-like,Threat-like,2.0,0.028169014084507043,2.0,0.08333333333333333,0.028169014084507043
14,4,2.0,3.0,Threat-like,Safety-like,2.0,71.0,0.028169014084507043,2.0,0.08333333333333333,ITI,ITI,0.0,0.0,0,0,0.0,0.0,0.0,0.0,0.0,0,0,2.0,3.0,Threat-like,Safety-like,2.0,0.028169014084507043,2.0,0.08333333333333333,0.028169014084507043
13,5,2.0,1.0,Threat-like,Global off,11.0,113.0,0.09734513274336283,10.0,0.4166666666666667,CS+,ITI,2.0,1.0,Threat-like,Global off,9.0,130.0,0.06923076923076923,6.0,0.25,CS+,ITI,2.0,1.0,Threat-like,Global off,2.0,0.028114363512593596,4.0,0.16666666666666669,0.028114363512593596
31,24,4.0,4.0,Global on,Global on,5.0,108.0,0.046296296296296294,4.0,0.16666666666666666,ITI,CS-,4.0,4.0,Global on,Global on,2.0,109.0,0.01834862385321101,2.0,0.08333333333333333,ITI,CS+,4.0,4.0,Global on,Global on,3.0,0.027947672443085284,2.0,0.08333333333333333,0.027947672443085284
32,14,4.0,2.0,Global on,Threat-like,6.0,200.0,0.03,6.0,0.25,CS-,CS+,4.0,2.0,Global on,Threat-like,11.0,190.0,0.05789473684210526,9.0,0.375,CS+,CS+,4.0,2.0,Global on,Threat-like,-5.0,-0.027894736842105264,-3.0,-0.125,0.027894736842105264
29,13,2.0,2.0,Threat-like,Threat-like,6.0,120.0,0.05,5.0,0.20833333333333334,CS+,ITI,2.0,2.0,Threat-like,Threat-like,2.0,89.0,0.02247191011235955,2.0,0.08333333333333333,ITI,CS-,2.0,2.0,Threat-like,Threat-like,4.0,0.027528089887640453,3.0,0.125,0.027528089887640453
31,20,4.0,3.0,Global on,Safety-like,4.0,108.0,0.037037037037037035,4.0,0.16666666666666666,ITI,ITI,4.0,3.0,Global on,Safety-like,7.0,109.0,0.06422018348623854,6.0,0.25,ITI,ITI,4.0,3.0,Global on,Safety-like,-3.0,-0.0271831464492015,-2.0,-0.08333333333333334,0.0271831464492015
9,4,1.0,3.0,Global off,Safety-like,2.0,74.0,0.02702702702702703,2.0,0.08333333333333333,CS-,CS-,0.0,0.0,0,0,0.0,0.0,0.0,0.0,0.0,0,0,1.0,3.0,Global off,Safety-like,2.0,0.02702702702702703,2.0,0.08333333333333333,0.02702702702702703
13,6,2.0,1.0,Threat-like,Global off,3.0,113.0,0.02654867256637168,2.0,0.08333333333333333,CS+,ITI,0.0,0.0,0,0,0.0,0.0,0.0,0.0,0.0,0,0,2.0,1.0,Threat-like,Global off,3.0,0.02654867256637168,2.0,0.08333333333333333,0.02654867256637168
30,23,4.0,4.0,Global on,Global on,1.0,59.0,0.01694915254237288,1.0,0.041666666666666664,CS+,ITI,4.0,4.0,Global on,Global on,2.0,46.0,0.043478260869565216,2.0,0.08333333333333333,CS-,CS-,4.0,4.0,Global on,Global on,-1.0,-0.026529108327192335,-1.0,-0.041666666666666664,0.026529108327192335
30,22,4.0,4.0,Global on,Global on,1.0,59.0,0.01694915254237288,1.0,0.041666666666666664,ITI,ITI,4.0,4.0,Global on,Global on,2.0,46.0,0.043478260869565216,2.0,0.08333333333333333,CS+,ITI,4.0,4.0,Global on,Global on,-1.0,-0.026529108327192335,-1.0,-0.041666666666666664,0.026529108327192335
25,17,2.0,1.0,Threat-like,Global off,7.0,50.0,0.14,5.0,0.20833333333333334,CS+,ITI,2.0,1.0,Threat-like,Global off,5.0,44.0,0.11363636363636363,5.0,0.20833333333333334,ITI,ITI,2.0,1.0,Threat-like,Global off,2.0,0.02636363636363638,0.0,0.0,0.02636363636363638
27,3,4.0,1.0,Global on,Global off,1.0,38.0,0.02631578947368421,1.0,0.041666666666666664,ITI,ITI,0.0,0.0,0,0,0.0,0.0,0.0,0.0,0.0,0,0,4.0,1.0,Global on,Global off,1.0,0.02631578947368421,1.0,0.041666666666666664,0.02631578947368421
27,8,4.0,3.0,Global on,Safety-like,1.0,38.0,0.02631578947368421,1.0,0.041666666666666664,ITI,ITI,0.0,0.0,0,0,0.0,0.0,0.0,0.0,0.0,0,0,4.0,3.0,Global on,Safety-like,1.0,0.02631578947368421,1.0,0.041666666666666664,0.02631578947368421
28,6,0.0,0.0,0,0,0.0,0.0,0.0,0.0,0.0,0,0,4.0,1.0,Global on,Global off,2.0,76.0,0.02631578947368421,2.0,0.08333333333333333,CS-,CS+,4.0,1.0,Global on,Global off,-2.0,-0.02631578947368421,-2.0,-0.08333333333333333,0.02631578947368421
27,7,4.0,1.0,Global on,Global off,1.0,38.0,0.02631578947368421,1.0,0.041666666666666664,ITI,ITI,0.0,0.0,0,0,0.0,0.0,0.0,0.0,0.0,0,0,4.0,1.0,Global on,Global off,1.0,0.02631578947368421,1.0,0.041666666666666664,0.02631578947368421
27,5,4.0,1.0,Global on,Global off,1.0,38.0,0.02631578947368421,1.0,0.041666666666666664,ITI,CS+,0.0,0.0,0,0,0.0,0.0,0.0,0.0,0.0,0,0,4.0,1.0,Global on,Global off,1.0,0.02631578947368421,1.0,0.041666666666666664,0.02631578947368421
15,22,0.0,0.0,0,0,0.0,0.0,0.0,0.0,0.0,0,0,2.0,4.0,Threat-like,Global on,1.0,38.0,0.02631578947368421,1.0,0.041666666666666664,CS-,ITI,2.0,4.0,Threat-like,Global on,-1.0,-0.02631578947368421,-1.0,-0.041666666666666664,0.02631578947368421
10,31,1.0,4.0,Global off,Global on,1.0,38.0,0.02631578947368421,1.0,0.041666666666666664,ITI,ITI,0.0,0.0,0,0,0.0,0.0,0.0,0.0,0.0,0,0,1.0,4.0,Global off,Global on,1.0,0.02631578947368421,1.0,0.041666666666666664,0.02631578947368421
28,11,0.0,0.0,0,0,0.0,0.0,0.0,0.0,0.0,0,0,4.0,1.0,Global on,Global off,2.0,76.0,0.02631578947368421,2.0,0.08333333333333333,ITI,ITI,4.0,1.0,Global on,Global off,-2.0,-0.02631578947368421,-2.0,-0.08333333333333333,0.02631578947368421
10,24,1.0,4.0,Global off,Global on,1.0,38.0,0.02631578947368421,1.0,0.041666666666666664,CS-,CS-,0.0,0.0,0,0,0.0,0.0,0.0,0.0,0.0,0,0,1.0,4.0,Global off,Global on,1.0,0.02631578947368421,1.0,0.041666666666666664,0.02631578947368421
10,8,1.0,3.0,Global off,Safety-like,1.0,38.0,0.02631578947368421,1.0,0.041666666666666664,CS+,CS+,0.0,0.0,0,0,0.0,0.0,0.0,0.0,0.0,0,0,1.0,3.0,Global off,Safety-like,1.0,0.02631578947368421,1.0,0.041666666666666664,0.02631578947368421
10,6,1.0,1.0,Global off,Global off,1.0,38.0,0.02631578947368421,1.0,0.041666666666666664,CS+,CS+,0.0,0.0,0,0,0.0,0.0,0.0,0.0,0.0,0,0,1.0,1.0,Global off,Global off,1.0,0.02631578947368421,1.0,0.041666666666666664,0.02631578947368421
14,24,0.0,0.0,0,0,0.0,0.0,0.0,0.0,0.0,0,0,2.0,4.0,Threat-like,Global on,2.0,76.0,0.02631578947368421,2.0,0.08333333333333333,CS-,CS-,2.0,4.0,Threat-like,Global on,-2.0,-0.02631578947368421,-2.0,-0.08333333333333333,0.02631578947368421
14,23,0.0,0.0,0,0,0.0,0.0,0.0,0.0,0.0,0,0,2.0,4.0,Threat-like,Global on,2.0,76.0,0.02631578947368421,2.0,0.08333333333333333,ITI,CS+,2.0,4.0,Threat-like,Global on,-2.0,-0.02631578947368421,-2.0,-0.08333333333333333,0.02631578947368421
27,26,4.0,4.0,Global on,Global on,1.0,38.0,0.02631578947368421,1.0,0.041666666666666664,ITI,ITI,0.0,0.0,0,0,0.0,0.0,0.0,0.0,0.0,0,0,4.0,4.0,Global on,Global on,1.0,0.02631578947368421,1.0,0.041666666666666664,0.02631578947368421
16,2,4.0,1.0,Global on,Global off,3.0,90.0,0.03333333333333333,3.0,0.125,CS+,ITI,4.0,1.0,Global on,Global off,5.0,84.0,0.05952380952380952,4.0,0.16666666666666666,CS+,ITI,4.0,1.0,Global on,Global off,-2.0,-0.026190476190476188,-1.0,-0.04166666666666666,0.026190476190476188
24,29,4.0,2.0,Global on,Threat-like,2.0,70.0,0.02857142857142857,2.0,0.08333333333333333,CS-,ITI,4.0,2.0,Global on,Threat-like,3.0,55.0,0.05454545454545454,2.0,0.08333333333333333,ITI,ITI,4.0,2.0,Global on,Threat-like,-1.0,-0.025974025974025972,0.0,0.0,0.025974025974025972
24,12,4.0,3.0,Global on,Safety-like,2.0,70.0,0.02857142857142857,2.0,0.08333333333333333,CS-,ITI,4.0,3.0,Global on,Safety-like,3.0,55.0,0.05454545454545454,3.0,0.125,ITI,CS+,4.0,3.0,Global on,Safety-like,-1.0,-0.025974025974025972,-1.0,-0.04166666666666667,0.025974025974025972
21,19,2.0,3.0,Threat-like,Safety-like,2.0,41.0,0.04878048780487805,2.0,0.08333333333333333,CS-,ITI,2.0,3.0,Threat-like,Safety-like,1.0,43.0,0.023255813953488372,1.0,0.041666666666666664,ITI,ITI,2.0,3.0,Threat-like,Safety-like,1.0,0.02552467385138968,1.0,0.041666666666666664,0.02552467385138968
21,27,2.0,4.0,Threat-like,Global on,2.0,41.0,0.04878048780487805,2.0,0.08333333333333333,CS-,CS-,2.0,4.0,Threat-like,Global on,1.0,43.0,0.023255813953488372,1.0,0.041666666666666664,ITI,ITI,2.0,4.0,Threat-like,Global on,1.0,0.02552467385138968,1.0,0.041666666666666664,0.02552467385138968
25,15,2.0,2.0,Threat-like,Threat-like,1.0,50.0,0.02,1.0,0.041666666666666664,ITI,CS+,2.0,2.0,Threat-like,Threat-like,2.0,44.0,0.045454545454545456,2.0,0.08333333333333333,CS+,CS+,2.0,2.0,Threat-like,Threat-like,-1.0,-0.025454545454545455,-1.0,-0.041666666666666664,0.025454545454545455
8,2,3.0,1.0,Safety-like,Global off,4.0,54.0,0.07407407407407407,3.0,0.125,ITI,ITI,3.0,1.0,Safety-like,Global off,3.0,61.0,0.04918032786885246,3.0,0.125,CS+,ITI,3.0,1.0,Safety-like,Global off,1.0,0.024893746205221612,0.0,0.0,0.024893746205221612
8,14,3.0,2.0,Safety-like,Threat-like,4.0,54.0,0.07407407407407407,4.0,0.16666666666666666,ITI,ITI,3.0,2.0,Safety-like,Threat-like,3.0,61.0,0.04918032786885246,3.0,0.125,ITI,ITI,3.0,2.0,Safety-like,Threat-like,1.0,0.024893746205221612,1.0,0.04166666666666666,0.024893746205221612
19,16,0.0,0.0,0,0,0.0,0.0,0.0,0.0,0.0,0,0,3.0,4.0,Safety-like,Global on,2.0,81.0,0.024691358024691357,2.0,0.08333333333333333,ITI,CS+,3.0,4.0,Safety-like,Global on,-2.0,-0.024691358024691357,-2.0,-0.08333333333333333,0.024691358024691357
19,21,0.0,0.0,0,0,0.0,0.0,0.0,0.0,0.0,0,0,3.0,2.0,Safety-like,Threat-like,2.0,81.0,0.024691358024691357,2.0,0.08333333333333333,CS+,CS+,3.0,2.0,Safety-like,Threat-like,-2.0,-0.024691358024691357,-2.0,-0.08333333333333333,0.024691358024691357
27,20,4.0,3.0,Global on,Safety-like,6.0,38.0,0.15789473684210525,6.0,0.25,ITI,ITI,4.0,3.0,Global on,Safety-like,4.0,30.0,0.13333333333333333,4.0,0.16666666666666666,CS-,CS-,4.0,3.0,Global on,Safety-like,2.0,0.024561403508771923,2.0,0.08333333333333334,0.024561403508771923
28,18,4.0,3.0,Global on,Safety-like,1.0,67.0,0.014925373134328358,1.0,0.041666666666666664,CS+,ITI,4.0,3.0,Global on,Safety-like,3.0,76.0,0.039473684210526314,3.0,0.125,ITI,ITI,4.0,3.0,Global on,Safety-like,-2.0,-0.024548311076197954,-2.0,-0.08333333333333334,0.024548311076197954
28,13,4.0,2.0,Global on,Threat-like,1.0,67.0,0.014925373134328358,1.0,0.041666666666666664,ITI,CS-,4.0,2.0,Global on,Threat-like,3.0,76.0,0.039473684210526314,3.0,0.125,CS+,CS+,4.0,2.0,Global on,Threat-like,-2.0,-0.024548311076197954,-2.0,-0.08333333333333334,0.024548311076197954
14,6,2.0,1.0,Threat-like,Global off,2.0,71.0,0.028169014084507043,2.0,0.08333333333333333,ITI,CS+,2.0,1.0,Threat-like,Global off,4.0,76.0,0.05263157894736842,3.0,0.125,ITI,ITI,2.0,1.0,Threat-like,Global off,-2.0,-0.024462564862861375,-1.0,-0.04166666666666667,0.024462564862861375
12,23,3.0,4.0,Safety-like,Global on,1.0,41.0,0.024390243902439025,1.0,0.041666666666666664,ITI,ITI,0.0,0.0,0,0,0.0,0.0,0.0,0.0,0.0,0,0,3.0,4.0,Safety-like,Global on,1.0,0.024390243902439025,1.0,0.041666666666666664,0.024390243902439025
21,11,2.0,1.0,Threat-like,Global off,1.0,41.0,0.024390243902439025,1.0,0.041666666666666664,ITI,CS-,0.0,0.0,0,0,0.0,0.0,0.0,0.0,0.0,0,0,2.0,1.0,Threat-like,Global off,1.0,0.024390243902439025,1.0,0.041666666666666664,0.024390243902439025
12,30,3.0,4.0,Safety-like,Global on,1.0,41.0,0.024390243902439025,1.0,0.041666666666666664,CS+,ITI,0.0,0.0,0,0,0.0,0.0,0.0,0.0,0.0,0,0,3.0,4.0,Safety-like,Global on,1.0,0.024390243902439025,1.0,0.041666666666666664,0.024390243902439025
21,18,2.0,3.0,Threat-like,Safety-like,1.0,41.0,0.024390243902439025,1.0,0.041666666666666664,ITI,CS-,0.0,0.0,0,0,0.0,0.0,0.0,0.0,0.0,0,0,2.0,3.0,Threat-like,Safety-like,1.0,0.024390243902439025,1.0,0.041666666666666664,0.024390243902439025
30,1,4.0,1.0,Global on,Global off,4.0,59.0,0.06779661016949153,4.0,0.16666666666666666,CS-,CS-,4.0,1.0,Global on,Global off,2.0,46.0,0.043478260869565216,2.0,0.08333333333333333,CS+,CS+,4.0,1.0,Global on,Global off,2.0,0.02431834929992631,2.0,0.08333333333333333,0.02431834929992631
5,2,1.0,1.0,Global off,Global off,6.0,85.0,0.07058823529411765,4.0,0.16666666666666666,ITI,ITI,1.0,1.0,Global off,Global off,4.0,86.0,0.046511627906976744,4.0,0.16666666666666666,ITI,ITI,1.0,1.0,Global off,Global off,2.0,0.024076607387140903,0.0,0.0,0.024076607387140903
4,14,3.0,2.0,Safety-like,Threat-like,1.0,95.0,0.010526315789473684,1.0,0.041666666666666664,CS+,CS+,3.0,2.0,Safety-like,Threat-like,3.0,87.0,0.034482758620689655,2.0,0.08333333333333333,ITI,ITI,3.0,2.0,Safety-like,Threat-like,-2.0,-0.023956442831215972,-1.0,-0.041666666666666664,0.023956442831215972
20,17,3.0,1.0,Safety-like,Global off,7.0,128.0,0.0546875,6.0,0.25,ITI,CS-,3.0,1.0,Safety-like,Global off,4.0,130.0,0.03076923076923077,4.0,0.16666666666666666,CS-,ITI,3.0,1.0,Safety-like,Global off,3.0,0.02391826923076923,2.0,0.08333333333333334,0.02391826923076923
9,16,1.0,4.0,Global off,Global on,3.0,74.0,0.04054054054054054,3.0,0.125,CS+,ITI,1.0,4.0,Global off,Global on,1.0,60.0,0.016666666666666666,1.0,0.041666666666666664,CS+,ITI,1.0,4.0,Global off,Global on,2.0,0.023873873873873876,2.0,0.08333333333333334,0.023873873873873876
18,25,3.0,2.0,Safety-like,Threat-like,1.0,42.0,0.023809523809523808,1.0,0.041666666666666664,ITI,CS-,0.0,0.0,0,0,0.0,0.0,0.0,0.0,0.0,0,0,3.0,2.0,Safety-like,Threat-like,1.0,0.023809523809523808,1.0,0.041666666666666664,0.023809523809523808
18,10,3.0,1.0,Safety-like,Global off,1.0,42.0,0.023809523809523808,1.0,0.041666666666666664,ITI,ITI,0.0,0.0,0,0,0.0,0.0,0.0,0.0,0.0,0,0,3.0,1.0,Safety-like,Global off,1.0,0.023809523809523808,1.0,0.041666666666666664,0.023809523809523808
18,12,3.0,3.0,Safety-like,Safety-like,1.0,42.0,0.023809523809523808,1.0,0.041666666666666664,CS+,CS+,0.0,0.0,0,0,0.0,0.0,0.0,0.0,0.0,0,0,3.0,3.0,Safety-like,Safety-like,1.0,0.023809523809523808,1.0,0.041666666666666664,0.023809523809523808
16,15,0.0,0.0,0,0,0.0,0.0,0.0,0.0,0.0,0,0,4.0,2.0,Global on,Threat-like,2.0,84.0,0.023809523809523808,2.0,0.08333333333333333,CS+,CS+,4.0,2.0,Global on,Threat-like,-2.0,-0.023809523809523808,-2.0,-0.08333333333333333,0.023809523809523808
18,6,3.0,1.0,Safety-like,Global off,1.0,42.0,0.023809523809523808,1.0,0.041666666666666664,CS+,CS+,0.0,0.0,0,0,0.0,0.0,0.0,0.0,0.0,0,0,3.0,1.0,Safety-like,Global off,1.0,0.023809523809523808,1.0,0.041666666666666664,0.023809523809523808
18,14,3.0,2.0,Safety-like,Threat-like,1.0,42.0,0.023809523809523808,1.0,0.041666666666666664,ITI,ITI,0.0,0.0,0,0,0.0,0.0,0.0,0.0,0.0,0,0,3.0,2.0,Safety-like,Threat-like,1.0,0.023809523809523808,1.0,0.041666666666666664,0.023809523809523808
5,4,1.0,3.0,Global off,Safety-like,4.0,85.0,0.047058823529411764,4.0,0.16666666666666666,CS+,ITI,1.0,3.0,Global off,Safety-like,2.0,86.0,0.023255813953488372,2.0,0.08333333333333333,CS-,ITI,1.0,3.0,Global off,Safety-like,2.0,0.023803009575923392,2.0,0.08333333333333333,0.023803009575923392
20,9,3.0,1.0,Safety-like,Global off,4.0,128.0,0.03125,3.0,0.125,CS+,CS+,3.0,1.0,Safety-like,Global off,1.0,130.0,0.007692307692307693,1.0,0.041666666666666664,CS-,CS-,3.0,1.0,Safety-like,Global off,3.0,0.023557692307692307,2.0,0.08333333333333334,0.023557692307692307
5,26,1.0,4.0,Global off,Global on,2.0,85.0,0.023529411764705882,1.0,0.041666666666666664,CS+,CS+,0.0,0.0,0,0,0.0,0.0,0.0,0.0,0.0,0,0,1.0,4.0,Global off,Global on,2.0,0.023529411764705882,1.0,0.041666666666666664,0.023529411764705882
26,16,4.0,4.0,Global on,Global on,1.0,43.0,0.023255813953488372,1.0,0.041666666666666664,ITI,CS-,0.0,0.0,0,0,0.0,0.0,0.0,0.0,0.0,0,0,4.0,4.0,Global on,Global on,1.0,0.023255813953488372,1.0,0.041666666666666664,0.023255813953488372
26,15,4.0,2.0,Global on,Threat-like,1.0,43.0,0.023255813953488372,1.0,0.041666666666666664,ITI,ITI,0.0,0.0,0,0,0.0,0.0,0.0,0.0,0.0,0,0,4.0,2.0,Global on,Threat-like,1.0,0.023255813953488372,1.0,0.041666666666666664,0.023255813953488372
26,24,4.0,4.0,Global on,Global on,1.0,43.0,0.023255813953488372,1.0,0.041666666666666664,CS-,ITI,0.0,0.0,0,0,0.0,0.0,0.0,0.0,0.0,0,0,4.0,4.0,Global on,Global on,1.0,0.023255813953488372,1.0,0.041666666666666664,0.023255813953488372
26,27,4.0,4.0,Global on,Global on,1.0,43.0,0.023255813953488372,1.0,0.041666666666666664,ITI,ITI,0.0,0.0,0,0,0.0,0.0,0.0,0.0,0.0,0,0,4.0,4.0,Global on,Global on,1.0,0.023255813953488372,1.0,0.041666666666666664,0.023255813953488372
26,7,4.0,1.0,Global on,Global off,1.0,43.0,0.023255813953488372,1.0,0.041666666666666664,ITI,ITI,0.0,0.0,0,0,0.0,0.0,0.0,0.0,0.0,0,0,4.0,1.0,Global on,Global off,1.0,0.023255813953488372,1.0,0.041666666666666664,0.023255813953488372
7,19,1.0,3.0,Global off,Safety-like,1.0,43.0,0.023255813953488372,1.0,0.041666666666666664,ITI,CS-,0.0,0.0,0,0,0.0,0.0,0.0,0.0,0.0,0,0,1.0,3.0,Global off,Safety-like,1.0,0.023255813953488372,1.0,0.041666666666666664,0.023255813953488372
7,26,1.0,4.0,Global off,Global on,1.0,43.0,0.023255813953488372,1.0,0.041666666666666664,ITI,CS-,0.0,0.0,0,0,0.0,0.0,0.0,0.0,0.0,0,0,1.0,4.0,Global off,Global on,1.0,0.023255813953488372,1.0,0.041666666666666664,0.023255813953488372
21,16,0.0,0.0,0,0,0.0,0.0,0.0,0.0,0.0,0,0,2.0,4.0,Threat-like,Global on,1.0,43.0,0.023255813953488372,1.0,0.041666666666666664,ITI,ITI,2.0,4.0,Threat-like,Global on,-1.0,-0.023255813953488372,-1.0,-0.041666666666666664,0.023255813953488372
21,22,0.0,0.0,0,0,0.0,0.0,0.0,0.0,0.0,0,0,2.0,4.0,Threat-like,Global on,1.0,43.0,0.023255813953488372,1.0,0.041666666666666664,ITI,CS+,2.0,4.0,Threat-like,Global on,-1.0,-0.023255813953488372,-1.0,-0.041666666666666664,0.023255813953488372
7,15,1.0,2.0,Global off,Threat-like,1.0,43.0,0.023255813953488372,1.0,0.041666666666666664,ITI,ITI,0.0,0.0,0,0,0.0,0.0,0.0,0.0,0.0,0,0,1.0,2.0,Global off,Threat-like,1.0,0.023255813953488372,1.0,0.041666666666666664,0.023255813953488372
21,25,0.0,0.0,0,0,0.0,0.0,0.0,0.0,0.0,0,0,2.0,2.0,Threat-like,Threat-like,1.0,43.0,0.023255813953488372,1.0,0.041666666666666664,ITI,ITI,2.0,2.0,Threat-like,Threat-like,-1.0,-0.023255813953488372,-1.0,-0.041666666666666664,0.023255813953488372
21,15,0.0,0.0,0,0,0.0,0.0,0.0,0.0,0.0,0,0,2.0,2.0,Threat-like,Threat-like,1.0,43.0,0.023255813953488372,1.0,0.041666666666666664,ITI,ITI,2.0,2.0,Threat-like,Threat-like,-1.0,-0.023255813953488372,-1.0,-0.041666666666666664,0.023255813953488372
21,14,0.0,0.0,0,0,0.0,0.0,0.0,0.0,0.0,0,0,2.0,2.0,Threat-like,Threat-like,1.0,43.0,0.023255813953488372,1.0,0.041666666666666664,ITI,ITI,2.0,2.0,Threat-like,Threat-like,-1.0,-0.023255813953488372,-1.0,-0.041666666666666664,0.023255813953488372
7,28,1.0,4.0,Global off,Global on,1.0,43.0,0.023255813953488372,1.0,0.041666666666666664,ITI,ITI,0.0,0.0,0,0,0.0,0.0,0.0,0.0,0.0,0,0,1.0,4.0,Global off,Global on,1.0,0.023255813953488372,1.0,0.041666666666666664,0.023255813953488372
7,27,1.0,4.0,Global off,Global on,1.0,43.0,0.023255813953488372,1.0,0.041666666666666664,ITI,ITI,0.0,0.0,0,0,0.0,0.0,0.0,0.0,0.0,0,0,1.0,4.0,Global off,Global on,1.0,0.023255813953488372,1.0,0.041666666666666664,0.023255813953488372
23,16,4.0,4.0,Global on,Global on,2.0,45.0,0.044444444444444446,2.0,0.08333333333333333,ITI,ITI,4.0,4.0,Global on,Global on,1.0,47.0,0.02127659574468085,1.0,0.041666666666666664,ITI,ITI,4.0,4.0,Global on,Global on,1.0,0.023167848699763596,1.0,0.041666666666666664,0.023167848699763596
23,12,4.0,3.0,Global on,Safety-like,2.0,45.0,0.044444444444444446,1.0,0.041666666666666664,CS-,ITI,4.0,3.0,Global on,Safety-like,1.0,47.0,0.02127659574468085,1.0,0.041666666666666664,ITI,ITI,4.0,3.0,Global on,Safety-like,1.0,0.023167848699763596,0.0,0.0,0.023167848699763596
5,11,1.0,1.0,Global off,Global off,1.0,85.0,0.011764705882352941,1.0,0.041666666666666664,ITI,CS+,1.0,1.0,Global off,Global off,3.0,86.0,0.03488372093023256,3.0,0.125,CS+,ITI,1.0,1.0,Global off,Global off,-2.0,-0.023119015047879617,-2.0,-0.08333333333333334,0.023119015047879617
6,31,1.0,4.0,Global off,Global on,3.0,30.0,0.1,3.0,0.125,ITI,ITI,1.0,4.0,Global off,Global on,2.0,26.0,0.07692307692307693,2.0,0.08333333333333333,CS+,CS-,1.0,4.0,Global off,Global on,1.0,0.023076923076923078,1.0,0.04166666666666667,0.023076923076923078
4,10,0.0,0.0,0,0,0.0,0.0,0.0,0.0,0.0,0,0,3.0,1.0,Safety-like,Global off,2.0,87.0,0.022988505747126436,2.0,0.08333333333333333,CS+,CS+,3.0,1.0,Safety-like,Global off,-2.0,-0.022988505747126436,-2.0,-0.08333333333333333,0.022988505747126436
5,7,1.0,1.0,Global off,Global off,2.0,85.0,0.023529411764705882,2.0,0.08333333333333333,CS+,ITI,1.0,1.0,Global off,Global off,4.0,86.0,0.046511627906976744,3.0,0.125,ITI,CS-,1.0,1.0,Global off,Global off,-2.0,-0.02298221614227086,-1.0,-0.04166666666666667,0.02298221614227086
9,15,1.0,2.0,Global off,Threat-like,2.0,74.0,0.02702702702702703,2.0,0.08333333333333333,CS+,CS+,1.0,2.0,Global off,Threat-like,3.0,60.0,0.05,2.0,0.08333333333333333,ITI,CS+,1.0,2.0,Global off,Threat-like,-1.0,-0.022972972972972974,0.0,0.0,0.022972972972972974
28,23,4.0,4.0,Global on,Global on,2.0,67.0,0.029850746268656716,2.0,0.08333333333333333,ITI,ITI,4.0,4.0,Global on,Global on,4.0,76.0,0.05263157894736842,4.0,0.16666666666666666,ITI,ITI,4.0,4.0,Global on,Global on,-2.0,-0.022780832678711702,-2.0,-0.08333333333333333,0.022780832678711702
25,30,0.0,0.0,0,0,0.0,0.0,0.0,0.0,0.0,0,0,2.0,4.0,Threat-like,Global on,1.0,44.0,0.022727272727272728,1.0,0.041666666666666664,ITI,ITI,2.0,4.0,Threat-like,Global on,-1.0,-0.022727272727272728,-1.0,-0.041666666666666664,0.022727272727272728
25,3,0.0,0.0,0,0,0.0,0.0,0.0,0.0,0.0,0,0,2.0,1.0,Threat-like,Global off,1.0,44.0,0.022727272727272728,1.0,0.041666666666666664,CS+,CS+,2.0,1.0,Threat-like,Global off,-1.0,-0.022727272727272728,-1.0,-0.041666666666666664,0.022727272727272728
14,29,2.0,2.0,Threat-like,Threat-like,4.0,71.0,0.056338028169014086,4.0,0.16666666666666666,ITI,CS+,2.0,2.0,Threat-like,Threat-like,6.0,76.0,0.07894736842105263,6.0,0.25,CS+,ITI,2.0,2.0,Threat-like,Threat-like,-2.0,-0.02260934025203854,-2.0,-0.08333333333333334,0.02260934025203854
19,27,3.0,4.0,Safety-like,Global on,1.0,69.0,0.014492753623188406,1.0,0.041666666666666664,ITI,ITI,3.0,4.0,Safety-like,Global on,3.0,81.0,0.037037037037037035,2.0,0.08333333333333333,ITI,ITI,3.0,4.0,Safety-like,Global on,-2.0,-0.022544283413848627,-1.0,-0.041666666666666664,0.022544283413848627
19,4,3.0,3.0,Safety-like,Safety-like,1.0,69.0,0.014492753623188406,1.0,0.041666666666666664,ITI,ITI,3.0,3.0,Safety-like,Safety-like,3.0,81.0,0.037037037037037035,2.0,0.08333333333333333,ITI,ITI,3.0,3.0,Safety-like,Safety-like,-2.0,-0.022544283413848627,-1.0,-0.041666666666666664,0.022544283413848627
23,26,4.0,4.0,Global on,Global on,1.0,45.0,0.022222222222222223,1.0,0.041666666666666664,CS-,ITI,0.0,0.0,0,0,0.0,0.0,0.0,0.0,0.0,0,0,4.0,4.0,Global on,Global on,1.0,0.022222222222222223,1.0,0.041666666666666664,0.022222222222222223
23,9,4.0,1.0,Global on,Global off,1.0,45.0,0.022222222222222223,1.0,0.041666666666666664,CS+,CS+,0.0,0.0,0,0,0.0,0.0,0.0,0.0,0.0,0,0,4.0,1.0,Global on,Global off,1.0,0.022222222222222223,1.0,0.041666666666666664,0.022222222222222223
10,25,0.0,0.0,0,0,0.0,0.0,0.0,0.0,0.0,0,0,1.0,2.0,Global off,Threat-like,1.0,45.0,0.022222222222222223,1.0,0.041666666666666664,CS+,CS+,1.0,2.0,Global off,Threat-like,-1.0,-0.022222222222222223,-1.0,-0.041666666666666664,0.022222222222222223
23,5,4.0,1.0,Global on,Global off,1.0,45.0,0.022222222222222223,1.0,0.041666666666666664,ITI,CS+,0.0,0.0,0,0,0.0,0.0,0.0,0.0,0.0,0,0,4.0,1.0,Global on,Global off,1.0,0.022222222222222223,1.0,0.041666666666666664,0.022222222222222223
23,27,4.0,4.0,Global on,Global on,1.0,45.0,0.022222222222222223,1.0,0.041666666666666664,CS-,ITI,0.0,0.0,0,0,0.0,0.0,0.0,0.0,0.0,0,0,4.0,4.0,Global on,Global on,1.0,0.022222222222222223,1.0,0.041666666666666664,0.022222222222222223
23,18,4.0,3.0,Global on,Safety-like,1.0,45.0,0.022222222222222223,1.0,0.041666666666666664,ITI,CS+,0.0,0.0,0,0,0.0,0.0,0.0,0.0,0.0,0,0,4.0,3.0,Global on,Safety-like,1.0,0.022222222222222223,1.0,0.041666666666666664,0.022222222222222223
10,20,0.0,0.0,0,0,0.0,0.0,0.0,0.0,0.0,0,0,1.0,3.0,Global off,Safety-like,1.0,45.0,0.022222222222222223,1.0,0.041666666666666664,ITI,ITI,1.0,3.0,Global off,Safety-like,-1.0,-0.022222222222222223,-1.0,-0.041666666666666664,0.022222222222222223
26,28,4.0,4.0,Global on,Global on,1.0,43.0,0.023255813953488372,1.0,0.041666666666666664,CS+,CS+,4.0,4.0,Global on,Global on,1.0,22.0,0.045454545454545456,1.0,0.041666666666666664,ITI,ITI,4.0,4.0,Global on,Global on,0.0,-0.022198731501057084,0.0,0.0,0.022198731501057084
21,4,2.0,3.0,Threat-like,Safety-like,1.0,41.0,0.024390243902439025,1.0,0.041666666666666664,CS+,ITI,2.0,3.0,Threat-like,Safety-like,2.0,43.0,0.046511627906976744,1.0,0.041666666666666664,CS-,CS+,2.0,3.0,Threat-like,Safety-like,-1.0,-0.02212138400453772,0.0,0.0,0.02212138400453772
21,1,2.0,1.0,Threat-like,Global off,1.0,41.0,0.024390243902439025,1.0,0.041666666666666664,ITI,ITI,2.0,1.0,Threat-like,Global off,2.0,43.0,0.046511627906976744,2.0,0.08333333333333333,CS-,CS-,2.0,1.0,Threat-like,Global off,-1.0,-0.02212138400453772,-1.0,-0.041666666666666664,0.02212138400453772
32,28,4.0,4.0,Global on,Global on,16.0,200.0,0.08,9.0,0.375,ITI,ITI,4.0,4.0,Global on,Global on,11.0,190.0,0.05789473684210526,11.0,0.4583333333333333,ITI,ITI,4.0,4.0,Global on,Global on,5.0,0.02210526315789474,-2.0,-0.08333333333333331,0.02210526315789474
24,28,4.0,4.0,Global on,Global on,1.0,70.0,0.014285714285714285,1.0,0.041666666666666664,CS-,ITI,4.0,4.0,Global on,Global on,2.0,55.0,0.03636363636363636,2.0,0.08333333333333333,CS+,CS+,4.0,4.0,Global on,Global on,-1.0,-0.02207792207792208,-1.0,-0.041666666666666664,0.02207792207792208
13,19,2.0,3.0,Threat-like,Safety-like,1.0,113.0,0.008849557522123894,1.0,0.041666666666666664,CS+,CS+,2.0,3.0,Threat-like,Safety-like,4.0,130.0,0.03076923076923077,4.0,0.16666666666666666,CS+,ITI,2.0,3.0,Threat-like,Safety-like,-3.0,-0.021919673247106877,-3.0,-0.125,0.021919673247106877
5,1,1.0,1.0,Global off,Global off,10.0,85.0,0.11764705882352941,8.0,0.3333333333333333,ITI,ITI,1.0,1.0,Global off,Global off,12.0,86.0,0.13953488372093023,9.0,0.375,ITI,ITI,1.0,1.0,Global off,Global off,-2.0,-0.02188782489740082,-1.0,-0.041666666666666685,0.02188782489740082
30,3,0.0,0.0,0,0,0.0,0.0,0.0,0.0,0.0,0,0,4.0,1.0,Global on,Global off,1.0,46.0,0.021739130434782608,1.0,0.041666666666666664,CS-,CS-,4.0,1.0,Global on,Global off,-1.0,-0.021739130434782608,-1.0,-0.041666666666666664,0.021739130434782608
30,10,0.0,0.0,0,0,0.0,0.0,0.0,0.0,0.0,0,0,4.0,1.0,Global on,Global off,1.0,46.0,0.021739130434782608,1.0,0.041666666666666664,ITI,ITI,4.0,1.0,Global on,Global off,-1.0,-0.021739130434782608,-1.0,-0.041666666666666664,0.021739130434782608
32,19,4.0,3.0,Global on,Safety-like,2.0,200.0,0.01,2.0,0.08333333333333333,ITI,ITI,4.0,3.0,Global on,Safety-like,6.0,190.0,0.031578947368421054,5.0,0.20833333333333334,ITI,CS-,4.0,3.0,Global on,Safety-like,-4.0,-0.02157894736842105,-3.0,-0.125,0.02157894736842105
32,23,4.0,4.0,Global on,Global on,2.0,200.0,0.01,2.0,0.08333333333333333,ITI,CS-,4.0,4.0,Global on,Global on,6.0,190.0,0.031578947368421054,6.0,0.25,ITI,ITI,4.0,4.0,Global on,Global on,-4.0,-0.02157894736842105,-4.0,-0.16666666666666669,0.02157894736842105
17,3,1.0,1.0,Global off,Global off,3.0,94.0,0.031914893617021274,3.0,0.125,ITI,ITI,1.0,1.0,Global off,Global off,1.0,96.0,0.010416666666666666,1.0,0.041666666666666664,ITI,ITI,1.0,1.0,Global off,Global off,2.0,0.02149822695035461,2.0,0.08333333333333334,0.02149822695035461
16,25,4.0,2.0,Global on,Threat-like,3.0,90.0,0.03333333333333333,2.0,0.08333333333333333,CS+,CS+,4.0,2.0,Global on,Threat-like,1.0,84.0,0.011904761904761904,1.0,0.041666666666666664,CS+,CS+,4.0,2.0,Global on,Threat-like,2.0,0.02142857142857143,1.0,0.041666666666666664,0.02142857142857143
18,11,0.0,0.0,0,0,0.0,0.0,0.0,0.0,0.0,0,0,3.0,1.0,Safety-like,Global off,1.0,47.0,0.02127659574468085,1.0,0.041666666666666664,CS-,CS-,3.0,1.0,Safety-like,Global off,-1.0,-0.02127659574468085,-1.0,-0.041666666666666664,0.02127659574468085
18,28,0.0,0.0,0,0,0.0,0.0,0.0,0.0,0.0,0,0,3.0,4.0,Safety-like,Global on,1.0,47.0,0.02127659574468085,1.0,0.041666666666666664,ITI,CS+,3.0,4.0,Safety-like,Global on,-1.0,-0.02127659574468085,-1.0,-0.041666666666666664,0.02127659574468085
23,22,0.0,0.0,0,0,0.0,0.0,0.0,0.0,0.0,0,0,4.0,4.0,Global on,Global on,1.0,47.0,0.02127659574468085,1.0,0.041666666666666664,ITI,ITI,4.0,4.0,Global on,Global on,-1.0,-0.02127659574468085,-1.0,-0.041666666666666664,0.02127659574468085
23,14,0.0,0.0,0,0,0.0,0.0,0.0,0.0,0.0,0,0,4.0,2.0,Global on,Threat-like,1.0,47.0,0.02127659574468085,1.0,0.041666666666666664,ITI,ITI,4.0,2.0,Global on,Threat-like,-1.0,-0.02127659574468085,-1.0,-0.041666666666666664,0.02127659574468085
23,25,0.0,0.0,0,0,0.0,0.0,0.0,0.0,0.0,0,0,4.0,2.0,Global on,Threat-like,1.0,47.0,0.02127659574468085,1.0,0.041666666666666664,CS+,CS+,4.0,2.0,Global on,Threat-like,-1.0,-0.02127659574468085,-1.0,-0.041666666666666664,0.02127659574468085
23,2,0.0,0.0,0,0,0.0,0.0,0.0,0.0,0.0,0,0,4.0,1.0,Global on,Global off,1.0,47.0,0.02127659574468085,1.0,0.041666666666666664,ITI,CS+,4.0,1.0,Global on,Global off,-1.0,-0.02127659574468085,-1.0,-0.041666666666666664,0.02127659574468085
17,6,1.0,1.0,Global off,Global off,2.0,94.0,0.02127659574468085,2.0,0.08333333333333333,CS-,CS-,0.0,0.0,0,0,0.0,0.0,0.0,0.0,0.0,0,0,1.0,1.0,Global off,Global off,2.0,0.02127659574468085,2.0,0.08333333333333333,0.02127659574468085
17,22,1.0,4.0,Global off,Global on,2.0,94.0,0.02127659574468085,2.0,0.08333333333333333,ITI,ITI,0.0,0.0,0,0,0.0,0.0,0.0,0.0,0.0,0,0,1.0,4.0,Global off,Global on,2.0,0.02127659574468085,2.0,0.08333333333333333,0.02127659574468085
18,8,0.0,0.0,0,0,0.0,0.0,0.0,0.0,0.0,0,0,3.0,3.0,Safety-like,Safety-like,1.0,47.0,0.02127659574468085,1.0,0.041666666666666664,CS-,ITI,3.0,3.0,Safety-like,Safety-like,-1.0,-0.02127659574468085,-1.0,-0.041666666666666664,0.02127659574468085
13,4,2.0,3.0,Threat-like,Safety-like,5.0,113.0,0.04424778761061947,5.0,0.20833333333333334,CS+,ITI,2.0,3.0,Threat-like,Safety-like,3.0,130.0,0.023076923076923078,3.0,0.125,CS+,ITI,2.0,3.0,Threat-like,Safety-like,2.0,0.02117086453369639,2.0,0.08333333333333334,0.02117086453369639
4,25,3.0,2.0,Safety-like,Threat-like,2.0,95.0,0.021052631578947368,2.0,0.08333333333333333,ITI,CS+,0.0,0.0,0,0,0.0,0.0,0.0,0.0,0.0,0,0,3.0,2.0,Safety-like,Threat-like,2.0,0.021052631578947368,2.0,0.08333333333333333,0.021052631578947368
4,18,3.0,3.0,Safety-like,Safety-like,2.0,95.0,0.021052631578947368,2.0,0.08333333333333333,CS-,CS+,0.0,0.0,0,0,0.0,0.0,0.0,0.0,0.0,0,0,3.0,3.0,Safety-like,Safety-like,2.0,0.021052631578947368,2.0,0.08333333333333333,0.021052631578947368
8,30,3.0,4.0,Safety-like,Global on,2.0,54.0,0.037037037037037035,2.0,0.08333333333333333,ITI,ITI,3.0,4.0,Safety-like,Global on,1.0,61.0,0.01639344262295082,1.0,0.041666666666666664,CS+,CS+,3.0,4.0,Safety-like,Global on,1.0,0.020643594414086214,1.0,0.041666666666666664,0.020643594414086214
17,9,1.0,1.0,Global off,Global off,1.0,94.0,0.010638297872340425,1.0,0.041666666666666664,ITI,ITI,1.0,1.0,Global off,Global off,3.0,96.0,0.03125,3.0,0.125,ITI,ITI,1.0,1.0,Global off,Global off,-2.0,-0.020611702127659573,-2.0,-0.08333333333333334,0.020611702127659573
12,9,3.0,1.0,Safety-like,Global off,3.0,41.0,0.07317073170731707,3.0,0.125,CS+,ITI,3.0,1.0,Safety-like,Global off,3.0,57.0,0.05263157894736842,2.0,0.08333333333333333,ITI,CS+,3.0,1.0,Safety-like,Global off,0.0,0.02053915275994865,1.0,0.04166666666666667,0.02053915275994865
6,13,1.0,2.0,Global off,Threat-like,4.0,30.0,0.13333333333333333,4.0,0.16666666666666666,CS+,CS+,1.0,2.0,Global off,Threat-like,4.0,26.0,0.15384615384615385,3.0,0.125,CS+,CS+,1.0,2.0,Global off,Threat-like,0.0,-0.020512820512820523,1.0,0.04166666666666666,0.020512820512820523
2,13,1.0,2.0,Global off,Threat-like,4.0,114.0,0.03508771929824561,4.0,0.16666666666666666,CS+,CS+,1.0,2.0,Global off,Threat-like,6.0,108.0,0.05555555555555555,6.0,0.25,ITI,ITI,1.0,2.0,Global off,Threat-like,-2.0,-0.02046783625730994,-2.0,-0.08333333333333334,0.02046783625730994
2,3,1.0,1.0,Global off,Global off,4.0,114.0,0.03508771929824561,4.0,0.16666666666666666,ITI,ITI,1.0,1.0,Global off,Global off,6.0,108.0,0.05555555555555555,5.0,0.20833333333333334,ITI,ITI,1.0,1.0,Global off,Global off,-2.0,-0.02046783625730994,-1.0,-0.041666666666666685,0.02046783625730994
2,17,1.0,1.0,Global off,Global off,4.0,114.0,0.03508771929824561,3.0,0.125,CS-,ITI,1.0,1.0,Global off,Global off,6.0,108.0,0.05555555555555555,6.0,0.25,ITI,ITI,1.0,1.0,Global off,Global off,-2.0,-0.02046783625730994,-3.0,-0.125,0.02046783625730994
19,24,3.0,4.0,Safety-like,Global on,2.0,69.0,0.028985507246376812,2.0,0.08333333333333333,CS-,CS-,3.0,4.0,Safety-like,Global on,4.0,81.0,0.04938271604938271,4.0,0.16666666666666666,ITI,CS+,3.0,4.0,Safety-like,Global on,-2.0,-0.0203972088030059,-2.0,-0.08333333333333333,0.0203972088030059
23,13,4.0,2.0,Global on,Threat-like,1.0,45.0,0.022222222222222223,1.0,0.041666666666666664,ITI,CS+,4.0,2.0,Global on,Threat-like,2.0,47.0,0.0425531914893617,2.0,0.08333333333333333,ITI,CS-,4.0,2.0,Global on,Threat-like,-1.0,-0.020330969267139478,-1.0,-0.041666666666666664,0.020330969267139478
28,2,4.0,1.0,Global on,Global off,4.0,67.0,0.05970149253731343,4.0,0.16666666666666666,CS-,CS-,4.0,1.0,Global on,Global off,3.0,76.0,0.039473684210526314,3.0,0.125,CS+,ITI,4.0,1.0,Global on,Global off,1.0,0.020227808326787118,1.0,0.04166666666666666,0.020227808326787118
4,23,3.0,4.0,Safety-like,Global on,3.0,95.0,0.031578947368421054,3.0,0.125,ITI,ITI,3.0,4.0,Safety-like,Global on,1.0,87.0,0.011494252873563218,1.0,0.041666666666666664,ITI,ITI,3.0,4.0,Safety-like,Global on,2.0,0.020084694494857835,2.0,0.08333333333333334,0.020084694494857835
13,15,2.0,2.0,Threat-like,Threat-like,4.0,113.0,0.035398230088495575,4.0,0.16666666666666666,ITI,CS-,2.0,2.0,Threat-like,Threat-like,2.0,130.0,0.015384615384615385,1.0,0.041666666666666664,ITI,CS-,2.0,2.0,Threat-like,Threat-like,2.0,0.02001361470388019,3.0,0.125,0.02001361470388019
3,24,1.0,4.0,Global off,Global on,1.0,50.0,0.02,1.0,0.041666666666666664,ITI,ITI,0.0,0.0,0,0,0.0,0.0,0.0,0.0,0.0,0,0,1.0,4.0,Global off,Global on,1.0,0.02,1.0,0.041666666666666664,0.02
3,28,1.0,4.0,Global off,Global on,2.0,50.0,0.04,2.0,0.08333333333333333,ITI,CS-,1.0,4.0,Global off,Global on,1.0,50.0,0.02,1.0,0.041666666666666664,ITI,ITI,1.0,4.0,Global off,Global on,1.0,0.02,1.0,0.041666666666666664,0.02
25,11,2.0,1.0,Threat-like,Global off,1.0,50.0,0.02,1.0,0.041666666666666664,CS+,CS+,0.0,0.0,0,0,0.0,0.0,0.0,0.0,0.0,0,0,2.0,1.0,Threat-like,Global off,1.0,0.02,1.0,0.041666666666666664,0.02
3,16,1.0,4.0,Global off,Global on,1.0,50.0,0.02,1.0,0.041666666666666664,CS+,ITI,1.0,4.0,Global off,Global on,2.0,50.0,0.04,2.0,0.08333333333333333,ITI,CS+,1.0,4.0,Global off,Global on,-1.0,-0.02,-1.0,-0.041666666666666664,0.02
25,16,2.0,4.0,Threat-like,Global on,1.0,50.0,0.02,1.0,0.041666666666666664,ITI,CS-,0.0,0.0,0,0,0.0,0.0,0.0,0.0,0.0,0,0,2.0,4.0,Threat-like,Global on,1.0,0.02,1.0,0.041666666666666664,0.02
3,17,1.0,1.0,Global off,Global off,2.0,50.0,0.04,2.0,0.08333333333333333,CS+,CS+,1.0,1.0,Global off,Global off,1.0,50.0,0.02,1.0,0.041666666666666664,ITI,ITI,1.0,1.0,Global off,Global off,1.0,0.02,1.0,0.041666666666666664,0.02
3,13,1.0,2.0,Global off,Threat-like,2.0,50.0,0.04,2.0,0.08333333333333333,CS+,CS+,1.0,2.0,Global off,Threat-like,1.0,50.0,0.02,1.0,0.041666666666666664,ITI,CS+,1.0,2.0,Global off,Threat-like,1.0,0.02,1.0,0.041666666666666664,0.02
3,5,1.0,1.0,Global off,Global off,2.0,50.0,0.04,2.0,0.08333333333333333,ITI,CS-,1.0,1.0,Global off,Global off,1.0,50.0,0.02,1.0,0.041666666666666664,CS+,CS+,1.0,1.0,Global off,Global off,1.0,0.02,1.0,0.041666666666666664,0.02
3,32,1.0,4.0,Global off,Global on,3.0,50.0,0.06,2.0,0.08333333333333333,ITI,ITI,1.0,4.0,Global off,Global on,2.0,50.0,0.04,2.0,0.08333333333333333,CS+,ITI,1.0,4.0,Global off,Global on,1.0,0.019999999999999997,0.0,0.0,0.019999999999999997
3,7,1.0,1.0,Global off,Global off,2.0,50.0,0.04,2.0,0.08333333333333333,CS+,CS-,1.0,1.0,Global off,Global off,3.0,50.0,0.06,3.0,0.125,ITI,CS+,1.0,1.0,Global off,Global off,-1.0,-0.019999999999999997,-1.0,-0.04166666666666667,0.019999999999999997
3,9,1.0,1.0,Global off,Global off,3.0,50.0,0.06,2.0,0.08333333333333333,ITI,CS+,1.0,1.0,Global off,Global off,2.0,50.0,0.04,2.0,0.08333333333333333,CS+,CS+,1.0,1.0,Global off,Global off,1.0,0.019999999999999997,0.0,0.0,0.019999999999999997
2,14,1.0,2.0,Global off,Threat-like,3.0,114.0,0.02631578947368421,3.0,0.125,ITI,CS+,1.0,2.0,Global off,Threat-like,5.0,108.0,0.046296296296296294,5.0,0.20833333333333334,ITI,CS-,1.0,2.0,Global off,Threat-like,-2.0,-0.019980506822612085,-2.0,-0.08333333333333334,0.019980506822612085
29,2,2.0,1.0,Threat-like,Global off,3.0,120.0,0.025,3.0,0.125,ITI,CS+,2.0,1.0,Threat-like,Global off,4.0,89.0,0.0449438202247191,4.0,0.16666666666666666,CS+,ITI,2.0,1.0,Threat-like,Global off,-1.0,-0.0199438202247191,-1.0,-0.04166666666666666,0.0199438202247191
21,32,2.0,4.0,Threat-like,Global on,3.0,41.0,0.07317073170731707,3.0,0.125,ITI,ITI,2.0,4.0,Threat-like,Global on,4.0,43.0,0.09302325581395349,4.0,0.16666666666666666,ITI,CS-,2.0,4.0,Threat-like,Global on,-1.0,-0.01985252410663642,-1.0,-0.04166666666666666,0.01985252410663642
16,8,4.0,3.0,Global on,Safety-like,5.0,90.0,0.05555555555555555,5.0,0.20833333333333334,ITI,ITI,4.0,3.0,Global on,Safety-like,3.0,84.0,0.03571428571428571,3.0,0.125,CS+,ITI,4.0,3.0,Global on,Safety-like,2.0,0.01984126984126984,2.0,0.08333333333333334,0.01984126984126984
16,30,4.0,4.0,Global on,Global on,5.0,90.0,0.05555555555555555,5.0,0.20833333333333334,ITI,ITI,4.0,4.0,Global on,Global on,3.0,84.0,0.03571428571428571,3.0,0.125,ITI,ITI,4.0,4.0,Global on,Global on,2.0,0.01984126984126984,2.0,0.08333333333333334,0.01984126984126984
9,25,1.0,2.0,Global off,Threat-like,1.0,74.0,0.013513513513513514,1.0,0.041666666666666664,CS+,CS+,1.0,2.0,Global off,Threat-like,2.0,60.0,0.03333333333333333,2.0,0.08333333333333333,CS+,ITI,1.0,2.0,Global off,Threat-like,-1.0,-0.01981981981981982,-1.0,-0.041666666666666664,0.01981981981981982
9,20,1.0,3.0,Global off,Safety-like,1.0,74.0,0.013513513513513514,1.0,0.041666666666666664,CS+,ITI,1.0,3.0,Global off,Safety-like,2.0,60.0,0.03333333333333333,2.0,0.08333333333333333,CS+,ITI,1.0,3.0,Global off,Safety-like,-1.0,-0.01981981981981982,-1.0,-0.041666666666666664,0.01981981981981982
9,3,1.0,1.0,Global off,Global off,1.0,74.0,0.013513513513513514,1.0,0.041666666666666664,CS-,CS-,1.0,1.0,Global off,Global off,2.0,60.0,0.03333333333333333,2.0,0.08333333333333333,CS+,CS+,1.0,1.0,Global off,Global off,-1.0,-0.01981981981981982,-1.0,-0.041666666666666664,0.01981981981981982
17,20,1.0,3.0,Global off,Safety-like,5.0,94.0,0.05319148936170213,5.0,0.20833333333333334,ITI,ITI,1.0,3.0,Global off,Safety-like,7.0,96.0,0.07291666666666667,7.0,0.2916666666666667,ITI,ITI,1.0,3.0,Global off,Safety-like,-2.0,-0.019725177304964543,-2.0,-0.08333333333333334,0.019725177304964543
30,31,4.0,4.0,Global on,Global on,5.0,59.0,0.0847457627118644,5.0,0.20833333333333334,ITI,ITI,4.0,4.0,Global on,Global on,3.0,46.0,0.06521739130434782,3.0,0.125,CS+,CS+,4.0,4.0,Global on,Global on,2.0,0.01952837140751658,2.0,0.08333333333333334,0.01952837140751658
2,9,1.0,1.0,Global off,Global off,2.0,114.0,0.017543859649122806,2.0,0.08333333333333333,CS+,CS+,1.0,1.0,Global off,Global off,4.0,108.0,0.037037037037037035,4.0,0.16666666666666666,ITI,CS+,1.0,1.0,Global off,Global off,-2.0,-0.01949317738791423,-2.0,-0.08333333333333333,0.01949317738791423
23,29,4.0,2.0,Global on,Threat-like,2.0,45.0,0.044444444444444446,2.0,0.08333333333333333,CS-,CS-,4.0,2.0,Global on,Threat-like,3.0,47.0,0.06382978723404255,2.0,0.08333333333333333,CS+,CS-,4.0,2.0,Global on,Threat-like,-1.0,-0.019385342789598102,0.0,0.0,0.019385342789598102
27,28,4.0,4.0,Global on,Global on,2.0,38.0,0.05263157894736842,2.0,0.08333333333333333,ITI,ITI,4.0,4.0,Global on,Global on,1.0,30.0,0.03333333333333333,1.0,0.041666666666666664,CS-,ITI,4.0,4.0,Global on,Global on,1.0,0.019298245614035085,1.0,0.041666666666666664,0.019298245614035085
27,10,4.0,1.0,Global on,Global off,2.0,38.0,0.05263157894736842,2.0,0.08333333333333333,ITI,ITI,4.0,1.0,Global on,Global off,1.0,30.0,0.03333333333333333,1.0,0.041666666666666664,ITI,CS-,4.0,1.0,Global on,Global off,1.0,0.019298245614035085,1.0,0.041666666666666664,0.019298245614035085
15,28,2.0,4.0,Threat-like,Global on,1.0,30.0,0.03333333333333333,1.0,0.041666666666666664,CS+,ITI,2.0,4.0,Threat-like,Global on,2.0,38.0,0.05263157894736842,2.0,0.08333333333333333,CS+,CS-,2.0,4.0,Threat-like,Global on,-1.0,-0.019298245614035085,-1.0,-0.041666666666666664,0.019298245614035085
27,2,4.0,1.0,Global on,Global off,2.0,38.0,0.05263157894736842,2.0,0.08333333333333333,CS+,CS+,4.0,1.0,Global on,Global off,1.0,30.0,0.03333333333333333,1.0,0.041666666666666664,ITI,ITI,4.0,1.0,Global on,Global off,1.0,0.019298245614035085,1.0,0.041666666666666664,0.019298245614035085
15,4,2.0,3.0,Threat-like,Safety-like,1.0,30.0,0.03333333333333333,1.0,0.041666666666666664,ITI,ITI,2.0,3.0,Threat-like,Safety-like,2.0,38.0,0.05263157894736842,2.0,0.08333333333333333,ITI,CS+,2.0,3.0,Threat-like,Safety-like,-1.0,-0.019298245614035085,-1.0,-0.041666666666666664,0.019298245614035085
15,32,2.0,4.0,Threat-like,Global on,1.0,30.0,0.03333333333333333,1.0,0.041666666666666664,ITI,ITI,2.0,4.0,Threat-like,Global on,2.0,38.0,0.05263157894736842,2.0,0.08333333333333333,ITI,CS+,2.0,4.0,Threat-like,Global on,-1.0,-0.019298245614035085,-1.0,-0.041666666666666664,0.019298245614035085
1,2,1.0,1.0,Global off,Global off,19.0,196.0,0.09693877551020408,13.0,0.5416666666666666,ITI,ITI,1.0,1.0,Global off,Global off,14.0,180.0,0.07777777777777778,9.0,0.375,ITI,ITI,1.0,1.0,Global off,Global off,5.0,0.0191609977324263,4.0,0.16666666666666663,0.0191609977324263
30,13,4.0,2.0,Global on,Threat-like,4.0,59.0,0.06779661016949153,4.0,0.16666666666666666,CS+,CS+,4.0,2.0,Global on,Threat-like,4.0,46.0,0.08695652173913043,4.0,0.16666666666666666,CS+,CS+,4.0,2.0,Global on,Threat-like,0.0,-0.019159911569638907,0.0,0.0,0.019159911569638907
1,7,1.0,1.0,Global off,Global off,7.0,196.0,0.03571428571428571,5.0,0.20833333333333334,ITI,ITI,1.0,1.0,Global off,Global off,3.0,180.0,0.016666666666666666,3.0,0.125,ITI,ITI,1.0,1.0,Global off,Global off,4.0,0.019047619047619046,2.0,0.08333333333333334,0.019047619047619046
31,25,4.0,2.0,Global on,Threat-like,6.0,108.0,0.05555555555555555,5.0,0.20833333333333334,ITI,CS+,4.0,2.0,Global on,Threat-like,4.0,109.0,0.03669724770642202,4.0,0.16666666666666666,ITI,ITI,4.0,2.0,Global on,Threat-like,2.0,0.018858307849133532,1.0,0.041666666666666685,0.018858307849133532
31,26,4.0,4.0,Global on,Global on,6.0,108.0,0.05555555555555555,5.0,0.20833333333333334,ITI,ITI,4.0,4.0,Global on,Global on,4.0,109.0,0.03669724770642202,3.0,0.125,ITI,CS+,4.0,4.0,Global on,Global on,2.0,0.018858307849133532,2.0,0.08333333333333334,0.018858307849133532
13,23,2.0,4.0,Threat-like,Global on,3.0,113.0,0.02654867256637168,3.0,0.125,ITI,ITI,2.0,4.0,Threat-like,Global on,1.0,130.0,0.007692307692307693,1.0,0.041666666666666664,CS+,ITI,2.0,4.0,Threat-like,Global on,2.0,0.01885636487406399,2.0,0.08333333333333334,0.01885636487406399
29,31,2.0,4.0,Threat-like,Global on,9.0,120.0,0.075,8.0,0.3333333333333333,ITI,ITI,2.0,4.0,Threat-like,Global on,5.0,89.0,0.056179775280898875,3.0,0.125,ITI,CS-,2.0,4.0,Threat-like,Global on,4.0,0.018820224719101122,5.0,0.20833333333333331,0.018820224719101122
31,23,4.0,4.0,Global on,Global on,5.0,108.0,0.046296296296296294,4.0,0.16666666666666666,CS+,ITI,4.0,4.0,Global on,Global on,3.0,109.0,0.027522935779816515,3.0,0.125,CS-,ITI,4.0,4.0,Global on,Global on,2.0,0.01877336051647978,1.0,0.04166666666666666,0.01877336051647978
18,32,3.0,4.0,Safety-like,Global on,1.0,42.0,0.023809523809523808,1.0,0.041666666666666664,CS-,CS-,3.0,4.0,Safety-like,Global on,2.0,47.0,0.0425531914893617,2.0,0.08333333333333333,CS-,CS-,3.0,4.0,Safety-like,Global on,-1.0,-0.018743667679837893,-1.0,-0.041666666666666664,0.018743667679837893
31,12,4.0,3.0,Global on,Safety-like,4.0,108.0,0.037037037037037035,4.0,0.16666666666666666,ITI,ITI,4.0,3.0,Global on,Safety-like,2.0,109.0,0.01834862385321101,2.0,0.08333333333333333,CS-,CS-,4.0,3.0,Global on,Safety-like,2.0,0.018688413183826025,2.0,0.08333333333333333,0.018688413183826025
31,17,4.0,1.0,Global on,Global off,4.0,108.0,0.037037037037037035,4.0,0.16666666666666666,CS-,ITI,4.0,1.0,Global on,Global off,2.0,109.0,0.01834862385321101,2.0,0.08333333333333333,CS-,ITI,4.0,1.0,Global on,Global off,2.0,0.018688413183826025,2.0,0.08333333333333333,0.018688413183826025
31,16,4.0,4.0,Global on,Global on,3.0,108.0,0.027777777777777776,2.0,0.08333333333333333,ITI,CS+,4.0,4.0,Global on,Global on,1.0,109.0,0.009174311926605505,1.0,0.041666666666666664,CS+,CS+,4.0,4.0,Global on,Global on,2.0,0.01860346585117227,1.0,0.041666666666666664,0.01860346585117227
31,6,4.0,1.0,Global on,Global off,3.0,108.0,0.027777777777777776,3.0,0.125,CS-,ITI,4.0,1.0,Global on,Global off,1.0,109.0,0.009174311926605505,1.0,0.041666666666666664,CS+,CS+,4.0,1.0,Global on,Global off,2.0,0.01860346585117227,2.0,0.08333333333333334,0.01860346585117227
1,9,1.0,1.0,Global off,Global off,8.0,196.0,0.04081632653061224,6.0,0.25,ITI,CS+,1.0,1.0,Global off,Global off,4.0,180.0,0.022222222222222223,4.0,0.16666666666666666,CS+,CS+,1.0,1.0,Global off,Global off,4.0,0.01859410430839002,2.0,0.08333333333333334,0.01859410430839002
2,15,0.0,0.0,0,0,0.0,0.0,0.0,0.0,0.0,0,0,1.0,2.0,Global off,Threat-like,2.0,108.0,0.018518518518518517,2.0,0.08333333333333333,ITI,CS-,1.0,2.0,Global off,Threat-like,-2.0,-0.018518518518518517,-2.0,-0.08333333333333333,0.018518518518518517
31,3,0.0,0.0,0,0,0.0,0.0,0.0,0.0,0.0,0,0,4.0,1.0,Global on,Global off,2.0,109.0,0.01834862385321101,2.0,0.08333333333333333,ITI,ITI,4.0,1.0,Global on,Global off,-2.0,-0.01834862385321101,-2.0,-0.08333333333333333,0.01834862385321101
24,13,0.0,0.0,0,0,0.0,0.0,0.0,0.0,0.0,0,0,4.0,2.0,Global on,Threat-like,1.0,55.0,0.01818181818181818,1.0,0.041666666666666664,ITI,CS+,4.0,2.0,Global on,Threat-like,-1.0,-0.01818181818181818,-1.0,-0.041666666666666664,0.01818181818181818
31,1,4.0,1.0,Global on,Global off,2.0,108.0,0.018518518518518517,2.0,0.08333333333333333,ITI,ITI,4.0,1.0,Global on,Global off,4.0,109.0,0.03669724770642202,4.0,0.16666666666666666,CS+,CS+,4.0,1.0,Global on,Global off,-2.0,-0.018178729187903503,-2.0,-0.08333333333333333,0.018178729187903503
31,2,4.0,1.0,Global on,Global off,2.0,108.0,0.018518518518518517,2.0,0.08333333333333333,CS+,CS+,4.0,1.0,Global on,Global off,4.0,109.0,0.03669724770642202,3.0,0.125,ITI,CS-,4.0,1.0,Global on,Global off,-2.0,-0.018178729187903503,-1.0,-0.04166666666666667,0.018178729187903503
10,13,1.0,2.0,Global off,Threat-like,1.0,38.0,0.02631578947368421,1.0,0.041666666666666664,CS+,ITI,1.0,2.0,Global off,Threat-like,2.0,45.0,0.044444444444444446,2.0,0.08333333333333333,CS+,CS-,1.0,2.0,Global off,Threat-like,-1.0,-0.018128654970760237,-1.0,-0.041666666666666664,0.018128654970760237
10,28,1.0,4.0,Global off,Global on,1.0,38.0,0.02631578947368421,1.0,0.041666666666666664,ITI,ITI,1.0,4.0,Global off,Global on,2.0,45.0,0.044444444444444446,2.0,0.08333333333333333,ITI,ITI,1.0,4.0,Global off,Global on,-1.0,-0.018128654970760237,-1.0,-0.041666666666666664,0.018128654970760237
13,29,2.0,2.0,Threat-like,Threat-like,9.0,113.0,0.07964601769911504,6.0,0.25,ITI,ITI,2.0,2.0,Threat-like,Threat-like,8.0,130.0,0.06153846153846154,7.0,0.2916666666666667,CS+,ITI,2.0,2.0,Threat-like,Threat-like,1.0,0.0181075561606535,-1.0,-0.041666666666666685,0.0181075561606535
1,19,1.0,3.0,Global off,Safety-like,3.0,196.0,0.015306122448979591,3.0,0.125,ITI,ITI,1.0,3.0,Global off,Safety-like,6.0,180.0,0.03333333333333333,6.0,0.25,ITI,ITI,1.0,3.0,Global off,Safety-like,-3.0,-0.01802721088435374,-3.0,-0.125,0.01802721088435374
31,30,4.0,4.0,Global on,Global on,4.0,108.0,0.037037037037037035,4.0,0.16666666666666666,ITI,CS-,4.0,4.0,Global on,Global on,6.0,109.0,0.05504587155963303,4.0,0.16666666666666666,ITI,CS+,4.0,4.0,Global on,Global on,-2.0,-0.018008834522595996,0.0,0.0,0.018008834522595996
14,1,2.0,1.0,Threat-like,Global off,5.0,71.0,0.07042253521126761,5.0,0.20833333333333334,ITI,ITI,2.0,1.0,Threat-like,Global off,4.0,76.0,0.05263157894736842,4.0,0.16666666666666666,ITI,CS-,2.0,1.0,Threat-like,Global off,1.0,0.01779095626389919,1.0,0.041666666666666685,0.01779095626389919
13,26,2.0,4.0,Threat-like,Global on,2.0,113.0,0.017699115044247787,2.0,0.08333333333333333,CS+,ITI,0.0,0.0,0,0,0.0,0.0,0.0,0.0,0.0,0,0,2.0,4.0,Threat-like,Global on,2.0,0.017699115044247787,2.0,0.08333333333333333,0.017699115044247787
12,21,0.0,0.0,0,0,0.0,0.0,0.0,0.0,0.0,0,0,3.0,2.0,Safety-like,Threat-like,1.0,57.0,0.017543859649122806,1.0,0.041666666666666664,CS-,CS-,3.0,2.0,Safety-like,Threat-like,-1.0,-0.017543859649122806,-1.0,-0.041666666666666664,0.017543859649122806
12,11,0.0,0.0,0,0,0.0,0.0,0.0,0.0,0.0,0,0,3.0,1.0,Safety-like,Global off,1.0,57.0,0.017543859649122806,1.0,0.041666666666666664,CS+,CS+,3.0,1.0,Safety-like,Global off,-1.0,-0.017543859649122806,-1.0,-0.041666666666666664,0.017543859649122806
12,7,0.0,0.0,0,0,0.0,0.0,0.0,0.0,0.0,0,0,3.0,1.0,Safety-like,Global off,1.0,57.0,0.017543859649122806,1.0,0.041666666666666664,CS-,CS+,3.0,1.0,Safety-like,Global off,-1.0,-0.017543859649122806,-1.0,-0.041666666666666664,0.017543859649122806
12,6,0.0,0.0,0,0,0.0,0.0,0.0,0.0,0.0,0,0,3.0,1.0,Safety-like,Global off,1.0,57.0,0.017543859649122806,1.0,0.041666666666666664,CS+,CS+,3.0,1.0,Safety-like,Global off,-1.0,-0.017543859649122806,-1.0,-0.041666666666666664,0.017543859649122806
12,25,0.0,0.0,0,0,0.0,0.0,0.0,0.0,0.0,0,0,3.0,2.0,Safety-like,Threat-like,1.0,57.0,0.017543859649122806,1.0,0.041666666666666664,CS+,CS+,3.0,2.0,Safety-like,Threat-like,-1.0,-0.017543859649122806,-1.0,-0.041666666666666664,0.017543859649122806
17,1,1.0,1.0,Global off,Global off,15.0,94.0,0.1595744680851064,10.0,0.4166666666666667,ITI,ITI,1.0,1.0,Global off,Global off,17.0,96.0,0.17708333333333334,13.0,0.5416666666666666,ITI,ITI,1.0,1.0,Global off,Global off,-2.0,-0.01750886524822695,-3.0,-0.12499999999999994,0.01750886524822695
32,8,4.0,3.0,Global on,Safety-like,6.0,200.0,0.03,6.0,0.25,ITI,ITI,4.0,3.0,Global on,Safety-like,9.0,190.0,0.04736842105263158,7.0,0.2916666666666667,CS-,ITI,4.0,3.0,Global on,Safety-like,-3.0,-0.01736842105263158,-1.0,-0.041666666666666685,0.01736842105263158
25,5,2.0,1.0,Threat-like,Global off,2.0,50.0,0.04,2.0,0.08333333333333333,CS+,CS+,2.0,1.0,Threat-like,Global off,1.0,44.0,0.022727272727272728,1.0,0.041666666666666664,ITI,ITI,2.0,1.0,Threat-like,Global off,1.0,0.017272727272727273,1.0,0.041666666666666664,0.017272727272727273
29,28,2.0,4.0,Threat-like,Global on,2.0,120.0,0.016666666666666666,2.0,0.08333333333333333,CS+,CS+,2.0,4.0,Threat-like,Global on,3.0,89.0,0.033707865168539325,3.0,0.125,ITI,CS+,2.0,4.0,Threat-like,Global on,-1.0,-0.01704119850187266,-1.0,-0.04166666666666667,0.01704119850187266
29,27,2.0,4.0,Threat-like,Global on,2.0,120.0,0.016666666666666666,2.0,0.08333333333333333,CS-,ITI,2.0,4.0,Threat-like,Global on,3.0,89.0,0.033707865168539325,3.0,0.125,CS-,ITI,2.0,4.0,Threat-like,Global on,-1.0,-0.01704119850187266,-1.0,-0.04166666666666667,0.01704119850187266
30,7,4.0,1.0,Global on,Global off,1.0,59.0,0.01694915254237288,1.0,0.041666666666666664,ITI,ITI,0.0,0.0,0,0,0.0,0.0,0.0,0.0,0.0,0,0,4.0,1.0,Global on,Global off,1.0,0.01694915254237288,1.0,0.041666666666666664,0.01694915254237288
30,21,4.0,2.0,Global on,Threat-like,1.0,59.0,0.01694915254237288,1.0,0.041666666666666664,CS-,CS-,0.0,0.0,0,0,0.0,0.0,0.0,0.0,0.0,0,0,4.0,2.0,Global on,Threat-like,1.0,0.01694915254237288,1.0,0.041666666666666664,0.01694915254237288
30,8,4.0,3.0,Global on,Safety-like,1.0,59.0,0.01694915254237288,1.0,0.041666666666666664,ITI,ITI,0.0,0.0,0,0,0.0,0.0,0.0,0.0,0.0,0,0,4.0,3.0,Global on,Safety-like,1.0,0.01694915254237288,1.0,0.041666666666666664,0.01694915254237288
28,10,4.0,1.0,Global on,Global off,2.0,67.0,0.029850746268656716,2.0,0.08333333333333333,ITI,CS+,4.0,1.0,Global on,Global off,1.0,76.0,0.013157894736842105,1.0,0.041666666666666664,ITI,ITI,4.0,1.0,Global on,Global off,1.0,0.01669285153181461,1.0,0.041666666666666664,0.01669285153181461
28,14,4.0,2.0,Global on,Threat-like,2.0,67.0,0.029850746268656716,2.0,0.08333333333333333,CS-,CS-,4.0,2.0,Global on,Threat-like,1.0,76.0,0.013157894736842105,1.0,0.041666666666666664,CS+,CS+,4.0,2.0,Global on,Threat-like,1.0,0.01669285153181461,1.0,0.041666666666666664,0.01669285153181461
28,26,4.0,4.0,Global on,Global on,2.0,67.0,0.029850746268656716,2.0,0.08333333333333333,CS+,ITI,4.0,4.0,Global on,Global on,1.0,76.0,0.013157894736842105,1.0,0.041666666666666664,ITI,ITI,4.0,4.0,Global on,Global on,1.0,0.01669285153181461,1.0,0.041666666666666664,0.01669285153181461
9,6,0.0,0.0,0,0,0.0,0.0,0.0,0.0,0.0,0,0,1.0,1.0,Global off,Global off,1.0,60.0,0.016666666666666666,1.0,0.041666666666666664,CS+,ITI,1.0,1.0,Global off,Global off,-1.0,-0.016666666666666666,-1.0,-0.041666666666666664,0.016666666666666666
9,24,0.0,0.0,0,0,0.0,0.0,0.0,0.0,0.0,0,0,1.0,4.0,Global off,Global on,1.0,60.0,0.016666666666666666,1.0,0.041666666666666664,CS-,CS-,1.0,4.0,Global off,Global on,-1.0,-0.016666666666666666,-1.0,-0.041666666666666664,0.016666666666666666
29,18,2.0,3.0,Threat-like,Safety-like,2.0,120.0,0.016666666666666666,2.0,0.08333333333333333,CS-,ITI,0.0,0.0,0,0,0.0,0.0,0.0,0.0,0.0,0,0,2.0,3.0,Threat-like,Safety-like,2.0,0.016666666666666666,2.0,0.08333333333333333,0.016666666666666666
19,23,3.0,4.0,Safety-like,Global on,2.0,69.0,0.028985507246376812,2.0,0.08333333333333333,CS-,CS-,3.0,4.0,Safety-like,Global on,1.0,81.0,0.012345679012345678,1.0,0.041666666666666664,CS+,CS+,3.0,4.0,Safety-like,Global on,1.0,0.016639828234031134,1.0,0.041666666666666664,0.016639828234031134
19,2,3.0,1.0,Safety-like,Global off,2.0,69.0,0.028985507246376812,2.0,0.08333333333333333,ITI,CS-,3.0,1.0,Safety-like,Global off,1.0,81.0,0.012345679012345678,1.0,0.041666666666666664,ITI,CS+,3.0,1.0,Safety-like,Global off,1.0,0.016639828234031134,1.0,0.041666666666666664,0.016639828234031134
32,20,4.0,3.0,Global on,Safety-like,17.0,200.0,0.085,13.0,0.5416666666666666,ITI,ITI,4.0,3.0,Global on,Safety-like,13.0,190.0,0.06842105263157895,9.0,0.375,ITI,CS-,4.0,3.0,Global on,Safety-like,4.0,0.016578947368421054,4.0,0.16666666666666663,0.016578947368421054
2,31,1.0,4.0,Global off,Global on,4.0,114.0,0.03508771929824561,4.0,0.16666666666666666,ITI,ITI,1.0,4.0,Global off,Global on,2.0,108.0,0.018518518518518517,2.0,0.08333333333333333,CS+,CS+,1.0,4.0,Global off,Global on,2.0,0.016569200779727095,2.0,0.08333333333333333,0.016569200779727095
2,12,1.0,3.0,Global off,Safety-like,4.0,114.0,0.03508771929824561,3.0,0.125,ITI,ITI,1.0,3.0,Global off,Safety-like,2.0,108.0,0.018518518518518517,2.0,0.08333333333333333,ITI,ITI,1.0,3.0,Global off,Safety-like,2.0,0.016569200779727095,1.0,0.04166666666666667,0.016569200779727095
2,5,1.0,1.0,Global off,Global off,4.0,114.0,0.03508771929824561,4.0,0.16666666666666666,CS+,CS+,1.0,1.0,Global off,Global off,2.0,108.0,0.018518518518518517,2.0,0.08333333333333333,ITI,ITI,1.0,1.0,Global off,Global off,2.0,0.016569200779727095,2.0,0.08333333333333333,0.016569200779727095
2,6,1.0,1.0,Global off,Global off,4.0,114.0,0.03508771929824561,4.0,0.16666666666666666,ITI,ITI,1.0,1.0,Global off,Global off,2.0,108.0,0.018518518518518517,2.0,0.08333333333333333,ITI,ITI,1.0,1.0,Global off,Global off,2.0,0.016569200779727095,2.0,0.08333333333333333,0.016569200779727095
8,23,0.0,0.0,0,0,0.0,0.0,0.0,0.0,0.0,0,0,3.0,4.0,Safety-like,Global on,1.0,61.0,0.01639344262295082,1.0,0.041666666666666664,ITI,ITI,3.0,4.0,Safety-like,Global on,-1.0,-0.01639344262295082,-1.0,-0.041666666666666664,0.01639344262295082
8,28,0.0,0.0,0,0,0.0,0.0,0.0,0.0,0.0,0,0,3.0,4.0,Safety-like,Global on,1.0,61.0,0.01639344262295082,1.0,0.041666666666666664,CS-,ITI,3.0,4.0,Safety-like,Global on,-1.0,-0.01639344262295082,-1.0,-0.041666666666666664,0.01639344262295082
29,14,2.0,2.0,Threat-like,Threat-like,6.0,120.0,0.05,6.0,0.25,ITI,CS+,2.0,2.0,Threat-like,Threat-like,3.0,89.0,0.033707865168539325,3.0,0.125,ITI,ITI,2.0,2.0,Threat-like,Threat-like,3.0,0.016292134831460678,3.0,0.125,0.016292134831460678
20,24,3.0,4.0,Safety-like,Global on,7.0,128.0,0.0546875,6.0,0.25,ITI,CS-,3.0,4.0,Safety-like,Global on,5.0,130.0,0.038461538461538464,4.0,0.16666666666666666,ITI,ITI,3.0,4.0,Safety-like,Global on,2.0,0.016225961538461536,2.0,0.08333333333333334,0.016225961538461536
20,13,3.0,2.0,Safety-like,Threat-like,6.0,128.0,0.046875,5.0,0.20833333333333334,ITI,CS+,3.0,2.0,Safety-like,Threat-like,4.0,130.0,0.03076923076923077,3.0,0.125,CS+,ITI,3.0,2.0,Safety-like,Threat-like,2.0,0.01610576923076923,2.0,0.08333333333333334,0.01610576923076923
14,31,2.0,4.0,Threat-like,Global on,3.0,71.0,0.04225352112676056,3.0,0.125,CS+,ITI,2.0,4.0,Threat-like,Global on,2.0,76.0,0.02631578947368421,2.0,0.08333333333333333,ITI,ITI,2.0,4.0,Threat-like,Global on,1.0,0.015937731653076354,1.0,0.04166666666666667,0.015937731653076354
20,16,3.0,4.0,Safety-like,Global on,4.0,128.0,0.03125,3.0,0.125,ITI,ITI,3.0,4.0,Safety-like,Global on,2.0,130.0,0.015384615384615385,2.0,0.08333333333333333,CS+,CS+,3.0,4.0,Safety-like,Global on,2.0,0.015865384615384615,1.0,0.04166666666666667,0.015865384615384615
9,13,1.0,2.0,Global off,Threat-like,5.0,74.0,0.06756756756756757,5.0,0.20833333333333334,ITI,CS+,1.0,2.0,Global off,Threat-like,5.0,60.0,0.08333333333333333,5.0,0.20833333333333334,ITI,CS-,1.0,2.0,Global off,Threat-like,0.0,-0.015765765765765757,0.0,0.0,0.015765765765765757
1,17,1.0,1.0,Global off,Global off,10.0,196.0,0.05102040816326531,6.0,0.25,ITI,ITI,1.0,1.0,Global off,Global off,12.0,180.0,0.06666666666666667,10.0,0.4166666666666667,ITI,ITI,1.0,1.0,Global off,Global off,-2.0,-0.01564625850340136,-4.0,-0.16666666666666669,0.01564625850340136
20,11,3.0,1.0,Safety-like,Global off,2.0,128.0,0.015625,2.0,0.08333333333333333,ITI,CS-,0.0,0.0,0,0,0.0,0.0,0.0,0.0,0.0,0,0,3.0,1.0,Safety-like,Global off,2.0,0.015625,2.0,0.08333333333333333,0.015625
20,7,3.0,1.0,Safety-like,Global off,2.0,128.0,0.015625,2.0,0.08333333333333333,ITI,ITI,0.0,0.0,0,0,0.0,0.0,0.0,0.0,0.0,0,0,3.0,1.0,Safety-like,Global off,2.0,0.015625,2.0,0.08333333333333333,0.015625
13,30,0.0,0.0,0,0,0.0,0.0,0.0,0.0,0.0,0,0,2.0,4.0,Threat-like,Global on,2.0,130.0,0.015384615384615385,2.0,0.08333333333333333,ITI,CS+,2.0,4.0,Threat-like,Global on,-2.0,-0.015384615384615385,-2.0,-0.08333333333333333,0.015384615384615385
13,12,0.0,0.0,0,0,0.0,0.0,0.0,0.0,0.0,0,0,2.0,3.0,Threat-like,Safety-like,2.0,130.0,0.015384615384615385,2.0,0.08333333333333333,CS+,CS+,2.0,3.0,Threat-like,Safety-like,-2.0,-0.015384615384615385,-2.0,-0.08333333333333333,0.015384615384615385
20,5,0.0,0.0,0,0,0.0,0.0,0.0,0.0,0.0,0,0,3.0,1.0,Safety-like,Global off,2.0,130.0,0.015384615384615385,2.0,0.08333333333333333,CS+,CS+,3.0,1.0,Safety-like,Global off,-2.0,-0.015384615384615385,-2.0,-0.08333333333333333,0.015384615384615385
1,11,1.0,1.0,Global off,Global off,3.0,196.0,0.015306122448979591,3.0,0.125,CS+,ITI,0.0,0.0,0,0,0.0,0.0,0.0,0.0,0.0,0,0,1.0,1.0,Global off,Global off,3.0,0.015306122448979591,3.0,0.125,0.015306122448979591
29,32,2.0,4.0,Threat-like,Global on,13.0,120.0,0.10833333333333334,12.0,0.5,ITI,ITI,2.0,4.0,Threat-like,Global on,11.0,89.0,0.12359550561797752,11.0,0.4583333333333333,ITI,CS-,2.0,4.0,Threat-like,Global on,2.0,-0.015262172284644188,1.0,0.041666666666666685,0.015262172284644188
20,29,3.0,2.0,Safety-like,Threat-like,2.0,128.0,0.015625,2.0,0.08333333333333333,ITI,CS+,3.0,2.0,Safety-like,Threat-like,4.0,130.0,0.03076923076923077,4.0,0.16666666666666666,ITI,CS-,3.0,2.0,Safety-like,Threat-like,-2.0,-0.015144230769230771,-2.0,-0.08333333333333333,0.015144230769230771
16,31,4.0,4.0,Global on,Global on,4.0,90.0,0.044444444444444446,4.0,0.16666666666666666,ITI,ITI,4.0,4.0,Global on,Global on,5.0,84.0,0.05952380952380952,4.0,0.16666666666666666,ITI,ITI,4.0,4.0,Global on,Global on,-1.0,-0.015079365079365074,0.0,0.0,0.015079365079365074
28,8,4.0,3.0,Global on,Safety-like,1.0,67.0,0.014925373134328358,1.0,0.041666666666666664,ITI,ITI,0.0,0.0,0,0,0.0,0.0,0.0,0.0,0.0,0,0,4.0,3.0,Global on,Safety-like,1.0,0.014925373134328358,1.0,0.041666666666666664,0.014925373134328358
28,7,4.0,1.0,Global on,Global off,1.0,67.0,0.014925373134328358,1.0,0.041666666666666664,CS-,ITI,0.0,0.0,0,0,0.0,0.0,0.0,0.0,0.0,0,0,4.0,1.0,Global on,Global off,1.0,0.014925373134328358,1.0,0.041666666666666664,0.014925373134328358
1,24,1.0,4.0,Global off,Global on,4.0,196.0,0.02040816326530612,4.0,0.16666666666666666,ITI,ITI,1.0,4.0,Global off,Global on,1.0,180.0,0.005555555555555556,1.0,0.041666666666666664,ITI,CS+,1.0,4.0,Global off,Global on,3.0,0.014852607709750564,3.0,0.125,0.014852607709750564
20,1,3.0,1.0,Safety-like,Global off,5.0,128.0,0.0390625,5.0,0.20833333333333334,CS-,CS-,3.0,1.0,Safety-like,Global off,7.0,130.0,0.05384615384615385,6.0,0.25,ITI,ITI,3.0,1.0,Safety-like,Global off,-2.0,-0.01478365384615385,-1.0,-0.04166666666666666,0.01478365384615385
32,10,4.0,1.0,Global on,Global off,4.0,200.0,0.02,4.0,0.16666666666666666,ITI,CS+,4.0,1.0,Global on,Global off,1.0,190.0,0.005263157894736842,1.0,0.041666666666666664,ITI,ITI,4.0,1.0,Global on,Global off,3.0,0.01473684210526316,3.0,0.125,0.01473684210526316
25,19,2.0,3.0,Threat-like,Safety-like,3.0,50.0,0.06,3.0,0.125,ITI,ITI,2.0,3.0,Threat-like,Safety-like,2.0,44.0,0.045454545454545456,2.0,0.08333333333333333,ITI,ITI,2.0,3.0,Threat-like,Safety-like,1.0,0.014545454545454542,1.0,0.04166666666666667,0.014545454545454542
19,7,3.0,1.0,Safety-like,Global off,1.0,69.0,0.014492753623188406,1.0,0.041666666666666664,ITI,ITI,0.0,0.0,0,0,0.0,0.0,0.0,0.0,0.0,0,0,3.0,1.0,Safety-like,Global off,1.0,0.014492753623188406,1.0,0.041666666666666664,0.014492753623188406
19,6,3.0,1.0,Safety-like,Global off,1.0,69.0,0.014492753623188406,1.0,0.041666666666666664,CS-,CS-,0.0,0.0,0,0,0.0,0.0,0.0,0.0,0.0,0,0,3.0,1.0,Safety-like,Global off,1.0,0.014492753623188406,1.0,0.041666666666666664,0.014492753623188406
19,14,3.0,2.0,Safety-like,Threat-like,1.0,69.0,0.014492753623188406,1.0,0.041666666666666664,ITI,CS+,0.0,0.0,0,0,0.0,0.0,0.0,0.0,0.0,0,0,3.0,2.0,Safety-like,Threat-like,1.0,0.014492753623188406,1.0,0.041666666666666664,0.014492753623188406
19,26,3.0,4.0,Safety-like,Global on,1.0,69.0,0.014492753623188406,1.0,0.041666666666666664,ITI,ITI,0.0,0.0,0,0,0.0,0.0,0.0,0.0,0.0,0,0,3.0,4.0,Safety-like,Global on,1.0,0.014492753623188406,1.0,0.041666666666666664,0.014492753623188406
19,8,3.0,3.0,Safety-like,Safety-like,1.0,69.0,0.014492753623188406,1.0,0.041666666666666664,ITI,ITI,0.0,0.0,0,0,0.0,0.0,0.0,0.0,0.0,0,0,3.0,3.0,Safety-like,Safety-like,1.0,0.014492753623188406,1.0,0.041666666666666664,0.014492753623188406
1,28,1.0,4.0,Global off,Global on,5.0,196.0,0.025510204081632654,5.0,0.20833333333333334,ITI,ITI,1.0,4.0,Global off,Global on,2.0,180.0,0.011111111111111112,2.0,0.08333333333333333,CS-,ITI,1.0,4.0,Global off,Global on,3.0,0.014399092970521542,3.0,0.125,0.014399092970521542
4,12,3.0,3.0,Safety-like,Safety-like,3.0,95.0,0.031578947368421054,3.0,0.125,ITI,ITI,3.0,3.0,Safety-like,Safety-like,4.0,87.0,0.04597701149425287,4.0,0.16666666666666666,ITI,CS-,3.0,3.0,Safety-like,Safety-like,-1.0,-0.01439806412583182,-1.0,-0.04166666666666666,0.01439806412583182
4,13,3.0,2.0,Safety-like,Threat-like,3.0,95.0,0.031578947368421054,3.0,0.125,ITI,CS+,3.0,2.0,Safety-like,Threat-like,4.0,87.0,0.04597701149425287,3.0,0.125,ITI,ITI,3.0,2.0,Safety-like,Threat-like,-1.0,-0.01439806412583182,0.0,0.0,0.01439806412583182
24,30,4.0,4.0,Global on,Global on,1.0,70.0,0.014285714285714285,1.0,0.041666666666666664,CS-,CS-,0.0,0.0,0,0,0.0,0.0,0.0,0.0,0.0,0,0,4.0,4.0,Global on,Global on,1.0,0.014285714285714285,1.0,0.041666666666666664,0.014285714285714285
24,7,4.0,1.0,Global on,Global off,1.0,70.0,0.014285714285714285,1.0,0.041666666666666664,ITI,CS+,0.0,0.0,0,0,0.0,0.0,0.0,0.0,0.0,0,0,4.0,1.0,Global on,Global off,1.0,0.014285714285714285,1.0,0.041666666666666664,0.014285714285714285
16,4,4.0,3.0,Global on,Safety-like,3.0,90.0,0.03333333333333333,3.0,0.125,ITI,ITI,4.0,3.0,Global on,Safety-like,4.0,84.0,0.047619047619047616,3.0,0.125,ITI,ITI,4.0,3.0,Global on,Safety-like,-1.0,-0.014285714285714284,0.0,0.0,0.014285714285714284
8,18,3.0,3.0,Safety-like,Safety-like,1.0,54.0,0.018518518518518517,1.0,0.041666666666666664,ITI,ITI,3.0,3.0,Safety-like,Safety-like,2.0,61.0,0.03278688524590164,2.0,0.08333333333333333,ITI,CS+,3.0,3.0,Safety-like,Safety-like,-1.0,-0.014268366727383124,-1.0,-0.041666666666666664,0.014268366727383124
8,21,3.0,2.0,Safety-like,Threat-like,1.0,54.0,0.018518518518518517,1.0,0.041666666666666664,ITI,CS-,3.0,2.0,Safety-like,Threat-like,2.0,61.0,0.03278688524590164,2.0,0.08333333333333333,CS+,CS+,3.0,2.0,Safety-like,Threat-like,-1.0,-0.014268366727383124,-1.0,-0.041666666666666664,0.014268366727383124
13,22,2.0,4.0,Threat-like,Global on,1.0,113.0,0.008849557522123894,1.0,0.041666666666666664,ITI,ITI,2.0,4.0,Threat-like,Global on,3.0,130.0,0.023076923076923078,2.0,0.08333333333333333,CS+,ITI,2.0,4.0,Threat-like,Global on,-2.0,-0.014227365554799185,-1.0,-0.041666666666666664,0.014227365554799185
29,16,2.0,4.0,Threat-like,Global on,1.0,120.0,0.008333333333333333,1.0,0.041666666666666664,ITI,ITI,2.0,4.0,Threat-like,Global on,2.0,89.0,0.02247191011235955,2.0,0.08333333333333333,ITI,ITI,2.0,4.0,Threat-like,Global on,-1.0,-0.014138576779026217,-1.0,-0.041666666666666664,0.014138576779026217
14,15,2.0,2.0,Threat-like,Threat-like,1.0,71.0,0.014084507042253521,1.0,0.041666666666666664,CS+,CS+,0.0,0.0,0,0,0.0,0.0,0.0,0.0,0.0,0,0,2.0,2.0,Threat-like,Threat-like,1.0,0.014084507042253521,1.0,0.041666666666666664,0.014084507042253521
10,3,1.0,1.0,Global off,Global off,2.0,38.0,0.05263157894736842,2.0,0.08333333333333333,CS-,ITI,1.0,1.0,Global off,Global off,3.0,45.0,0.06666666666666667,2.0,0.08333333333333333,ITI,ITI,1.0,1.0,Global off,Global off,-1.0,-0.014035087719298248,0.0,0.0,0.014035087719298248
12,5,3.0,1.0,Safety-like,Global off,2.0,41.0,0.04878048780487805,1.0,0.041666666666666664,CS-,CS-,3.0,1.0,Safety-like,Global off,2.0,57.0,0.03508771929824561,2.0,0.08333333333333333,ITI,CS-,3.0,1.0,Safety-like,Global off,0.0,0.013692768506632438,-1.0,-0.041666666666666664,0.013692768506632438
12,18,3.0,3.0,Safety-like,Safety-like,2.0,41.0,0.04878048780487805,2.0,0.08333333333333333,CS+,CS+,3.0,3.0,Safety-like,Safety-like,2.0,57.0,0.03508771929824561,2.0,0.08333333333333333,CS+,CS-,3.0,3.0,Safety-like,Safety-like,0.0,0.013692768506632438,0.0,0.0,0.013692768506632438
12,13,3.0,2.0,Safety-like,Threat-like,2.0,41.0,0.04878048780487805,2.0,0.08333333333333333,CS-,CS-,3.0,2.0,Safety-like,Threat-like,2.0,57.0,0.03508771929824561,2.0,0.08333333333333333,CS+,CS+,3.0,2.0,Safety-like,Threat-like,0.0,0.013692768506632438,0.0,0.0,0.013692768506632438
32,4,4.0,3.0,Global on,Safety-like,8.0,200.0,0.04,5.0,0.20833333333333334,ITI,ITI,4.0,3.0,Global on,Safety-like,5.0,190.0,0.02631578947368421,4.0,0.16666666666666666,CS-,CS-,4.0,3.0,Global on,Safety-like,3.0,0.013684210526315792,1.0,0.041666666666666685,0.013684210526315792
9,11,1.0,1.0,Global off,Global off,1.0,74.0,0.013513513513513514,1.0,0.041666666666666664,CS+,ITI,0.0,0.0,0,0,0.0,0.0,0.0,0.0,0.0,0,0,1.0,1.0,Global off,Global off,1.0,0.013513513513513514,1.0,0.041666666666666664,0.013513513513513514
9,23,1.0,4.0,Global off,Global on,1.0,74.0,0.013513513513513514,1.0,0.041666666666666664,CS-,ITI,0.0,0.0,0,0,0.0,0.0,0.0,0.0,0.0,0,0,1.0,4.0,Global off,Global on,1.0,0.013513513513513514,1.0,0.041666666666666664,0.013513513513513514
13,8,2.0,3.0,Threat-like,Safety-like,5.0,113.0,0.04424778761061947,5.0,0.20833333333333334,ITI,ITI,2.0,3.0,Threat-like,Safety-like,4.0,130.0,0.03076923076923077,3.0,0.125,CS+,CS+,2.0,3.0,Threat-like,Safety-like,1.0,0.013478556841388697,2.0,0.08333333333333334,0.013478556841388697
28,5,0.0,0.0,0,0,0.0,0.0,0.0,0.0,0.0,0,0,4.0,1.0,Global on,Global off,1.0,76.0,0.013157894736842105,1.0,0.041666666666666664,CS+,CS+,4.0,1.0,Global on,Global off,-1.0,-0.013157894736842105,-1.0,-0.041666666666666664,0.013157894736842105
14,18,0.0,0.0,0,0,0.0,0.0,0.0,0.0,0.0,0,0,2.0,3.0,Threat-like,Safety-like,1.0,76.0,0.013157894736842105,1.0,0.041666666666666664,CS+,ITI,2.0,3.0,Threat-like,Safety-like,-1.0,-0.013157894736842105,-1.0,-0.041666666666666664,0.013157894736842105
13,27,2.0,4.0,Threat-like,Global on,2.0,113.0,0.017699115044247787,2.0,0.08333333333333333,CS+,CS+,2.0,4.0,Threat-like,Global on,4.0,130.0,0.03076923076923077,4.0,0.16666666666666666,ITI,ITI,2.0,4.0,Threat-like,Global on,-2.0,-0.013070115724982984,-2.0,-0.08333333333333333,0.013070115724982984
13,20,2.0,3.0,Threat-like,Safety-like,2.0,113.0,0.017699115044247787,2.0,0.08333333333333333,CS+,CS+,2.0,3.0,Threat-like,Safety-like,4.0,130.0,0.03076923076923077,4.0,0.16666666666666666,CS+,ITI,2.0,3.0,Threat-like,Safety-like,-2.0,-0.013070115724982984,-2.0,-0.08333333333333333,0.013070115724982984
1,10,1.0,1.0,Global off,Global off,4.0,196.0,0.02040816326530612,4.0,0.16666666666666666,ITI,CS+,1.0,1.0,Global off,Global off,6.0,180.0,0.03333333333333333,5.0,0.20833333333333334,ITI,ITI,1.0,1.0,Global off,Global off,-2.0,-0.012925170068027212,-1.0,-0.041666666666666685,0.012925170068027212
1,15,1.0,2.0,Global off,Threat-like,4.0,196.0,0.02040816326530612,4.0,0.16666666666666666,ITI,ITI,1.0,2.0,Global off,Threat-like,6.0,180.0,0.03333333333333333,5.0,0.20833333333333334,ITI,CS-,1.0,2.0,Global off,Threat-like,-2.0,-0.012925170068027212,-1.0,-0.041666666666666685,0.012925170068027212
8,32,3.0,4.0,Safety-like,Global on,6.0,54.0,0.1111111111111111,6.0,0.25,ITI,CS+,3.0,4.0,Safety-like,Global on,6.0,61.0,0.09836065573770492,5.0,0.20833333333333334,ITI,CS-,3.0,4.0,Safety-like,Global on,0.0,0.012750455373406189,1.0,0.04166666666666666,0.012750455373406189
16,24,4.0,4.0,Global on,Global on,1.0,90.0,0.011111111111111112,1.0,0.041666666666666664,ITI,ITI,4.0,4.0,Global on,Global on,2.0,84.0,0.023809523809523808,2.0,0.08333333333333333,CS+,CS+,4.0,4.0,Global on,Global on,-1.0,-0.012698412698412697,-1.0,-0.041666666666666664,0.012698412698412697
16,17,4.0,1.0,Global on,Global off,1.0,90.0,0.011111111111111112,1.0,0.041666666666666664,CS-,CS-,4.0,1.0,Global on,Global off,2.0,84.0,0.023809523809523808,2.0,0.08333333333333333,CS-,CS-,4.0,1.0,Global on,Global off,-1.0,-0.012698412698412697,-1.0,-0.041666666666666664,0.012698412698412697
16,7,4.0,1.0,Global on,Global off,1.0,90.0,0.011111111111111112,1.0,0.041666666666666664,ITI,ITI,4.0,1.0,Global on,Global off,2.0,84.0,0.023809523809523808,2.0,0.08333333333333333,CS-,CS-,4.0,1.0,Global on,Global off,-1.0,-0.012698412698412697,-1.0,-0.041666666666666664,0.012698412698412697
7,24,1.0,4.0,Global off,Global on,3.0,43.0,0.06976744186046512,3.0,0.125,ITI,ITI,1.0,4.0,Global off,Global on,2.0,35.0,0.05714285714285714,2.0,0.08333333333333333,CS-,CS-,1.0,4.0,Global off,Global on,1.0,0.012624584717607974,1.0,0.04166666666666667,0.012624584717607974
7,31,1.0,4.0,Global off,Global on,3.0,43.0,0.06976744186046512,3.0,0.125,CS+,ITI,1.0,4.0,Global off,Global on,2.0,35.0,0.05714285714285714,2.0,0.08333333333333333,CS-,ITI,1.0,4.0,Global off,Global on,1.0,0.012624584717607974,1.0,0.04166666666666667,0.012624584717607974
1,20,1.0,3.0,Global off,Safety-like,3.0,196.0,0.015306122448979591,3.0,0.125,ITI,ITI,1.0,3.0,Global off,Safety-like,5.0,180.0,0.027777777777777776,5.0,0.20833333333333334,ITI,ITI,1.0,3.0,Global off,Safety-like,-2.0,-0.012471655328798185,-2.0,-0.08333333333333334,0.012471655328798185
1,31,1.0,4.0,Global off,Global on,3.0,196.0,0.015306122448979591,3.0,0.125,ITI,ITI,1.0,4.0,Global off,Global on,5.0,180.0,0.027777777777777776,5.0,0.20833333333333334,ITI,ITI,1.0,4.0,Global off,Global on,-2.0,-0.012471655328798185,-2.0,-0.08333333333333334,0.012471655328798185
4,24,3.0,4.0,Safety-like,Global on,1.0,95.0,0.010526315789473684,1.0,0.041666666666666664,CS+,CS+,3.0,4.0,Safety-like,Global on,2.0,87.0,0.022988505747126436,2.0,0.08333333333333333,ITI,CS+,3.0,4.0,Safety-like,Global on,-1.0,-0.012462189957652752,-1.0,-0.041666666666666664,0.012462189957652752
4,19,3.0,3.0,Safety-like,Safety-like,1.0,95.0,0.010526315789473684,1.0,0.041666666666666664,ITI,CS+,3.0,3.0,Safety-like,Safety-like,2.0,87.0,0.022988505747126436,2.0,0.08333333333333333,CS-,CS+,3.0,3.0,Safety-like,Safety-like,-1.0,-0.012462189957652752,-1.0,-0.041666666666666664,0.012462189957652752
19,10,0.0,0.0,0,0,0.0,0.0,0.0,0.0,0.0,0,0,3.0,1.0,Safety-like,Global off,1.0,81.0,0.012345679012345678,1.0,0.041666666666666664,ITI,CS-,3.0,1.0,Safety-like,Global off,-1.0,-0.012345679012345678,-1.0,-0.041666666666666664,0.012345679012345678
19,11,0.0,0.0,0,0,0.0,0.0,0.0,0.0,0.0,0,0,3.0,1.0,Safety-like,Global off,1.0,81.0,0.012345679012345678,1.0,0.041666666666666664,ITI,ITI,3.0,1.0,Safety-like,Global off,-1.0,-0.012345679012345678,-1.0,-0.041666666666666664,0.012345679012345678
19,3,0.0,0.0,0,0,0.0,0.0,0.0,0.0,0.0,0,0,3.0,1.0,Safety-like,Global off,1.0,81.0,0.012345679012345678,1.0,0.041666666666666664,CS-,ITI,3.0,1.0,Safety-like,Global off,-1.0,-0.012345679012345678,-1.0,-0.041666666666666664,0.012345679012345678
19,9,0.0,0.0,0,0,0.0,0.0,0.0,0.0,0.0,0,0,3.0,1.0,Safety-like,Global off,1.0,81.0,0.012345679012345678,1.0,0.041666666666666664,ITI,ITI,3.0,1.0,Safety-like,Global off,-1.0,-0.012345679012345678,-1.0,-0.041666666666666664,0.012345679012345678
19,15,0.0,0.0,0,0,0.0,0.0,0.0,0.0,0.0,0,0,3.0,2.0,Safety-like,Threat-like,1.0,81.0,0.012345679012345678,1.0,0.041666666666666664,ITI,ITI,3.0,2.0,Safety-like,Threat-like,-1.0,-0.012345679012345678,-1.0,-0.041666666666666664,0.012345679012345678
13,7,2.0,1.0,Threat-like,Global off,4.0,113.0,0.035398230088495575,4.0,0.16666666666666666,CS+,ITI,2.0,1.0,Threat-like,Global off,3.0,130.0,0.023076923076923078,3.0,0.125,ITI,CS-,2.0,1.0,Threat-like,Global off,1.0,0.012321307011572497,1.0,0.04166666666666666,0.012321307011572497
13,17,2.0,1.0,Threat-like,Global off,4.0,113.0,0.035398230088495575,4.0,0.16666666666666666,CS-,ITI,2.0,1.0,Threat-like,Global off,3.0,130.0,0.023076923076923078,3.0,0.125,CS+,CS+,2.0,1.0,Threat-like,Global off,1.0,0.012321307011572497,1.0,0.04166666666666666,0.012321307011572497
5,14,1.0,2.0,Global off,Threat-like,5.0,85.0,0.058823529411764705,4.0,0.16666666666666666,CS+,CS+,1.0,2.0,Global off,Threat-like,4.0,86.0,0.046511627906976744,4.0,0.16666666666666666,ITI,CS-,1.0,2.0,Global off,Threat-like,1.0,0.012311901504787962,0.0,0.0,0.012311901504787962
15,9,2.0,1.0,Threat-like,Global off,2.0,30.0,0.06666666666666667,2.0,0.08333333333333333,CS-,CS+,2.0,1.0,Threat-like,Global off,3.0,38.0,0.07894736842105263,3.0,0.125,CS+,CS+,2.0,1.0,Threat-like,Global off,-1.0,-0.012280701754385961,-1.0,-0.04166666666666667,0.012280701754385961
14,20,2.0,3.0,Threat-like,Safety-like,1.0,71.0,0.014084507042253521,1.0,0.041666666666666664,CS+,CS+,2.0,3.0,Threat-like,Safety-like,2.0,76.0,0.02631578947368421,2.0,0.08333333333333333,CS+,CS+,2.0,3.0,Threat-like,Safety-like,-1.0,-0.012231282431430688,-1.0,-0.041666666666666664,0.012231282431430688
14,2,2.0,1.0,Threat-like,Global off,1.0,71.0,0.014084507042253521,1.0,0.041666666666666664,ITI,ITI,2.0,1.0,Threat-like,Global off,2.0,76.0,0.02631578947368421,2.0,0.08333333333333333,CS-,CS-,2.0,1.0,Threat-like,Global off,-1.0,-0.012231282431430688,-1.0,-0.041666666666666664,0.012231282431430688
14,8,2.0,3.0,Threat-like,Safety-like,1.0,71.0,0.014084507042253521,1.0,0.041666666666666664,CS-,ITI,2.0,3.0,Threat-like,Safety-like,2.0,76.0,0.02631578947368421,2.0,0.08333333333333333,CS+,CS+,2.0,3.0,Threat-like,Safety-like,-1.0,-0.012231282431430688,-1.0,-0.041666666666666664,0.012231282431430688
30,17,4.0,1.0,Global on,Global off,2.0,59.0,0.03389830508474576,2.0,0.08333333333333333,CS+,ITI,4.0,1.0,Global on,Global off,1.0,46.0,0.021739130434782608,1.0,0.041666666666666664,CS+,ITI,4.0,1.0,Global on,Global off,1.0,0.012159174649963155,1.0,0.041666666666666664,0.012159174649963155
30,14,4.0,2.0,Global on,Threat-like,2.0,59.0,0.03389830508474576,2.0,0.08333333333333333,CS-,CS-,4.0,2.0,Global on,Threat-like,1.0,46.0,0.021739130434782608,1.0,0.041666666666666664,ITI,ITI,4.0,2.0,Global on,Threat-like,1.0,0.012159174649963155,1.0,0.041666666666666664,0.012159174649963155
30,18,4.0,3.0,Global on,Safety-like,2.0,59.0,0.03389830508474576,1.0,0.041666666666666664,CS-,ITI,4.0,3.0,Global on,Safety-like,1.0,46.0,0.021739130434782608,1.0,0.041666666666666664,CS-,CS-,4.0,3.0,Global on,Safety-like,1.0,0.012159174649963155,0.0,0.0,0.012159174649963155
5,19,1.0,3.0,Global off,Safety-like,3.0,85.0,0.03529411764705882,3.0,0.125,CS+,ITI,1.0,3.0,Global off,Safety-like,2.0,86.0,0.023255813953488372,2.0,0.08333333333333333,CS-,ITI,1.0,3.0,Global off,Safety-like,1.0,0.012038303693570451,1.0,0.04166666666666667,0.012038303693570451
1,23,1.0,4.0,Global off,Global on,2.0,196.0,0.01020408163265306,2.0,0.08333333333333333,CS+,ITI,1.0,4.0,Global off,Global on,4.0,180.0,0.022222222222222223,4.0,0.16666666666666666,CS-,CS-,1.0,4.0,Global off,Global on,-2.0,-0.012018140589569163,-2.0,-0.08333333333333333,0.012018140589569163
17,19,1.0,3.0,Global off,Safety-like,7.0,94.0,0.07446808510638298,6.0,0.25,ITI,ITI,1.0,3.0,Global off,Safety-like,6.0,96.0,0.0625,4.0,0.16666666666666666,ITI,ITI,1.0,3.0,Global off,Safety-like,1.0,0.011968085106382975,2.0,0.08333333333333334,0.011968085106382975
16,3,0.0,0.0,0,0,0.0,0.0,0.0,0.0,0.0,0,0,4.0,1.0,Global on,Global off,1.0,84.0,0.011904761904761904,1.0,0.041666666666666664,CS+,CS+,4.0,1.0,Global on,Global off,-1.0,-0.011904761904761904,-1.0,-0.041666666666666664,0.011904761904761904
5,9,1.0,1.0,Global off,Global off,2.0,85.0,0.023529411764705882,2.0,0.08333333333333333,ITI,CS-,1.0,1.0,Global off,Global off,1.0,86.0,0.011627906976744186,1.0,0.041666666666666664,CS-,CS-,1.0,1.0,Global off,Global off,1.0,0.011901504787961696,1.0,0.041666666666666664,0.011901504787961696
5,28,1.0,4.0,Global off,Global on,2.0,85.0,0.023529411764705882,2.0,0.08333333333333333,CS+,ITI,1.0,4.0,Global off,Global on,1.0,86.0,0.011627906976744186,1.0,0.041666666666666664,ITI,CS-,1.0,4.0,Global off,Global on,1.0,0.011901504787961696,1.0,0.041666666666666664,0.011901504787961696
25,20,2.0,3.0,Threat-like,Safety-like,4.0,50.0,0.08,3.0,0.125,ITI,ITI,2.0,3.0,Threat-like,Safety-like,3.0,44.0,0.06818181818181818,3.0,0.125,CS-,ITI,2.0,3.0,Threat-like,Safety-like,1.0,0.011818181818181825,0.0,0.0,0.011818181818181825
17,31,1.0,4.0,Global off,Global on,6.0,94.0,0.06382978723404255,4.0,0.16666666666666666,ITI,ITI,1.0,4.0,Global off,Global on,5.0,96.0,0.052083333333333336,5.0,0.20833333333333334,ITI,ITI,1.0,4.0,Global off,Global on,1.0,0.011746453900709213,-1.0,-0.041666666666666685,0.011746453900709213
24,19,4.0,3.0,Global on,Safety-like,3.0,70.0,0.04285714285714286,3.0,0.125,CS+,ITI,4.0,3.0,Global on,Safety-like,3.0,55.0,0.05454545454545454,3.0,0.125,CS+,CS+,4.0,3.0,Global on,Safety-like,0.0,-0.011688311688311685,0.0,0.0,0.011688311688311685
24,4,4.0,3.0,Global on,Safety-like,3.0,70.0,0.04285714285714286,3.0,0.125,ITI,ITI,4.0,3.0,Global on,Safety-like,3.0,55.0,0.05454545454545454,3.0,0.125,ITI,CS-,4.0,3.0,Global on,Safety-like,0.0,-0.011688311688311685,0.0,0.0,0.011688311688311685
5,22,0.0,0.0,0,0,0.0,0.0,0.0,0.0,0.0,0,0,1.0,4.0,Global off,Global on,1.0,86.0,0.011627906976744186,1.0,0.041666666666666664,ITI,ITI,1.0,4.0,Global off,Global on,-1.0,-0.011627906976744186,-1.0,-0.041666666666666664,0.011627906976744186
29,21,2.0,2.0,Threat-like,Threat-like,4.0,120.0,0.03333333333333333,4.0,0.16666666666666666,ITI,CS-,2.0,2.0,Threat-like,Threat-like,4.0,89.0,0.0449438202247191,2.0,0.08333333333333333,ITI,ITI,2.0,2.0,Threat-like,Threat-like,0.0,-0.011610486891385767,2.0,0.08333333333333333,0.011610486891385767
5,24,1.0,4.0,Global off,Global on,1.0,85.0,0.011764705882352941,1.0,0.041666666666666664,CS-,CS-,1.0,4.0,Global off,Global on,2.0,86.0,0.023255813953488372,2.0,0.08333333333333333,CS+,ITI,1.0,4.0,Global off,Global on,-1.0,-0.01149110807113543,-1.0,-0.041666666666666664,0.01149110807113543
5,20,1.0,3.0,Global off,Safety-like,1.0,85.0,0.011764705882352941,1.0,0.041666666666666664,ITI,CS-,1.0,3.0,Global off,Safety-like,2.0,86.0,0.023255813953488372,2.0,0.08333333333333333,CS+,CS-,1.0,3.0,Global off,Safety-like,-1.0,-0.01149110807113543,-1.0,-0.041666666666666664,0.01149110807113543
5,18,1.0,3.0,Global off,Safety-like,1.0,85.0,0.011764705882352941,1.0,0.041666666666666664,ITI,ITI,1.0,3.0,Global off,Safety-like,2.0,86.0,0.023255813953488372,2.0,0.08333333333333333,ITI,CS+,1.0,3.0,Global off,Safety-like,-1.0,-0.01149110807113543,-1.0,-0.041666666666666664,0.01149110807113543
14,10,2.0,1.0,Threat-like,Global off,2.0,71.0,0.028169014084507043,2.0,0.08333333333333333,CS+,ITI,2.0,1.0,Threat-like,Global off,3.0,76.0,0.039473684210526314,3.0,0.125,ITI,CS+,2.0,1.0,Threat-like,Global off,-1.0,-0.01130467012601927,-1.0,-0.04166666666666667,0.01130467012601927
29,22,0.0,0.0,0,0,0.0,0.0,0.0,0.0,0.0,0,0,2.0,4.0,Threat-like,Global on,1.0,89.0,0.011235955056179775,1.0,0.041666666666666664,CS+,CS+,2.0,4.0,Threat-like,Global on,-1.0,-0.011235955056179775,-1.0,-0.041666666666666664,0.011235955056179775
29,11,0.0,0.0,0,0,0.0,0.0,0.0,0.0,0.0,0,0,2.0,1.0,Threat-like,Global off,1.0,89.0,0.011235955056179775,1.0,0.041666666666666664,ITI,CS-,2.0,1.0,Threat-like,Global off,-1.0,-0.011235955056179775,-1.0,-0.041666666666666664,0.011235955056179775
16,26,4.0,4.0,Global on,Global on,1.0,90.0,0.011111111111111112,1.0,0.041666666666666664,CS-,CS-,0.0,0.0,0,0,0.0,0.0,0.0,0.0,0.0,0,0,4.0,4.0,Global on,Global on,1.0,0.011111111111111112,1.0,0.041666666666666664,0.011111111111111112
16,18,4.0,3.0,Global on,Safety-like,1.0,90.0,0.011111111111111112,1.0,0.041666666666666664,CS+,ITI,0.0,0.0,0,0,0.0,0.0,0.0,0.0,0.0,0,0,4.0,3.0,Global on,Safety-like,1.0,0.011111111111111112,1.0,0.041666666666666664,0.011111111111111112
1,22,0.0,0.0,0,0,0.0,0.0,0.0,0.0,0.0,0,0,1.0,4.0,Global off,Global on,2.0,180.0,0.011111111111111112,2.0,0.08333333333333333,CS-,ITI,1.0,4.0,Global off,Global on,-2.0,-0.011111111111111112,-2.0,-0.08333333333333333,0.011111111111111112
17,23,1.0,4.0,Global off,Global on,3.0,94.0,0.031914893617021274,3.0,0.125,ITI,ITI,1.0,4.0,Global off,Global on,2.0,96.0,0.020833333333333332,2.0,0.08333333333333333,CS+,ITI,1.0,4.0,Global off,Global on,1.0,0.011081560283687942,1.0,0.04166666666666667,0.011081560283687942
17,28,1.0,4.0,Global off,Global on,3.0,94.0,0.031914893617021274,3.0,0.125,ITI,ITI,1.0,4.0,Global off,Global on,2.0,96.0,0.020833333333333332,2.0,0.08333333333333333,ITI,CS+,1.0,4.0,Global off,Global on,1.0,0.011081560283687942,1.0,0.04166666666666667,0.011081560283687942
29,10,2.0,1.0,Threat-like,Global off,4.0,120.0,0.03333333333333333,4.0,0.16666666666666666,ITI,CS-,2.0,1.0,Threat-like,Global off,2.0,89.0,0.02247191011235955,2.0,0.08333333333333333,ITI,ITI,2.0,1.0,Threat-like,Global off,2.0,0.010861423220973783,2.0,0.08333333333333333,0.010861423220973783
29,4,2.0,3.0,Threat-like,Safety-like,4.0,120.0,0.03333333333333333,4.0,0.16666666666666666,CS+,ITI,2.0,3.0,Threat-like,Safety-like,2.0,89.0,0.02247191011235955,2.0,0.08333333333333333,CS+,ITI,2.0,3.0,Threat-like,Safety-like,2.0,0.010861423220973783,2.0,0.08333333333333333,0.010861423220973783
29,20,2.0,3.0,Threat-like,Safety-like,4.0,120.0,0.03333333333333333,4.0,0.16666666666666666,ITI,CS+,2.0,3.0,Threat-like,Safety-like,2.0,89.0,0.02247191011235955,2.0,0.08333333333333333,CS+,CS+,2.0,3.0,Threat-like,Safety-like,2.0,0.010861423220973783,2.0,0.08333333333333333,0.010861423220973783
17,14,1.0,2.0,Global off,Threat-like,2.0,94.0,0.02127659574468085,2.0,0.08333333333333333,CS+,CS+,1.0,2.0,Global off,Threat-like,1.0,96.0,0.010416666666666666,1.0,0.041666666666666664,ITI,CS+,1.0,2.0,Global off,Threat-like,1.0,0.010859929078014184,1.0,0.041666666666666664,0.010859929078014184
17,24,1.0,4.0,Global off,Global on,2.0,94.0,0.02127659574468085,2.0,0.08333333333333333,CS+,ITI,1.0,4.0,Global off,Global on,1.0,96.0,0.010416666666666666,1.0,0.041666666666666664,ITI,ITI,1.0,4.0,Global off,Global on,1.0,0.010859929078014184,1.0,0.041666666666666664,0.010859929078014184
13,14,2.0,2.0,Threat-like,Threat-like,4.0,113.0,0.035398230088495575,4.0,0.16666666666666666,ITI,CS+,2.0,2.0,Threat-like,Threat-like,6.0,130.0,0.046153846153846156,6.0,0.25,ITI,CS+,2.0,2.0,Threat-like,Threat-like,-2.0,-0.010755616065350582,-2.0,-0.08333333333333334,0.010755616065350582
19,1,3.0,1.0,Safety-like,Global off,5.0,69.0,0.07246376811594203,5.0,0.20833333333333334,ITI,ITI,3.0,1.0,Safety-like,Global off,5.0,81.0,0.06172839506172839,4.0,0.16666666666666666,ITI,CS+,3.0,1.0,Safety-like,Global off,0.0,0.01073537305421364,1.0,0.041666666666666685,0.01073537305421364
19,28,3.0,4.0,Safety-like,Global on,5.0,69.0,0.07246376811594203,5.0,0.20833333333333334,ITI,CS-,3.0,4.0,Safety-like,Global on,5.0,81.0,0.06172839506172839,5.0,0.20833333333333334,ITI,ITI,3.0,4.0,Safety-like,Global on,0.0,0.01073537305421364,0.0,0.0,0.01073537305421364
19,17,3.0,1.0,Safety-like,Global off,5.0,69.0,0.07246376811594203,5.0,0.20833333333333334,ITI,ITI,3.0,1.0,Safety-like,Global off,5.0,81.0,0.06172839506172839,3.0,0.125,CS+,ITI,3.0,1.0,Safety-like,Global off,0.0,0.01073537305421364,2.0,0.08333333333333334,0.01073537305421364
12,17,3.0,1.0,Safety-like,Global off,1.0,41.0,0.024390243902439025,1.0,0.041666666666666664,ITI,ITI,3.0,1.0,Safety-like,Global off,2.0,57.0,0.03508771929824561,2.0,0.08333333333333333,CS-,ITI,3.0,1.0,Safety-like,Global off,-1.0,-0.010697475395806587,-1.0,-0.041666666666666664,0.010697475395806587
17,8,1.0,3.0,Global off,Safety-like,1.0,94.0,0.010638297872340425,1.0,0.041666666666666664,CS+,ITI,0.0,0.0,0,0,0.0,0.0,0.0,0.0,0.0,0,0,1.0,3.0,Global off,Safety-like,1.0,0.010638297872340425,1.0,0.041666666666666664,0.010638297872340425
7,4,1.0,3.0,Global off,Safety-like,2.0,43.0,0.046511627906976744,2.0,0.08333333333333333,CS+,CS-,1.0,3.0,Global off,Safety-like,2.0,35.0,0.05714285714285714,1.0,0.041666666666666664,ITI,ITI,1.0,3.0,Global off,Safety-like,0.0,-0.010631229235880398,1.0,0.041666666666666664,0.010631229235880398
4,30,3.0,4.0,Safety-like,Global on,1.0,95.0,0.010526315789473684,1.0,0.041666666666666664,ITI,CS+,0.0,0.0,0,0,0.0,0.0,0.0,0.0,0.0,0,0,3.0,4.0,Safety-like,Global on,1.0,0.010526315789473684,1.0,0.041666666666666664,0.010526315789473684
4,21,3.0,2.0,Safety-like,Threat-like,1.0,95.0,0.010526315789473684,1.0,0.041666666666666664,ITI,ITI,0.0,0.0,0,0,0.0,0.0,0.0,0.0,0.0,0,0,3.0,2.0,Safety-like,Threat-like,1.0,0.010526315789473684,1.0,0.041666666666666664,0.010526315789473684
17,30,0.0,0.0,0,0,0.0,0.0,0.0,0.0,0.0,0,0,1.0,4.0,Global off,Global on,1.0,96.0,0.010416666666666666,1.0,0.041666666666666664,ITI,ITI,1.0,4.0,Global off,Global on,-1.0,-0.010416666666666666,-1.0,-0.041666666666666664,0.010416666666666666
17,11,0.0,0.0,0,0,0.0,0.0,0.0,0.0,0.0,0,0,1.0,1.0,Global off,Global off,1.0,96.0,0.010416666666666666,1.0,0.041666666666666664,ITI,ITI,1.0,1.0,Global off,Global off,-1.0,-0.010416666666666666,-1.0,-0.041666666666666664,0.010416666666666666
17,25,0.0,0.0,0,0,0.0,0.0,0.0,0.0,0.0,0,0,1.0,2.0,Global off,Threat-like,1.0,96.0,0.010416666666666666,1.0,0.041666666666666664,ITI,CS+,1.0,2.0,Global off,Threat-like,-1.0,-0.010416666666666666,-1.0,-0.041666666666666664,0.010416666666666666
17,13,0.0,0.0,0,0,0.0,0.0,0.0,0.0,0.0,0,0,1.0,2.0,Global off,Threat-like,1.0,96.0,0.010416666666666666,1.0,0.041666666666666664,ITI,ITI,1.0,2.0,Global off,Threat-like,-1.0,-0.010416666666666666,-1.0,-0.041666666666666664,0.010416666666666666
17,7,0.0,0.0,0,0,0.0,0.0,0.0,0.0,0.0,0,0,1.0,1.0,Global off,Global off,1.0,96.0,0.010416666666666666,1.0,0.041666666666666664,ITI,CS+,1.0,1.0,Global off,Global off,-1.0,-0.010416666666666666,-1.0,-0.041666666666666664,0.010416666666666666
17,15,0.0,0.0,0,0,0.0,0.0,0.0,0.0,0.0,0,0,1.0,2.0,Global off,Threat-like,1.0,96.0,0.010416666666666666,1.0,0.041666666666666664,CS-,CS-,1.0,2.0,Global off,Threat-like,-1.0,-0.010416666666666666,-1.0,-0.041666666666666664,0.010416666666666666
4,20,3.0,3.0,Safety-like,Safety-like,13.0,95.0,0.1368421052631579,8.0,0.3333333333333333,ITI,ITI,3.0,3.0,Safety-like,Safety-like,11.0,87.0,0.12643678160919541,10.0,0.4166666666666667,ITI,ITI,3.0,3.0,Safety-like,Safety-like,2.0,0.01040532365396249,-2.0,-0.08333333333333337,0.01040532365396249
24,15,4.0,2.0,Global on,Threat-like,2.0,70.0,0.02857142857142857,2.0,0.08333333333333333,ITI,CS-,4.0,2.0,Global on,Threat-like,1.0,55.0,0.01818181818181818,1.0,0.041666666666666664,ITI,CS+,4.0,2.0,Global on,Threat-like,1.0,0.01038961038961039,1.0,0.041666666666666664,0.01038961038961039
24,18,4.0,3.0,Global on,Safety-like,2.0,70.0,0.02857142857142857,2.0,0.08333333333333333,ITI,CS+,4.0,3.0,Global on,Safety-like,1.0,55.0,0.01818181818181818,1.0,0.041666666666666664,ITI,CS-,4.0,3.0,Global on,Safety-like,1.0,0.01038961038961039,1.0,0.041666666666666664,0.01038961038961039
9,21,1.0,2.0,Global off,Threat-like,2.0,74.0,0.02702702702702703,2.0,0.08333333333333333,CS+,ITI,1.0,2.0,Global off,Threat-like,1.0,60.0,0.016666666666666666,1.0,0.041666666666666664,CS+,CS+,1.0,2.0,Global off,Threat-like,1.0,0.010360360360360362,1.0,0.041666666666666664,0.010360360360360362
9,8,1.0,3.0,Global off,Safety-like,2.0,74.0,0.02702702702702703,2.0,0.08333333333333333,CS+,ITI,1.0,3.0,Global off,Safety-like,1.0,60.0,0.016666666666666666,1.0,0.041666666666666664,ITI,ITI,1.0,3.0,Global off,Safety-like,1.0,0.010360360360360362,1.0,0.041666666666666664,0.010360360360360362
16,19,4.0,3.0,Global on,Safety-like,2.0,90.0,0.022222222222222223,2.0,0.08333333333333333,CS-,CS-,4.0,3.0,Global on,Safety-like,1.0,84.0,0.011904761904761904,1.0,0.041666666666666664,ITI,ITI,4.0,3.0,Global on,Safety-like,1.0,0.010317460317460319,1.0,0.041666666666666664,0.010317460317460319
16,9,4.0,1.0,Global on,Global off,2.0,90.0,0.022222222222222223,2.0,0.08333333333333333,CS-,CS-,4.0,1.0,Global on,Global off,1.0,84.0,0.011904761904761904,1.0,0.041666666666666664,CS-,ITI,4.0,1.0,Global on,Global off,1.0,0.010317460317460319,1.0,0.041666666666666664,0.010317460317460319
16,28,4.0,4.0,Global on,Global on,2.0,90.0,0.022222222222222223,2.0,0.08333333333333333,ITI,CS-,4.0,4.0,Global on,Global on,1.0,84.0,0.011904761904761904,1.0,0.041666666666666664,ITI,CS+,4.0,4.0,Global on,Global on,1.0,0.010317460317460319,1.0,0.041666666666666664,0.010317460317460319
6,32,1.0,4.0,Global off,Global on,2.0,30.0,0.06666666666666667,2.0,0.08333333333333333,CS+,ITI,1.0,4.0,Global off,Global on,2.0,26.0,0.07692307692307693,2.0,0.08333333333333333,CS-,CS-,1.0,4.0,Global off,Global on,0.0,-0.010256410256410262,0.0,0.0,0.010256410256410262
6,7,1.0,1.0,Global off,Global off,2.0,30.0,0.06666666666666667,2.0,0.08333333333333333,CS-,CS-,1.0,1.0,Global off,Global off,2.0,26.0,0.07692307692307693,1.0,0.041666666666666664,ITI,ITI,1.0,1.0,Global off,Global off,0.0,-0.010256410256410262,1.0,0.041666666666666664,0.010256410256410262
2,18,1.0,3.0,Global off,Safety-like,2.0,114.0,0.017543859649122806,2.0,0.08333333333333333,ITI,ITI,1.0,3.0,Global off,Safety-like,3.0,108.0,0.027777777777777776,3.0,0.125,ITI,ITI,1.0,3.0,Global off,Safety-like,-1.0,-0.01023391812865497,-1.0,-0.04166666666666667,0.01023391812865497
2,7,1.0,1.0,Global off,Global off,2.0,114.0,0.017543859649122806,2.0,0.08333333333333333,ITI,CS+,1.0,1.0,Global off,Global off,3.0,108.0,0.027777777777777776,2.0,0.08333333333333333,ITI,CS-,1.0,1.0,Global off,Global off,-1.0,-0.01023391812865497,0.0,0.0,0.01023391812865497
2,19,1.0,3.0,Global off,Safety-like,2.0,114.0,0.017543859649122806,2.0,0.08333333333333333,ITI,ITI,1.0,3.0,Global off,Safety-like,3.0,108.0,0.027777777777777776,2.0,0.08333333333333333,CS+,CS+,1.0,3.0,Global off,Safety-like,-1.0,-0.01023391812865497,0.0,0.0,0.01023391812865497
19,5,3.0,1.0,Safety-like,Global off,1.0,69.0,0.014492753623188406,1.0,0.041666666666666664,CS-,ITI,3.0,1.0,Safety-like,Global off,2.0,81.0,0.024691358024691357,1.0,0.041666666666666664,CS+,CS+,3.0,1.0,Safety-like,Global off,-1.0,-0.01019860440150295,0.0,0.0,0.01019860440150295
19,22,3.0,4.0,Safety-like,Global on,1.0,69.0,0.014492753623188406,1.0,0.041666666666666664,ITI,ITI,3.0,4.0,Safety-like,Global on,2.0,81.0,0.024691358024691357,2.0,0.08333333333333333,CS-,CS-,3.0,4.0,Safety-like,Global on,-1.0,-0.01019860440150295,-1.0,-0.041666666666666664,0.01019860440150295
17,27,1.0,4.0,Global off,Global on,1.0,94.0,0.010638297872340425,1.0,0.041666666666666664,ITI,ITI,1.0,4.0,Global off,Global on,2.0,96.0,0.020833333333333332,2.0,0.08333333333333333,ITI,CS-,1.0,4.0,Global off,Global on,-1.0,-0.010195035460992907,-1.0,-0.041666666666666664,0.010195035460992907
32,11,4.0,1.0,Global on,Global off,2.0,200.0,0.01,2.0,0.08333333333333333,ITI,ITI,0.0,0.0,0,0,0.0,0.0,0.0,0.0,0.0,0,0,4.0,1.0,Global on,Global off,2.0,0.01,2.0,0.08333333333333333,0.01
32,7,4.0,1.0,Global on,Global off,2.0,200.0,0.01,2.0,0.08333333333333333,ITI,CS-,0.0,0.0,0,0,0.0,0.0,0.0,0.0,0.0,0,0,4.0,1.0,Global on,Global off,2.0,0.01,2.0,0.08333333333333333,0.01
17,21,1.0,2.0,Global off,Threat-like,2.0,94.0,0.02127659574468085,2.0,0.08333333333333333,CS-,CS-,1.0,2.0,Global off,Threat-like,3.0,96.0,0.03125,3.0,0.125,ITI,ITI,1.0,2.0,Global off,Threat-like,-1.0,-0.00997340425531915,-1.0,-0.04166666666666667,0.00997340425531915
17,26,1.0,4.0,Global off,Global on,3.0,94.0,0.031914893617021274,3.0,0.125,ITI,ITI,1.0,4.0,Global off,Global on,4.0,96.0,0.041666666666666664,4.0,0.16666666666666666,ITI,CS+,1.0,4.0,Global off,Global on,-1.0,-0.00975177304964539,-1.0,-0.04166666666666666,0.00975177304964539
2,26,1.0,4.0,Global off,Global on,1.0,114.0,0.008771929824561403,1.0,0.041666666666666664,ITI,ITI,1.0,4.0,Global off,Global on,2.0,108.0,0.018518518518518517,2.0,0.08333333333333333,CS-,CS-,1.0,4.0,Global off,Global on,-1.0,-0.009746588693957114,-1.0,-0.041666666666666664,0.009746588693957114
32,12,4.0,3.0,Global on,Safety-like,3.0,200.0,0.015,3.0,0.125,CS+,ITI,4.0,3.0,Global on,Safety-like,1.0,190.0,0.005263157894736842,1.0,0.041666666666666664,CS+,CS+,4.0,3.0,Global on,Safety-like,2.0,0.009736842105263158,2.0,0.08333333333333334,0.009736842105263158
13,2,2.0,1.0,Threat-like,Global off,5.0,113.0,0.04424778761061947,5.0,0.20833333333333334,CS+,ITI,2.0,1.0,Threat-like,Global off,7.0,130.0,0.05384615384615385,6.0,0.25,ITI,ITI,2.0,1.0,Threat-like,Global off,-2.0,-0.00959836623553438,-1.0,-0.04166666666666666,0.00959836623553438
13,9,2.0,1.0,Threat-like,Global off,5.0,113.0,0.04424778761061947,5.0,0.20833333333333334,CS+,CS+,2.0,1.0,Threat-like,Global off,7.0,130.0,0.05384615384615385,6.0,0.25,ITI,CS+,2.0,1.0,Threat-like,Global off,-2.0,-0.00959836623553438,-1.0,-0.04166666666666666,0.00959836623553438
30,28,4.0,4.0,Global on,Global on,2.0,59.0,0.03389830508474576,2.0,0.08333333333333333,CS-,ITI,4.0,4.0,Global on,Global on,2.0,46.0,0.043478260869565216,2.0,0.08333333333333333,ITI,CS+,4.0,4.0,Global on,Global on,0.0,-0.009579955784819454,0.0,0.0,0.009579955784819454
30,24,4.0,4.0,Global on,Global on,2.0,59.0,0.03389830508474576,2.0,0.08333333333333333,CS+,CS+,4.0,4.0,Global on,Global on,2.0,46.0,0.043478260869565216,2.0,0.08333333333333333,CS-,CS-,4.0,4.0,Global on,Global on,0.0,-0.009579955784819454,0.0,0.0,0.009579955784819454
4,26,3.0,4.0,Safety-like,Global on,2.0,95.0,0.021052631578947368,2.0,0.08333333333333333,CS-,CS+,3.0,4.0,Safety-like,Global on,1.0,87.0,0.011494252873563218,1.0,0.041666666666666664,ITI,ITI,3.0,4.0,Safety-like,Global on,1.0,0.00955837870538415,1.0,0.041666666666666664,0.00955837870538415
31,4,4.0,3.0,Global on,Safety-like,4.0,108.0,0.037037037037037035,3.0,0.125,CS+,ITI,4.0,3.0,Global on,Safety-like,3.0,109.0,0.027522935779816515,3.0,0.125,ITI,ITI,4.0,3.0,Global on,Safety-like,1.0,0.00951410125722052,0.0,0.0,0.00951410125722052
32,21,4.0,2.0,Global on,Threat-like,4.0,200.0,0.02,4.0,0.16666666666666666,ITI,CS+,4.0,2.0,Global on,Threat-like,2.0,190.0,0.010526315789473684,1.0,0.041666666666666664,CS-,CS-,4.0,2.0,Global on,Threat-like,2.0,0.009473684210526316,3.0,0.125,0.009473684210526316
9,29,1.0,2.0,Global off,Threat-like,3.0,74.0,0.04054054054054054,3.0,0.125,CS+,CS+,1.0,2.0,Global off,Threat-like,3.0,60.0,0.05,3.0,0.125,ITI,ITI,1.0,2.0,Global off,Threat-like,0.0,-0.00945945945945946,0.0,0.0,0.00945945945945946
31,19,4.0,3.0,Global on,Safety-like,3.0,108.0,0.027777777777777776,3.0,0.125,ITI,CS-,4.0,3.0,Global on,Safety-like,2.0,109.0,0.01834862385321101,2.0,0.08333333333333333,CS-,CS-,4.0,3.0,Global on,Safety-like,1.0,0.009429153924566766,1.0,0.04166666666666667,0.009429153924566766
31,11,4.0,1.0,Global on,Global off,1.0,108.0,0.009259259259259259,1.0,0.041666666666666664,ITI,CS+,0.0,0.0,0,0,0.0,0.0,0.0,0.0,0.0,0,0,4.0,1.0,Global on,Global off,1.0,0.009259259259259259,1.0,0.041666666666666664,0.009259259259259259
31,14,4.0,2.0,Global on,Threat-like,1.0,108.0,0.009259259259259259,1.0,0.041666666666666664,CS-,ITI,4.0,2.0,Global on,Threat-like,2.0,109.0,0.01834862385321101,2.0,0.08333333333333333,CS+,CS+,4.0,2.0,Global on,Threat-like,-1.0,-0.009089364593951751,-1.0,-0.041666666666666664,0.009089364593951751
31,22,4.0,4.0,Global on,Global on,1.0,108.0,0.009259259259259259,1.0,0.041666666666666664,ITI,CS-,4.0,4.0,Global on,Global on,2.0,109.0,0.01834862385321101,2.0,0.08333333333333333,ITI,ITI,4.0,4.0,Global on,Global on,-1.0,-0.009089364593951751,-1.0,-0.041666666666666664,0.009089364593951751
31,10,4.0,1.0,Global on,Global off,1.0,108.0,0.009259259259259259,1.0,0.041666666666666664,ITI,ITI,4.0,1.0,Global on,Global off,2.0,109.0,0.01834862385321101,2.0,0.08333333333333333,CS+,CS+,4.0,1.0,Global on,Global off,-1.0,-0.009089364593951751,-1.0,-0.041666666666666664,0.009089364593951751
20,4,3.0,3.0,Safety-like,Safety-like,11.0,128.0,0.0859375,7.0,0.2916666666666667,ITI,ITI,3.0,3.0,Safety-like,Safety-like,10.0,130.0,0.07692307692307693,7.0,0.2916666666666667,ITI,ITI,3.0,3.0,Safety-like,Safety-like,1.0,0.009014423076923073,0.0,0.0,0.009014423076923073
31,27,4.0,4.0,Global on,Global on,2.0,108.0,0.018518518518518517,2.0,0.08333333333333333,ITI,ITI,4.0,4.0,Global on,Global on,3.0,109.0,0.027522935779816515,3.0,0.125,ITI,ITI,4.0,4.0,Global on,Global on,-1.0,-0.009004417261297998,-1.0,-0.04166666666666667,0.009004417261297998
31,18,4.0,3.0,Global on,Safety-like,2.0,108.0,0.018518518518518517,2.0,0.08333333333333333,ITI,CS-,4.0,3.0,Global on,Safety-like,3.0,109.0,0.027522935779816515,3.0,0.125,ITI,ITI,4.0,3.0,Global on,Safety-like,-1.0,-0.009004417261297998,-1.0,-0.04166666666666667,0.009004417261297998
31,21,4.0,2.0,Global on,Threat-like,2.0,108.0,0.018518518518518517,2.0,0.08333333333333333,CS-,CS-,4.0,2.0,Global on,Threat-like,3.0,109.0,0.027522935779816515,2.0,0.08333333333333333,ITI,ITI,4.0,2.0,Global on,Threat-like,-1.0,-0.009004417261297998,0.0,0.0,0.009004417261297998
32,25,4.0,2.0,Global on,Threat-like,6.0,200.0,0.03,5.0,0.20833333333333334,ITI,ITI,4.0,2.0,Global on,Threat-like,4.0,190.0,0.021052631578947368,4.0,0.16666666666666666,CS-,ITI,4.0,2.0,Global on,Threat-like,2.0,0.008947368421052631,1.0,0.041666666666666685,0.008947368421052631
13,25,2.0,2.0,Threat-like,Threat-like,1.0,113.0,0.008849557522123894,1.0,0.041666666666666664,ITI,CS-,0.0,0.0,0,0,0.0,0.0,0.0,0.0,0.0,0,0,2.0,2.0,Threat-like,Threat-like,1.0,0.008849557522123894,1.0,0.041666666666666664,0.008849557522123894
28,25,4.0,2.0,Global on,Threat-like,5.0,67.0,0.07462686567164178,3.0,0.125,ITI,ITI,4.0,2.0,Global on,Threat-like,5.0,76.0,0.06578947368421052,5.0,0.20833333333333334,ITI,ITI,4.0,2.0,Global on,Threat-like,0.0,0.008837391987431262,-2.0,-0.08333333333333334,0.008837391987431262
2,28,1.0,4.0,Global off,Global on,1.0,114.0,0.008771929824561403,1.0,0.041666666666666664,ITI,CS-,0.0,0.0,0,0,0.0,0.0,0.0,0.0,0.0,0,0,1.0,4.0,Global off,Global on,1.0,0.008771929824561403,1.0,0.041666666666666664,0.008771929824561403
2,29,1.0,2.0,Global off,Threat-like,1.0,114.0,0.008771929824561403,1.0,0.041666666666666664,ITI,ITI,0.0,0.0,0,0,0.0,0.0,0.0,0.0,0.0,0,0,1.0,2.0,Global off,Threat-like,1.0,0.008771929824561403,1.0,0.041666666666666664,0.008771929824561403
4,5,3.0,1.0,Safety-like,Global off,3.0,95.0,0.031578947368421054,2.0,0.08333333333333333,CS+,CS+,3.0,1.0,Safety-like,Global off,2.0,87.0,0.022988505747126436,2.0,0.08333333333333333,ITI,CS-,3.0,1.0,Safety-like,Global off,1.0,0.008590441621294617,0.0,0.0,0.008590441621294617
8,5,3.0,1.0,Safety-like,Global off,4.0,54.0,0.07407407407407407,4.0,0.16666666666666666,ITI,CS-,3.0,1.0,Safety-like,Global off,4.0,61.0,0.06557377049180328,4.0,0.16666666666666666,CS+,CS+,3.0,1.0,Safety-like,Global off,0.0,0.008500303582270788,0.0,0.0,0.008500303582270788
20,27,3.0,4.0,Safety-like,Global on,6.0,128.0,0.046875,5.0,0.20833333333333334,ITI,ITI,3.0,4.0,Safety-like,Global on,5.0,130.0,0.038461538461538464,4.0,0.16666666666666666,ITI,ITI,3.0,4.0,Safety-like,Global on,1.0,0.008413461538461536,1.0,0.041666666666666685,0.008413461538461536
29,23,2.0,4.0,Threat-like,Global on,1.0,120.0,0.008333333333333333,1.0,0.041666666666666664,CS+,ITI,0.0,0.0,0,0,0.0,0.0,0.0,0.0,0.0,0,0,2.0,4.0,Threat-like,Global on,1.0,0.008333333333333333,1.0,0.041666666666666664,0.008333333333333333
2,21,1.0,2.0,Global off,Threat-like,2.0,114.0,0.017543859649122806,2.0,0.08333333333333333,CS-,CS+,1.0,2.0,Global off,Threat-like,1.0,108.0,0.009259259259259259,1.0,0.041666666666666664,ITI,ITI,1.0,2.0,Global off,Threat-like,1.0,0.008284600389863547,1.0,0.041666666666666664,0.008284600389863547
2,11,1.0,1.0,Global off,Global off,2.0,114.0,0.017543859649122806,2.0,0.08333333333333333,CS+,CS+,1.0,1.0,Global off,Global off,1.0,108.0,0.009259259259259259,1.0,0.041666666666666664,ITI,CS+,1.0,1.0,Global off,Global off,1.0,0.008284600389863547,1.0,0.041666666666666664,0.008284600389863547
10,29,1.0,2.0,Global off,Threat-like,2.0,38.0,0.05263157894736842,2.0,0.08333333333333333,CS+,CS+,1.0,2.0,Global off,Threat-like,2.0,45.0,0.044444444444444446,2.0,0.08333333333333333,CS+,CS+,1.0,2.0,Global off,Threat-like,0.0,0.008187134502923972,0.0,0.0,0.008187134502923972
10,16,1.0,4.0,Global off,Global on,2.0,38.0,0.05263157894736842,2.0,0.08333333333333333,ITI,CS+,1.0,4.0,Global off,Global on,2.0,45.0,0.044444444444444446,2.0,0.08333333333333333,CS-,CS-,1.0,4.0,Global off,Global on,0.0,0.008187134502923972,0.0,0.0,0.008187134502923972
10,17,1.0,1.0,Global off,Global off,2.0,38.0,0.05263157894736842,2.0,0.08333333333333333,CS+,ITI,1.0,1.0,Global off,Global off,2.0,45.0,0.044444444444444446,1.0,0.041666666666666664,ITI,CS-,1.0,1.0,Global off,Global off,0.0,0.008187134502923972,1.0,0.041666666666666664,0.008187134502923972
20,21,3.0,2.0,Safety-like,Threat-like,4.0,128.0,0.03125,4.0,0.16666666666666666,ITI,CS+,3.0,2.0,Safety-like,Threat-like,3.0,130.0,0.023076923076923078,3.0,0.125,ITI,ITI,3.0,2.0,Safety-like,Threat-like,1.0,0.008173076923076922,1.0,0.04166666666666666,0.008173076923076922
20,23,3.0,4.0,Safety-like,Global on,4.0,128.0,0.03125,3.0,0.125,ITI,ITI,3.0,4.0,Safety-like,Global on,3.0,130.0,0.023076923076923078,3.0,0.125,ITI,ITI,3.0,4.0,Safety-like,Global on,1.0,0.008173076923076922,0.0,0.0,0.008173076923076922
20,18,3.0,3.0,Safety-like,Safety-like,3.0,128.0,0.0234375,3.0,0.125,ITI,ITI,3.0,3.0,Safety-like,Safety-like,2.0,130.0,0.015384615384615385,2.0,0.08333333333333333,CS-,CS-,3.0,3.0,Safety-like,Safety-like,1.0,0.008052884615384615,1.0,0.04166666666666667,0.008052884615384615
20,25,3.0,2.0,Safety-like,Threat-like,3.0,128.0,0.0234375,3.0,0.125,ITI,ITI,3.0,2.0,Safety-like,Threat-like,2.0,130.0,0.015384615384615385,2.0,0.08333333333333333,ITI,CS+,3.0,2.0,Safety-like,Threat-like,1.0,0.008052884615384615,1.0,0.04166666666666667,0.008052884615384615
19,25,3.0,2.0,Safety-like,Threat-like,2.0,69.0,0.028985507246376812,2.0,0.08333333333333333,ITI,CS-,3.0,2.0,Safety-like,Threat-like,3.0,81.0,0.037037037037037035,3.0,0.125,ITI,ITI,3.0,2.0,Safety-like,Threat-like,-1.0,-0.008051529790660223,-1.0,-0.04166666666666667,0.008051529790660223
1,6,1.0,1.0,Global off,Global off,7.0,196.0,0.03571428571428571,6.0,0.25,ITI,ITI,1.0,1.0,Global off,Global off,5.0,180.0,0.027777777777777776,4.0,0.16666666666666666,ITI,ITI,1.0,1.0,Global off,Global off,2.0,0.007936507936507936,2.0,0.08333333333333334,0.007936507936507936
20,10,3.0,1.0,Safety-like,Global off,1.0,128.0,0.0078125,1.0,0.041666666666666664,CS+,ITI,0.0,0.0,0,0,0.0,0.0,0.0,0.0,0.0,0,0,3.0,1.0,Safety-like,Global off,1.0,0.0078125,1.0,0.041666666666666664,0.0078125
20,15,3.0,2.0,Safety-like,Threat-like,1.0,128.0,0.0078125,1.0,0.041666666666666664,ITI,CS-,0.0,0.0,0,0,0.0,0.0,0.0,0.0,0.0,0,0,3.0,2.0,Safety-like,Threat-like,1.0,0.0078125,1.0,0.041666666666666664,0.0078125
2,16,1.0,4.0,Global off,Global on,3.0,114.0,0.02631578947368421,3.0,0.125,CS+,ITI,1.0,4.0,Global off,Global on,2.0,108.0,0.018518518518518517,2.0,0.08333333333333333,CS-,ITI,1.0,4.0,Global off,Global on,1.0,0.007797270955165692,1.0,0.04166666666666667,0.007797270955165692
13,11,0.0,0.0,0,0,0.0,0.0,0.0,0.0,0.0,0,0,2.0,1.0,Threat-like,Global off,1.0,130.0,0.007692307692307693,1.0,0.041666666666666664,CS-,ITI,2.0,1.0,Threat-like,Global off,-1.0,-0.007692307692307693,-1.0,-0.041666666666666664,0.007692307692307693
20,22,3.0,4.0,Safety-like,Global on,1.0,128.0,0.0078125,1.0,0.041666666666666664,ITI,CS-,3.0,4.0,Safety-like,Global on,2.0,130.0,0.015384615384615385,2.0,0.08333333333333333,CS+,ITI,3.0,4.0,Safety-like,Global on,-1.0,-0.0075721153846153855,-1.0,-0.041666666666666664,0.0075721153846153855
30,2,4.0,1.0,Global on,Global off,3.0,59.0,0.05084745762711865,2.0,0.08333333333333333,CS+,ITI,4.0,1.0,Global on,Global off,2.0,46.0,0.043478260869565216,2.0,0.08333333333333333,CS+,ITI,4.0,1.0,Global on,Global off,1.0,0.007369196757553431,0.0,0.0,0.007369196757553431
32,24,4.0,4.0,Global on,Global on,8.0,200.0,0.04,7.0,0.2916666666666667,CS+,ITI,4.0,4.0,Global on,Global on,9.0,190.0,0.04736842105263158,7.0,0.2916666666666667,ITI,ITI,4.0,4.0,Global on,Global on,-1.0,-0.00736842105263158,0.0,0.0,0.00736842105263158
32,16,4.0,4.0,Global on,Global on,12.0,200.0,0.06,8.0,0.3333333333333333,CS-,ITI,4.0,4.0,Global on,Global on,10.0,190.0,0.05263157894736842,8.0,0.3333333333333333,CS+,ITI,4.0,4.0,Global on,Global on,2.0,0.00736842105263158,0.0,0.0,0.00736842105263158
11,1,1.0,1.0,Global off,Global off,2.0,17.0,0.11764705882352941,2.0,0.08333333333333333,CS+,CS-,1.0,1.0,Global off,Global off,2.0,16.0,0.125,2.0,0.08333333333333333,CS-,CS-,1.0,1.0,Global off,Global off,0.0,-0.00735294117647059,0.0,0.0,0.00735294117647059
13,1,2.0,1.0,Threat-like,Global off,13.0,113.0,0.11504424778761062,10.0,0.4166666666666667,ITI,CS-,2.0,1.0,Threat-like,Global off,14.0,130.0,0.1076923076923077,9.0,0.375,CS+,ITI,2.0,1.0,Threat-like,Global off,-1.0,0.00735194009530292,1.0,0.041666666666666685,0.00735194009530292
20,14,3.0,2.0,Safety-like,Threat-like,3.0,128.0,0.0234375,2.0,0.08333333333333333,ITI,CS+,3.0,2.0,Safety-like,Threat-like,4.0,130.0,0.03076923076923077,3.0,0.125,ITI,CS-,3.0,2.0,Safety-like,Threat-like,-1.0,-0.007331730769230771,-1.0,-0.04166666666666667,0.007331730769230771
2,30,1.0,4.0,Global off,Global on,4.0,114.0,0.03508771929824561,4.0,0.16666666666666666,ITI,ITI,1.0,4.0,Global off,Global on,3.0,108.0,0.027777777777777776,3.0,0.125,CS+,CS+,1.0,4.0,Global off,Global on,1.0,0.007309941520467836,1.0,0.04166666666666666,0.007309941520467836
20,2,3.0,1.0,Safety-like,Global off,4.0,128.0,0.03125,4.0,0.16666666666666666,CS+,CS+,3.0,1.0,Safety-like,Global off,5.0,130.0,0.038461538461538464,4.0,0.16666666666666666,CS+,CS+,3.0,1.0,Safety-like,Global off,-1.0,-0.007211538461538464,0.0,0.0,0.007211538461538464
20,30,3.0,4.0,Safety-like,Global on,4.0,128.0,0.03125,4.0,0.16666666666666666,ITI,ITI,3.0,4.0,Safety-like,Global on,5.0,130.0,0.038461538461538464,4.0,0.16666666666666666,ITI,CS-,3.0,4.0,Safety-like,Global on,-1.0,-0.007211538461538464,0.0,0.0,0.007211538461538464
9,10,1.0,1.0,Global off,Global off,3.0,74.0,0.04054054054054054,3.0,0.125,CS+,CS+,1.0,1.0,Global off,Global off,2.0,60.0,0.03333333333333333,2.0,0.08333333333333333,CS+,CS+,1.0,1.0,Global off,Global off,1.0,0.00720720720720721,1.0,0.04166666666666667,0.00720720720720721
32,2,4.0,1.0,Global on,Global off,7.0,200.0,0.035,7.0,0.2916666666666667,CS+,ITI,4.0,1.0,Global on,Global off,8.0,190.0,0.042105263157894736,5.0,0.20833333333333334,ITI,ITI,4.0,1.0,Global on,Global off,-1.0,-0.0071052631578947326,2.0,0.08333333333333334,0.0071052631578947326
28,17,4.0,1.0,Global on,Global off,4.0,67.0,0.05970149253731343,3.0,0.125,CS-,ITI,4.0,1.0,Global on,Global off,4.0,76.0,0.05263157894736842,4.0,0.16666666666666666,ITI,ITI,4.0,1.0,Global on,Global off,0.0,0.0070699135899450136,-1.0,-0.04166666666666666,0.0070699135899450136
28,1,4.0,1.0,Global on,Global off,4.0,67.0,0.05970149253731343,2.0,0.08333333333333333,ITI,ITI,4.0,1.0,Global on,Global off,4.0,76.0,0.05263157894736842,4.0,0.16666666666666666,ITI,CS-,4.0,1.0,Global on,Global off,0.0,0.0070699135899450136,-2.0,-0.08333333333333333,0.0070699135899450136
1,32,1.0,4.0,Global off,Global on,9.0,196.0,0.04591836734693878,8.0,0.3333333333333333,ITI,CS-,1.0,4.0,Global off,Global on,7.0,180.0,0.03888888888888889,7.0,0.2916666666666667,ITI,ITI,1.0,4.0,Global off,Global on,2.0,0.007029478458049888,1.0,0.04166666666666663,0.007029478458049888
1,8,1.0,3.0,Global off,Safety-like,9.0,196.0,0.04591836734693878,9.0,0.375,ITI,ITI,1.0,3.0,Global off,Safety-like,7.0,180.0,0.03888888888888889,6.0,0.25,CS-,CS-,1.0,3.0,Global off,Safety-like,2.0,0.007029478458049888,3.0,0.125,0.007029478458049888
1,16,1.0,4.0,Global off,Global on,9.0,196.0,0.04591836734693878,7.0,0.2916666666666667,ITI,ITI,1.0,4.0,Global off,Global on,7.0,180.0,0.03888888888888889,6.0,0.25,ITI,CS-,1.0,4.0,Global off,Global on,2.0,0.007029478458049888,1.0,0.041666666666666685,0.007029478458049888
15,3,2.0,1.0,Threat-like,Global off,1.0,30.0,0.03333333333333333,1.0,0.041666666666666664,ITI,CS-,2.0,1.0,Threat-like,Global off,1.0,38.0,0.02631578947368421,1.0,0.041666666666666664,ITI,CS+,2.0,1.0,Threat-like,Global off,0.0,0.007017543859649124,0.0,0.0,0.007017543859649124
15,19,2.0,3.0,Threat-like,Safety-like,1.0,30.0,0.03333333333333333,1.0,0.041666666666666664,ITI,ITI,2.0,3.0,Threat-like,Safety-like,1.0,38.0,0.02631578947368421,1.0,0.041666666666666664,ITI,ITI,2.0,3.0,Threat-like,Safety-like,0.0,0.007017543859649124,0.0,0.0,0.007017543859649124
15,20,2.0,3.0,Threat-like,Safety-like,1.0,30.0,0.03333333333333333,1.0,0.041666666666666664,CS+,ITI,2.0,3.0,Threat-like,Safety-like,1.0,38.0,0.02631578947368421,1.0,0.041666666666666664,CS-,CS-,2.0,3.0,Threat-like,Safety-like,0.0,0.007017543859649124,0.0,0.0,0.007017543859649124
15,2,2.0,1.0,Threat-like,Global off,1.0,30.0,0.03333333333333333,1.0,0.041666666666666664,ITI,ITI,2.0,1.0,Threat-like,Global off,1.0,38.0,0.02631578947368421,1.0,0.041666666666666664,CS+,ITI,2.0,1.0,Threat-like,Global off,0.0,0.007017543859649124,0.0,0.0,0.007017543859649124
27,1,4.0,1.0,Global on,Global off,1.0,38.0,0.02631578947368421,1.0,0.041666666666666664,CS-,ITI,4.0,1.0,Global on,Global off,1.0,30.0,0.03333333333333333,1.0,0.041666666666666664,ITI,ITI,4.0,1.0,Global on,Global off,0.0,-0.007017543859649124,0.0,0.0,0.007017543859649124
15,17,2.0,1.0,Threat-like,Global off,1.0,30.0,0.03333333333333333,1.0,0.041666666666666664,CS-,CS-,2.0,1.0,Threat-like,Global off,1.0,38.0,0.02631578947368421,1.0,0.041666666666666664,CS-,CS-,2.0,1.0,Threat-like,Global off,0.0,0.007017543859649124,0.0,0.0,0.007017543859649124
12,24,3.0,4.0,Safety-like,Global on,1.0,41.0,0.024390243902439025,1.0,0.041666666666666664,CS+,CS+,3.0,4.0,Safety-like,Global on,1.0,57.0,0.017543859649122806,1.0,0.041666666666666664,ITI,CS-,3.0,4.0,Safety-like,Global on,0.0,0.006846384253316219,0.0,0.0,0.006846384253316219
12,26,3.0,4.0,Safety-like,Global on,1.0,41.0,0.024390243902439025,1.0,0.041666666666666664,CS+,CS+,3.0,4.0,Safety-like,Global on,1.0,57.0,0.017543859649122806,1.0,0.041666666666666664,CS-,ITI,3.0,4.0,Safety-like,Global on,0.0,0.006846384253316219,0.0,0.0,0.006846384253316219
12,31,3.0,4.0,Safety-like,Global on,1.0,41.0,0.024390243902439025,1.0,0.041666666666666664,ITI,CS-,3.0,4.0,Safety-like,Global on,1.0,57.0,0.017543859649122806,1.0,0.041666666666666664,ITI,CS+,3.0,4.0,Safety-like,Global on,0.0,0.006846384253316219,0.0,0.0,0.006846384253316219
12,3,3.0,1.0,Safety-like,Global off,1.0,41.0,0.024390243902439025,1.0,0.041666666666666664,ITI,ITI,3.0,1.0,Safety-like,Global off,1.0,57.0,0.017543859649122806,1.0,0.041666666666666664,CS+,ITI,3.0,1.0,Safety-like,Global off,0.0,0.006846384253316219,0.0,0.0,0.006846384253316219
12,19,3.0,3.0,Safety-like,Safety-like,1.0,41.0,0.024390243902439025,1.0,0.041666666666666664,ITI,ITI,3.0,3.0,Safety-like,Safety-like,1.0,57.0,0.017543859649122806,1.0,0.041666666666666664,ITI,ITI,3.0,3.0,Safety-like,Safety-like,0.0,0.006846384253316219,0.0,0.0,0.006846384253316219
12,27,3.0,4.0,Safety-like,Global on,1.0,41.0,0.024390243902439025,1.0,0.041666666666666664,ITI,ITI,3.0,4.0,Safety-like,Global on,1.0,57.0,0.017543859649122806,1.0,0.041666666666666664,ITI,ITI,3.0,4.0,Safety-like,Global on,0.0,0.006846384253316219,0.0,0.0,0.006846384253316219
12,4,3.0,3.0,Safety-like,Safety-like,1.0,41.0,0.024390243902439025,1.0,0.041666666666666664,ITI,ITI,3.0,3.0,Safety-like,Safety-like,1.0,57.0,0.017543859649122806,1.0,0.041666666666666664,ITI,CS-,3.0,3.0,Safety-like,Safety-like,0.0,0.006846384253316219,0.0,0.0,0.006846384253316219
12,8,3.0,3.0,Safety-like,Safety-like,1.0,41.0,0.024390243902439025,1.0,0.041666666666666664,CS-,ITI,3.0,3.0,Safety-like,Safety-like,1.0,57.0,0.017543859649122806,1.0,0.041666666666666664,ITI,ITI,3.0,3.0,Safety-like,Safety-like,0.0,0.006846384253316219,0.0,0.0,0.006846384253316219
12,15,3.0,2.0,Safety-like,Threat-like,1.0,41.0,0.024390243902439025,1.0,0.041666666666666664,ITI,ITI,3.0,2.0,Safety-like,Threat-like,1.0,57.0,0.017543859649122806,1.0,0.041666666666666664,ITI,CS+,3.0,2.0,Safety-like,Threat-like,0.0,0.006846384253316219,0.0,0.0,0.006846384253316219
12,14,3.0,2.0,Safety-like,Threat-like,1.0,41.0,0.024390243902439025,1.0,0.041666666666666664,ITI,CS+,3.0,2.0,Safety-like,Threat-like,1.0,57.0,0.017543859649122806,1.0,0.041666666666666664,CS+,CS+,3.0,2.0,Safety-like,Threat-like,0.0,0.006846384253316219,0.0,0.0,0.006846384253316219
32,9,4.0,1.0,Global on,Global off,6.0,200.0,0.03,5.0,0.20833333333333334,CS+,ITI,4.0,1.0,Global on,Global off,7.0,190.0,0.03684210526315789,6.0,0.25,CS+,CS-,4.0,1.0,Global on,Global off,-1.0,-0.006842105263157892,-1.0,-0.04166666666666666,0.006842105263157892
13,18,2.0,3.0,Threat-like,Safety-like,1.0,113.0,0.008849557522123894,1.0,0.041666666666666664,ITI,ITI,2.0,3.0,Threat-like,Safety-like,2.0,130.0,0.015384615384615385,1.0,0.041666666666666664,CS-,CS-,2.0,3.0,Threat-like,Safety-like,-1.0,-0.006535057862491492,0.0,0.0,0.006535057862491492
24,21,4.0,2.0,Global on,Threat-like,3.0,70.0,0.04285714285714286,3.0,0.125,CS-,ITI,4.0,2.0,Global on,Threat-like,2.0,55.0,0.03636363636363636,2.0,0.08333333333333333,CS+,CS+,4.0,2.0,Global on,Threat-like,1.0,0.006493506493506496,1.0,0.04166666666666667,0.006493506493506496
1,13,1.0,2.0,Global off,Threat-like,14.0,196.0,0.07142857142857142,13.0,0.5416666666666666,ITI,CS-,1.0,2.0,Global off,Threat-like,14.0,180.0,0.07777777777777778,11.0,0.4583333333333333,ITI,ITI,1.0,2.0,Global off,Threat-like,0.0,-0.006349206349206354,2.0,0.08333333333333331,0.006349206349206354
2,20,1.0,3.0,Global off,Safety-like,6.0,114.0,0.05263157894736842,6.0,0.25,CS+,ITI,1.0,3.0,Global off,Safety-like,5.0,108.0,0.046296296296296294,4.0,0.16666666666666666,CS+,ITI,1.0,3.0,Global off,Safety-like,1.0,0.006335282651072124,2.0,0.08333333333333334,0.006335282651072124
32,5,4.0,1.0,Global on,Global off,4.0,200.0,0.02,4.0,0.16666666666666666,CS+,ITI,4.0,1.0,Global on,Global off,5.0,190.0,0.02631578947368421,5.0,0.20833333333333334,ITI,CS+,4.0,1.0,Global on,Global off,-1.0,-0.006315789473684209,-1.0,-0.041666666666666685,0.006315789473684209
1,26,0.0,0.0,0,0,0.0,0.0,0.0,0.0,0.0,0,0,1.0,4.0,Global off,Global on,1.0,180.0,0.005555555555555556,1.0,0.041666666666666664,ITI,ITI,1.0,4.0,Global off,Global on,-1.0,-0.005555555555555556,-1.0,-0.041666666666666664,0.005555555555555556
29,8,2.0,3.0,Threat-like,Safety-like,2.0,120.0,0.016666666666666666,2.0,0.08333333333333333,ITI,CS-,2.0,3.0,Threat-like,Safety-like,1.0,89.0,0.011235955056179775,1.0,0.041666666666666664,CS-,CS-,2.0,3.0,Threat-like,Safety-like,1.0,0.0054307116104868915,1.0,0.041666666666666664,0.0054307116104868915
29,7,2.0,1.0,Threat-like,Global off,2.0,120.0,0.016666666666666666,2.0,0.08333333333333333,ITI,CS-,2.0,1.0,Threat-like,Global off,1.0,89.0,0.011235955056179775,1.0,0.041666666666666664,CS-,ITI,2.0,1.0,Threat-like,Global off,1.0,0.0054307116104868915,1.0,0.041666666666666664,0.0054307116104868915
29,26,2.0,4.0,Threat-like,Global on,2.0,120.0,0.016666666666666666,2.0,0.08333333333333333,CS-,ITI,2.0,4.0,Threat-like,Global on,1.0,89.0,0.011235955056179775,1.0,0.041666666666666664,CS-,CS-,2.0,4.0,Threat-like,Global on,1.0,0.0054307116104868915,1.0,0.041666666666666664,0.0054307116104868915
13,21,2.0,2.0,Threat-like,Threat-like,2.0,113.0,0.017699115044247787,2.0,0.08333333333333333,CS+,CS+,2.0,2.0,Threat-like,Threat-like,3.0,130.0,0.023076923076923078,3.0,0.125,CS+,ITI,2.0,2.0,Threat-like,Threat-like,-1.0,-0.005377808032675291,-1.0,-0.04166666666666667,0.005377808032675291
7,14,1.0,2.0,Global off,Threat-like,1.0,43.0,0.023255813953488372,1.0,0.041666666666666664,ITI,ITI,1.0,2.0,Global off,Threat-like,1.0,35.0,0.02857142857142857,1.0,0.041666666666666664,ITI,ITI,1.0,2.0,Global off,Threat-like,0.0,-0.005315614617940199,0.0,0.0,0.005315614617940199
7,18,1.0,3.0,Global off,Safety-like,1.0,43.0,0.023255813953488372,1.0,0.041666666666666664,CS-,CS-,1.0,3.0,Global off,Safety-like,1.0,35.0,0.02857142857142857,1.0,0.041666666666666664,ITI,ITI,1.0,3.0,Global off,Safety-like,0.0,-0.005315614617940199,0.0,0.0,0.005315614617940199
7,17,1.0,1.0,Global off,Global off,1.0,43.0,0.023255813953488372,1.0,0.041666666666666664,ITI,ITI,1.0,1.0,Global off,Global off,1.0,35.0,0.02857142857142857,1.0,0.041666666666666664,ITI,ITI,1.0,1.0,Global off,Global off,0.0,-0.005315614617940199,0.0,0.0,0.005315614617940199
7,9,1.0,1.0,Global off,Global off,1.0,43.0,0.023255813953488372,1.0,0.041666666666666664,ITI,ITI,1.0,1.0,Global off,Global off,1.0,35.0,0.02857142857142857,1.0,0.041666666666666664,ITI,CS+,1.0,1.0,Global off,Global off,0.0,-0.005315614617940199,0.0,0.0,0.005315614617940199
15,14,2.0,2.0,Threat-like,Threat-like,3.0,30.0,0.1,3.0,0.125,CS+,CS+,2.0,2.0,Threat-like,Threat-like,4.0,38.0,0.10526315789473684,3.0,0.125,ITI,CS+,2.0,2.0,Threat-like,Threat-like,-1.0,-0.005263157894736831,0.0,0.0,0.005263157894736831
27,31,4.0,4.0,Global on,Global on,4.0,38.0,0.10526315789473684,4.0,0.16666666666666666,CS+,CS+,4.0,4.0,Global on,Global on,3.0,30.0,0.1,3.0,0.125,ITI,CS+,4.0,4.0,Global on,Global on,1.0,0.005263157894736831,1.0,0.04166666666666666,0.005263157894736831
6,1,1.0,1.0,Global off,Global off,1.0,30.0,0.03333333333333333,1.0,0.041666666666666664,ITI,ITI,1.0,1.0,Global off,Global off,1.0,26.0,0.038461538461538464,1.0,0.041666666666666664,CS+,ITI,1.0,1.0,Global off,Global off,0.0,-0.005128205128205131,0.0,0.0,0.005128205128205131
6,9,1.0,1.0,Global off,Global off,1.0,30.0,0.03333333333333333,1.0,0.041666666666666664,CS+,ITI,1.0,1.0,Global off,Global off,1.0,26.0,0.038461538461538464,1.0,0.041666666666666664,ITI,ITI,1.0,1.0,Global off,Global off,0.0,-0.005128205128205131,0.0,0.0,0.005128205128205131
18,4,3.0,3.0,Safety-like,Safety-like,2.0,42.0,0.047619047619047616,1.0,0.041666666666666664,ITI,ITI,3.0,3.0,Safety-like,Safety-like,2.0,47.0,0.0425531914893617,2.0,0.08333333333333333,ITI,ITI,3.0,3.0,Safety-like,Safety-like,0.0,0.005065856129685915,-1.0,-0.041666666666666664,0.005065856129685915
29,5,2.0,1.0,Threat-like,Global off,6.0,120.0,0.05,5.0,0.20833333333333334,CS+,ITI,2.0,1.0,Threat-like,Global off,4.0,89.0,0.0449438202247191,4.0,0.16666666666666666,CS-,CS-,2.0,1.0,Threat-like,Global off,2.0,0.005056179775280903,1.0,0.041666666666666685,0.005056179775280903
4,17,3.0,1.0,Safety-like,Global off,5.0,95.0,0.05263157894736842,4.0,0.16666666666666666,ITI,ITI,3.0,1.0,Safety-like,Global off,5.0,87.0,0.05747126436781609,5.0,0.20833333333333334,ITI,ITI,3.0,1.0,Safety-like,Global off,0.0,-0.004839685420447673,-1.0,-0.041666666666666685,0.004839685420447673
30,26,4.0,4.0,Global on,Global on,1.0,59.0,0.01694915254237288,1.0,0.041666666666666664,CS-,CS-,4.0,4.0,Global on,Global on,1.0,46.0,0.021739130434782608,1.0,0.041666666666666664,CS-,CS-,4.0,4.0,Global on,Global on,0.0,-0.004789977892409727,0.0,0.0,0.004789977892409727
30,15,4.0,2.0,Global on,Threat-like,1.0,59.0,0.01694915254237288,1.0,0.041666666666666664,ITI,ITI,4.0,2.0,Global on,Threat-like,1.0,46.0,0.021739130434782608,1.0,0.041666666666666664,ITI,CS-,4.0,2.0,Global on,Threat-like,0.0,-0.004789977892409727,0.0,0.0,0.004789977892409727
23,20,4.0,3.0,Global on,Safety-like,5.0,45.0,0.1111111111111111,4.0,0.16666666666666666,ITI,ITI,4.0,3.0,Global on,Safety-like,5.0,47.0,0.10638297872340426,4.0,0.16666666666666666,CS+,ITI,4.0,3.0,Global on,Safety-like,0.0,0.004728132387706849,0.0,0.0,0.004728132387706849
1,30,1.0,4.0,Global off,Global on,2.0,196.0,0.01020408163265306,2.0,0.08333333333333333,CS-,ITI,1.0,4.0,Global off,Global on,1.0,180.0,0.005555555555555556,1.0,0.041666666666666664,CS-,ITI,1.0,4.0,Global off,Global on,1.0,0.004648526077097505,1.0,0.041666666666666664,0.004648526077097505
32,22,4.0,4.0,Global on,Global on,3.0,200.0,0.015,3.0,0.125,ITI,ITI,4.0,4.0,Global on,Global on,2.0,190.0,0.010526315789473684,2.0,0.08333333333333333,ITI,CS+,4.0,4.0,Global on,Global on,1.0,0.0044736842105263155,1.0,0.04166666666666667,0.0044736842105263155
1,5,1.0,1.0,Global off,Global off,15.0,196.0,0.07653061224489796,11.0,0.4583333333333333,CS+,CS+,1.0,1.0,Global off,Global off,13.0,180.0,0.07222222222222222,12.0,0.5,ITI,CS+,1.0,1.0,Global off,Global off,2.0,0.0043083900226757454,-1.0,-0.041666666666666685,0.0043083900226757454
19,13,3.0,2.0,Safety-like,Threat-like,2.0,69.0,0.028985507246376812,1.0,0.041666666666666664,CS-,ITI,3.0,2.0,Safety-like,Threat-like,2.0,81.0,0.024691358024691357,2.0,0.08333333333333333,CS+,CS+,3.0,2.0,Safety-like,Threat-like,0.0,0.004294149221685455,-1.0,-0.041666666666666664,0.004294149221685455
8,29,3.0,2.0,Safety-like,Threat-like,2.0,54.0,0.037037037037037035,2.0,0.08333333333333333,ITI,CS+,3.0,2.0,Safety-like,Threat-like,2.0,61.0,0.03278688524590164,2.0,0.08333333333333333,ITI,CS+,3.0,2.0,Safety-like,Threat-like,0.0,0.004250151791135394,0.0,0.0,0.004250151791135394
32,26,4.0,4.0,Global on,Global on,4.0,200.0,0.02,4.0,0.16666666666666666,ITI,ITI,4.0,4.0,Global on,Global on,3.0,190.0,0.015789473684210527,2.0,0.08333333333333333,CS+,CS+,4.0,4.0,Global on,Global on,1.0,0.004210526315789474,2.0,0.08333333333333333,0.004210526315789474
10,23,1.0,4.0,Global off,Global on,1.0,38.0,0.02631578947368421,1.0,0.041666666666666664,ITI,ITI,1.0,4.0,Global off,Global on,1.0,45.0,0.022222222222222223,1.0,0.041666666666666664,CS+,CS+,1.0,4.0,Global off,Global on,0.0,0.004093567251461986,0.0,0.0,0.004093567251461986
24,8,4.0,3.0,Global on,Safety-like,1.0,70.0,0.014285714285714285,1.0,0.041666666666666664,CS-,ITI,4.0,3.0,Global on,Safety-like,1.0,55.0,0.01818181818181818,1.0,0.041666666666666664,CS+,CS+,4.0,3.0,Global on,Safety-like,0.0,-0.0038961038961038957,0.0,0.0,0.0038961038961038957
24,3,4.0,1.0,Global on,Global off,1.0,70.0,0.014285714285714285,1.0,0.041666666666666664,ITI,ITI,4.0,1.0,Global on,Global off,1.0,55.0,0.01818181818181818,1.0,0.041666666666666664,CS-,CS-,4.0,1.0,Global on,Global off,0.0,-0.0038961038961038957,0.0,0.0,0.0038961038961038957
24,27,4.0,4.0,Global on,Global on,1.0,70.0,0.014285714285714285,1.0,0.041666666666666664,CS+,CS+,4.0,4.0,Global on,Global on,1.0,55.0,0.01818181818181818,1.0,0.041666666666666664,ITI,ITI,4.0,4.0,Global on,Global on,0.0,-0.0038961038961038957,0.0,0.0,0.0038961038961038957
24,6,4.0,1.0,Global on,Global off,1.0,70.0,0.014285714285714285,1.0,0.041666666666666664,CS-,CS-,4.0,1.0,Global on,Global off,1.0,55.0,0.01818181818181818,1.0,0.041666666666666664,ITI,ITI,4.0,1.0,Global on,Global off,0.0,-0.0038961038961038957,0.0,0.0,0.0038961038961038957
23,32,4.0,4.0,Global on,Global on,4.0,45.0,0.08888888888888889,4.0,0.16666666666666666,ITI,CS+,4.0,4.0,Global on,Global on,4.0,47.0,0.0851063829787234,4.0,0.16666666666666666,ITI,ITI,4.0,4.0,Global on,Global on,0.0,0.00378250591016549,0.0,0.0,0.00378250591016549
11,31,1.0,4.0,Global off,Global on,1.0,17.0,0.058823529411764705,1.0,0.041666666666666664,CS+,ITI,1.0,4.0,Global off,Global on,1.0,16.0,0.0625,1.0,0.041666666666666664,ITI,CS+,1.0,4.0,Global off,Global on,0.0,-0.003676470588235295,0.0,0.0,0.003676470588235295
11,13,1.0,2.0,Global off,Threat-like,1.0,17.0,0.058823529411764705,1.0,0.041666666666666664,CS+,ITI,1.0,2.0,Global off,Threat-like,1.0,16.0,0.0625,1.0,0.041666666666666664,ITI,ITI,1.0,2.0,Global off,Threat-like,0.0,-0.003676470588235295,0.0,0.0,0.003676470588235295
11,29,1.0,2.0,Global off,Threat-like,1.0,17.0,0.058823529411764705,1.0,0.041666666666666664,CS-,CS-,1.0,2.0,Global off,Threat-like,1.0,16.0,0.0625,1.0,0.041666666666666664,CS-,ITI,1.0,2.0,Global off,Threat-like,0.0,-0.003676470588235295,0.0,0.0,0.003676470588235295
11,20,1.0,3.0,Global off,Safety-like,1.0,17.0,0.058823529411764705,1.0,0.041666666666666664,ITI,ITI,1.0,3.0,Global off,Safety-like,1.0,16.0,0.0625,1.0,0.041666666666666664,ITI,ITI,1.0,3.0,Global off,Safety-like,0.0,-0.003676470588235295,0.0,0.0,0.003676470588235295
11,18,1.0,3.0,Global off,Safety-like,1.0,17.0,0.058823529411764705,1.0,0.041666666666666664,CS+,CS+,1.0,3.0,Global off,Safety-like,1.0,16.0,0.0625,1.0,0.041666666666666664,ITI,ITI,1.0,3.0,Global off,Safety-like,0.0,-0.003676470588235295,0.0,0.0,0.003676470588235295
11,17,1.0,1.0,Global off,Global off,1.0,17.0,0.058823529411764705,1.0,0.041666666666666664,ITI,ITI,1.0,1.0,Global off,Global off,1.0,16.0,0.0625,1.0,0.041666666666666664,ITI,ITI,1.0,1.0,Global off,Global off,0.0,-0.003676470588235295,0.0,0.0,0.003676470588235295
13,3,2.0,1.0,Threat-like,Global off,3.0,113.0,0.02654867256637168,3.0,0.125,CS-,CS+,2.0,1.0,Threat-like,Global off,3.0,130.0,0.023076923076923078,3.0,0.125,CS+,ITI,2.0,1.0,Threat-like,Global off,0.0,0.003471749489448603,0.0,0.0,0.003471749489448603
21,2,2.0,1.0,Threat-like,Global off,3.0,41.0,0.07317073170731707,3.0,0.125,ITI,CS+,2.0,1.0,Threat-like,Global off,3.0,43.0,0.06976744186046512,2.0,0.08333333333333333,CS+,ITI,2.0,1.0,Threat-like,Global off,0.0,0.0034032898468519535,1.0,0.04166666666666667,0.0034032898468519535
29,24,2.0,4.0,Threat-like,Global on,5.0,120.0,0.041666666666666664,5.0,0.20833333333333334,ITI,ITI,2.0,4.0,Threat-like,Global on,4.0,89.0,0.0449438202247191,4.0,0.16666666666666666,CS+,ITI,2.0,4.0,Threat-like,Global on,1.0,-0.0032771535580524355,1.0,0.041666666666666685,0.0032771535580524355
16,20,4.0,3.0,Global on,Safety-like,4.0,90.0,0.044444444444444446,4.0,0.16666666666666666,CS-,ITI,4.0,3.0,Global on,Safety-like,4.0,84.0,0.047619047619047616,4.0,0.16666666666666666,ITI,ITI,4.0,3.0,Global on,Safety-like,0.0,-0.0031746031746031703,0.0,0.0,0.0031746031746031703
9,27,1.0,4.0,Global off,Global on,1.0,74.0,0.013513513513513514,1.0,0.041666666666666664,ITI,ITI,1.0,4.0,Global off,Global on,1.0,60.0,0.016666666666666666,1.0,0.041666666666666664,ITI,ITI,1.0,4.0,Global off,Global on,0.0,-0.003153153153153152,0.0,0.0,0.003153153153153152
2,1,1.0,1.0,Global off,Global off,25.0,114.0,0.21929824561403508,16.0,0.6666666666666666,ITI,ITI,1.0,1.0,Global off,Global off,24.0,108.0,0.2222222222222222,12.0,0.5,ITI,ITI,1.0,1.0,Global off,Global off,1.0,-0.0029239766081871343,4.0,0.16666666666666663,0.0029239766081871343
4,3,3.0,1.0,Safety-like,Global off,3.0,95.0,0.031578947368421054,3.0,0.125,ITI,ITI,3.0,1.0,Safety-like,Global off,3.0,87.0,0.034482758620689655,2.0,0.08333333333333333,ITI,CS+,3.0,1.0,Safety-like,Global off,0.0,-0.002903811252268601,1.0,0.04166666666666667,0.002903811252268601
23,24,4.0,4.0,Global on,Global on,3.0,45.0,0.06666666666666667,3.0,0.125,CS+,CS+,4.0,4.0,Global on,Global on,3.0,47.0,0.06382978723404255,3.0,0.125,ITI,ITI,4.0,4.0,Global on,Global on,0.0,0.0028368794326241176,0.0,0.0,0.0028368794326241176
14,9,2.0,1.0,Threat-like,Global off,3.0,71.0,0.04225352112676056,3.0,0.125,ITI,ITI,2.0,1.0,Threat-like,Global off,3.0,76.0,0.039473684210526314,2.0,0.08333333333333333,CS+,ITI,2.0,1.0,Threat-like,Global off,0.0,0.002779836916234249,1.0,0.04166666666666667,0.002779836916234249
25,26,2.0,4.0,Threat-like,Global on,1.0,50.0,0.02,1.0,0.041666666666666664,CS+,CS+,2.0,4.0,Threat-like,Global on,1.0,44.0,0.022727272727272728,1.0,0.041666666666666664,ITI,ITI,2.0,4.0,Threat-like,Global on,0.0,-0.0027272727272727275,0.0,0.0,0.0027272727272727275
25,4,2.0,3.0,Threat-like,Safety-like,1.0,50.0,0.02,1.0,0.041666666666666664,CS-,CS-,2.0,3.0,Threat-like,Safety-like,1.0,44.0,0.022727272727272728,1.0,0.041666666666666664,ITI,ITI,2.0,3.0,Threat-like,Safety-like,0.0,-0.0027272727272727275,0.0,0.0,0.0027272727272727275
25,9,2.0,1.0,Threat-like,Global off,1.0,50.0,0.02,1.0,0.041666666666666664,CS-,ITI,2.0,1.0,Threat-like,Global off,1.0,44.0,0.022727272727272728,1.0,0.041666666666666664,ITI,CS-,2.0,1.0,Threat-like,Global off,0.0,-0.0027272727272727275,0.0,0.0,0.0027272727272727275
13,32,2.0,4.0,Threat-like,Global on,9.0,113.0,0.07964601769911504,6.0,0.25,ITI,ITI,2.0,4.0,Threat-like,Global on,10.0,130.0,0.07692307692307693,5.0,0.20833333333333334,ITI,ITI,2.0,4.0,Threat-like,Global on,-1.0,0.002722940776038116,1.0,0.04166666666666666,0.002722940776038116
1,29,1.0,2.0,Global off,Threat-like,6.0,196.0,0.030612244897959183,5.0,0.20833333333333334,ITI,ITI,1.0,2.0,Global off,Threat-like,6.0,180.0,0.03333333333333333,3.0,0.125,CS-,ITI,1.0,2.0,Global off,Threat-like,0.0,-0.00272108843537415,2.0,0.08333333333333334,0.00272108843537415
32,30,4.0,4.0,Global on,Global on,10.0,200.0,0.05,9.0,0.375,CS-,CS-,4.0,4.0,Global on,Global on,9.0,190.0,0.04736842105263158,8.0,0.3333333333333333,ITI,ITI,4.0,4.0,Global on,Global on,1.0,0.0026315789473684223,1.0,0.041666666666666685,0.0026315789473684223
18,16,3.0,4.0,Safety-like,Global on,1.0,42.0,0.023809523809523808,1.0,0.041666666666666664,CS-,CS-,3.0,4.0,Safety-like,Global on,1.0,47.0,0.02127659574468085,1.0,0.041666666666666664,ITI,ITI,3.0,4.0,Safety-like,Global on,0.0,0.0025329280648429577,0.0,0.0,0.0025329280648429577
18,9,3.0,1.0,Safety-like,Global off,1.0,42.0,0.023809523809523808,1.0,0.041666666666666664,CS-,CS-,3.0,1.0,Safety-like,Global off,1.0,47.0,0.02127659574468085,1.0,0.041666666666666664,ITI,ITI,3.0,1.0,Safety-like,Global off,0.0,0.0025329280648429577,0.0,0.0,0.0025329280648429577
29,12,2.0,3.0,Threat-like,Safety-like,3.0,120.0,0.025,3.0,0.125,CS+,ITI,2.0,3.0,Threat-like,Safety-like,2.0,89.0,0.02247191011235955,2.0,0.08333333333333333,CS+,ITI,2.0,3.0,Threat-like,Safety-like,1.0,0.0025280898876404514,1.0,0.04166666666666667,0.0025280898876404514
32,29,4.0,2.0,Global on,Threat-like,11.0,200.0,0.055,9.0,0.375,ITI,ITI,4.0,2.0,Global on,Threat-like,10.0,190.0,0.05263157894736842,8.0,0.3333333333333333,ITI,ITI,4.0,2.0,Global on,Threat-like,1.0,0.002368421052631582,1.0,0.041666666666666685,0.002368421052631582
32,13,4.0,2.0,Global on,Threat-like,9.0,200.0,0.045,8.0,0.3333333333333333,CS+,ITI,4.0,2.0,Global on,Threat-like,9.0,190.0,0.04736842105263158,8.0,0.3333333333333333,CS+,CS+,4.0,2.0,Global on,Threat-like,0.0,-0.002368421052631582,0.0,0.0,0.002368421052631582
21,31,2.0,4.0,Threat-like,Global on,2.0,41.0,0.04878048780487805,2.0,0.08333333333333333,CS+,ITI,2.0,4.0,Threat-like,Global on,2.0,43.0,0.046511627906976744,2.0,0.08333333333333333,CS-,ITI,2.0,4.0,Threat-like,Global on,0.0,0.002268859897901307,0.0,0.0,0.002268859897901307
1,12,1.0,3.0,Global off,Safety-like,5.0,196.0,0.025510204081632654,4.0,0.16666666666666666,CS-,ITI,1.0,3.0,Global off,Safety-like,5.0,180.0,0.027777777777777776,5.0,0.20833333333333334,ITI,ITI,1.0,3.0,Global off,Safety-like,0.0,-0.0022675736961451226,-1.0,-0.041666666666666685,0.0022675736961451226
8,25,3.0,2.0,Safety-like,Threat-like,1.0,54.0,0.018518518518518517,1.0,0.041666666666666664,CS+,CS+,3.0,2.0,Safety-like,Threat-like,1.0,61.0,0.01639344262295082,1.0,0.041666666666666664,CS-,CS-,3.0,2.0,Safety-like,Threat-like,0.0,0.002125075895567697,0.0,0.0,0.002125075895567697
8,17,3.0,1.0,Safety-like,Global off,1.0,54.0,0.018518518518518517,1.0,0.041666666666666664,ITI,ITI,3.0,1.0,Safety-like,Global off,1.0,61.0,0.01639344262295082,1.0,0.041666666666666664,ITI,ITI,3.0,1.0,Safety-like,Global off,0.0,0.002125075895567697,0.0,0.0,0.002125075895567697
26,2,4.0,1.0,Global on,Global off,4.0,43.0,0.09302325581395349,2.0,0.08333333333333333,ITI,CS-,4.0,1.0,Global on,Global off,2.0,22.0,0.09090909090909091,2.0,0.08333333333333333,CS+,ITI,4.0,1.0,Global on,Global off,2.0,0.0021141649048625755,0.0,0.0,0.0021141649048625755
26,17,4.0,1.0,Global on,Global off,4.0,43.0,0.09302325581395349,4.0,0.16666666666666666,CS-,ITI,4.0,1.0,Global on,Global off,2.0,22.0,0.09090909090909091,2.0,0.08333333333333333,CS+,CS+,4.0,1.0,Global on,Global off,2.0,0.0021141649048625755,2.0,0.08333333333333333,0.0021141649048625755
17,32,1.0,4.0,Global off,Global on,9.0,94.0,0.09574468085106383,7.0,0.2916666666666667,ITI,ITI,1.0,4.0,Global off,Global on,9.0,96.0,0.09375,6.0,0.25,ITI,ITI,1.0,4.0,Global off,Global on,0.0,0.001994680851063829,1.0,0.041666666666666685,0.001994680851063829
4,15,3.0,2.0,Safety-like,Threat-like,2.0,95.0,0.021052631578947368,2.0,0.08333333333333333,CS-,ITI,3.0,2.0,Safety-like,Threat-like,2.0,87.0,0.022988505747126436,2.0,0.08333333333333333,CS+,CS+,3.0,2.0,Safety-like,Threat-like,0.0,-0.0019358741681790685,0.0,0.0,0.0019358741681790685
4,28,3.0,4.0,Safety-like,Global on,2.0,95.0,0.021052631578947368,2.0,0.08333333333333333,ITI,ITI,3.0,4.0,Safety-like,Global on,2.0,87.0,0.022988505747126436,2.0,0.08333333333333333,CS-,ITI,3.0,4.0,Safety-like,Global on,0.0,-0.0019358741681790685,0.0,0.0,0.0019358741681790685
4,7,3.0,1.0,Safety-like,Global off,2.0,95.0,0.021052631578947368,2.0,0.08333333333333333,CS-,CS+,3.0,1.0,Safety-like,Global off,2.0,87.0,0.022988505747126436,2.0,0.08333333333333333,ITI,ITI,3.0,1.0,Safety-like,Global off,0.0,-0.0019358741681790685,0.0,0.0,0.0019358741681790685
4,31,3.0,4.0,Safety-like,Global on,2.0,95.0,0.021052631578947368,1.0,0.041666666666666664,ITI,CS+,3.0,4.0,Safety-like,Global on,2.0,87.0,0.022988505747126436,2.0,0.08333333333333333,CS-,CS-,3.0,4.0,Safety-like,Global on,0.0,-0.0019358741681790685,-1.0,-0.041666666666666664,0.0019358741681790685
23,30,4.0,4.0,Global on,Global on,2.0,45.0,0.044444444444444446,2.0,0.08333333333333333,CS-,ITI,4.0,4.0,Global on,Global on,2.0,47.0,0.0425531914893617,2.0,0.08333333333333333,CS-,CS-,4.0,4.0,Global on,Global on,0.0,0.001891252955082745,0.0,0.0,0.001891252955082745
23,4,4.0,3.0,Global on,Safety-like,2.0,45.0,0.044444444444444446,2.0,0.08333333333333333,ITI,CS+,4.0,3.0,Global on,Safety-like,2.0,47.0,0.0425531914893617,2.0,0.08333333333333333,ITI,CS+,4.0,3.0,Global on,Safety-like,0.0,0.001891252955082745,0.0,0.0,0.001891252955082745
23,1,4.0,1.0,Global on,Global off,2.0,45.0,0.044444444444444446,2.0,0.08333333333333333,ITI,ITI,4.0,1.0,Global on,Global off,2.0,47.0,0.0425531914893617,2.0,0.08333333333333333,CS-,ITI,4.0,1.0,Global on,Global off,0.0,0.001891252955082745,0.0,0.0,0.001891252955082745
32,17,4.0,1.0,Global on,Global off,7.0,200.0,0.035,7.0,0.2916666666666667,ITI,ITI,4.0,1.0,Global on,Global off,7.0,190.0,0.03684210526315789,7.0,0.2916666666666667,ITI,ITI,4.0,1.0,Global on,Global off,0.0,-0.001842105263157888,0.0,0.0,0.001842105263157888
2,23,1.0,4.0,Global off,Global on,3.0,114.0,0.02631578947368421,3.0,0.125,CS+,ITI,1.0,4.0,Global off,Global on,3.0,108.0,0.027777777777777776,2.0,0.08333333333333333,ITI,ITI,1.0,4.0,Global off,Global on,0.0,-0.0014619883040935672,1.0,0.04166666666666667,0.0014619883040935672
2,10,1.0,1.0,Global off,Global off,3.0,114.0,0.02631578947368421,3.0,0.125,CS+,CS+,1.0,1.0,Global off,Global off,3.0,108.0,0.027777777777777776,3.0,0.125,CS+,ITI,1.0,1.0,Global off,Global off,0.0,-0.0014619883040935672,0.0,0.0,0.0014619883040935672
1,27,1.0,4.0,Global off,Global on,3.0,196.0,0.015306122448979591,2.0,0.08333333333333333,ITI,ITI,1.0,4.0,Global off,Global on,3.0,180.0,0.016666666666666666,3.0,0.125,ITI,ITI,1.0,4.0,Global off,Global on,0.0,-0.001360544217687075,-1.0,-0.04166666666666667,0.001360544217687075
24,1,4.0,1.0,Global on,Global off,5.0,70.0,0.07142857142857142,5.0,0.20833333333333334,ITI,ITI,4.0,1.0,Global on,Global off,4.0,55.0,0.07272727272727272,4.0,0.16666666666666666,ITI,CS-,4.0,1.0,Global on,Global off,1.0,-0.0012987012987012991,1.0,0.041666666666666685,0.0012987012987012991
13,10,2.0,1.0,Threat-like,Global off,1.0,113.0,0.008849557522123894,1.0,0.041666666666666664,ITI,ITI,2.0,1.0,Threat-like,Global off,1.0,130.0,0.007692307692307693,1.0,0.041666666666666664,CS+,CS+,2.0,1.0,Threat-like,Global off,0.0,0.001157249829816201,0.0,0.0,0.001157249829816201
21,8,2.0,3.0,Threat-like,Safety-like,1.0,41.0,0.024390243902439025,1.0,0.041666666666666664,ITI,ITI,2.0,3.0,Threat-like,Safety-like,1.0,43.0,0.023255813953488372,1.0,0.041666666666666664,ITI,CS-,2.0,3.0,Threat-like,Safety-like,0.0,0.0011344299489506535,0.0,0.0,0.0011344299489506535
26,19,4.0,3.0,Global on,Safety-like,2.0,43.0,0.046511627906976744,2.0,0.08333333333333333,CS-,ITI,4.0,3.0,Global on,Safety-like,1.0,22.0,0.045454545454545456,1.0,0.041666666666666664,CS+,ITI,4.0,3.0,Global on,Safety-like,1.0,0.0010570824524312877,1.0,0.041666666666666664,0.0010570824524312877
4,11,3.0,1.0,Safety-like,Global off,1.0,95.0,0.010526315789473684,1.0,0.041666666666666664,ITI,CS+,3.0,1.0,Safety-like,Global off,1.0,87.0,0.011494252873563218,1.0,0.041666666666666664,ITI,CS+,3.0,1.0,Safety-like,Global off,0.0,-0.0009679370840895343,0.0,0.0,0.0009679370840895343
4,22,3.0,4.0,Safety-like,Global on,1.0,95.0,0.010526315789473684,1.0,0.041666666666666664,CS-,ITI,3.0,4.0,Safety-like,Global on,1.0,87.0,0.011494252873563218,1.0,0.041666666666666664,CS-,ITI,3.0,4.0,Safety-like,Global on,0.0,-0.0009679370840895343,0.0,0.0,0.0009679370840895343
20,28,3.0,4.0,Safety-like,Global on,8.0,128.0,0.0625,8.0,0.3333333333333333,ITI,ITI,3.0,4.0,Safety-like,Global on,8.0,130.0,0.06153846153846154,6.0,0.25,ITI,ITI,3.0,4.0,Safety-like,Global on,0.0,0.0009615384615384581,2.0,0.08333333333333331,0.0009615384615384581
23,7,4.0,1.0,Global on,Global off,1.0,45.0,0.022222222222222223,1.0,0.041666666666666664,ITI,CS-,4.0,1.0,Global on,Global off,1.0,47.0,0.02127659574468085,1.0,0.041666666666666664,CS-,ITI,4.0,1.0,Global on,Global off,0.0,0.0009456264775413725,0.0,0.0,0.0009456264775413725
14,12,2.0,3.0,Threat-like,Safety-like,1.0,71.0,0.014084507042253521,1.0,0.041666666666666664,ITI,ITI,2.0,3.0,Threat-like,Safety-like,1.0,76.0,0.013157894736842105,1.0,0.041666666666666664,ITI,ITI,2.0,3.0,Threat-like,Safety-like,0.0,0.0009266123054114169,0.0,0.0,0.0009266123054114169
14,7,2.0,1.0,Threat-like,Global off,1.0,71.0,0.014084507042253521,1.0,0.041666666666666664,CS+,ITI,2.0,1.0,Threat-like,Global off,1.0,76.0,0.013157894736842105,1.0,0.041666666666666664,CS+,ITI,2.0,1.0,Threat-like,Global off,0.0,0.0009266123054114169,0.0,0.0,0.0009266123054114169
14,28,2.0,4.0,Threat-like,Global on,1.0,71.0,0.014084507042253521,1.0,0.041666666666666664,CS-,ITI,2.0,4.0,Threat-like,Global on,1.0,76.0,0.013157894736842105,1.0,0.041666666666666664,CS-,CS-,2.0,4.0,Threat-like,Global on,0.0,0.0009266123054114169,0.0,0.0,0.0009266123054114169
14,19,2.0,3.0,Threat-like,Safety-like,1.0,71.0,0.014084507042253521,1.0,0.041666666666666664,ITI,CS+,2.0,3.0,Threat-like,Safety-like,1.0,76.0,0.013157894736842105,1.0,0.041666666666666664,ITI,ITI,2.0,3.0,Threat-like,Safety-like,0.0,0.0009266123054114169,0.0,0.0,0.0009266123054114169
14,25,2.0,2.0,Threat-like,Threat-like,1.0,71.0,0.014084507042253521,1.0,0.041666666666666664,ITI,CS-,2.0,2.0,Threat-like,Threat-like,1.0,76.0,0.013157894736842105,1.0,0.041666666666666664,ITI,ITI,2.0,2.0,Threat-like,Threat-like,0.0,0.0009266123054114169,0.0,0.0,0.0009266123054114169
16,6,4.0,1.0,Global on,Global off,1.0,90.0,0.011111111111111112,1.0,0.041666666666666664,ITI,ITI,4.0,1.0,Global on,Global off,1.0,84.0,0.011904761904761904,1.0,0.041666666666666664,CS+,ITI,4.0,1.0,Global on,Global off,0.0,-0.0007936507936507926,0.0,0.0,0.0007936507936507926
16,11,4.0,1.0,Global on,Global off,1.0,90.0,0.011111111111111112,1.0,0.041666666666666664,CS-,CS-,4.0,1.0,Global on,Global off,1.0,84.0,0.011904761904761904,1.0,0.041666666666666664,CS-,ITI,4.0,1.0,Global on,Global off,0.0,-0.0007936507936507926,0.0,0.0,0.0007936507936507926
16,12,4.0,3.0,Global on,Safety-like,1.0,90.0,0.011111111111111112,1.0,0.041666666666666664,ITI,ITI,4.0,3.0,Global on,Safety-like,1.0,84.0,0.011904761904761904,1.0,0.041666666666666664,ITI,ITI,4.0,3.0,Global on,Safety-like,0.0,-0.0007936507936507926,0.0,0.0,0.0007936507936507926
32,15,4.0,2.0,Global on,Threat-like,3.0,200.0,0.015,3.0,0.125,ITI,ITI,4.0,2.0,Global on,Threat-like,3.0,190.0,0.015789473684210527,3.0,0.125,CS+,ITI,4.0,2.0,Global on,Threat-like,0.0,-0.0007894736842105274,0.0,0.0,0.0007894736842105274
17,18,1.0,3.0,Global off,Safety-like,3.0,94.0,0.031914893617021274,3.0,0.125,ITI,ITI,1.0,3.0,Global off,Safety-like,3.0,96.0,0.03125,3.0,0.125,CS-,ITI,1.0,3.0,Global off,Safety-like,0.0,0.0006648936170212741,0.0,0.0,0.0006648936170212741
17,4,1.0,3.0,Global off,Safety-like,2.0,94.0,0.02127659574468085,2.0,0.08333333333333333,CS-,CS-,1.0,3.0,Global off,Safety-like,2.0,96.0,0.020833333333333332,2.0,0.08333333333333333,ITI,ITI,1.0,3.0,Global off,Safety-like,0.0,0.00044326241134751837,0.0,0.0,0.00044326241134751837
5,16,1.0,4.0,Global off,Global on,3.0,85.0,0.03529411764705882,2.0,0.08333333333333333,ITI,ITI,1.0,4.0,Global off,Global on,3.0,86.0,0.03488372093023256,2.0,0.08333333333333333,CS+,ITI,1.0,4.0,Global off,Global on,0.0,0.0004103967168262654,0.0,0.0,0.0004103967168262654
5,3,1.0,1.0,Global off,Global off,3.0,85.0,0.03529411764705882,3.0,0.125,ITI,ITI,1.0,1.0,Global off,Global off,3.0,86.0,0.03488372093023256,3.0,0.125,ITI,ITI,1.0,1.0,Global off,Global off,0.0,0.0004103967168262654,0.0,0.0,0.0004103967168262654
5,17,1.0,1.0,Global off,Global off,2.0,85.0,0.023529411764705882,2.0,0.08333333333333333,CS+,ITI,1.0,1.0,Global off,Global off,2.0,86.0,0.023255813953488372,2.0,0.08333333333333333,CS+,CS+,1.0,1.0,Global off,Global off,0.0,0.00027359781121751026,0.0,0.0,0.00027359781121751026
5,6,1.0,1.0,Global off,Global off,2.0,85.0,0.023529411764705882,2.0,0.08333333333333333,ITI,ITI,1.0,1.0,Global off,Global off,2.0,86.0,0.023255813953488372,2.0,0.08333333333333333,ITI,ITI,1.0,1.0,Global off,Global off,0.0,0.00027359781121751026,0.0,0.0,0.00027359781121751026
32,3,4.0,1.0,Global on,Global off,1.0,200.0,0.005,1.0,0.041666666666666664,CS-,ITI,4.0,1.0,Global on,Global off,1.0,190.0,0.005263157894736842,1.0,0.041666666666666664,CS-,ITI,4.0,1.0,Global on,Global off,0.0,-0.0002631578947368419,0.0,0.0,0.0002631578947368419
20,3,3.0,1.0,Safety-like,Global off,2.0,128.0,0.015625,2.0,0.08333333333333333,ITI,ITI,3.0,1.0,Safety-like,Global off,2.0,130.0,0.015384615384615385,2.0,0.08333333333333333,CS+,ITI,3.0,1.0,Safety-like,Global off,0.0,0.00024038461538461453,0.0,0.0,0.00024038461538461453
5,25,1.0,2.0,Global off,Threat-like,1.0,85.0,0.011764705882352941,1.0,0.041666666666666664,CS-,CS-,1.0,2.0,Global off,Threat-like,1.0,86.0,0.011627906976744186,1.0,0.041666666666666664,ITI,ITI,1.0,2.0,Global off,Threat-like,0.0,0.00013679890560875513,0.0,0.0,0.00013679890560875513
31,15,4.0,2.0,Global on,Threat-like,1.0,108.0,0.009259259259259259,1.0,0.041666666666666664,ITI,ITI,4.0,2.0,Global on,Threat-like,1.0,109.0,0.009174311926605505,1.0,0.041666666666666664,ITI,CS+,4.0,2.0,Global on,Threat-like,0.0,8.494733265375365e-05,0.0,0.0,8.494733265375365e-05
3,29,1.0,2.0,Global off,Threat-like,1.0,50.0,0.02,1.0,0.041666666666666664,ITI,ITI,1.0,2.0,Global off,Threat-like,1.0,50.0,0.02,1.0,0.041666666666666664,ITI,CS-,1.0,2.0,Global off,Threat-like,0.0,0.0,0.0,0.0,0.0
3,18,1.0,3.0,Global off,Safety-like,1.0,50.0,0.02,1.0,0.041666666666666664,ITI,CS+,1.0,3.0,Global off,Safety-like,1.0,50.0,0.02,1.0,0.041666666666666664,CS+,ITI,1.0,3.0,Global off,Safety-like,0.0,0.0,0.0,0.0,0.0
3,10,1.0,1.0,Global off,Global off,1.0,50.0,0.02,1.0,0.041666666666666664,ITI,ITI,1.0,1.0,Global off,Global off,1.0,50.0,0.02,1.0,0.041666666666666664,ITI,CS-,1.0,1.0,Global off,Global off,0.0,0.0,0.0,0.0,0.0
3,2,1.0,1.0,Global off,Global off,2.0,50.0,0.04,2.0,0.08333333333333333,CS-,CS-,1.0,1.0,Global off,Global off,2.0,50.0,0.04,2.0,0.08333333333333333,CS+,CS+,1.0,1.0,Global off,Global off,0.0,0.0,0.0,0.0,0.0
3,6,1.0,1.0,Global off,Global off,1.0,50.0,0.02,1.0,0.041666666666666664,CS+,CS+,1.0,1.0,Global off,Global off,1.0,50.0,0.02,1.0,0.041666666666666664,CS+,CS+,1.0,1.0,Global off,Global off,0.0,0.0,0.0,0.0,0.0
