subset,clinical_variable,feature,n,spearman_rho,p_value,correction_method,p_corrected,reject_corrected,file_name,path,rank_in_file,sort_col,sort_value,formula,term,beta,t,r_squared,adj_r_squared,analysis,test,n_group1,n_group2,group1,group2,mean_group1,mean_group2,median_group1,median_group2,delta_mean_group1_minus_group2,statistic,cohen_d_group1_minus_group2,cliffs_delta_group1_minus_group2,task_scope,task,clinical_scope,matched_pattern,family,feature_task_scope,hypothesis,source,p_bonferroni,reject_bonferroni,p_holm,reject_holm,n_tests_in_scope,result_type,manuscript_note
PTSD,BAI_pre,event_trial_type_hrf4__ITI_freq_B4,24.0,0.5413771281937667,0.0062934349159479,holm,0.4845944885279912,False,clinical_spearman_confirmatory.csv,/mnt/d/Thesis Masters/thesis-runs/ELA_run_5ROI/_merged_fit_runs_ela_5ROI/merge_extinction_ela_5ROI/ELA_features/confirmatory_analysis/clinical_spearman_confirmatory.csv,1,p_value,0.0062934349159479,,,,,,,,,,,,,,,,,,,,,,,,,,,,,,,,,,,
HC,SAI_pre,event_trial_type_hrf2__CSplus_freq_B1,24.0,0.5152505446623094,0.0099747090683098,holm,0.7680525982598582,False,clinical_spearman_confirmatory.csv,/mnt/d/Thesis Masters/thesis-runs/ELA_run_5ROI/_merged_fit_runs_ela_5ROI/merge_extinction_ela_5ROI/ELA_features/confirmatory_analysis/clinical_spearman_confirmatory.csv,2,p_value,0.0099747090683098,,,,,,,,,,,,,,,,,,,,,,,,,,,,,,,,,,,
PTSD,BAI_pre,event_trial_type_hrf4__CSminus_freq_B1,24.0,0.5101291052755023,0.0108726202732881,holm,0.8263191407698973,False,clinical_spearman_confirmatory.csv,/mnt/d/Thesis Masters/thesis-runs/ELA_run_5ROI/_merged_fit_runs_ela_5ROI/merge_extinction_ela_5ROI/ELA_features/confirmatory_analysis/clinical_spearman_confirmatory.csv,3,p_value,0.0108726202732881,,,,,,,,,,,,,,,,,,,,,,,,,,,,,,,,,,,
HC,IUS,event_trial_type_hrf4__ITI_freq_B1,24.0,-0.4801191851103946,0.0175743686725658,holm,1.0,False,clinical_spearman_confirmatory.csv,/mnt/d/Thesis Masters/thesis-runs/ELA_run_5ROI/_merged_fit_runs_ela_5ROI/merge_extinction_ela_5ROI/ELA_features/confirmatory_analysis/clinical_spearman_confirmatory.csv,4,p_value,0.0175743686725658,,,,,,,,,,,,,,,,,,,,,,,,,,,,,,,,,,,
PTSD,SAI_pre,event_trial_type_hrf6__CSplus_freq_B3,24.0,0.4733980164107056,0.0194617934990383,holm,1.0,False,clinical_spearman_confirmatory.csv,/mnt/d/Thesis Masters/thesis-runs/ELA_run_5ROI/_merged_fit_runs_ela_5ROI/merge_extinction_ela_5ROI/ELA_features/confirmatory_analysis/clinical_spearman_confirmatory.csv,5,p_value,0.0194617934990383,,,,,,,,,,,,,,,,,,,,,,,,,,,,,,,,,,,
all,SAI_pre,event_trial_type_hrf4__CSminus_freq_B4,48.0,-0.3283968482533423,0.0226769897391638,holm,1.0,False,clinical_spearman_confirmatory.csv,/mnt/d/Thesis Masters/thesis-runs/ELA_run_5ROI/_merged_fit_runs_ela_5ROI/merge_extinction_ela_5ROI/ELA_features/confirmatory_analysis/clinical_spearman_confirmatory.csv,6,p_value,0.0226769897391638,,,,,,,,,,,,,,,,,,,,,,,,,,,,,,,,,,,
HC,BAI_pre,event_trial_type_onset__CSplus_freq_B1,24.0,-0.461235615040565,0.0232939386721868,holm,1.0,False,clinical_spearman_confirmatory.csv,/mnt/d/Thesis Masters/thesis-runs/ELA_run_5ROI/_merged_fit_runs_ela_5ROI/merge_extinction_ela_5ROI/ELA_features/confirmatory_analysis/clinical_spearman_confirmatory.csv,7,p_value,0.0232939386721868,,,,,,,,,,,,,,,,,,,,,,,,,,,,,,,,,,,
PTSD,BAI_pre,event_trial_type_onset__ITI_freq_B1,24.0,0.4539321329607799,0.0258732356138165,holm,1.0,False,clinical_spearman_confirmatory.csv,/mnt/d/Thesis Masters/thesis-runs/ELA_run_5ROI/_merged_fit_runs_ela_5ROI/merge_extinction_ela_5ROI/ELA_features/confirmatory_analysis/clinical_spearman_confirmatory.csv,8,p_value,0.0258732356138165,,,,,,,,,,,,,,,,,,,,,,,,,,,,,,,,,,,
PTSD,PCL,event_trial_type_onset__CSplus_freq_B3,23.0,-0.462949549979906,0.0261108371015247,holm,1.0,False,clinical_spearman_confirmatory.csv,/mnt/d/Thesis Masters/thesis-runs/ELA_run_5ROI/_merged_fit_runs_ela_5ROI/merge_extinction_ela_5ROI/ELA_features/confirmatory_analysis/clinical_spearman_confirmatory.csv,9,p_value,0.0261108371015247,,,,,,,,,,,,,,,,,,,,,,,,,,,,,,,,,,,
all,PCL,event_trial_type_onset__CSplus_freq_B3,23.0,-0.462949549979906,0.0261108371015247,holm,1.0,False,clinical_spearman_confirmatory.csv,/mnt/d/Thesis Masters/thesis-runs/ELA_run_5ROI/_merged_fit_runs_ela_5ROI/merge_extinction_ela_5ROI/ELA_features/confirmatory_analysis/clinical_spearman_confirmatory.csv,10,p_value,0.0261108371015247,,,,,,,,,,,,,,,,,,,,,,,,,,,,,,,,,,,
HC,SAI_pre,event_trial_type_hrf4__CSplus_freq_B1,24.0,0.4523292964055753,0.0264688889640171,holm,1.0,False,clinical_spearman_confirmatory.csv,/mnt/d/Thesis Masters/thesis-runs/ELA_run_5ROI/_merged_fit_runs_ela_5ROI/merge_extinction_ela_5ROI/ELA_features/confirmatory_analysis/clinical_spearman_confirmatory.csv,11,p_value,0.0264688889640171,,,,,,,,,,,,,,,,,,,,,,,,,,,,,,,,,,,
HC,BDI,event_trial_type_hrf4__CSplus_freq_B1,23.0,0.4526090262352245,0.0301133426115608,holm,1.0,False,clinical_spearman_confirmatory.csv,/mnt/d/Thesis Masters/thesis-runs/ELA_run_5ROI/_merged_fit_runs_ela_5ROI/merge_extinction_ela_5ROI/ELA_features/confirmatory_analysis/clinical_spearman_confirmatory.csv,12,p_value,0.0301133426115608,,,,,,,,,,,,,,,,,,,,,,,,,,,,,,,,,,,
all,BAI_pre,major_basin_transition_rate_TR_A_to_Aprime,48.0,0.3115694042837088,0.0311077253540206,holm,1.0,False,clinical_spearman_confirmatory.csv,/mnt/d/Thesis Masters/thesis-runs/ELA_run_5ROI/_merged_fit_runs_ela_5ROI/merge_extinction_ela_5ROI/ELA_features/confirmatory_analysis/clinical_spearman_confirmatory.csv,13,p_value,0.0311077253540206,,,,,,,,,,,,,,,,,,,,,,,,,,,,,,,,,,,
all,BDI,event_trial_type_hrf2__CSplus_freq_B1,47.0,0.3141651195231209,0.0315085376206004,holm,1.0,False,clinical_spearman_confirmatory.csv,/mnt/d/Thesis Masters/thesis-runs/ELA_run_5ROI/_merged_fit_runs_ela_5ROI/merge_extinction_ela_5ROI/ELA_features/confirmatory_analysis/clinical_spearman_confirmatory.csv,14,p_value,0.0315085376206004,,,,,,,,,,,,,,,,,,,,,,,,,,,,,,,,,,,
PTSD,IUS,event_trial_type_hrf4__CSplus_staying_rate_peripheral_SR_P_to_P,23.0,0.441751296483964,0.0348263072340618,holm,1.0,False,clinical_spearman_confirmatory.csv,/mnt/d/Thesis Masters/thesis-runs/ELA_run_5ROI/_merged_fit_runs_ela_5ROI/merge_extinction_ela_5ROI/ELA_features/confirmatory_analysis/clinical_spearman_confirmatory.csv,15,p_value,0.0348263072340618,,,,,,,,,,,,,,,,,,,,,,,,,,,,,,,,,,,
all,BAI_pre,event_trial_type_onset__ITI_freq_B1,48.0,0.2987009638935051,0.0391836821131337,holm,1.0,False,clinical_spearman_confirmatory.csv,/mnt/d/Thesis Masters/thesis-runs/ELA_run_5ROI/_merged_fit_runs_ela_5ROI/merge_extinction_ela_5ROI/ELA_features/confirmatory_analysis/clinical_spearman_confirmatory.csv,16,p_value,0.0391836821131337,,,,,,,,,,,,,,,,,,,,,,,,,,,,,,,,,,,
PTSD,BAI_pre,major_basin_transition_rate_TR_A_to_Aprime,24.0,0.4233455901885287,0.0392720175501629,holm,1.0,False,clinical_spearman_confirmatory.csv,/mnt/d/Thesis Masters/thesis-runs/ELA_run_5ROI/_merged_fit_runs_ela_5ROI/merge_extinction_ela_5ROI/ELA_features/confirmatory_analysis/clinical_spearman_confirmatory.csv,17,p_value,0.0392720175501629,,,,,,,,,,,,,,,,,,,,,,,,,,,,,,,,,,,
HC,IUS,event_trial_type_hrf4__CSplus_freq_B1,24.0,0.4213335406885939,0.0403158262569591,holm,1.0,False,clinical_spearman_confirmatory.csv,/mnt/d/Thesis Masters/thesis-runs/ELA_run_5ROI/_merged_fit_runs_ela_5ROI/merge_extinction_ela_5ROI/ELA_features/confirmatory_analysis/clinical_spearman_confirmatory.csv,18,p_value,0.0403158262569591,,,,,,,,,,,,,,,,,,,,,,,,,,,,,,,,,,,
HC,SAI_pre,event_trial_type_hrf4__CSminus_freq_B4,24.0,-0.4162857408788908,0.0430308711388081,holm,1.0,False,clinical_spearman_confirmatory.csv,/mnt/d/Thesis Masters/thesis-runs/ELA_run_5ROI/_merged_fit_runs_ela_5ROI/merge_extinction_ela_5ROI/ELA_features/confirmatory_analysis/clinical_spearman_confirmatory.csv,19,p_value,0.0430308711388081,,,,,,,,,,,,,,,,,,,,,,,,,,,,,,,,,,,
HC,BDI,event_trial_type_onset__CSminus_freq_B4,23.0,0.4248463070560284,0.0433047051867657,holm,1.0,False,clinical_spearman_confirmatory.csv,/mnt/d/Thesis Masters/thesis-runs/ELA_run_5ROI/_merged_fit_runs_ela_5ROI/merge_extinction_ela_5ROI/ELA_features/confirmatory_analysis/clinical_spearman_confirmatory.csv,20,p_value,0.0433047051867657,,,,,,,,,,,,,,,,,,,,,,,,,,,,,,,,,,,
,,dyn_Direct_transitions_from_B3_to_B4,48.0,,0.0545163276438777,holm,1.0,False,covariate_models_confirmatory.csv,/mnt/d/Thesis Masters/thesis-runs/ELA_run_5ROI/_merged_fit_runs_ela_5ROI/merge_extinction_ela_5ROI/ELA_features/confirmatory_analysis/covariate_models_confirmatory.csv,1,p_value,0.0545163276438777,dyn_Direct_transitions_from_B3_to_B4 ~ C(group) + age + C(sex),C(group)[T.PTSD],-0.0115115733886125,-1.9753987948665024,0.0908223604491879,0.0288329759343598,,,,,,,,,,,,,,,,,,,,,,,,,,,,,
,,event_trial_type_hrf6__CSplus_freq_B4,48.0,,0.0553002680659726,holm,1.0,False,covariate_models_confirmatory.csv,/mnt/d/Thesis Masters/thesis-runs/ELA_run_5ROI/_merged_fit_runs_ela_5ROI/merge_extinction_ela_5ROI/ELA_features/confirmatory_analysis/covariate_models_confirmatory.csv,2,p_value,0.0553002680659726,event_trial_type_hrf6__CSplus_freq_B4 ~ C(group) + age + C(sex),C(group)[T.PTSD],0.0590446360594479,1.968754552733499,0.0876189828095572,0.0254111861829362,,,,,,,,,,,,,,,,,,,,,,,,,,,,,
,,event_trial_type_hrf2__CSplus_freq_B4,48.0,,0.0853194651191371,holm,1.0,False,covariate_models_confirmatory.csv,/mnt/d/Thesis Masters/thesis-runs/ELA_run_5ROI/_merged_fit_runs_ela_5ROI/merge_extinction_ela_5ROI/ELA_features/confirmatory_analysis/covariate_models_confirmatory.csv,3,p_value,0.0853194651191371,event_trial_type_hrf2__CSplus_freq_B4 ~ C(group) + age + C(sex),C(group)[T.PTSD],-0.0630603133957243,-1.7602280160105592,0.075599072081897,0.012571736087481,,,,,,,,,,,,,,,,,,,,,,,,,,,,,
,,event_trial_type_hrf4__CSminus_freq_B2,48.0,,0.1198962393240202,holm,1.0,False,covariate_models_confirmatory.csv,/mnt/d/Thesis Masters/thesis-runs/ELA_run_5ROI/_merged_fit_runs_ela_5ROI/merge_extinction_ela_5ROI/ELA_features/confirmatory_analysis/covariate_models_confirmatory.csv,4,p_value,0.1198962393240202,event_trial_type_hrf4__CSminus_freq_B2 ~ C(group) + age + C(sex),C(group)[T.PTSD],-0.0375655029502435,-1.5860204114345224,0.0541006387893319,-0.0103924994750317,,,,,,,,,,,,,,,,,,,,,,,,,,,,,
,,event_trial_type_hrf6__CSplus_freq_B2,48.0,,0.1283987808640834,holm,1.0,False,covariate_models_confirmatory.csv,/mnt/d/Thesis Masters/thesis-runs/ELA_run_5ROI/_merged_fit_runs_ela_5ROI/merge_extinction_ela_5ROI/ELA_features/confirmatory_analysis/covariate_models_confirmatory.csv,5,p_value,0.1283987808640834,event_trial_type_hrf6__CSplus_freq_B2 ~ C(group) + age + C(sex),C(group)[T.PTSD],-0.0542876851494391,-1.5496098734511,0.0571530060013996,-0.0071320163166868,,,,,,,,,,,,,,,,,,,,,,,,,,,,,
,,basin_entropy,48.0,,0.1335621429613633,holm,1.0,False,covariate_models_confirmatory.csv,/mnt/d/Thesis Masters/thesis-runs/ELA_run_5ROI/_merged_fit_runs_ela_5ROI/merge_extinction_ela_5ROI/ELA_features/confirmatory_analysis/covariate_models_confirmatory.csv,6,p_value,0.1335621429613633,basin_entropy ~ C(group) + age + C(sex),C(group)[T.PTSD],-0.0163962008860273,-1.5284359430567354,0.0577928738485975,-0.0064485211162708,,,,,,,,,,,,,,,,,,,,,,,,,,,,,
,,event_trial_type_hrf2__CSminus_freq_B4,48.0,,0.1515642228385368,holm,1.0,False,covariate_models_confirmatory.csv,/mnt/d/Thesis Masters/thesis-runs/ELA_run_5ROI/_merged_fit_runs_ela_5ROI/merge_extinction_ela_5ROI/ELA_features/confirmatory_analysis/covariate_models_confirmatory.csv,7,p_value,0.1515642228385368,event_trial_type_hrf2__CSminus_freq_B4 ~ C(group) + age + C(sex),C(group)[T.PTSD],0.0407202802511844,1.4593774272441062,0.078666100685269,0.0158478802774465,,,,,,,,,,,,,,,,,,,,,,,,,,,,,
,,event_trial_type_onset__CSplus_freq_B1,48.0,,0.1853762497639923,holm,1.0,False,covariate_models_confirmatory.csv,/mnt/d/Thesis Masters/thesis-runs/ELA_run_5ROI/_merged_fit_runs_ela_5ROI/merge_extinction_ela_5ROI/ELA_features/confirmatory_analysis/covariate_models_confirmatory.csv,8,p_value,0.1853762497639923,event_trial_type_onset__CSplus_freq_B1 ~ C(group) + age + C(sex),C(group)[T.PTSD],0.0355579879825526,1.3454399608041612,0.0463263838704979,-0.0186968172292407,,,,,,,,,,,,,,,,,,,,,,,,,,,,,
,,event_trial_type_onset__ITI_freq_B2,48.0,,0.1914789376275237,holm,1.0,False,covariate_models_confirmatory.csv,/mnt/d/Thesis Masters/thesis-runs/ELA_run_5ROI/_merged_fit_runs_ela_5ROI/merge_extinction_ela_5ROI/ELA_features/confirmatory_analysis/covariate_models_confirmatory.csv,9,p_value,0.1914789376275237,event_trial_type_onset__ITI_freq_B2 ~ C(group) + age + C(sex),C(group)[T.PTSD],-0.0204372612258589,-1.3266197172694836,0.041262756670224,-0.0241056917386242,,,,,,,,,,,,,,,,,,,,,,,,,,,,,
,,event_trial_type_hrf2__CSminus_freq_B2,48.0,,0.1942118287513423,holm,1.0,False,covariate_models_confirmatory.csv,/mnt/d/Thesis Masters/thesis-runs/ELA_run_5ROI/_merged_fit_runs_ela_5ROI/merge_extinction_ela_5ROI/ELA_features/confirmatory_analysis/covariate_models_confirmatory.csv,10,p_value,0.1942118287513423,event_trial_type_hrf2__CSminus_freq_B2 ~ C(group) + age + C(sex),C(group)[T.PTSD],-0.0353911111333893,-1.3183395445296084,0.0390851206314141,-0.0264318029618984,,,,,,,,,,,,,,,,,,,,,,,,,,,,,
,,traveling_score_TR_AA_over_TR_PP,48.0,,0.2001071968888659,holm,1.0,False,covariate_models_confirmatory.csv,/mnt/d/Thesis Masters/thesis-runs/ELA_run_5ROI/_merged_fit_runs_ela_5ROI/merge_extinction_ela_5ROI/ELA_features/confirmatory_analysis/covariate_models_confirmatory.csv,11,p_value,0.2001071968888659,traveling_score_TR_AA_over_TR_PP ~ C(group) + age + C(sex),C(group)[T.PTSD],2.601166358223258,1.3007741821047272,0.0562298701359024,-0.0081180932639224,,,,,,,,,,,,,,,,,,,,,,,,,,,,,
,,event_trial_type_hrf6__ITI_freq_B1,48.0,,0.204443666968531,holm,1.0,False,covariate_models_confirmatory.csv,/mnt/d/Thesis Masters/thesis-runs/ELA_run_5ROI/_merged_fit_runs_ela_5ROI/merge_extinction_ela_5ROI/ELA_features/confirmatory_analysis/covariate_models_confirmatory.csv,12,p_value,0.204443666968531,event_trial_type_hrf6__ITI_freq_B1 ~ C(group) + age + C(sex),C(group)[T.PTSD],0.0249405888201026,1.2881015828483056,0.0592685401512658,-0.0048722412020569,,,,,,,,,,,,,,,,,,,,,,,,,,,,,
,,event_trial_type_hrf2__CSplus_freq_B2,48.0,,0.2047421106357256,holm,1.0,False,covariate_models_confirmatory.csv,/mnt/d/Thesis Masters/thesis-runs/ELA_run_5ROI/_merged_fit_runs_ela_5ROI/merge_extinction_ela_5ROI/ELA_features/confirmatory_analysis/covariate_models_confirmatory.csv,13,p_value,0.2047421106357256,event_trial_type_hrf2__CSplus_freq_B2 ~ C(group) + age + C(sex),C(group)[T.PTSD],0.0297568041302979,1.2872369055877837,0.0700276875919958,0.0066204844732683,,,,,,,,,,,,,,,,,,,,,,,,,,,,,
,,event_trial_type_hrf2__ITI_freq_B2,48.0,,0.2171262434371839,holm,1.0,False,covariate_models_confirmatory.csv,/mnt/d/Thesis Masters/thesis-runs/ELA_run_5ROI/_merged_fit_runs_ela_5ROI/merge_extinction_ela_5ROI/ELA_features/confirmatory_analysis/covariate_models_confirmatory.csv,14,p_value,0.2171262434371839,event_trial_type_hrf2__ITI_freq_B2 ~ C(group) + age + C(sex),C(group)[T.PTSD],-0.01909739419211,-1.2521615223005016,0.0354665508271745,-0.0302970934346089,,,,,,,,,,,,,,,,,,,,,,,,,,,,,
,,event_trial_type_hrf4__CSplus_major_to_peripheral_rate,48.0,,0.2254809023670574,holm,1.0,False,covariate_models_confirmatory.csv,/mnt/d/Thesis Masters/thesis-runs/ELA_run_5ROI/_merged_fit_runs_ela_5ROI/merge_extinction_ela_5ROI/ELA_features/confirmatory_analysis/covariate_models_confirmatory.csv,15,p_value,0.2254809023670574,event_trial_type_hrf4__CSplus_major_to_peripheral_rate ~ C(group) + age + C(sex),C(group)[T.PTSD],-0.0244221055034218,-1.2293323048812337,0.0793110416323222,0.0165367944708897,,,,,,,,,,,,,,,,,,,,,,,,,,,,,
,,staying_rate_peripheral_SR_P_to_P,48.0,,0.2320974852523378,holm,1.0,False,covariate_models_confirmatory.csv,/mnt/d/Thesis Masters/thesis-runs/ELA_run_5ROI/_merged_fit_runs_ela_5ROI/merge_extinction_ela_5ROI/ELA_features/confirmatory_analysis/covariate_models_confirmatory.csv,16,p_value,0.2320974852523378,staying_rate_peripheral_SR_P_to_P ~ C(group) + age + C(sex),C(group)[T.PTSD],-0.0201113968072357,-1.2116919946921898,0.0354183471137404,-0.030348583764868,,,,,,,,,,,,,,,,,,,,,,,,,,,,,
,,dyn_Frequency_of_B1,48.0,,0.2372228887280763,holm,1.0,False,covariate_models_confirmatory.csv,/mnt/d/Thesis Masters/thesis-runs/ELA_run_5ROI/_merged_fit_runs_ela_5ROI/merge_extinction_ela_5ROI/ELA_features/confirmatory_analysis/covariate_models_confirmatory.csv,17,p_value,0.2372228887280763,dyn_Frequency_of_B1 ~ C(group) + age + C(sex),C(group)[T.PTSD],0.0149044770915922,1.1982795179932804,0.0460097293998753,-0.0190350617774057,,,,,,,,,,,,,,,,,,,,,,,,,,,,,
,,obs_freq_B1,48.0,,0.2372245443451586,holm,1.0,False,covariate_models_confirmatory.csv,/mnt/d/Thesis Masters/thesis-runs/ELA_run_5ROI/_merged_fit_runs_ela_5ROI/merge_extinction_ela_5ROI/ELA_features/confirmatory_analysis/covariate_models_confirmatory.csv,18,p_value,0.2372245443451586,obs_freq_B1 ~ C(group) + age + C(sex),C(group)[T.PTSD],0.0149044327764221,1.1982752199005318,0.046010033015289,-0.0190347374609411,,,,,,,,,,,,,,,,,,,,,,,,,,,,,
,,event_trial_type_hrf2__ITI_freq_B1,48.0,,0.2538967711733187,holm,1.0,False,covariate_models_confirmatory.csv,/mnt/d/Thesis Masters/thesis-runs/ELA_run_5ROI/_merged_fit_runs_ela_5ROI/merge_extinction_ela_5ROI/ELA_features/confirmatory_analysis/covariate_models_confirmatory.csv,19,p_value,0.2538967711733187,event_trial_type_hrf2__ITI_freq_B1 ~ C(group) + age + C(sex),C(group)[T.PTSD],0.0196866832497867,1.156056568688497,0.0336818007161827,-0.0322035310531683,,,,,,,,,,,,,,,,,,,,,,,,,,,,,
,,event_trial_type_hrf4__CSplus_freq_B1,48.0,,0.2717449611402436,holm,1.0,False,covariate_models_confirmatory.csv,/mnt/d/Thesis Masters/thesis-runs/ELA_run_5ROI/_merged_fit_runs_ela_5ROI/merge_extinction_ela_5ROI/ELA_features/confirmatory_analysis/covariate_models_confirmatory.csv,20,p_value,0.2717449611402436,event_trial_type_hrf4__CSplus_freq_B1 ~ C(group) + age + C(sex),C(group)[T.PTSD],0.0375320689970369,1.1130170407263986,0.0347758380304418,-0.0310349002856644,,,,,,,,,,,,,,,,,,,,,,,,,,,,,
,,event_trial_type_hrf4__CSplus_peripheral_transition_rate_TR_P_to_Pprime,,,0.0397165403494464,holm,1.0,False,group_tests_confirmatory.csv,/mnt/d/Thesis Masters/thesis-runs/ELA_run_5ROI/_merged_fit_runs_ela_5ROI/merge_extinction_ela_5ROI/ELA_features/confirmatory_analysis/group_tests_confirmatory.csv,1,p_value,0.0397165403494464,,,,,,,group_overall,mannwhitney_u,24.0,24.0,HC,PTSD,0.0544393666138077,0.0370866472625273,0.0471938775510203,0.0206207482993197,0.0173527193512804,388.0,0.4436411978624069,0.3472222222222222,,,,,,,,,,,,,,,
,,event_trial_type_hrf4__CSplus_within_peripheral_rate_including_stay,,,0.0538303578947236,holm,1.0,False,group_tests_confirmatory.csv,/mnt/d/Thesis Masters/thesis-runs/ELA_run_5ROI/_merged_fit_runs_ela_5ROI/merge_extinction_ela_5ROI/ELA_features/confirmatory_analysis/group_tests_confirmatory.csv,2,p_value,0.0538303578947236,,,,,,,group_overall,mannwhitney_u,24.0,24.0,HC,PTSD,0.1674789266033442,0.1343344242024485,0.1520542920029346,0.1076388888888888,0.0331445024008956,382.0,0.4117363893921446,0.3263888888888889,,,,,,,,,,,,,,,
,,dyn_Direct_transitions_from_B3_to_B4,,,0.076156735888943,holm,1.0,False,group_tests_confirmatory.csv,/mnt/d/Thesis Masters/thesis-runs/ELA_run_5ROI/_merged_fit_runs_ela_5ROI/merge_extinction_ela_5ROI/ELA_features/confirmatory_analysis/group_tests_confirmatory.csv,3,p_value,0.076156735888943,,,,,,,group_overall,mannwhitney_u,24.0,24.0,HC,PTSD,0.0569545416666666,0.0474961666666666,0.058709,0.0466175,0.0094583749999999,374.5,0.5895819948661939,0.3003472222222222,,,,,,,,,,,,,,,
,,event_trial_type_hrf2__CSplus_freq_B4,,,0.0989479987314845,holm,1.0,False,group_tests_confirmatory.csv,/mnt/d/Thesis Masters/thesis-runs/ELA_run_5ROI/_merged_fit_runs_ela_5ROI/merge_extinction_ela_5ROI/ELA_features/confirmatory_analysis/group_tests_confirmatory.csv,4,p_value,0.0989479987314845,,,,,,,group_overall,mannwhitney_u,24.0,24.0,HC,PTSD,0.3504979006127645,0.3023658393149599,0.3393939393939393,0.2966173361522198,0.0481320612978045,368.5,0.4854770030760708,0.2795138888888889,,,,,,,,,,,,,,,
,,event_trial_type_hrf2__CSplus_freq_B2,,,0.1099606296703937,holm,1.0,False,group_tests_confirmatory.csv,/mnt/d/Thesis Masters/thesis-runs/ELA_run_5ROI/_merged_fit_runs_ela_5ROI/merge_extinction_ela_5ROI/ELA_features/confirmatory_analysis/group_tests_confirmatory.csv,5,p_value,0.1099606296703937,,,,,,,group_overall,mannwhitney_u,24.0,24.0,HC,PTSD,0.1662326772415479,0.1967533684193765,0.1715686274509803,0.1957446808510638,-0.0305206911778285,210.0,-0.4780934250655692,-0.2708333333333333,,,,,,,,,,,,,,,
,,event_trial_type_onset__CSplus_freq_B1,,,0.1399900975705198,holm,1.0,False,group_tests_confirmatory.csv,/mnt/d/Thesis Masters/thesis-runs/ELA_run_5ROI/_merged_fit_runs_ela_5ROI/merge_extinction_ela_5ROI/ELA_features/confirmatory_analysis/group_tests_confirmatory.csv,6,p_value,0.1399900975705198,,,,,,,group_overall,mannwhitney_u,24.0,24.0,HC,PTSD,0.2893745495414672,0.3197554862293266,0.298936170212766,0.3184523809523809,-0.0303809366878594,216.0,-0.4187707299425318,-0.25,,,,,,,,,,,,,,,
,,event_trial_type_hrf6__CSminus_freq_B3,,,0.1488154057998449,holm,1.0,False,group_tests_confirmatory.csv,/mnt/d/Thesis Masters/thesis-runs/ELA_run_5ROI/_merged_fit_runs_ela_5ROI/merge_extinction_ela_5ROI/ELA_features/confirmatory_analysis/group_tests_confirmatory.csv,7,p_value,0.1488154057998449,,,,,,,group_overall,mannwhitney_u,24.0,24.0,HC,PTSD,0.184671754184106,0.1563066880958977,0.1855867346938775,0.160064025610244,0.0283650660882083,358.5,0.4261452410910759,0.2447916666666666,,,,,,,,,,,,,,,
,,within_peripheral_rate_including_stay,,,0.148903644567255,holm,1.0,False,group_tests_confirmatory.csv,/mnt/d/Thesis Masters/thesis-runs/ELA_run_5ROI/_merged_fit_runs_ela_5ROI/merge_extinction_ela_5ROI/ELA_features/confirmatory_analysis/group_tests_confirmatory.csv,8,p_value,0.148903644567255,,,,,,,group_overall,mannwhitney_u,24.0,24.0,HC,PTSD,0.16071765442309,0.1444600296699406,0.1670437405731523,0.1311268896014658,0.0162576247531494,358.5,0.2805108216261519,0.2447916666666666,,,,,,,,,,,,,,,
,,event_trial_type_hrf2__ITI_freq_B4,,,0.1639749305610118,holm,1.0,False,group_tests_confirmatory.csv,/mnt/d/Thesis Masters/thesis-runs/ELA_run_5ROI/_merged_fit_runs_ela_5ROI/merge_extinction_ela_5ROI/ELA_features/confirmatory_analysis/group_tests_confirmatory.csv,9,p_value,0.1639749305610118,,,,,,,group_overall,mannwhitney_u,24.0,24.0,HC,PTSD,0.2962035318285547,0.3143657374543674,0.2949461474730737,0.3277465133349645,-0.0181622056258127,220.0,-0.3918413437196891,-0.2361111111111111,,,,,,,,,,,,,,,
,,event_trial_type_hrf6__CSplus_freq_B2,,,0.1768041953414432,holm,1.0,False,group_tests_confirmatory.csv,/mnt/d/Thesis Masters/thesis-runs/ELA_run_5ROI/_merged_fit_runs_ela_5ROI/merge_extinction_ela_5ROI/ELA_features/confirmatory_analysis/group_tests_confirmatory.csv,10,p_value,0.1768041953414432,,,,,,,group_overall,mannwhitney_u,24.0,24.0,HC,PTSD,0.2734140339805231,0.2330831909821641,0.2589285714285714,0.2262790697674418,0.040330842998359,354.0,0.4169105350568634,0.2291666666666666,,,,,,,,,,,,,,,
,,staying_rate_peripheral_SR_P_to_P,,,0.2047468727144266,holm,1.0,False,group_tests_confirmatory.csv,/mnt/d/Thesis Masters/thesis-runs/ELA_run_5ROI/_merged_fit_runs_ela_5ROI/merge_extinction_ela_5ROI/ELA_features/confirmatory_analysis/group_tests_confirmatory.csv,11,p_value,0.2047468727144266,,,,,,,group_overall,mannwhitney_u,24.0,24.0,HC,PTSD,0.1122691922385085,0.0980813542037787,0.1105548956388935,0.0922093677473802,0.0141878380347297,350.0,0.3100623648700303,0.2152777777777778,,,,,,,,,,,,,,,
,,event_trial_type_hrf4__CSminus_freq_B4,,,0.219759044232502,holm,1.0,False,group_tests_confirmatory.csv,/mnt/d/Thesis Masters/thesis-runs/ELA_run_5ROI/_merged_fit_runs_ela_5ROI/merge_extinction_ela_5ROI/ELA_features/confirmatory_analysis/group_tests_confirmatory.csv,12,p_value,0.219759044232502,,,,,,,group_overall,mannwhitney_u,24.0,24.0,HC,PTSD,0.3022727920465569,0.3260963518154436,0.2915094339622641,0.3230360065466449,-0.0238235597688867,228.0,-0.2852561582063671,-0.2083333333333333,,,,,,,,,,,,,,,
,,event_trial_type_hrf4__CSminus_freq_B2,,,0.2356667259350292,holm,1.0,False,group_tests_confirmatory.csv,/mnt/d/Thesis Masters/thesis-runs/ELA_run_5ROI/_merged_fit_runs_ela_5ROI/merge_extinction_ela_5ROI/ELA_features/confirmatory_analysis/group_tests_confirmatory.csv,13,p_value,0.2356667259350292,,,,,,,group_overall,mannwhitney_u,24.0,24.0,HC,PTSD,0.2169479121182249,0.1926061876641625,0.2182539682539682,0.1975609756097561,0.0243417244540624,346.0,0.3711011042917736,0.2013888888888889,,,,,,,,,,,,,,,
,,event_trial_type_hrf4__CSplus_staying_rate_peripheral_SR_P_to_P,,,0.2397135253246546,holm,1.0,False,group_tests_confirmatory.csv,/mnt/d/Thesis Masters/thesis-runs/ELA_run_5ROI/_merged_fit_runs_ela_5ROI/merge_extinction_ela_5ROI/ELA_features/confirmatory_analysis/group_tests_confirmatory.csv,14,p_value,0.2397135253246546,,,,,,,group_overall,mannwhitney_u,24.0,24.0,HC,PTSD,0.1130395599895364,0.0972477769399212,0.0935314685314685,0.080032012805122,0.0157917830496151,345.5,0.2383917957920949,0.1996527777777778,,,,,,,,,,,,,,,
,,dyn_Frequency_of_B1,,,0.2440019994248925,holm,1.0,False,group_tests_confirmatory.csv,/mnt/d/Thesis Masters/thesis-runs/ELA_run_5ROI/_merged_fit_runs_ela_5ROI/merge_extinction_ela_5ROI/ELA_features/confirmatory_analysis/group_tests_confirmatory.csv,15,p_value,0.2440019994248925,,,,,,,group_overall,mannwhitney_u,24.0,24.0,HC,PTSD,0.313712875,0.3239514583333334,0.309318,0.324327,-0.0102385833333333,231.0,-0.2966304787618901,-0.1979166666666666,,,,,,,,,,,,,,,
,,obs_freq_B1,,,0.2440019994248925,holm,1.0,False,group_tests_confirmatory.csv,/mnt/d/Thesis Masters/thesis-runs/ELA_run_5ROI/_merged_fit_runs_ela_5ROI/merge_extinction_ela_5ROI/ELA_features/confirmatory_analysis/group_tests_confirmatory.csv,16,p_value,0.2440019994248925,,,,,,,group_overall,mannwhitney_u,24.0,24.0,HC,PTSD,0.3137129667011979,0.323951474375438,0.3093179715751408,0.3243272491162253,-0.01023850767424,231.0,-0.2966280019884883,-0.1979166666666666,,,,,,,,,,,,,,,
,,event_trial_type_onset__ITI_freq_B3,,,0.2481745651717969,holm,1.0,False,group_tests_confirmatory.csv,/mnt/d/Thesis Masters/thesis-runs/ELA_run_5ROI/_merged_fit_runs_ela_5ROI/merge_extinction_ela_5ROI/ELA_features/confirmatory_analysis/group_tests_confirmatory.csv,17,p_value,0.2481745651717969,,,,,,,group_overall,mannwhitney_u,24.0,24.0,HC,PTSD,0.1551736678567992,0.1478209100416317,0.1580840590685346,0.1410709609845509,0.0073527578151675,344.5,0.1913755151897904,0.1961805555555555,,,,,,,,,,,,,,,
,,event_trial_type_hrf2__CSminus_freq_B2,,,0.2880530629857718,holm,1.0,False,group_tests_confirmatory.csv,/mnt/d/Thesis Masters/thesis-runs/ELA_run_5ROI/_merged_fit_runs_ela_5ROI/merge_extinction_ela_5ROI/ELA_features/confirmatory_analysis/group_tests_confirmatory.csv,18,p_value,0.2880530629857718,,,,,,,group_overall,mannwhitney_u,24.0,24.0,HC,PTSD,0.1824863833651594,0.1602309833687137,0.1747737556561085,0.1469002695417789,0.0222553999964457,340.0,0.2999035296364072,0.1805555555555555,,,,,,,,,,,,,,,
,,event_trial_type_hrf4__CSplus_freq_B3,,,0.2881447152158516,holm,1.0,False,group_tests_confirmatory.csv,/mnt/d/Thesis Masters/thesis-runs/ELA_run_5ROI/_merged_fit_runs_ela_5ROI/merge_extinction_ela_5ROI/ELA_features/confirmatory_analysis/group_tests_confirmatory.csv,19,p_value,0.2881447152158516,,,,,,,group_overall,mannwhitney_u,24.0,24.0,HC,PTSD,0.1294247236908235,0.113262385166594,0.1261363636363636,0.109903381642512,0.0161623385242294,340.0,0.2744243021436691,0.1805555555555555,,,,,,,,,,,,,,,
,,event_trial_type_hrf2__ITI_freq_B3,,,0.2882625058964004,holm,1.0,False,group_tests_confirmatory.csv,/mnt/d/Thesis Masters/thesis-runs/ELA_run_5ROI/_merged_fit_runs_ela_5ROI/merge_extinction_ela_5ROI/ELA_features/confirmatory_analysis/group_tests_confirmatory.csv,20,p_value,0.2882625058964004,,,,,,,group_overall,mannwhitney_u,24.0,24.0,HC,PTSD,0.1834764588809744,0.1693168169054629,0.1864789711505039,0.1710060807075732,0.0141596419755115,340.0,0.3187557350484627,0.1805555555555555,,,,,,,,,,,,,,,
PTSD,BDI,event_trial_type_hrf4__CSplus_freq_B4,24.0,-0.35865071578372,0.0852476419237977,holm,0.0852476419237977,False,clinical_spearman_confirmatory.csv,/mnt/d/Thesis Masters/thesis-runs/ELA_run_5ROI/_merged_fit_runs_ela_5ROI/merge_extinction_ela_5ROI/ELA_features/confirmatory_analysis_v3/clinical_spearman_confirmatory.csv,1,p_value,0.0852476419237977,,,,,,,,,,,,,,,,,,,,,all_tasks,all,PTSD,event_trial_type_hrf4__CSplus_freq_B4,global_locking,all,CS+ all-on/global locking,/mnt/d/Thesis Masters/thesis-runs/codebase/ela_primary_feature_list_template.csv,0.0852476419237977,False,0.0852476419237977,False,1.0,,
HC,IUS,event_trial_type_hrf4__CSplus_peripheral_transition_rate_TR_P_to_Pprime,24.0,0.3494358566188079,0.0941832018479502,holm,0.1883664036959004,False,clinical_spearman_confirmatory.csv,/mnt/d/Thesis Masters/thesis-runs/ELA_run_5ROI/_merged_fit_runs_ela_5ROI/merge_extinction_ela_5ROI/ELA_features/confirmatory_analysis_v3/clinical_spearman_confirmatory.csv,2,p_value,0.0941832018479502,,,,,,,,,,,,,,,,,,,,,all_tasks,all,HC,event_trial_type_hrf4__CSplus_peripheral_transition_rate_TR_P_to_Pprime,extinction_peripheral_dynamics,extinction,CS+ peripheral movement during extinction,/mnt/d/Thesis Masters/thesis-runs/codebase/ela_primary_feature_list_template.csv,0.1883664036959004,False,0.1883664036959004,False,2.0,,
HC,IUS,dyn_Direct_transitions_from_B2_to_B1,24.0,0.3321716710822939,0.1127753671668478,holm,0.2255507343336957,False,clinical_spearman_confirmatory.csv,/mnt/d/Thesis Masters/thesis-runs/ELA_run_5ROI/_merged_fit_runs_ela_5ROI/merge_extinction_ela_5ROI/ELA_features/confirmatory_analysis_v3/clinical_spearman_confirmatory.csv,3,p_value,0.1127753671668478,,,,,,,,,,,,,,,,,,,,,all_tasks,all,HC,dyn_Direct_transitions_from_B2_to_B1,peripheral_to_major_edges,all,Threat-like B2 to all-off B1 return route,/mnt/d/Thesis Masters/thesis-runs/codebase/ela_primary_feature_list_template.csv,0.2255507343336957,False,0.2255507343336957,False,2.0,,
all,PCL,event_trial_type_hrf4__CSplus_freq_B4,23.0,-0.3304438953233201,0.1235581628805156,holm,0.1235581628805156,False,clinical_spearman_confirmatory.csv,/mnt/d/Thesis Masters/thesis-runs/ELA_run_5ROI/_merged_fit_runs_ela_5ROI/merge_extinction_ela_5ROI/ELA_features/confirmatory_analysis_v3/clinical_spearman_confirmatory.csv,4,p_value,0.1235581628805156,,,,,,,,,,,,,,,,,,,,,all_tasks,all,all,event_trial_type_hrf4__CSplus_freq_B4,global_locking,all,CS+ all-on/global locking,/mnt/d/Thesis Masters/thesis-runs/codebase/ela_primary_feature_list_template.csv,0.1235581628805156,False,0.1235581628805156,False,1.0,,
PTSD,PCL,event_trial_type_hrf4__CSplus_freq_B4,23.0,-0.3304438953233201,0.1235581628805156,holm,0.1235581628805156,False,clinical_spearman_confirmatory.csv,/mnt/d/Thesis Masters/thesis-runs/ELA_run_5ROI/_merged_fit_runs_ela_5ROI/merge_extinction_ela_5ROI/ELA_features/confirmatory_analysis_v3/clinical_spearman_confirmatory.csv,5,p_value,0.1235581628805156,,,,,,,,,,,,,,,,,,,,,all_tasks,all,PTSD,event_trial_type_hrf4__CSplus_freq_B4,global_locking,all,CS+ all-on/global locking,/mnt/d/Thesis Masters/thesis-runs/codebase/ela_primary_feature_list_template.csv,0.1235581628805156,False,0.1235581628805156,False,1.0,,
PTSD,SAI_pre,event_trial_type_hrf4__CSplus_within_peripheral_rate_including_stay,24.0,0.3149527969394093,0.1338653955589594,holm,0.2677307911179188,False,clinical_spearman_confirmatory.csv,/mnt/d/Thesis Masters/thesis-runs/ELA_run_5ROI/_merged_fit_runs_ela_5ROI/merge_extinction_ela_5ROI/ELA_features/confirmatory_analysis_v3/clinical_spearman_confirmatory.csv,6,p_value,0.1338653955589594,,,,,,,,,,,,,,,,,,,,,all_tasks,all,PTSD,event_trial_type_hrf4__CSplus_within_peripheral_rate_including_stay,extinction_peripheral_dynamics,extinction,CS+ retention within peripheral basin space,/mnt/d/Thesis Masters/thesis-runs/codebase/ela_primary_feature_list_template.csv,0.2677307911179188,False,0.2677307911179188,False,2.0,,
HC,IUS,dyn_Direct_transitions_from_B3_to_B4,24.0,0.3128726416198243,0.1365929550155427,holm,0.2255507343336957,False,clinical_spearman_confirmatory.csv,/mnt/d/Thesis Masters/thesis-runs/ELA_run_5ROI/_merged_fit_runs_ela_5ROI/merge_extinction_ela_5ROI/ELA_features/confirmatory_analysis_v3/clinical_spearman_confirmatory.csv,7,p_value,0.1365929550155427,,,,,,,,,,,,,,,,,,,,,all_tasks,all,HC,dyn_Direct_transitions_from_B3_to_B4,peripheral_to_major_edges,all,Safety-like B3 to all-on B4 return route,/mnt/d/Thesis Masters/thesis-runs/codebase/ela_primary_feature_list_template.csv,0.2731859100310854,False,0.2255507343336957,False,2.0,,
all,BDI,dyn_Direct_transitions_from_B3_to_B4,47.0,-0.216895549714895,0.1430799312820344,holm,0.2861598625640689,False,clinical_spearman_confirmatory.csv,/mnt/d/Thesis Masters/thesis-runs/ELA_run_5ROI/_merged_fit_runs_ela_5ROI/merge_extinction_ela_5ROI/ELA_features/confirmatory_analysis_v3/clinical_spearman_confirmatory.csv,8,p_value,0.1430799312820344,,,,,,,,,,,,,,,,,,,,,all_tasks,all,all,dyn_Direct_transitions_from_B3_to_B4,peripheral_to_major_edges,all,Safety-like B3 to all-on B4 return route,/mnt/d/Thesis Masters/thesis-runs/codebase/ela_primary_feature_list_template.csv,0.2861598625640689,False,0.2861598625640689,False,2.0,,
PTSD,SAI_pre,traveling_score_TR_AA_over_TR_PP,24.0,-0.301591626955609,0.1520816612304148,holm,0.3041633224608296,False,clinical_spearman_confirmatory.csv,/mnt/d/Thesis Masters/thesis-runs/ELA_run_5ROI/_merged_fit_runs_ela_5ROI/merge_extinction_ela_5ROI/ELA_features/confirmatory_analysis_v3/clinical_spearman_confirmatory.csv,9,p_value,0.1520816612304148,,,,,,,,,,,,,,,,,,,,,all_tasks,all,PTSD,traveling_score_TR_AA_over_TR_PP,summary_scores,all,Generalized traveling score,/mnt/d/Thesis Masters/thesis-runs/codebase/ela_primary_feature_list_template.csv,0.3041633224608296,False,0.3041633224608296,False,2.0,,
all,BAI_pre,lingering_score_SR_AA_plus_SR_PP,48.0,-0.203496061869599,0.165361498462695,holm,0.3307229969253901,False,clinical_spearman_confirmatory.csv,/mnt/d/Thesis Masters/thesis-runs/ELA_run_5ROI/_merged_fit_runs_ela_5ROI/merge_extinction_ela_5ROI/ELA_features/confirmatory_analysis_v3/clinical_spearman_confirmatory.csv,10,p_value,0.165361498462695,,,,,,,,,,,,,,,,,,,,,all_tasks,all,all,lingering_score_SR_AA_plus_SR_PP,summary_scores,all,Generalized lingering score,/mnt/d/Thesis Masters/thesis-runs/codebase/ela_primary_feature_list_template.csv,0.3307229969253901,False,0.3307229969253901,False,2.0,,
HC,IUS,event_trial_type_hrf4__CSplus_freq_B4,24.0,-0.292462097440099,0.1654959567855154,holm,0.1654959567855154,False,clinical_spearman_confirmatory.csv,/mnt/d/Thesis Masters/thesis-runs/ELA_run_5ROI/_merged_fit_runs_ela_5ROI/merge_extinction_ela_5ROI/ELA_features/confirmatory_analysis_v3/clinical_spearman_confirmatory.csv,11,p_value,0.1654959567855154,,,,,,,,,,,,,,,,,,,,,all_tasks,all,HC,event_trial_type_hrf4__CSplus_freq_B4,global_locking,all,CS+ all-on/global locking,/mnt/d/Thesis Masters/thesis-runs/codebase/ela_primary_feature_list_template.csv,0.1654959567855154,False,0.1654959567855154,False,1.0,,
all,BAI_pre,dyn_Direct_transitions_from_B2_to_B1,48.0,0.2017563146134336,0.16908442766427,holm,0.33816885532854,False,clinical_spearman_confirmatory.csv,/mnt/d/Thesis Masters/thesis-runs/ELA_run_5ROI/_merged_fit_runs_ela_5ROI/merge_extinction_ela_5ROI/ELA_features/confirmatory_analysis_v3/clinical_spearman_confirmatory.csv,12,p_value,0.16908442766427,,,,,,,,,,,,,,,,,,,,,all_tasks,all,all,dyn_Direct_transitions_from_B2_to_B1,peripheral_to_major_edges,all,Threat-like B2 to all-off B1 return route,/mnt/d/Thesis Masters/thesis-runs/codebase/ela_primary_feature_list_template.csv,0.33816885532854,False,0.33816885532854,False,2.0,,
PTSD,SAI_pre,basin_entropy,24.0,0.282415280732998,0.1811908759826736,holm,0.1811908759826736,False,clinical_spearman_confirmatory.csv,/mnt/d/Thesis Masters/thesis-runs/ELA_run_5ROI/_merged_fit_runs_ela_5ROI/merge_extinction_ela_5ROI/ELA_features/confirmatory_analysis_v3/clinical_spearman_confirmatory.csv,13,p_value,0.1811908759826736,,,,,,,,,,,,,,,,,,,,,all_tasks,all,PTSD,basin_entropy,flexibility,all,Basin repertoire/flexibility,/mnt/d/Thesis Masters/thesis-runs/codebase/ela_primary_feature_list_template.csv,0.1811908759826736,False,0.1811908759826736,False,1.0,,
all,IUS,event_trial_type_hrf4__CSplus_freq_B4,47.0,-0.1969712115217593,0.1844928018669812,holm,0.1844928018669812,False,clinical_spearman_confirmatory.csv,/mnt/d/Thesis Masters/thesis-runs/ELA_run_5ROI/_merged_fit_runs_ela_5ROI/merge_extinction_ela_5ROI/ELA_features/confirmatory_analysis_v3/clinical_spearman_confirmatory.csv,14,p_value,0.1844928018669812,,,,,,,,,,,,,,,,,,,,,all_tasks,all,all,event_trial_type_hrf4__CSplus_freq_B4,global_locking,all,CS+ all-on/global locking,/mnt/d/Thesis Masters/thesis-runs/codebase/ela_primary_feature_list_template.csv,0.1844928018669812,False,0.1844928018669812,False,1.0,,
HC,BAI_pre,dyn_Direct_transitions_from_B3_to_B4,24.0,0.2799838602478994,0.1851384510267416,holm,0.3702769020534832,False,clinical_spearman_confirmatory.csv,/mnt/d/Thesis Masters/thesis-runs/ELA_run_5ROI/_merged_fit_runs_ela_5ROI/merge_extinction_ela_5ROI/ELA_features/confirmatory_analysis_v3/clinical_spearman_confirmatory.csv,15,p_value,0.1851384510267416,,,,,,,,,,,,,,,,,,,,,all_tasks,all,HC,dyn_Direct_transitions_from_B3_to_B4,peripheral_to_major_edges,all,Safety-like B3 to all-on B4 return route,/mnt/d/Thesis Masters/thesis-runs/codebase/ela_primary_feature_list_template.csv,0.3702769020534832,False,0.3702769020534832,False,2.0,,
PTSD,BAI_pre,event_trial_type_hrf4__CSminus_freq_B3,24.0,-0.2764708244443953,0.1909459383610992,holm,0.3818918767221984,False,clinical_spearman_confirmatory.csv,/mnt/d/Thesis Masters/thesis-runs/ELA_run_5ROI/_merged_fit_runs_ela_5ROI/merge_extinction_ela_5ROI/ELA_features/confirmatory_analysis_v3/clinical_spearman_confirmatory.csv,16,p_value,0.1909459383610992,,,,,,,,,,,,,,,,,,,,,all_tasks,all,PTSD,event_trial_type_hrf4__CSminus_freq_B3,event_threat_safety,all,CS− recruitment of safety-like B3,/mnt/d/Thesis Masters/thesis-runs/codebase/ela_primary_feature_list_template.csv,0.3818918767221984,False,0.3818918767221984,False,2.0,,
PTSD,BAI_pre,traveling_score_TR_AA_over_TR_PP,24.0,0.2748262010380264,0.1937070803488701,holm,0.3874141606977402,False,clinical_spearman_confirmatory.csv,/mnt/d/Thesis Masters/thesis-runs/ELA_run_5ROI/_merged_fit_runs_ela_5ROI/merge_extinction_ela_5ROI/ELA_features/confirmatory_analysis_v3/clinical_spearman_confirmatory.csv,17,p_value,0.1937070803488701,,,,,,,,,,,,,,,,,,,,,all_tasks,all,PTSD,traveling_score_TR_AA_over_TR_PP,summary_scores,all,Generalized traveling score,/mnt/d/Thesis Masters/thesis-runs/codebase/ela_primary_feature_list_template.csv,0.3874141606977402,False,0.3874141606977402,False,2.0,,
HC,SAI_pre,event_trial_type_hrf4__CSplus_within_peripheral_rate_including_stay,24.0,-0.271599725537768,0.199202873602355,holm,0.39840574720471,False,clinical_spearman_confirmatory.csv,/mnt/d/Thesis Masters/thesis-runs/ELA_run_5ROI/_merged_fit_runs_ela_5ROI/merge_extinction_ela_5ROI/ELA_features/confirmatory_analysis_v3/clinical_spearman_confirmatory.csv,18,p_value,0.199202873602355,,,,,,,,,,,,,,,,,,,,,all_tasks,all,HC,event_trial_type_hrf4__CSplus_within_peripheral_rate_including_stay,extinction_peripheral_dynamics,extinction,CS+ retention within peripheral basin space,/mnt/d/Thesis Masters/thesis-runs/codebase/ela_primary_feature_list_template.csv,0.39840574720471,False,0.39840574720471,False,2.0,,
HC,SAI_pre,basin_entropy,24.0,-0.2698587016561157,0.2022120072171005,holm,0.2022120072171005,False,clinical_spearman_confirmatory.csv,/mnt/d/Thesis Masters/thesis-runs/ELA_run_5ROI/_merged_fit_runs_ela_5ROI/merge_extinction_ela_5ROI/ELA_features/confirmatory_analysis_v3/clinical_spearman_confirmatory.csv,19,p_value,0.2022120072171005,,,,,,,,,,,,,,,,,,,,,all_tasks,all,HC,basin_entropy,flexibility,all,Basin repertoire/flexibility,/mnt/d/Thesis Masters/thesis-runs/codebase/ela_primary_feature_list_template.csv,0.2022120072171005,False,0.2022120072171005,False,1.0,,
PTSD,SAI_pre,event_trial_type_hrf4__CSplus_freq_B4,24.0,-0.2688036567147293,0.2040504253867838,holm,0.2040504253867838,False,clinical_spearman_confirmatory.csv,/mnt/d/Thesis Masters/thesis-runs/ELA_run_5ROI/_merged_fit_runs_ela_5ROI/merge_extinction_ela_5ROI/ELA_features/confirmatory_analysis_v3/clinical_spearman_confirmatory.csv,20,p_value,0.2040504253867838,,,,,,,,,,,,,,,,,,,,,all_tasks,all,PTSD,event_trial_type_hrf4__CSplus_freq_B4,global_locking,all,CS+ all-on/global locking,/mnt/d/Thesis Masters/thesis-runs/codebase/ela_primary_feature_list_template.csv,0.2040504253867838,False,0.2040504253867838,False,1.0,,
,,dyn_Direct_transitions_from_B3_to_B4,48.0,,0.0545163276438777,holm,0.1090326552877554,False,covariate_models_confirmatory.csv,/mnt/d/Thesis Masters/thesis-runs/ELA_run_5ROI/_merged_fit_runs_ela_5ROI/merge_extinction_ela_5ROI/ELA_features/confirmatory_analysis_v3/covariate_models_confirmatory.csv,1,p_value,0.0545163276438777,dyn_Direct_transitions_from_B3_to_B4 ~ C(group) + age + C(sex),C(group)[T.PTSD],-0.0115115733886125,-1.9753987948665024,0.0908223604491879,0.0288329759343598,,,,,,,,,,,,,,,all,,,dyn_Direct_transitions_from_B3_to_B4,peripheral_to_major_edges,,Safety-like B3 to all-on B4 return route,/mnt/d/Thesis Masters/thesis-runs/codebase/ela_primary_feature_list_template.csv,0.1090326552877554,False,0.1090326552877554,False,2.0,,
,,basin_entropy,48.0,,0.1335621429613633,holm,0.1335621429613633,False,covariate_models_confirmatory.csv,/mnt/d/Thesis Masters/thesis-runs/ELA_run_5ROI/_merged_fit_runs_ela_5ROI/merge_extinction_ela_5ROI/ELA_features/confirmatory_analysis_v3/covariate_models_confirmatory.csv,2,p_value,0.1335621429613633,basin_entropy ~ C(group) + age + C(sex),C(group)[T.PTSD],-0.0163962008860273,-1.5284359430567354,0.0577928738485975,-0.0064485211162708,,,,,,,,,,,,,,,all,,,basin_entropy,flexibility,,Basin repertoire/flexibility,/mnt/d/Thesis Masters/thesis-runs/codebase/ela_primary_feature_list_template.csv,0.1335621429613633,False,0.1335621429613633,False,1.0,,
,,traveling_score_TR_AA_over_TR_PP,48.0,,0.2001071968888659,holm,0.4002143937777319,False,covariate_models_confirmatory.csv,/mnt/d/Thesis Masters/thesis-runs/ELA_run_5ROI/_merged_fit_runs_ela_5ROI/merge_extinction_ela_5ROI/ELA_features/confirmatory_analysis_v3/covariate_models_confirmatory.csv,3,p_value,0.2001071968888659,traveling_score_TR_AA_over_TR_PP ~ C(group) + age + C(sex),C(group)[T.PTSD],2.601166358223258,1.3007741821047272,0.0562298701359024,-0.0081180932639224,,,,,,,,,,,,,,,all,,,traveling_score_TR_AA_over_TR_PP,summary_scores,,Generalized traveling score,/mnt/d/Thesis Masters/thesis-runs/codebase/ela_primary_feature_list_template.csv,0.4002143937777319,False,0.4002143937777319,False,2.0,,
,,event_trial_type_hrf4__CSplus_within_peripheral_rate_including_stay,48.0,,0.3202845100440772,holm,0.6405690200881545,False,covariate_models_confirmatory.csv,/mnt/d/Thesis Masters/thesis-runs/ELA_run_5ROI/_merged_fit_runs_ela_5ROI/merge_extinction_ela_5ROI/ELA_features/confirmatory_analysis_v3/covariate_models_confirmatory.csv,4,p_value,0.3202845100440772,event_trial_type_hrf4__CSplus_within_peripheral_rate_including_stay ~ C(group) + age + C(sex),C(group)[T.PTSD],-0.0292919631409674,-1.005225776152486,0.0569768850306112,-0.0073201455354834,,,,,,,,,,,,,,,extinction,,,event_trial_type_hrf4__CSplus_within_peripheral_rate_including_stay,extinction_peripheral_dynamics,,CS+ retention within peripheral basin space,/mnt/d/Thesis Masters/thesis-runs/codebase/ela_primary_feature_list_template.csv,0.6405690200881545,False,0.6405690200881545,False,2.0,,
,,event_trial_type_hrf4__CSplus_peripheral_transition_rate_TR_P_to_Pprime,48.0,,0.4770354021399646,holm,0.6405690200881545,False,covariate_models_confirmatory.csv,/mnt/d/Thesis Masters/thesis-runs/ELA_run_5ROI/_merged_fit_runs_ela_5ROI/merge_extinction_ela_5ROI/ELA_features/confirmatory_analysis_v3/covariate_models_confirmatory.csv,5,p_value,0.4770354021399646,event_trial_type_hrf4__CSplus_peripheral_transition_rate_TR_P_to_Pprime ~ C(group) + age + C(sex),C(group)[T.PTSD],-0.0099637813681815,-0.7172091897759021,0.0982802633329947,0.0367993721966081,,,,,,,,,,,,,,,extinction,,,event_trial_type_hrf4__CSplus_peripheral_transition_rate_TR_P_to_Pprime,extinction_peripheral_dynamics,,CS+ peripheral movement during extinction,/mnt/d/Thesis Masters/thesis-runs/codebase/ela_primary_feature_list_template.csv,0.9540708042799292,False,0.6405690200881545,False,2.0,,
,,staying_rate_major_SR_A_to_A,48.0,,0.6778777617999815,holm,1.0,False,covariate_models_confirmatory.csv,/mnt/d/Thesis Masters/thesis-runs/ELA_run_5ROI/_merged_fit_runs_ela_5ROI/merge_extinction_ela_5ROI/ELA_features/confirmatory_analysis_v3/covariate_models_confirmatory.csv,6,p_value,0.6778777617999815,staying_rate_major_SR_A_to_A ~ C(group) + age + C(sex),C(group)[T.PTSD],0.0117095165887226,0.4181410730738691,0.0136767361784165,-0.0535725772639641,,,,,,,,,,,,,,,all,,,staying_rate_major_SR_A_to_A,major_peripheral_dynamics,,Major-basin staying/locking,/mnt/d/Thesis Masters/thesis-runs/codebase/ela_primary_feature_list_template.csv,1.0,False,1.0,False,3.0,,
,,event_trial_type_hrf4__CSplus_freq_B2,48.0,,0.7109571286902068,holm,1.0,False,covariate_models_confirmatory.csv,/mnt/d/Thesis Masters/thesis-runs/ELA_run_5ROI/_merged_fit_runs_ela_5ROI/merge_extinction_ela_5ROI/ELA_features/confirmatory_analysis_v3/covariate_models_confirmatory.csv,7,p_value,0.7109571286902068,event_trial_type_hrf4__CSplus_freq_B2 ~ C(group) + age + C(sex),C(group)[T.PTSD],-0.0128976738681718,-0.3729760037317373,0.0069768882262437,-0.0607292330310578,,,,,,,,,,,,,,,all,,,event_trial_type_hrf4__CSplus_freq_B2,event_threat_safety,,CS+ recruitment of threat-like B2,/mnt/d/Thesis Masters/thesis-runs/codebase/ela_primary_feature_list_template.csv,1.0,False,1.0,False,2.0,,
,,peripheral_to_major_rate,48.0,,0.7339038188643549,holm,1.0,False,covariate_models_confirmatory.csv,/mnt/d/Thesis Masters/thesis-runs/ELA_run_5ROI/_merged_fit_runs_ela_5ROI/merge_extinction_ela_5ROI/ELA_features/confirmatory_analysis_v3/covariate_models_confirmatory.csv,8,p_value,0.7339038188643549,peripheral_to_major_rate ~ C(group) + age + C(sex),C(group)[T.PTSD],-0.0033495047757219,-0.3421007165005152,0.0409146711025436,-0.024477510413192,,,,,,,,,,,,,,,all,,,peripheral_to_major_rate,major_peripheral_dynamics,,Summary return from peripheral to major basins,/mnt/d/Thesis Masters/thesis-runs/codebase/ela_primary_feature_list_template.csv,1.0,False,1.0,False,3.0,,
,,lingering_score_SR_AA_plus_SR_PP,48.0,,0.7526577830149959,holm,0.7526577830149959,False,covariate_models_confirmatory.csv,/mnt/d/Thesis Masters/thesis-runs/ELA_run_5ROI/_merged_fit_runs_ela_5ROI/merge_extinction_ela_5ROI/ELA_features/confirmatory_analysis_v3/covariate_models_confirmatory.csv,9,p_value,0.7526577830149959,lingering_score_SR_AA_plus_SR_PP ~ C(group) + age + C(sex),C(group)[T.PTSD],-0.0084018802185131,-0.3171129164070415,0.0217536246180602,-0.0449449918852538,,,,,,,,,,,,,,,all,,,lingering_score_SR_AA_plus_SR_PP,summary_scores,,Generalized lingering score,/mnt/d/Thesis Masters/thesis-runs/codebase/ela_primary_feature_list_template.csv,1.0,False,0.7526577830149959,False,2.0,,
,,event_trial_type_hrf4__CSminus_freq_B3,48.0,,0.8438930313484867,holm,1.0,False,covariate_models_confirmatory.csv,/mnt/d/Thesis Masters/thesis-runs/ELA_run_5ROI/_merged_fit_runs_ela_5ROI/merge_extinction_ela_5ROI/ELA_features/confirmatory_analysis_v3/covariate_models_confirmatory.csv,10,p_value,0.8438930313484867,event_trial_type_hrf4__CSminus_freq_B3 ~ C(group) + age + C(sex),C(group)[T.PTSD],0.0055907243910599,0.1980822924181779,0.0216813425654549,-0.0450222022596276,,,,,,,,,,,,,,,all,,,event_trial_type_hrf4__CSminus_freq_B3,event_threat_safety,,CS− recruitment of safety-like B3,/mnt/d/Thesis Masters/thesis-runs/codebase/ela_primary_feature_list_template.csv,1.0,False,1.0,False,2.0,,
,,peripheral_transition_rate_TR_P_to_Pprime,48.0,,0.8677045741328228,holm,1.0,False,covariate_models_confirmatory.csv,/mnt/d/Thesis Masters/thesis-runs/ELA_run_5ROI/_merged_fit_runs_ela_5ROI/merge_extinction_ela_5ROI/ELA_features/confirmatory_analysis_v3/covariate_models_confirmatory.csv,11,p_value,0.8677045741328228,peripheral_transition_rate_TR_P_to_Pprime ~ C(group) + age + C(sex),C(group)[T.PTSD],0.0015393037175645,0.1675505876440789,0.0570687280779446,-0.0072220404621954,,,,,,,,,,,,,,,all,,,peripheral_transition_rate_TR_P_to_Pprime,major_peripheral_dynamics,,Movement among peripheral threat/safety basins,/mnt/d/Thesis Masters/thesis-runs/codebase/ela_primary_feature_list_template.csv,1.0,False,1.0,False,3.0,,
,,event_trial_type_hrf4__CSplus_freq_B4,48.0,,0.8840294656010412,holm,0.8840294656010412,False,covariate_models_confirmatory.csv,/mnt/d/Thesis Masters/thesis-runs/ELA_run_5ROI/_merged_fit_runs_ela_5ROI/merge_extinction_ela_5ROI/ELA_features/confirmatory_analysis_v3/covariate_models_confirmatory.csv,12,p_value,0.8840294656010412,event_trial_type_hrf4__CSplus_freq_B4 ~ C(group) + age + C(sex),C(group)[T.PTSD],-0.0048845555194587,-0.1467120535885144,0.0582042325732079,-0.0060091152058914,,,,,,,,,,,,,,,all,,,event_trial_type_hrf4__CSplus_freq_B4,global_locking,,CS+ all-on/global locking,/mnt/d/Thesis Masters/thesis-runs/codebase/ela_primary_feature_list_template.csv,0.8840294656010412,False,0.8840294656010412,False,1.0,,
,,dyn_Direct_transitions_from_B2_to_B1,48.0,,0.951899300535868,holm,0.951899300535868,False,covariate_models_confirmatory.csv,/mnt/d/Thesis Masters/thesis-runs/ELA_run_5ROI/_merged_fit_runs_ela_5ROI/merge_extinction_ela_5ROI/ELA_features/confirmatory_analysis_v3/covariate_models_confirmatory.csv,13,p_value,0.951899300535868,dyn_Direct_transitions_from_B2_to_B1 ~ C(group) + age + C(sex),C(group)[T.PTSD],0.0004063581246991,0.0606667989531505,0.014350846886482,-0.0528525044621668,,,,,,,,,,,,,,,all,,,dyn_Direct_transitions_from_B2_to_B1,peripheral_to_major_edges,,Threat-like B2 to all-off B1 return route,/mnt/d/Thesis Masters/thesis-runs/codebase/ela_primary_feature_list_template.csv,1.0,False,0.951899300535868,False,2.0,,
,,event_trial_type_hrf4__CSplus_peripheral_transition_rate_TR_P_to_Pprime,,,0.0397165403494464,holm,0.0794330806988929,False,group_tests_confirmatory.csv,/mnt/d/Thesis Masters/thesis-runs/ELA_run_5ROI/_merged_fit_runs_ela_5ROI/merge_extinction_ela_5ROI/ELA_features/confirmatory_analysis_v3/group_tests_confirmatory.csv,1,p_value,0.0397165403494464,,,,,,,group_overall,mannwhitney_u,24.0,24.0,HC,PTSD,0.0544393666138077,0.0370866472625273,0.0471938775510203,0.0206207482993197,0.0173527193512804,388.0,0.4436411978624069,0.3472222222222222,extinction,,,event_trial_type_hrf4__CSplus_peripheral_transition_rate_TR_P_to_Pprime,extinction_peripheral_dynamics,,CS+ peripheral movement during extinction,/mnt/d/Thesis Masters/thesis-runs/codebase/ela_primary_feature_list_template.csv,0.0794330806988929,False,0.0794330806988929,False,2.0,,
,,event_trial_type_hrf4__CSplus_within_peripheral_rate_including_stay,,,0.0538303578947236,holm,0.0794330806988929,False,group_tests_confirmatory.csv,/mnt/d/Thesis Masters/thesis-runs/ELA_run_5ROI/_merged_fit_runs_ela_5ROI/merge_extinction_ela_5ROI/ELA_features/confirmatory_analysis_v3/group_tests_confirmatory.csv,2,p_value,0.0538303578947236,,,,,,,group_overall,mannwhitney_u,24.0,24.0,HC,PTSD,0.1674789266033442,0.1343344242024485,0.1520542920029346,0.1076388888888888,0.0331445024008956,382.0,0.4117363893921446,0.3263888888888889,extinction,,,event_trial_type_hrf4__CSplus_within_peripheral_rate_including_stay,extinction_peripheral_dynamics,,CS+ retention within peripheral basin space,/mnt/d/Thesis Masters/thesis-runs/codebase/ela_primary_feature_list_template.csv,0.1076607157894473,False,0.0794330806988929,False,2.0,,
,,dyn_Direct_transitions_from_B3_to_B4,,,0.076156735888943,holm,0.1523134717778861,False,group_tests_confirmatory.csv,/mnt/d/Thesis Masters/thesis-runs/ELA_run_5ROI/_merged_fit_runs_ela_5ROI/merge_extinction_ela_5ROI/ELA_features/confirmatory_analysis_v3/group_tests_confirmatory.csv,3,p_value,0.076156735888943,,,,,,,group_overall,mannwhitney_u,24.0,24.0,HC,PTSD,0.0569545416666666,0.0474961666666666,0.058709,0.0466175,0.0094583749999999,374.5,0.5895819948661939,0.3003472222222222,all,,,dyn_Direct_transitions_from_B3_to_B4,peripheral_to_major_edges,,Safety-like B3 to all-on B4 return route,/mnt/d/Thesis Masters/thesis-runs/codebase/ela_primary_feature_list_template.csv,0.1523134717778861,False,0.1523134717778861,False,2.0,,
,,basin_entropy,,,0.3588416547603351,holm,0.3588416547603351,False,group_tests_confirmatory.csv,/mnt/d/Thesis Masters/thesis-runs/ELA_run_5ROI/_merged_fit_runs_ela_5ROI/merge_extinction_ela_5ROI/ELA_features/confirmatory_analysis_v3/group_tests_confirmatory.csv,4,p_value,0.3588416547603351,,,,,,,group_overall,mannwhitney_u,24.0,24.0,HC,PTSD,0.972517856304118,0.9615451826462248,0.9776174515955718,0.9701607681397626,0.0109726736578932,333.0,0.3685402632265467,0.15625,all,,,basin_entropy,flexibility,,Basin repertoire/flexibility,/mnt/d/Thesis Masters/thesis-runs/codebase/ela_primary_feature_list_template.csv,0.3588416547603351,False,0.3588416547603351,False,1.0,,
,,peripheral_to_major_rate,,,0.3697300025417955,holm,1.0,False,group_tests_confirmatory.csv,/mnt/d/Thesis Masters/thesis-runs/ELA_run_5ROI/_merged_fit_runs_ela_5ROI/merge_extinction_ela_5ROI/ELA_features/confirmatory_analysis_v3/group_tests_confirmatory.csv,5,p_value,0.3697300025417955,,,,,,,group_overall,mannwhitney_u,24.0,24.0,HC,PTSD,0.2154268905252635,0.2178874868786314,0.2121031334301722,0.2240583957451427,-0.0024605963533679,244.0,-0.0898739816873767,-0.1527777777777778,all,,,peripheral_to_major_rate,major_peripheral_dynamics,,Summary return from peripheral to major basins,/mnt/d/Thesis Masters/thesis-runs/codebase/ela_primary_feature_list_template.csv,1.0,False,1.0,False,3.0,,
,,peripheral_transition_rate_TR_P_to_Pprime,,,0.4516676319027237,holm,1.0,False,group_tests_confirmatory.csv,/mnt/d/Thesis Masters/thesis-runs/ELA_run_5ROI/_merged_fit_runs_ela_5ROI/merge_extinction_ela_5ROI/ELA_features/confirmatory_analysis_v3/group_tests_confirmatory.csv,6,p_value,0.4516676319027237,,,,,,,group_overall,mannwhitney_u,24.0,24.0,HC,PTSD,0.0484484621845814,0.0463786754661618,0.0522772400099279,0.0414255201874051,0.0020697867184196,325.0,0.0798698445504566,0.1284722222222222,all,,,peripheral_transition_rate_TR_P_to_Pprime,major_peripheral_dynamics,,Movement among peripheral threat/safety basins,/mnt/d/Thesis Masters/thesis-runs/codebase/ela_primary_feature_list_template.csv,1.0,False,1.0,False,3.0,,
,,traveling_score_TR_AA_over_TR_PP,,,0.4768260998856359,holm,0.953652199771272,False,group_tests_confirmatory.csv,/mnt/d/Thesis Masters/thesis-runs/ELA_run_5ROI/_merged_fit_runs_ela_5ROI/merge_extinction_ela_5ROI/ELA_features/confirmatory_analysis_v3/group_tests_confirmatory.csv,7,p_value,0.4768260998856359,,,,,,,group_overall,mannwhitney_u,24.0,24.0,HC,PTSD,3.8018639133770713,5.545140909285647,2.3666666666666667,3.0,-1.7432769959085754,253.0,-0.3128547294912324,-0.1215277777777777,all,,,traveling_score_TR_AA_over_TR_PP,summary_scores,,Generalized traveling score,/mnt/d/Thesis Masters/thesis-runs/codebase/ela_primary_feature_list_template.csv,0.953652199771272,False,0.953652199771272,False,2.0,,
,,event_trial_type_hrf4__CSminus_freq_B3,,,0.4961152661578033,holm,0.9922305323156068,False,group_tests_confirmatory.csv,/mnt/d/Thesis Masters/thesis-runs/ELA_run_5ROI/_merged_fit_runs_ela_5ROI/merge_extinction_ela_5ROI/ELA_features/confirmatory_analysis_v3/group_tests_confirmatory.csv,8,p_value,0.4961152661578033,,,,,,,group_overall,mannwhitney_u,24.0,24.0,HC,PTSD,0.1665791817171175,0.1578516597248516,0.1523947750362844,0.150375939849624,0.0087275219922659,321.5,0.111750502222688,0.1163194444444444,all,,,event_trial_type_hrf4__CSminus_freq_B3,event_threat_safety,,CS− recruitment of safety-like B3,/mnt/d/Thesis Masters/thesis-runs/codebase/ela_primary_feature_list_template.csv,0.9922305323156068,False,0.9922305323156068,False,2.0,,
,,lingering_score_SR_AA_plus_SR_PP,,,0.6061999655552118,holm,0.953652199771272,False,group_tests_confirmatory.csv,/mnt/d/Thesis Masters/thesis-runs/ELA_run_5ROI/_merged_fit_runs_ela_5ROI/merge_extinction_ela_5ROI/ELA_features/confirmatory_analysis_v3/group_tests_confirmatory.csv,9,p_value,0.6061999655552118,,,,,,,group_overall,mannwhitney_u,24.0,24.0,HC,PTSD,0.3951594498345314,0.3865288264856583,0.3966019417475728,0.3894993894993895,0.0086306233488731,313.5,0.1177394808929053,0.0885416666666666,all,,,lingering_score_SR_AA_plus_SR_PP,summary_scores,,Generalized lingering score,/mnt/d/Thesis Masters/thesis-runs/codebase/ela_primary_feature_list_template.csv,1.0,False,0.953652199771272,False,2.0,,
,,staying_rate_major_SR_A_to_A,,,0.7182088082363504,holm,1.0,False,group_tests_confirmatory.csv,/mnt/d/Thesis Masters/thesis-runs/ELA_run_5ROI/_merged_fit_runs_ela_5ROI/merge_extinction_ela_5ROI/ELA_features/confirmatory_analysis_v3/group_tests_confirmatory.csv,10,p_value,0.7182088082363504,,,,,,,group_overall,mannwhitney_u,24.0,24.0,HC,PTSD,0.2828902575960229,0.2884474722818795,0.276892328191462,0.2735494077906529,-0.0055572146858566,306.0,-0.0719412836465007,0.0625,all,,,staying_rate_major_SR_A_to_A,major_peripheral_dynamics,,Major-basin staying/locking,/mnt/d/Thesis Masters/thesis-runs/codebase/ela_primary_feature_list_template.csv,1.0,False,1.0,False,3.0,,
,,dyn_Direct_transitions_from_B2_to_B1,,,0.7492615005601906,holm,0.7492615005601906,False,group_tests_confirmatory.csv,/mnt/d/Thesis Masters/thesis-runs/ELA_run_5ROI/_merged_fit_runs_ela_5ROI/merge_extinction_ela_5ROI/ELA_features/confirmatory_analysis_v3/group_tests_confirmatory.csv,11,p_value,0.7492615005601906,,,,,,,group_overall,mannwhitney_u,24.0,24.0,HC,PTSD,0.0578233333333333,0.0603544166666666,0.0597015,0.061059,-0.0025310833333333,272.0,-0.1371853569837491,-0.0555555555555555,all,,,dyn_Direct_transitions_from_B2_to_B1,peripheral_to_major_edges,,Threat-like B2 to all-off B1 return route,/mnt/d/Thesis Masters/thesis-runs/codebase/ela_primary_feature_list_template.csv,1.0,False,0.7492615005601906,False,2.0,,
,,event_trial_type_hrf4__CSplus_freq_B4,,,0.8205427460539604,holm,0.8205427460539604,False,group_tests_confirmatory.csv,/mnt/d/Thesis Masters/thesis-runs/ELA_run_5ROI/_merged_fit_runs_ela_5ROI/merge_extinction_ela_5ROI/ELA_features/confirmatory_analysis_v3/group_tests_confirmatory.csv,12,p_value,0.8205427460539604,,,,,,,group_overall,mannwhitney_u,24.0,24.0,HC,PTSD,0.2880127975865736,0.2891874524512434,0.2817460317460317,0.2928433268858801,-0.0011746548646697,276.5,-0.0124902967318083,-0.0399305555555555,all,,,event_trial_type_hrf4__CSplus_freq_B4,global_locking,,CS+ all-on/global locking,/mnt/d/Thesis Masters/thesis-runs/codebase/ela_primary_feature_list_template.csv,0.8205427460539604,False,0.8205427460539604,False,1.0,,
,,event_trial_type_hrf4__CSplus_freq_B2,,,0.877062891389012,holm,0.9922305323156068,False,group_tests_confirmatory.csv,/mnt/d/Thesis Masters/thesis-runs/ELA_run_5ROI/_merged_fit_runs_ela_5ROI/merge_extinction_ela_5ROI/ELA_features/confirmatory_analysis_v3/group_tests_confirmatory.csv,13,p_value,0.877062891389012,,,,,,,group_overall,mannwhitney_u,24.0,24.0,HC,PTSD,0.254290366430457,0.248619201415557,0.2650501672240802,0.2358288770053475,0.0056711650148999,296.0,0.0596427145627015,0.0277777777777777,all,,,event_trial_type_hrf4__CSplus_freq_B2,event_threat_safety,,CS+ recruitment of threat-like B2,/mnt/d/Thesis Masters/thesis-runs/codebase/ela_primary_feature_list_template.csv,1.0,False,0.9922305323156068,False,2.0,,
,,event_trial_type_hrf4__CSplus_peripheral_transition_rate_TR_P_to_Pprime,,,0.0397165403494464,holm,0.0794330806988929,False,primary_results_for_manuscript.csv,/mnt/d/Thesis Masters/thesis-runs/ELA_run_5ROI/_merged_fit_runs_ela_5ROI/merge_extinction_ela_5ROI/ELA_features/confirmatory_analysis_v3/primary_results_for_manuscript.csv,1,p_value,0.0397165403494464,,,,,,,group_overall,mannwhitney_u,24.0,24.0,,,0.0544393666138077,0.0370866472625273,0.0471938775510203,0.0206207482993197,0.0173527193512804,388.0,0.4436411978624069,0.3472222222222222,extinction,,,,extinction_peripheral_dynamics,,CS+ peripheral movement during extinction,,0.0794330806988929,False,0.0794330806988929,False,2.0,overall_group_test,top_uncorrected_only
,,event_trial_type_hrf4__CSplus_within_peripheral_rate_including_stay,,,0.0538303578947236,holm,0.0794330806988929,False,primary_results_for_manuscript.csv,/mnt/d/Thesis Masters/thesis-runs/ELA_run_5ROI/_merged_fit_runs_ela_5ROI/merge_extinction_ela_5ROI/ELA_features/confirmatory_analysis_v3/primary_results_for_manuscript.csv,2,p_value,0.0538303578947236,,,,,,,group_overall,mannwhitney_u,24.0,24.0,,,0.1674789266033442,0.1343344242024485,0.1520542920029346,0.1076388888888888,0.0331445024008956,382.0,0.4117363893921446,0.3263888888888889,extinction,,,,extinction_peripheral_dynamics,,CS+ retention within peripheral basin space,,0.1076607157894473,False,0.0794330806988929,False,2.0,overall_group_test,top_uncorrected_only
,,dyn_Direct_transitions_from_B3_to_B4,48.0,,0.0545163276438777,holm,0.1090326552877554,False,primary_results_for_manuscript.csv,/mnt/d/Thesis Masters/thesis-runs/ELA_run_5ROI/_merged_fit_runs_ela_5ROI/merge_extinction_ela_5ROI/ELA_features/confirmatory_analysis_v3/primary_results_for_manuscript.csv,3,p_value,0.0545163276438777,,C(group)[T.PTSD],-0.0115115733886125,-1.9753987948665024,,,,,,,,,,,,,,,,,all,,,,peripheral_to_major_edges,,Safety-like B3 to all-on B4 return route,,0.1090326552877554,False,0.1090326552877554,False,2.0,covariate_model,top_uncorrected_only
,,dyn_Direct_transitions_from_B3_to_B4,,,0.076156735888943,holm,0.1523134717778861,False,primary_results_for_manuscript.csv,/mnt/d/Thesis Masters/thesis-runs/ELA_run_5ROI/_merged_fit_runs_ela_5ROI/merge_extinction_ela_5ROI/ELA_features/confirmatory_analysis_v3/primary_results_for_manuscript.csv,4,p_value,0.076156735888943,,,,,,,group_overall,mannwhitney_u,24.0,24.0,,,0.0569545416666666,0.0474961666666666,0.058709,0.0466175,0.0094583749999999,374.5,0.5895819948661939,0.3003472222222222,all,,,,peripheral_to_major_edges,,Safety-like B3 to all-on B4 return route,,0.1523134717778861,False,0.1523134717778861,False,2.0,overall_group_test,top_uncorrected_only
,BDI,event_trial_type_hrf4__CSplus_freq_B4,24.0,-0.35865071578372,0.0852476419237977,holm,0.0852476419237977,False,primary_results_for_manuscript.csv,/mnt/d/Thesis Masters/thesis-runs/ELA_run_5ROI/_merged_fit_runs_ela_5ROI/merge_extinction_ela_5ROI/ELA_features/confirmatory_analysis_v3/primary_results_for_manuscript.csv,5,p_value,0.0852476419237977,,,,,,,,,,,,,,,,,,,,,all_tasks,all,PTSD,,global_locking,,CS+ all-on/global locking,,0.0852476419237977,False,0.0852476419237977,False,1.0,clinical_spearman,top_uncorrected_only
,IUS,event_trial_type_hrf4__CSplus_peripheral_transition_rate_TR_P_to_Pprime,24.0,0.3494358566188079,0.0941832018479502,holm,0.1883664036959004,False,primary_results_for_manuscript.csv,/mnt/d/Thesis Masters/thesis-runs/ELA_run_5ROI/_merged_fit_runs_ela_5ROI/merge_extinction_ela_5ROI/ELA_features/confirmatory_analysis_v3/primary_results_for_manuscript.csv,6,p_value,0.0941832018479502,,,,,,,,,,,,,,,,,,,,,all_tasks,all,HC,,extinction_peripheral_dynamics,,CS+ peripheral movement during extinction,,0.1883664036959004,False,0.1883664036959004,False,2.0,clinical_spearman,top_uncorrected_only
,IUS,dyn_Direct_transitions_from_B2_to_B1,24.0,0.3321716710822939,0.1127753671668478,holm,0.2255507343336957,False,primary_results_for_manuscript.csv,/mnt/d/Thesis Masters/thesis-runs/ELA_run_5ROI/_merged_fit_runs_ela_5ROI/merge_extinction_ela_5ROI/ELA_features/confirmatory_analysis_v3/primary_results_for_manuscript.csv,7,p_value,0.1127753671668478,,,,,,,,,,,,,,,,,,,,,all_tasks,all,HC,,peripheral_to_major_edges,,Threat-like B2 to all-off B1 return route,,0.2255507343336957,False,0.2255507343336957,False,2.0,clinical_spearman,top_uncorrected_only
,PCL,event_trial_type_hrf4__CSplus_freq_B4,23.0,-0.3304438953233201,0.1235581628805156,holm,0.1235581628805156,False,primary_results_for_manuscript.csv,/mnt/d/Thesis Masters/thesis-runs/ELA_run_5ROI/_merged_fit_runs_ela_5ROI/merge_extinction_ela_5ROI/ELA_features/confirmatory_analysis_v3/primary_results_for_manuscript.csv,8,p_value,0.1235581628805156,,,,,,,,,,,,,,,,,,,,,all_tasks,all,all,,global_locking,,CS+ all-on/global locking,,0.1235581628805156,False,0.1235581628805156,False,1.0,clinical_spearman,top_uncorrected_only
,PCL,event_trial_type_hrf4__CSplus_freq_B4,23.0,-0.3304438953233201,0.1235581628805156,holm,0.1235581628805156,False,primary_results_for_manuscript.csv,/mnt/d/Thesis Masters/thesis-runs/ELA_run_5ROI/_merged_fit_runs_ela_5ROI/merge_extinction_ela_5ROI/ELA_features/confirmatory_analysis_v3/primary_results_for_manuscript.csv,9,p_value,0.1235581628805156,,,,,,,,,,,,,,,,,,,,,all_tasks,all,PTSD,,global_locking,,CS+ all-on/global locking,,0.1235581628805156,False,0.1235581628805156,False,1.0,clinical_spearman,top_uncorrected_only
,,basin_entropy,48.0,,0.1335621429613633,holm,0.1335621429613633,False,primary_results_for_manuscript.csv,/mnt/d/Thesis Masters/thesis-runs/ELA_run_5ROI/_merged_fit_runs_ela_5ROI/merge_extinction_ela_5ROI/ELA_features/confirmatory_analysis_v3/primary_results_for_manuscript.csv,10,p_value,0.1335621429613633,,C(group)[T.PTSD],-0.0163962008860273,-1.5284359430567354,,,,,,,,,,,,,,,,,all,,,,flexibility,,Basin repertoire/flexibility,,0.1335621429613633,False,0.1335621429613633,False,1.0,covariate_model,top_uncorrected_only
,,traveling_score_TR_AA_over_TR_PP,48.0,,0.2001071968888659,holm,0.4002143937777319,False,primary_results_for_manuscript.csv,/mnt/d/Thesis Masters/thesis-runs/ELA_run_5ROI/_merged_fit_runs_ela_5ROI/merge_extinction_ela_5ROI/ELA_features/confirmatory_analysis_v3/primary_results_for_manuscript.csv,11,p_value,0.2001071968888659,,C(group)[T.PTSD],2.601166358223258,1.3007741821047272,,,,,,,,,,,,,,,,,all,,,,summary_scores,,Generalized traveling score,,0.4002143937777319,False,0.4002143937777319,False,2.0,covariate_model,top_uncorrected_only
,,event_trial_type_hrf4__CSplus_within_peripheral_rate_including_stay,48.0,,0.3202845100440772,holm,0.6405690200881545,False,primary_results_for_manuscript.csv,/mnt/d/Thesis Masters/thesis-runs/ELA_run_5ROI/_merged_fit_runs_ela_5ROI/merge_extinction_ela_5ROI/ELA_features/confirmatory_analysis_v3/primary_results_for_manuscript.csv,12,p_value,0.3202845100440772,,C(group)[T.PTSD],-0.0292919631409674,-1.005225776152486,,,,,,,,,,,,,,,,,extinction,,,,extinction_peripheral_dynamics,,CS+ retention within peripheral basin space,,0.6405690200881545,False,0.6405690200881545,False,2.0,covariate_model,top_uncorrected_only
,,basin_entropy,,,0.3588416547603351,holm,0.3588416547603351,False,primary_results_for_manuscript.csv,/mnt/d/Thesis Masters/thesis-runs/ELA_run_5ROI/_merged_fit_runs_ela_5ROI/merge_extinction_ela_5ROI/ELA_features/confirmatory_analysis_v3/primary_results_for_manuscript.csv,13,p_value,0.3588416547603351,,,,,,,group_overall,mannwhitney_u,24.0,24.0,,,0.972517856304118,0.9615451826462248,0.9776174515955718,0.9701607681397626,0.0109726736578932,333.0,0.3685402632265467,0.15625,all,,,,flexibility,,Basin repertoire/flexibility,,0.3588416547603351,False,0.3588416547603351,False,1.0,overall_group_test,top_uncorrected_only
,,peripheral_to_major_rate,,,0.3697300025417955,holm,1.0,False,primary_results_for_manuscript.csv,/mnt/d/Thesis Masters/thesis-runs/ELA_run_5ROI/_merged_fit_runs_ela_5ROI/merge_extinction_ela_5ROI/ELA_features/confirmatory_analysis_v3/primary_results_for_manuscript.csv,14,p_value,0.3697300025417955,,,,,,,group_overall,mannwhitney_u,24.0,24.0,,,0.2154268905252635,0.2178874868786314,0.2121031334301722,0.2240583957451427,-0.0024605963533679,244.0,-0.0898739816873767,-0.1527777777777778,all,,,,major_peripheral_dynamics,,Summary return from peripheral to major basins,,1.0,False,1.0,False,3.0,overall_group_test,top_uncorrected_only
,,event_trial_type_hrf4__CSplus_peripheral_transition_rate_TR_P_to_Pprime,48.0,,0.4770354021399646,holm,0.6405690200881545,False,primary_results_for_manuscript.csv,/mnt/d/Thesis Masters/thesis-runs/ELA_run_5ROI/_merged_fit_runs_ela_5ROI/merge_extinction_ela_5ROI/ELA_features/confirmatory_analysis_v3/primary_results_for_manuscript.csv,15,p_value,0.4770354021399646,,C(group)[T.PTSD],-0.0099637813681815,-0.7172091897759021,,,,,,,,,,,,,,,,,extinction,,,,extinction_peripheral_dynamics,,CS+ peripheral movement during extinction,,0.9540708042799292,False,0.6405690200881545,False,2.0,covariate_model,top_uncorrected_only
PTSD,PCL,event_trial_type_onset__CSminus_freq_B3,23.0,0.4070324539279318,0.0539033652494682,holm,0.1078067304989364,False,clinical_spearman_confirmatory.csv,/mnt/d/Thesis Masters/thesis-runs/ELA_run_5ROI/_merged_fit_runs_ela_5ROI/merge_extinction_ela_5ROI/ELA_features/confirmatory_analysis_v3_notaskfilter/clinical_spearman_confirmatory.csv,1,p_value,0.0539033652494682,,,,,,,,,,,,,,,,,,,,,all_tasks,all,PTSD,event_trial_type_onset__CSminus_freq_B3,renewal_safety_retrieval,renewal,CS− safety-like B3 occupancy during renewal,/mnt/d/Thesis Masters/thesis-runs/codebase/ela_primary_feature_list_template.csv,0.1078067304989364,False,0.1078067304989364,False,2.0,,
all,PCL,event_trial_type_onset__CSminus_freq_B3,23.0,0.4070324539279318,0.0539033652494682,holm,0.1078067304989364,False,clinical_spearman_confirmatory.csv,/mnt/d/Thesis Masters/thesis-runs/ELA_run_5ROI/_merged_fit_runs_ela_5ROI/merge_extinction_ela_5ROI/ELA_features/confirmatory_analysis_v3_notaskfilter/clinical_spearman_confirmatory.csv,2,p_value,0.0539033652494682,,,,,,,,,,,,,,,,,,,,,all_tasks,all,all,event_trial_type_onset__CSminus_freq_B3,renewal_safety_retrieval,renewal,CS− safety-like B3 occupancy during renewal,/mnt/d/Thesis Masters/thesis-runs/codebase/ela_primary_feature_list_template.csv,0.1078067304989364,False,0.1078067304989364,False,2.0,,
all,BDI,event_trial_type_onset__CSminus_freq_B1,47.0,-0.2605109290644717,0.0769674258216438,holm,0.1539348516432876,False,clinical_spearman_confirmatory.csv,/mnt/d/Thesis Masters/thesis-runs/ELA_run_5ROI/_merged_fit_runs_ela_5ROI/merge_extinction_ela_5ROI/ELA_features/confirmatory_analysis_v3_notaskfilter/clinical_spearman_confirmatory.csv,3,p_value,0.0769674258216438,,,,,,,,,,,,,,,,,,,,,all_tasks,all,all,event_trial_type_onset__CSminus_freq_B1,renewal_safety_retrieval,renewal,CS− all-off occupancy during renewal,/mnt/d/Thesis Masters/thesis-runs/codebase/ela_primary_feature_list_template.csv,0.1539348516432876,False,0.1539348516432876,False,2.0,,
PTSD,BDI,event_trial_type_hrf4__CSplus_freq_B4,24.0,-0.35865071578372,0.0852476419237977,holm,0.0852476419237977,False,clinical_spearman_confirmatory.csv,/mnt/d/Thesis Masters/thesis-runs/ELA_run_5ROI/_merged_fit_runs_ela_5ROI/merge_extinction_ela_5ROI/ELA_features/confirmatory_analysis_v3_notaskfilter/clinical_spearman_confirmatory.csv,4,p_value,0.0852476419237977,,,,,,,,,,,,,,,,,,,,,all_tasks,all,PTSD,event_trial_type_hrf4__CSplus_freq_B4,global_locking,all,CS+ all-on/global locking,/mnt/d/Thesis Masters/thesis-runs/codebase/ela_primary_feature_list_template.csv,0.0852476419237977,False,0.0852476419237977,False,1.0,,
HC,IUS,event_trial_type_hrf4__CSplus_peripheral_transition_rate_TR_P_to_Pprime,24.0,0.3494358566188079,0.0941832018479502,holm,0.1883664036959004,False,clinical_spearman_confirmatory.csv,/mnt/d/Thesis Masters/thesis-runs/ELA_run_5ROI/_merged_fit_runs_ela_5ROI/merge_extinction_ela_5ROI/ELA_features/confirmatory_analysis_v3_notaskfilter/clinical_spearman_confirmatory.csv,5,p_value,0.0941832018479502,,,,,,,,,,,,,,,,,,,,,all_tasks,all,HC,event_trial_type_hrf4__CSplus_peripheral_transition_rate_TR_P_to_Pprime,extinction_peripheral_dynamics,extinction,CS+ peripheral movement during extinction,/mnt/d/Thesis Masters/thesis-runs/codebase/ela_primary_feature_list_template.csv,0.1883664036959004,False,0.1883664036959004,False,2.0,,
HC,IUS,dyn_Direct_transitions_from_B2_to_B1,24.0,0.3321716710822939,0.1127753671668478,holm,0.2255507343336957,False,clinical_spearman_confirmatory.csv,/mnt/d/Thesis Masters/thesis-runs/ELA_run_5ROI/_merged_fit_runs_ela_5ROI/merge_extinction_ela_5ROI/ELA_features/confirmatory_analysis_v3_notaskfilter/clinical_spearman_confirmatory.csv,6,p_value,0.1127753671668478,,,,,,,,,,,,,,,,,,,,,all_tasks,all,HC,dyn_Direct_transitions_from_B2_to_B1,peripheral_to_major_edges,all,Threat-like B2 to all-off B1 return route,/mnt/d/Thesis Masters/thesis-runs/codebase/ela_primary_feature_list_template.csv,0.2255507343336957,False,0.2255507343336957,False,2.0,,
PTSD,BDI,event_trial_type_onset__CSminus_freq_B1,24.0,-0.3285465933356557,0.1169986498180656,holm,0.2339972996361313,False,clinical_spearman_confirmatory.csv,/mnt/d/Thesis Masters/thesis-runs/ELA_run_5ROI/_merged_fit_runs_ela_5ROI/merge_extinction_ela_5ROI/ELA_features/confirmatory_analysis_v3_notaskfilter/clinical_spearman_confirmatory.csv,7,p_value,0.1169986498180656,,,,,,,,,,,,,,,,,,,,,all_tasks,all,PTSD,event_trial_type_onset__CSminus_freq_B1,renewal_safety_retrieval,renewal,CS− all-off occupancy during renewal,/mnt/d/Thesis Masters/thesis-runs/codebase/ela_primary_feature_list_template.csv,0.2339972996361313,False,0.2339972996361313,False,2.0,,
PTSD,PCL,event_trial_type_hrf4__CSplus_freq_B4,23.0,-0.3304438953233201,0.1235581628805156,holm,0.1235581628805156,False,clinical_spearman_confirmatory.csv,/mnt/d/Thesis Masters/thesis-runs/ELA_run_5ROI/_merged_fit_runs_ela_5ROI/merge_extinction_ela_5ROI/ELA_features/confirmatory_analysis_v3_notaskfilter/clinical_spearman_confirmatory.csv,8,p_value,0.1235581628805156,,,,,,,,,,,,,,,,,,,,,all_tasks,all,PTSD,event_trial_type_hrf4__CSplus_freq_B4,global_locking,all,CS+ all-on/global locking,/mnt/d/Thesis Masters/thesis-runs/codebase/ela_primary_feature_list_template.csv,0.1235581628805156,False,0.1235581628805156,False,1.0,,
all,PCL,event_trial_type_hrf4__CSplus_freq_B4,23.0,-0.3304438953233201,0.1235581628805156,holm,0.1235581628805156,False,clinical_spearman_confirmatory.csv,/mnt/d/Thesis Masters/thesis-runs/ELA_run_5ROI/_merged_fit_runs_ela_5ROI/merge_extinction_ela_5ROI/ELA_features/confirmatory_analysis_v3_notaskfilter/clinical_spearman_confirmatory.csv,9,p_value,0.1235581628805156,,,,,,,,,,,,,,,,,,,,,all_tasks,all,all,event_trial_type_hrf4__CSplus_freq_B4,global_locking,all,CS+ all-on/global locking,/mnt/d/Thesis Masters/thesis-runs/codebase/ela_primary_feature_list_template.csv,0.1235581628805156,False,0.1235581628805156,False,1.0,,
PTSD,SAI_pre,event_trial_type_hrf4__CSplus_within_peripheral_rate_including_stay,24.0,0.3149527969394093,0.1338653955589594,holm,0.2677307911179188,False,clinical_spearman_confirmatory.csv,/mnt/d/Thesis Masters/thesis-runs/ELA_run_5ROI/_merged_fit_runs_ela_5ROI/merge_extinction_ela_5ROI/ELA_features/confirmatory_analysis_v3_notaskfilter/clinical_spearman_confirmatory.csv,10,p_value,0.1338653955589594,,,,,,,,,,,,,,,,,,,,,all_tasks,all,PTSD,event_trial_type_hrf4__CSplus_within_peripheral_rate_including_stay,extinction_peripheral_dynamics,extinction,CS+ retention within peripheral basin space,/mnt/d/Thesis Masters/thesis-runs/codebase/ela_primary_feature_list_template.csv,0.2677307911179188,False,0.2677307911179188,False,2.0,,
HC,IUS,dyn_Direct_transitions_from_B3_to_B4,24.0,0.3128726416198243,0.1365929550155427,holm,0.2255507343336957,False,clinical_spearman_confirmatory.csv,/mnt/d/Thesis Masters/thesis-runs/ELA_run_5ROI/_merged_fit_runs_ela_5ROI/merge_extinction_ela_5ROI/ELA_features/confirmatory_analysis_v3_notaskfilter/clinical_spearman_confirmatory.csv,11,p_value,0.1365929550155427,,,,,,,,,,,,,,,,,,,,,all_tasks,all,HC,dyn_Direct_transitions_from_B3_to_B4,peripheral_to_major_edges,all,Safety-like B3 to all-on B4 return route,/mnt/d/Thesis Masters/thesis-runs/codebase/ela_primary_feature_list_template.csv,0.2731859100310854,False,0.2255507343336957,False,2.0,,
all,IUS,event_trial_type_onset__CSminus_freq_B1,47.0,-0.2177654687530358,0.1414437484124516,holm,0.2828874968249033,False,clinical_spearman_confirmatory.csv,/mnt/d/Thesis Masters/thesis-runs/ELA_run_5ROI/_merged_fit_runs_ela_5ROI/merge_extinction_ela_5ROI/ELA_features/confirmatory_analysis_v3_notaskfilter/clinical_spearman_confirmatory.csv,12,p_value,0.1414437484124516,,,,,,,,,,,,,,,,,,,,,all_tasks,all,all,event_trial_type_onset__CSminus_freq_B1,renewal_safety_retrieval,renewal,CS− all-off occupancy during renewal,/mnt/d/Thesis Masters/thesis-runs/codebase/ela_primary_feature_list_template.csv,0.2828874968249033,False,0.2828874968249033,False,2.0,,
all,BDI,dyn_Direct_transitions_from_B3_to_B4,47.0,-0.216895549714895,0.1430799312820344,holm,0.2861598625640689,False,clinical_spearman_confirmatory.csv,/mnt/d/Thesis Masters/thesis-runs/ELA_run_5ROI/_merged_fit_runs_ela_5ROI/merge_extinction_ela_5ROI/ELA_features/confirmatory_analysis_v3_notaskfilter/clinical_spearman_confirmatory.csv,13,p_value,0.1430799312820344,,,,,,,,,,,,,,,,,,,,,all_tasks,all,all,dyn_Direct_transitions_from_B3_to_B4,peripheral_to_major_edges,all,Safety-like B3 to all-on B4 return route,/mnt/d/Thesis Masters/thesis-runs/codebase/ela_primary_feature_list_template.csv,0.2861598625640689,False,0.2861598625640689,False,2.0,,
PTSD,SAI_pre,traveling_score_TR_AA_over_TR_PP,24.0,-0.301591626955609,0.1520816612304148,holm,0.3041633224608296,False,clinical_spearman_confirmatory.csv,/mnt/d/Thesis Masters/thesis-runs/ELA_run_5ROI/_merged_fit_runs_ela_5ROI/merge_extinction_ela_5ROI/ELA_features/confirmatory_analysis_v3_notaskfilter/clinical_spearman_confirmatory.csv,14,p_value,0.1520816612304148,,,,,,,,,,,,,,,,,,,,,all_tasks,all,PTSD,traveling_score_TR_AA_over_TR_PP,summary_scores,all,Generalized traveling score,/mnt/d/Thesis Masters/thesis-runs/codebase/ela_primary_feature_list_template.csv,0.3041633224608296,False,0.3041633224608296,False,2.0,,
HC,BDI,event_trial_type_hrf4__CSplus_staying_rate_major_SR_A_to_A,23.0,0.3016648012606841,0.1618446197234044,holm,0.3236892394468089,False,clinical_spearman_confirmatory.csv,/mnt/d/Thesis Masters/thesis-runs/ELA_run_5ROI/_merged_fit_runs_ela_5ROI/merge_extinction_ela_5ROI/ELA_features/confirmatory_analysis_v3_notaskfilter/clinical_spearman_confirmatory.csv,15,p_value,0.1618446197234044,,,,,,,,,,,,,,,,,,,,,all_tasks,all,HC,event_trial_type_hrf4__CSplus_staying_rate_major_SR_A_to_A,acquisition_threat_learning,acquisition,CS+ major-basin staying during acquisition,/mnt/d/Thesis Masters/thesis-runs/codebase/ela_primary_feature_list_template.csv,0.3236892394468089,False,0.3236892394468089,False,2.0,,
all,BAI_pre,lingering_score_SR_AA_plus_SR_PP,48.0,-0.203496061869599,0.165361498462695,holm,0.3307229969253901,False,clinical_spearman_confirmatory.csv,/mnt/d/Thesis Masters/thesis-runs/ELA_run_5ROI/_merged_fit_runs_ela_5ROI/merge_extinction_ela_5ROI/ELA_features/confirmatory_analysis_v3_notaskfilter/clinical_spearman_confirmatory.csv,16,p_value,0.165361498462695,,,,,,,,,,,,,,,,,,,,,all_tasks,all,all,lingering_score_SR_AA_plus_SR_PP,summary_scores,all,Generalized lingering score,/mnt/d/Thesis Masters/thesis-runs/codebase/ela_primary_feature_list_template.csv,0.3307229969253901,False,0.3307229969253901,False,2.0,,
HC,IUS,event_trial_type_hrf4__CSplus_freq_B4,24.0,-0.292462097440099,0.1654959567855154,holm,0.1654959567855154,False,clinical_spearman_confirmatory.csv,/mnt/d/Thesis Masters/thesis-runs/ELA_run_5ROI/_merged_fit_runs_ela_5ROI/merge_extinction_ela_5ROI/ELA_features/confirmatory_analysis_v3_notaskfilter/clinical_spearman_confirmatory.csv,17,p_value,0.1654959567855154,,,,,,,,,,,,,,,,,,,,,all_tasks,all,HC,event_trial_type_hrf4__CSplus_freq_B4,global_locking,all,CS+ all-on/global locking,/mnt/d/Thesis Masters/thesis-runs/codebase/ela_primary_feature_list_template.csv,0.1654959567855154,False,0.1654959567855154,False,1.0,,
all,BAI_pre,dyn_Direct_transitions_from_B2_to_B1,48.0,0.2017563146134336,0.16908442766427,holm,0.33816885532854,False,clinical_spearman_confirmatory.csv,/mnt/d/Thesis Masters/thesis-runs/ELA_run_5ROI/_merged_fit_runs_ela_5ROI/merge_extinction_ela_5ROI/ELA_features/confirmatory_analysis_v3_notaskfilter/clinical_spearman_confirmatory.csv,18,p_value,0.16908442766427,,,,,,,,,,,,,,,,,,,,,all_tasks,all,all,dyn_Direct_transitions_from_B2_to_B1,peripheral_to_major_edges,all,Threat-like B2 to all-off B1 return route,/mnt/d/Thesis Masters/thesis-runs/codebase/ela_primary_feature_list_template.csv,0.33816885532854,False,0.33816885532854,False,2.0,,
PTSD,IUS,event_trial_type_hrf4__CSplus_staying_rate_major_SR_A_to_A,23.0,-0.2903067691138525,0.179021375477724,holm,0.358042750955448,False,clinical_spearman_confirmatory.csv,/mnt/d/Thesis Masters/thesis-runs/ELA_run_5ROI/_merged_fit_runs_ela_5ROI/merge_extinction_ela_5ROI/ELA_features/confirmatory_analysis_v3_notaskfilter/clinical_spearman_confirmatory.csv,19,p_value,0.179021375477724,,,,,,,,,,,,,,,,,,,,,all_tasks,all,PTSD,event_trial_type_hrf4__CSplus_staying_rate_major_SR_A_to_A,acquisition_threat_learning,acquisition,CS+ major-basin staying during acquisition,/mnt/d/Thesis Masters/thesis-runs/codebase/ela_primary_feature_list_template.csv,0.358042750955448,False,0.358042750955448,False,2.0,,
PTSD,SAI_pre,basin_entropy,24.0,0.282415280732998,0.1811908759826736,holm,0.1811908759826736,False,clinical_spearman_confirmatory.csv,/mnt/d/Thesis Masters/thesis-runs/ELA_run_5ROI/_merged_fit_runs_ela_5ROI/merge_extinction_ela_5ROI/ELA_features/confirmatory_analysis_v3_notaskfilter/clinical_spearman_confirmatory.csv,20,p_value,0.1811908759826736,,,,,,,,,,,,,,,,,,,,,all_tasks,all,PTSD,basin_entropy,flexibility,all,Basin repertoire/flexibility,/mnt/d/Thesis Masters/thesis-runs/codebase/ela_primary_feature_list_template.csv,0.1811908759826736,False,0.1811908759826736,False,1.0,,
,,dyn_Direct_transitions_from_B3_to_B4,48.0,,0.0545163276438777,holm,0.1090326552877554,False,covariate_models_confirmatory.csv,/mnt/d/Thesis Masters/thesis-runs/ELA_run_5ROI/_merged_fit_runs_ela_5ROI/merge_extinction_ela_5ROI/ELA_features/confirmatory_analysis_v3_notaskfilter/covariate_models_confirmatory.csv,1,p_value,0.0545163276438777,dyn_Direct_transitions_from_B3_to_B4 ~ C(group) + age + C(sex),C(group)[T.PTSD],-0.0115115733886125,-1.9753987948665024,0.0908223604491879,0.0288329759343598,,,,,,,,,,,,,,,all,,,dyn_Direct_transitions_from_B3_to_B4,peripheral_to_major_edges,,Safety-like B3 to all-on B4 return route,/mnt/d/Thesis Masters/thesis-runs/codebase/ela_primary_feature_list_template.csv,0.1090326552877554,False,0.1090326552877554,False,2.0,,
,,basin_entropy,48.0,,0.1335621429613633,holm,0.1335621429613633,False,covariate_models_confirmatory.csv,/mnt/d/Thesis Masters/thesis-runs/ELA_run_5ROI/_merged_fit_runs_ela_5ROI/merge_extinction_ela_5ROI/ELA_features/confirmatory_analysis_v3_notaskfilter/covariate_models_confirmatory.csv,2,p_value,0.1335621429613633,basin_entropy ~ C(group) + age + C(sex),C(group)[T.PTSD],-0.0163962008860273,-1.5284359430567354,0.0577928738485975,-0.0064485211162708,,,,,,,,,,,,,,,all,,,basin_entropy,flexibility,,Basin repertoire/flexibility,/mnt/d/Thesis Masters/thesis-runs/codebase/ela_primary_feature_list_template.csv,0.1335621429613633,False,0.1335621429613633,False,1.0,,
,,traveling_score_TR_AA_over_TR_PP,48.0,,0.2001071968888659,holm,0.4002143937777319,False,covariate_models_confirmatory.csv,/mnt/d/Thesis Masters/thesis-runs/ELA_run_5ROI/_merged_fit_runs_ela_5ROI/merge_extinction_ela_5ROI/ELA_features/confirmatory_analysis_v3_notaskfilter/covariate_models_confirmatory.csv,3,p_value,0.2001071968888659,traveling_score_TR_AA_over_TR_PP ~ C(group) + age + C(sex),C(group)[T.PTSD],2.601166358223258,1.3007741821047272,0.0562298701359024,-0.0081180932639224,,,,,,,,,,,,,,,all,,,traveling_score_TR_AA_over_TR_PP,summary_scores,,Generalized traveling score,/mnt/d/Thesis Masters/thesis-runs/codebase/ela_primary_feature_list_template.csv,0.4002143937777319,False,0.4002143937777319,False,2.0,,
,,event_trial_type_hrf4__CSplus_major_to_peripheral_rate,48.0,,0.2254809023670574,holm,0.4509618047341149,False,covariate_models_confirmatory.csv,/mnt/d/Thesis Masters/thesis-runs/ELA_run_5ROI/_merged_fit_runs_ela_5ROI/merge_extinction_ela_5ROI/ELA_features/confirmatory_analysis_v3_notaskfilter/covariate_models_confirmatory.csv,4,p_value,0.2254809023670574,event_trial_type_hrf4__CSplus_major_to_peripheral_rate ~ C(group) + age + C(sex),C(group)[T.PTSD],-0.0244221055034218,-1.2293323048812337,0.0793110416323222,0.0165367944708897,,,,,,,,,,,,,,,acquisition,,,event_trial_type_hrf4__CSplus_major_to_peripheral_rate,acquisition_threat_learning,,CS+ movement from global to peripheral basins during acquisition,/mnt/d/Thesis Masters/thesis-runs/codebase/ela_primary_feature_list_template.csv,0.4509618047341149,False,0.4509618047341149,False,2.0,,
,,event_trial_type_hrf4__CSplus_within_peripheral_rate_including_stay,48.0,,0.3202845100440772,holm,0.6405690200881545,False,covariate_models_confirmatory.csv,/mnt/d/Thesis Masters/thesis-runs/ELA_run_5ROI/_merged_fit_runs_ela_5ROI/merge_extinction_ela_5ROI/ELA_features/confirmatory_analysis_v3_notaskfilter/covariate_models_confirmatory.csv,5,p_value,0.3202845100440772,event_trial_type_hrf4__CSplus_within_peripheral_rate_including_stay ~ C(group) + age + C(sex),C(group)[T.PTSD],-0.0292919631409674,-1.005225776152486,0.0569768850306112,-0.0073201455354834,,,,,,,,,,,,,,,extinction,,,event_trial_type_hrf4__CSplus_within_peripheral_rate_including_stay,extinction_peripheral_dynamics,,CS+ retention within peripheral basin space,/mnt/d/Thesis Masters/thesis-runs/codebase/ela_primary_feature_list_template.csv,0.6405690200881545,False,0.6405690200881545,False,2.0,,
,,dwell_max_B4,48.0,,0.4019862930465416,holm,0.8039725860930833,False,covariate_models_confirmatory.csv,/mnt/d/Thesis Masters/thesis-runs/ELA_run_5ROI/_merged_fit_runs_ela_5ROI/merge_extinction_ela_5ROI/ELA_features/confirmatory_analysis_v3_notaskfilter/covariate_models_confirmatory.csv,6,p_value,0.4019862930465416,dwell_max_B4 ~ C(group) + age + C(sex),C(group)[T.PTSD],0.5326697557591102,0.8462609874423757,0.0476434258213411,-0.0172899769635672,,,,,,,,,,,,,,,baseline,,,dwell_max_B4,baseline_control,,Baseline max dwell in all-on basin,/mnt/d/Thesis Masters/thesis-runs/codebase/ela_primary_feature_list_template.csv,0.8039725860930833,False,0.8039725860930833,False,2.0,,
,,event_trial_type_hrf4__CSplus_peripheral_transition_rate_TR_P_to_Pprime,48.0,,0.4770354021399646,holm,0.6405690200881545,False,covariate_models_confirmatory.csv,/mnt/d/Thesis Masters/thesis-runs/ELA_run_5ROI/_merged_fit_runs_ela_5ROI/merge_extinction_ela_5ROI/ELA_features/confirmatory_analysis_v3_notaskfilter/covariate_models_confirmatory.csv,7,p_value,0.4770354021399646,event_trial_type_hrf4__CSplus_peripheral_transition_rate_TR_P_to_Pprime ~ C(group) + age + C(sex),C(group)[T.PTSD],-0.0099637813681815,-0.7172091897759021,0.0982802633329947,0.0367993721966081,,,,,,,,,,,,,,,extinction,,,event_trial_type_hrf4__CSplus_peripheral_transition_rate_TR_P_to_Pprime,extinction_peripheral_dynamics,,CS+ peripheral movement during extinction,/mnt/d/Thesis Masters/thesis-runs/codebase/ela_primary_feature_list_template.csv,0.9540708042799292,False,0.6405690200881545,False,2.0,,
,,event_trial_type_hrf4__CSplus_staying_rate_major_SR_A_to_A,48.0,,0.4831590863518918,holm,0.4831590863518918,False,covariate_models_confirmatory.csv,/mnt/d/Thesis Masters/thesis-runs/ELA_run_5ROI/_merged_fit_runs_ela_5ROI/merge_extinction_ela_5ROI/ELA_features/confirmatory_analysis_v3_notaskfilter/covariate_models_confirmatory.csv,8,p_value,0.4831590863518918,event_trial_type_hrf4__CSplus_staying_rate_major_SR_A_to_A ~ C(group) + age + C(sex),C(group)[T.PTSD],0.0205103569726748,0.7072195989046173,0.131697494192855,0.0724950506150952,,,,,,,,,,,,,,,acquisition,,,event_trial_type_hrf4__CSplus_staying_rate_major_SR_A_to_A,acquisition_threat_learning,,CS+ major-basin staying during acquisition,/mnt/d/Thesis Masters/thesis-runs/codebase/ela_primary_feature_list_template.csv,0.9663181727037836,False,0.4831590863518918,False,2.0,,
,,event_trial_type_onset__CSminus_freq_B3,48.0,,0.5108185557246969,holm,1.0,False,covariate_models_confirmatory.csv,/mnt/d/Thesis Masters/thesis-runs/ELA_run_5ROI/_merged_fit_runs_ela_5ROI/merge_extinction_ela_5ROI/ELA_features/confirmatory_analysis_v3_notaskfilter/covariate_models_confirmatory.csv,9,p_value,0.5108185557246969,event_trial_type_onset__CSminus_freq_B3 ~ C(group) + age + C(sex),C(group)[T.PTSD],-0.0159748301258063,-0.6629536067002626,0.0259093712076621,-0.0405058989372699,,,,,,,,,,,,,,,renewal,,,event_trial_type_onset__CSminus_freq_B3,renewal_safety_retrieval,,CS− safety-like B3 occupancy during renewal,/mnt/d/Thesis Masters/thesis-runs/codebase/ela_primary_feature_list_template.csv,1.0,False,1.0,False,2.0,,
,,staying_rate_major_SR_A_to_A,48.0,,0.6778777617999815,holm,1.0,False,covariate_models_confirmatory.csv,/mnt/d/Thesis Masters/thesis-runs/ELA_run_5ROI/_merged_fit_runs_ela_5ROI/merge_extinction_ela_5ROI/ELA_features/confirmatory_analysis_v3_notaskfilter/covariate_models_confirmatory.csv,10,p_value,0.6778777617999815,staying_rate_major_SR_A_to_A ~ C(group) + age + C(sex),C(group)[T.PTSD],0.0117095165887226,0.4181410730738691,0.0136767361784165,-0.0535725772639641,,,,,,,,,,,,,,,all,,,staying_rate_major_SR_A_to_A,major_peripheral_dynamics,,Major-basin staying/locking,/mnt/d/Thesis Masters/thesis-runs/codebase/ela_primary_feature_list_template.csv,1.0,False,1.0,False,3.0,,
,,event_trial_type_hrf4__CSplus_freq_B2,48.0,,0.7109571286902068,holm,1.0,False,covariate_models_confirmatory.csv,/mnt/d/Thesis Masters/thesis-runs/ELA_run_5ROI/_merged_fit_runs_ela_5ROI/merge_extinction_ela_5ROI/ELA_features/confirmatory_analysis_v3_notaskfilter/covariate_models_confirmatory.csv,11,p_value,0.7109571286902068,event_trial_type_hrf4__CSplus_freq_B2 ~ C(group) + age + C(sex),C(group)[T.PTSD],-0.0128976738681718,-0.3729760037317373,0.0069768882262437,-0.0607292330310578,,,,,,,,,,,,,,,all,,,event_trial_type_hrf4__CSplus_freq_B2,event_threat_safety,,CS+ recruitment of threat-like B2,/mnt/d/Thesis Masters/thesis-runs/codebase/ela_primary_feature_list_template.csv,1.0,False,1.0,False,2.0,,
,,peripheral_to_major_rate,48.0,,0.7339038188643549,holm,1.0,False,covariate_models_confirmatory.csv,/mnt/d/Thesis Masters/thesis-runs/ELA_run_5ROI/_merged_fit_runs_ela_5ROI/merge_extinction_ela_5ROI/ELA_features/confirmatory_analysis_v3_notaskfilter/covariate_models_confirmatory.csv,12,p_value,0.7339038188643549,peripheral_to_major_rate ~ C(group) + age + C(sex),C(group)[T.PTSD],-0.0033495047757219,-0.3421007165005152,0.0409146711025436,-0.024477510413192,,,,,,,,,,,,,,,all,,,peripheral_to_major_rate,major_peripheral_dynamics,,Summary return from peripheral to major basins,/mnt/d/Thesis Masters/thesis-runs/codebase/ela_primary_feature_list_template.csv,1.0,False,1.0,False,3.0,,
,,lingering_score_SR_AA_plus_SR_PP,48.0,,0.7526577830149959,holm,0.7526577830149959,False,covariate_models_confirmatory.csv,/mnt/d/Thesis Masters/thesis-runs/ELA_run_5ROI/_merged_fit_runs_ela_5ROI/merge_extinction_ela_5ROI/ELA_features/confirmatory_analysis_v3_notaskfilter/covariate_models_confirmatory.csv,13,p_value,0.7526577830149959,lingering_score_SR_AA_plus_SR_PP ~ C(group) + age + C(sex),C(group)[T.PTSD],-0.0084018802185131,-0.3171129164070415,0.0217536246180602,-0.0449449918852538,,,,,,,,,,,,,,,all,,,lingering_score_SR_AA_plus_SR_PP,summary_scores,,Generalized lingering score,/mnt/d/Thesis Masters/thesis-runs/codebase/ela_primary_feature_list_template.csv,1.0,False,0.7526577830149959,False,2.0,,
,,event_trial_type_hrf4__CSminus_freq_B3,48.0,,0.8438930313484867,holm,1.0,False,covariate_models_confirmatory.csv,/mnt/d/Thesis Masters/thesis-runs/ELA_run_5ROI/_merged_fit_runs_ela_5ROI/merge_extinction_ela_5ROI/ELA_features/confirmatory_analysis_v3_notaskfilter/covariate_models_confirmatory.csv,14,p_value,0.8438930313484867,event_trial_type_hrf4__CSminus_freq_B3 ~ C(group) + age + C(sex),C(group)[T.PTSD],0.0055907243910599,0.1980822924181779,0.0216813425654549,-0.0450222022596276,,,,,,,,,,,,,,,all,,,event_trial_type_hrf4__CSminus_freq_B3,event_threat_safety,,CS− recruitment of safety-like B3,/mnt/d/Thesis Masters/thesis-runs/codebase/ela_primary_feature_list_template.csv,1.0,False,1.0,False,2.0,,
,,peripheral_transition_rate_TR_P_to_Pprime,48.0,,0.8677045741328228,holm,1.0,False,covariate_models_confirmatory.csv,/mnt/d/Thesis Masters/thesis-runs/ELA_run_5ROI/_merged_fit_runs_ela_5ROI/merge_extinction_ela_5ROI/ELA_features/confirmatory_analysis_v3_notaskfilter/covariate_models_confirmatory.csv,15,p_value,0.8677045741328228,peripheral_transition_rate_TR_P_to_Pprime ~ C(group) + age + C(sex),C(group)[T.PTSD],0.0015393037175645,0.1675505876440789,0.0570687280779446,-0.0072220404621954,,,,,,,,,,,,,,,all,,,peripheral_transition_rate_TR_P_to_Pprime,major_peripheral_dynamics,,Movement among peripheral threat/safety basins,/mnt/d/Thesis Masters/thesis-runs/codebase/ela_primary_feature_list_template.csv,1.0,False,1.0,False,3.0,,
,,event_trial_type_hrf4__CSplus_freq_B4,48.0,,0.8840294656010412,holm,0.8840294656010412,False,covariate_models_confirmatory.csv,/mnt/d/Thesis Masters/thesis-runs/ELA_run_5ROI/_merged_fit_runs_ela_5ROI/merge_extinction_ela_5ROI/ELA_features/confirmatory_analysis_v3_notaskfilter/covariate_models_confirmatory.csv,16,p_value,0.8840294656010412,event_trial_type_hrf4__CSplus_freq_B4 ~ C(group) + age + C(sex),C(group)[T.PTSD],-0.0048845555194587,-0.1467120535885144,0.0582042325732079,-0.0060091152058914,,,,,,,,,,,,,,,all,,,event_trial_type_hrf4__CSplus_freq_B4,global_locking,,CS+ all-on/global locking,/mnt/d/Thesis Masters/thesis-runs/codebase/ela_primary_feature_list_template.csv,0.8840294656010412,False,0.8840294656010412,False,1.0,,
,,dwell_max_B1,48.0,,0.8988286010366293,holm,0.8988286010366293,False,covariate_models_confirmatory.csv,/mnt/d/Thesis Masters/thesis-runs/ELA_run_5ROI/_merged_fit_runs_ela_5ROI/merge_extinction_ela_5ROI/ELA_features/confirmatory_analysis_v3_notaskfilter/covariate_models_confirmatory.csv,17,p_value,0.8988286010366293,dwell_max_B1 ~ C(group) + age + C(sex),C(group)[T.PTSD],-0.0706414736692229,-0.1278774966598368,0.0040082798416467,-0.0639002465327862,,,,,,,,,,,,,,,baseline,,,dwell_max_B1,baseline_control,,Baseline max dwell in all-off basin,/mnt/d/Thesis Masters/thesis-runs/codebase/ela_primary_feature_list_template.csv,1.0,False,0.8988286010366293,False,2.0,,
,,event_trial_type_onset__CSminus_freq_B1,48.0,,0.9260455753577896,holm,1.0,False,covariate_models_confirmatory.csv,/mnt/d/Thesis Masters/thesis-runs/ELA_run_5ROI/_merged_fit_runs_ela_5ROI/merge_extinction_ela_5ROI/ELA_features/confirmatory_analysis_v3_notaskfilter/covariate_models_confirmatory.csv,18,p_value,0.9260455753577896,event_trial_type_onset__CSminus_freq_B1 ~ C(group) + age + C(sex),C(group)[T.PTSD],-0.0026316974565853,-0.0933547040454754,0.0320813920017782,-0.0339130585435549,,,,,,,,,,,,,,,renewal,,,event_trial_type_onset__CSminus_freq_B1,renewal_safety_retrieval,,CS− all-off occupancy during renewal,/mnt/d/Thesis Masters/thesis-runs/codebase/ela_primary_feature_list_template.csv,1.0,False,1.0,False,2.0,,
,,dyn_Direct_transitions_from_B2_to_B1,48.0,,0.951899300535868,holm,0.951899300535868,False,covariate_models_confirmatory.csv,/mnt/d/Thesis Masters/thesis-runs/ELA_run_5ROI/_merged_fit_runs_ela_5ROI/merge_extinction_ela_5ROI/ELA_features/confirmatory_analysis_v3_notaskfilter/covariate_models_confirmatory.csv,19,p_value,0.951899300535868,dyn_Direct_transitions_from_B2_to_B1 ~ C(group) + age + C(sex),C(group)[T.PTSD],0.0004063581246991,0.0606667989531505,0.014350846886482,-0.0528525044621668,,,,,,,,,,,,,,,all,,,dyn_Direct_transitions_from_B2_to_B1,peripheral_to_major_edges,,Threat-like B2 to all-off B1 return route,/mnt/d/Thesis Masters/thesis-runs/codebase/ela_primary_feature_list_template.csv,1.0,False,0.951899300535868,False,2.0,,
,,event_trial_type_hrf4__CSplus_peripheral_transition_rate_TR_P_to_Pprime,,,0.0397165403494464,holm,0.0794330806988929,False,group_tests_confirmatory.csv,/mnt/d/Thesis Masters/thesis-runs/ELA_run_5ROI/_merged_fit_runs_ela_5ROI/merge_extinction_ela_5ROI/ELA_features/confirmatory_analysis_v3_notaskfilter/group_tests_confirmatory.csv,1,p_value,0.0397165403494464,,,,,,,group_overall,mannwhitney_u,24.0,24.0,HC,PTSD,0.0544393666138077,0.0370866472625273,0.0471938775510203,0.0206207482993197,0.0173527193512804,388.0,0.4436411978624069,0.3472222222222222,extinction,,,event_trial_type_hrf4__CSplus_peripheral_transition_rate_TR_P_to_Pprime,extinction_peripheral_dynamics,,CS+ peripheral movement during extinction,/mnt/d/Thesis Masters/thesis-runs/codebase/ela_primary_feature_list_template.csv,0.0794330806988929,False,0.0794330806988929,False,2.0,,
,,event_trial_type_hrf4__CSplus_within_peripheral_rate_including_stay,,,0.0538303578947236,holm,0.0794330806988929,False,group_tests_confirmatory.csv,/mnt/d/Thesis Masters/thesis-runs/ELA_run_5ROI/_merged_fit_runs_ela_5ROI/merge_extinction_ela_5ROI/ELA_features/confirmatory_analysis_v3_notaskfilter/group_tests_confirmatory.csv,2,p_value,0.0538303578947236,,,,,,,group_overall,mannwhitney_u,24.0,24.0,HC,PTSD,0.1674789266033442,0.1343344242024485,0.1520542920029346,0.1076388888888888,0.0331445024008956,382.0,0.4117363893921446,0.3263888888888889,extinction,,,event_trial_type_hrf4__CSplus_within_peripheral_rate_including_stay,extinction_peripheral_dynamics,,CS+ retention within peripheral basin space,/mnt/d/Thesis Masters/thesis-runs/codebase/ela_primary_feature_list_template.csv,0.1076607157894473,False,0.0794330806988929,False,2.0,,
,,dyn_Direct_transitions_from_B3_to_B4,,,0.076156735888943,holm,0.1523134717778861,False,group_tests_confirmatory.csv,/mnt/d/Thesis Masters/thesis-runs/ELA_run_5ROI/_merged_fit_runs_ela_5ROI/merge_extinction_ela_5ROI/ELA_features/confirmatory_analysis_v3_notaskfilter/group_tests_confirmatory.csv,3,p_value,0.076156735888943,,,,,,,group_overall,mannwhitney_u,24.0,24.0,HC,PTSD,0.0569545416666666,0.0474961666666666,0.058709,0.0466175,0.0094583749999999,374.5,0.5895819948661939,0.3003472222222222,all,,,dyn_Direct_transitions_from_B3_to_B4,peripheral_to_major_edges,,Safety-like B3 to all-on B4 return route,/mnt/d/Thesis Masters/thesis-runs/codebase/ela_primary_feature_list_template.csv,0.1523134717778861,False,0.1523134717778861,False,2.0,,
,,event_trial_type_onset__CSminus_freq_B1,,,0.3427419126454307,holm,0.6854838252908615,False,group_tests_confirmatory.csv,/mnt/d/Thesis Masters/thesis-runs/ELA_run_5ROI/_merged_fit_runs_ela_5ROI/merge_extinction_ela_5ROI/ELA_features/confirmatory_analysis_v3_notaskfilter/group_tests_confirmatory.csv,4,p_value,0.3427419126454307,,,,,,,group_overall,mannwhitney_u,24.0,24.0,HC,PTSD,0.3184454841430886,0.313716251428183,0.3232142857142857,0.2942307692307692,0.0047292327149056,334.5,0.0602351933892667,0.1614583333333333,renewal,,,event_trial_type_onset__CSminus_freq_B1,renewal_safety_retrieval,,CS− all-off occupancy during renewal,/mnt/d/Thesis Masters/thesis-runs/codebase/ela_primary_feature_list_template.csv,0.6854838252908615,False,0.6854838252908615,False,2.0,,
,,basin_entropy,,,0.3588416547603351,holm,0.3588416547603351,False,group_tests_confirmatory.csv,/mnt/d/Thesis Masters/thesis-runs/ELA_run_5ROI/_merged_fit_runs_ela_5ROI/merge_extinction_ela_5ROI/ELA_features/confirmatory_analysis_v3_notaskfilter/group_tests_confirmatory.csv,5,p_value,0.3588416547603351,,,,,,,group_overall,mannwhitney_u,24.0,24.0,HC,PTSD,0.972517856304118,0.9615451826462248,0.9776174515955718,0.9701607681397626,0.0109726736578932,333.0,0.3685402632265467,0.15625,all,,,basin_entropy,flexibility,,Basin repertoire/flexibility,/mnt/d/Thesis Masters/thesis-runs/codebase/ela_primary_feature_list_template.csv,0.3588416547603351,False,0.3588416547603351,False,1.0,,
,,peripheral_to_major_rate,,,0.3697300025417955,holm,1.0,False,group_tests_confirmatory.csv,/mnt/d/Thesis Masters/thesis-runs/ELA_run_5ROI/_merged_fit_runs_ela_5ROI/merge_extinction_ela_5ROI/ELA_features/confirmatory_analysis_v3_notaskfilter/group_tests_confirmatory.csv,6,p_value,0.3697300025417955,,,,,,,group_overall,mannwhitney_u,24.0,24.0,HC,PTSD,0.2154268905252635,0.2178874868786314,0.2121031334301722,0.2240583957451427,-0.0024605963533679,244.0,-0.0898739816873767,-0.1527777777777778,all,,,peripheral_to_major_rate,major_peripheral_dynamics,,Summary return from peripheral to major basins,/mnt/d/Thesis Masters/thesis-runs/codebase/ela_primary_feature_list_template.csv,1.0,False,1.0,False,3.0,,
,,peripheral_transition_rate_TR_P_to_Pprime,,,0.4516676319027237,holm,1.0,False,group_tests_confirmatory.csv,/mnt/d/Thesis Masters/thesis-runs/ELA_run_5ROI/_merged_fit_runs_ela_5ROI/merge_extinction_ela_5ROI/ELA_features/confirmatory_analysis_v3_notaskfilter/group_tests_confirmatory.csv,7,p_value,0.4516676319027237,,,,,,,group_overall,mannwhitney_u,24.0,24.0,HC,PTSD,0.0484484621845814,0.0463786754661618,0.0522772400099279,0.0414255201874051,0.0020697867184196,325.0,0.0798698445504566,0.1284722222222222,all,,,peripheral_transition_rate_TR_P_to_Pprime,major_peripheral_dynamics,,Movement among peripheral threat/safety basins,/mnt/d/Thesis Masters/thesis-runs/codebase/ela_primary_feature_list_template.csv,1.0,False,1.0,False,3.0,,
,,event_trial_type_hrf4__CSplus_staying_rate_major_SR_A_to_A,,,0.4641457426191621,holm,0.9282914852383242,False,group_tests_confirmatory.csv,/mnt/d/Thesis Masters/thesis-runs/ELA_run_5ROI/_merged_fit_runs_ela_5ROI/merge_extinction_ela_5ROI/ELA_features/confirmatory_analysis_v3_notaskfilter/group_tests_confirmatory.csv,8,p_value,0.4641457426191621,,,,,,,group_overall,mannwhitney_u,24.0,24.0,HC,PTSD,0.266519406938512,0.282718311518312,0.2687499999999999,0.2757978723404255,-0.0161989045798,252.0,-0.1907604805109327,-0.125,acquisition,,,event_trial_type_hrf4__CSplus_staying_rate_major_SR_A_to_A,acquisition_threat_learning,,CS+ major-basin staying during acquisition,/mnt/d/Thesis Masters/thesis-runs/codebase/ela_primary_feature_list_template.csv,0.9282914852383242,False,0.9282914852383242,False,2.0,,
,,traveling_score_TR_AA_over_TR_PP,,,0.4768260998856359,holm,0.953652199771272,False,group_tests_confirmatory.csv,/mnt/d/Thesis Masters/thesis-runs/ELA_run_5ROI/_merged_fit_runs_ela_5ROI/merge_extinction_ela_5ROI/ELA_features/confirmatory_analysis_v3_notaskfilter/group_tests_confirmatory.csv,9,p_value,0.4768260998856359,,,,,,,group_overall,mannwhitney_u,24.0,24.0,HC,PTSD,3.8018639133770713,5.545140909285647,2.3666666666666667,3.0,-1.7432769959085754,253.0,-0.3128547294912324,-0.1215277777777777,all,,,traveling_score_TR_AA_over_TR_PP,summary_scores,,Generalized traveling score,/mnt/d/Thesis Masters/thesis-runs/codebase/ela_primary_feature_list_template.csv,0.953652199771272,False,0.953652199771272,False,2.0,,
,,event_trial_type_hrf4__CSminus_freq_B3,,,0.4961152661578033,holm,0.9922305323156068,False,group_tests_confirmatory.csv,/mnt/d/Thesis Masters/thesis-runs/ELA_run_5ROI/_merged_fit_runs_ela_5ROI/merge_extinction_ela_5ROI/ELA_features/confirmatory_analysis_v3_notaskfilter/group_tests_confirmatory.csv,10,p_value,0.4961152661578033,,,,,,,group_overall,mannwhitney_u,24.0,24.0,HC,PTSD,0.1665791817171175,0.1578516597248516,0.1523947750362844,0.150375939849624,0.0087275219922659,321.5,0.111750502222688,0.1163194444444444,all,,,event_trial_type_hrf4__CSminus_freq_B3,event_threat_safety,,CS− recruitment of safety-like B3,/mnt/d/Thesis Masters/thesis-runs/codebase/ela_primary_feature_list_template.csv,0.9922305323156068,False,0.9922305323156068,False,2.0,,
,,lingering_score_SR_AA_plus_SR_PP,,,0.6061999655552118,holm,0.953652199771272,False,group_tests_confirmatory.csv,/mnt/d/Thesis Masters/thesis-runs/ELA_run_5ROI/_merged_fit_runs_ela_5ROI/merge_extinction_ela_5ROI/ELA_features/confirmatory_analysis_v3_notaskfilter/group_tests_confirmatory.csv,11,p_value,0.6061999655552118,,,,,,,group_overall,mannwhitney_u,24.0,24.0,HC,PTSD,0.3951594498345314,0.3865288264856583,0.3966019417475728,0.3894993894993895,0.0086306233488731,313.5,0.1177394808929053,0.0885416666666666,all,,,lingering_score_SR_AA_plus_SR_PP,summary_scores,,Generalized lingering score,/mnt/d/Thesis Masters/thesis-runs/codebase/ela_primary_feature_list_template.csv,1.0,False,0.953652199771272,False,2.0,,
,,staying_rate_major_SR_A_to_A,,,0.7182088082363504,holm,1.0,False,group_tests_confirmatory.csv,/mnt/d/Thesis Masters/thesis-runs/ELA_run_5ROI/_merged_fit_runs_ela_5ROI/merge_extinction_ela_5ROI/ELA_features/confirmatory_analysis_v3_notaskfilter/group_tests_confirmatory.csv,12,p_value,0.7182088082363504,,,,,,,group_overall,mannwhitney_u,24.0,24.0,HC,PTSD,0.2828902575960229,0.2884474722818795,0.276892328191462,0.2735494077906529,-0.0055572146858566,306.0,-0.0719412836465007,0.0625,all,,,staying_rate_major_SR_A_to_A,major_peripheral_dynamics,,Major-basin staying/locking,/mnt/d/Thesis Masters/thesis-runs/codebase/ela_primary_feature_list_template.csv,1.0,False,1.0,False,3.0,,
,,dwell_max_B4,,,0.7364084758114081,holm,1.0,False,group_tests_confirmatory.csv,/mnt/d/Thesis Masters/thesis-runs/ELA_run_5ROI/_merged_fit_runs_ela_5ROI/merge_extinction_ela_5ROI/ELA_features/confirmatory_analysis_v3_notaskfilter/group_tests_confirmatory.csv,13,p_value,0.7364084758114081,,,,,,,group_overall,mannwhitney_u,24.0,24.0,HC,PTSD,5.25,5.625,5.0,6.0,-0.375,271.5,-0.2133413037209413,-0.0572916666666666,baseline,,,dwell_max_B4,baseline_control,,Baseline max dwell in all-on basin,/mnt/d/Thesis Masters/thesis-runs/codebase/ela_primary_feature_list_template.csv,1.0,False,1.0,False,2.0,,
,,dyn_Direct_transitions_from_B2_to_B1,,,0.7492615005601906,holm,0.7492615005601906,False,group_tests_confirmatory.csv,/mnt/d/Thesis Masters/thesis-runs/ELA_run_5ROI/_merged_fit_runs_ela_5ROI/merge_extinction_ela_5ROI/ELA_features/confirmatory_analysis_v3_notaskfilter/group_tests_confirmatory.csv,14,p_value,0.7492615005601906,,,,,,,group_overall,mannwhitney_u,24.0,24.0,HC,PTSD,0.0578233333333333,0.0603544166666666,0.0597015,0.061059,-0.0025310833333333,272.0,-0.1371853569837491,-0.0555555555555555,all,,,dyn_Direct_transitions_from_B2_to_B1,peripheral_to_major_edges,,Threat-like B2 to all-off B1 return route,/mnt/d/Thesis Masters/thesis-runs/codebase/ela_primary_feature_list_template.csv,1.0,False,0.7492615005601906,False,2.0,,
,,event_trial_type_hrf4__CSplus_major_to_peripheral_rate,,,0.7649081711983852,holm,0.9282914852383242,False,group_tests_confirmatory.csv,/mnt/d/Thesis Masters/thesis-runs/ELA_run_5ROI/_merged_fit_runs_ela_5ROI/merge_extinction_ela_5ROI/ELA_features/confirmatory_analysis_v3_notaskfilter/group_tests_confirmatory.csv,15,p_value,0.7649081711983852,,,,,,,group_overall,mannwhitney_u,24.0,24.0,HC,PTSD,0.2158110544770634,0.2138841848637157,0.2105496453900709,0.2214206437291897,0.0019268696133476,273.0,0.0339543021660429,-0.0520833333333333,acquisition,,,event_trial_type_hrf4__CSplus_major_to_peripheral_rate,acquisition_threat_learning,,CS+ movement from global to peripheral basins during acquisition,/mnt/d/Thesis Masters/thesis-runs/codebase/ela_primary_feature_list_template.csv,1.0,False,0.9282914852383242,False,2.0,,
,,event_trial_type_hrf4__CSplus_freq_B4,,,0.8205427460539604,holm,0.8205427460539604,False,group_tests_confirmatory.csv,/mnt/d/Thesis Masters/thesis-runs/ELA_run_5ROI/_merged_fit_runs_ela_5ROI/merge_extinction_ela_5ROI/ELA_features/confirmatory_analysis_v3_notaskfilter/group_tests_confirmatory.csv,16,p_value,0.8205427460539604,,,,,,,group_overall,mannwhitney_u,24.0,24.0,HC,PTSD,0.2880127975865736,0.2891874524512434,0.2817460317460317,0.2928433268858801,-0.0011746548646697,276.5,-0.0124902967318083,-0.0399305555555555,all,,,event_trial_type_hrf4__CSplus_freq_B4,global_locking,,CS+ all-on/global locking,/mnt/d/Thesis Masters/thesis-runs/codebase/ela_primary_feature_list_template.csv,0.8205427460539604,False,0.8205427460539604,False,1.0,,
,,event_trial_type_hrf4__CSplus_freq_B2,,,0.877062891389012,holm,0.9922305323156068,False,group_tests_confirmatory.csv,/mnt/d/Thesis Masters/thesis-runs/ELA_run_5ROI/_merged_fit_runs_ela_5ROI/merge_extinction_ela_5ROI/ELA_features/confirmatory_analysis_v3_notaskfilter/group_tests_confirmatory.csv,17,p_value,0.877062891389012,,,,,,,group_overall,mannwhitney_u,24.0,24.0,HC,PTSD,0.254290366430457,0.248619201415557,0.2650501672240802,0.2358288770053475,0.0056711650148999,296.0,0.0596427145627015,0.0277777777777777,all,,,event_trial_type_hrf4__CSplus_freq_B2,event_threat_safety,,CS+ recruitment of threat-like B2,/mnt/d/Thesis Masters/thesis-runs/codebase/ela_primary_feature_list_template.csv,1.0,False,0.9922305323156068,False,2.0,,
,,event_trial_type_onset__CSminus_freq_B3,,,0.90151469152134,holm,0.90151469152134,False,group_tests_confirmatory.csv,/mnt/d/Thesis Masters/thesis-runs/ELA_run_5ROI/_merged_fit_runs_ela_5ROI/merge_extinction_ela_5ROI/ELA_features/confirmatory_analysis_v3_notaskfilter/group_tests_confirmatory.csv,18,p_value,0.90151469152134,,,,,,,group_overall,mannwhitney_u,24.0,24.0,HC,PTSD,0.2384763304740611,0.2376957745900109,0.2426470588235293,0.2546296296296296,0.0007805558840502,281.5,0.0116625307680835,-0.0225694444444444,renewal,,,event_trial_type_onset__CSminus_freq_B3,renewal_safety_retrieval,,CS− safety-like B3 occupancy during renewal,/mnt/d/Thesis Masters/thesis-runs/codebase/ela_primary_feature_list_template.csv,1.0,False,0.90151469152134,False,2.0,,
,,dwell_max_B1,,,0.940658754843677,holm,1.0,False,group_tests_confirmatory.csv,/mnt/d/Thesis Masters/thesis-runs/ELA_run_5ROI/_merged_fit_runs_ela_5ROI/merge_extinction_ela_5ROI/ELA_features/confirmatory_analysis_v3_notaskfilter/group_tests_confirmatory.csv,19,p_value,0.940658754843677,,,,,,,group_overall,mannwhitney_u,24.0,24.0,HC,PTSD,5.208333333333333,5.208333333333333,5.0,5.0,0.0,292.0,0.0,0.0138888888888888,baseline,,,dwell_max_B1,baseline_control,,Baseline max dwell in all-off basin,/mnt/d/Thesis Masters/thesis-runs/codebase/ela_primary_feature_list_template.csv,1.0,False,1.0,False,2.0,,
,,event_trial_type_hrf4__CSplus_peripheral_transition_rate_TR_P_to_Pprime,,,0.0397165403494464,holm,0.0794330806988929,False,primary_results_for_manuscript.csv,/mnt/d/Thesis Masters/thesis-runs/ELA_run_5ROI/_merged_fit_runs_ela_5ROI/merge_extinction_ela_5ROI/ELA_features/confirmatory_analysis_v3_notaskfilter/primary_results_for_manuscript.csv,1,p_value,0.0397165403494464,,,,,,,group_overall,mannwhitney_u,24.0,24.0,,,0.0544393666138077,0.0370866472625273,0.0471938775510203,0.0206207482993197,0.0173527193512804,388.0,0.4436411978624069,0.3472222222222222,extinction,,,,extinction_peripheral_dynamics,,CS+ peripheral movement during extinction,,0.0794330806988929,False,0.0794330806988929,False,2.0,overall_group_test,top_uncorrected_only
,,event_trial_type_hrf4__CSplus_within_peripheral_rate_including_stay,,,0.0538303578947236,holm,0.0794330806988929,False,primary_results_for_manuscript.csv,/mnt/d/Thesis Masters/thesis-runs/ELA_run_5ROI/_merged_fit_runs_ela_5ROI/merge_extinction_ela_5ROI/ELA_features/confirmatory_analysis_v3_notaskfilter/primary_results_for_manuscript.csv,2,p_value,0.0538303578947236,,,,,,,group_overall,mannwhitney_u,24.0,24.0,,,0.1674789266033442,0.1343344242024485,0.1520542920029346,0.1076388888888888,0.0331445024008956,382.0,0.4117363893921446,0.3263888888888889,extinction,,,,extinction_peripheral_dynamics,,CS+ retention within peripheral basin space,,0.1076607157894473,False,0.0794330806988929,False,2.0,overall_group_test,top_uncorrected_only
,PCL,event_trial_type_onset__CSminus_freq_B3,23.0,0.4070324539279318,0.0539033652494682,holm,0.1078067304989364,False,primary_results_for_manuscript.csv,/mnt/d/Thesis Masters/thesis-runs/ELA_run_5ROI/_merged_fit_runs_ela_5ROI/merge_extinction_ela_5ROI/ELA_features/confirmatory_analysis_v3_notaskfilter/primary_results_for_manuscript.csv,3,p_value,0.0539033652494682,,,,,,,,,,,,,,,,,,,,,all_tasks,all,PTSD,,renewal_safety_retrieval,,CS− safety-like B3 occupancy during renewal,,0.1078067304989364,False,0.1078067304989364,False,2.0,clinical_spearman,top_uncorrected_only
,PCL,event_trial_type_onset__CSminus_freq_B3,23.0,0.4070324539279318,0.0539033652494682,holm,0.1078067304989364,False,primary_results_for_manuscript.csv,/mnt/d/Thesis Masters/thesis-runs/ELA_run_5ROI/_merged_fit_runs_ela_5ROI/merge_extinction_ela_5ROI/ELA_features/confirmatory_analysis_v3_notaskfilter/primary_results_for_manuscript.csv,4,p_value,0.0539033652494682,,,,,,,,,,,,,,,,,,,,,all_tasks,all,all,,renewal_safety_retrieval,,CS− safety-like B3 occupancy during renewal,,0.1078067304989364,False,0.1078067304989364,False,2.0,clinical_spearman,top_uncorrected_only
,,dyn_Direct_transitions_from_B3_to_B4,48.0,,0.0545163276438777,holm,0.1090326552877554,False,primary_results_for_manuscript.csv,/mnt/d/Thesis Masters/thesis-runs/ELA_run_5ROI/_merged_fit_runs_ela_5ROI/merge_extinction_ela_5ROI/ELA_features/confirmatory_analysis_v3_notaskfilter/primary_results_for_manuscript.csv,5,p_value,0.0545163276438777,,C(group)[T.PTSD],-0.0115115733886125,-1.9753987948665024,,,,,,,,,,,,,,,,,all,,,,peripheral_to_major_edges,,Safety-like B3 to all-on B4 return route,,0.1090326552877554,False,0.1090326552877554,False,2.0,covariate_model,top_uncorrected_only
,,dyn_Direct_transitions_from_B3_to_B4,,,0.076156735888943,holm,0.1523134717778861,False,primary_results_for_manuscript.csv,/mnt/d/Thesis Masters/thesis-runs/ELA_run_5ROI/_merged_fit_runs_ela_5ROI/merge_extinction_ela_5ROI/ELA_features/confirmatory_analysis_v3_notaskfilter/primary_results_for_manuscript.csv,6,p_value,0.076156735888943,,,,,,,group_overall,mannwhitney_u,24.0,24.0,,,0.0569545416666666,0.0474961666666666,0.058709,0.0466175,0.0094583749999999,374.5,0.5895819948661939,0.3003472222222222,all,,,,peripheral_to_major_edges,,Safety-like B3 to all-on B4 return route,,0.1523134717778861,False,0.1523134717778861,False,2.0,overall_group_test,top_uncorrected_only
,BDI,event_trial_type_onset__CSminus_freq_B1,47.0,-0.2605109290644717,0.0769674258216438,holm,0.1539348516432876,False,primary_results_for_manuscript.csv,/mnt/d/Thesis Masters/thesis-runs/ELA_run_5ROI/_merged_fit_runs_ela_5ROI/merge_extinction_ela_5ROI/ELA_features/confirmatory_analysis_v3_notaskfilter/primary_results_for_manuscript.csv,7,p_value,0.0769674258216438,,,,,,,,,,,,,,,,,,,,,all_tasks,all,all,,renewal_safety_retrieval,,CS− all-off occupancy during renewal,,0.1539348516432876,False,0.1539348516432876,False,2.0,clinical_spearman,top_uncorrected_only
,BDI,event_trial_type_hrf4__CSplus_freq_B4,24.0,-0.35865071578372,0.0852476419237977,holm,0.0852476419237977,False,primary_results_for_manuscript.csv,/mnt/d/Thesis Masters/thesis-runs/ELA_run_5ROI/_merged_fit_runs_ela_5ROI/merge_extinction_ela_5ROI/ELA_features/confirmatory_analysis_v3_notaskfilter/primary_results_for_manuscript.csv,8,p_value,0.0852476419237977,,,,,,,,,,,,,,,,,,,,,all_tasks,all,PTSD,,global_locking,,CS+ all-on/global locking,,0.0852476419237977,False,0.0852476419237977,False,1.0,clinical_spearman,top_uncorrected_only
,IUS,event_trial_type_hrf4__CSplus_peripheral_transition_rate_TR_P_to_Pprime,24.0,0.3494358566188079,0.0941832018479502,holm,0.1883664036959004,False,primary_results_for_manuscript.csv,/mnt/d/Thesis Masters/thesis-runs/ELA_run_5ROI/_merged_fit_runs_ela_5ROI/merge_extinction_ela_5ROI/ELA_features/confirmatory_analysis_v3_notaskfilter/primary_results_for_manuscript.csv,9,p_value,0.0941832018479502,,,,,,,,,,,,,,,,,,,,,all_tasks,all,HC,,extinction_peripheral_dynamics,,CS+ peripheral movement during extinction,,0.1883664036959004,False,0.1883664036959004,False,2.0,clinical_spearman,top_uncorrected_only
,,basin_entropy,48.0,,0.1335621429613633,holm,0.1335621429613633,False,primary_results_for_manuscript.csv,/mnt/d/Thesis Masters/thesis-runs/ELA_run_5ROI/_merged_fit_runs_ela_5ROI/merge_extinction_ela_5ROI/ELA_features/confirmatory_analysis_v3_notaskfilter/primary_results_for_manuscript.csv,10,p_value,0.1335621429613633,,C(group)[T.PTSD],-0.0163962008860273,-1.5284359430567354,,,,,,,,,,,,,,,,,all,,,,flexibility,,Basin repertoire/flexibility,,0.1335621429613633,False,0.1335621429613633,False,1.0,covariate_model,top_uncorrected_only
,,traveling_score_TR_AA_over_TR_PP,48.0,,0.2001071968888659,holm,0.4002143937777319,False,primary_results_for_manuscript.csv,/mnt/d/Thesis Masters/thesis-runs/ELA_run_5ROI/_merged_fit_runs_ela_5ROI/merge_extinction_ela_5ROI/ELA_features/confirmatory_analysis_v3_notaskfilter/primary_results_for_manuscript.csv,11,p_value,0.2001071968888659,,C(group)[T.PTSD],2.601166358223258,1.3007741821047272,,,,,,,,,,,,,,,,,all,,,,summary_scores,,Generalized traveling score,,0.4002143937777319,False,0.4002143937777319,False,2.0,covariate_model,top_uncorrected_only
,,event_trial_type_hrf4__CSplus_major_to_peripheral_rate,48.0,,0.2254809023670574,holm,0.4509618047341149,False,primary_results_for_manuscript.csv,/mnt/d/Thesis Masters/thesis-runs/ELA_run_5ROI/_merged_fit_runs_ela_5ROI/merge_extinction_ela_5ROI/ELA_features/confirmatory_analysis_v3_notaskfilter/primary_results_for_manuscript.csv,12,p_value,0.2254809023670574,,C(group)[T.PTSD],-0.0244221055034218,-1.2293323048812337,,,,,,,,,,,,,,,,,acquisition,,,,acquisition_threat_learning,,CS+ movement from global to peripheral basins during acquisition,,0.4509618047341149,False,0.4509618047341149,False,2.0,covariate_model,top_uncorrected_only
,,event_trial_type_hrf4__CSplus_within_peripheral_rate_including_stay,48.0,,0.3202845100440772,holm,0.6405690200881545,False,primary_results_for_manuscript.csv,/mnt/d/Thesis Masters/thesis-runs/ELA_run_5ROI/_merged_fit_runs_ela_5ROI/merge_extinction_ela_5ROI/ELA_features/confirmatory_analysis_v3_notaskfilter/primary_results_for_manuscript.csv,13,p_value,0.3202845100440772,,C(group)[T.PTSD],-0.0292919631409674,-1.005225776152486,,,,,,,,,,,,,,,,,extinction,,,,extinction_peripheral_dynamics,,CS+ retention within peripheral basin space,,0.6405690200881545,False,0.6405690200881545,False,2.0,covariate_model,top_uncorrected_only
,,event_trial_type_onset__CSminus_freq_B1,,,0.3427419126454307,holm,0.6854838252908615,False,primary_results_for_manuscript.csv,/mnt/d/Thesis Masters/thesis-runs/ELA_run_5ROI/_merged_fit_runs_ela_5ROI/merge_extinction_ela_5ROI/ELA_features/confirmatory_analysis_v3_notaskfilter/primary_results_for_manuscript.csv,14,p_value,0.3427419126454307,,,,,,,group_overall,mannwhitney_u,24.0,24.0,,,0.3184454841430886,0.313716251428183,0.3232142857142857,0.2942307692307692,0.0047292327149056,334.5,0.0602351933892667,0.1614583333333333,renewal,,,,renewal_safety_retrieval,,CS− all-off occupancy during renewal,,0.6854838252908615,False,0.6854838252908615,False,2.0,overall_group_test,top_uncorrected_only
,,basin_entropy,,,0.3588416547603351,holm,0.3588416547603351,False,primary_results_for_manuscript.csv,/mnt/d/Thesis Masters/thesis-runs/ELA_run_5ROI/_merged_fit_runs_ela_5ROI/merge_extinction_ela_5ROI/ELA_features/confirmatory_analysis_v3_notaskfilter/primary_results_for_manuscript.csv,15,p_value,0.3588416547603351,,,,,,,group_overall,mannwhitney_u,24.0,24.0,,,0.972517856304118,0.9615451826462248,0.9776174515955718,0.9701607681397626,0.0109726736578932,333.0,0.3685402632265467,0.15625,all,,,,flexibility,,Basin repertoire/flexibility,,0.3588416547603351,False,0.3588416547603351,False,1.0,overall_group_test,top_uncorrected_only
