cohort,source,target,count,source_basin,target_basin,most_common_source_event,most_common_target_event,source_total,probability,subject_support_count,n_subjects_in_cohort,subject_support_prop,source_basin_label,target_basin_label
merged,24,32,31,4,4,ITI,ITI,125,0.248,21,48,0.4375,Global on,Global on
merged,9,1,33,1,1,ITI,ITI,134,0.2462686567164179,23,48,0.4791666666666667,Global off,Global off
merged,2,1,49,1,1,ITI,ITI,222,0.22072072072072071,28,48,0.5833333333333334,Global off,Global off
merged,19,20,30,3,3,ITI,ITI,150,0.2,24,48,0.5,Safety-like,Safety-like
merged,26,20,12,4,3,ITI,ITI,65,0.18461538461538463,12,48,0.25,Global on,Safety-like
merged,18,1,15,3,1,ITI,ITI,89,0.16853932584269662,12,48,0.25,Safety-like,Global off
merged,17,1,32,1,1,ITI,ITI,190,0.16842105263157894,23,48,0.4791666666666667,Global off,Global off
merged,31,32,36,4,4,ITI,ITI,217,0.16589861751152074,24,48,0.5,Global on,Global on
merged,10,1,13,1,1,ITI,ITI,83,0.1566265060240964,12,48,0.25,Global off,Global off
merged,10,2,13,1,1,CS+,ITI,83,0.1566265060240964,10,48,0.20833333333333334,Global off,Global off
merged,11,32,5,1,4,CS+,ITI,33,0.15151515151515152,5,48,0.10416666666666667,Global off,Global on
merged,15,31,10,2,4,CS+,ITI,68,0.14705882352941177,9,48,0.1875,Threat-like,Global on
merged,27,20,10,4,3,ITI,CS-,68,0.14705882352941177,10,48,0.20833333333333334,Global on,Safety-like
merged,28,32,21,4,4,ITI,CS+,143,0.14685314685314685,14,48,0.2916666666666667,Global on,Global on
merged,16,32,25,4,4,ITI,CS-,174,0.14367816091954022,20,48,0.4166666666666667,Global on,Global on
merged,6,13,8,1,2,CS+,CS+,56,0.14285714285714285,7,48,0.14583333333333334,Global off,Threat-like
merged,22,32,5,4,4,ITI,ITI,35,0.14285714285714285,5,48,0.10416666666666667,Global on,Global on
merged,14,13,20,2,2,CS+,ITI,147,0.1360544217687075,13,48,0.2708333333333333,Threat-like,Threat-like
merged,5,13,23,1,2,ITI,ITI,171,0.13450292397660818,16,48,0.3333333333333333,Global off,Threat-like
merged,30,32,14,4,4,ITI,ITI,105,0.13333333333333333,12,48,0.25,Global on,Global on
merged,4,20,24,3,3,ITI,ITI,182,0.13186813186813187,18,48,0.375,Safety-like,Safety-like
merged,20,32,34,3,4,ITI,ITI,258,0.13178294573643412,25,48,0.5208333333333334,Safety-like,Global on
merged,5,1,22,1,1,ITI,ITI,171,0.1286549707602339,17,48,0.3541666666666667,Global off,Global off
merged,25,17,12,2,1,ITI,ITI,94,0.1276595744680851,10,48,0.20833333333333334,Threat-like,Global off
merged,18,20,11,3,3,ITI,ITI,89,0.12359550561797752,9,48,0.1875,Safety-like,Safety-like
merged,11,1,4,1,1,CS-,CS-,33,0.12121212121212122,4,48,0.08333333333333333,Global off,Global off
merged,3,1,12,1,1,ITI,ITI,100,0.12,12,48,0.25,Global off,Global off
merged,27,32,8,4,4,ITI,CS-,68,0.11764705882352941,7,48,0.14583333333333334,Global on,Global on
merged,25,1,11,2,1,CS+,ITI,94,0.11702127659574468,10,48,0.20833333333333334,Threat-like,Global off
merged,14,16,17,2,4,CS+,CS-,147,0.11564625850340136,15,48,0.3125,Threat-like,Global on
merged,7,32,9,1,4,CS+,ITI,78,0.11538461538461539,8,48,0.16666666666666666,Global off,Global on
merged,29,32,24,2,4,ITI,ITI,209,0.11483253588516747,23,48,0.4791666666666667,Threat-like,Global on
merged,22,19,4,4,3,ITI,ITI,35,0.11428571428571428,4,48,0.08333333333333333,Global on,Safety-like
merged,13,1,27,2,1,ITI,ITI,243,0.1111111111111111,19,48,0.3958333333333333,Threat-like,Global off
merged,23,20,10,4,3,ITI,ITI,92,0.10869565217391304,8,48,0.16666666666666666,Global on,Safety-like
merged,32,31,41,4,4,ITI,ITI,390,0.10512820512820513,25,48,0.5208333333333334,Global on,Global on
merged,8,32,12,3,4,ITI,CS+,115,0.10434782608695652,11,48,0.22916666666666666,Safety-like,Global on
merged,15,14,7,2,2,ITI,CS+,68,0.10294117647058823,6,48,0.125,Threat-like,Threat-like
merged,27,31,7,4,4,ITI,CS+,68,0.10294117647058823,7,48,0.14583333333333334,Global on,Global on
merged,14,5,15,2,1,CS+,ITI,147,0.10204081632653061,11,48,0.22916666666666666,Threat-like,Global off
merged,12,32,10,3,4,ITI,ITI,98,0.10204081632653061,8,48,0.16666666666666666,Safety-like,Global on
merged,18,17,9,3,1,ITI,ITI,89,0.10112359550561797,9,48,0.1875,Safety-like,Global off
merged,10,9,8,1,1,CS+,ITI,83,0.0963855421686747,8,48,0.16666666666666666,Global off,Global off
merged,17,32,18,1,4,ITI,ITI,190,0.09473684210526316,13,48,0.2708333333333333,Global off,Global on
merged,26,2,6,4,1,ITI,ITI,65,0.09230769230769231,4,48,0.08333333333333333,Global on,Global off
merged,26,17,6,4,1,CS+,CS+,65,0.09230769230769231,6,48,0.125,Global on,Global off
merged,26,29,6,4,2,ITI,ITI,65,0.09230769230769231,6,48,0.125,Global on,Threat-like
merged,16,13,16,4,2,ITI,CS+,174,0.09195402298850575,12,48,0.25,Global on,Threat-like
merged,12,1,9,3,1,ITI,ITI,98,0.09183673469387756,8,48,0.16666666666666666,Safety-like,Global off
merged,3,19,9,1,3,ITI,ITI,100,0.09,8,48,0.16666666666666666,Global off,Safety-like
merged,7,5,7,1,1,ITI,CS+,78,0.08974358974358974,7,48,0.14583333333333334,Global off,Global off
merged,6,2,5,1,1,ITI,ITI,56,0.08928571428571429,5,48,0.10416666666666667,Global off,Global off
merged,6,16,5,1,4,ITI,CS-,56,0.08928571428571429,5,48,0.10416666666666667,Global off,Global on
merged,6,31,5,1,4,ITI,ITI,56,0.08928571428571429,5,48,0.10416666666666667,Global off,Global on
merged,14,32,13,2,4,CS+,ITI,147,0.08843537414965986,11,48,0.22916666666666666,Threat-like,Global on
merged,4,2,16,3,1,ITI,ITI,182,0.08791208791208792,14,48,0.2916666666666667,Safety-like,Global off
merged,1,2,33,1,1,ITI,ITI,376,0.08776595744680851,22,48,0.4583333333333333,Global off,Global off
merged,31,29,19,4,2,ITI,ITI,217,0.08755760368663594,16,48,0.3333333333333333,Global on,Threat-like
merged,8,16,10,3,4,CS+,ITI,115,0.08695652173913043,10,48,0.20833333333333334,Safety-like,Global on
merged,23,32,8,4,4,ITI,ITI,92,0.08695652173913043,8,48,0.16666666666666666,Global on,Global on
merged,22,18,3,4,3,ITI,ITI,35,0.08571428571428572,3,48,0.0625,Global on,Safety-like
merged,22,23,3,4,4,CS+,ITI,35,0.08571428571428572,3,48,0.0625,Global on,Global on
merged,25,13,8,2,2,ITI,ITI,94,0.0851063829787234,8,48,0.16666666666666666,Threat-like,Threat-like
merged,21,32,7,2,4,ITI,CS-,84,0.08333333333333333,7,48,0.14583333333333334,Threat-like,Global on
merged,4,1,15,3,1,ITI,ITI,182,0.08241758241758242,12,48,0.25,Safety-like,Global off
merged,13,5,20,2,1,CS+,ITI,243,0.0823045267489712,16,48,0.3333333333333333,Threat-like,Global off
merged,12,2,8,3,1,CS+,CS+,98,0.08163265306122448,7,48,0.14583333333333334,Safety-like,Global off
merged,12,16,8,3,4,ITI,ITI,98,0.08163265306122448,8,48,0.16666666666666666,Safety-like,Global on
merged,20,4,21,3,3,ITI,ITI,258,0.08139534883720931,14,48,0.2916666666666667,Safety-like,Safety-like
merged,2,4,18,1,3,ITI,ITI,222,0.08108108108108109,13,48,0.2708333333333333,Global off,Safety-like
merged,16,14,14,4,2,CS+,CS+,174,0.08045977011494253,13,48,0.2708333333333333,Global on,Threat-like
merged,24,20,10,4,3,ITI,CS+,125,0.08,10,48,0.20833333333333334,Global on,Safety-like
merged,13,32,19,2,4,ITI,ITI,243,0.07818930041152264,11,48,0.22916666666666666,Threat-like,Global on
merged,32,20,30,4,3,ITI,ITI,390,0.07692307692307693,22,48,0.4583333333333333,Global on,Safety-like
merged,28,20,11,4,3,ITI,ITI,143,0.07692307692307693,8,48,0.16666666666666666,Global on,Safety-like
merged,7,1,6,1,1,ITI,CS-,78,0.07692307692307693,6,48,0.125,Global off,Global off
merged,7,16,6,1,4,ITI,CS-,78,0.07692307692307693,5,48,0.10416666666666667,Global off,Global on
merged,30,13,8,4,2,CS+,CS+,105,0.0761904761904762,8,48,0.16666666666666666,Global on,Threat-like
merged,30,31,8,4,4,ITI,ITI,105,0.0761904761904762,8,48,0.16666666666666666,Global on,Global on
merged,23,28,7,4,4,ITI,ITI,92,0.07608695652173914,7,48,0.14583333333333334,Global on,Global on
merged,9,13,10,1,2,ITI,CS+,134,0.07462686567164178,10,48,0.20833333333333334,Global off,Threat-like
merged,1,5,28,1,1,CS+,CS+,376,0.07446808510638298,23,48,0.4791666666666667,Global off,Global off
merged,1,13,28,1,2,ITI,ITI,376,0.07446808510638298,24,48,0.5,Global off,Threat-like
merged,25,20,7,2,3,ITI,ITI,94,0.07446808510638298,6,48,0.125,Threat-like,Safety-like
merged,25,29,7,2,2,ITI,ITI,94,0.07446808510638298,6,48,0.125,Threat-like,Threat-like
merged,20,19,19,3,3,ITI,ITI,258,0.07364341085271318,18,48,0.375,Safety-like,Safety-like
merged,15,9,5,2,1,CS-,CS+,68,0.07352941176470588,5,48,0.10416666666666667,Threat-like,Global off
merged,27,13,5,4,2,ITI,ITI,68,0.07352941176470588,5,48,0.10416666666666667,Global on,Threat-like
merged,19,32,11,3,4,ITI,ITI,150,0.07333333333333333,9,48,0.1875,Safety-like,Global on
merged,24,1,9,4,1,ITI,ITI,125,0.072,9,48,0.1875,Global on,Global off
merged,4,8,13,3,3,ITI,ITI,182,0.07142857142857142,11,48,0.22916666666666666,Safety-like,Safety-like
merged,21,2,6,2,1,ITI,ITI,84,0.07142857142857142,5,48,0.10416666666666667,Threat-like,Global off
merged,21,5,6,2,1,CS+,ITI,84,0.07142857142857142,6,48,0.125,Threat-like,Global off
merged,21,17,6,2,1,ITI,ITI,84,0.07142857142857142,6,48,0.125,Threat-like,Global off
merged,21,29,6,2,2,CS+,CS+,84,0.07142857142857142,5,48,0.10416666666666667,Threat-like,Threat-like
merged,6,7,4,1,1,ITI,CS-,56,0.07142857142857142,3,48,0.0625,Global off,Global off
merged,6,14,4,1,2,ITI,ITI,56,0.07142857142857142,4,48,0.08333333333333333,Global off,Threat-like
merged,6,32,4,1,4,CS-,ITI,56,0.07142857142857142,4,48,0.08333333333333333,Global off,Global on
merged,3,4,7,1,3,CS-,ITI,100,0.07,7,48,0.14583333333333334,Global off,Safety-like
merged,13,29,17,2,2,ITI,ITI,243,0.06995884773662552,13,48,0.2708333333333333,Threat-like,Threat-like
merged,28,25,10,4,2,ITI,ITI,143,0.06993006993006994,8,48,0.16666666666666666,Global on,Threat-like
merged,8,5,8,3,1,CS+,CS+,115,0.06956521739130435,8,48,0.16666666666666666,Safety-like,Global off
merged,8,12,8,3,3,ITI,ITI,115,0.06956521739130435,8,48,0.16666666666666666,Safety-like,Safety-like
merged,32,28,27,4,4,ITI,ITI,390,0.06923076923076923,20,48,0.4166666666666667,Global on,Global on
merged,16,1,12,4,1,ITI,ITI,174,0.06896551724137931,11,48,0.22916666666666666,Global on,Global off
merged,17,19,13,1,3,ITI,ITI,190,0.06842105263157895,10,48,0.20833333333333334,Global off,Safety-like
merged,14,29,10,2,2,ITI,ITI,147,0.06802721088435375,10,48,0.20833333333333334,Threat-like,Threat-like
merged,18,2,6,3,1,ITI,ITI,89,0.06741573033707865,6,48,0.125,Safety-like,Global off
merged,29,31,14,2,4,ITI,CS-,209,0.06698564593301436,11,48,0.22916666666666666,Threat-like,Global on
merged,19,1,10,3,1,ITI,ITI,150,0.06666666666666667,9,48,0.1875,Safety-like,Global off
merged,19,17,10,3,1,ITI,ITI,150,0.06666666666666667,8,48,0.16666666666666666,Safety-like,Global off
merged,19,28,10,3,4,ITI,ITI,150,0.06666666666666667,10,48,0.20833333333333334,Safety-like,Global on
merged,19,31,10,3,4,ITI,CS-,150,0.06666666666666667,8,48,0.16666666666666666,Safety-like,Global on
merged,30,20,7,4,3,ITI,ITI,105,0.06666666666666667,6,48,0.125,Global on,Safety-like
merged,30,29,7,4,2,ITI,CS-,105,0.06666666666666667,5,48,0.10416666666666667,Global on,Threat-like
merged,23,19,6,4,3,ITI,ITI,92,0.06521739130434782,5,48,0.10416666666666667,Global on,Safety-like
merged,23,24,6,4,4,CS+,ITI,92,0.06521739130434782,6,48,0.125,Global on,Global on
merged,23,31,6,4,4,ITI,ITI,92,0.06521739130434782,6,48,0.125,Global on,Global on
merged,7,13,5,1,2,ITI,ITI,78,0.0641025641025641,5,48,0.10416666666666667,Global off,Threat-like
merged,7,24,5,1,4,ITI,ITI,78,0.0641025641025641,5,48,0.10416666666666667,Global off,Global on
merged,7,31,5,1,4,CS-,ITI,78,0.0641025641025641,5,48,0.10416666666666667,Global off,Global on
merged,1,4,24,1,3,ITI,ITI,376,0.06382978723404255,18,48,0.375,Global off,Safety-like
merged,16,29,11,4,2,CS-,CS-,174,0.06321839080459771,9,48,0.1875,Global on,Threat-like
merged,17,20,12,1,3,ITI,ITI,190,0.06315789473684211,12,48,0.25,Global off,Safety-like
merged,29,17,13,2,1,ITI,ITI,209,0.06220095693779904,11,48,0.22916666666666666,Threat-like,Global off
merged,29,25,13,2,2,ITI,ITI,209,0.06220095693779904,13,48,0.2708333333333333,Threat-like,Threat-like
merged,20,28,16,3,4,ITI,ITI,258,0.06201550387596899,14,48,0.2916666666666667,Safety-like,Global on
merged,14,1,9,2,1,ITI,ITI,147,0.061224489795918366,9,48,0.1875,Threat-like,Global off
merged,12,9,6,3,1,ITI,ITI,98,0.061224489795918366,5,48,0.10416666666666667,Safety-like,Global off
merged,8,2,7,3,1,CS+,ITI,115,0.06086956521739131,6,48,0.125,Safety-like,Global off
merged,8,14,7,3,2,ITI,ITI,115,0.06086956521739131,7,48,0.14583333333333334,Safety-like,Threat-like
merged,11,12,2,1,3,CS+,ITI,33,0.06060606060606061,2,48,0.041666666666666664,Global off,Safety-like
merged,11,13,2,1,2,CS+,ITI,33,0.06060606060606061,2,48,0.041666666666666664,Global off,Threat-like
merged,11,17,2,1,1,ITI,ITI,33,0.06060606060606061,2,48,0.041666666666666664,Global off,Global off
merged,11,18,2,1,3,CS+,CS+,33,0.06060606060606061,2,48,0.041666666666666664,Global off,Safety-like
merged,11,20,2,1,3,ITI,ITI,33,0.06060606060606061,2,48,0.041666666666666664,Global off,Safety-like
merged,11,29,2,1,2,CS-,CS-,33,0.06060606060606061,2,48,0.041666666666666664,Global off,Threat-like
merged,11,31,2,1,4,CS+,CS+,33,0.06060606060606061,2,48,0.041666666666666664,Global off,Global on
merged,10,3,5,1,1,CS-,ITI,83,0.060240963855421686,4,48,0.08333333333333333,Global off,Global off
merged,10,32,5,1,4,ITI,ITI,83,0.060240963855421686,5,48,0.10416666666666667,Global off,Global on
merged,19,18,9,3,3,ITI,ITI,150,0.06,7,48,0.14583333333333334,Safety-like,Safety-like
merged,3,20,6,1,3,ITI,ITI,100,0.06,5,48,0.10416666666666667,Global off,Safety-like
merged,21,9,5,2,1,CS-,ITI,84,0.05952380952380952,5,48,0.10416666666666667,Threat-like,Global off
merged,21,30,5,2,4,CS+,ITI,84,0.05952380952380952,5,48,0.10416666666666667,Threat-like,Global on
merged,15,1,4,2,1,ITI,ITI,68,0.058823529411764705,4,48,0.08333333333333333,Threat-like,Global off
merged,15,5,4,2,1,ITI,CS-,68,0.058823529411764705,3,48,0.0625,Threat-like,Global off
merged,15,13,4,2,2,CS+,CS+,68,0.058823529411764705,4,48,0.08333333333333333,Threat-like,Threat-like
merged,15,16,4,2,4,CS-,ITI,68,0.058823529411764705,4,48,0.08333333333333333,Threat-like,Global on
merged,27,9,4,4,1,ITI,CS+,68,0.058823529411764705,4,48,0.08333333333333333,Global on,Global off
merged,27,29,4,4,2,ITI,CS+,68,0.058823529411764705,4,48,0.08333333333333333,Global on,Threat-like
merged,1,17,22,1,1,ITI,ITI,376,0.05851063829787234,16,48,0.3333333333333333,Global off,Global off
merged,5,2,10,1,1,ITI,ITI,171,0.05847953216374269,8,48,0.16666666666666666,Global off,Global off
merged,5,29,10,1,2,CS-,ITI,171,0.05847953216374269,7,48,0.14583333333333334,Global off,Threat-like
merged,17,2,11,1,1,ITI,ITI,190,0.05789473684210526,10,48,0.20833333333333334,Global off,Global off
merged,17,31,11,1,4,ITI,ITI,190,0.05789473684210526,9,48,0.1875,Global off,Global on
merged,30,1,6,4,1,CS-,ITI,105,0.05714285714285714,6,48,0.125,Global on,Global off
merged,22,1,2,4,1,ITI,CS-,35,0.05714285714285714,2,48,0.041666666666666664,Global on,Global off
merged,22,2,2,4,1,CS+,CS+,35,0.05714285714285714,2,48,0.041666666666666664,Global on,Global off
merged,22,5,2,4,1,CS-,ITI,35,0.05714285714285714,2,48,0.041666666666666664,Global on,Global off
merged,22,7,2,4,1,CS+,CS+,35,0.05714285714285714,2,48,0.041666666666666664,Global on,Global off
merged,22,13,2,4,2,ITI,CS-,35,0.05714285714285714,2,48,0.041666666666666664,Global on,Threat-like
merged,32,16,22,4,4,ITI,ITI,390,0.05641025641025641,16,48,0.3333333333333333,Global on,Global on
merged,18,13,5,3,2,ITI,CS+,89,0.056179775280898875,4,48,0.08333333333333333,Safety-like,Threat-like
merged,18,19,5,3,3,ITI,CS-,89,0.056179775280898875,5,48,0.10416666666666667,Safety-like,Safety-like
merged,24,31,7,4,4,ITI,ITI,125,0.056,5,48,0.10416666666666667,Global on,Global on
merged,28,1,8,4,1,ITI,ITI,143,0.055944055944055944,6,48,0.125,Global on,Global off
merged,28,17,8,4,1,ITI,ITI,143,0.055944055944055944,7,48,0.14583333333333334,Global on,Global off
merged,31,13,12,4,2,ITI,CS+,217,0.055299539170506916,9,48,0.1875,Global on,Threat-like
merged,31,28,12,4,4,ITI,ITI,217,0.055299539170506916,10,48,0.20833333333333334,Global on,Global on
merged,4,17,10,3,1,ITI,ITI,182,0.054945054945054944,9,48,0.1875,Safety-like,Global off
merged,4,32,10,3,4,ITI,ITI,182,0.054945054945054944,10,48,0.20833333333333334,Safety-like,Global on
merged,23,29,5,4,2,CS-,CS-,92,0.05434782608695652,4,48,0.08333333333333333,Global on,Threat-like
merged,32,29,21,4,2,ITI,ITI,390,0.05384615384615385,17,48,0.3541666666666667,Global on,Threat-like
merged,6,5,3,1,1,ITI,CS-,56,0.05357142857142857,2,48,0.041666666666666664,Global off,Global off
merged,13,31,13,2,4,ITI,ITI,243,0.053497942386831275,13,48,0.2708333333333333,Threat-like,Global on
merged,25,19,5,2,3,ITI,ITI,94,0.05319148936170213,5,48,0.10416666666666667,Threat-like,Safety-like
merged,25,32,5,2,4,ITI,ITI,94,0.05319148936170213,5,48,0.10416666666666667,Threat-like,Global on
merged,29,9,11,2,1,ITI,CS-,209,0.05263157894736842,10,48,0.20833333333333334,Threat-like,Global off
merged,5,14,9,1,2,CS+,CS+,171,0.05263157894736842,8,48,0.16666666666666666,Global off,Threat-like
merged,9,17,7,1,1,ITI,ITI,134,0.05223880597014925,6,48,0.125,Global off,Global off
merged,8,1,6,3,1,CS-,CS-,115,0.05217391304347826,5,48,0.10416666666666667,Safety-like,Global off
merged,8,4,6,3,3,ITI,ITI,115,0.05217391304347826,6,48,0.125,Safety-like,Safety-like
merged,16,31,9,4,4,ITI,ITI,174,0.05172413793103448,8,48,0.16666666666666666,Global on,Global on
merged,32,1,20,4,1,ITI,ITI,390,0.05128205128205128,17,48,0.3541666666666667,Global on,Global off
merged,7,4,4,1,3,ITI,ITI,78,0.05128205128205128,3,48,0.0625,Global off,Safety-like
merged,7,29,4,1,2,CS-,ITI,78,0.05128205128205128,4,48,0.08333333333333333,Global off,Threat-like
merged,12,29,5,3,2,ITI,CS+,98,0.05102040816326531,4,48,0.08333333333333333,Safety-like,Threat-like
merged,31,20,11,4,3,ITI,ITI,217,0.05069124423963134,10,48,0.20833333333333334,Global on,Safety-like
merged,3,7,5,1,1,ITI,CS-,100,0.05,5,48,0.10416666666666667,Global off,Global off
merged,3,9,5,1,1,CS+,CS+,100,0.05,4,48,0.08333333333333333,Global off,Global off
merged,3,12,5,1,3,ITI,CS+,100,0.05,5,48,0.10416666666666667,Global off,Safety-like
merged,3,31,5,1,4,ITI,ITI,100,0.05,2,48,0.041666666666666664,Global off,Global on
merged,3,32,5,1,4,ITI,ITI,100,0.05,4,48,0.08333333333333333,Global off,Global on
merged,2,20,11,1,3,CS+,ITI,222,0.04954954954954955,10,48,0.20833333333333334,Global off,Safety-like
merged,2,32,11,1,4,ITI,ITI,222,0.04954954954954955,11,48,0.22916666666666666,Global off,Global on
merged,4,16,9,3,4,ITI,CS+,182,0.04945054945054945,9,48,0.1875,Safety-like,Global on
merged,13,2,12,2,1,ITI,ITI,243,0.04938271604938271,11,48,0.22916666666666666,Threat-like,Global off
merged,13,9,12,2,1,CS+,CS+,243,0.04938271604938271,11,48,0.22916666666666666,Threat-like,Global off
merged,28,2,7,4,1,CS-,CS-,143,0.04895104895104895,7,48,0.14583333333333334,Global on,Global off
merged,32,30,19,4,4,ITI,CS-,390,0.04871794871794872,17,48,0.3541666666666667,Global on,Global on
merged,10,5,4,1,1,ITI,ITI,83,0.04819277108433735,4,48,0.08333333333333333,Global off,Global off
merged,10,16,4,1,4,ITI,ITI,83,0.04819277108433735,4,48,0.08333333333333333,Global off,Global on
merged,10,17,4,1,1,ITI,ITI,83,0.04819277108433735,3,48,0.0625,Global off,Global off
merged,10,29,4,1,2,CS+,CS+,83,0.04819277108433735,4,48,0.08333333333333333,Global off,Threat-like
merged,24,4,6,4,3,ITI,CS-,125,0.048,6,48,0.125,Global on,Safety-like
merged,24,19,6,4,3,CS+,ITI,125,0.048,6,48,0.125,Global on,Safety-like
merged,29,5,10,2,1,CS-,ITI,209,0.04784688995215311,9,48,0.1875,Threat-like,Global off
merged,29,19,10,2,3,ITI,ITI,209,0.04784688995215311,9,48,0.1875,Threat-like,Safety-like
merged,29,30,10,2,4,ITI,CS-,209,0.04784688995215311,10,48,0.20833333333333334,Threat-like,Global on
merged,30,2,5,4,1,CS+,ITI,105,0.047619047619047616,4,48,0.08333333333333333,Global on,Global off
merged,30,25,5,4,2,ITI,ITI,105,0.047619047619047616,5,48,0.10416666666666667,Global on,Threat-like
merged,21,13,4,2,2,ITI,CS+,84,0.047619047619047616,4,48,0.08333333333333333,Threat-like,Threat-like
merged,21,23,4,2,4,CS-,CS+,84,0.047619047619047616,4,48,0.08333333333333333,Threat-like,Global on
merged,21,31,4,2,4,ITI,ITI,84,0.047619047619047616,4,48,0.08333333333333333,Threat-like,Global on
merged,5,32,8,1,4,CS+,ITI,171,0.04678362573099415,6,48,0.125,Global off,Global on
merged,19,29,7,3,2,ITI,ITI,150,0.04666666666666667,6,48,0.125,Safety-like,Threat-like
merged,20,1,12,3,1,ITI,ITI,258,0.046511627906976744,11,48,0.22916666666666666,Safety-like,Global off
merged,20,24,12,3,4,ITI,ITI,258,0.046511627906976744,10,48,0.20833333333333334,Safety-like,Global on
merged,32,13,18,4,2,CS+,ITI,390,0.046153846153846156,16,48,0.3333333333333333,Global on,Threat-like
merged,26,1,3,4,1,ITI,CS+,65,0.046153846153846156,3,48,0.0625,Global on,Global off
merged,26,4,3,4,3,ITI,ITI,65,0.046153846153846156,3,48,0.0625,Global on,Safety-like
merged,26,19,3,4,3,CS+,ITI,65,0.046153846153846156,3,48,0.0625,Global on,Safety-like
merged,26,21,3,4,2,CS-,ITI,65,0.046153846153846156,3,48,0.0625,Global on,Threat-like
merged,31,25,10,4,2,ITI,CS+,217,0.04608294930875576,9,48,0.1875,Global on,Threat-like
merged,31,26,10,4,4,ITI,ITI,217,0.04608294930875576,8,48,0.16666666666666666,Global on,Global on
merged,31,30,10,4,4,ITI,CS-,217,0.04608294930875576,8,48,0.16666666666666666,Global on,Global on
merged,16,2,8,4,1,CS+,ITI,174,0.04597701149425287,7,48,0.14583333333333334,Global on,Global off
merged,16,8,8,4,3,ITI,ITI,174,0.04597701149425287,8,48,0.16666666666666666,Global on,Safety-like
merged,16,20,8,4,3,ITI,ITI,174,0.04597701149425287,8,48,0.16666666666666666,Global on,Safety-like
merged,16,30,8,4,4,ITI,ITI,174,0.04597701149425287,8,48,0.16666666666666666,Global on,Global on
merged,13,16,11,2,4,ITI,ITI,243,0.04526748971193416,10,48,0.20833333333333334,Threat-like,Global on
merged,1,3,17,1,1,ITI,ITI,376,0.04521276595744681,16,48,0.3333333333333333,Global off,Global off
merged,2,3,10,1,1,ITI,ITI,222,0.04504504504504504,9,48,0.1875,Global off,Global off
merged,2,13,10,1,2,ITI,ITI,222,0.04504504504504504,10,48,0.20833333333333334,Global off,Threat-like
merged,2,17,10,1,1,ITI,ITI,222,0.04504504504504504,9,48,0.1875,Global off,Global off
merged,18,3,4,3,1,ITI,CS+,89,0.0449438202247191,4,48,0.08333333333333333,Safety-like,Global off
merged,18,4,4,3,3,ITI,ITI,89,0.0449438202247191,3,48,0.0625,Safety-like,Safety-like
merged,18,24,4,3,4,ITI,ITI,89,0.0449438202247191,4,48,0.08333333333333333,Safety-like,Global on
merged,18,29,4,3,2,CS+,CS+,89,0.0449438202247191,4,48,0.08333333333333333,Safety-like,Threat-like
merged,9,29,6,1,2,ITI,ITI,134,0.04477611940298507,6,48,0.125,Global off,Threat-like
merged,9,31,6,1,4,ITI,ITI,134,0.04477611940298507,6,48,0.125,Global off,Global on
merged,9,32,6,1,4,CS+,ITI,134,0.04477611940298507,6,48,0.125,Global off,Global on
merged,15,4,3,2,3,ITI,ITI,68,0.04411764705882353,3,48,0.0625,Threat-like,Safety-like
merged,15,28,3,2,4,CS+,ITI,68,0.04411764705882353,3,48,0.0625,Threat-like,Global on
merged,15,29,3,2,2,CS+,CS+,68,0.04411764705882353,3,48,0.0625,Threat-like,Threat-like
merged,15,32,3,2,4,ITI,ITI,68,0.04411764705882353,3,48,0.0625,Threat-like,Global on
merged,27,2,3,4,1,ITI,ITI,68,0.04411764705882353,3,48,0.0625,Global on,Global off
merged,27,10,3,4,1,ITI,ITI,68,0.04411764705882353,3,48,0.0625,Global on,Global off
merged,27,19,3,4,3,ITI,ITI,68,0.04411764705882353,2,48,0.041666666666666664,Global on,Safety-like
merged,27,23,3,4,4,ITI,ITI,68,0.04411764705882353,2,48,0.041666666666666664,Global on,Global on
merged,27,25,3,4,2,ITI,CS+,68,0.04411764705882353,3,48,0.0625,Global on,Threat-like
merged,27,28,3,4,4,ITI,ITI,68,0.04411764705882353,3,48,0.0625,Global on,Global on
merged,32,14,17,4,2,CS+,CS+,390,0.04358974358974359,15,48,0.3125,Global on,Threat-like
merged,32,24,17,4,4,ITI,ITI,390,0.04358974358974359,14,48,0.2916666666666667,Global on,Global on
merged,8,9,5,3,1,ITI,CS-,115,0.043478260869565216,5,48,0.10416666666666667,Safety-like,Global off
merged,8,20,5,3,3,ITI,ITI,115,0.043478260869565216,4,48,0.08333333333333333,Safety-like,Safety-like
merged,23,1,4,4,1,ITI,ITI,92,0.043478260869565216,4,48,0.08333333333333333,Global on,Global off
merged,23,4,4,4,3,ITI,CS+,92,0.043478260869565216,4,48,0.08333333333333333,Global on,Safety-like
merged,23,17,4,4,1,ITI,ITI,92,0.043478260869565216,4,48,0.08333333333333333,Global on,Global off
merged,23,30,4,4,4,CS-,ITI,92,0.043478260869565216,4,48,0.08333333333333333,Global on,Global on
merged,29,14,9,2,2,ITI,ITI,209,0.0430622009569378,9,48,0.1875,Threat-like,Threat-like
merged,29,24,9,2,4,ITI,ITI,209,0.0430622009569378,9,48,0.1875,Threat-like,Global on
merged,20,17,11,3,1,ITI,ITI,258,0.04263565891472868,10,48,0.20833333333333334,Safety-like,Global off
merged,20,27,11,3,4,ITI,ITI,258,0.04263565891472868,9,48,0.1875,Safety-like,Global on
merged,1,8,16,1,3,ITI,ITI,376,0.0425531914893617,15,48,0.3125,Global off,Safety-like
merged,1,16,16,1,4,ITI,ITI,376,0.0425531914893617,13,48,0.2708333333333333,Global off,Global on
merged,1,32,16,1,4,ITI,ITI,376,0.0425531914893617,15,48,0.3125,Global off,Global on
merged,25,28,4,2,4,CS+,CS+,94,0.0425531914893617,4,48,0.08333333333333333,Threat-like,Global on
merged,25,31,4,2,4,CS+,CS+,94,0.0425531914893617,4,48,0.08333333333333333,Threat-like,Global on
merged,28,19,6,4,3,ITI,ITI,143,0.04195804195804196,5,48,0.10416666666666667,Global on,Safety-like
merged,28,23,6,4,4,ITI,ITI,143,0.04195804195804196,6,48,0.125,Global on,Global on
merged,28,31,6,4,4,ITI,ITI,143,0.04195804195804196,6,48,0.125,Global on,Global on
merged,31,5,9,4,1,ITI,ITI,217,0.041474654377880185,8,48,0.16666666666666666,Global on,Global off
merged,13,14,10,2,2,ITI,CS+,243,0.0411522633744856,10,48,0.20833333333333334,Threat-like,Threat-like
merged,14,6,6,2,1,ITI,ITI,147,0.04081632653061224,5,48,0.10416666666666667,Threat-like,Global off
merged,14,9,6,2,1,ITI,ITI,147,0.04081632653061224,5,48,0.10416666666666667,Threat-like,Global off
merged,12,5,4,3,1,ITI,CS-,98,0.04081632653061224,3,48,0.0625,Safety-like,Global off
merged,12,13,4,3,2,ITI,CS+,98,0.04081632653061224,4,48,0.08333333333333333,Safety-like,Threat-like
merged,12,18,4,3,3,CS+,CS-,98,0.04081632653061224,4,48,0.08333333333333333,Safety-like,Safety-like
merged,12,20,4,3,3,ITI,ITI,98,0.04081632653061224,4,48,0.08333333333333333,Safety-like,Safety-like
merged,12,28,4,3,4,ITI,CS-,98,0.04081632653061224,4,48,0.08333333333333333,Safety-like,Global on
merged,16,4,7,4,3,ITI,ITI,174,0.040229885057471264,6,48,0.125,Global on,Safety-like
merged,19,24,6,3,4,ITI,CS+,150,0.04,6,48,0.125,Safety-like,Global on
merged,24,10,5,4,1,CS+,CS-,125,0.04,5,48,0.10416666666666667,Global on,Global off
merged,24,12,5,4,3,ITI,ITI,125,0.04,5,48,0.10416666666666667,Global on,Safety-like
merged,24,16,5,4,4,ITI,ITI,125,0.04,4,48,0.08333333333333333,Global on,Global on
merged,24,21,5,4,2,CS-,ITI,125,0.04,5,48,0.10416666666666667,Global on,Threat-like
merged,24,29,5,4,2,ITI,ITI,125,0.04,4,48,0.08333333333333333,Global on,Threat-like
merged,3,2,4,1,1,ITI,CS+,100,0.04,4,48,0.08333333333333333,Global off,Global off
merged,20,13,10,3,2,ITI,ITI,258,0.03875968992248062,8,48,0.16666666666666666,Safety-like,Threat-like
merged,20,31,10,3,4,ITI,ITI,258,0.03875968992248062,9,48,0.1875,Safety-like,Global on
merged,32,2,15,4,1,ITI,ITI,390,0.038461538461538464,12,48,0.25,Global on,Global off
merged,32,8,15,4,3,ITI,ITI,390,0.038461538461538464,13,48,0.2708333333333333,Global on,Safety-like
merged,4,12,7,3,3,ITI,ITI,182,0.038461538461538464,7,48,0.14583333333333334,Safety-like,Safety-like
merged,4,13,7,3,2,ITI,ITI,182,0.038461538461538464,6,48,0.125,Safety-like,Threat-like
merged,4,29,7,3,2,CS-,ITI,182,0.038461538461538464,6,48,0.125,Safety-like,Threat-like
merged,7,20,3,1,3,ITI,ITI,78,0.038461538461538464,3,48,0.0625,Global off,Safety-like
merged,29,1,8,2,1,ITI,ITI,209,0.03827751196172249,8,48,0.16666666666666666,Threat-like,Global off
merged,29,13,8,2,2,ITI,CS-,209,0.03827751196172249,7,48,0.14583333333333334,Threat-like,Threat-like
merged,29,21,8,2,2,ITI,ITI,209,0.03827751196172249,6,48,0.125,Threat-like,Threat-like
merged,30,24,4,4,4,ITI,CS-,105,0.0380952380952381,4,48,0.08333333333333333,Global on,Global on
merged,30,28,4,4,4,ITI,ITI,105,0.0380952380952381,4,48,0.08333333333333333,Global on,Global on
merged,9,5,5,1,1,ITI,ITI,134,0.03731343283582089,4,48,0.08333333333333333,Global off,Global off
merged,9,10,5,1,1,CS+,CS+,134,0.03731343283582089,5,48,0.10416666666666667,Global off,Global off
merged,9,15,5,1,2,ITI,CS+,134,0.03731343283582089,4,48,0.08333333333333333,Global off,Threat-like
merged,9,19,5,1,3,CS+,ITI,134,0.03731343283582089,4,48,0.08333333333333333,Global off,Safety-like
merged,9,26,5,1,4,CS+,ITI,134,0.03731343283582089,5,48,0.10416666666666667,Global off,Global on
merged,1,14,14,1,2,ITI,ITI,376,0.03723404255319149,12,48,0.25,Global off,Threat-like
merged,13,8,9,2,3,ITI,ITI,243,0.037037037037037035,8,48,0.16666666666666666,Threat-like,Safety-like
merged,31,23,8,4,4,CS-,ITI,217,0.03686635944700461,7,48,0.14583333333333334,Global on,Global on
merged,17,5,7,1,1,ITI,CS-,190,0.03684210526315789,7,48,0.14583333333333334,Global off,Global off
merged,17,10,7,1,1,ITI,CS+,190,0.03684210526315789,6,48,0.125,Global off,Global off
merged,17,16,7,1,4,ITI,ITI,190,0.03684210526315789,7,48,0.14583333333333334,Global off,Global on
merged,17,26,7,1,4,ITI,ITI,190,0.03684210526315789,7,48,0.14583333333333334,Global off,Global on
merged,17,29,7,1,2,ITI,ITI,190,0.03684210526315789,6,48,0.125,Global off,Threat-like
merged,10,4,3,1,3,ITI,CS+,83,0.03614457831325301,3,48,0.0625,Global off,Safety-like
merged,10,13,3,1,2,CS+,ITI,83,0.03614457831325301,3,48,0.0625,Global off,Threat-like
merged,10,28,3,1,4,ITI,ITI,83,0.03614457831325301,3,48,0.0625,Global off,Global on
merged,2,14,8,1,2,ITI,CS-,222,0.036036036036036036,8,48,0.16666666666666666,Global off,Threat-like
merged,32,17,14,4,1,ITI,ITI,390,0.035897435897435895,14,48,0.2916666666666667,Global on,Global off
merged,21,1,3,2,1,ITI,ITI,84,0.03571428571428571,3,48,0.0625,Threat-like,Global off
merged,21,4,3,2,3,CS+,ITI,84,0.03571428571428571,2,48,0.041666666666666664,Threat-like,Safety-like
merged,21,19,3,2,3,ITI,ITI,84,0.03571428571428571,3,48,0.0625,Threat-like,Safety-like
merged,21,27,3,2,4,CS-,ITI,84,0.03571428571428571,3,48,0.0625,Threat-like,Global on
merged,6,1,2,1,1,CS+,ITI,56,0.03571428571428571,2,48,0.041666666666666664,Global off,Global off
merged,6,3,2,1,1,ITI,CS-,56,0.03571428571428571,2,48,0.041666666666666664,Global off,Global off
merged,6,9,2,1,1,CS+,ITI,56,0.03571428571428571,2,48,0.041666666666666664,Global off,Global off
merged,6,15,2,1,2,ITI,CS-,56,0.03571428571428571,2,48,0.041666666666666664,Global off,Threat-like
merged,6,28,2,1,4,CS-,ITI,56,0.03571428571428571,2,48,0.041666666666666664,Global off,Global on
merged,5,3,6,1,1,ITI,ITI,171,0.03508771929824561,6,48,0.125,Global off,Global off
merged,5,4,6,1,3,CS+,ITI,171,0.03508771929824561,6,48,0.125,Global off,Safety-like
merged,5,7,6,1,1,ITI,ITI,171,0.03508771929824561,5,48,0.10416666666666667,Global off,Global off
merged,5,8,6,1,3,CS+,ITI,171,0.03508771929824561,6,48,0.125,Global off,Safety-like
merged,5,16,6,1,4,ITI,ITI,171,0.03508771929824561,4,48,0.08333333333333333,Global off,Global on
merged,28,4,5,4,3,ITI,CS-,143,0.03496503496503497,5,48,0.10416666666666667,Global on,Safety-like
merged,28,16,5,4,4,ITI,CS+,143,0.03496503496503497,4,48,0.08333333333333333,Global on,Global on
merged,28,24,5,4,4,ITI,ITI,143,0.03496503496503497,4,48,0.08333333333333333,Global on,Global on
merged,28,29,5,4,2,ITI,ITI,143,0.03496503496503497,5,48,0.10416666666666667,Global on,Threat-like
merged,20,2,9,3,1,CS+,CS+,258,0.03488372093023256,8,48,0.16666666666666666,Safety-like,Global off
merged,20,30,9,3,4,ITI,ITI,258,0.03488372093023256,8,48,0.16666666666666666,Safety-like,Global on
merged,8,7,4,3,1,ITI,ITI,115,0.034782608695652174,3,48,0.0625,Safety-like,Global off
merged,8,13,4,3,2,ITI,CS-,115,0.034782608695652174,2,48,0.041666666666666664,Safety-like,Threat-like
merged,8,19,4,3,3,CS-,ITI,115,0.034782608695652174,4,48,0.08333333333333333,Safety-like,Safety-like
merged,8,29,4,3,2,ITI,CS+,115,0.034782608695652174,4,48,0.08333333333333333,Safety-like,Threat-like
merged,14,10,5,2,1,ITI,ITI,147,0.034013605442176874,5,48,0.10416666666666667,Threat-like,Global off
merged,14,17,5,2,1,ITI,ITI,147,0.034013605442176874,4,48,0.08333333333333333,Threat-like,Global off
merged,14,31,5,2,4,ITI,ITI,147,0.034013605442176874,5,48,0.10416666666666667,Threat-like,Global on
merged,18,30,3,3,4,CS+,ITI,89,0.033707865168539325,3,48,0.0625,Safety-like,Global on
merged,18,32,3,3,4,CS-,CS-,89,0.033707865168539325,3,48,0.0625,Safety-like,Global on
merged,29,2,7,2,1,ITI,ITI,209,0.03349282296650718,7,48,0.14583333333333334,Threat-like,Global off
merged,32,4,13,4,3,CS-,ITI,390,0.03333333333333333,9,48,0.1875,Global on,Safety-like
merged,32,9,13,4,1,CS+,CS+,390,0.03333333333333333,11,48,0.22916666666666666,Global on,Global off
merged,19,25,5,3,2,ITI,ITI,150,0.03333333333333333,5,48,0.10416666666666667,Safety-like,Threat-like
merged,4,3,6,3,1,ITI,CS+,182,0.03296703296703297,5,48,0.10416666666666667,Safety-like,Global off
merged,13,4,8,2,3,CS+,ITI,243,0.03292181069958848,8,48,0.16666666666666666,Threat-like,Safety-like
merged,13,24,8,2,4,ITI,ITI,243,0.03292181069958848,6,48,0.125,Threat-like,Global on
merged,23,12,3,4,3,ITI,ITI,92,0.03260869565217391,2,48,0.041666666666666664,Global on,Safety-like
merged,23,13,3,4,2,ITI,CS+,92,0.03260869565217391,3,48,0.0625,Global on,Threat-like
merged,23,16,3,4,4,ITI,ITI,92,0.03260869565217391,3,48,0.0625,Global on,Global on
merged,31,4,7,4,3,CS+,ITI,217,0.03225806451612903,6,48,0.125,Global on,Safety-like
merged,31,24,7,4,4,ITI,CS-,217,0.03225806451612903,6,48,0.125,Global on,Global on
merged,1,6,12,1,1,ITI,ITI,376,0.031914893617021274,10,48,0.20833333333333334,Global off,Global off
merged,1,9,12,1,1,ITI,CS+,376,0.031914893617021274,10,48,0.20833333333333334,Global off,Global off
merged,1,29,12,1,2,ITI,ITI,376,0.031914893617021274,8,48,0.16666666666666666,Global off,Threat-like
merged,25,5,3,2,1,ITI,ITI,94,0.031914893617021274,3,48,0.0625,Threat-like,Global off
merged,25,14,3,2,2,ITI,CS+,94,0.031914893617021274,3,48,0.0625,Threat-like,Threat-like
merged,25,15,3,2,2,ITI,CS+,94,0.031914893617021274,3,48,0.0625,Threat-like,Threat-like
merged,25,18,3,2,3,ITI,CS+,94,0.031914893617021274,3,48,0.0625,Threat-like,Safety-like
merged,25,27,3,2,4,ITI,ITI,94,0.031914893617021274,3,48,0.0625,Threat-like,Global on
merged,17,18,6,1,3,CS-,ITI,190,0.031578947368421054,6,48,0.125,Global off,Safety-like
merged,2,24,7,1,4,ITI,ITI,222,0.03153153153153153,6,48,0.125,Global off,Global on
merged,2,30,7,1,4,ITI,CS+,222,0.03153153153153153,7,48,0.14583333333333334,Global off,Global on
merged,20,8,8,3,3,ITI,ITI,258,0.031007751937984496,7,48,0.14583333333333334,Safety-like,Safety-like
merged,26,3,2,4,1,CS-,ITI,65,0.03076923076923077,2,48,0.041666666666666664,Global on,Global off
merged,26,12,2,4,3,CS-,CS+,65,0.03076923076923077,2,48,0.041666666666666664,Global on,Safety-like
merged,26,13,2,4,2,ITI,CS+,65,0.03076923076923077,2,48,0.041666666666666664,Global on,Threat-like
merged,26,14,2,4,2,CS+,ITI,65,0.03076923076923077,2,48,0.041666666666666664,Global on,Threat-like
merged,26,18,2,4,3,CS-,CS-,65,0.03076923076923077,2,48,0.041666666666666664,Global on,Safety-like
merged,26,28,2,4,4,CS+,CS+,65,0.03076923076923077,2,48,0.041666666666666664,Global on,Global on
merged,26,30,2,4,4,ITI,ITI,65,0.03076923076923077,2,48,0.041666666666666664,Global on,Global on
merged,26,32,2,4,4,CS+,CS-,65,0.03076923076923077,2,48,0.041666666666666664,Global on,Global on
merged,12,17,3,3,1,ITI,ITI,98,0.030612244897959183,3,48,0.0625,Safety-like,Global off
merged,11,2,1,1,1,CS+,CS+,33,0.030303030303030304,1,48,0.020833333333333332,Global off,Global off
merged,11,4,1,1,3,CS+,ITI,33,0.030303030303030304,1,48,0.020833333333333332,Global off,Safety-like
merged,11,7,1,1,1,ITI,CS+,33,0.030303030303030304,1,48,0.020833333333333332,Global off,Global off
merged,11,9,1,1,1,ITI,ITI,33,0.030303030303030304,1,48,0.020833333333333332,Global off,Global off
merged,11,14,1,1,2,CS+,ITI,33,0.030303030303030304,1,48,0.020833333333333332,Global off,Threat-like
merged,11,19,1,1,3,ITI,ITI,33,0.030303030303030304,1,48,0.020833333333333332,Global off,Safety-like
merged,11,25,1,1,2,CS-,CS-,33,0.030303030303030304,1,48,0.020833333333333332,Global off,Threat-like
merged,11,27,1,1,4,CS+,CS+,33,0.030303030303030304,1,48,0.020833333333333332,Global off,Global on
merged,11,28,1,1,4,ITI,ITI,33,0.030303030303030304,1,48,0.020833333333333332,Global off,Global on
merged,11,30,1,1,4,ITI,CS+,33,0.030303030303030304,1,48,0.020833333333333332,Global off,Global on
merged,3,5,3,1,1,ITI,CS+,100,0.03,3,48,0.0625,Global off,Global off
merged,3,8,3,1,3,ITI,CS+,100,0.03,3,48,0.0625,Global off,Safety-like
merged,3,13,3,1,2,ITI,CS+,100,0.03,3,48,0.0625,Global off,Threat-like
merged,3,16,3,1,4,ITI,CS+,100,0.03,3,48,0.0625,Global off,Global on
merged,3,17,3,1,1,CS+,CS+,100,0.03,3,48,0.0625,Global off,Global off
merged,3,28,3,1,4,ITI,ITI,100,0.03,3,48,0.0625,Global off,Global on
merged,9,2,4,1,1,CS+,ITI,134,0.029850746268656716,4,48,0.08333333333333333,Global off,Global off
merged,9,7,4,1,1,ITI,ITI,134,0.029850746268656716,3,48,0.0625,Global off,Global off
merged,9,16,4,1,4,CS+,ITI,134,0.029850746268656716,4,48,0.08333333333333333,Global off,Global on
merged,15,2,2,2,1,CS+,ITI,68,0.029411764705882353,2,48,0.041666666666666664,Threat-like,Global off
merged,15,3,2,2,1,ITI,CS+,68,0.029411764705882353,2,48,0.041666666666666664,Threat-like,Global off
merged,15,8,2,2,3,CS+,CS+,68,0.029411764705882353,2,48,0.041666666666666664,Threat-like,Safety-like
merged,15,17,2,2,1,CS-,CS-,68,0.029411764705882353,2,48,0.041666666666666664,Threat-like,Global off
merged,15,19,2,2,3,ITI,ITI,68,0.029411764705882353,2,48,0.041666666666666664,Threat-like,Safety-like
merged,15,20,2,2,3,CS+,CS-,68,0.029411764705882353,2,48,0.041666666666666664,Threat-like,Safety-like
merged,15,23,2,2,4,CS-,ITI,68,0.029411764705882353,2,48,0.041666666666666664,Threat-like,Global on
merged,27,1,2,4,1,CS-,ITI,68,0.029411764705882353,2,48,0.041666666666666664,Global on,Global off
merged,27,17,2,4,1,ITI,ITI,68,0.029411764705882353,2,48,0.041666666666666664,Global on,Global off
merged,27,24,2,4,4,CS+,CS+,68,0.029411764705882353,2,48,0.041666666666666664,Global on,Global on
merged,5,19,5,1,3,CS+,ITI,171,0.029239766081871343,5,48,0.10416666666666667,Global off,Safety-like
merged,5,21,5,1,2,ITI,ITI,171,0.029239766081871343,4,48,0.08333333333333333,Global off,Threat-like
merged,5,31,5,1,4,CS-,ITI,171,0.029239766081871343,5,48,0.10416666666666667,Global off,Global on
merged,13,7,7,2,1,CS-,ITI,243,0.02880658436213992,7,48,0.14583333333333334,Threat-like,Global off
merged,13,17,7,2,1,CS-,ITI,243,0.02880658436213992,7,48,0.14583333333333334,Threat-like,Global off
merged,16,10,5,4,1,CS+,ITI,174,0.028735632183908046,3,48,0.0625,Global on,Global off
merged,29,4,6,2,3,CS+,ITI,209,0.028708133971291867,6,48,0.125,Threat-like,Safety-like
merged,29,10,6,2,1,ITI,ITI,209,0.028708133971291867,6,48,0.125,Threat-like,Global off
merged,29,20,6,2,3,CS+,CS+,209,0.028708133971291867,6,48,0.125,Threat-like,Safety-like
merged,30,5,3,4,1,CS-,ITI,105,0.02857142857142857,3,48,0.0625,Global on,Global off
merged,30,14,3,4,2,ITI,ITI,105,0.02857142857142857,3,48,0.0625,Global on,Threat-like
merged,30,17,3,4,1,CS+,ITI,105,0.02857142857142857,3,48,0.0625,Global on,Global off
merged,30,18,3,4,3,CS-,ITI,105,0.02857142857142857,2,48,0.041666666666666664,Global on,Safety-like
merged,30,22,3,4,4,CS+,ITI,105,0.02857142857142857,3,48,0.0625,Global on,Global on
merged,30,23,3,4,4,CS+,ITI,105,0.02857142857142857,3,48,0.0625,Global on,Global on
merged,22,3,1,4,1,ITI,ITI,35,0.02857142857142857,1,48,0.020833333333333332,Global on,Global off
merged,22,4,1,4,3,ITI,ITI,35,0.02857142857142857,1,48,0.020833333333333332,Global on,Safety-like
merged,22,10,1,4,1,CS+,ITI,35,0.02857142857142857,1,48,0.020833333333333332,Global on,Global off
merged,22,12,1,4,3,ITI,ITI,35,0.02857142857142857,1,48,0.020833333333333332,Global on,Safety-like
merged,22,14,1,4,2,ITI,ITI,35,0.02857142857142857,1,48,0.020833333333333332,Global on,Threat-like
merged,22,20,1,4,3,CS+,ITI,35,0.02857142857142857,1,48,0.020833333333333332,Global on,Safety-like
merged,22,21,1,4,2,ITI,CS+,35,0.02857142857142857,1,48,0.020833333333333332,Global on,Threat-like
merged,22,24,1,4,4,ITI,ITI,35,0.02857142857142857,1,48,0.020833333333333332,Global on,Global on
merged,22,28,1,4,4,ITI,ITI,35,0.02857142857142857,1,48,0.020833333333333332,Global on,Global on
merged,22,29,1,4,2,ITI,ITI,35,0.02857142857142857,1,48,0.020833333333333332,Global on,Threat-like
merged,28,3,4,4,1,ITI,ITI,143,0.027972027972027972,4,48,0.08333333333333333,Global on,Global off
merged,28,13,4,4,2,CS+,CS+,143,0.027972027972027972,4,48,0.08333333333333333,Global on,Threat-like
merged,28,18,4,4,3,CS+,ITI,143,0.027972027972027972,4,48,0.08333333333333333,Global on,Safety-like
merged,28,30,4,4,4,CS-,CS-,143,0.027972027972027972,4,48,0.08333333333333333,Global on,Global on
merged,31,1,6,4,1,CS+,ITI,217,0.027649769585253458,6,48,0.125,Global on,Global off
merged,31,2,6,4,1,ITI,ITI,217,0.027649769585253458,5,48,0.10416666666666667,Global on,Global off
merged,31,12,6,4,3,ITI,CS-,217,0.027649769585253458,6,48,0.125,Global on,Safety-like
merged,31,17,6,4,1,CS-,ITI,217,0.027649769585253458,6,48,0.125,Global on,Global off
merged,4,5,5,3,1,ITI,CS+,182,0.027472527472527472,4,48,0.08333333333333333,Safety-like,Global off
merged,4,9,5,3,1,CS+,ITI,182,0.027472527472527472,4,48,0.08333333333333333,Safety-like,Global off
merged,14,3,4,2,1,ITI,ITI,147,0.027210884353741496,4,48,0.08333333333333333,Threat-like,Global off
merged,20,12,7,3,3,ITI,CS+,258,0.027131782945736434,5,48,0.10416666666666667,Safety-like,Safety-like
merged,20,14,7,3,2,ITI,CS-,258,0.027131782945736434,5,48,0.10416666666666667,Safety-like,Threat-like
merged,20,21,7,3,2,ITI,ITI,258,0.027131782945736434,7,48,0.14583333333333334,Safety-like,Threat-like
merged,20,23,7,3,4,ITI,ITI,258,0.027131782945736434,6,48,0.125,Safety-like,Global on
merged,2,5,6,1,1,ITI,ITI,222,0.02702702702702703,6,48,0.125,Global off,Global off
merged,2,6,6,1,1,ITI,ITI,222,0.02702702702702703,6,48,0.125,Global off,Global off
merged,2,8,6,1,3,ITI,ITI,222,0.02702702702702703,5,48,0.10416666666666667,Global off,Safety-like
merged,2,9,6,1,1,CS+,CS+,222,0.02702702702702703,6,48,0.125,Global off,Global off
merged,2,10,6,1,1,CS+,ITI,222,0.02702702702702703,6,48,0.125,Global off,Global off
merged,2,12,6,1,3,ITI,ITI,222,0.02702702702702703,5,48,0.10416666666666667,Global off,Safety-like
merged,2,23,6,1,4,ITI,ITI,222,0.02702702702702703,5,48,0.10416666666666667,Global off,Global on
merged,2,31,6,1,4,ITI,ITI,222,0.02702702702702703,6,48,0.125,Global off,Global on
merged,19,4,4,3,3,ITI,ITI,150,0.02666666666666667,3,48,0.0625,Safety-like,Safety-like
merged,19,12,4,3,3,ITI,ITI,150,0.02666666666666667,4,48,0.08333333333333333,Safety-like,Safety-like
merged,19,13,4,3,2,CS+,CS+,150,0.02666666666666667,3,48,0.0625,Safety-like,Threat-like
merged,19,27,4,3,4,ITI,ITI,150,0.02666666666666667,3,48,0.0625,Safety-like,Global on
merged,1,7,10,1,1,ITI,ITI,376,0.026595744680851064,8,48,0.16666666666666666,Global off,Global off
merged,1,10,10,1,1,ITI,CS+,376,0.026595744680851064,9,48,0.1875,Global off,Global off
merged,1,12,10,1,3,ITI,ITI,376,0.026595744680851064,9,48,0.1875,Global off,Safety-like
merged,1,15,10,1,2,ITI,ITI,376,0.026595744680851064,9,48,0.1875,Global off,Threat-like
merged,1,21,10,1,2,ITI,CS-,376,0.026595744680851064,8,48,0.16666666666666666,Global off,Threat-like
merged,17,12,5,1,3,ITI,CS+,190,0.02631578947368421,4,48,0.08333333333333333,Global off,Safety-like
merged,17,21,5,1,2,CS-,CS-,190,0.02631578947368421,5,48,0.10416666666666667,Global off,Threat-like
merged,17,23,5,1,4,ITI,ITI,190,0.02631578947368421,5,48,0.10416666666666667,Global off,Global on
merged,17,28,5,1,4,ITI,ITI,190,0.02631578947368421,5,48,0.10416666666666667,Global off,Global on
merged,8,18,3,3,3,ITI,ITI,115,0.02608695652173913,3,48,0.0625,Safety-like,Safety-like
merged,8,21,3,3,2,ITI,CS-,115,0.02608695652173913,3,48,0.0625,Safety-like,Threat-like
merged,8,30,3,3,4,ITI,ITI,115,0.02608695652173913,3,48,0.0625,Safety-like,Global on
merged,32,25,10,4,2,ITI,ITI,390,0.02564102564102564,9,48,0.1875,Global on,Threat-like
merged,7,2,2,1,1,ITI,CS+,78,0.02564102564102564,2,48,0.041666666666666664,Global off,Global off
merged,7,3,2,1,1,CS-,CS-,78,0.02564102564102564,1,48,0.020833333333333332,Global off,Global off
merged,7,6,2,1,1,CS-,CS-,78,0.02564102564102564,2,48,0.041666666666666664,Global off,Global off
merged,7,8,2,1,3,ITI,ITI,78,0.02564102564102564,2,48,0.041666666666666664,Global off,Safety-like
merged,7,9,2,1,1,ITI,CS+,78,0.02564102564102564,2,48,0.041666666666666664,Global off,Global off
merged,7,12,2,1,3,ITI,ITI,78,0.02564102564102564,2,48,0.041666666666666664,Global off,Safety-like
merged,7,14,2,1,2,ITI,ITI,78,0.02564102564102564,2,48,0.041666666666666664,Global off,Threat-like
merged,7,17,2,1,1,ITI,ITI,78,0.02564102564102564,2,48,0.041666666666666664,Global off,Global off
merged,7,18,2,1,3,CS-,CS-,78,0.02564102564102564,2,48,0.041666666666666664,Global off,Safety-like
merged,13,3,6,2,1,CS-,ITI,243,0.024691358024691357,6,48,0.125,Threat-like,Global off
merged,13,15,6,2,2,ITI,CS-,243,0.024691358024691357,5,48,0.10416666666666667,Threat-like,Threat-like
merged,13,20,6,2,3,CS+,ITI,243,0.024691358024691357,6,48,0.125,Threat-like,Safety-like
merged,13,27,6,2,4,ITI,ITI,243,0.024691358024691357,6,48,0.125,Threat-like,Global on
merged,10,7,2,1,1,CS+,CS+,83,0.024096385542168676,2,48,0.041666666666666664,Global off,Global off
merged,10,14,2,1,2,CS+,ITI,83,0.024096385542168676,2,48,0.041666666666666664,Global off,Threat-like
merged,10,23,2,1,4,CS+,CS+,83,0.024096385542168676,2,48,0.041666666666666664,Global off,Global on
merged,10,30,2,1,4,CS-,CS-,83,0.024096385542168676,2,48,0.041666666666666664,Global off,Global on
merged,24,2,3,4,1,ITI,ITI,125,0.024,2,48,0.041666666666666664,Global on,Global off
merged,24,15,3,4,2,ITI,CS+,125,0.024,3,48,0.0625,Global on,Threat-like
merged,24,18,3,4,3,ITI,CS+,125,0.024,3,48,0.0625,Global on,Safety-like
merged,24,28,3,4,4,CS+,ITI,125,0.024,3,48,0.0625,Global on,Global on
merged,1,18,9,1,3,ITI,ITI,376,0.023936170212765957,7,48,0.14583333333333334,Global off,Safety-like
merged,1,19,9,1,3,ITI,ITI,376,0.023936170212765957,9,48,0.1875,Global off,Safety-like
merged,1,25,9,1,2,ITI,ITI,376,0.023936170212765957,8,48,0.16666666666666666,Global off,Threat-like
merged,29,12,5,2,3,CS+,ITI,209,0.023923444976076555,5,48,0.10416666666666667,Threat-like,Safety-like
merged,29,15,5,2,2,ITI,CS-,209,0.023923444976076555,3,48,0.0625,Threat-like,Threat-like
merged,29,27,5,2,4,CS-,ITI,209,0.023923444976076555,5,48,0.10416666666666667,Threat-like,Global on
merged,29,28,5,2,4,ITI,CS+,209,0.023923444976076555,5,48,0.10416666666666667,Threat-like,Global on
merged,21,3,2,2,1,CS-,ITI,84,0.023809523809523808,2,48,0.041666666666666664,Threat-like,Global off
merged,21,7,2,2,1,ITI,CS-,84,0.023809523809523808,1,48,0.020833333333333332,Threat-like,Global off
merged,21,8,2,2,3,ITI,CS-,84,0.023809523809523808,2,48,0.041666666666666664,Threat-like,Safety-like
merged,21,10,2,2,1,CS-,CS-,84,0.023809523809523808,2,48,0.041666666666666664,Threat-like,Global off
merged,21,24,2,2,4,CS-,ITI,84,0.023809523809523808,2,48,0.041666666666666664,Threat-like,Global on
merged,21,28,2,2,4,CS-,CS-,84,0.023809523809523808,2,48,0.041666666666666664,Threat-like,Global on
merged,5,6,4,1,1,ITI,ITI,171,0.023391812865497075,4,48,0.08333333333333333,Global off,Global off
merged,5,11,4,1,1,ITI,ITI,171,0.023391812865497075,4,48,0.08333333333333333,Global off,Global off
merged,5,17,4,1,1,CS+,ITI,171,0.023391812865497075,4,48,0.08333333333333333,Global off,Global off
merged,20,16,6,3,4,ITI,ITI,258,0.023255813953488372,5,48,0.10416666666666667,Safety-like,Global on
merged,20,26,6,3,4,ITI,ITI,258,0.023255813953488372,5,48,0.10416666666666667,Safety-like,Global on
merged,20,29,6,3,2,ITI,CS+,258,0.023255813953488372,6,48,0.125,Safety-like,Threat-like
merged,32,5,9,4,1,ITI,CS+,390,0.023076923076923078,9,48,0.1875,Global on,Global off
merged,31,18,5,4,3,ITI,ITI,217,0.02304147465437788,5,48,0.10416666666666667,Global on,Safety-like
merged,31,19,5,4,3,ITI,CS-,217,0.02304147465437788,5,48,0.10416666666666667,Global on,Safety-like
merged,31,21,5,4,2,CS-,ITI,217,0.02304147465437788,4,48,0.08333333333333333,Global on,Threat-like
merged,31,27,5,4,4,ITI,ITI,217,0.02304147465437788,5,48,0.10416666666666667,Global on,Global on
merged,16,5,4,4,1,CS-,CS-,174,0.022988505747126436,4,48,0.08333333333333333,Global on,Global off
merged,16,25,4,4,2,CS+,CS+,174,0.022988505747126436,3,48,0.0625,Global on,Threat-like
merged,2,7,5,1,1,ITI,CS-,222,0.02252252252252252,4,48,0.08333333333333333,Global off,Global off
merged,2,16,5,1,4,CS-,ITI,222,0.02252252252252252,5,48,0.10416666666666667,Global off,Global on
merged,2,18,5,1,3,ITI,ITI,222,0.02252252252252252,5,48,0.10416666666666667,Global off,Safety-like
merged,2,19,5,1,3,CS+,CS+,222,0.02252252252252252,4,48,0.08333333333333333,Global off,Safety-like
merged,18,9,2,3,1,CS-,CS-,89,0.02247191011235955,2,48,0.041666666666666664,Safety-like,Global off
merged,18,16,2,3,4,CS-,CS-,89,0.02247191011235955,2,48,0.041666666666666664,Safety-like,Global on
merged,18,22,2,3,4,CS-,CS-,89,0.02247191011235955,2,48,0.041666666666666664,Safety-like,Global on
merged,18,31,2,3,4,CS+,CS+,89,0.02247191011235955,2,48,0.041666666666666664,Safety-like,Global on
merged,9,3,3,1,1,CS-,CS+,134,0.022388059701492536,3,48,0.0625,Global off,Global off
merged,9,8,3,1,3,ITI,ITI,134,0.022388059701492536,3,48,0.0625,Global off,Safety-like
merged,9,12,3,1,3,CS+,ITI,134,0.022388059701492536,2,48,0.041666666666666664,Global off,Safety-like
merged,9,14,3,1,2,ITI,ITI,134,0.022388059701492536,3,48,0.0625,Global off,Threat-like
merged,9,20,3,1,3,CS+,ITI,134,0.022388059701492536,3,48,0.0625,Global off,Safety-like
merged,9,21,3,1,2,CS+,ITI,134,0.022388059701492536,3,48,0.0625,Global off,Threat-like
merged,9,25,3,1,2,CS+,ITI,134,0.022388059701492536,3,48,0.0625,Global off,Threat-like
merged,4,7,4,3,1,ITI,ITI,182,0.02197802197802198,4,48,0.08333333333333333,Safety-like,Global off
merged,4,14,4,3,2,ITI,ITI,182,0.02197802197802198,3,48,0.0625,Safety-like,Threat-like
merged,4,15,4,3,2,ITI,ITI,182,0.02197802197802198,4,48,0.08333333333333333,Safety-like,Threat-like
merged,4,23,4,3,4,ITI,ITI,182,0.02197802197802198,4,48,0.08333333333333333,Safety-like,Global on
merged,4,28,4,3,4,ITI,ITI,182,0.02197802197802198,4,48,0.08333333333333333,Safety-like,Global on
merged,4,31,4,3,4,ITI,ITI,182,0.02197802197802198,3,48,0.0625,Safety-like,Global on
merged,23,3,2,4,1,ITI,ITI,92,0.021739130434782608,2,48,0.041666666666666664,Global on,Global off
merged,23,7,2,4,1,CS-,CS-,92,0.021739130434782608,2,48,0.041666666666666664,Global on,Global off
merged,23,8,2,4,3,CS-,ITI,92,0.021739130434782608,2,48,0.041666666666666664,Global on,Safety-like
merged,23,15,2,4,2,CS+,CS+,92,0.021739130434782608,2,48,0.041666666666666664,Global on,Threat-like
merged,23,21,2,4,2,ITI,CS+,92,0.021739130434782608,2,48,0.041666666666666664,Global on,Threat-like
merged,1,20,8,1,3,ITI,ITI,376,0.02127659574468085,8,48,0.16666666666666666,Global off,Safety-like
merged,1,31,8,1,4,ITI,ITI,376,0.02127659574468085,8,48,0.16666666666666666,Global off,Global on
merged,25,2,2,2,1,CS+,CS+,94,0.02127659574468085,2,48,0.041666666666666664,Threat-like,Global off
merged,25,4,2,2,3,CS-,CS-,94,0.02127659574468085,2,48,0.041666666666666664,Threat-like,Safety-like
merged,25,9,2,2,1,CS-,CS-,94,0.02127659574468085,2,48,0.041666666666666664,Threat-like,Global off
merged,25,21,2,2,2,ITI,CS-,94,0.02127659574468085,2,48,0.041666666666666664,Threat-like,Threat-like
merged,25,24,2,2,4,CS+,ITI,94,0.02127659574468085,2,48,0.041666666666666664,Threat-like,Global on
merged,25,26,2,2,4,CS+,CS+,94,0.02127659574468085,2,48,0.041666666666666664,Threat-like,Global on
merged,17,3,4,1,1,ITI,ITI,190,0.021052631578947368,4,48,0.08333333333333333,Global off,Global off
merged,17,4,4,1,3,ITI,ITI,190,0.021052631578947368,4,48,0.08333333333333333,Global off,Safety-like
merged,17,9,4,1,1,ITI,ITI,190,0.021052631578947368,4,48,0.08333333333333333,Global off,Global off
merged,28,10,3,4,1,ITI,ITI,143,0.02097902097902098,3,48,0.0625,Global on,Global off
merged,28,12,3,4,3,CS-,CS+,143,0.02097902097902098,3,48,0.0625,Global on,Safety-like
merged,28,14,3,4,2,CS+,CS-,143,0.02097902097902098,3,48,0.0625,Global on,Threat-like
merged,28,26,3,4,4,ITI,ITI,143,0.02097902097902098,3,48,0.0625,Global on,Global on
merged,28,27,3,4,4,CS-,CS-,143,0.02097902097902098,3,48,0.0625,Global on,Global on
merged,13,19,5,2,3,CS+,ITI,243,0.0205761316872428,5,48,0.10416666666666667,Threat-like,Safety-like
merged,13,21,5,2,2,CS+,ITI,243,0.0205761316872428,5,48,0.10416666666666667,Threat-like,Threat-like
merged,13,28,5,2,4,ITI,ITI,243,0.0205761316872428,5,48,0.10416666666666667,Threat-like,Global on
merged,32,19,8,4,3,ITI,CS-,390,0.020512820512820513,7,48,0.14583333333333334,Global on,Safety-like
merged,32,23,8,4,4,ITI,ITI,390,0.020512820512820513,8,48,0.16666666666666666,Global on,Global on
merged,14,2,3,2,1,ITI,ITI,147,0.02040816326530612,3,48,0.0625,Threat-like,Global off
merged,14,8,3,2,3,CS+,ITI,147,0.02040816326530612,3,48,0.0625,Threat-like,Safety-like
merged,14,20,3,2,3,CS+,CS+,147,0.02040816326530612,3,48,0.0625,Threat-like,Safety-like
merged,14,30,3,2,4,CS-,ITI,147,0.02040816326530612,2,48,0.041666666666666664,Threat-like,Global on
merged,12,3,2,3,1,CS+,ITI,98,0.02040816326530612,2,48,0.041666666666666664,Safety-like,Global off
merged,12,4,2,3,3,ITI,CS-,98,0.02040816326530612,2,48,0.041666666666666664,Safety-like,Safety-like
merged,12,8,2,3,3,CS-,ITI,98,0.02040816326530612,2,48,0.041666666666666664,Safety-like,Safety-like
merged,12,10,2,3,1,ITI,CS+,98,0.02040816326530612,2,48,0.041666666666666664,Safety-like,Global off
merged,12,14,2,3,2,CS+,CS+,98,0.02040816326530612,2,48,0.041666666666666664,Safety-like,Threat-like
merged,12,15,2,3,2,ITI,CS+,98,0.02040816326530612,2,48,0.041666666666666664,Safety-like,Threat-like
merged,12,19,2,3,3,ITI,ITI,98,0.02040816326530612,2,48,0.041666666666666664,Safety-like,Safety-like
merged,12,24,2,3,4,CS+,CS+,98,0.02040816326530612,2,48,0.041666666666666664,Safety-like,Global on
merged,12,26,2,3,4,CS+,CS+,98,0.02040816326530612,2,48,0.041666666666666664,Safety-like,Global on
merged,12,27,2,3,4,ITI,ITI,98,0.02040816326530612,2,48,0.041666666666666664,Safety-like,Global on
merged,12,31,2,3,4,ITI,CS+,98,0.02040816326530612,2,48,0.041666666666666664,Safety-like,Global on
merged,19,2,3,3,1,ITI,CS+,150,0.02,3,48,0.0625,Safety-like,Global off
merged,19,5,3,3,1,CS+,CS+,150,0.02,2,48,0.041666666666666664,Safety-like,Global off
merged,19,22,3,3,4,ITI,ITI,150,0.02,3,48,0.0625,Safety-like,Global on
merged,19,23,3,3,4,CS+,CS+,150,0.02,3,48,0.0625,Safety-like,Global on
merged,3,6,2,1,1,CS+,CS+,100,0.02,2,48,0.041666666666666664,Global off,Global off
merged,3,10,2,1,1,ITI,CS-,100,0.02,2,48,0.041666666666666664,Global off,Global off
merged,3,11,2,1,1,CS+,CS+,100,0.02,2,48,0.041666666666666664,Global off,Global off
merged,3,14,2,1,2,ITI,ITI,100,0.02,2,48,0.041666666666666664,Global off,Threat-like
merged,3,15,2,1,2,ITI,ITI,100,0.02,2,48,0.041666666666666664,Global off,Threat-like
merged,3,18,2,1,3,CS+,CS+,100,0.02,2,48,0.041666666666666664,Global off,Safety-like
merged,3,21,2,1,2,CS-,CS-,100,0.02,2,48,0.041666666666666664,Global off,Threat-like
merged,3,23,2,1,4,CS-,ITI,100,0.02,2,48,0.041666666666666664,Global off,Global on
merged,3,29,2,1,2,ITI,CS-,100,0.02,2,48,0.041666666666666664,Global off,Threat-like
merged,20,9,5,3,1,CS+,CS+,258,0.01937984496124031,4,48,0.08333333333333333,Safety-like,Global off
merged,20,18,5,3,3,ITI,ITI,258,0.01937984496124031,5,48,0.10416666666666667,Safety-like,Safety-like
merged,20,25,5,3,2,ITI,ITI,258,0.01937984496124031,5,48,0.10416666666666667,Safety-like,Threat-like
merged,30,4,2,4,3,CS-,CS-,105,0.01904761904761905,2,48,0.041666666666666664,Global on,Safety-like
merged,30,9,2,4,1,CS+,CS+,105,0.01904761904761905,2,48,0.041666666666666664,Global on,Global off
merged,30,12,2,4,3,CS+,CS+,105,0.01904761904761905,2,48,0.041666666666666664,Global on,Safety-like
merged,30,15,2,4,2,ITI,CS-,105,0.01904761904761905,2,48,0.041666666666666664,Global on,Threat-like
merged,30,16,2,4,4,CS+,CS+,105,0.01904761904761905,2,48,0.041666666666666664,Global on,Global on
merged,30,26,2,4,4,CS-,CS-,105,0.01904761904761905,2,48,0.041666666666666664,Global on,Global on
merged,30,27,2,4,4,CS-,CS-,105,0.01904761904761905,2,48,0.041666666666666664,Global on,Global on
merged,1,28,7,1,4,ITI,ITI,376,0.018617021276595744,7,48,0.14583333333333334,Global off,Global on
merged,31,6,4,4,1,CS-,ITI,217,0.018433179723502304,4,48,0.08333333333333333,Global on,Global off
merged,31,16,4,4,4,ITI,CS+,217,0.018433179723502304,3,48,0.0625,Global on,Global on
merged,32,18,7,4,3,CS+,ITI,390,0.017948717948717947,6,48,0.125,Global on,Safety-like
merged,32,26,7,4,4,ITI,ITI,390,0.017948717948717947,6,48,0.125,Global on,Global on
merged,32,27,7,4,4,ITI,ITI,390,0.017948717948717947,7,48,0.14583333333333334,Global on,Global on
merged,6,4,1,1,3,ITI,ITI,56,0.017857142857142856,1,48,0.020833333333333332,Global off,Safety-like
merged,6,8,1,1,3,ITI,ITI,56,0.017857142857142856,1,48,0.020833333333333332,Global off,Safety-like
merged,6,10,1,1,1,ITI,CS+,56,0.017857142857142856,1,48,0.020833333333333332,Global off,Global off
merged,6,20,1,1,3,CS-,ITI,56,0.017857142857142856,1,48,0.020833333333333332,Global off,Safety-like
merged,6,23,1,1,4,CS-,CS-,56,0.017857142857142856,1,48,0.020833333333333332,Global off,Global on
merged,6,26,1,1,4,CS+,CS+,56,0.017857142857142856,1,48,0.020833333333333332,Global off,Global on
merged,6,29,1,1,2,CS+,CS+,56,0.017857142857142856,1,48,0.020833333333333332,Global off,Threat-like
merged,6,30,1,1,4,ITI,ITI,56,0.017857142857142856,1,48,0.020833333333333332,Global off,Global on
merged,5,9,3,1,1,ITI,CS-,171,0.017543859649122806,3,48,0.0625,Global off,Global off
merged,5,10,3,1,1,CS+,ITI,171,0.017543859649122806,3,48,0.0625,Global off,Global off
merged,5,15,3,1,2,ITI,ITI,171,0.017543859649122806,3,48,0.0625,Global off,Threat-like
merged,5,18,3,1,3,ITI,CS+,171,0.017543859649122806,3,48,0.0625,Global off,Safety-like
merged,5,20,3,1,3,ITI,CS-,171,0.017543859649122806,3,48,0.0625,Global off,Safety-like
merged,5,23,3,1,4,ITI,ITI,171,0.017543859649122806,3,48,0.0625,Global off,Global on
merged,5,24,3,1,4,CS+,ITI,171,0.017543859649122806,3,48,0.0625,Global off,Global on
merged,5,28,3,1,4,ITI,ITI,171,0.017543859649122806,3,48,0.0625,Global off,Global on
merged,5,30,3,1,4,CS-,CS-,171,0.017543859649122806,3,48,0.0625,Global off,Global on
merged,8,6,2,3,1,ITI,CS-,115,0.017391304347826087,2,48,0.041666666666666664,Safety-like,Global off
merged,8,17,2,3,1,ITI,ITI,115,0.017391304347826087,2,48,0.041666666666666664,Safety-like,Global off
merged,8,22,2,3,4,CS+,CS+,115,0.017391304347826087,2,48,0.041666666666666664,Safety-like,Global on
merged,8,24,2,3,4,ITI,ITI,115,0.017391304347826087,2,48,0.041666666666666664,Safety-like,Global on
merged,8,25,2,3,2,CS+,CS+,115,0.017391304347826087,2,48,0.041666666666666664,Safety-like,Threat-like
merged,8,26,2,3,4,CS-,ITI,115,0.017391304347826087,1,48,0.020833333333333332,Safety-like,Global on
merged,8,31,2,3,4,ITI,ITI,115,0.017391304347826087,2,48,0.041666666666666664,Safety-like,Global on
merged,16,7,3,4,1,ITI,ITI,174,0.017241379310344827,3,48,0.0625,Global on,Global off
merged,16,9,3,4,1,CS-,ITI,174,0.017241379310344827,3,48,0.0625,Global on,Global off
merged,16,17,3,4,1,CS-,CS-,174,0.017241379310344827,3,48,0.0625,Global on,Global off
merged,16,19,3,4,3,ITI,ITI,174,0.017241379310344827,3,48,0.0625,Global on,Safety-like
merged,16,21,3,4,2,ITI,ITI,174,0.017241379310344827,3,48,0.0625,Global on,Threat-like
merged,16,23,3,4,4,CS-,ITI,174,0.017241379310344827,3,48,0.0625,Global on,Global on
merged,16,24,3,4,4,ITI,ITI,174,0.017241379310344827,3,48,0.0625,Global on,Global on
merged,16,28,3,4,4,ITI,CS+,174,0.017241379310344827,3,48,0.0625,Global on,Global on
merged,4,6,3,3,1,ITI,ITI,182,0.016483516483516484,3,48,0.0625,Safety-like,Global off
merged,4,19,3,3,3,ITI,CS+,182,0.016483516483516484,3,48,0.0625,Safety-like,Safety-like
merged,4,24,3,3,4,ITI,CS+,182,0.016483516483516484,3,48,0.0625,Safety-like,Global on
merged,4,26,3,3,4,ITI,CS+,182,0.016483516483516484,3,48,0.0625,Safety-like,Global on
merged,13,22,4,2,4,CS+,ITI,243,0.01646090534979424,3,48,0.0625,Threat-like,Global on
merged,13,23,4,2,4,CS+,ITI,243,0.01646090534979424,4,48,0.08333333333333333,Threat-like,Global on
merged,24,3,2,4,1,CS-,CS-,125,0.016,2,48,0.041666666666666664,Global on,Global off
merged,24,6,2,4,1,CS-,CS-,125,0.016,2,48,0.041666666666666664,Global on,Global off
merged,24,8,2,4,3,CS+,CS+,125,0.016,2,48,0.041666666666666664,Global on,Safety-like
merged,24,14,2,4,2,CS-,CS-,125,0.016,2,48,0.041666666666666664,Global on,Threat-like
merged,24,17,2,4,1,CS-,ITI,125,0.016,2,48,0.041666666666666664,Global on,Global off
merged,24,23,2,4,4,CS+,CS+,125,0.016,2,48,0.041666666666666664,Global on,Global on
merged,24,25,2,4,2,CS+,ITI,125,0.016,2,48,0.041666666666666664,Global on,Threat-like
merged,24,27,2,4,4,CS+,CS+,125,0.016,2,48,0.041666666666666664,Global on,Global on
merged,1,23,6,1,4,CS+,ITI,376,0.015957446808510637,6,48,0.125,Global off,Global on
merged,1,27,6,1,4,ITI,ITI,376,0.015957446808510637,5,48,0.10416666666666667,Global off,Global on
merged,17,14,3,1,2,CS+,CS+,190,0.015789473684210527,3,48,0.0625,Global off,Threat-like
merged,17,24,3,1,4,ITI,ITI,190,0.015789473684210527,3,48,0.0625,Global off,Global on
merged,17,27,3,1,4,ITI,CS-,190,0.015789473684210527,3,48,0.0625,Global off,Global on
merged,20,3,4,3,1,ITI,ITI,258,0.015503875968992248,4,48,0.08333333333333333,Safety-like,Global off
merged,32,15,6,4,2,ITI,ITI,390,0.015384615384615385,6,48,0.125,Global on,Threat-like
merged,32,21,6,4,2,ITI,ITI,390,0.015384615384615385,5,48,0.10416666666666667,Global on,Threat-like
merged,26,7,1,4,1,ITI,ITI,65,0.015384615384615385,1,48,0.020833333333333332,Global on,Global off
merged,26,9,1,4,1,CS+,CS+,65,0.015384615384615385,1,48,0.020833333333333332,Global on,Global off
merged,26,15,1,4,2,ITI,ITI,65,0.015384615384615385,1,48,0.020833333333333332,Global on,Threat-like
merged,26,16,1,4,4,ITI,CS-,65,0.015384615384615385,1,48,0.020833333333333332,Global on,Global on
merged,26,24,1,4,4,CS-,ITI,65,0.015384615384615385,1,48,0.020833333333333332,Global on,Global on
merged,26,27,1,4,4,ITI,ITI,65,0.015384615384615385,1,48,0.020833333333333332,Global on,Global on
merged,26,31,1,4,4,CS+,ITI,65,0.015384615384615385,1,48,0.020833333333333332,Global on,Global on
merged,9,4,2,1,3,CS-,CS-,134,0.014925373134328358,2,48,0.041666666666666664,Global off,Safety-like
merged,9,27,2,1,4,ITI,ITI,134,0.014925373134328358,2,48,0.041666666666666664,Global off,Global on
merged,15,11,1,2,1,ITI,CS-,68,0.014705882352941176,1,48,0.020833333333333332,Threat-like,Global off
merged,15,22,1,2,4,CS-,ITI,68,0.014705882352941176,1,48,0.020833333333333332,Threat-like,Global on
merged,15,24,1,2,4,ITI,CS-,68,0.014705882352941176,1,48,0.020833333333333332,Threat-like,Global on
merged,15,30,1,2,4,CS+,CS+,68,0.014705882352941176,1,48,0.020833333333333332,Threat-like,Global on
merged,27,3,1,4,1,ITI,ITI,68,0.014705882352941176,1,48,0.020833333333333332,Global on,Global off
merged,27,4,1,4,3,ITI,ITI,68,0.014705882352941176,1,48,0.020833333333333332,Global on,Safety-like
merged,27,5,1,4,1,ITI,CS+,68,0.014705882352941176,1,48,0.020833333333333332,Global on,Global off
merged,27,7,1,4,1,ITI,ITI,68,0.014705882352941176,1,48,0.020833333333333332,Global on,Global off
merged,27,8,1,4,3,ITI,ITI,68,0.014705882352941176,1,48,0.020833333333333332,Global on,Safety-like
merged,27,26,1,4,4,ITI,ITI,68,0.014705882352941176,1,48,0.020833333333333332,Global on,Global on
merged,29,7,3,2,1,ITI,ITI,209,0.014354066985645933,3,48,0.0625,Threat-like,Global off
merged,29,8,3,2,3,ITI,CS-,209,0.014354066985645933,3,48,0.0625,Threat-like,Safety-like
merged,29,16,3,2,4,ITI,ITI,209,0.014354066985645933,3,48,0.0625,Threat-like,Global on
merged,29,26,3,2,4,CS-,ITI,209,0.014354066985645933,3,48,0.0625,Threat-like,Global on
merged,28,6,2,4,1,CS-,CS+,143,0.013986013986013986,2,48,0.041666666666666664,Global on,Global off
merged,28,9,2,4,1,CS-,CS-,143,0.013986013986013986,2,48,0.041666666666666664,Global on,Global off
merged,28,11,2,4,1,ITI,ITI,143,0.013986013986013986,2,48,0.041666666666666664,Global on,Global off
merged,31,10,3,4,1,CS+,CS+,217,0.013824884792626729,3,48,0.0625,Global on,Global off
merged,31,14,3,4,2,CS+,ITI,217,0.013824884792626729,3,48,0.0625,Global on,Threat-like
merged,31,22,3,4,4,ITI,ITI,217,0.013824884792626729,3,48,0.0625,Global on,Global on
merged,14,4,2,2,3,ITI,ITI,147,0.013605442176870748,2,48,0.041666666666666664,Threat-like,Safety-like
merged,14,7,2,2,1,CS+,ITI,147,0.013605442176870748,2,48,0.041666666666666664,Threat-like,Global off
merged,14,12,2,2,3,ITI,ITI,147,0.013605442176870748,2,48,0.041666666666666664,Threat-like,Safety-like
merged,14,19,2,2,3,ITI,CS+,147,0.013605442176870748,2,48,0.041666666666666664,Threat-like,Safety-like
merged,14,21,2,2,2,CS+,ITI,147,0.013605442176870748,2,48,0.041666666666666664,Threat-like,Threat-like
merged,14,23,2,2,4,ITI,CS+,147,0.013605442176870748,2,48,0.041666666666666664,Threat-like,Global on
merged,14,24,2,2,4,CS-,CS-,147,0.013605442176870748,2,48,0.041666666666666664,Threat-like,Global on
merged,14,25,2,2,2,ITI,CS-,147,0.013605442176870748,2,48,0.041666666666666664,Threat-like,Threat-like
merged,14,28,2,2,4,CS-,CS-,147,0.013605442176870748,2,48,0.041666666666666664,Threat-like,Global on
merged,2,11,3,1,1,ITI,CS+,222,0.013513513513513514,3,48,0.0625,Global off,Global off
merged,2,21,3,1,2,ITI,CS+,222,0.013513513513513514,3,48,0.0625,Global off,Threat-like
merged,2,26,3,1,4,ITI,CS-,222,0.013513513513513514,3,48,0.0625,Global off,Global on
merged,19,16,2,3,4,ITI,CS+,150,0.013333333333333334,2,48,0.041666666666666664,Safety-like,Global on
merged,19,21,2,3,2,CS+,CS+,150,0.013333333333333334,2,48,0.041666666666666664,Safety-like,Threat-like
merged,1,24,5,1,4,ITI,ITI,376,0.013297872340425532,5,48,0.10416666666666667,Global off,Global on
merged,32,10,5,4,1,ITI,CS+,390,0.01282051282051282,5,48,0.10416666666666667,Global on,Global off
merged,32,22,5,4,4,ITI,ITI,390,0.01282051282051282,5,48,0.10416666666666667,Global on,Global on
merged,7,15,1,1,2,ITI,ITI,78,0.01282051282051282,1,48,0.020833333333333332,Global off,Threat-like
merged,7,19,1,1,3,ITI,CS-,78,0.01282051282051282,1,48,0.020833333333333332,Global off,Safety-like
merged,7,23,1,1,4,ITI,ITI,78,0.01282051282051282,1,48,0.020833333333333332,Global off,Global on
merged,7,26,1,1,4,ITI,CS-,78,0.01282051282051282,1,48,0.020833333333333332,Global off,Global on
merged,7,27,1,1,4,ITI,ITI,78,0.01282051282051282,1,48,0.020833333333333332,Global off,Global on
merged,7,28,1,1,4,ITI,ITI,78,0.01282051282051282,1,48,0.020833333333333332,Global off,Global on
merged,13,6,3,2,1,CS+,ITI,243,0.012345679012345678,2,48,0.041666666666666664,Threat-like,Global off
merged,13,18,3,2,3,ITI,ITI,243,0.012345679012345678,2,48,0.041666666666666664,Threat-like,Safety-like
merged,10,6,1,1,1,CS+,CS+,83,0.012048192771084338,1,48,0.020833333333333332,Global off,Global off
merged,10,8,1,1,3,CS+,CS+,83,0.012048192771084338,1,48,0.020833333333333332,Global off,Safety-like
merged,10,20,1,1,3,ITI,ITI,83,0.012048192771084338,1,48,0.020833333333333332,Global off,Safety-like
merged,10,24,1,1,4,CS-,CS-,83,0.012048192771084338,1,48,0.020833333333333332,Global off,Global on
merged,10,25,1,1,2,CS+,CS+,83,0.012048192771084338,1,48,0.020833333333333332,Global off,Threat-like
merged,10,31,1,1,4,ITI,ITI,83,0.012048192771084338,1,48,0.020833333333333332,Global off,Global on
merged,21,11,1,2,1,ITI,CS-,84,0.011904761904761904,1,48,0.020833333333333332,Threat-like,Global off
merged,21,14,1,2,2,ITI,ITI,84,0.011904761904761904,1,48,0.020833333333333332,Threat-like,Threat-like
merged,21,15,1,2,2,ITI,ITI,84,0.011904761904761904,1,48,0.020833333333333332,Threat-like,Threat-like
merged,21,16,1,2,4,ITI,ITI,84,0.011904761904761904,1,48,0.020833333333333332,Threat-like,Global on
merged,21,18,1,2,3,ITI,CS-,84,0.011904761904761904,1,48,0.020833333333333332,Threat-like,Safety-like
merged,21,22,1,2,4,ITI,CS+,84,0.011904761904761904,1,48,0.020833333333333332,Threat-like,Global on
merged,21,25,1,2,2,ITI,ITI,84,0.011904761904761904,1,48,0.020833333333333332,Threat-like,Threat-like
merged,5,25,2,1,2,CS-,CS-,171,0.011695906432748537,2,48,0.041666666666666664,Global off,Threat-like
merged,5,26,2,1,4,CS+,CS+,171,0.011695906432748537,1,48,0.020833333333333332,Global off,Global on
merged,20,22,3,3,4,ITI,ITI,258,0.011627906976744186,3,48,0.0625,Safety-like,Global on
merged,16,6,2,4,1,CS+,ITI,174,0.011494252873563218,2,48,0.041666666666666664,Global on,Global off
merged,16,11,2,4,1,CS-,CS-,174,0.011494252873563218,2,48,0.041666666666666664,Global on,Global off
merged,16,12,2,4,3,ITI,ITI,174,0.011494252873563218,2,48,0.041666666666666664,Global on,Safety-like
merged,16,15,2,4,2,CS+,CS+,174,0.011494252873563218,2,48,0.041666666666666664,Global on,Threat-like
merged,18,6,1,3,1,CS+,CS+,89,0.011235955056179775,1,48,0.020833333333333332,Safety-like,Global off
merged,18,8,1,3,3,CS-,ITI,89,0.011235955056179775,1,48,0.020833333333333332,Safety-like,Safety-like
merged,18,10,1,3,1,ITI,ITI,89,0.011235955056179775,1,48,0.020833333333333332,Safety-like,Global off
merged,18,11,1,3,1,CS-,CS-,89,0.011235955056179775,1,48,0.020833333333333332,Safety-like,Global off
merged,18,12,1,3,3,CS+,CS+,89,0.011235955056179775,1,48,0.020833333333333332,Safety-like,Safety-like
merged,18,14,1,3,2,ITI,ITI,89,0.011235955056179775,1,48,0.020833333333333332,Safety-like,Threat-like
merged,18,25,1,3,2,ITI,CS-,89,0.011235955056179775,1,48,0.020833333333333332,Safety-like,Threat-like
merged,18,28,1,3,4,ITI,CS+,89,0.011235955056179775,1,48,0.020833333333333332,Safety-like,Global on
merged,4,10,2,3,1,CS+,CS+,182,0.01098901098901099,2,48,0.041666666666666664,Safety-like,Global off
merged,4,11,2,3,1,ITI,CS+,182,0.01098901098901099,2,48,0.041666666666666664,Safety-like,Global off
merged,4,18,2,3,3,CS-,CS+,182,0.01098901098901099,2,48,0.041666666666666664,Safety-like,Safety-like
merged,4,22,2,3,4,CS-,ITI,182,0.01098901098901099,2,48,0.041666666666666664,Safety-like,Global on
merged,4,25,2,3,2,ITI,CS+,182,0.01098901098901099,2,48,0.041666666666666664,Safety-like,Threat-like
merged,23,2,1,4,1,ITI,CS+,92,0.010869565217391304,1,48,0.020833333333333332,Global on,Global off
merged,23,5,1,4,1,ITI,CS+,92,0.010869565217391304,1,48,0.020833333333333332,Global on,Global off
merged,23,9,1,4,1,CS+,CS+,92,0.010869565217391304,1,48,0.020833333333333332,Global on,Global off
merged,23,14,1,4,2,ITI,ITI,92,0.010869565217391304,1,48,0.020833333333333332,Global on,Threat-like
merged,23,18,1,4,3,ITI,CS+,92,0.010869565217391304,1,48,0.020833333333333332,Global on,Safety-like
merged,23,22,1,4,4,ITI,ITI,92,0.010869565217391304,1,48,0.020833333333333332,Global on,Global on
merged,23,25,1,4,2,CS+,CS+,92,0.010869565217391304,1,48,0.020833333333333332,Global on,Threat-like
merged,23,26,1,4,4,CS-,ITI,92,0.010869565217391304,1,48,0.020833333333333332,Global on,Global on
merged,23,27,1,4,4,CS-,ITI,92,0.010869565217391304,1,48,0.020833333333333332,Global on,Global on
merged,25,3,1,2,1,CS+,CS+,94,0.010638297872340425,1,48,0.020833333333333332,Threat-like,Global off
merged,25,11,1,2,1,CS+,CS+,94,0.010638297872340425,1,48,0.020833333333333332,Threat-like,Global off
merged,25,16,1,2,4,ITI,CS-,94,0.010638297872340425,1,48,0.020833333333333332,Threat-like,Global on
merged,25,30,1,2,4,ITI,ITI,94,0.010638297872340425,1,48,0.020833333333333332,Threat-like,Global on
merged,17,6,2,1,1,CS-,CS-,190,0.010526315789473684,2,48,0.041666666666666664,Global off,Global off
merged,17,22,2,1,4,ITI,ITI,190,0.010526315789473684,2,48,0.041666666666666664,Global off,Global on
merged,32,12,4,4,3,CS+,ITI,390,0.010256410256410256,4,48,0.08333333333333333,Global on,Safety-like
merged,12,6,1,3,1,CS+,CS+,98,0.01020408163265306,1,48,0.020833333333333332,Safety-like,Global off
merged,12,7,1,3,1,CS-,CS+,98,0.01020408163265306,1,48,0.020833333333333332,Safety-like,Global off
merged,12,11,1,3,1,CS+,CS+,98,0.01020408163265306,1,48,0.020833333333333332,Safety-like,Global off
merged,12,21,1,3,2,CS-,CS-,98,0.01020408163265306,1,48,0.020833333333333332,Safety-like,Threat-like
merged,12,23,1,3,4,ITI,ITI,98,0.01020408163265306,1,48,0.020833333333333332,Safety-like,Global on
merged,12,25,1,3,2,CS+,CS+,98,0.01020408163265306,1,48,0.020833333333333332,Safety-like,Threat-like
merged,12,30,1,3,4,CS+,ITI,98,0.01020408163265306,1,48,0.020833333333333332,Safety-like,Global on
merged,3,24,1,1,4,ITI,ITI,100,0.01,1,48,0.020833333333333332,Global off,Global on
merged,29,18,2,2,3,CS-,ITI,209,0.009569377990430622,2,48,0.041666666666666664,Threat-like,Safety-like
merged,30,3,1,4,1,CS-,CS-,105,0.009523809523809525,1,48,0.020833333333333332,Global on,Global off
merged,30,7,1,4,1,ITI,ITI,105,0.009523809523809525,1,48,0.020833333333333332,Global on,Global off
merged,30,8,1,4,3,ITI,ITI,105,0.009523809523809525,1,48,0.020833333333333332,Global on,Safety-like
merged,30,10,1,4,1,ITI,ITI,105,0.009523809523809525,1,48,0.020833333333333332,Global on,Global off
merged,30,21,1,4,2,CS-,CS-,105,0.009523809523809525,1,48,0.020833333333333332,Global on,Threat-like
merged,31,3,2,4,1,ITI,ITI,217,0.009216589861751152,2,48,0.041666666666666664,Global on,Global off
merged,31,15,2,4,2,ITI,CS+,217,0.009216589861751152,2,48,0.041666666666666664,Global on,Threat-like
merged,2,15,2,1,2,ITI,CS-,222,0.009009009009009009,2,48,0.041666666666666664,Global off,Threat-like
merged,8,23,1,3,4,ITI,ITI,115,0.008695652173913044,1,48,0.020833333333333332,Safety-like,Global on
merged,8,28,1,3,4,CS-,ITI,115,0.008695652173913044,1,48,0.020833333333333332,Safety-like,Global on
merged,13,10,2,2,1,CS+,CS+,243,0.00823045267489712,2,48,0.041666666666666664,Threat-like,Global off
merged,13,12,2,2,3,CS+,CS+,243,0.00823045267489712,2,48,0.041666666666666664,Threat-like,Safety-like
merged,13,26,2,2,4,CS+,ITI,243,0.00823045267489712,2,48,0.041666666666666664,Threat-like,Global on
merged,13,30,2,2,4,ITI,CS+,243,0.00823045267489712,2,48,0.041666666666666664,Threat-like,Global on
merged,24,7,1,4,1,ITI,CS+,125,0.008,1,48,0.020833333333333332,Global on,Global off
merged,24,13,1,4,2,ITI,CS+,125,0.008,1,48,0.020833333333333332,Global on,Threat-like
merged,24,30,1,4,4,CS-,CS-,125,0.008,1,48,0.020833333333333332,Global on,Global on
merged,1,11,3,1,1,CS+,ITI,376,0.007978723404255319,3,48,0.0625,Global off,Global off
merged,1,30,3,1,4,CS-,ITI,376,0.007978723404255319,3,48,0.0625,Global off,Global on
merged,20,5,2,3,1,CS+,CS+,258,0.007751937984496124,2,48,0.041666666666666664,Safety-like,Global off
merged,20,7,2,3,1,ITI,ITI,258,0.007751937984496124,2,48,0.041666666666666664,Safety-like,Global off
merged,20,11,2,3,1,ITI,CS-,258,0.007751937984496124,2,48,0.041666666666666664,Safety-like,Global off
merged,9,6,1,1,1,CS+,ITI,134,0.007462686567164179,1,48,0.020833333333333332,Global off,Global off
merged,9,11,1,1,1,CS+,ITI,134,0.007462686567164179,1,48,0.020833333333333332,Global off,Global off
merged,9,23,1,1,4,CS-,ITI,134,0.007462686567164179,1,48,0.020833333333333332,Global off,Global on
merged,9,24,1,1,4,CS-,CS-,134,0.007462686567164179,1,48,0.020833333333333332,Global off,Global on
merged,28,5,1,4,1,CS+,CS+,143,0.006993006993006993,1,48,0.020833333333333332,Global on,Global off
merged,28,7,1,4,1,CS-,ITI,143,0.006993006993006993,1,48,0.020833333333333332,Global on,Global off
merged,28,8,1,4,3,ITI,ITI,143,0.006993006993006993,1,48,0.020833333333333332,Global on,Safety-like
merged,14,15,1,2,2,CS+,CS+,147,0.006802721088435374,1,48,0.020833333333333332,Threat-like,Threat-like
merged,14,18,1,2,3,CS+,ITI,147,0.006802721088435374,1,48,0.020833333333333332,Threat-like,Safety-like
merged,19,3,1,3,1,CS-,ITI,150,0.006666666666666667,1,48,0.020833333333333332,Safety-like,Global off
merged,19,6,1,3,1,CS-,CS-,150,0.006666666666666667,1,48,0.020833333333333332,Safety-like,Global off
merged,19,7,1,3,1,ITI,ITI,150,0.006666666666666667,1,48,0.020833333333333332,Safety-like,Global off
merged,19,8,1,3,3,ITI,ITI,150,0.006666666666666667,1,48,0.020833333333333332,Safety-like,Safety-like
merged,19,9,1,3,1,ITI,ITI,150,0.006666666666666667,1,48,0.020833333333333332,Safety-like,Global off
merged,19,10,1,3,1,ITI,CS-,150,0.006666666666666667,1,48,0.020833333333333332,Safety-like,Global off
merged,19,11,1,3,1,ITI,ITI,150,0.006666666666666667,1,48,0.020833333333333332,Safety-like,Global off
merged,19,14,1,3,2,ITI,CS+,150,0.006666666666666667,1,48,0.020833333333333332,Safety-like,Threat-like
merged,19,15,1,3,2,ITI,ITI,150,0.006666666666666667,1,48,0.020833333333333332,Safety-like,Threat-like
merged,19,26,1,3,4,ITI,ITI,150,0.006666666666666667,1,48,0.020833333333333332,Safety-like,Global on
merged,5,22,1,1,4,ITI,ITI,171,0.005847953216374269,1,48,0.020833333333333332,Global off,Global on
merged,16,3,1,4,1,CS+,CS+,174,0.005747126436781609,1,48,0.020833333333333332,Global on,Global off
merged,16,18,1,4,3,CS+,ITI,174,0.005747126436781609,1,48,0.020833333333333332,Global on,Safety-like
merged,16,26,1,4,4,CS-,CS-,174,0.005747126436781609,1,48,0.020833333333333332,Global on,Global on
merged,4,21,1,3,2,ITI,ITI,182,0.005494505494505495,1,48,0.020833333333333332,Safety-like,Threat-like
merged,4,30,1,3,4,ITI,CS+,182,0.005494505494505495,1,48,0.020833333333333332,Safety-like,Global on
merged,1,22,2,1,4,CS-,ITI,376,0.005319148936170213,2,48,0.041666666666666664,Global off,Global on
merged,17,7,1,1,1,ITI,CS+,190,0.005263157894736842,1,48,0.020833333333333332,Global off,Global off
merged,17,8,1,1,3,CS+,ITI,190,0.005263157894736842,1,48,0.020833333333333332,Global off,Safety-like
merged,17,11,1,1,1,ITI,ITI,190,0.005263157894736842,1,48,0.020833333333333332,Global off,Global off
merged,17,13,1,1,2,ITI,ITI,190,0.005263157894736842,1,48,0.020833333333333332,Global off,Threat-like
merged,17,15,1,1,2,CS-,CS-,190,0.005263157894736842,1,48,0.020833333333333332,Global off,Threat-like
merged,17,25,1,1,2,ITI,CS+,190,0.005263157894736842,1,48,0.020833333333333332,Global off,Threat-like
merged,17,30,1,1,4,ITI,ITI,190,0.005263157894736842,1,48,0.020833333333333332,Global off,Global on
merged,32,3,2,4,1,CS-,ITI,390,0.005128205128205128,2,48,0.041666666666666664,Global on,Global off
merged,32,7,2,4,1,ITI,CS-,390,0.005128205128205128,2,48,0.041666666666666664,Global on,Global off
merged,32,11,2,4,1,ITI,ITI,390,0.005128205128205128,2,48,0.041666666666666664,Global on,Global off
merged,29,11,1,2,1,ITI,CS-,209,0.004784688995215311,1,48,0.020833333333333332,Threat-like,Global off
merged,29,22,1,2,4,CS+,CS+,209,0.004784688995215311,1,48,0.020833333333333332,Threat-like,Global on
merged,29,23,1,2,4,CS+,ITI,209,0.004784688995215311,1,48,0.020833333333333332,Threat-like,Global on
merged,31,11,1,4,1,ITI,CS+,217,0.004608294930875576,1,48,0.020833333333333332,Global on,Global off
merged,2,28,1,1,4,ITI,CS-,222,0.0045045045045045045,1,48,0.020833333333333332,Global off,Global on
merged,2,29,1,1,2,ITI,ITI,222,0.0045045045045045045,1,48,0.020833333333333332,Global off,Threat-like
merged,13,11,1,2,1,CS-,ITI,243,0.00411522633744856,1,48,0.020833333333333332,Threat-like,Global off
merged,13,25,1,2,2,ITI,CS-,243,0.00411522633744856,1,48,0.020833333333333332,Threat-like,Threat-like
merged,20,10,1,3,1,CS+,ITI,258,0.003875968992248062,1,48,0.020833333333333332,Safety-like,Global off
merged,20,15,1,3,2,ITI,CS-,258,0.003875968992248062,1,48,0.020833333333333332,Safety-like,Threat-like
merged,1,26,1,1,4,ITI,ITI,376,0.0026595744680851063,1,48,0.020833333333333332,Global off,Global on
HC,9,1,21,1,1,ITI,ITI,60,0.35,13,24,0.5416666666666666,Global off,Global off
HC,2,1,24,1,1,ITI,ITI,108,0.2222222222222222,12,24,0.5,Global off,Global off
HC,10,2,10,1,1,CS+,ITI,45,0.2222222222222222,7,24,0.2916666666666667,Global off,Global off
HC,6,2,5,1,1,ITI,ITI,26,0.19230769230769232,5,24,0.20833333333333334,Global off,Global off
HC,15,31,7,2,4,CS+,ITI,38,0.18421052631578946,6,24,0.25,Threat-like,Global on
HC,24,32,10,4,4,ITI,ITI,55,0.18181818181818182,8,24,0.3333333333333333,Global on,Global on
HC,17,1,17,1,1,ITI,ITI,96,0.17708333333333334,13,24,0.5416666666666666,Global off,Global off
HC,20,32,23,3,4,ITI,ITI,130,0.17692307692307693,15,24,0.625,Safety-like,Global on
HC,19,20,14,3,3,ITI,ITI,81,0.1728395061728395,12,24,0.5,Safety-like,Safety-like
HC,28,32,13,4,4,ITI,CS+,76,0.17105263157894737,9,24,0.375,Global on,Global on
HC,22,32,4,4,4,ITI,ITI,25,0.16,4,24,0.16666666666666666,Global on,Global on
HC,14,5,12,2,1,CS+,ITI,76,0.15789473684210525,8,24,0.3333333333333333,Threat-like,Global off
HC,6,13,4,1,2,CS+,CS+,26,0.15384615384615385,3,24,0.125,Global off,Threat-like
HC,5,13,13,1,2,CS+,ITI,86,0.1511627906976744,8,24,0.3333333333333333,Global off,Threat-like
HC,18,20,7,3,3,ITI,ITI,47,0.14893617021276595,6,24,0.25,Safety-like,Safety-like
HC,7,32,5,1,4,CS+,ITI,35,0.14285714285714285,4,24,0.16666666666666666,Global off,Global on
HC,3,1,7,1,1,ITI,ITI,50,0.14,7,24,0.2916666666666667,Global off,Global off
HC,5,1,12,1,1,ITI,ITI,86,0.13953488372093023,9,24,0.375,Global off,Global off
HC,31,32,15,4,4,ITI,ITI,109,0.13761467889908258,11,24,0.4583333333333333,Global on,Global on
HC,26,20,3,4,3,CS-,ITI,22,0.13636363636363635,3,24,0.125,Global on,Safety-like
HC,26,29,3,4,2,ITI,CS+,22,0.13636363636363635,3,24,0.125,Global on,Threat-like
HC,27,13,4,4,2,ITI,ITI,30,0.13333333333333333,4,24,0.16666666666666666,Global on,Threat-like
HC,27,20,4,4,3,CS-,CS-,30,0.13333333333333333,4,24,0.16666666666666666,Global on,Safety-like
HC,32,31,25,4,4,ITI,ITI,190,0.13157894736842105,13,24,0.5416666666666666,Global on,Global on
HC,8,16,8,3,4,CS+,ITI,61,0.13114754098360656,8,24,0.3333333333333333,Safety-like,Global on
HC,18,17,6,3,1,ITI,ITI,47,0.1276595744680851,6,24,0.25,Safety-like,Global off
HC,4,20,11,3,3,ITI,ITI,87,0.12643678160919541,10,24,0.4166666666666667,Safety-like,Safety-like
HC,11,1,2,1,1,CS-,CS-,16,0.125,2,24,0.08333333333333333,Global off,Global off
HC,11,12,2,1,3,CS+,ITI,16,0.125,2,24,0.08333333333333333,Global off,Safety-like
HC,29,32,11,2,4,ITI,CS-,89,0.12359550561797752,11,24,0.4583333333333333,Threat-like,Global on
HC,12,16,7,3,4,ITI,ITI,57,0.12280701754385964,7,24,0.2916666666666667,Safety-like,Global on
HC,12,32,7,3,4,ITI,ITI,57,0.12280701754385964,5,24,0.20833333333333334,Safety-like,Global on
HC,22,18,3,4,3,ITI,ITI,25,0.12,3,24,0.125,Global on,Safety-like
HC,16,13,10,4,2,ITI,CS+,84,0.11904761904761904,8,24,0.3333333333333333,Global on,Threat-like
HC,16,32,10,4,4,ITI,CS+,84,0.11904761904761904,7,24,0.2916666666666667,Global on,Global on
HC,14,13,9,2,2,CS+,ITI,76,0.11842105263157894,6,24,0.25,Threat-like,Threat-like
HC,21,17,5,2,1,ITI,ITI,43,0.11627906976744186,5,24,0.20833333333333334,Threat-like,Global off
HC,6,14,3,1,2,ITI,ITI,26,0.11538461538461539,3,24,0.125,Global off,Threat-like
HC,7,5,4,1,1,ITI,CS+,35,0.11428571428571428,4,24,0.16666666666666666,Global off,Global off
HC,25,17,5,2,1,ITI,ITI,44,0.11363636363636363,5,24,0.20833333333333334,Threat-like,Global off
HC,10,9,5,1,1,CS+,ITI,45,0.1111111111111111,5,24,0.20833333333333334,Global off,Global off
HC,24,20,6,4,3,ITI,ITI,55,0.10909090909090909,6,24,0.25,Global on,Safety-like
HC,30,20,5,4,3,ITI,ITI,46,0.10869565217391304,4,24,0.16666666666666666,Global on,Safety-like
HC,30,32,5,4,4,ITI,ITI,46,0.10869565217391304,5,24,0.20833333333333334,Global on,Global on
HC,13,1,14,2,1,CS+,ITI,130,0.1076923076923077,9,24,0.375,Threat-like,Global off
HC,16,14,9,4,2,CS+,CS+,84,0.10714285714285714,8,24,0.3333333333333333,Global on,Threat-like
HC,18,1,5,3,1,ITI,ITI,47,0.10638297872340426,4,24,0.16666666666666666,Safety-like,Global off
HC,18,13,5,3,2,ITI,CS+,47,0.10638297872340426,4,24,0.16666666666666666,Safety-like,Threat-like
HC,23,20,5,4,3,CS+,ITI,47,0.10638297872340426,4,24,0.16666666666666666,Global on,Safety-like
HC,23,28,5,4,4,ITI,ITI,47,0.10638297872340426,5,24,0.20833333333333334,Global on,Global on
HC,28,20,8,4,3,ITI,ITI,76,0.10526315789473684,5,24,0.20833333333333334,Global on,Safety-like
HC,15,14,4,2,2,ITI,CS+,38,0.10526315789473684,3,24,0.125,Threat-like,Threat-like
HC,4,8,9,3,3,ITI,CS-,87,0.10344827586206896,7,24,0.2916666666666667,Safety-like,Safety-like
HC,29,19,9,2,3,ITI,ITI,89,0.10112359550561797,8,24,0.3333333333333333,Threat-like,Safety-like
HC,29,25,9,2,2,ITI,ITI,89,0.10112359550561797,9,24,0.375,Threat-like,Threat-like
HC,3,31,5,1,4,ITI,ITI,50,0.1,2,24,0.08333333333333333,Global off,Global on
HC,27,19,3,4,3,ITI,ITI,30,0.1,2,24,0.08333333333333333,Global on,Safety-like
HC,27,31,3,4,4,ITI,CS+,30,0.1,3,24,0.125,Global on,Global on
HC,27,32,3,4,4,ITI,CS-,30,0.1,3,24,0.125,Global on,Global on
HC,19,31,8,3,4,ITI,CS+,81,0.09876543209876543,7,24,0.2916666666666667,Safety-like,Global on
HC,8,32,6,3,4,ITI,CS-,61,0.09836065573770492,5,24,0.20833333333333334,Safety-like,Global on
HC,17,32,9,1,4,ITI,ITI,96,0.09375,6,24,0.25,Global off,Global on
HC,21,30,4,2,4,CS+,ITI,43,0.09302325581395349,4,24,0.16666666666666666,Threat-like,Global on
HC,21,32,4,2,4,ITI,CS-,43,0.09302325581395349,4,24,0.16666666666666666,Threat-like,Global on
HC,20,19,12,3,3,ITI,ITI,130,0.09230769230769231,11,24,0.4583333333333333,Safety-like,Safety-like
HC,14,16,7,2,4,CS+,ITI,76,0.09210526315789473,6,24,0.25,Threat-like,Global on
HC,25,1,4,2,1,CS+,ITI,44,0.09090909090909091,4,24,0.16666666666666666,Threat-like,Global off
HC,26,2,2,4,1,CS+,ITI,22,0.09090909090909091,2,24,0.08333333333333333,Global on,Global off
HC,26,3,2,4,1,CS-,ITI,22,0.09090909090909091,2,24,0.08333333333333333,Global on,Global off
HC,26,4,2,4,3,CS+,ITI,22,0.09090909090909091,2,24,0.08333333333333333,Global on,Safety-like
HC,26,12,2,4,3,CS-,CS+,22,0.09090909090909091,2,24,0.08333333333333333,Global on,Safety-like
HC,26,17,2,4,1,CS+,CS+,22,0.09090909090909091,2,24,0.08333333333333333,Global on,Global off
HC,26,21,2,4,2,CS-,CS-,22,0.09090909090909091,2,24,0.08333333333333333,Global on,Threat-like
HC,10,1,4,1,1,ITI,CS-,45,0.08888888888888889,4,24,0.16666666666666666,Global off,Global off
HC,10,32,4,1,4,ITI,ITI,45,0.08888888888888889,4,24,0.16666666666666666,Global off,Global on
HC,30,13,4,4,2,CS+,CS+,46,0.08695652173913043,4,24,0.16666666666666666,Global on,Threat-like
HC,19,18,7,3,3,ITI,ITI,81,0.08641975308641975,5,24,0.20833333333333334,Safety-like,Safety-like
HC,7,13,3,1,2,ITI,ITI,35,0.08571428571428572,3,24,0.125,Global off,Threat-like
HC,7,20,3,1,3,ITI,ITI,35,0.08571428571428572,3,24,0.125,Global off,Safety-like
HC,18,2,4,3,1,CS-,ITI,47,0.0851063829787234,4,24,0.16666666666666666,Safety-like,Global off
HC,23,17,4,4,1,ITI,ITI,47,0.0851063829787234,4,24,0.16666666666666666,Global on,Global off
HC,23,32,4,4,4,ITI,ITI,47,0.0851063829787234,4,24,0.16666666666666666,Global on,Global on
HC,1,4,15,1,3,ITI,ITI,180,0.08333333333333333,9,24,0.375,Global off,Safety-like
HC,9,13,5,1,2,ITI,CS-,60,0.08333333333333333,5,24,0.20833333333333334,Global off,Threat-like
HC,31,28,9,4,4,ITI,ITI,109,0.08256880733944955,7,24,0.2916666666666667,Global on,Global on
HC,4,32,7,3,4,ITI,ITI,87,0.08045977011494253,7,24,0.2916666666666667,Safety-like,Global on
HC,3,12,4,1,3,ITI,CS+,50,0.08,4,24,0.16666666666666666,Global off,Safety-like
HC,22,5,2,4,1,CS-,ITI,25,0.08,2,24,0.08333333333333333,Global on,Global off
HC,22,19,2,4,3,ITI,ITI,25,0.08,2,24,0.08333333333333333,Global on,Safety-like
HC,14,29,6,2,2,CS+,ITI,76,0.07894736842105263,6,24,0.25,Threat-like,Threat-like
HC,15,9,3,2,1,CS+,CS+,38,0.07894736842105263,3,24,0.125,Threat-like,Global off
HC,15,13,3,2,2,CS+,CS+,38,0.07894736842105263,3,24,0.125,Threat-like,Threat-like
HC,15,16,3,2,4,CS-,ITI,38,0.07894736842105263,3,24,0.125,Threat-like,Global on
HC,15,29,3,2,2,CS+,CS+,38,0.07894736842105263,3,24,0.125,Threat-like,Threat-like
HC,29,17,7,2,1,ITI,ITI,89,0.07865168539325842,6,24,0.25,Threat-like,Global off
HC,1,2,14,1,1,ITI,ITI,180,0.07777777777777778,9,24,0.375,Global off,Global off
HC,1,13,14,1,2,ITI,ITI,180,0.07777777777777778,11,24,0.4583333333333333,Global off,Threat-like
HC,13,32,10,2,4,ITI,ITI,130,0.07692307692307693,5,24,0.20833333333333334,Threat-like,Global on
HC,20,4,10,3,3,ITI,ITI,130,0.07692307692307693,7,24,0.2916666666666667,Safety-like,Safety-like
HC,6,7,2,1,1,ITI,ITI,26,0.07692307692307693,1,24,0.041666666666666664,Global off,Global off
HC,6,15,2,1,2,ITI,CS-,26,0.07692307692307693,2,24,0.08333333333333333,Global off,Threat-like
HC,6,31,2,1,4,CS+,CS-,26,0.07692307692307693,2,24,0.08333333333333333,Global off,Global on
HC,6,32,2,1,4,CS-,CS-,26,0.07692307692307693,2,24,0.08333333333333333,Global off,Global on
HC,31,13,8,4,2,ITI,CS+,109,0.07339449541284404,5,24,0.20833333333333334,Global on,Threat-like
HC,17,20,7,1,3,ITI,ITI,96,0.07291666666666667,7,24,0.2916666666666667,Global off,Safety-like
HC,24,1,4,4,1,ITI,CS-,55,0.07272727272727272,4,24,0.16666666666666666,Global on,Global off
HC,1,5,13,1,1,ITI,CS+,180,0.07222222222222222,12,24,0.5,Global off,Global off
HC,12,1,4,3,1,CS+,CS+,57,0.07017543859649122,4,24,0.16666666666666666,Safety-like,Global off
HC,12,29,4,3,2,ITI,CS+,57,0.07017543859649122,3,24,0.125,Safety-like,Threat-like
HC,21,2,3,2,1,CS+,ITI,43,0.06976744186046512,2,24,0.08333333333333333,Threat-like,Global off
HC,21,23,3,2,4,CS-,CS+,43,0.06976744186046512,3,24,0.125,Threat-like,Global on
HC,13,5,9,2,1,CS+,ITI,130,0.06923076923076923,6,24,0.25,Threat-like,Global off
HC,4,2,6,3,1,ITI,ITI,87,0.06896551724137931,5,24,0.20833333333333334,Safety-like,Global off
HC,4,16,6,3,4,CS-,ITI,87,0.06896551724137931,6,24,0.25,Safety-like,Global on
HC,32,1,13,4,1,ITI,ITI,190,0.06842105263157895,12,24,0.5,Global on,Global off
HC,32,20,13,4,3,ITI,CS-,190,0.06842105263157895,9,24,0.375,Global on,Safety-like
HC,25,14,3,2,2,ITI,CS+,44,0.06818181818181818,3,24,0.125,Threat-like,Threat-like
HC,25,18,3,2,3,ITI,CS+,44,0.06818181818181818,3,24,0.125,Threat-like,Safety-like
HC,25,20,3,2,3,CS-,ITI,44,0.06818181818181818,3,24,0.125,Threat-like,Safety-like
HC,25,28,3,2,4,CS+,CS+,44,0.06818181818181818,3,24,0.125,Threat-like,Global on
HC,25,31,3,2,4,ITI,ITI,44,0.06818181818181818,3,24,0.125,Threat-like,Global on
HC,25,32,3,2,4,ITI,ITI,44,0.06818181818181818,3,24,0.125,Threat-like,Global on
HC,1,3,12,1,1,ITI,ITI,180,0.06666666666666667,11,24,0.4583333333333333,Global off,Global off
HC,1,17,12,1,1,ITI,ITI,180,0.06666666666666667,10,24,0.4166666666666667,Global off,Global off
HC,9,32,4,1,4,CS+,ITI,60,0.06666666666666667,4,24,0.16666666666666666,Global off,Global on
HC,10,3,3,1,1,ITI,ITI,45,0.06666666666666667,2,24,0.08333333333333333,Global off,Global off
HC,10,5,3,1,1,ITI,ITI,45,0.06666666666666667,3,24,0.125,Global off,Global off
HC,27,17,2,4,1,ITI,ITI,30,0.06666666666666667,2,24,0.08333333333333333,Global on,Global off
HC,27,23,2,4,4,CS-,ITI,30,0.06666666666666667,1,24,0.041666666666666664,Global on,Global on
HC,27,25,2,4,2,CS-,CS-,30,0.06666666666666667,2,24,0.08333333333333333,Global on,Threat-like
HC,14,32,5,2,4,CS+,CS+,76,0.06578947368421052,5,24,0.20833333333333334,Threat-like,Global on
HC,28,25,5,4,2,ITI,ITI,76,0.06578947368421052,5,24,0.20833333333333334,Global on,Threat-like
HC,8,1,4,3,1,CS-,CS-,61,0.06557377049180328,4,24,0.16666666666666666,Safety-like,Global off
HC,8,4,4,3,3,ITI,ITI,61,0.06557377049180328,4,24,0.16666666666666666,Safety-like,Safety-like
HC,8,5,4,3,1,CS+,CS+,61,0.06557377049180328,4,24,0.16666666666666666,Safety-like,Global off
HC,30,25,3,4,2,CS+,ITI,46,0.06521739130434782,3,24,0.125,Global on,Threat-like
HC,30,31,3,4,4,CS+,CS+,46,0.06521739130434782,3,24,0.125,Global on,Global on
HC,2,32,7,1,4,CS+,ITI,108,0.06481481481481481,7,24,0.2916666666666667,Global off,Global on
HC,31,5,7,4,1,CS+,CS+,109,0.06422018348623854,6,24,0.25,Global on,Global off
HC,31,20,7,4,3,ITI,ITI,109,0.06422018348623854,6,24,0.25,Global on,Safety-like
HC,31,29,7,4,2,ITI,CS-,109,0.06422018348623854,6,24,0.25,Global on,Threat-like
HC,18,29,3,3,2,CS+,CS+,47,0.06382978723404255,3,24,0.125,Safety-like,Threat-like
HC,23,24,3,4,4,ITI,ITI,47,0.06382978723404255,3,24,0.125,Global on,Global on
HC,23,29,3,4,2,CS+,CS-,47,0.06382978723404255,2,24,0.08333333333333333,Global on,Threat-like
HC,17,19,6,1,3,ITI,ITI,96,0.0625,4,24,0.16666666666666666,Global off,Safety-like
HC,11,2,1,1,1,CS+,CS+,16,0.0625,1,24,0.041666666666666664,Global off,Global off
HC,11,9,1,1,1,ITI,ITI,16,0.0625,1,24,0.041666666666666664,Global off,Global off
HC,11,13,1,1,2,ITI,ITI,16,0.0625,1,24,0.041666666666666664,Global off,Threat-like
HC,11,14,1,1,2,CS+,ITI,16,0.0625,1,24,0.041666666666666664,Global off,Threat-like
HC,11,17,1,1,1,ITI,ITI,16,0.0625,1,24,0.041666666666666664,Global off,Global off
HC,11,18,1,1,3,ITI,ITI,16,0.0625,1,24,0.041666666666666664,Global off,Safety-like
HC,11,20,1,1,3,ITI,ITI,16,0.0625,1,24,0.041666666666666664,Global off,Safety-like
HC,11,27,1,1,4,CS+,CS+,16,0.0625,1,24,0.041666666666666664,Global off,Global on
HC,11,28,1,1,4,ITI,ITI,16,0.0625,1,24,0.041666666666666664,Global off,Global on
HC,11,29,1,1,2,CS-,ITI,16,0.0625,1,24,0.041666666666666664,Global off,Threat-like
HC,11,30,1,1,4,ITI,CS+,16,0.0625,1,24,0.041666666666666664,Global off,Global on
HC,11,31,1,1,4,ITI,CS+,16,0.0625,1,24,0.041666666666666664,Global off,Global on
HC,19,1,5,3,1,ITI,CS+,81,0.06172839506172839,4,24,0.16666666666666666,Safety-like,Global off
HC,19,17,5,3,1,CS+,ITI,81,0.06172839506172839,3,24,0.125,Safety-like,Global off
HC,19,28,5,3,4,ITI,ITI,81,0.06172839506172839,5,24,0.20833333333333334,Safety-like,Global on
HC,13,16,8,2,4,ITI,ITI,130,0.06153846153846154,7,24,0.2916666666666667,Threat-like,Global on
HC,13,29,8,2,2,CS+,ITI,130,0.06153846153846154,7,24,0.2916666666666667,Threat-like,Threat-like
HC,20,28,8,3,4,ITI,ITI,130,0.06153846153846154,6,24,0.25,Safety-like,Global on
HC,3,7,3,1,1,ITI,CS+,50,0.06,3,24,0.125,Global off,Global off
HC,3,8,3,1,3,ITI,CS+,50,0.06,3,24,0.125,Global off,Safety-like
HC,3,19,3,1,3,ITI,ITI,50,0.06,2,24,0.08333333333333333,Global off,Safety-like
HC,16,2,5,4,1,CS+,ITI,84,0.05952380952380952,4,24,0.16666666666666666,Global on,Global off
HC,16,31,5,4,4,ITI,ITI,84,0.05952380952380952,4,24,0.16666666666666666,Global on,Global on
HC,5,8,5,1,3,CS+,ITI,86,0.05813953488372093,5,24,0.20833333333333334,Global off,Safety-like
HC,32,14,11,4,2,CS+,CS+,190,0.05789473684210526,9,24,0.375,Global on,Threat-like
HC,32,28,11,4,4,ITI,ITI,190,0.05789473684210526,11,24,0.4583333333333333,Global on,Global on
HC,4,17,5,3,1,ITI,ITI,87,0.05747126436781609,5,24,0.20833333333333334,Safety-like,Global off
HC,7,1,2,1,1,CS-,CS-,35,0.05714285714285714,2,24,0.08333333333333333,Global off,Global off
HC,7,4,2,1,3,ITI,ITI,35,0.05714285714285714,1,24,0.041666666666666664,Global off,Safety-like
HC,7,6,2,1,1,CS-,CS-,35,0.05714285714285714,2,24,0.08333333333333333,Global off,Global off
HC,7,12,2,1,3,ITI,ITI,35,0.05714285714285714,2,24,0.08333333333333333,Global off,Safety-like
HC,7,16,2,1,4,CS+,CS-,35,0.05714285714285714,2,24,0.08333333333333333,Global off,Global on
HC,7,24,2,1,4,CS-,CS-,35,0.05714285714285714,2,24,0.08333333333333333,Global off,Global on
HC,7,31,2,1,4,CS-,ITI,35,0.05714285714285714,2,24,0.08333333333333333,Global off,Global on
HC,29,31,5,2,4,ITI,CS-,89,0.056179775280898875,3,24,0.125,Threat-like,Global on
HC,2,3,6,1,1,ITI,ITI,108,0.05555555555555555,5,24,0.20833333333333334,Global off,Global off
HC,2,13,6,1,2,ITI,ITI,108,0.05555555555555555,6,24,0.25,Global off,Threat-like
HC,2,17,6,1,1,ITI,ITI,108,0.05555555555555555,6,24,0.25,Global off,Global off
HC,31,30,6,4,4,ITI,CS+,109,0.05504587155963303,4,24,0.16666666666666666,Global on,Global on
HC,24,2,3,4,1,ITI,ITI,55,0.05454545454545454,2,24,0.08333333333333333,Global on,Global off
HC,24,4,3,4,3,ITI,CS-,55,0.05454545454545454,3,24,0.125,Global on,Safety-like
HC,24,12,3,4,3,ITI,CS+,55,0.05454545454545454,3,24,0.125,Global on,Safety-like
HC,24,19,3,4,3,CS+,CS+,55,0.05454545454545454,3,24,0.125,Global on,Safety-like
HC,24,29,3,4,2,ITI,ITI,55,0.05454545454545454,2,24,0.08333333333333333,Global on,Threat-like
HC,13,2,7,2,1,ITI,ITI,130,0.05384615384615385,6,24,0.25,Threat-like,Global off
HC,13,9,7,2,1,ITI,CS+,130,0.05384615384615385,6,24,0.25,Threat-like,Global off
HC,20,1,7,3,1,ITI,ITI,130,0.05384615384615385,6,24,0.25,Safety-like,Global off
HC,20,31,7,3,4,ITI,ITI,130,0.05384615384615385,6,24,0.25,Safety-like,Global on
HC,32,16,10,4,4,CS+,ITI,190,0.05263157894736842,8,24,0.3333333333333333,Global on,Global on
HC,32,29,10,4,2,ITI,ITI,190,0.05263157894736842,8,24,0.3333333333333333,Global on,Threat-like
HC,14,1,4,2,1,ITI,CS-,76,0.05263157894736842,4,24,0.16666666666666666,Threat-like,Global off
HC,14,6,4,2,1,ITI,ITI,76,0.05263157894736842,3,24,0.125,Threat-like,Global off
HC,28,1,4,4,1,ITI,CS-,76,0.05263157894736842,4,24,0.16666666666666666,Global on,Global off
HC,28,4,4,4,3,ITI,CS-,76,0.05263157894736842,4,24,0.16666666666666666,Global on,Safety-like
HC,28,17,4,4,1,ITI,ITI,76,0.05263157894736842,4,24,0.16666666666666666,Global on,Global off
HC,28,23,4,4,4,ITI,ITI,76,0.05263157894736842,4,24,0.16666666666666666,Global on,Global on
HC,28,29,4,4,2,ITI,ITI,76,0.05263157894736842,4,24,0.16666666666666666,Global on,Threat-like
HC,12,2,3,3,1,CS+,CS+,57,0.05263157894736842,3,24,0.125,Safety-like,Global off
HC,12,9,3,3,1,ITI,CS+,57,0.05263157894736842,2,24,0.08333333333333333,Safety-like,Global off
HC,12,20,3,3,3,ITI,ITI,57,0.05263157894736842,3,24,0.125,Safety-like,Safety-like
HC,15,4,2,2,3,ITI,CS+,38,0.05263157894736842,2,24,0.08333333333333333,Threat-like,Safety-like
HC,15,8,2,2,3,CS+,CS+,38,0.05263157894736842,2,24,0.08333333333333333,Threat-like,Safety-like
HC,15,28,2,2,4,CS+,CS-,38,0.05263157894736842,2,24,0.08333333333333333,Threat-like,Global on
HC,15,32,2,2,4,ITI,CS+,38,0.05263157894736842,2,24,0.08333333333333333,Threat-like,Global on
HC,17,5,5,1,1,ITI,CS-,96,0.052083333333333336,5,24,0.20833333333333334,Global off,Global off
HC,17,10,5,1,1,CS+,ITI,96,0.052083333333333336,4,24,0.16666666666666666,Global off,Global off
HC,17,16,5,1,4,ITI,CS-,96,0.052083333333333336,5,24,0.20833333333333334,Global off,Global on
HC,17,31,5,1,4,ITI,ITI,96,0.052083333333333336,5,24,0.20833333333333334,Global off,Global on
HC,9,7,3,1,1,CS+,ITI,60,0.05,2,24,0.08333333333333333,Global off,Global off
HC,9,12,3,1,3,CS+,ITI,60,0.05,2,24,0.08333333333333333,Global off,Safety-like
HC,9,15,3,1,2,ITI,CS+,60,0.05,2,24,0.08333333333333333,Global off,Threat-like
HC,9,29,3,1,2,ITI,ITI,60,0.05,3,24,0.125,Global off,Threat-like
HC,19,12,4,3,3,ITI,ITI,81,0.04938271604938271,4,24,0.16666666666666666,Safety-like,Safety-like
HC,19,24,4,3,4,ITI,CS+,81,0.04938271604938271,4,24,0.16666666666666666,Safety-like,Global on
HC,8,2,3,3,1,CS+,ITI,61,0.04918032786885246,3,24,0.125,Safety-like,Global off
HC,8,7,3,3,1,ITI,ITI,61,0.04918032786885246,2,24,0.08333333333333333,Safety-like,Global off
HC,8,12,3,3,3,CS-,ITI,61,0.04918032786885246,3,24,0.125,Safety-like,Safety-like
HC,8,13,3,3,2,ITI,CS+,61,0.04918032786885246,1,24,0.041666666666666664,Safety-like,Threat-like
HC,8,14,3,3,2,ITI,ITI,61,0.04918032786885246,3,24,0.125,Safety-like,Threat-like
HC,8,19,3,3,3,CS-,ITI,61,0.04918032786885246,3,24,0.125,Safety-like,Safety-like
HC,16,4,4,4,3,ITI,ITI,84,0.047619047619047616,3,24,0.125,Global on,Safety-like
HC,16,5,4,4,1,CS-,CS-,84,0.047619047619047616,4,24,0.16666666666666666,Global on,Global off
HC,16,10,4,4,1,CS+,ITI,84,0.047619047619047616,2,24,0.08333333333333333,Global on,Global off
HC,16,20,4,4,3,ITI,ITI,84,0.047619047619047616,4,24,0.16666666666666666,Global on,Safety-like
HC,32,8,9,4,3,CS-,ITI,190,0.04736842105263158,7,24,0.2916666666666667,Global on,Safety-like
HC,32,13,9,4,2,CS+,CS+,190,0.04736842105263158,8,24,0.3333333333333333,Global on,Threat-like
HC,32,24,9,4,4,ITI,ITI,190,0.04736842105263158,7,24,0.2916666666666667,Global on,Global on
HC,32,30,9,4,4,ITI,ITI,190,0.04736842105263158,8,24,0.3333333333333333,Global on,Global on
HC,5,2,4,1,1,ITI,ITI,86,0.046511627906976744,4,24,0.16666666666666666,Global off,Global off
HC,5,7,4,1,1,ITI,CS-,86,0.046511627906976744,3,24,0.125,Global off,Global off
HC,5,14,4,1,2,ITI,CS-,86,0.046511627906976744,4,24,0.16666666666666666,Global off,Threat-like
HC,5,21,4,1,2,ITI,ITI,86,0.046511627906976744,3,24,0.125,Global off,Threat-like
HC,21,1,2,2,1,CS-,CS-,43,0.046511627906976744,2,24,0.08333333333333333,Threat-like,Global off
HC,21,4,2,2,3,CS-,CS+,43,0.046511627906976744,1,24,0.041666666666666664,Threat-like,Safety-like
HC,21,5,2,2,1,CS+,CS-,43,0.046511627906976744,2,24,0.08333333333333333,Threat-like,Global off
HC,21,10,2,2,1,CS-,CS-,43,0.046511627906976744,2,24,0.08333333333333333,Threat-like,Global off
HC,21,28,2,2,4,CS-,CS-,43,0.046511627906976744,2,24,0.08333333333333333,Threat-like,Global on
HC,21,29,2,2,2,CS+,CS-,43,0.046511627906976744,1,24,0.041666666666666664,Threat-like,Threat-like
HC,21,31,2,2,4,CS-,ITI,43,0.046511627906976744,2,24,0.08333333333333333,Threat-like,Global on
HC,2,4,5,1,3,ITI,ITI,108,0.046296296296296294,5,24,0.20833333333333334,Global off,Safety-like
HC,2,8,5,1,3,ITI,CS-,108,0.046296296296296294,4,24,0.16666666666666666,Global off,Safety-like
HC,2,14,5,1,2,ITI,CS-,108,0.046296296296296294,5,24,0.20833333333333334,Global off,Threat-like
HC,2,20,5,1,3,CS+,ITI,108,0.046296296296296294,4,24,0.16666666666666666,Global off,Safety-like
HC,13,14,6,2,2,ITI,CS+,130,0.046153846153846156,6,24,0.25,Threat-like,Threat-like
HC,13,24,6,2,4,ITI,ITI,130,0.046153846153846156,4,24,0.16666666666666666,Threat-like,Global on
HC,20,12,6,3,3,ITI,ITI,130,0.046153846153846156,4,24,0.16666666666666666,Safety-like,Safety-like
HC,4,1,4,3,1,ITI,ITI,87,0.04597701149425287,3,24,0.125,Safety-like,Global off
HC,4,12,4,3,3,ITI,CS-,87,0.04597701149425287,4,24,0.16666666666666666,Safety-like,Safety-like
HC,4,13,4,3,2,ITI,ITI,87,0.04597701149425287,3,24,0.125,Safety-like,Threat-like
HC,25,13,2,2,2,CS-,ITI,44,0.045454545454545456,2,24,0.08333333333333333,Threat-like,Threat-like
HC,25,15,2,2,2,CS+,CS+,44,0.045454545454545456,2,24,0.08333333333333333,Threat-like,Threat-like
HC,25,19,2,2,3,ITI,ITI,44,0.045454545454545456,2,24,0.08333333333333333,Threat-like,Safety-like
HC,25,21,2,2,2,ITI,CS-,44,0.045454545454545456,2,24,0.08333333333333333,Threat-like,Threat-like
HC,25,24,2,2,4,CS+,ITI,44,0.045454545454545456,2,24,0.08333333333333333,Threat-like,Global on
HC,26,9,1,4,1,CS+,CS+,22,0.045454545454545456,1,24,0.041666666666666664,Global on,Global off
HC,26,19,1,4,3,CS+,ITI,22,0.045454545454545456,1,24,0.041666666666666664,Global on,Safety-like
HC,26,28,1,4,4,ITI,ITI,22,0.045454545454545456,1,24,0.041666666666666664,Global on,Global on
HC,26,31,1,4,4,CS+,ITI,22,0.045454545454545456,1,24,0.041666666666666664,Global on,Global on
HC,29,2,4,2,1,CS+,ITI,89,0.0449438202247191,4,24,0.16666666666666666,Threat-like,Global off
HC,29,5,4,2,1,CS-,CS-,89,0.0449438202247191,4,24,0.16666666666666666,Threat-like,Global off
HC,29,21,4,2,2,ITI,ITI,89,0.0449438202247191,2,24,0.08333333333333333,Threat-like,Threat-like
HC,29,24,4,2,4,CS+,ITI,89,0.0449438202247191,4,24,0.16666666666666666,Threat-like,Global on
HC,10,7,2,1,1,CS+,CS+,45,0.044444444444444446,2,24,0.08333333333333333,Global off,Global off
HC,10,13,2,1,2,CS+,CS-,45,0.044444444444444446,2,24,0.08333333333333333,Global off,Threat-like
HC,10,16,2,1,4,CS-,CS-,45,0.044444444444444446,2,24,0.08333333333333333,Global off,Global on
HC,10,17,2,1,1,ITI,CS-,45,0.044444444444444446,1,24,0.041666666666666664,Global off,Global off
HC,10,28,2,1,4,ITI,ITI,45,0.044444444444444446,2,24,0.08333333333333333,Global off,Global on
HC,10,29,2,1,2,CS+,CS+,45,0.044444444444444446,2,24,0.08333333333333333,Global off,Threat-like
HC,30,1,2,4,1,CS+,CS+,46,0.043478260869565216,2,24,0.08333333333333333,Global on,Global off
HC,30,2,2,4,1,CS+,ITI,46,0.043478260869565216,2,24,0.08333333333333333,Global on,Global off
HC,30,4,2,4,3,CS-,CS-,46,0.043478260869565216,2,24,0.08333333333333333,Global on,Safety-like
HC,30,9,2,4,1,CS+,CS+,46,0.043478260869565216,2,24,0.08333333333333333,Global on,Global off
HC,30,12,2,4,3,CS+,CS+,46,0.043478260869565216,2,24,0.08333333333333333,Global on,Safety-like
HC,30,22,2,4,4,CS+,ITI,46,0.043478260869565216,2,24,0.08333333333333333,Global on,Global on
HC,30,23,2,4,4,CS-,CS-,46,0.043478260869565216,2,24,0.08333333333333333,Global on,Global on
HC,30,24,2,4,4,CS-,CS-,46,0.043478260869565216,2,24,0.08333333333333333,Global on,Global on
HC,30,28,2,4,4,ITI,CS+,46,0.043478260869565216,2,24,0.08333333333333333,Global on,Global on
HC,18,4,2,3,3,ITI,ITI,47,0.0425531914893617,2,24,0.08333333333333333,Safety-like,Safety-like
HC,18,19,2,3,3,CS-,CS+,47,0.0425531914893617,2,24,0.08333333333333333,Safety-like,Safety-like
HC,18,22,2,3,4,CS-,CS-,47,0.0425531914893617,2,24,0.08333333333333333,Safety-like,Global on
HC,18,31,2,3,4,CS+,CS+,47,0.0425531914893617,2,24,0.08333333333333333,Safety-like,Global on
HC,18,32,2,3,4,CS-,CS-,47,0.0425531914893617,2,24,0.08333333333333333,Safety-like,Global on
HC,23,1,2,4,1,CS-,ITI,47,0.0425531914893617,2,24,0.08333333333333333,Global on,Global off
HC,23,4,2,4,3,ITI,CS+,47,0.0425531914893617,2,24,0.08333333333333333,Global on,Safety-like
HC,23,8,2,4,3,CS-,ITI,47,0.0425531914893617,2,24,0.08333333333333333,Global on,Safety-like
HC,23,13,2,4,2,ITI,CS-,47,0.0425531914893617,2,24,0.08333333333333333,Global on,Threat-like
HC,23,15,2,4,2,CS+,CS+,47,0.0425531914893617,2,24,0.08333333333333333,Global on,Threat-like
HC,23,19,2,4,3,ITI,ITI,47,0.0425531914893617,2,24,0.08333333333333333,Global on,Safety-like
HC,23,30,2,4,4,CS-,CS-,47,0.0425531914893617,2,24,0.08333333333333333,Global on,Global on
HC,23,31,2,4,4,CS-,ITI,47,0.0425531914893617,2,24,0.08333333333333333,Global on,Global on
HC,32,2,8,4,1,ITI,ITI,190,0.042105263157894736,5,24,0.20833333333333334,Global on,Global off
HC,17,2,4,1,1,ITI,ITI,96,0.041666666666666664,4,24,0.16666666666666666,Global off,Global off
HC,17,26,4,1,4,ITI,CS+,96,0.041666666666666664,4,24,0.16666666666666666,Global off,Global on
HC,3,2,2,1,1,CS+,CS+,50,0.04,2,24,0.08333333333333333,Global off,Global off
HC,3,4,2,1,3,ITI,ITI,50,0.04,2,24,0.08333333333333333,Global off,Safety-like
HC,3,9,2,1,1,CS+,CS+,50,0.04,2,24,0.08333333333333333,Global off,Global off
HC,3,11,2,1,1,CS+,CS+,50,0.04,2,24,0.08333333333333333,Global off,Global off
HC,3,15,2,1,2,ITI,ITI,50,0.04,2,24,0.08333333333333333,Global off,Threat-like
HC,3,16,2,1,4,ITI,CS+,50,0.04,2,24,0.08333333333333333,Global off,Global on
HC,3,21,2,1,2,CS-,CS-,50,0.04,2,24,0.08333333333333333,Global off,Threat-like
HC,3,32,2,1,4,CS+,ITI,50,0.04,2,24,0.08333333333333333,Global off,Global on
HC,22,1,1,4,1,ITI,ITI,25,0.04,1,24,0.041666666666666664,Global on,Global off
HC,22,2,1,4,1,CS+,CS+,25,0.04,1,24,0.041666666666666664,Global on,Global off
HC,22,4,1,4,3,ITI,ITI,25,0.04,1,24,0.041666666666666664,Global on,Safety-like
HC,22,7,1,4,1,CS+,CS+,25,0.04,1,24,0.041666666666666664,Global on,Global off
HC,22,10,1,4,1,CS+,ITI,25,0.04,1,24,0.041666666666666664,Global on,Global off
HC,22,12,1,4,3,ITI,ITI,25,0.04,1,24,0.041666666666666664,Global on,Safety-like
HC,22,13,1,4,2,ITI,ITI,25,0.04,1,24,0.041666666666666664,Global on,Threat-like
HC,22,14,1,4,2,ITI,ITI,25,0.04,1,24,0.041666666666666664,Global on,Threat-like
HC,22,20,1,4,3,CS+,ITI,25,0.04,1,24,0.041666666666666664,Global on,Safety-like
HC,22,21,1,4,2,ITI,CS+,25,0.04,1,24,0.041666666666666664,Global on,Threat-like
HC,22,23,1,4,4,ITI,ITI,25,0.04,1,24,0.041666666666666664,Global on,Global on
HC,22,24,1,4,4,ITI,ITI,25,0.04,1,24,0.041666666666666664,Global on,Global on
HC,22,28,1,4,4,ITI,ITI,25,0.04,1,24,0.041666666666666664,Global on,Global on
HC,22,29,1,4,2,ITI,ITI,25,0.04,1,24,0.041666666666666664,Global on,Threat-like
HC,14,9,3,2,1,CS+,ITI,76,0.039473684210526314,2,24,0.08333333333333333,Threat-like,Global off
HC,14,10,3,2,1,ITI,CS+,76,0.039473684210526314,3,24,0.125,Threat-like,Global off
HC,14,30,3,2,4,CS-,ITI,76,0.039473684210526314,2,24,0.08333333333333333,Threat-like,Global on
HC,28,2,3,4,1,CS+,ITI,76,0.039473684210526314,3,24,0.125,Global on,Global off
HC,28,12,3,4,3,CS-,CS+,76,0.039473684210526314,3,24,0.125,Global on,Safety-like
HC,28,13,3,4,2,CS+,CS+,76,0.039473684210526314,3,24,0.125,Global on,Threat-like
HC,28,18,3,4,3,ITI,ITI,76,0.039473684210526314,3,24,0.125,Global on,Safety-like
HC,28,27,3,4,4,CS-,CS-,76,0.039473684210526314,3,24,0.125,Global on,Global on
HC,1,8,7,1,3,CS-,CS-,180,0.03888888888888889,6,24,0.25,Global off,Safety-like
HC,1,16,7,1,4,ITI,CS-,180,0.03888888888888889,6,24,0.25,Global off,Global on
HC,1,18,7,1,3,ITI,ITI,180,0.03888888888888889,5,24,0.20833333333333334,Global off,Safety-like
HC,1,32,7,1,4,ITI,ITI,180,0.03888888888888889,7,24,0.2916666666666667,Global off,Global on
HC,13,28,5,2,4,ITI,ITI,130,0.038461538461538464,5,24,0.20833333333333334,Threat-like,Global on
HC,13,31,5,2,4,CS-,ITI,130,0.038461538461538464,5,24,0.20833333333333334,Threat-like,Global on
HC,20,2,5,3,1,CS+,CS+,130,0.038461538461538464,4,24,0.16666666666666666,Safety-like,Global off
HC,20,24,5,3,4,ITI,ITI,130,0.038461538461538464,4,24,0.16666666666666666,Safety-like,Global on
HC,20,27,5,3,4,ITI,ITI,130,0.038461538461538464,4,24,0.16666666666666666,Safety-like,Global on
HC,20,30,5,3,4,ITI,CS-,130,0.038461538461538464,4,24,0.16666666666666666,Safety-like,Global on
HC,6,1,1,1,1,CS+,ITI,26,0.038461538461538464,1,24,0.041666666666666664,Global off,Global off
HC,6,8,1,1,3,ITI,ITI,26,0.038461538461538464,1,24,0.041666666666666664,Global off,Safety-like
HC,6,9,1,1,1,ITI,ITI,26,0.038461538461538464,1,24,0.041666666666666664,Global off,Global off
HC,6,16,1,1,4,ITI,CS-,26,0.038461538461538464,1,24,0.041666666666666664,Global off,Global on
HC,6,23,1,1,4,CS-,CS-,26,0.038461538461538464,1,24,0.041666666666666664,Global off,Global on
HC,6,30,1,1,4,ITI,ITI,26,0.038461538461538464,1,24,0.041666666666666664,Global off,Global on
HC,2,9,4,1,1,ITI,CS+,108,0.037037037037037035,4,24,0.16666666666666666,Global off,Global off
HC,19,4,3,3,3,ITI,ITI,81,0.037037037037037035,2,24,0.08333333333333333,Safety-like,Safety-like
HC,19,25,3,3,2,ITI,ITI,81,0.037037037037037035,3,24,0.125,Safety-like,Threat-like
HC,19,27,3,3,4,ITI,ITI,81,0.037037037037037035,2,24,0.08333333333333333,Safety-like,Global on
HC,32,9,7,4,1,CS+,CS-,190,0.03684210526315789,6,24,0.25,Global on,Global off
HC,32,17,7,4,1,ITI,ITI,190,0.03684210526315789,7,24,0.2916666666666667,Global on,Global off
HC,31,1,4,4,1,CS+,CS+,109,0.03669724770642202,4,24,0.16666666666666666,Global on,Global off
HC,31,2,4,4,1,ITI,CS-,109,0.03669724770642202,3,24,0.125,Global on,Global off
HC,31,25,4,4,2,ITI,ITI,109,0.03669724770642202,4,24,0.16666666666666666,Global on,Threat-like
HC,31,26,4,4,4,ITI,CS+,109,0.03669724770642202,3,24,0.125,Global on,Global on
HC,24,14,2,4,2,CS-,CS-,55,0.03636363636363636,2,24,0.08333333333333333,Global on,Threat-like
HC,24,17,2,4,1,CS-,ITI,55,0.03636363636363636,2,24,0.08333333333333333,Global on,Global off
HC,24,21,2,4,2,CS+,CS+,55,0.03636363636363636,2,24,0.08333333333333333,Global on,Threat-like
HC,24,23,2,4,4,CS+,CS+,55,0.03636363636363636,2,24,0.08333333333333333,Global on,Global on
HC,24,28,2,4,4,CS+,CS+,55,0.03636363636363636,2,24,0.08333333333333333,Global on,Global on
HC,24,31,2,4,4,ITI,CS-,55,0.03636363636363636,2,24,0.08333333333333333,Global on,Global on
HC,16,8,3,4,3,CS+,ITI,84,0.03571428571428571,3,24,0.125,Global on,Safety-like
HC,16,21,3,4,2,ITI,ITI,84,0.03571428571428571,3,24,0.125,Global on,Threat-like
HC,16,30,3,4,4,ITI,ITI,84,0.03571428571428571,3,24,0.125,Global on,Global on
HC,12,5,2,3,1,ITI,CS-,57,0.03508771929824561,2,24,0.08333333333333333,Safety-like,Global off
HC,12,10,2,3,1,ITI,CS+,57,0.03508771929824561,2,24,0.08333333333333333,Safety-like,Global off
HC,12,13,2,3,2,CS+,CS+,57,0.03508771929824561,2,24,0.08333333333333333,Safety-like,Threat-like
HC,12,17,2,3,1,CS-,ITI,57,0.03508771929824561,2,24,0.08333333333333333,Safety-like,Global off
HC,12,18,2,3,3,CS+,CS-,57,0.03508771929824561,2,24,0.08333333333333333,Safety-like,Safety-like
HC,5,3,3,1,1,ITI,ITI,86,0.03488372093023256,3,24,0.125,Global off,Global off
HC,5,10,3,1,1,CS+,ITI,86,0.03488372093023256,3,24,0.125,Global off,Global off
HC,5,11,3,1,1,CS+,ITI,86,0.03488372093023256,3,24,0.125,Global off,Global off
HC,5,15,3,1,2,ITI,ITI,86,0.03488372093023256,3,24,0.125,Global off,Threat-like
HC,5,16,3,1,4,CS+,ITI,86,0.03488372093023256,2,24,0.08333333333333333,Global off,Global on
HC,5,23,3,1,4,ITI,ITI,86,0.03488372093023256,3,24,0.125,Global off,Global on
HC,4,3,3,3,1,ITI,CS+,87,0.034482758620689655,2,24,0.08333333333333333,Safety-like,Global off
HC,4,6,3,3,1,ITI,ITI,87,0.034482758620689655,3,24,0.125,Safety-like,Global off
HC,4,14,3,3,2,ITI,ITI,87,0.034482758620689655,2,24,0.08333333333333333,Safety-like,Threat-like
HC,29,9,3,2,1,CS-,ITI,89,0.033707865168539325,3,24,0.125,Threat-like,Global off
HC,29,14,3,2,2,ITI,ITI,89,0.033707865168539325,3,24,0.125,Threat-like,Threat-like
HC,29,27,3,2,4,CS-,ITI,89,0.033707865168539325,3,24,0.125,Threat-like,Global on
HC,29,28,3,2,4,ITI,CS+,89,0.033707865168539325,3,24,0.125,Threat-like,Global on
HC,1,10,6,1,1,ITI,ITI,180,0.03333333333333333,5,24,0.20833333333333334,Global off,Global off
HC,1,15,6,1,2,ITI,CS-,180,0.03333333333333333,5,24,0.20833333333333334,Global off,Threat-like
HC,1,19,6,1,3,ITI,ITI,180,0.03333333333333333,6,24,0.25,Global off,Safety-like
HC,1,29,6,1,2,CS-,ITI,180,0.03333333333333333,3,24,0.125,Global off,Threat-like
HC,9,3,2,1,1,CS+,CS+,60,0.03333333333333333,2,24,0.08333333333333333,Global off,Global off
HC,9,10,2,1,1,CS+,CS+,60,0.03333333333333333,2,24,0.08333333333333333,Global off,Global off
HC,9,20,2,1,3,CS+,ITI,60,0.03333333333333333,2,24,0.08333333333333333,Global off,Safety-like
HC,9,25,2,1,2,CS+,ITI,60,0.03333333333333333,2,24,0.08333333333333333,Global off,Threat-like
HC,27,1,1,4,1,ITI,ITI,30,0.03333333333333333,1,24,0.041666666666666664,Global on,Global off
HC,27,2,1,4,1,ITI,ITI,30,0.03333333333333333,1,24,0.041666666666666664,Global on,Global off
HC,27,4,1,4,3,ITI,ITI,30,0.03333333333333333,1,24,0.041666666666666664,Global on,Safety-like
HC,27,9,1,4,1,CS-,ITI,30,0.03333333333333333,1,24,0.041666666666666664,Global on,Global off
HC,27,10,1,4,1,ITI,CS-,30,0.03333333333333333,1,24,0.041666666666666664,Global on,Global off
HC,27,28,1,4,4,CS-,ITI,30,0.03333333333333333,1,24,0.041666666666666664,Global on,Global on
HC,27,29,1,4,2,ITI,CS-,30,0.03333333333333333,1,24,0.041666666666666664,Global on,Threat-like
HC,8,18,2,3,3,ITI,CS+,61,0.03278688524590164,2,24,0.08333333333333333,Safety-like,Safety-like
HC,8,21,2,3,2,CS+,CS+,61,0.03278688524590164,2,24,0.08333333333333333,Safety-like,Threat-like
HC,8,22,2,3,4,CS+,CS+,61,0.03278688524590164,2,24,0.08333333333333333,Safety-like,Global on
HC,8,26,2,3,4,CS-,ITI,61,0.03278688524590164,1,24,0.041666666666666664,Safety-like,Global on
HC,8,29,2,3,2,ITI,CS+,61,0.03278688524590164,2,24,0.08333333333333333,Safety-like,Threat-like
HC,32,19,6,4,3,ITI,CS-,190,0.031578947368421054,5,24,0.20833333333333334,Global on,Safety-like
HC,32,23,6,4,4,ITI,ITI,190,0.031578947368421054,6,24,0.25,Global on,Global on
HC,17,9,3,1,1,ITI,ITI,96,0.03125,3,24,0.125,Global off,Global off
HC,17,18,3,1,3,CS-,ITI,96,0.03125,3,24,0.125,Global off,Safety-like
HC,17,21,3,1,2,ITI,ITI,96,0.03125,3,24,0.125,Global off,Threat-like
HC,13,8,4,2,3,CS+,CS+,130,0.03076923076923077,3,24,0.125,Threat-like,Safety-like
HC,13,19,4,2,3,CS+,ITI,130,0.03076923076923077,4,24,0.16666666666666666,Threat-like,Safety-like
HC,13,20,4,2,3,CS+,ITI,130,0.03076923076923077,4,24,0.16666666666666666,Threat-like,Safety-like
HC,13,27,4,2,4,ITI,ITI,130,0.03076923076923077,4,24,0.16666666666666666,Threat-like,Global on
HC,20,13,4,3,2,CS+,ITI,130,0.03076923076923077,3,24,0.125,Safety-like,Threat-like
HC,20,14,4,3,2,ITI,CS-,130,0.03076923076923077,3,24,0.125,Safety-like,Threat-like
HC,20,17,4,3,1,CS-,ITI,130,0.03076923076923077,4,24,0.16666666666666666,Safety-like,Global off
HC,20,29,4,3,2,ITI,CS-,130,0.03076923076923077,4,24,0.16666666666666666,Safety-like,Threat-like
HC,7,9,1,1,1,ITI,CS+,35,0.02857142857142857,1,24,0.041666666666666664,Global off,Global off
HC,7,14,1,1,2,ITI,ITI,35,0.02857142857142857,1,24,0.041666666666666664,Global off,Threat-like
HC,7,17,1,1,1,ITI,ITI,35,0.02857142857142857,1,24,0.041666666666666664,Global off,Global off
HC,7,18,1,1,3,ITI,ITI,35,0.02857142857142857,1,24,0.041666666666666664,Global off,Safety-like
HC,7,23,1,1,4,ITI,ITI,35,0.02857142857142857,1,24,0.041666666666666664,Global off,Global on
HC,7,29,1,1,2,ITI,ITI,35,0.02857142857142857,1,24,0.041666666666666664,Global off,Threat-like
HC,1,6,5,1,1,ITI,ITI,180,0.027777777777777776,4,24,0.16666666666666666,Global off,Global off
HC,1,12,5,1,3,ITI,ITI,180,0.027777777777777776,5,24,0.20833333333333334,Global off,Safety-like
HC,1,20,5,1,3,ITI,ITI,180,0.027777777777777776,5,24,0.20833333333333334,Global off,Safety-like
HC,1,31,5,1,4,ITI,ITI,180,0.027777777777777776,5,24,0.20833333333333334,Global off,Global on
HC,2,7,3,1,1,ITI,CS-,108,0.027777777777777776,2,24,0.08333333333333333,Global off,Global off
HC,2,10,3,1,1,CS+,ITI,108,0.027777777777777776,3,24,0.125,Global off,Global off
HC,2,18,3,1,3,ITI,ITI,108,0.027777777777777776,3,24,0.125,Global off,Safety-like
HC,2,19,3,1,3,CS+,CS+,108,0.027777777777777776,2,24,0.08333333333333333,Global off,Safety-like
HC,2,23,3,1,4,ITI,ITI,108,0.027777777777777776,2,24,0.08333333333333333,Global off,Global on
HC,2,30,3,1,4,CS+,CS+,108,0.027777777777777776,3,24,0.125,Global off,Global on
HC,31,4,3,4,3,ITI,ITI,109,0.027522935779816515,3,24,0.125,Global on,Safety-like
HC,31,18,3,4,3,ITI,ITI,109,0.027522935779816515,3,24,0.125,Global on,Safety-like
HC,31,21,3,4,2,ITI,ITI,109,0.027522935779816515,2,24,0.08333333333333333,Global on,Threat-like
HC,31,23,3,4,4,CS-,ITI,109,0.027522935779816515,3,24,0.125,Global on,Global on
HC,31,27,3,4,4,ITI,ITI,109,0.027522935779816515,3,24,0.125,Global on,Global on
HC,32,4,5,4,3,CS-,CS-,190,0.02631578947368421,4,24,0.16666666666666666,Global on,Safety-like
HC,32,5,5,4,1,ITI,CS+,190,0.02631578947368421,5,24,0.20833333333333334,Global on,Global off
HC,14,2,2,2,1,CS-,CS-,76,0.02631578947368421,2,24,0.08333333333333333,Threat-like,Global off
HC,14,8,2,2,3,CS+,CS+,76,0.02631578947368421,2,24,0.08333333333333333,Threat-like,Safety-like
HC,14,20,2,2,3,CS+,CS+,76,0.02631578947368421,2,24,0.08333333333333333,Threat-like,Safety-like
HC,14,23,2,2,4,ITI,CS+,76,0.02631578947368421,2,24,0.08333333333333333,Threat-like,Global on
HC,14,24,2,2,4,CS-,CS-,76,0.02631578947368421,2,24,0.08333333333333333,Threat-like,Global on
HC,14,31,2,2,4,ITI,ITI,76,0.02631578947368421,2,24,0.08333333333333333,Threat-like,Global on
HC,28,6,2,4,1,CS-,CS+,76,0.02631578947368421,2,24,0.08333333333333333,Global on,Global off
HC,28,11,2,4,1,ITI,ITI,76,0.02631578947368421,2,24,0.08333333333333333,Global on,Global off
HC,28,19,2,4,3,CS-,ITI,76,0.02631578947368421,2,24,0.08333333333333333,Global on,Safety-like
HC,28,31,2,4,4,ITI,CS-,76,0.02631578947368421,2,24,0.08333333333333333,Global on,Global on
HC,15,1,1,2,1,CS-,CS-,38,0.02631578947368421,1,24,0.041666666666666664,Threat-like,Global off
HC,15,2,1,2,1,CS+,ITI,38,0.02631578947368421,1,24,0.041666666666666664,Threat-like,Global off
HC,15,3,1,2,1,ITI,CS+,38,0.02631578947368421,1,24,0.041666666666666664,Threat-like,Global off
HC,15,17,1,2,1,CS-,CS-,38,0.02631578947368421,1,24,0.041666666666666664,Threat-like,Global off
HC,15,19,1,2,3,ITI,ITI,38,0.02631578947368421,1,24,0.041666666666666664,Threat-like,Safety-like
HC,15,20,1,2,3,CS-,CS-,38,0.02631578947368421,1,24,0.041666666666666664,Threat-like,Safety-like
HC,15,22,1,2,4,CS-,ITI,38,0.02631578947368421,1,24,0.041666666666666664,Threat-like,Global on
HC,19,5,2,3,1,CS+,CS+,81,0.024691358024691357,1,24,0.041666666666666664,Safety-like,Global off
HC,19,13,2,3,2,CS+,CS+,81,0.024691358024691357,2,24,0.08333333333333333,Safety-like,Threat-like
HC,19,16,2,3,4,ITI,CS+,81,0.024691358024691357,2,24,0.08333333333333333,Safety-like,Global on
HC,19,21,2,3,2,CS+,CS+,81,0.024691358024691357,2,24,0.08333333333333333,Safety-like,Threat-like
HC,19,22,2,3,4,CS-,CS-,81,0.024691358024691357,2,24,0.08333333333333333,Safety-like,Global on
HC,19,32,2,3,4,CS+,CS+,81,0.024691358024691357,2,24,0.08333333333333333,Safety-like,Global on
HC,16,1,2,4,1,CS+,CS+,84,0.023809523809523808,2,24,0.08333333333333333,Global on,Global off
HC,16,7,2,4,1,CS-,CS-,84,0.023809523809523808,2,24,0.08333333333333333,Global on,Global off
HC,16,15,2,4,2,CS+,CS+,84,0.023809523809523808,2,24,0.08333333333333333,Global on,Threat-like
HC,16,17,2,4,1,CS-,CS-,84,0.023809523809523808,2,24,0.08333333333333333,Global on,Global off
HC,16,24,2,4,4,CS+,CS+,84,0.023809523809523808,2,24,0.08333333333333333,Global on,Global on
HC,16,29,2,4,2,CS-,CS-,84,0.023809523809523808,2,24,0.08333333333333333,Global on,Threat-like
HC,5,4,2,1,3,CS-,ITI,86,0.023255813953488372,2,24,0.08333333333333333,Global off,Safety-like
HC,5,6,2,1,1,ITI,ITI,86,0.023255813953488372,2,24,0.08333333333333333,Global off,Global off
HC,5,17,2,1,1,CS+,CS+,86,0.023255813953488372,2,24,0.08333333333333333,Global off,Global off
HC,5,18,2,1,3,ITI,CS+,86,0.023255813953488372,2,24,0.08333333333333333,Global off,Safety-like
HC,5,19,2,1,3,CS-,ITI,86,0.023255813953488372,2,24,0.08333333333333333,Global off,Safety-like
HC,5,20,2,1,3,CS+,CS-,86,0.023255813953488372,2,24,0.08333333333333333,Global off,Safety-like
HC,5,24,2,1,4,CS+,ITI,86,0.023255813953488372,2,24,0.08333333333333333,Global off,Global on
HC,5,29,2,1,2,CS-,CS-,86,0.023255813953488372,2,24,0.08333333333333333,Global off,Threat-like
HC,5,32,2,1,4,ITI,CS-,86,0.023255813953488372,2,24,0.08333333333333333,Global off,Global on
HC,21,8,1,2,3,ITI,CS-,43,0.023255813953488372,1,24,0.041666666666666664,Threat-like,Safety-like
HC,21,9,1,2,1,CS-,ITI,43,0.023255813953488372,1,24,0.041666666666666664,Threat-like,Global off
HC,21,13,1,2,2,ITI,CS-,43,0.023255813953488372,1,24,0.041666666666666664,Threat-like,Threat-like
HC,21,14,1,2,2,ITI,ITI,43,0.023255813953488372,1,24,0.041666666666666664,Threat-like,Threat-like
HC,21,15,1,2,2,ITI,ITI,43,0.023255813953488372,1,24,0.041666666666666664,Threat-like,Threat-like
HC,21,16,1,2,4,ITI,ITI,43,0.023255813953488372,1,24,0.041666666666666664,Threat-like,Global on
HC,21,19,1,2,3,ITI,ITI,43,0.023255813953488372,1,24,0.041666666666666664,Threat-like,Safety-like
HC,21,22,1,2,4,ITI,CS+,43,0.023255813953488372,1,24,0.041666666666666664,Threat-like,Global on
HC,21,25,1,2,2,ITI,ITI,43,0.023255813953488372,1,24,0.041666666666666664,Threat-like,Threat-like
HC,21,27,1,2,4,ITI,ITI,43,0.023255813953488372,1,24,0.041666666666666664,Threat-like,Global on
HC,13,3,3,2,1,CS+,ITI,130,0.023076923076923078,3,24,0.125,Threat-like,Global off
HC,13,4,3,2,3,CS+,ITI,130,0.023076923076923078,3,24,0.125,Threat-like,Safety-like
HC,13,7,3,2,1,ITI,CS-,130,0.023076923076923078,3,24,0.125,Threat-like,Global off
HC,13,17,3,2,1,CS+,CS+,130,0.023076923076923078,3,24,0.125,Threat-like,Global off
HC,13,21,3,2,2,CS+,ITI,130,0.023076923076923078,3,24,0.125,Threat-like,Threat-like
HC,13,22,3,2,4,CS+,ITI,130,0.023076923076923078,2,24,0.08333333333333333,Threat-like,Global on
HC,20,21,3,3,2,ITI,ITI,130,0.023076923076923078,3,24,0.125,Safety-like,Threat-like
HC,20,23,3,3,4,ITI,ITI,130,0.023076923076923078,3,24,0.125,Safety-like,Global on
HC,4,5,2,3,1,ITI,CS-,87,0.022988505747126436,2,24,0.08333333333333333,Safety-like,Global off
HC,4,7,2,3,1,ITI,ITI,87,0.022988505747126436,2,24,0.08333333333333333,Safety-like,Global off
HC,4,10,2,3,1,CS+,CS+,87,0.022988505747126436,2,24,0.08333333333333333,Safety-like,Global off
HC,4,15,2,3,2,CS+,CS+,87,0.022988505747126436,2,24,0.08333333333333333,Safety-like,Threat-like
HC,4,19,2,3,3,CS-,CS+,87,0.022988505747126436,2,24,0.08333333333333333,Safety-like,Safety-like
HC,4,24,2,3,4,ITI,CS+,87,0.022988505747126436,2,24,0.08333333333333333,Safety-like,Global on
HC,4,28,2,3,4,CS-,ITI,87,0.022988505747126436,2,24,0.08333333333333333,Safety-like,Global on
HC,4,29,2,3,2,CS-,CS+,87,0.022988505747126436,2,24,0.08333333333333333,Safety-like,Threat-like
HC,4,31,2,3,4,CS-,CS-,87,0.022988505747126436,2,24,0.08333333333333333,Safety-like,Global on
HC,25,3,1,2,1,CS+,CS+,44,0.022727272727272728,1,24,0.041666666666666664,Threat-like,Global off
HC,25,4,1,2,3,ITI,ITI,44,0.022727272727272728,1,24,0.041666666666666664,Threat-like,Safety-like
HC,25,5,1,2,1,ITI,ITI,44,0.022727272727272728,1,24,0.041666666666666664,Threat-like,Global off
HC,25,9,1,2,1,ITI,CS-,44,0.022727272727272728,1,24,0.041666666666666664,Threat-like,Global off
HC,25,26,1,2,4,ITI,ITI,44,0.022727272727272728,1,24,0.041666666666666664,Threat-like,Global on
HC,25,29,1,2,2,CS-,ITI,44,0.022727272727272728,1,24,0.041666666666666664,Threat-like,Threat-like
HC,25,30,1,2,4,ITI,ITI,44,0.022727272727272728,1,24,0.041666666666666664,Threat-like,Global on
HC,29,4,2,2,3,CS+,ITI,89,0.02247191011235955,2,24,0.08333333333333333,Threat-like,Safety-like
HC,29,10,2,2,1,ITI,ITI,89,0.02247191011235955,2,24,0.08333333333333333,Threat-like,Global off
HC,29,12,2,2,3,CS+,ITI,89,0.02247191011235955,2,24,0.08333333333333333,Threat-like,Safety-like
HC,29,13,2,2,2,ITI,CS-,89,0.02247191011235955,2,24,0.08333333333333333,Threat-like,Threat-like
HC,29,16,2,2,4,ITI,ITI,89,0.02247191011235955,2,24,0.08333333333333333,Threat-like,Global on
HC,29,20,2,2,3,CS+,CS+,89,0.02247191011235955,2,24,0.08333333333333333,Threat-like,Safety-like
HC,29,30,2,2,4,CS-,CS-,89,0.02247191011235955,2,24,0.08333333333333333,Threat-like,Global on
HC,1,9,4,1,1,CS+,CS+,180,0.022222222222222223,4,24,0.16666666666666666,Global off,Global off
HC,1,14,4,1,2,CS+,CS+,180,0.022222222222222223,3,24,0.125,Global off,Threat-like
HC,1,23,4,1,4,CS-,CS-,180,0.022222222222222223,4,24,0.16666666666666666,Global off,Global on
HC,10,4,1,1,3,ITI,CS+,45,0.022222222222222223,1,24,0.041666666666666664,Global off,Safety-like
HC,10,20,1,1,3,ITI,ITI,45,0.022222222222222223,1,24,0.041666666666666664,Global off,Safety-like
HC,10,23,1,1,4,CS+,CS+,45,0.022222222222222223,1,24,0.041666666666666664,Global off,Global on
HC,10,25,1,1,2,CS+,CS+,45,0.022222222222222223,1,24,0.041666666666666664,Global off,Threat-like
HC,30,3,1,4,1,CS-,CS-,46,0.021739130434782608,1,24,0.041666666666666664,Global on,Global off
HC,30,10,1,4,1,ITI,ITI,46,0.021739130434782608,1,24,0.041666666666666664,Global on,Global off
HC,30,14,1,4,2,ITI,ITI,46,0.021739130434782608,1,24,0.041666666666666664,Global on,Threat-like
HC,30,15,1,4,2,ITI,CS-,46,0.021739130434782608,1,24,0.041666666666666664,Global on,Threat-like
HC,30,17,1,4,1,CS+,ITI,46,0.021739130434782608,1,24,0.041666666666666664,Global on,Global off
HC,30,18,1,4,3,CS-,CS-,46,0.021739130434782608,1,24,0.041666666666666664,Global on,Safety-like
HC,30,26,1,4,4,CS-,CS-,46,0.021739130434782608,1,24,0.041666666666666664,Global on,Global on
HC,30,29,1,4,2,CS-,CS-,46,0.021739130434782608,1,24,0.041666666666666664,Global on,Threat-like
HC,18,3,1,3,1,ITI,CS+,47,0.02127659574468085,1,24,0.041666666666666664,Safety-like,Global off
HC,18,8,1,3,3,CS-,ITI,47,0.02127659574468085,1,24,0.041666666666666664,Safety-like,Safety-like
HC,18,9,1,3,1,ITI,ITI,47,0.02127659574468085,1,24,0.041666666666666664,Safety-like,Global off
HC,18,11,1,3,1,CS-,CS-,47,0.02127659574468085,1,24,0.041666666666666664,Safety-like,Global off
HC,18,16,1,3,4,ITI,ITI,47,0.02127659574468085,1,24,0.041666666666666664,Safety-like,Global on
HC,18,24,1,3,4,ITI,ITI,47,0.02127659574468085,1,24,0.041666666666666664,Safety-like,Global on
HC,18,28,1,3,4,ITI,CS+,47,0.02127659574468085,1,24,0.041666666666666664,Safety-like,Global on
HC,23,2,1,4,1,ITI,CS+,47,0.02127659574468085,1,24,0.041666666666666664,Global on,Global off
HC,23,7,1,4,1,CS-,ITI,47,0.02127659574468085,1,24,0.041666666666666664,Global on,Global off
HC,23,12,1,4,3,ITI,ITI,47,0.02127659574468085,1,24,0.041666666666666664,Global on,Safety-like
HC,23,14,1,4,2,ITI,ITI,47,0.02127659574468085,1,24,0.041666666666666664,Global on,Threat-like
HC,23,16,1,4,4,ITI,ITI,47,0.02127659574468085,1,24,0.041666666666666664,Global on,Global on
HC,23,22,1,4,4,ITI,ITI,47,0.02127659574468085,1,24,0.041666666666666664,Global on,Global on
HC,23,25,1,4,2,CS+,CS+,47,0.02127659574468085,1,24,0.041666666666666664,Global on,Threat-like
HC,32,25,4,4,2,CS-,ITI,190,0.021052631578947368,4,24,0.16666666666666666,Global on,Threat-like
HC,17,4,2,1,3,ITI,ITI,96,0.020833333333333332,2,24,0.08333333333333333,Global off,Safety-like
HC,17,23,2,1,4,CS+,ITI,96,0.020833333333333332,2,24,0.08333333333333333,Global off,Global on
HC,17,27,2,1,4,ITI,CS-,96,0.020833333333333332,2,24,0.08333333333333333,Global off,Global on
HC,17,28,2,1,4,ITI,CS+,96,0.020833333333333332,2,24,0.08333333333333333,Global off,Global on
HC,17,29,2,1,2,CS-,CS-,96,0.020833333333333332,2,24,0.08333333333333333,Global off,Threat-like
HC,3,5,1,1,1,CS+,CS+,50,0.02,1,24,0.041666666666666664,Global off,Global off
HC,3,6,1,1,1,CS+,CS+,50,0.02,1,24,0.041666666666666664,Global off,Global off
HC,3,10,1,1,1,ITI,CS-,50,0.02,1,24,0.041666666666666664,Global off,Global off
HC,3,13,1,1,2,ITI,CS+,50,0.02,1,24,0.041666666666666664,Global off,Threat-like
HC,3,17,1,1,1,ITI,ITI,50,0.02,1,24,0.041666666666666664,Global off,Global off
HC,3,18,1,1,3,CS+,ITI,50,0.02,1,24,0.041666666666666664,Global off,Safety-like
HC,3,20,1,1,3,ITI,ITI,50,0.02,1,24,0.041666666666666664,Global off,Safety-like
HC,3,28,1,1,4,ITI,ITI,50,0.02,1,24,0.041666666666666664,Global off,Global on
HC,3,29,1,1,2,ITI,CS-,50,0.02,1,24,0.041666666666666664,Global off,Threat-like
HC,2,5,2,1,1,ITI,ITI,108,0.018518518518518517,2,24,0.08333333333333333,Global off,Global off
HC,2,6,2,1,1,ITI,ITI,108,0.018518518518518517,2,24,0.08333333333333333,Global off,Global off
HC,2,12,2,1,3,ITI,ITI,108,0.018518518518518517,2,24,0.08333333333333333,Global off,Safety-like
HC,2,15,2,1,2,ITI,CS-,108,0.018518518518518517,2,24,0.08333333333333333,Global off,Threat-like
HC,2,16,2,1,4,CS-,ITI,108,0.018518518518518517,2,24,0.08333333333333333,Global off,Global on
HC,2,26,2,1,4,CS-,CS-,108,0.018518518518518517,2,24,0.08333333333333333,Global off,Global on
HC,2,31,2,1,4,CS+,CS+,108,0.018518518518518517,2,24,0.08333333333333333,Global off,Global on
HC,31,3,2,4,1,ITI,ITI,109,0.01834862385321101,2,24,0.08333333333333333,Global on,Global off
HC,31,10,2,4,1,CS+,CS+,109,0.01834862385321101,2,24,0.08333333333333333,Global on,Global off
HC,31,12,2,4,3,CS-,CS-,109,0.01834862385321101,2,24,0.08333333333333333,Global on,Safety-like
HC,31,14,2,4,2,CS+,CS+,109,0.01834862385321101,2,24,0.08333333333333333,Global on,Threat-like
HC,31,17,2,4,1,CS-,ITI,109,0.01834862385321101,2,24,0.08333333333333333,Global on,Global off
HC,31,19,2,4,3,CS-,CS-,109,0.01834862385321101,2,24,0.08333333333333333,Global on,Safety-like
HC,31,22,2,4,4,ITI,ITI,109,0.01834862385321101,2,24,0.08333333333333333,Global on,Global on
HC,31,24,2,4,4,ITI,CS+,109,0.01834862385321101,2,24,0.08333333333333333,Global on,Global on
HC,24,3,1,4,1,CS-,CS-,55,0.01818181818181818,1,24,0.041666666666666664,Global on,Global off
HC,24,6,1,4,1,ITI,ITI,55,0.01818181818181818,1,24,0.041666666666666664,Global on,Global off
HC,24,8,1,4,3,CS+,CS+,55,0.01818181818181818,1,24,0.041666666666666664,Global on,Safety-like
HC,24,13,1,4,2,ITI,CS+,55,0.01818181818181818,1,24,0.041666666666666664,Global on,Threat-like
HC,24,15,1,4,2,ITI,CS+,55,0.01818181818181818,1,24,0.041666666666666664,Global on,Threat-like
HC,24,16,1,4,4,CS+,ITI,55,0.01818181818181818,1,24,0.041666666666666664,Global on,Global on
HC,24,18,1,4,3,ITI,CS-,55,0.01818181818181818,1,24,0.041666666666666664,Global on,Safety-like
HC,24,27,1,4,4,ITI,ITI,55,0.01818181818181818,1,24,0.041666666666666664,Global on,Global on
HC,12,3,1,3,1,CS+,ITI,57,0.017543859649122806,1,24,0.041666666666666664,Safety-like,Global off
HC,12,4,1,3,3,ITI,CS-,57,0.017543859649122806,1,24,0.041666666666666664,Safety-like,Safety-like
HC,12,6,1,3,1,CS+,CS+,57,0.017543859649122806,1,24,0.041666666666666664,Safety-like,Global off
HC,12,7,1,3,1,CS-,CS+,57,0.017543859649122806,1,24,0.041666666666666664,Safety-like,Global off
HC,12,8,1,3,3,ITI,ITI,57,0.017543859649122806,1,24,0.041666666666666664,Safety-like,Safety-like
HC,12,11,1,3,1,CS+,CS+,57,0.017543859649122806,1,24,0.041666666666666664,Safety-like,Global off
HC,12,14,1,3,2,CS+,CS+,57,0.017543859649122806,1,24,0.041666666666666664,Safety-like,Threat-like
HC,12,15,1,3,2,ITI,CS+,57,0.017543859649122806,1,24,0.041666666666666664,Safety-like,Threat-like
HC,12,19,1,3,3,ITI,ITI,57,0.017543859649122806,1,24,0.041666666666666664,Safety-like,Safety-like
HC,12,21,1,3,2,CS-,CS-,57,0.017543859649122806,1,24,0.041666666666666664,Safety-like,Threat-like
HC,12,24,1,3,4,ITI,CS-,57,0.017543859649122806,1,24,0.041666666666666664,Safety-like,Global on
HC,12,25,1,3,2,CS+,CS+,57,0.017543859649122806,1,24,0.041666666666666664,Safety-like,Threat-like
HC,12,26,1,3,4,CS-,ITI,57,0.017543859649122806,1,24,0.041666666666666664,Safety-like,Global on
HC,12,27,1,3,4,ITI,ITI,57,0.017543859649122806,1,24,0.041666666666666664,Safety-like,Global on
HC,12,28,1,3,4,CS-,CS-,57,0.017543859649122806,1,24,0.041666666666666664,Safety-like,Global on
HC,12,31,1,3,4,ITI,CS+,57,0.017543859649122806,1,24,0.041666666666666664,Safety-like,Global on
HC,1,7,3,1,1,ITI,ITI,180,0.016666666666666666,3,24,0.125,Global off,Global off
HC,1,27,3,1,4,ITI,ITI,180,0.016666666666666666,3,24,0.125,Global off,Global on
HC,9,6,1,1,1,CS+,ITI,60,0.016666666666666666,1,24,0.041666666666666664,Global off,Global off
HC,9,8,1,1,3,ITI,ITI,60,0.016666666666666666,1,24,0.041666666666666664,Global off,Safety-like
HC,9,16,1,1,4,CS+,ITI,60,0.016666666666666666,1,24,0.041666666666666664,Global off,Global on
HC,9,17,1,1,1,CS-,ITI,60,0.016666666666666666,1,24,0.041666666666666664,Global off,Global off
HC,9,19,1,1,3,CS+,CS+,60,0.016666666666666666,1,24,0.041666666666666664,Global off,Safety-like
HC,9,21,1,1,2,CS+,CS+,60,0.016666666666666666,1,24,0.041666666666666664,Global off,Threat-like
HC,9,24,1,1,4,CS-,CS-,60,0.016666666666666666,1,24,0.041666666666666664,Global off,Global on
HC,9,26,1,1,4,CS+,CS+,60,0.016666666666666666,1,24,0.041666666666666664,Global off,Global on
HC,9,27,1,1,4,ITI,ITI,60,0.016666666666666666,1,24,0.041666666666666664,Global off,Global on
HC,9,31,1,1,4,ITI,ITI,60,0.016666666666666666,1,24,0.041666666666666664,Global off,Global on
HC,8,9,1,3,1,ITI,ITI,61,0.01639344262295082,1,24,0.041666666666666664,Safety-like,Global off
HC,8,17,1,3,1,ITI,ITI,61,0.01639344262295082,1,24,0.041666666666666664,Safety-like,Global off
HC,8,20,1,3,3,CS-,ITI,61,0.01639344262295082,1,24,0.041666666666666664,Safety-like,Safety-like
HC,8,23,1,3,4,ITI,ITI,61,0.01639344262295082,1,24,0.041666666666666664,Safety-like,Global on
HC,8,25,1,3,2,CS-,CS-,61,0.01639344262295082,1,24,0.041666666666666664,Safety-like,Threat-like
HC,8,28,1,3,4,CS-,ITI,61,0.01639344262295082,1,24,0.041666666666666664,Safety-like,Global on
HC,8,30,1,3,4,CS+,CS+,61,0.01639344262295082,1,24,0.041666666666666664,Safety-like,Global on
HC,32,15,3,4,2,CS+,ITI,190,0.015789473684210527,3,24,0.125,Global on,Threat-like
HC,32,26,3,4,4,CS+,CS+,190,0.015789473684210527,2,24,0.08333333333333333,Global on,Global on
HC,13,12,2,2,3,CS+,CS+,130,0.015384615384615385,2,24,0.08333333333333333,Threat-like,Safety-like
HC,13,15,2,2,2,ITI,CS-,130,0.015384615384615385,1,24,0.041666666666666664,Threat-like,Threat-like
HC,13,18,2,2,3,CS-,CS-,130,0.015384615384615385,1,24,0.041666666666666664,Threat-like,Safety-like
HC,13,30,2,2,4,ITI,CS+,130,0.015384615384615385,2,24,0.08333333333333333,Threat-like,Global on
HC,20,3,2,3,1,CS+,ITI,130,0.015384615384615385,2,24,0.08333333333333333,Safety-like,Global off
HC,20,5,2,3,1,CS+,CS+,130,0.015384615384615385,2,24,0.08333333333333333,Safety-like,Global off
HC,20,8,2,3,3,CS-,CS-,130,0.015384615384615385,2,24,0.08333333333333333,Safety-like,Safety-like
HC,20,16,2,3,4,CS+,CS+,130,0.015384615384615385,2,24,0.08333333333333333,Safety-like,Global on
HC,20,18,2,3,3,CS-,CS-,130,0.015384615384615385,2,24,0.08333333333333333,Safety-like,Safety-like
HC,20,22,2,3,4,CS+,ITI,130,0.015384615384615385,2,24,0.08333333333333333,Safety-like,Global on
HC,20,25,2,3,2,ITI,CS+,130,0.015384615384615385,2,24,0.08333333333333333,Safety-like,Threat-like
HC,14,3,1,2,1,ITI,ITI,76,0.013157894736842105,1,24,0.041666666666666664,Threat-like,Global off
HC,14,7,1,2,1,CS+,ITI,76,0.013157894736842105,1,24,0.041666666666666664,Threat-like,Global off
HC,14,12,1,2,3,ITI,ITI,76,0.013157894736842105,1,24,0.041666666666666664,Threat-like,Safety-like
HC,14,17,1,2,1,CS-,CS-,76,0.013157894736842105,1,24,0.041666666666666664,Threat-like,Global off
HC,14,18,1,2,3,CS+,ITI,76,0.013157894736842105,1,24,0.041666666666666664,Threat-like,Safety-like
HC,14,19,1,2,3,ITI,ITI,76,0.013157894736842105,1,24,0.041666666666666664,Threat-like,Safety-like
HC,14,25,1,2,2,ITI,ITI,76,0.013157894736842105,1,24,0.041666666666666664,Threat-like,Threat-like
HC,14,28,1,2,4,CS-,CS-,76,0.013157894736842105,1,24,0.041666666666666664,Threat-like,Global on
HC,28,3,1,4,1,ITI,ITI,76,0.013157894736842105,1,24,0.041666666666666664,Global on,Global off
HC,28,5,1,4,1,CS+,CS+,76,0.013157894736842105,1,24,0.041666666666666664,Global on,Global off
HC,28,10,1,4,1,ITI,ITI,76,0.013157894736842105,1,24,0.041666666666666664,Global on,Global off
HC,28,14,1,4,2,CS+,CS+,76,0.013157894736842105,1,24,0.041666666666666664,Global on,Threat-like
HC,28,24,1,4,4,ITI,ITI,76,0.013157894736842105,1,24,0.041666666666666664,Global on,Global on
HC,28,26,1,4,4,ITI,ITI,76,0.013157894736842105,1,24,0.041666666666666664,Global on,Global on
HC,28,30,1,4,4,CS+,CS+,76,0.013157894736842105,1,24,0.041666666666666664,Global on,Global on
HC,19,2,1,3,1,ITI,CS+,81,0.012345679012345678,1,24,0.041666666666666664,Safety-like,Global off
HC,19,3,1,3,1,CS-,ITI,81,0.012345679012345678,1,24,0.041666666666666664,Safety-like,Global off
HC,19,9,1,3,1,ITI,ITI,81,0.012345679012345678,1,24,0.041666666666666664,Safety-like,Global off
HC,19,10,1,3,1,ITI,CS-,81,0.012345679012345678,1,24,0.041666666666666664,Safety-like,Global off
HC,19,11,1,3,1,ITI,ITI,81,0.012345679012345678,1,24,0.041666666666666664,Safety-like,Global off
HC,19,15,1,3,2,ITI,ITI,81,0.012345679012345678,1,24,0.041666666666666664,Safety-like,Threat-like
HC,19,23,1,3,4,CS+,CS+,81,0.012345679012345678,1,24,0.041666666666666664,Safety-like,Global on
HC,19,29,1,3,2,ITI,CS-,81,0.012345679012345678,1,24,0.041666666666666664,Safety-like,Threat-like
HC,16,3,1,4,1,CS+,CS+,84,0.011904761904761904,1,24,0.041666666666666664,Global on,Global off
HC,16,6,1,4,1,CS+,ITI,84,0.011904761904761904,1,24,0.041666666666666664,Global on,Global off
HC,16,9,1,4,1,CS-,ITI,84,0.011904761904761904,1,24,0.041666666666666664,Global on,Global off
HC,16,11,1,4,1,CS-,ITI,84,0.011904761904761904,1,24,0.041666666666666664,Global on,Global off
HC,16,12,1,4,3,ITI,ITI,84,0.011904761904761904,1,24,0.041666666666666664,Global on,Safety-like
HC,16,19,1,4,3,ITI,ITI,84,0.011904761904761904,1,24,0.041666666666666664,Global on,Safety-like
HC,16,25,1,4,2,CS+,CS+,84,0.011904761904761904,1,24,0.041666666666666664,Global on,Threat-like
HC,16,28,1,4,4,ITI,CS+,84,0.011904761904761904,1,24,0.041666666666666664,Global on,Global on
HC,5,9,1,1,1,CS-,CS-,86,0.011627906976744186,1,24,0.041666666666666664,Global off,Global off
HC,5,22,1,1,4,ITI,ITI,86,0.011627906976744186,1,24,0.041666666666666664,Global off,Global on
HC,5,25,1,1,2,ITI,ITI,86,0.011627906976744186,1,24,0.041666666666666664,Global off,Threat-like
HC,5,28,1,1,4,ITI,CS-,86,0.011627906976744186,1,24,0.041666666666666664,Global off,Global on
HC,4,11,1,3,1,ITI,CS+,87,0.011494252873563218,1,24,0.041666666666666664,Safety-like,Global off
HC,4,22,1,3,4,CS-,ITI,87,0.011494252873563218,1,24,0.041666666666666664,Safety-like,Global on
HC,4,23,1,3,4,ITI,ITI,87,0.011494252873563218,1,24,0.041666666666666664,Safety-like,Global on
HC,4,26,1,3,4,ITI,ITI,87,0.011494252873563218,1,24,0.041666666666666664,Safety-like,Global on
HC,29,1,1,2,1,ITI,CS-,89,0.011235955056179775,1,24,0.041666666666666664,Threat-like,Global off
HC,29,7,1,2,1,CS-,ITI,89,0.011235955056179775,1,24,0.041666666666666664,Threat-like,Global off
HC,29,8,1,2,3,CS-,CS-,89,0.011235955056179775,1,24,0.041666666666666664,Threat-like,Safety-like
HC,29,11,1,2,1,ITI,CS-,89,0.011235955056179775,1,24,0.041666666666666664,Threat-like,Global off
HC,29,22,1,2,4,CS+,CS+,89,0.011235955056179775,1,24,0.041666666666666664,Threat-like,Global on
HC,29,26,1,2,4,CS-,CS-,89,0.011235955056179775,1,24,0.041666666666666664,Threat-like,Global on
HC,1,21,2,1,2,CS-,CS-,180,0.011111111111111112,2,24,0.08333333333333333,Global off,Threat-like
HC,1,22,2,1,4,CS-,ITI,180,0.011111111111111112,2,24,0.08333333333333333,Global off,Global on
HC,1,28,2,1,4,CS-,ITI,180,0.011111111111111112,2,24,0.08333333333333333,Global off,Global on
HC,32,21,2,4,2,CS-,CS-,190,0.010526315789473684,1,24,0.041666666666666664,Global on,Threat-like
HC,32,22,2,4,4,ITI,CS+,190,0.010526315789473684,2,24,0.08333333333333333,Global on,Global on
HC,17,3,1,1,1,ITI,ITI,96,0.010416666666666666,1,24,0.041666666666666664,Global off,Global off
HC,17,7,1,1,1,ITI,CS+,96,0.010416666666666666,1,24,0.041666666666666664,Global off,Global off
HC,17,11,1,1,1,ITI,ITI,96,0.010416666666666666,1,24,0.041666666666666664,Global off,Global off
HC,17,12,1,1,3,ITI,ITI,96,0.010416666666666666,1,24,0.041666666666666664,Global off,Safety-like
HC,17,13,1,1,2,ITI,ITI,96,0.010416666666666666,1,24,0.041666666666666664,Global off,Threat-like
HC,17,14,1,1,2,ITI,CS+,96,0.010416666666666666,1,24,0.041666666666666664,Global off,Threat-like
HC,17,15,1,1,2,CS-,CS-,96,0.010416666666666666,1,24,0.041666666666666664,Global off,Threat-like
HC,17,24,1,1,4,ITI,ITI,96,0.010416666666666666,1,24,0.041666666666666664,Global off,Global on
HC,17,25,1,1,2,ITI,CS+,96,0.010416666666666666,1,24,0.041666666666666664,Global off,Threat-like
HC,17,30,1,1,4,ITI,ITI,96,0.010416666666666666,1,24,0.041666666666666664,Global off,Global on
HC,2,11,1,1,1,ITI,CS+,108,0.009259259259259259,1,24,0.041666666666666664,Global off,Global off
HC,2,21,1,1,2,ITI,ITI,108,0.009259259259259259,1,24,0.041666666666666664,Global off,Threat-like
HC,2,24,1,1,4,CS+,ITI,108,0.009259259259259259,1,24,0.041666666666666664,Global off,Global on
HC,31,6,1,4,1,CS+,CS+,109,0.009174311926605505,1,24,0.041666666666666664,Global on,Global off
HC,31,15,1,4,2,ITI,CS+,109,0.009174311926605505,1,24,0.041666666666666664,Global on,Threat-like
HC,31,16,1,4,4,CS+,CS+,109,0.009174311926605505,1,24,0.041666666666666664,Global on,Global on
HC,13,10,1,2,1,CS+,CS+,130,0.007692307692307693,1,24,0.041666666666666664,Threat-like,Global off
HC,13,11,1,2,1,CS-,ITI,130,0.007692307692307693,1,24,0.041666666666666664,Threat-like,Global off
HC,13,23,1,2,4,CS+,ITI,130,0.007692307692307693,1,24,0.041666666666666664,Threat-like,Global on
HC,20,9,1,3,1,CS-,CS-,130,0.007692307692307693,1,24,0.041666666666666664,Safety-like,Global off
HC,1,24,1,1,4,ITI,CS+,180,0.005555555555555556,1,24,0.041666666666666664,Global off,Global on
HC,1,25,1,1,2,CS-,CS-,180,0.005555555555555556,1,24,0.041666666666666664,Global off,Threat-like
HC,1,26,1,1,4,ITI,ITI,180,0.005555555555555556,1,24,0.041666666666666664,Global off,Global on
HC,1,30,1,1,4,CS-,ITI,180,0.005555555555555556,1,24,0.041666666666666664,Global off,Global on
HC,32,3,1,4,1,CS-,ITI,190,0.005263157894736842,1,24,0.041666666666666664,Global on,Global off
HC,32,10,1,4,1,ITI,ITI,190,0.005263157894736842,1,24,0.041666666666666664,Global on,Global off
HC,32,12,1,4,3,CS+,CS+,190,0.005263157894736842,1,24,0.041666666666666664,Global on,Safety-like
PTSD,24,32,21,4,4,ITI,ITI,70,0.3,13,24,0.5416666666666666,Global on,Global on
PTSD,11,32,5,1,4,CS+,ITI,17,0.29411764705882354,5,24,0.20833333333333334,Global off,Global on
PTSD,18,1,10,3,1,ITI,ITI,42,0.23809523809523808,8,24,0.3333333333333333,Safety-like,Global off
PTSD,10,1,9,1,1,ITI,ITI,38,0.23684210526315788,8,24,0.3333333333333333,Global off,Global off
PTSD,19,20,16,3,3,ITI,ITI,69,0.2318840579710145,12,24,0.5,Safety-like,Safety-like
PTSD,2,1,25,1,1,ITI,ITI,114,0.21929824561403508,16,24,0.6666666666666666,Global off,Global off
PTSD,26,20,9,4,3,ITI,ITI,43,0.20930232558139536,9,24,0.375,Global on,Safety-like
PTSD,22,19,2,4,3,ITI,ITI,10,0.2,2,24,0.08333333333333333,Global on,Safety-like
PTSD,22,23,2,4,4,CS+,CS-,10,0.2,2,24,0.08333333333333333,Global on,Global on
PTSD,31,32,21,4,4,ITI,ITI,108,0.19444444444444445,13,24,0.5416666666666666,Global on,Global on
PTSD,16,32,15,4,4,ITI,CS-,90,0.16666666666666666,13,24,0.5416666666666666,Global on,Global on
PTSD,9,1,12,1,1,CS-,CS+,74,0.16216216216216217,10,24,0.4166666666666667,Global off,Global off
PTSD,17,1,15,1,1,ITI,ITI,94,0.1595744680851064,10,24,0.4166666666666667,Global off,Global off
PTSD,27,20,6,4,3,ITI,ITI,38,0.15789473684210525,6,24,0.25,Global on,Safety-like
PTSD,14,13,11,2,2,CS-,ITI,71,0.15492957746478872,7,24,0.2916666666666667,Threat-like,Threat-like
PTSD,30,32,9,4,4,CS-,ITI,59,0.15254237288135594,7,24,0.2916666666666667,Global on,Global on
PTSD,14,16,10,2,4,CS+,CS-,71,0.14084507042253522,9,24,0.375,Threat-like,Global on
PTSD,25,1,7,2,1,CS+,CS+,50,0.14,6,24,0.25,Threat-like,Global off
PTSD,25,17,7,2,1,CS+,ITI,50,0.14,5,24,0.20833333333333334,Threat-like,Global off
PTSD,4,20,13,3,3,ITI,ITI,95,0.1368421052631579,8,24,0.3333333333333333,Safety-like,Safety-like
PTSD,6,13,4,1,2,CS+,CS+,30,0.13333333333333333,4,24,0.16666666666666666,Global off,Threat-like
PTSD,6,16,4,1,4,CS+,ITI,30,0.13333333333333333,4,24,0.16666666666666666,Global off,Global on
PTSD,15,5,4,2,1,ITI,CS-,30,0.13333333333333333,3,24,0.125,Threat-like,Global off
PTSD,27,32,5,4,4,ITI,ITI,38,0.13157894736842105,4,24,0.16666666666666666,Global on,Global on
PTSD,19,32,9,3,4,ITI,ITI,69,0.13043478260869565,7,24,0.2916666666666667,Safety-like,Global on
PTSD,12,1,5,3,1,ITI,ITI,41,0.12195121951219512,4,24,0.16666666666666666,Safety-like,Global off
PTSD,12,2,5,3,1,CS+,CS+,41,0.12195121951219512,4,24,0.16666666666666666,Safety-like,Global off
PTSD,3,19,6,1,3,ITI,ITI,50,0.12,6,24,0.25,Global off,Safety-like
PTSD,25,13,6,2,2,ITI,CS+,50,0.12,6,24,0.25,Threat-like,Threat-like
PTSD,25,29,6,2,2,ITI,ITI,50,0.12,5,24,0.20833333333333334,Threat-like,Threat-like
PTSD,28,32,8,4,4,ITI,CS+,67,0.11940298507462686,5,24,0.20833333333333334,Global on,Global on
PTSD,5,1,10,1,1,ITI,ITI,85,0.11764705882352941,8,24,0.3333333333333333,Global off,Global off
PTSD,5,13,10,1,2,ITI,CS+,85,0.11764705882352941,8,24,0.3333333333333333,Global off,Threat-like
PTSD,11,1,2,1,1,CS+,CS-,17,0.11764705882352941,2,24,0.08333333333333333,Global off,Global off
PTSD,4,1,11,3,1,ITI,ITI,95,0.11578947368421053,9,24,0.375,Safety-like,Global off
PTSD,13,1,13,2,1,ITI,CS-,113,0.11504424778761062,10,24,0.4166666666666667,Threat-like,Global off
PTSD,2,4,13,1,3,CS+,ITI,114,0.11403508771929824,8,24,0.3333333333333333,Global off,Safety-like
PTSD,14,32,8,2,4,CS+,ITI,71,0.11267605633802817,6,24,0.25,Threat-like,Global on
PTSD,31,29,12,4,2,ITI,ITI,108,0.1111111111111111,10,24,0.4166666666666667,Global on,Threat-like
PTSD,16,1,10,4,1,ITI,ITI,90,0.1111111111111111,9,24,0.375,Global on,Global off
PTSD,8,32,6,3,4,ITI,CS+,54,0.1111111111111111,6,24,0.25,Safety-like,Global on
PTSD,23,20,5,4,3,ITI,ITI,45,0.1111111111111111,4,24,0.16666666666666666,Global on,Safety-like
PTSD,29,32,13,2,4,ITI,ITI,120,0.10833333333333334,12,24,0.5,Threat-like,Global on
PTSD,4,2,10,3,1,ITI,ITI,95,0.10526315789473684,9,24,0.375,Safety-like,Global off
PTSD,27,31,4,4,4,CS+,CS+,38,0.10526315789473684,4,24,0.16666666666666666,Global on,Global on
PTSD,30,29,6,4,2,ITI,ITI,59,0.1016949152542373,4,24,0.16666666666666666,Global on,Threat-like
PTSD,16,29,9,4,2,CS-,CS-,90,0.1,7,24,0.2916666666666667,Global on,Threat-like
PTSD,3,1,5,1,1,ITI,ITI,50,0.1,5,24,0.20833333333333334,Global off,Global off
PTSD,3,4,5,1,3,CS-,ITI,50,0.1,5,24,0.20833333333333334,Global off,Safety-like
PTSD,3,20,5,1,3,ITI,ITI,50,0.1,4,24,0.16666666666666666,Global off,Safety-like
PTSD,6,5,3,1,1,ITI,CS-,30,0.1,2,24,0.08333333333333333,Global off,Global off
PTSD,6,31,3,1,4,ITI,ITI,30,0.1,3,24,0.125,Global off,Global on
PTSD,15,1,3,2,1,ITI,ITI,30,0.1,3,24,0.125,Threat-like,Global off
PTSD,15,14,3,2,2,CS+,CS+,30,0.1,3,24,0.125,Threat-like,Threat-like
PTSD,15,31,3,2,4,CS+,ITI,30,0.1,3,24,0.125,Threat-like,Global on
PTSD,22,1,1,4,1,ITI,CS-,10,0.1,1,24,0.041666666666666664,Global on,Global off
PTSD,22,2,1,4,1,ITI,ITI,10,0.1,1,24,0.041666666666666664,Global on,Global off
PTSD,22,3,1,4,1,ITI,ITI,10,0.1,1,24,0.041666666666666664,Global on,Global off
PTSD,22,7,1,4,1,CS-,CS-,10,0.1,1,24,0.041666666666666664,Global on,Global off
PTSD,22,13,1,4,2,ITI,CS-,10,0.1,1,24,0.041666666666666664,Global on,Threat-like
PTSD,22,32,1,4,4,ITI,ITI,10,0.1,1,24,0.041666666666666664,Global on,Global on
PTSD,21,5,4,2,1,CS+,CS+,41,0.0975609756097561,4,24,0.16666666666666666,Threat-like,Global off
PTSD,21,9,4,2,1,ITI,ITI,41,0.0975609756097561,4,24,0.16666666666666666,Threat-like,Global off
PTSD,21,29,4,2,2,CS-,CS+,41,0.0975609756097561,4,24,0.16666666666666666,Threat-like,Threat-like
PTSD,13,5,11,2,1,CS+,ITI,113,0.09734513274336283,10,24,0.4166666666666667,Threat-like,Global off
PTSD,1,2,19,1,1,ITI,ITI,196,0.09693877551020408,13,24,0.5416666666666666,Global off,Global off
PTSD,17,32,9,1,4,ITI,ITI,94,0.09574468085106383,7,24,0.2916666666666667,Global off,Global on
PTSD,18,20,4,3,3,ITI,ITI,42,0.09523809523809523,3,24,0.125,Safety-like,Safety-like
PTSD,5,29,8,1,2,CS-,ITI,85,0.09411764705882353,5,24,0.20833333333333334,Global off,Threat-like
PTSD,7,1,4,1,1,ITI,CS-,43,0.09302325581395349,4,24,0.16666666666666666,Global off,Global off
PTSD,7,16,4,1,4,CS-,CS-,43,0.09302325581395349,3,24,0.125,Global off,Global on
PTSD,7,32,4,1,4,CS+,ITI,43,0.09302325581395349,4,24,0.16666666666666666,Global off,Global on
PTSD,26,2,4,4,1,ITI,CS-,43,0.09302325581395349,2,24,0.08333333333333333,Global on,Global off
PTSD,26,17,4,4,1,CS-,ITI,43,0.09302325581395349,4,24,0.16666666666666666,Global on,Global off
PTSD,8,12,5,3,3,ITI,ITI,54,0.09259259259259259,5,24,0.20833333333333334,Safety-like,Safety-like
PTSD,23,19,4,4,3,ITI,ITI,45,0.08888888888888889,3,24,0.125,Global on,Safety-like
PTSD,23,31,4,4,4,ITI,ITI,45,0.08888888888888889,4,24,0.16666666666666666,Global on,Global on
PTSD,23,32,4,4,4,ITI,CS+,45,0.08888888888888889,4,24,0.16666666666666666,Global on,Global on
PTSD,19,29,6,3,2,ITI,ITI,69,0.08695652173913043,5,24,0.20833333333333334,Safety-like,Threat-like
PTSD,20,4,11,3,3,ITI,ITI,128,0.0859375,7,24,0.2916666666666667,Safety-like,Safety-like
PTSD,20,32,11,3,4,ITI,ITI,128,0.0859375,10,24,0.4166666666666667,Safety-like,Global on
PTSD,32,20,17,4,3,ITI,ITI,200,0.085,13,24,0.5416666666666666,Global on,Safety-like
PTSD,30,31,5,4,4,ITI,ITI,59,0.0847457627118644,5,24,0.20833333333333334,Global on,Global on
PTSD,9,17,6,1,1,ITI,ITI,74,0.08108108108108109,5,24,0.20833333333333334,Global off,Global off
PTSD,32,28,16,4,4,ITI,ITI,200,0.08,9,24,0.375,Global on,Global on
PTSD,32,31,16,4,4,ITI,ITI,200,0.08,12,24,0.5,Global on,Global on
PTSD,25,20,4,2,3,ITI,ITI,50,0.08,3,24,0.125,Threat-like,Safety-like
PTSD,13,29,9,2,2,ITI,ITI,113,0.07964601769911504,6,24,0.25,Threat-like,Threat-like
PTSD,13,32,9,2,4,ITI,ITI,113,0.07964601769911504,6,24,0.25,Threat-like,Global on
PTSD,10,2,3,1,1,CS+,CS+,38,0.07894736842105263,3,24,0.125,Global off,Global off
PTSD,10,9,3,1,1,ITI,ITI,38,0.07894736842105263,3,24,0.125,Global off,Global off
PTSD,27,9,3,4,1,ITI,CS+,38,0.07894736842105263,3,24,0.125,Global on,Global off
PTSD,27,29,3,4,2,ITI,CS+,38,0.07894736842105263,3,24,0.125,Global on,Threat-like
PTSD,1,5,15,1,1,CS+,CS+,196,0.07653061224489796,11,24,0.4583333333333333,Global off,Global off
PTSD,29,31,9,2,4,ITI,ITI,120,0.075,8,24,0.3333333333333333,Threat-like,Global on
PTSD,28,16,5,4,4,ITI,CS+,67,0.07462686567164178,4,24,0.16666666666666666,Global on,Global on
PTSD,28,25,5,4,2,ITI,ITI,67,0.07462686567164178,3,24,0.125,Global on,Threat-like
PTSD,17,2,7,1,1,ITI,CS+,94,0.07446808510638298,6,24,0.25,Global off,Global off
PTSD,17,19,7,1,3,ITI,ITI,94,0.07446808510638298,6,24,0.25,Global off,Safety-like
PTSD,8,2,4,3,1,ITI,ITI,54,0.07407407407407407,3,24,0.125,Safety-like,Global off
PTSD,8,5,4,3,1,ITI,CS-,54,0.07407407407407407,4,24,0.16666666666666666,Safety-like,Global off
PTSD,8,9,4,3,1,CS-,CS-,54,0.07407407407407407,4,24,0.16666666666666666,Safety-like,Global off
PTSD,8,14,4,3,2,ITI,ITI,54,0.07407407407407407,4,24,0.16666666666666666,Safety-like,Threat-like
PTSD,8,20,4,3,3,ITI,ITI,54,0.07407407407407407,3,24,0.125,Safety-like,Safety-like
PTSD,12,9,3,3,1,CS+,ITI,41,0.07317073170731707,3,24,0.125,Safety-like,Global off
PTSD,12,28,3,3,4,ITI,ITI,41,0.07317073170731707,3,24,0.125,Safety-like,Global on
PTSD,12,32,3,3,4,ITI,ITI,41,0.07317073170731707,3,24,0.125,Safety-like,Global on
PTSD,21,2,3,2,1,ITI,CS+,41,0.07317073170731707,3,24,0.125,Threat-like,Global off
PTSD,21,13,3,2,2,ITI,CS+,41,0.07317073170731707,3,24,0.125,Threat-like,Threat-like
PTSD,21,32,3,2,4,ITI,ITI,41,0.07317073170731707,3,24,0.125,Threat-like,Global on
PTSD,19,1,5,3,1,ITI,ITI,69,0.07246376811594203,5,24,0.20833333333333334,Safety-like,Global off
PTSD,19,17,5,3,1,ITI,ITI,69,0.07246376811594203,5,24,0.20833333333333334,Safety-like,Global off
PTSD,19,28,5,3,4,ITI,CS-,69,0.07246376811594203,5,24,0.20833333333333334,Safety-like,Global on
PTSD,1,13,14,1,2,ITI,CS-,196,0.07142857142857142,13,24,0.5416666666666666,Global off,Threat-like
PTSD,24,1,5,4,1,ITI,ITI,70,0.07142857142857142,5,24,0.20833333333333334,Global on,Global off
PTSD,24,10,5,4,1,CS+,CS-,70,0.07142857142857142,5,24,0.20833333333333334,Global on,Global off
PTSD,24,31,5,4,4,ITI,ITI,70,0.07142857142857142,3,24,0.125,Global on,Global on
PTSD,18,3,3,3,1,ITI,ITI,42,0.07142857142857142,3,24,0.125,Safety-like,Global off
PTSD,18,17,3,3,1,ITI,ITI,42,0.07142857142857142,3,24,0.125,Safety-like,Global off
PTSD,18,19,3,3,3,ITI,ITI,42,0.07142857142857142,3,24,0.125,Safety-like,Safety-like
PTSD,18,24,3,3,4,ITI,ITI,42,0.07142857142857142,3,24,0.125,Safety-like,Global on
PTSD,18,30,3,3,4,CS+,ITI,42,0.07142857142857142,3,24,0.125,Safety-like,Global on
PTSD,13,31,8,2,4,ITI,ITI,113,0.07079646017699115,8,24,0.3333333333333333,Threat-like,Global on
PTSD,5,2,6,1,1,ITI,ITI,85,0.07058823529411765,4,24,0.16666666666666666,Global off,Global off
PTSD,5,32,6,1,4,CS+,CS+,85,0.07058823529411765,4,24,0.16666666666666666,Global off,Global on
PTSD,14,1,5,2,1,ITI,ITI,71,0.07042253521126761,5,24,0.20833333333333334,Threat-like,Global off
PTSD,7,5,3,1,1,CS+,ITI,43,0.06976744186046512,3,24,0.125,Global off,Global off
PTSD,7,24,3,1,4,ITI,ITI,43,0.06976744186046512,3,24,0.125,Global off,Global on
PTSD,7,29,3,1,2,CS-,ITI,43,0.06976744186046512,3,24,0.125,Global off,Threat-like
PTSD,7,31,3,1,4,CS+,ITI,43,0.06976744186046512,3,24,0.125,Global off,Global on
PTSD,26,1,3,4,1,ITI,CS+,43,0.06976744186046512,3,24,0.125,Global on,Global off
PTSD,26,29,3,4,2,ITI,ITI,43,0.06976744186046512,3,24,0.125,Global on,Threat-like
PTSD,30,1,4,4,1,CS-,CS-,59,0.06779661016949153,4,24,0.16666666666666666,Global on,Global off
PTSD,30,13,4,4,2,CS+,CS+,59,0.06779661016949153,4,24,0.16666666666666666,Global on,Threat-like
PTSD,9,5,5,1,1,ITI,ITI,74,0.06756756756756757,4,24,0.16666666666666666,Global off,Global off
PTSD,9,13,5,1,2,ITI,CS+,74,0.06756756756756757,5,24,0.20833333333333334,Global off,Threat-like
PTSD,9,31,5,1,4,CS+,ITI,74,0.06756756756756757,5,24,0.20833333333333334,Global off,Global on
PTSD,29,9,8,2,1,ITI,CS+,120,0.06666666666666667,7,24,0.2916666666666667,Threat-like,Global off
PTSD,29,30,8,2,4,ITI,CS-,120,0.06666666666666667,8,24,0.3333333333333333,Threat-like,Global on
PTSD,16,13,6,4,2,CS-,CS-,90,0.06666666666666667,4,24,0.16666666666666666,Global on,Threat-like
PTSD,23,24,3,4,4,CS+,CS+,45,0.06666666666666667,3,24,0.125,Global on,Global on
PTSD,6,3,2,1,1,ITI,CS-,30,0.06666666666666667,2,24,0.08333333333333333,Global off,Global off
PTSD,6,7,2,1,1,CS-,CS-,30,0.06666666666666667,2,24,0.08333333333333333,Global off,Global off
PTSD,6,28,2,1,4,CS-,ITI,30,0.06666666666666667,2,24,0.08333333333333333,Global off,Global on
PTSD,6,32,2,1,4,CS+,ITI,30,0.06666666666666667,2,24,0.08333333333333333,Global off,Global on
PTSD,15,9,2,2,1,CS-,CS+,30,0.06666666666666667,2,24,0.08333333333333333,Threat-like,Global off
PTSD,15,23,2,2,4,CS-,ITI,30,0.06666666666666667,2,24,0.08333333333333333,Threat-like,Global on
PTSD,17,31,6,1,4,ITI,ITI,94,0.06382978723404255,4,24,0.16666666666666666,Global off,Global on
PTSD,20,28,8,3,4,ITI,ITI,128,0.0625,8,24,0.3333333333333333,Safety-like,Global on
PTSD,32,16,12,4,4,CS-,ITI,200,0.06,8,24,0.3333333333333333,Global on,Global on
PTSD,3,9,3,1,1,ITI,CS+,50,0.06,2,24,0.08333333333333333,Global off,Global off
PTSD,3,32,3,1,4,ITI,ITI,50,0.06,2,24,0.08333333333333333,Global off,Global on
PTSD,25,19,3,2,3,ITI,ITI,50,0.06,3,24,0.125,Threat-like,Safety-like
PTSD,25,27,3,2,4,ITI,ITI,50,0.06,3,24,0.125,Threat-like,Global on
PTSD,28,1,4,4,1,ITI,ITI,67,0.05970149253731343,2,24,0.08333333333333333,Global on,Global off
PTSD,28,2,4,4,1,CS-,CS-,67,0.05970149253731343,4,24,0.16666666666666666,Global on,Global off
PTSD,28,17,4,4,1,CS-,ITI,67,0.05970149253731343,3,24,0.125,Global on,Global off
PTSD,28,19,4,4,3,ITI,ITI,67,0.05970149253731343,3,24,0.125,Global on,Safety-like
PTSD,28,24,4,4,4,ITI,ITI,67,0.05970149253731343,3,24,0.125,Global on,Global on
PTSD,28,31,4,4,4,ITI,ITI,67,0.05970149253731343,4,24,0.16666666666666666,Global on,Global on
PTSD,5,14,5,1,2,CS+,CS+,85,0.058823529411764705,4,24,0.16666666666666666,Global off,Threat-like
PTSD,5,31,5,1,4,CS-,ITI,85,0.058823529411764705,5,24,0.20833333333333334,Global off,Global on
PTSD,11,4,1,1,3,CS+,ITI,17,0.058823529411764705,1,24,0.041666666666666664,Global off,Safety-like
PTSD,11,7,1,1,1,ITI,CS+,17,0.058823529411764705,1,24,0.041666666666666664,Global off,Global off
PTSD,11,13,1,1,2,CS+,ITI,17,0.058823529411764705,1,24,0.041666666666666664,Global off,Threat-like
PTSD,11,17,1,1,1,ITI,ITI,17,0.058823529411764705,1,24,0.041666666666666664,Global off,Global off
PTSD,11,18,1,1,3,CS+,CS+,17,0.058823529411764705,1,24,0.041666666666666664,Global off,Safety-like
PTSD,11,19,1,1,3,ITI,ITI,17,0.058823529411764705,1,24,0.041666666666666664,Global off,Safety-like
PTSD,11,20,1,1,3,ITI,ITI,17,0.058823529411764705,1,24,0.041666666666666664,Global off,Safety-like
PTSD,11,25,1,1,2,CS-,CS-,17,0.058823529411764705,1,24,0.041666666666666664,Global off,Threat-like
PTSD,11,29,1,1,2,CS-,CS-,17,0.058823529411764705,1,24,0.041666666666666664,Global off,Threat-like
PTSD,11,31,1,1,4,CS+,ITI,17,0.058823529411764705,1,24,0.041666666666666664,Global off,Global on
PTSD,29,1,7,2,1,ITI,ITI,120,0.058333333333333334,7,24,0.2916666666666667,Threat-like,Global off
PTSD,24,16,4,4,4,ITI,CS-,70,0.05714285714285714,3,24,0.125,Global on,Global on
PTSD,24,20,4,4,3,CS+,CS+,70,0.05714285714285714,4,24,0.16666666666666666,Global on,Safety-like
PTSD,14,17,4,2,1,ITI,ITI,71,0.056338028169014086,3,24,0.125,Threat-like,Global off
PTSD,14,29,4,2,2,ITI,CS+,71,0.056338028169014086,4,24,0.16666666666666666,Threat-like,Threat-like
PTSD,31,25,6,4,2,ITI,CS+,108,0.05555555555555555,5,24,0.20833333333333334,Global on,Threat-like
PTSD,31,26,6,4,4,ITI,ITI,108,0.05555555555555555,5,24,0.20833333333333334,Global on,Global on
PTSD,16,8,5,4,3,ITI,ITI,90,0.05555555555555555,5,24,0.20833333333333334,Global on,Safety-like
PTSD,16,14,5,4,2,ITI,CS+,90,0.05555555555555555,5,24,0.20833333333333334,Global on,Threat-like
PTSD,16,30,5,4,4,ITI,ITI,90,0.05555555555555555,5,24,0.20833333333333334,Global on,Global on
PTSD,32,29,11,4,2,ITI,ITI,200,0.055,9,24,0.375,Global on,Threat-like
PTSD,20,17,7,3,1,ITI,CS-,128,0.0546875,6,24,0.25,Safety-like,Global off
PTSD,20,19,7,3,3,ITI,ITI,128,0.0546875,7,24,0.2916666666666667,Safety-like,Safety-like
PTSD,20,24,7,3,4,ITI,CS-,128,0.0546875,6,24,0.25,Safety-like,Global on
PTSD,9,2,4,1,1,CS+,ITI,74,0.05405405405405406,4,24,0.16666666666666666,Global off,Global off
PTSD,9,19,4,1,3,ITI,ITI,74,0.05405405405405406,3,24,0.125,Global off,Safety-like
PTSD,9,26,4,1,4,CS+,ITI,74,0.05405405405405406,4,24,0.16666666666666666,Global off,Global on
PTSD,17,20,5,1,3,ITI,ITI,94,0.05319148936170213,5,24,0.20833333333333334,Global off,Safety-like
PTSD,17,29,5,1,2,ITI,ITI,94,0.05319148936170213,4,24,0.16666666666666666,Global off,Threat-like
PTSD,2,20,6,1,3,CS+,ITI,114,0.05263157894736842,6,24,0.25,Global off,Safety-like
PTSD,2,24,6,1,4,ITI,ITI,114,0.05263157894736842,5,24,0.20833333333333334,Global off,Global on
PTSD,4,9,5,3,1,CS+,ITI,95,0.05263157894736842,4,24,0.16666666666666666,Safety-like,Global off
PTSD,4,17,5,3,1,ITI,ITI,95,0.05263157894736842,4,24,0.16666666666666666,Safety-like,Global off
PTSD,4,29,5,3,2,CS+,ITI,95,0.05263157894736842,4,24,0.16666666666666666,Safety-like,Threat-like
PTSD,10,3,2,1,1,CS-,ITI,38,0.05263157894736842,2,24,0.08333333333333333,Global off,Global off
PTSD,10,4,2,1,3,CS+,CS+,38,0.05263157894736842,2,24,0.08333333333333333,Global off,Safety-like
PTSD,10,14,2,1,2,CS+,ITI,38,0.05263157894736842,2,24,0.08333333333333333,Global off,Threat-like
PTSD,10,16,2,1,4,ITI,CS+,38,0.05263157894736842,2,24,0.08333333333333333,Global off,Global on
PTSD,10,17,2,1,1,CS+,ITI,38,0.05263157894736842,2,24,0.08333333333333333,Global off,Global off
PTSD,10,29,2,1,2,CS+,CS+,38,0.05263157894736842,2,24,0.08333333333333333,Global off,Threat-like
PTSD,10,30,2,1,4,CS-,CS-,38,0.05263157894736842,2,24,0.08333333333333333,Global off,Global on
PTSD,27,2,2,4,1,CS+,CS+,38,0.05263157894736842,2,24,0.08333333333333333,Global on,Global off
PTSD,27,10,2,4,1,ITI,ITI,38,0.05263157894736842,2,24,0.08333333333333333,Global on,Global off
PTSD,27,24,2,4,4,CS+,CS+,38,0.05263157894736842,2,24,0.08333333333333333,Global on,Global on
PTSD,27,28,2,4,4,ITI,ITI,38,0.05263157894736842,2,24,0.08333333333333333,Global on,Global on
PTSD,1,14,10,1,2,ITI,ITI,196,0.05102040816326531,9,24,0.375,Global off,Threat-like
PTSD,1,17,10,1,1,ITI,ITI,196,0.05102040816326531,6,24,0.25,Global off,Global off
PTSD,30,2,3,4,1,CS+,ITI,59,0.05084745762711865,2,24,0.08333333333333333,Global on,Global off
PTSD,30,5,3,4,1,CS-,ITI,59,0.05084745762711865,3,24,0.125,Global on,Global off
PTSD,32,30,10,4,4,CS-,CS-,200,0.05,9,24,0.375,Global on,Global on
PTSD,29,5,6,2,1,CS+,ITI,120,0.05,5,24,0.20833333333333334,Threat-like,Global off
PTSD,29,13,6,2,2,CS+,ITI,120,0.05,5,24,0.20833333333333334,Threat-like,Threat-like
PTSD,29,14,6,2,2,ITI,CS+,120,0.05,6,24,0.25,Threat-like,Threat-like
PTSD,29,17,6,2,1,ITI,ITI,120,0.05,5,24,0.20833333333333334,Threat-like,Global off
PTSD,12,5,2,3,1,CS-,CS-,41,0.04878048780487805,1,24,0.041666666666666664,Safety-like,Global off
PTSD,12,13,2,3,2,CS-,CS-,41,0.04878048780487805,2,24,0.08333333333333333,Safety-like,Threat-like
PTSD,12,18,2,3,3,CS+,CS+,41,0.04878048780487805,2,24,0.08333333333333333,Safety-like,Safety-like
PTSD,21,3,2,2,1,CS-,ITI,41,0.04878048780487805,2,24,0.08333333333333333,Threat-like,Global off
PTSD,21,7,2,2,1,ITI,CS-,41,0.04878048780487805,1,24,0.041666666666666664,Threat-like,Global off
PTSD,21,19,2,2,3,CS-,ITI,41,0.04878048780487805,2,24,0.08333333333333333,Threat-like,Safety-like
PTSD,21,24,2,2,4,CS-,ITI,41,0.04878048780487805,2,24,0.08333333333333333,Threat-like,Global on
PTSD,21,27,2,2,4,CS-,CS-,41,0.04878048780487805,2,24,0.08333333333333333,Threat-like,Global on
PTSD,21,31,2,2,4,CS+,ITI,41,0.04878048780487805,2,24,0.08333333333333333,Threat-like,Global on
PTSD,18,2,2,3,1,ITI,CS+,42,0.047619047619047616,2,24,0.08333333333333333,Safety-like,Global off
PTSD,18,4,2,3,3,ITI,ITI,42,0.047619047619047616,1,24,0.041666666666666664,Safety-like,Safety-like
PTSD,5,4,4,1,3,CS+,ITI,85,0.047058823529411764,4,24,0.16666666666666666,Global off,Safety-like
PTSD,20,8,6,3,3,ITI,ITI,128,0.046875,5,24,0.20833333333333334,Safety-like,Safety-like
PTSD,20,13,6,3,2,ITI,CS+,128,0.046875,5,24,0.20833333333333334,Safety-like,Threat-like
PTSD,20,26,6,3,4,ITI,ITI,128,0.046875,5,24,0.20833333333333334,Safety-like,Global on
PTSD,20,27,6,3,4,ITI,ITI,128,0.046875,5,24,0.20833333333333334,Safety-like,Global on
PTSD,7,2,2,1,1,ITI,CS+,43,0.046511627906976744,2,24,0.08333333333333333,Global off,Global off
PTSD,7,3,2,1,1,CS-,CS-,43,0.046511627906976744,1,24,0.041666666666666664,Global off,Global off
PTSD,7,4,2,1,3,CS+,CS-,43,0.046511627906976744,2,24,0.08333333333333333,Global off,Safety-like
PTSD,7,8,2,1,3,ITI,ITI,43,0.046511627906976744,2,24,0.08333333333333333,Global off,Safety-like
PTSD,7,13,2,1,2,ITI,CS-,43,0.046511627906976744,2,24,0.08333333333333333,Global off,Threat-like
PTSD,26,13,2,4,2,ITI,CS+,43,0.046511627906976744,2,24,0.08333333333333333,Global on,Threat-like
PTSD,26,14,2,4,2,CS+,ITI,43,0.046511627906976744,2,24,0.08333333333333333,Global on,Threat-like
PTSD,26,18,2,4,3,CS-,CS-,43,0.046511627906976744,2,24,0.08333333333333333,Global on,Safety-like
PTSD,26,19,2,4,3,CS-,ITI,43,0.046511627906976744,2,24,0.08333333333333333,Global on,Safety-like
PTSD,26,30,2,4,4,ITI,ITI,43,0.046511627906976744,2,24,0.08333333333333333,Global on,Global on
PTSD,26,32,2,4,4,CS+,CS-,43,0.046511627906976744,2,24,0.08333333333333333,Global on,Global on
PTSD,31,23,5,4,4,CS+,ITI,108,0.046296296296296294,4,24,0.16666666666666666,Global on,Global on
PTSD,31,24,5,4,4,ITI,CS-,108,0.046296296296296294,4,24,0.16666666666666666,Global on,Global on
PTSD,1,4,9,1,3,ITI,ITI,196,0.04591836734693878,9,24,0.375,Global off,Safety-like
PTSD,1,8,9,1,3,ITI,ITI,196,0.04591836734693878,9,24,0.375,Global off,Safety-like
PTSD,1,16,9,1,4,ITI,ITI,196,0.04591836734693878,7,24,0.2916666666666667,Global off,Global on
PTSD,1,32,9,1,4,ITI,CS-,196,0.04591836734693878,8,24,0.3333333333333333,Global off,Global on
PTSD,32,13,9,4,2,CS+,ITI,200,0.045,8,24,0.3333333333333333,Global on,Threat-like
PTSD,28,3,3,4,1,ITI,ITI,67,0.04477611940298507,3,24,0.125,Global on,Global off
PTSD,28,20,3,4,3,ITI,ITI,67,0.04477611940298507,3,24,0.125,Global on,Safety-like
PTSD,28,30,3,4,4,CS-,CS-,67,0.04477611940298507,3,24,0.125,Global on,Global on
PTSD,16,20,4,4,3,CS-,ITI,90,0.044444444444444446,4,24,0.16666666666666666,Global on,Safety-like
PTSD,16,31,4,4,4,ITI,ITI,90,0.044444444444444446,4,24,0.16666666666666666,Global on,Global on
PTSD,23,1,2,4,1,ITI,ITI,45,0.044444444444444446,2,24,0.08333333333333333,Global on,Global off
PTSD,23,3,2,4,1,ITI,ITI,45,0.044444444444444446,2,24,0.08333333333333333,Global on,Global off
PTSD,23,4,2,4,3,ITI,CS+,45,0.044444444444444446,2,24,0.08333333333333333,Global on,Safety-like
PTSD,23,12,2,4,3,CS-,ITI,45,0.044444444444444446,1,24,0.041666666666666664,Global on,Safety-like
PTSD,23,16,2,4,4,ITI,ITI,45,0.044444444444444446,2,24,0.08333333333333333,Global on,Global on
PTSD,23,21,2,4,2,ITI,CS+,45,0.044444444444444446,2,24,0.08333333333333333,Global on,Threat-like
PTSD,23,28,2,4,4,ITI,ITI,45,0.044444444444444446,2,24,0.08333333333333333,Global on,Global on
PTSD,23,29,2,4,2,CS-,CS-,45,0.044444444444444446,2,24,0.08333333333333333,Global on,Threat-like
PTSD,23,30,2,4,4,CS-,ITI,45,0.044444444444444446,2,24,0.08333333333333333,Global on,Global on
PTSD,13,2,5,2,1,CS+,ITI,113,0.04424778761061947,5,24,0.20833333333333334,Threat-like,Global off
PTSD,13,4,5,2,3,CS+,ITI,113,0.04424778761061947,5,24,0.20833333333333334,Threat-like,Safety-like
PTSD,13,8,5,2,3,ITI,ITI,113,0.04424778761061947,5,24,0.20833333333333334,Threat-like,Safety-like
PTSD,13,9,5,2,1,CS+,CS+,113,0.04424778761061947,5,24,0.20833333333333334,Threat-like,Global off
PTSD,24,4,3,4,3,ITI,ITI,70,0.04285714285714286,3,24,0.125,Global on,Safety-like
PTSD,24,19,3,4,3,CS+,ITI,70,0.04285714285714286,3,24,0.125,Global on,Safety-like
PTSD,24,21,3,4,2,CS-,ITI,70,0.04285714285714286,3,24,0.125,Global on,Threat-like
PTSD,17,12,4,1,3,ITI,CS+,94,0.0425531914893617,3,24,0.125,Global off,Safety-like
PTSD,14,3,3,2,1,CS+,ITI,71,0.04225352112676056,3,24,0.125,Threat-like,Global off
PTSD,14,5,3,2,1,CS+,CS+,71,0.04225352112676056,3,24,0.125,Threat-like,Global off
PTSD,14,9,3,2,1,ITI,ITI,71,0.04225352112676056,3,24,0.125,Threat-like,Global off
PTSD,14,31,3,2,4,CS+,ITI,71,0.04225352112676056,3,24,0.125,Threat-like,Global on
PTSD,4,8,4,3,3,CS-,ITI,95,0.042105263157894736,4,24,0.16666666666666666,Safety-like,Safety-like
PTSD,29,15,5,2,2,ITI,CS-,120,0.041666666666666664,3,24,0.125,Threat-like,Threat-like
PTSD,29,24,5,2,4,ITI,ITI,120,0.041666666666666664,5,24,0.20833333333333334,Threat-like,Global on
PTSD,1,9,8,1,1,ITI,CS+,196,0.04081632653061224,6,24,0.25,Global off,Global off
PTSD,1,21,8,1,2,ITI,ITI,196,0.04081632653061224,6,24,0.25,Global off,Threat-like
PTSD,1,25,8,1,2,ITI,ITI,196,0.04081632653061224,7,24,0.2916666666666667,Global off,Threat-like
PTSD,9,10,3,1,1,CS+,CS+,74,0.04054054054054054,3,24,0.125,Global off,Global off
PTSD,9,14,3,1,2,ITI,ITI,74,0.04054054054054054,3,24,0.125,Global off,Threat-like
PTSD,9,16,3,1,4,CS+,ITI,74,0.04054054054054054,3,24,0.125,Global off,Global on
PTSD,9,29,3,1,2,CS+,CS+,74,0.04054054054054054,3,24,0.125,Global off,Threat-like
PTSD,32,4,8,4,3,ITI,ITI,200,0.04,5,24,0.20833333333333334,Global on,Safety-like
PTSD,32,24,8,4,4,CS+,ITI,200,0.04,7,24,0.2916666666666667,Global on,Global on
PTSD,3,2,2,1,1,CS-,CS-,50,0.04,2,24,0.08333333333333333,Global off,Global off
PTSD,3,5,2,1,1,ITI,CS-,50,0.04,2,24,0.08333333333333333,Global off,Global off
PTSD,3,7,2,1,1,CS+,CS-,50,0.04,2,24,0.08333333333333333,Global off,Global off
PTSD,3,13,2,1,2,CS+,CS+,50,0.04,2,24,0.08333333333333333,Global off,Threat-like
PTSD,3,14,2,1,2,ITI,ITI,50,0.04,2,24,0.08333333333333333,Global off,Threat-like
PTSD,3,17,2,1,1,CS+,CS+,50,0.04,2,24,0.08333333333333333,Global off,Global off
PTSD,3,23,2,1,4,CS-,ITI,50,0.04,2,24,0.08333333333333333,Global off,Global on
PTSD,3,28,2,1,4,ITI,CS-,50,0.04,2,24,0.08333333333333333,Global off,Global on
PTSD,25,2,2,2,1,CS+,CS+,50,0.04,2,24,0.08333333333333333,Threat-like,Global off
PTSD,25,5,2,2,1,CS+,CS+,50,0.04,2,24,0.08333333333333333,Threat-like,Global off
PTSD,25,32,2,2,4,CS+,CS+,50,0.04,2,24,0.08333333333333333,Threat-like,Global on
PTSD,20,1,5,3,1,CS-,CS-,128,0.0390625,5,24,0.20833333333333334,Safety-like,Global off
PTSD,31,4,4,4,3,CS+,ITI,108,0.037037037037037035,3,24,0.125,Global on,Safety-like
PTSD,31,12,4,4,3,ITI,ITI,108,0.037037037037037035,4,24,0.16666666666666666,Global on,Safety-like
PTSD,31,13,4,4,2,CS+,CS+,108,0.037037037037037035,4,24,0.16666666666666666,Global on,Threat-like
PTSD,31,17,4,4,1,CS-,ITI,108,0.037037037037037035,4,24,0.16666666666666666,Global on,Global off
PTSD,31,20,4,4,3,ITI,ITI,108,0.037037037037037035,4,24,0.16666666666666666,Global on,Safety-like
PTSD,31,30,4,4,4,ITI,CS-,108,0.037037037037037035,4,24,0.16666666666666666,Global on,Global on
PTSD,8,1,2,3,1,ITI,CS-,54,0.037037037037037035,1,24,0.041666666666666664,Safety-like,Global off
PTSD,8,4,2,3,3,ITI,CS-,54,0.037037037037037035,2,24,0.08333333333333333,Safety-like,Safety-like
PTSD,8,6,2,3,1,ITI,CS-,54,0.037037037037037035,2,24,0.08333333333333333,Safety-like,Global off
PTSD,8,16,2,3,4,CS+,CS+,54,0.037037037037037035,2,24,0.08333333333333333,Safety-like,Global on
PTSD,8,24,2,3,4,ITI,ITI,54,0.037037037037037035,2,24,0.08333333333333333,Safety-like,Global on
PTSD,8,29,2,3,2,ITI,CS+,54,0.037037037037037035,2,24,0.08333333333333333,Safety-like,Threat-like
PTSD,8,30,2,3,4,ITI,ITI,54,0.037037037037037035,2,24,0.08333333333333333,Safety-like,Global on
PTSD,8,31,2,3,4,ITI,ITI,54,0.037037037037037035,2,24,0.08333333333333333,Safety-like,Global on
PTSD,1,6,7,1,1,ITI,ITI,196,0.03571428571428571,6,24,0.25,Global off,Global off
PTSD,1,7,7,1,1,ITI,ITI,196,0.03571428571428571,5,24,0.20833333333333334,Global off,Global off
PTSD,13,7,4,2,1,CS+,ITI,113,0.035398230088495575,4,24,0.16666666666666666,Threat-like,Global off
PTSD,13,14,4,2,2,ITI,CS+,113,0.035398230088495575,4,24,0.16666666666666666,Threat-like,Threat-like
PTSD,13,15,4,2,2,ITI,CS-,113,0.035398230088495575,4,24,0.16666666666666666,Threat-like,Threat-like
PTSD,13,17,4,2,1,CS-,ITI,113,0.035398230088495575,4,24,0.16666666666666666,Threat-like,Global off
PTSD,5,3,3,1,1,ITI,ITI,85,0.03529411764705882,3,24,0.125,Global off,Global off
PTSD,5,16,3,1,4,ITI,ITI,85,0.03529411764705882,2,24,0.08333333333333333,Global off,Global on
PTSD,5,19,3,1,3,CS+,ITI,85,0.03529411764705882,3,24,0.125,Global off,Safety-like
PTSD,5,30,3,1,4,CS-,CS-,85,0.03529411764705882,3,24,0.125,Global off,Global on
PTSD,2,3,4,1,1,ITI,ITI,114,0.03508771929824561,4,24,0.16666666666666666,Global off,Global off
PTSD,2,5,4,1,1,CS+,CS+,114,0.03508771929824561,4,24,0.16666666666666666,Global off,Global off
PTSD,2,6,4,1,1,ITI,ITI,114,0.03508771929824561,4,24,0.16666666666666666,Global off,Global off
PTSD,2,12,4,1,3,ITI,ITI,114,0.03508771929824561,3,24,0.125,Global off,Safety-like
PTSD,2,13,4,1,2,CS+,CS+,114,0.03508771929824561,4,24,0.16666666666666666,Global off,Threat-like
PTSD,2,17,4,1,1,CS-,ITI,114,0.03508771929824561,3,24,0.125,Global off,Global off
PTSD,2,30,4,1,4,ITI,ITI,114,0.03508771929824561,4,24,0.16666666666666666,Global off,Global on
PTSD,2,31,4,1,4,ITI,ITI,114,0.03508771929824561,4,24,0.16666666666666666,Global off,Global on
PTSD,2,32,4,1,4,ITI,ITI,114,0.03508771929824561,4,24,0.16666666666666666,Global off,Global on
PTSD,32,1,7,4,1,ITI,ITI,200,0.035,5,24,0.20833333333333334,Global on,Global off
PTSD,32,2,7,4,1,CS+,ITI,200,0.035,7,24,0.2916666666666667,Global on,Global off
PTSD,32,17,7,4,1,ITI,ITI,200,0.035,7,24,0.2916666666666667,Global on,Global off
PTSD,32,18,7,4,3,CS+,ITI,200,0.035,6,24,0.25,Global on,Safety-like
PTSD,32,27,7,4,4,ITI,ITI,200,0.035,7,24,0.2916666666666667,Global on,Global on
PTSD,30,14,2,4,2,CS-,CS-,59,0.03389830508474576,2,24,0.08333333333333333,Global on,Threat-like
PTSD,30,16,2,4,4,CS+,CS+,59,0.03389830508474576,2,24,0.08333333333333333,Global on,Global on
PTSD,30,17,2,4,1,CS+,ITI,59,0.03389830508474576,2,24,0.08333333333333333,Global on,Global off
PTSD,30,18,2,4,3,CS-,ITI,59,0.03389830508474576,1,24,0.041666666666666664,Global on,Safety-like
PTSD,30,20,2,4,3,CS-,ITI,59,0.03389830508474576,2,24,0.08333333333333333,Global on,Safety-like
PTSD,30,24,2,4,4,CS+,CS+,59,0.03389830508474576,2,24,0.08333333333333333,Global on,Global on
PTSD,30,25,2,4,2,ITI,CS+,59,0.03389830508474576,2,24,0.08333333333333333,Global on,Threat-like
PTSD,30,27,2,4,4,CS-,CS-,59,0.03389830508474576,2,24,0.08333333333333333,Global on,Global on
PTSD,30,28,2,4,4,CS-,ITI,59,0.03389830508474576,2,24,0.08333333333333333,Global on,Global on
PTSD,29,4,4,2,3,CS+,ITI,120,0.03333333333333333,4,24,0.16666666666666666,Threat-like,Safety-like
PTSD,29,10,4,2,1,ITI,CS-,120,0.03333333333333333,4,24,0.16666666666666666,Threat-like,Global off
PTSD,29,20,4,2,3,ITI,CS+,120,0.03333333333333333,4,24,0.16666666666666666,Threat-like,Safety-like
PTSD,29,21,4,2,2,ITI,CS-,120,0.03333333333333333,4,24,0.16666666666666666,Threat-like,Threat-like
PTSD,29,25,4,2,2,CS-,ITI,120,0.03333333333333333,4,24,0.16666666666666666,Threat-like,Threat-like
PTSD,16,2,3,4,1,CS+,ITI,90,0.03333333333333333,3,24,0.125,Global on,Global off
PTSD,16,4,3,4,3,ITI,ITI,90,0.03333333333333333,3,24,0.125,Global on,Safety-like
PTSD,16,23,3,4,4,CS-,ITI,90,0.03333333333333333,3,24,0.125,Global on,Global on
PTSD,16,25,3,4,2,CS+,CS+,90,0.03333333333333333,2,24,0.08333333333333333,Global on,Threat-like
PTSD,6,1,1,1,1,ITI,ITI,30,0.03333333333333333,1,24,0.041666666666666664,Global off,Global off
PTSD,6,4,1,1,3,ITI,ITI,30,0.03333333333333333,1,24,0.041666666666666664,Global off,Safety-like
PTSD,6,9,1,1,1,CS+,ITI,30,0.03333333333333333,1,24,0.041666666666666664,Global off,Global off
PTSD,6,10,1,1,1,ITI,CS+,30,0.03333333333333333,1,24,0.041666666666666664,Global off,Global off
PTSD,6,14,1,1,2,CS-,ITI,30,0.03333333333333333,1,24,0.041666666666666664,Global off,Threat-like
PTSD,6,20,1,1,3,CS-,ITI,30,0.03333333333333333,1,24,0.041666666666666664,Global off,Safety-like
PTSD,6,26,1,1,4,CS+,CS+,30,0.03333333333333333,1,24,0.041666666666666664,Global off,Global on
PTSD,6,29,1,1,2,CS+,CS+,30,0.03333333333333333,1,24,0.041666666666666664,Global off,Threat-like
PTSD,15,2,1,2,1,ITI,ITI,30,0.03333333333333333,1,24,0.041666666666666664,Threat-like,Global off
PTSD,15,3,1,2,1,ITI,CS-,30,0.03333333333333333,1,24,0.041666666666666664,Threat-like,Global off
PTSD,15,4,1,2,3,ITI,ITI,30,0.03333333333333333,1,24,0.041666666666666664,Threat-like,Safety-like
PTSD,15,11,1,2,1,ITI,CS-,30,0.03333333333333333,1,24,0.041666666666666664,Threat-like,Global off
PTSD,15,13,1,2,2,CS+,CS+,30,0.03333333333333333,1,24,0.041666666666666664,Threat-like,Threat-like
PTSD,15,16,1,2,4,ITI,ITI,30,0.03333333333333333,1,24,0.041666666666666664,Threat-like,Global on
PTSD,15,17,1,2,1,CS-,CS-,30,0.03333333333333333,1,24,0.041666666666666664,Threat-like,Global off
PTSD,15,19,1,2,3,ITI,ITI,30,0.03333333333333333,1,24,0.041666666666666664,Threat-like,Safety-like
PTSD,15,20,1,2,3,CS+,ITI,30,0.03333333333333333,1,24,0.041666666666666664,Threat-like,Safety-like
PTSD,15,24,1,2,4,ITI,CS-,30,0.03333333333333333,1,24,0.041666666666666664,Threat-like,Global on
PTSD,15,28,1,2,4,CS+,ITI,30,0.03333333333333333,1,24,0.041666666666666664,Threat-like,Global on
PTSD,15,30,1,2,4,CS+,CS+,30,0.03333333333333333,1,24,0.041666666666666664,Threat-like,Global on
PTSD,15,32,1,2,4,ITI,ITI,30,0.03333333333333333,1,24,0.041666666666666664,Threat-like,Global on
PTSD,17,3,3,1,1,ITI,ITI,94,0.031914893617021274,3,24,0.125,Global off,Global off
PTSD,17,18,3,1,3,ITI,ITI,94,0.031914893617021274,3,24,0.125,Global off,Safety-like
PTSD,17,23,3,1,4,ITI,ITI,94,0.031914893617021274,3,24,0.125,Global off,Global on
PTSD,17,26,3,1,4,ITI,ITI,94,0.031914893617021274,3,24,0.125,Global off,Global on
PTSD,17,28,3,1,4,ITI,ITI,94,0.031914893617021274,3,24,0.125,Global off,Global on
PTSD,4,3,3,3,1,ITI,ITI,95,0.031578947368421054,3,24,0.125,Safety-like,Global off
PTSD,4,5,3,3,1,CS+,CS+,95,0.031578947368421054,2,24,0.08333333333333333,Safety-like,Global off
PTSD,4,12,3,3,3,ITI,ITI,95,0.031578947368421054,3,24,0.125,Safety-like,Safety-like
PTSD,4,13,3,3,2,ITI,CS+,95,0.031578947368421054,3,24,0.125,Safety-like,Threat-like
PTSD,4,16,3,3,4,ITI,CS+,95,0.031578947368421054,3,24,0.125,Safety-like,Global on
PTSD,4,23,3,3,4,ITI,ITI,95,0.031578947368421054,3,24,0.125,Safety-like,Global on
PTSD,4,32,3,3,4,ITI,CS+,95,0.031578947368421054,3,24,0.125,Safety-like,Global on
PTSD,20,2,4,3,1,CS+,CS+,128,0.03125,4,24,0.16666666666666666,Safety-like,Global off
PTSD,20,9,4,3,1,CS+,CS+,128,0.03125,3,24,0.125,Safety-like,Global off
PTSD,20,16,4,3,4,ITI,ITI,128,0.03125,3,24,0.125,Safety-like,Global on
PTSD,20,21,4,3,2,ITI,CS+,128,0.03125,4,24,0.16666666666666666,Safety-like,Threat-like
PTSD,20,23,4,3,4,ITI,ITI,128,0.03125,3,24,0.125,Safety-like,Global on
PTSD,20,30,4,3,4,ITI,ITI,128,0.03125,4,24,0.16666666666666666,Safety-like,Global on
PTSD,1,29,6,1,2,ITI,ITI,196,0.030612244897959183,5,24,0.20833333333333334,Global off,Threat-like
PTSD,32,8,6,4,3,ITI,ITI,200,0.03,6,24,0.25,Global on,Safety-like
PTSD,32,9,6,4,1,CS+,ITI,200,0.03,5,24,0.20833333333333334,Global on,Global off
PTSD,32,14,6,4,2,CS-,CS+,200,0.03,6,24,0.25,Global on,Threat-like
PTSD,32,25,6,4,2,ITI,ITI,200,0.03,5,24,0.20833333333333334,Global on,Threat-like
PTSD,28,9,2,4,1,CS-,CS-,67,0.029850746268656716,2,24,0.08333333333333333,Global on,Global off
PTSD,28,10,2,4,1,ITI,CS+,67,0.029850746268656716,2,24,0.08333333333333333,Global on,Global off
PTSD,28,14,2,4,2,CS-,CS-,67,0.029850746268656716,2,24,0.08333333333333333,Global on,Threat-like
PTSD,28,23,2,4,4,ITI,ITI,67,0.029850746268656716,2,24,0.08333333333333333,Global on,Global on
PTSD,28,26,2,4,4,CS+,ITI,67,0.029850746268656716,2,24,0.08333333333333333,Global on,Global on
PTSD,19,2,2,3,1,ITI,CS-,69,0.028985507246376812,2,24,0.08333333333333333,Safety-like,Global off
PTSD,19,13,2,3,2,CS-,ITI,69,0.028985507246376812,1,24,0.041666666666666664,Safety-like,Threat-like
PTSD,19,18,2,3,3,ITI,ITI,69,0.028985507246376812,2,24,0.08333333333333333,Safety-like,Safety-like
PTSD,19,23,2,3,4,CS-,CS-,69,0.028985507246376812,2,24,0.08333333333333333,Safety-like,Global on
PTSD,19,24,2,3,4,CS-,CS-,69,0.028985507246376812,2,24,0.08333333333333333,Safety-like,Global on
PTSD,19,25,2,3,2,ITI,CS-,69,0.028985507246376812,2,24,0.08333333333333333,Safety-like,Threat-like
PTSD,19,31,2,3,4,ITI,CS-,69,0.028985507246376812,1,24,0.041666666666666664,Safety-like,Global on
PTSD,24,12,2,4,3,CS-,ITI,70,0.02857142857142857,2,24,0.08333333333333333,Global on,Safety-like
PTSD,24,15,2,4,2,ITI,CS-,70,0.02857142857142857,2,24,0.08333333333333333,Global on,Threat-like
PTSD,24,18,2,4,3,ITI,CS+,70,0.02857142857142857,2,24,0.08333333333333333,Global on,Safety-like
PTSD,24,25,2,4,2,CS+,ITI,70,0.02857142857142857,2,24,0.08333333333333333,Global on,Threat-like
PTSD,24,29,2,4,2,CS-,ITI,70,0.02857142857142857,2,24,0.08333333333333333,Global on,Threat-like
PTSD,14,4,2,2,3,ITI,ITI,71,0.028169014084507043,2,24,0.08333333333333333,Threat-like,Safety-like
PTSD,14,6,2,2,1,ITI,CS+,71,0.028169014084507043,2,24,0.08333333333333333,Threat-like,Global off
PTSD,14,10,2,2,1,CS+,ITI,71,0.028169014084507043,2,24,0.08333333333333333,Threat-like,Global off
PTSD,14,21,2,2,2,CS+,ITI,71,0.028169014084507043,2,24,0.08333333333333333,Threat-like,Threat-like
PTSD,31,6,3,4,1,CS-,ITI,108,0.027777777777777776,3,24,0.125,Global on,Global off
PTSD,31,16,3,4,4,ITI,CS+,108,0.027777777777777776,2,24,0.08333333333333333,Global on,Global on
PTSD,31,19,3,4,3,ITI,CS-,108,0.027777777777777776,3,24,0.125,Global on,Safety-like
PTSD,31,28,3,4,4,ITI,ITI,108,0.027777777777777776,3,24,0.125,Global on,Global on
PTSD,9,4,2,1,3,CS-,CS-,74,0.02702702702702703,2,24,0.08333333333333333,Global off,Safety-like
PTSD,9,8,2,1,3,CS+,ITI,74,0.02702702702702703,2,24,0.08333333333333333,Global off,Safety-like
PTSD,9,15,2,1,2,CS+,CS+,74,0.02702702702702703,2,24,0.08333333333333333,Global off,Threat-like
PTSD,9,21,2,1,2,CS+,ITI,74,0.02702702702702703,2,24,0.08333333333333333,Global off,Threat-like
PTSD,9,32,2,1,4,ITI,ITI,74,0.02702702702702703,2,24,0.08333333333333333,Global off,Global on
PTSD,13,3,3,2,1,CS-,CS+,113,0.02654867256637168,3,24,0.125,Threat-like,Global off
PTSD,13,6,3,2,1,CS+,ITI,113,0.02654867256637168,2,24,0.08333333333333333,Threat-like,Global off
PTSD,13,16,3,2,4,CS+,ITI,113,0.02654867256637168,3,24,0.125,Threat-like,Global on
PTSD,13,23,3,2,4,ITI,ITI,113,0.02654867256637168,3,24,0.125,Threat-like,Global on
PTSD,2,10,3,1,1,CS+,CS+,114,0.02631578947368421,3,24,0.125,Global off,Global off
PTSD,2,14,3,1,2,ITI,CS+,114,0.02631578947368421,3,24,0.125,Global off,Threat-like
PTSD,2,16,3,1,4,CS+,ITI,114,0.02631578947368421,3,24,0.125,Global off,Global on
PTSD,2,23,3,1,4,CS+,ITI,114,0.02631578947368421,3,24,0.125,Global off,Global on
PTSD,10,5,1,1,1,CS-,CS-,38,0.02631578947368421,1,24,0.041666666666666664,Global off,Global off
PTSD,10,6,1,1,1,CS+,CS+,38,0.02631578947368421,1,24,0.041666666666666664,Global off,Global off
PTSD,10,8,1,1,3,CS+,CS+,38,0.02631578947368421,1,24,0.041666666666666664,Global off,Safety-like
PTSD,10,13,1,1,2,CS+,ITI,38,0.02631578947368421,1,24,0.041666666666666664,Global off,Threat-like
PTSD,10,23,1,1,4,ITI,ITI,38,0.02631578947368421,1,24,0.041666666666666664,Global off,Global on
PTSD,10,24,1,1,4,CS-,CS-,38,0.02631578947368421,1,24,0.041666666666666664,Global off,Global on
PTSD,10,28,1,1,4,ITI,ITI,38,0.02631578947368421,1,24,0.041666666666666664,Global off,Global on
PTSD,10,31,1,1,4,ITI,ITI,38,0.02631578947368421,1,24,0.041666666666666664,Global off,Global on
PTSD,10,32,1,1,4,CS+,CS+,38,0.02631578947368421,1,24,0.041666666666666664,Global off,Global on
PTSD,27,1,1,4,1,CS-,ITI,38,0.02631578947368421,1,24,0.041666666666666664,Global on,Global off
PTSD,27,3,1,4,1,ITI,ITI,38,0.02631578947368421,1,24,0.041666666666666664,Global on,Global off
PTSD,27,5,1,4,1,ITI,CS+,38,0.02631578947368421,1,24,0.041666666666666664,Global on,Global off
PTSD,27,7,1,4,1,ITI,ITI,38,0.02631578947368421,1,24,0.041666666666666664,Global on,Global off
PTSD,27,8,1,4,3,ITI,ITI,38,0.02631578947368421,1,24,0.041666666666666664,Global on,Safety-like
PTSD,27,13,1,4,2,ITI,CS+,38,0.02631578947368421,1,24,0.041666666666666664,Global on,Threat-like
PTSD,27,23,1,4,4,ITI,ITI,38,0.02631578947368421,1,24,0.041666666666666664,Global on,Global on
PTSD,27,25,1,4,2,ITI,CS+,38,0.02631578947368421,1,24,0.041666666666666664,Global on,Threat-like
PTSD,27,26,1,4,4,ITI,ITI,38,0.02631578947368421,1,24,0.041666666666666664,Global on,Global on
PTSD,1,3,5,1,1,ITI,ITI,196,0.025510204081632654,5,24,0.20833333333333334,Global off,Global off
PTSD,1,12,5,1,3,CS-,ITI,196,0.025510204081632654,4,24,0.16666666666666666,Global off,Safety-like
PTSD,1,28,5,1,4,ITI,ITI,196,0.025510204081632654,5,24,0.20833333333333334,Global off,Global on
PTSD,29,2,3,2,1,ITI,CS+,120,0.025,3,24,0.125,Threat-like,Global off
PTSD,29,12,3,2,3,CS+,ITI,120,0.025,3,24,0.125,Threat-like,Safety-like
PTSD,12,3,1,3,1,ITI,ITI,41,0.024390243902439025,1,24,0.041666666666666664,Safety-like,Global off
PTSD,12,4,1,3,3,ITI,ITI,41,0.024390243902439025,1,24,0.041666666666666664,Safety-like,Safety-like
PTSD,12,8,1,3,3,CS-,ITI,41,0.024390243902439025,1,24,0.041666666666666664,Safety-like,Safety-like
PTSD,12,14,1,3,2,ITI,CS+,41,0.024390243902439025,1,24,0.041666666666666664,Safety-like,Threat-like
PTSD,12,15,1,3,2,ITI,ITI,41,0.024390243902439025,1,24,0.041666666666666664,Safety-like,Threat-like
PTSD,12,16,1,3,4,ITI,ITI,41,0.024390243902439025,1,24,0.041666666666666664,Safety-like,Global on
PTSD,12,17,1,3,1,ITI,ITI,41,0.024390243902439025,1,24,0.041666666666666664,Safety-like,Global off
PTSD,12,19,1,3,3,ITI,ITI,41,0.024390243902439025,1,24,0.041666666666666664,Safety-like,Safety-like
PTSD,12,20,1,3,3,ITI,ITI,41,0.024390243902439025,1,24,0.041666666666666664,Safety-like,Safety-like
PTSD,12,23,1,3,4,ITI,ITI,41,0.024390243902439025,1,24,0.041666666666666664,Safety-like,Global on
PTSD,12,24,1,3,4,CS+,CS+,41,0.024390243902439025,1,24,0.041666666666666664,Safety-like,Global on
PTSD,12,26,1,3,4,CS+,CS+,41,0.024390243902439025,1,24,0.041666666666666664,Safety-like,Global on
PTSD,12,27,1,3,4,ITI,ITI,41,0.024390243902439025,1,24,0.041666666666666664,Safety-like,Global on
PTSD,12,29,1,3,2,CS+,CS+,41,0.024390243902439025,1,24,0.041666666666666664,Safety-like,Threat-like
PTSD,12,30,1,3,4,CS+,ITI,41,0.024390243902439025,1,24,0.041666666666666664,Safety-like,Global on
PTSD,12,31,1,3,4,ITI,CS-,41,0.024390243902439025,1,24,0.041666666666666664,Safety-like,Global on
PTSD,21,1,1,2,1,ITI,ITI,41,0.024390243902439025,1,24,0.041666666666666664,Threat-like,Global off
PTSD,21,4,1,2,3,CS+,ITI,41,0.024390243902439025,1,24,0.041666666666666664,Threat-like,Safety-like
PTSD,21,8,1,2,3,ITI,ITI,41,0.024390243902439025,1,24,0.041666666666666664,Threat-like,Safety-like
PTSD,21,11,1,2,1,ITI,CS-,41,0.024390243902439025,1,24,0.041666666666666664,Threat-like,Global off
PTSD,21,17,1,2,1,CS-,ITI,41,0.024390243902439025,1,24,0.041666666666666664,Threat-like,Global off
PTSD,21,18,1,2,3,ITI,CS-,41,0.024390243902439025,1,24,0.041666666666666664,Threat-like,Safety-like
PTSD,21,23,1,2,4,ITI,ITI,41,0.024390243902439025,1,24,0.041666666666666664,Threat-like,Global on
PTSD,21,30,1,2,4,ITI,ITI,41,0.024390243902439025,1,24,0.041666666666666664,Threat-like,Global on
PTSD,18,6,1,3,1,CS+,CS+,42,0.023809523809523808,1,24,0.041666666666666664,Safety-like,Global off
PTSD,18,9,1,3,1,CS-,CS-,42,0.023809523809523808,1,24,0.041666666666666664,Safety-like,Global off
PTSD,18,10,1,3,1,ITI,ITI,42,0.023809523809523808,1,24,0.041666666666666664,Safety-like,Global off
PTSD,18,12,1,3,3,CS+,CS+,42,0.023809523809523808,1,24,0.041666666666666664,Safety-like,Safety-like
PTSD,18,14,1,3,2,ITI,ITI,42,0.023809523809523808,1,24,0.041666666666666664,Safety-like,Threat-like
PTSD,18,16,1,3,4,CS-,CS-,42,0.023809523809523808,1,24,0.041666666666666664,Safety-like,Global on
PTSD,18,25,1,3,2,ITI,CS-,42,0.023809523809523808,1,24,0.041666666666666664,Safety-like,Threat-like
PTSD,18,29,1,3,2,ITI,ITI,42,0.023809523809523808,1,24,0.041666666666666664,Safety-like,Threat-like
PTSD,18,32,1,3,4,CS-,CS-,42,0.023809523809523808,1,24,0.041666666666666664,Safety-like,Global on
PTSD,5,6,2,1,1,ITI,ITI,85,0.023529411764705882,2,24,0.08333333333333333,Global off,Global off
PTSD,5,7,2,1,1,CS+,ITI,85,0.023529411764705882,2,24,0.08333333333333333,Global off,Global off
PTSD,5,9,2,1,1,ITI,CS-,85,0.023529411764705882,2,24,0.08333333333333333,Global off,Global off
PTSD,5,17,2,1,1,CS+,ITI,85,0.023529411764705882,2,24,0.08333333333333333,Global off,Global off
PTSD,5,26,2,1,4,CS+,CS+,85,0.023529411764705882,1,24,0.041666666666666664,Global off,Global on
PTSD,5,28,2,1,4,CS+,ITI,85,0.023529411764705882,2,24,0.08333333333333333,Global off,Global on
PTSD,20,14,3,3,2,ITI,CS+,128,0.0234375,2,24,0.08333333333333333,Safety-like,Threat-like
PTSD,20,18,3,3,3,ITI,ITI,128,0.0234375,3,24,0.125,Safety-like,Safety-like
PTSD,20,25,3,3,2,ITI,ITI,128,0.0234375,3,24,0.125,Safety-like,Threat-like
PTSD,20,31,3,3,4,ITI,CS+,128,0.0234375,3,24,0.125,Safety-like,Global on
PTSD,7,9,1,1,1,ITI,ITI,43,0.023255813953488372,1,24,0.041666666666666664,Global off,Global off
PTSD,7,14,1,1,2,ITI,ITI,43,0.023255813953488372,1,24,0.041666666666666664,Global off,Threat-like
PTSD,7,15,1,1,2,ITI,ITI,43,0.023255813953488372,1,24,0.041666666666666664,Global off,Threat-like
PTSD,7,17,1,1,1,ITI,ITI,43,0.023255813953488372,1,24,0.041666666666666664,Global off,Global off
PTSD,7,18,1,1,3,CS-,CS-,43,0.023255813953488372,1,24,0.041666666666666664,Global off,Safety-like
PTSD,7,19,1,1,3,ITI,CS-,43,0.023255813953488372,1,24,0.041666666666666664,Global off,Safety-like
PTSD,7,26,1,1,4,ITI,CS-,43,0.023255813953488372,1,24,0.041666666666666664,Global off,Global on
PTSD,7,27,1,1,4,ITI,ITI,43,0.023255813953488372,1,24,0.041666666666666664,Global off,Global on
PTSD,7,28,1,1,4,ITI,ITI,43,0.023255813953488372,1,24,0.041666666666666664,Global off,Global on
PTSD,26,4,1,4,3,ITI,CS-,43,0.023255813953488372,1,24,0.041666666666666664,Global on,Safety-like
PTSD,26,7,1,4,1,ITI,ITI,43,0.023255813953488372,1,24,0.041666666666666664,Global on,Global off
PTSD,26,15,1,4,2,ITI,ITI,43,0.023255813953488372,1,24,0.041666666666666664,Global on,Threat-like
PTSD,26,16,1,4,4,ITI,CS-,43,0.023255813953488372,1,24,0.041666666666666664,Global on,Global on
PTSD,26,21,1,4,2,ITI,ITI,43,0.023255813953488372,1,24,0.041666666666666664,Global on,Threat-like
PTSD,26,24,1,4,4,CS-,ITI,43,0.023255813953488372,1,24,0.041666666666666664,Global on,Global on
PTSD,26,27,1,4,4,ITI,ITI,43,0.023255813953488372,1,24,0.041666666666666664,Global on,Global on
PTSD,26,28,1,4,4,CS+,CS+,43,0.023255813953488372,1,24,0.041666666666666664,Global on,Global on
PTSD,16,9,2,4,1,CS-,CS-,90,0.022222222222222223,2,24,0.08333333333333333,Global on,Global off
PTSD,16,19,2,4,3,CS-,CS-,90,0.022222222222222223,2,24,0.08333333333333333,Global on,Safety-like
PTSD,16,28,2,4,4,ITI,CS-,90,0.022222222222222223,2,24,0.08333333333333333,Global on,Global on
PTSD,23,5,1,4,1,ITI,CS+,45,0.022222222222222223,1,24,0.041666666666666664,Global on,Global off
PTSD,23,7,1,4,1,ITI,CS-,45,0.022222222222222223,1,24,0.041666666666666664,Global on,Global off
PTSD,23,9,1,4,1,CS+,CS+,45,0.022222222222222223,1,24,0.041666666666666664,Global on,Global off
PTSD,23,13,1,4,2,ITI,CS+,45,0.022222222222222223,1,24,0.041666666666666664,Global on,Threat-like
PTSD,23,18,1,4,3,ITI,CS+,45,0.022222222222222223,1,24,0.041666666666666664,Global on,Safety-like
PTSD,23,26,1,4,4,CS-,ITI,45,0.022222222222222223,1,24,0.041666666666666664,Global on,Global on
PTSD,23,27,1,4,4,CS-,ITI,45,0.022222222222222223,1,24,0.041666666666666664,Global on,Global on
PTSD,17,4,2,1,3,CS-,CS-,94,0.02127659574468085,2,24,0.08333333333333333,Global off,Safety-like
PTSD,17,5,2,1,1,ITI,CS+,94,0.02127659574468085,2,24,0.08333333333333333,Global off,Global off
PTSD,17,6,2,1,1,CS-,CS-,94,0.02127659574468085,2,24,0.08333333333333333,Global off,Global off
PTSD,17,10,2,1,1,ITI,CS+,94,0.02127659574468085,2,24,0.08333333333333333,Global off,Global off
PTSD,17,14,2,1,2,CS+,CS+,94,0.02127659574468085,2,24,0.08333333333333333,Global off,Threat-like
PTSD,17,16,2,1,4,CS+,ITI,94,0.02127659574468085,2,24,0.08333333333333333,Global off,Global on
PTSD,17,21,2,1,2,CS-,CS-,94,0.02127659574468085,2,24,0.08333333333333333,Global off,Threat-like
PTSD,17,22,2,1,4,ITI,ITI,94,0.02127659574468085,2,24,0.08333333333333333,Global off,Global on
PTSD,17,24,2,1,4,CS+,ITI,94,0.02127659574468085,2,24,0.08333333333333333,Global off,Global on
PTSD,4,7,2,3,1,CS-,CS+,95,0.021052631578947368,2,24,0.08333333333333333,Safety-like,Global off
PTSD,4,15,2,3,2,CS-,ITI,95,0.021052631578947368,2,24,0.08333333333333333,Safety-like,Threat-like
PTSD,4,18,2,3,3,CS-,CS+,95,0.021052631578947368,2,24,0.08333333333333333,Safety-like,Safety-like
PTSD,4,25,2,3,2,ITI,CS+,95,0.021052631578947368,2,24,0.08333333333333333,Safety-like,Threat-like
PTSD,4,26,2,3,4,CS-,CS+,95,0.021052631578947368,2,24,0.08333333333333333,Safety-like,Global on
PTSD,4,28,2,3,4,ITI,ITI,95,0.021052631578947368,2,24,0.08333333333333333,Safety-like,Global on
PTSD,4,31,2,3,4,ITI,CS+,95,0.021052631578947368,1,24,0.041666666666666664,Safety-like,Global on
PTSD,1,10,4,1,1,ITI,CS+,196,0.02040816326530612,4,24,0.16666666666666666,Global off,Global off
PTSD,1,15,4,1,2,ITI,ITI,196,0.02040816326530612,4,24,0.16666666666666666,Global off,Threat-like
PTSD,1,24,4,1,4,ITI,ITI,196,0.02040816326530612,4,24,0.16666666666666666,Global off,Global on
PTSD,32,5,4,4,1,CS+,ITI,200,0.02,4,24,0.16666666666666666,Global on,Global off
PTSD,32,10,4,4,1,ITI,CS+,200,0.02,4,24,0.16666666666666666,Global on,Global off
PTSD,32,21,4,4,2,ITI,CS+,200,0.02,4,24,0.16666666666666666,Global on,Threat-like
PTSD,32,26,4,4,4,ITI,ITI,200,0.02,4,24,0.16666666666666666,Global on,Global on
PTSD,3,6,1,1,1,CS+,CS+,50,0.02,1,24,0.041666666666666664,Global off,Global off
PTSD,3,10,1,1,1,ITI,ITI,50,0.02,1,24,0.041666666666666664,Global off,Global off
PTSD,3,12,1,1,3,ITI,CS-,50,0.02,1,24,0.041666666666666664,Global off,Safety-like
PTSD,3,16,1,1,4,CS+,ITI,50,0.02,1,24,0.041666666666666664,Global off,Global on
PTSD,3,18,1,1,3,ITI,CS+,50,0.02,1,24,0.041666666666666664,Global off,Safety-like
PTSD,3,24,1,1,4,ITI,ITI,50,0.02,1,24,0.041666666666666664,Global off,Global on
PTSD,3,29,1,1,2,ITI,ITI,50,0.02,1,24,0.041666666666666664,Global off,Threat-like
PTSD,25,4,1,2,3,CS-,CS-,50,0.02,1,24,0.041666666666666664,Threat-like,Safety-like
PTSD,25,9,1,2,1,CS-,ITI,50,0.02,1,24,0.041666666666666664,Threat-like,Global off
PTSD,25,11,1,2,1,CS+,CS+,50,0.02,1,24,0.041666666666666664,Threat-like,Global off
PTSD,25,15,1,2,2,ITI,CS+,50,0.02,1,24,0.041666666666666664,Threat-like,Threat-like
PTSD,25,16,1,2,4,ITI,CS-,50,0.02,1,24,0.041666666666666664,Threat-like,Global on
PTSD,25,26,1,2,4,CS+,CS+,50,0.02,1,24,0.041666666666666664,Threat-like,Global on
PTSD,25,28,1,2,4,CS+,CS+,50,0.02,1,24,0.041666666666666664,Threat-like,Global on
PTSD,25,31,1,2,4,CS+,CS+,50,0.02,1,24,0.041666666666666664,Threat-like,Global on
PTSD,31,1,2,4,1,ITI,ITI,108,0.018518518518518517,2,24,0.08333333333333333,Global on,Global off
PTSD,31,2,2,4,1,CS+,CS+,108,0.018518518518518517,2,24,0.08333333333333333,Global on,Global off
PTSD,31,5,2,4,1,ITI,ITI,108,0.018518518518518517,2,24,0.08333333333333333,Global on,Global off
PTSD,31,18,2,4,3,ITI,CS-,108,0.018518518518518517,2,24,0.08333333333333333,Global on,Safety-like
PTSD,31,21,2,4,2,CS-,CS-,108,0.018518518518518517,2,24,0.08333333333333333,Global on,Threat-like
PTSD,31,27,2,4,4,ITI,ITI,108,0.018518518518518517,2,24,0.08333333333333333,Global on,Global on
PTSD,8,7,1,3,1,ITI,CS-,54,0.018518518518518517,1,24,0.041666666666666664,Safety-like,Global off
PTSD,8,13,1,3,2,ITI,CS-,54,0.018518518518518517,1,24,0.041666666666666664,Safety-like,Threat-like
PTSD,8,17,1,3,1,ITI,ITI,54,0.018518518518518517,1,24,0.041666666666666664,Safety-like,Global off
PTSD,8,18,1,3,3,ITI,ITI,54,0.018518518518518517,1,24,0.041666666666666664,Safety-like,Safety-like
PTSD,8,19,1,3,3,ITI,ITI,54,0.018518518518518517,1,24,0.041666666666666664,Safety-like,Safety-like
PTSD,8,21,1,3,2,ITI,CS-,54,0.018518518518518517,1,24,0.041666666666666664,Safety-like,Threat-like
PTSD,8,25,1,3,2,CS+,CS+,54,0.018518518518518517,1,24,0.041666666666666664,Safety-like,Threat-like
PTSD,13,20,2,2,3,CS+,CS+,113,0.017699115044247787,2,24,0.08333333333333333,Threat-like,Safety-like
PTSD,13,21,2,2,2,CS+,CS+,113,0.017699115044247787,2,24,0.08333333333333333,Threat-like,Threat-like
PTSD,13,24,2,2,4,CS-,CS-,113,0.017699115044247787,2,24,0.08333333333333333,Threat-like,Global on
PTSD,13,26,2,2,4,CS+,ITI,113,0.017699115044247787,2,24,0.08333333333333333,Threat-like,Global on
PTSD,13,27,2,2,4,CS+,CS+,113,0.017699115044247787,2,24,0.08333333333333333,Threat-like,Global on
PTSD,2,7,2,1,1,ITI,CS+,114,0.017543859649122806,2,24,0.08333333333333333,Global off,Global off
PTSD,2,9,2,1,1,CS+,CS+,114,0.017543859649122806,2,24,0.08333333333333333,Global off,Global off
PTSD,2,11,2,1,1,CS+,CS+,114,0.017543859649122806,2,24,0.08333333333333333,Global off,Global off
PTSD,2,18,2,1,3,ITI,ITI,114,0.017543859649122806,2,24,0.08333333333333333,Global off,Safety-like
PTSD,2,19,2,1,3,ITI,ITI,114,0.017543859649122806,2,24,0.08333333333333333,Global off,Safety-like
PTSD,2,21,2,1,2,CS-,CS+,114,0.017543859649122806,2,24,0.08333333333333333,Global off,Threat-like
PTSD,30,7,1,4,1,ITI,ITI,59,0.01694915254237288,1,24,0.041666666666666664,Global on,Global off
PTSD,30,8,1,4,3,ITI,ITI,59,0.01694915254237288,1,24,0.041666666666666664,Global on,Safety-like
PTSD,30,15,1,4,2,ITI,ITI,59,0.01694915254237288,1,24,0.041666666666666664,Global on,Threat-like
PTSD,30,21,1,4,2,CS-,CS-,59,0.01694915254237288,1,24,0.041666666666666664,Global on,Threat-like
PTSD,30,22,1,4,4,ITI,ITI,59,0.01694915254237288,1,24,0.041666666666666664,Global on,Global on
PTSD,30,23,1,4,4,CS+,ITI,59,0.01694915254237288,1,24,0.041666666666666664,Global on,Global on
PTSD,30,26,1,4,4,CS-,CS-,59,0.01694915254237288,1,24,0.041666666666666664,Global on,Global on
PTSD,29,7,2,2,1,ITI,CS-,120,0.016666666666666666,2,24,0.08333333333333333,Threat-like,Global off
PTSD,29,8,2,2,3,ITI,CS-,120,0.016666666666666666,2,24,0.08333333333333333,Threat-like,Safety-like
PTSD,29,18,2,2,3,CS-,ITI,120,0.016666666666666666,2,24,0.08333333333333333,Threat-like,Safety-like
PTSD,29,26,2,2,4,CS-,ITI,120,0.016666666666666666,2,24,0.08333333333333333,Threat-like,Global on
PTSD,29,27,2,2,4,CS-,ITI,120,0.016666666666666666,2,24,0.08333333333333333,Threat-like,Global on
PTSD,29,28,2,2,4,CS+,CS+,120,0.016666666666666666,2,24,0.08333333333333333,Threat-like,Global on
PTSD,20,3,2,3,1,ITI,ITI,128,0.015625,2,24,0.08333333333333333,Safety-like,Global off
PTSD,20,7,2,3,1,ITI,ITI,128,0.015625,2,24,0.08333333333333333,Safety-like,Global off
PTSD,20,11,2,3,1,ITI,CS-,128,0.015625,2,24,0.08333333333333333,Safety-like,Global off
PTSD,20,29,2,3,2,ITI,CS+,128,0.015625,2,24,0.08333333333333333,Safety-like,Threat-like
PTSD,1,11,3,1,1,CS+,ITI,196,0.015306122448979591,3,24,0.125,Global off,Global off
PTSD,1,19,3,1,3,ITI,ITI,196,0.015306122448979591,3,24,0.125,Global off,Safety-like
PTSD,1,20,3,1,3,ITI,ITI,196,0.015306122448979591,3,24,0.125,Global off,Safety-like
PTSD,1,27,3,1,4,ITI,ITI,196,0.015306122448979591,2,24,0.08333333333333333,Global off,Global on
PTSD,1,31,3,1,4,ITI,ITI,196,0.015306122448979591,3,24,0.125,Global off,Global on
PTSD,32,12,3,4,3,CS+,ITI,200,0.015,3,24,0.125,Global on,Safety-like
PTSD,32,15,3,4,2,ITI,ITI,200,0.015,3,24,0.125,Global on,Threat-like
PTSD,32,22,3,4,4,ITI,ITI,200,0.015,3,24,0.125,Global on,Global on
PTSD,28,4,1,4,3,ITI,ITI,67,0.014925373134328358,1,24,0.041666666666666664,Global on,Safety-like
PTSD,28,7,1,4,1,CS-,ITI,67,0.014925373134328358,1,24,0.041666666666666664,Global on,Global off
PTSD,28,8,1,4,3,ITI,ITI,67,0.014925373134328358,1,24,0.041666666666666664,Global on,Safety-like
PTSD,28,13,1,4,2,ITI,CS-,67,0.014925373134328358,1,24,0.041666666666666664,Global on,Threat-like
PTSD,28,18,1,4,3,CS+,ITI,67,0.014925373134328358,1,24,0.041666666666666664,Global on,Safety-like
PTSD,28,29,1,4,2,ITI,ITI,67,0.014925373134328358,1,24,0.041666666666666664,Global on,Threat-like
PTSD,19,4,1,3,3,ITI,ITI,69,0.014492753623188406,1,24,0.041666666666666664,Safety-like,Safety-like
PTSD,19,5,1,3,1,CS-,ITI,69,0.014492753623188406,1,24,0.041666666666666664,Safety-like,Global off
PTSD,19,6,1,3,1,CS-,CS-,69,0.014492753623188406,1,24,0.041666666666666664,Safety-like,Global off
PTSD,19,7,1,3,1,ITI,ITI,69,0.014492753623188406,1,24,0.041666666666666664,Safety-like,Global off
PTSD,19,8,1,3,3,ITI,ITI,69,0.014492753623188406,1,24,0.041666666666666664,Safety-like,Safety-like
PTSD,19,14,1,3,2,ITI,CS+,69,0.014492753623188406,1,24,0.041666666666666664,Safety-like,Threat-like
PTSD,19,22,1,3,4,ITI,ITI,69,0.014492753623188406,1,24,0.041666666666666664,Safety-like,Global on
PTSD,19,26,1,3,4,ITI,ITI,69,0.014492753623188406,1,24,0.041666666666666664,Safety-like,Global on
PTSD,19,27,1,3,4,ITI,ITI,69,0.014492753623188406,1,24,0.041666666666666664,Safety-like,Global on
PTSD,24,3,1,4,1,ITI,ITI,70,0.014285714285714285,1,24,0.041666666666666664,Global on,Global off
PTSD,24,6,1,4,1,CS-,CS-,70,0.014285714285714285,1,24,0.041666666666666664,Global on,Global off
PTSD,24,7,1,4,1,ITI,CS+,70,0.014285714285714285,1,24,0.041666666666666664,Global on,Global off
PTSD,24,8,1,4,3,CS-,ITI,70,0.014285714285714285,1,24,0.041666666666666664,Global on,Safety-like
PTSD,24,27,1,4,4,CS+,CS+,70,0.014285714285714285,1,24,0.041666666666666664,Global on,Global on
PTSD,24,28,1,4,4,CS-,ITI,70,0.014285714285714285,1,24,0.041666666666666664,Global on,Global on
PTSD,24,30,1,4,4,CS-,CS-,70,0.014285714285714285,1,24,0.041666666666666664,Global on,Global on
PTSD,14,2,1,2,1,ITI,ITI,71,0.014084507042253521,1,24,0.041666666666666664,Threat-like,Global off
PTSD,14,7,1,2,1,CS+,ITI,71,0.014084507042253521,1,24,0.041666666666666664,Threat-like,Global off
PTSD,14,8,1,2,3,CS-,ITI,71,0.014084507042253521,1,24,0.041666666666666664,Threat-like,Safety-like
PTSD,14,12,1,2,3,ITI,ITI,71,0.014084507042253521,1,24,0.041666666666666664,Threat-like,Safety-like
PTSD,14,15,1,2,2,CS+,CS+,71,0.014084507042253521,1,24,0.041666666666666664,Threat-like,Threat-like
PTSD,14,19,1,2,3,ITI,CS+,71,0.014084507042253521,1,24,0.041666666666666664,Threat-like,Safety-like
PTSD,14,20,1,2,3,CS+,CS+,71,0.014084507042253521,1,24,0.041666666666666664,Threat-like,Safety-like
PTSD,14,25,1,2,2,ITI,CS-,71,0.014084507042253521,1,24,0.041666666666666664,Threat-like,Threat-like
PTSD,14,28,1,2,4,CS-,ITI,71,0.014084507042253521,1,24,0.041666666666666664,Threat-like,Global on
PTSD,9,3,1,1,1,CS-,CS-,74,0.013513513513513514,1,24,0.041666666666666664,Global off,Global off
PTSD,9,7,1,1,1,ITI,ITI,74,0.013513513513513514,1,24,0.041666666666666664,Global off,Global off
PTSD,9,11,1,1,1,CS+,ITI,74,0.013513513513513514,1,24,0.041666666666666664,Global off,Global off
PTSD,9,20,1,1,3,CS+,ITI,74,0.013513513513513514,1,24,0.041666666666666664,Global off,Safety-like
PTSD,9,23,1,1,4,CS-,ITI,74,0.013513513513513514,1,24,0.041666666666666664,Global off,Global on
PTSD,9,25,1,1,2,CS+,CS+,74,0.013513513513513514,1,24,0.041666666666666664,Global off,Threat-like
PTSD,9,27,1,1,4,ITI,ITI,74,0.013513513513513514,1,24,0.041666666666666664,Global off,Global on
PTSD,5,8,1,1,3,CS+,CS+,85,0.011764705882352941,1,24,0.041666666666666664,Global off,Safety-like
PTSD,5,11,1,1,1,ITI,CS+,85,0.011764705882352941,1,24,0.041666666666666664,Global off,Global off
PTSD,5,18,1,1,3,ITI,ITI,85,0.011764705882352941,1,24,0.041666666666666664,Global off,Safety-like
PTSD,5,20,1,1,3,ITI,CS-,85,0.011764705882352941,1,24,0.041666666666666664,Global off,Safety-like
PTSD,5,21,1,1,2,CS-,CS-,85,0.011764705882352941,1,24,0.041666666666666664,Global off,Threat-like
PTSD,5,24,1,1,4,CS-,CS-,85,0.011764705882352941,1,24,0.041666666666666664,Global off,Global on
PTSD,5,25,1,1,2,CS-,CS-,85,0.011764705882352941,1,24,0.041666666666666664,Global off,Threat-like
PTSD,16,6,1,4,1,ITI,ITI,90,0.011111111111111112,1,24,0.041666666666666664,Global on,Global off
PTSD,16,7,1,4,1,ITI,ITI,90,0.011111111111111112,1,24,0.041666666666666664,Global on,Global off
PTSD,16,10,1,4,1,ITI,CS+,90,0.011111111111111112,1,24,0.041666666666666664,Global on,Global off
PTSD,16,11,1,4,1,CS-,CS-,90,0.011111111111111112,1,24,0.041666666666666664,Global on,Global off
PTSD,16,12,1,4,3,ITI,ITI,90,0.011111111111111112,1,24,0.041666666666666664,Global on,Safety-like
PTSD,16,17,1,4,1,CS-,CS-,90,0.011111111111111112,1,24,0.041666666666666664,Global on,Global off
PTSD,16,18,1,4,3,CS+,ITI,90,0.011111111111111112,1,24,0.041666666666666664,Global on,Safety-like
PTSD,16,24,1,4,4,ITI,ITI,90,0.011111111111111112,1,24,0.041666666666666664,Global on,Global on
PTSD,16,26,1,4,4,CS-,CS-,90,0.011111111111111112,1,24,0.041666666666666664,Global on,Global on
PTSD,17,8,1,1,3,CS+,ITI,94,0.010638297872340425,1,24,0.041666666666666664,Global off,Safety-like
PTSD,17,9,1,1,1,ITI,ITI,94,0.010638297872340425,1,24,0.041666666666666664,Global off,Global off
PTSD,17,27,1,1,4,ITI,ITI,94,0.010638297872340425,1,24,0.041666666666666664,Global off,Global on
PTSD,4,11,1,3,1,ITI,CS+,95,0.010526315789473684,1,24,0.041666666666666664,Safety-like,Global off
PTSD,4,14,1,3,2,CS+,CS+,95,0.010526315789473684,1,24,0.041666666666666664,Safety-like,Threat-like
PTSD,4,19,1,3,3,ITI,CS+,95,0.010526315789473684,1,24,0.041666666666666664,Safety-like,Safety-like
PTSD,4,21,1,3,2,ITI,ITI,95,0.010526315789473684,1,24,0.041666666666666664,Safety-like,Threat-like
PTSD,4,22,1,3,4,CS-,ITI,95,0.010526315789473684,1,24,0.041666666666666664,Safety-like,Global on
PTSD,4,24,1,3,4,CS+,CS+,95,0.010526315789473684,1,24,0.041666666666666664,Safety-like,Global on
PTSD,4,30,1,3,4,ITI,CS+,95,0.010526315789473684,1,24,0.041666666666666664,Safety-like,Global on
PTSD,1,18,2,1,3,ITI,ITI,196,0.01020408163265306,2,24,0.08333333333333333,Global off,Safety-like
PTSD,1,23,2,1,4,CS+,ITI,196,0.01020408163265306,2,24,0.08333333333333333,Global off,Global on
PTSD,1,30,2,1,4,CS-,ITI,196,0.01020408163265306,2,24,0.08333333333333333,Global off,Global on
PTSD,32,7,2,4,1,ITI,CS-,200,0.01,2,24,0.08333333333333333,Global on,Global off
PTSD,32,11,2,4,1,ITI,ITI,200,0.01,2,24,0.08333333333333333,Global on,Global off
PTSD,32,19,2,4,3,ITI,ITI,200,0.01,2,24,0.08333333333333333,Global on,Safety-like
PTSD,32,23,2,4,4,ITI,CS-,200,0.01,2,24,0.08333333333333333,Global on,Global on
PTSD,31,10,1,4,1,ITI,ITI,108,0.009259259259259259,1,24,0.041666666666666664,Global on,Global off
PTSD,31,11,1,4,1,ITI,CS+,108,0.009259259259259259,1,24,0.041666666666666664,Global on,Global off
PTSD,31,14,1,4,2,CS-,ITI,108,0.009259259259259259,1,24,0.041666666666666664,Global on,Threat-like
PTSD,31,15,1,4,2,ITI,ITI,108,0.009259259259259259,1,24,0.041666666666666664,Global on,Threat-like
PTSD,31,22,1,4,4,ITI,CS-,108,0.009259259259259259,1,24,0.041666666666666664,Global on,Global on
PTSD,13,10,1,2,1,ITI,ITI,113,0.008849557522123894,1,24,0.041666666666666664,Threat-like,Global off
PTSD,13,18,1,2,3,ITI,ITI,113,0.008849557522123894,1,24,0.041666666666666664,Threat-like,Safety-like
PTSD,13,19,1,2,3,CS+,CS+,113,0.008849557522123894,1,24,0.041666666666666664,Threat-like,Safety-like
PTSD,13,22,1,2,4,ITI,ITI,113,0.008849557522123894,1,24,0.041666666666666664,Threat-like,Global on
PTSD,13,25,1,2,2,ITI,CS-,113,0.008849557522123894,1,24,0.041666666666666664,Threat-like,Threat-like
PTSD,2,8,1,1,3,ITI,ITI,114,0.008771929824561403,1,24,0.041666666666666664,Global off,Safety-like
PTSD,2,26,1,1,4,ITI,ITI,114,0.008771929824561403,1,24,0.041666666666666664,Global off,Global on
PTSD,2,28,1,1,4,ITI,CS-,114,0.008771929824561403,1,24,0.041666666666666664,Global off,Global on
PTSD,2,29,1,1,2,ITI,ITI,114,0.008771929824561403,1,24,0.041666666666666664,Global off,Threat-like
PTSD,29,16,1,2,4,ITI,ITI,120,0.008333333333333333,1,24,0.041666666666666664,Threat-like,Global on
PTSD,29,19,1,2,3,ITI,ITI,120,0.008333333333333333,1,24,0.041666666666666664,Threat-like,Safety-like
PTSD,29,23,1,2,4,CS+,ITI,120,0.008333333333333333,1,24,0.041666666666666664,Threat-like,Global on
PTSD,20,10,1,3,1,CS+,ITI,128,0.0078125,1,24,0.041666666666666664,Safety-like,Global off
PTSD,20,12,1,3,3,CS+,CS+,128,0.0078125,1,24,0.041666666666666664,Safety-like,Safety-like
PTSD,20,15,1,3,2,ITI,CS-,128,0.0078125,1,24,0.041666666666666664,Safety-like,Threat-like
PTSD,20,22,1,3,4,ITI,CS-,128,0.0078125,1,24,0.041666666666666664,Safety-like,Global on
PTSD,32,3,1,4,1,CS-,ITI,200,0.005,1,24,0.041666666666666664,Global on,Global off
