source,target,source_basin_PTSD,target_basin_PTSD,source_basin_label_PTSD,target_basin_label_PTSD,count_PTSD,source_total_PTSD,probability_PTSD,subject_support_count_PTSD,subject_support_prop_PTSD,most_common_source_event_PTSD,most_common_target_event_PTSD,source_basin_HC,target_basin_HC,source_basin_label_HC,target_basin_label_HC,count_HC,source_total_HC,probability_HC,subject_support_count_HC,subject_support_prop_HC,most_common_source_event_HC,most_common_target_event_HC,source_basin,target_basin,source_basin_label,target_basin_label,PTSD_minus_HC_count,PTSD_minus_HC_probability,PTSD_minus_HC_subject_support_count,PTSD_minus_HC_subject_support_prop,abs_probability_difference
22,32,0.0,0.0,0,0,0.0,0.0,0.0,0.0,0.0,0,0,4.0,4.0,Global on,Global on,7.0,37.0,0.1891891891891892,7.0,0.2916666666666667,CS-,ITI,4.0,4.0,Global on,Global on,-7.0,-0.1891891891891892,-7.0,-0.2916666666666667,0.1891891891891892
27,20,4.0,3.0,Global on,Safety-like,1.0,58.0,0.017241379310344827,1.0,0.041666666666666664,ITI,ITI,4.0,3.0,Global on,Safety-like,12.0,80.0,0.15,8.0,0.3333333333333333,ITI,ITI,4.0,3.0,Global on,Safety-like,-11.0,-0.13275862068965516,-7.0,-0.29166666666666663,0.13275862068965516
26,1,4.0,1.0,Global on,Global off,7.0,47.0,0.14893617021276595,6.0,0.25,ITI,CS+,4.0,1.0,Global on,Global off,1.0,55.0,0.01818181818181818,1.0,0.041666666666666664,CS-,ITI,4.0,1.0,Global on,Global off,6.0,0.13075435203094776,5.0,0.20833333333333334,0.13075435203094776
11,2,1.0,1.0,Global off,Global off,5.0,41.0,0.12195121951219512,5.0,0.20833333333333334,ITI,CS+,0.0,0.0,0,0,0.0,0.0,0.0,0.0,0.0,0,0,1.0,1.0,Global off,Global off,5.0,0.12195121951219512,5.0,0.20833333333333334,0.12195121951219512
6,13,1.0,2.0,Global off,Threat-like,3.0,73.0,0.0410958904109589,3.0,0.125,CS+,ITI,1.0,2.0,Global off,Threat-like,9.0,61.0,0.14754098360655737,5.0,0.20833333333333334,ITI,ITI,1.0,2.0,Global off,Threat-like,-6.0,-0.10644509319559847,-2.0,-0.08333333333333334,0.10644509319559847
6,14,1.0,2.0,Global off,Threat-like,2.0,73.0,0.0273972602739726,1.0,0.041666666666666664,CS-,CS-,1.0,2.0,Global off,Threat-like,8.0,61.0,0.13114754098360656,7.0,0.2916666666666667,CS+,ITI,1.0,2.0,Global off,Threat-like,-6.0,-0.10375028070963396,-6.0,-0.25,0.10375028070963396
11,17,1.0,1.0,Global off,Global off,6.0,41.0,0.14634146341463414,6.0,0.25,ITI,ITI,1.0,1.0,Global off,Global off,2.0,45.0,0.044444444444444446,2.0,0.08333333333333333,CS-,ITI,1.0,1.0,Global off,Global off,4.0,0.10189701897018968,4.0,0.16666666666666669,0.10189701897018968
11,1,1.0,1.0,Global off,Global off,5.0,41.0,0.12195121951219512,4.0,0.16666666666666666,ITI,ITI,1.0,1.0,Global off,Global off,10.0,45.0,0.2222222222222222,9.0,0.375,CS-,CS-,1.0,1.0,Global off,Global off,-5.0,-0.10027100271002709,-5.0,-0.20833333333333334,0.10027100271002709
18,1,3.0,1.0,Safety-like,Global off,11.0,75.0,0.14666666666666667,7.0,0.2916666666666667,ITI,CS+,3.0,1.0,Safety-like,Global off,5.0,98.0,0.05102040816326531,3.0,0.125,ITI,CS+,3.0,1.0,Safety-like,Global off,6.0,0.09564625850340136,4.0,0.16666666666666669,0.09564625850340136
8,2,4.0,1.0,Global on,Global off,11.0,93.0,0.11827956989247312,8.0,0.3333333333333333,ITI,ITI,4.0,1.0,Global on,Global off,3.0,90.0,0.03333333333333333,3.0,0.125,ITI,ITI,4.0,1.0,Global on,Global off,8.0,0.0849462365591398,5.0,0.20833333333333331,0.0849462365591398
26,32,4.0,4.0,Global on,Global on,2.0,47.0,0.0425531914893617,2.0,0.08333333333333333,CS-,CS-,4.0,4.0,Global on,Global on,7.0,55.0,0.12727272727272726,7.0,0.2916666666666667,ITI,ITI,4.0,4.0,Global on,Global on,-5.0,-0.08471953578336555,-5.0,-0.20833333333333337,0.08471953578336555
28,32,4.0,4.0,Global on,Global on,29.0,145.0,0.2,17.0,0.7083333333333334,ITI,ITI,4.0,4.0,Global on,Global on,18.0,155.0,0.11612903225806452,14.0,0.5833333333333334,ITI,ITI,4.0,4.0,Global on,Global on,11.0,0.08387096774193549,3.0,0.125,0.08387096774193549
15,32,2.0,4.0,Threat-like,Global on,17.0,100.0,0.17,11.0,0.4583333333333333,ITI,CS+,2.0,4.0,Threat-like,Global on,10.0,112.0,0.08928571428571429,8.0,0.3333333333333333,ITI,ITI,2.0,4.0,Threat-like,Global on,7.0,0.08071428571428572,3.0,0.125,0.08071428571428572
27,32,4.0,4.0,Global on,Global on,9.0,58.0,0.15517241379310345,7.0,0.2916666666666667,CS+,ITI,4.0,4.0,Global on,Global on,6.0,80.0,0.075,5.0,0.20833333333333334,ITI,ITI,4.0,4.0,Global on,Global on,3.0,0.08017241379310346,2.0,0.08333333333333334,0.08017241379310346
8,24,4.0,4.0,Global on,Global on,1.0,93.0,0.010752688172043012,1.0,0.041666666666666664,CS+,ITI,4.0,4.0,Global on,Global on,8.0,90.0,0.08888888888888889,8.0,0.3333333333333333,ITI,ITI,4.0,4.0,Global on,Global on,-7.0,-0.07813620071684588,-7.0,-0.29166666666666663,0.07813620071684588
9,13,1.0,2.0,Global off,Threat-like,6.0,115.0,0.05217391304347826,4.0,0.16666666666666666,CS-,ITI,1.0,2.0,Global off,Threat-like,18.0,139.0,0.12949640287769784,13.0,0.5416666666666666,CS+,ITI,1.0,2.0,Global off,Threat-like,-12.0,-0.07732248983421958,-9.0,-0.375,0.07732248983421958
26,31,0.0,0.0,0,0,0.0,0.0,0.0,0.0,0.0,0,0,4.0,4.0,Global on,Global on,4.0,55.0,0.07272727272727272,3.0,0.125,CS+,ITI,4.0,4.0,Global on,Global on,-4.0,-0.07272727272727272,-3.0,-0.125,0.07272727272727272
17,2,1.0,1.0,Global off,Global off,27.0,234.0,0.11538461538461539,14.0,0.5833333333333334,ITI,ITI,1.0,1.0,Global off,Global off,10.0,215.0,0.046511627906976744,8.0,0.3333333333333333,ITI,ITI,1.0,1.0,Global off,Global off,17.0,0.06887298747763865,6.0,0.25000000000000006,0.06887298747763865
19,17,3.0,1.0,Safety-like,Global off,14.0,140.0,0.1,10.0,0.4166666666666667,ITI,ITI,3.0,1.0,Safety-like,Global off,4.0,128.0,0.03125,4.0,0.16666666666666666,ITI,ITI,3.0,1.0,Safety-like,Global off,10.0,0.06875,6.0,0.25,0.06875
14,31,2.0,4.0,Threat-like,Global on,10.0,124.0,0.08064516129032258,7.0,0.2916666666666667,CS+,ITI,2.0,4.0,Threat-like,Global on,2.0,166.0,0.012048192771084338,2.0,0.08333333333333333,CS+,CS+,2.0,4.0,Threat-like,Global on,8.0,0.06859696851923824,5.0,0.20833333333333337,0.06859696851923824
22,17,4.0,1.0,Global on,Global off,3.0,44.0,0.06818181818181818,3.0,0.125,CS-,CS-,0.0,0.0,0,0,0.0,0.0,0.0,0.0,0.0,0,0,4.0,1.0,Global on,Global off,3.0,0.06818181818181818,3.0,0.125,0.06818181818181818
22,16,4.0,4.0,Global on,Global on,3.0,44.0,0.06818181818181818,3.0,0.125,CS+,ITI,0.0,0.0,0,0,0.0,0.0,0.0,0.0,0.0,0,0,4.0,4.0,Global on,Global on,3.0,0.06818181818181818,3.0,0.125,0.06818181818181818
30,20,4.0,3.0,Global on,Safety-like,2.0,120.0,0.016666666666666666,2.0,0.08333333333333333,CS-,ITI,4.0,3.0,Global on,Safety-like,10.0,118.0,0.0847457627118644,6.0,0.25,ITI,ITI,4.0,3.0,Global on,Safety-like,-8.0,-0.06807909604519774,-4.0,-0.16666666666666669,0.06807909604519774
26,2,4.0,1.0,Global on,Global off,4.0,47.0,0.0851063829787234,3.0,0.125,CS+,ITI,4.0,1.0,Global on,Global off,1.0,55.0,0.01818181818181818,1.0,0.041666666666666664,ITI,ITI,4.0,1.0,Global on,Global off,3.0,0.06692456479690523,2.0,0.08333333333333334,0.06692456479690523
7,21,0.0,0.0,0,0,0.0,0.0,0.0,0.0,0.0,0,0,1.0,1.0,Global off,Global off,4.0,60.0,0.06666666666666667,4.0,0.16666666666666666,ITI,CS+,1.0,1.0,Global off,Global off,-4.0,-0.06666666666666667,-4.0,-0.16666666666666666,0.06666666666666667
6,5,1.0,1.0,Global off,Global off,6.0,73.0,0.0821917808219178,6.0,0.25,CS+,ITI,1.0,1.0,Global off,Global off,1.0,61.0,0.01639344262295082,1.0,0.041666666666666664,CS-,ITI,1.0,1.0,Global off,Global off,5.0,0.06579833819896698,5.0,0.20833333333333334,0.06579833819896698
7,4,1.0,3.0,Global off,Safety-like,5.0,51.0,0.09803921568627451,5.0,0.20833333333333334,CS-,CS-,1.0,3.0,Global off,Safety-like,2.0,60.0,0.03333333333333333,2.0,0.08333333333333333,CS+,CS+,1.0,3.0,Global off,Safety-like,3.0,0.06470588235294117,3.0,0.125,0.06470588235294117
23,10,4.0,1.0,Global on,Global off,6.0,82.0,0.07317073170731707,5.0,0.20833333333333334,ITI,ITI,4.0,1.0,Global on,Global off,1.0,104.0,0.009615384615384616,1.0,0.041666666666666664,ITI,CS+,4.0,1.0,Global on,Global off,5.0,0.06355534709193245,4.0,0.16666666666666669,0.06355534709193245
27,4,4.0,3.0,Global on,Safety-like,5.0,58.0,0.08620689655172414,4.0,0.16666666666666666,ITI,CS+,4.0,3.0,Global on,Safety-like,2.0,80.0,0.025,2.0,0.08333333333333333,CS+,CS+,4.0,3.0,Global on,Safety-like,3.0,0.06120689655172414,2.0,0.08333333333333333,0.06120689655172414
2,13,1.0,2.0,Global off,Threat-like,6.0,229.0,0.026200873362445413,5.0,0.20833333333333334,CS+,CS+,1.0,2.0,Global off,Threat-like,19.0,218.0,0.0871559633027523,14.0,0.5833333333333334,ITI,ITI,1.0,2.0,Global off,Threat-like,-13.0,-0.060955089940306885,-9.0,-0.375,0.060955089940306885
7,5,1.0,1.0,Global off,Global off,2.0,51.0,0.0392156862745098,1.0,0.041666666666666664,CS+,ITI,1.0,1.0,Global off,Global off,6.0,60.0,0.1,6.0,0.25,ITI,ITI,1.0,1.0,Global off,Global off,-4.0,-0.0607843137254902,-5.0,-0.20833333333333334,0.0607843137254902
10,2,1.0,1.0,Global off,Global off,2.0,95.0,0.021052631578947368,2.0,0.08333333333333333,ITI,ITI,1.0,1.0,Global off,Global off,9.0,110.0,0.08181818181818182,6.0,0.25,CS+,ITI,1.0,1.0,Global off,Global off,-7.0,-0.06076555023923445,-4.0,-0.16666666666666669,0.06076555023923445
24,20,4.0,3.0,Global on,Safety-like,11.0,121.0,0.09090909090909091,10.0,0.4166666666666667,ITI,ITI,4.0,3.0,Global on,Safety-like,24.0,159.0,0.1509433962264151,18.0,0.75,ITI,ITI,4.0,3.0,Global on,Safety-like,-13.0,-0.06003430531732418,-8.0,-0.3333333333333333,0.06003430531732418
25,17,1.0,1.0,Global off,Global off,7.0,99.0,0.0707070707070707,6.0,0.25,ITI,ITI,1.0,1.0,Global off,Global off,12.0,92.0,0.13043478260869565,11.0,0.4583333333333333,ITI,CS+,1.0,1.0,Global off,Global off,-5.0,-0.059727711901624944,-5.0,-0.20833333333333331,0.059727711901624944
10,4,1.0,3.0,Global off,Safety-like,3.0,95.0,0.031578947368421054,2.0,0.08333333333333333,ITI,ITI,1.0,3.0,Global off,Safety-like,10.0,110.0,0.09090909090909091,4.0,0.16666666666666666,ITI,ITI,1.0,3.0,Global off,Safety-like,-7.0,-0.05933014354066986,-2.0,-0.08333333333333333,0.05933014354066986
15,16,2.0,4.0,Threat-like,Global on,13.0,100.0,0.13,11.0,0.4583333333333333,CS-,ITI,2.0,4.0,Threat-like,Global on,8.0,112.0,0.07142857142857142,7.0,0.2916666666666667,CS+,CS+,2.0,4.0,Threat-like,Global on,5.0,0.05857142857142858,4.0,0.16666666666666663,0.05857142857142858
22,24,4.0,4.0,Global on,Global on,1.0,44.0,0.022727272727272728,1.0,0.041666666666666664,ITI,ITI,4.0,4.0,Global on,Global on,3.0,37.0,0.08108108108108109,3.0,0.125,ITI,ITI,4.0,4.0,Global on,Global on,-2.0,-0.05835380835380836,-2.0,-0.08333333333333334,0.05835380835380836
22,31,4.0,4.0,Global on,Global on,1.0,44.0,0.022727272727272728,1.0,0.041666666666666664,CS-,CS-,4.0,4.0,Global on,Global on,3.0,37.0,0.08108108108108109,3.0,0.125,ITI,ITI,4.0,4.0,Global on,Global on,-2.0,-0.05835380835380836,-2.0,-0.08333333333333334,0.05835380835380836
23,17,4.0,1.0,Global on,Global off,7.0,82.0,0.08536585365853659,7.0,0.2916666666666667,ITI,ITI,4.0,1.0,Global on,Global off,3.0,104.0,0.028846153846153848,3.0,0.125,ITI,CS-,4.0,1.0,Global on,Global off,4.0,0.056519699812382744,4.0,0.16666666666666669,0.056519699812382744
21,29,1.0,2.0,Global off,Threat-like,9.0,93.0,0.0967741935483871,7.0,0.2916666666666667,CS+,ITI,1.0,2.0,Global off,Threat-like,4.0,99.0,0.04040404040404041,3.0,0.125,CS+,ITI,1.0,2.0,Global off,Threat-like,5.0,0.05637015314434669,4.0,0.16666666666666669,0.05637015314434669
28,31,4.0,4.0,Global on,Global on,4.0,145.0,0.027586206896551724,4.0,0.16666666666666666,CS-,ITI,4.0,4.0,Global on,Global on,13.0,155.0,0.08387096774193549,11.0,0.4583333333333333,ITI,CS+,4.0,4.0,Global on,Global on,-9.0,-0.056284760845383766,-7.0,-0.29166666666666663,0.056284760845383766
24,31,4.0,4.0,Global on,Global on,9.0,121.0,0.0743801652892562,8.0,0.3333333333333333,ITI,ITI,4.0,4.0,Global on,Global on,3.0,159.0,0.018867924528301886,3.0,0.125,ITI,ITI,4.0,4.0,Global on,Global on,6.0,0.05551224076095432,5.0,0.20833333333333331,0.05551224076095432
19,31,3.0,4.0,Safety-like,Global on,1.0,140.0,0.007142857142857143,1.0,0.041666666666666664,CS-,ITI,3.0,4.0,Safety-like,Global on,8.0,128.0,0.0625,7.0,0.2916666666666667,ITI,CS+,3.0,4.0,Safety-like,Global on,-7.0,-0.055357142857142855,-6.0,-0.25,0.055357142857142855
16,31,4.0,4.0,Global on,Global on,24.0,226.0,0.10619469026548672,14.0,0.5833333333333334,CS+,ITI,4.0,4.0,Global on,Global on,11.0,216.0,0.05092592592592592,9.0,0.375,CS+,ITI,4.0,4.0,Global on,Global on,13.0,0.0552687643395608,5.0,0.20833333333333337,0.0552687643395608
26,28,4.0,4.0,Global on,Global on,6.0,47.0,0.1276595744680851,4.0,0.16666666666666666,ITI,ITI,4.0,4.0,Global on,Global on,4.0,55.0,0.07272727272727272,4.0,0.16666666666666666,CS-,ITI,4.0,4.0,Global on,Global on,2.0,0.05493230174081237,0.0,0.0,0.05493230174081237
6,24,1.0,4.0,Global off,Global on,4.0,73.0,0.0547945205479452,4.0,0.16666666666666666,ITI,ITI,0.0,0.0,0,0,0.0,0.0,0.0,0.0,0.0,0,0,1.0,4.0,Global off,Global on,4.0,0.0547945205479452,4.0,0.16666666666666666,0.0547945205479452
6,2,1.0,1.0,Global off,Global off,2.0,73.0,0.0273972602739726,2.0,0.08333333333333333,CS-,CS+,1.0,1.0,Global off,Global off,5.0,61.0,0.08196721311475409,5.0,0.20833333333333334,ITI,ITI,1.0,1.0,Global off,Global off,-3.0,-0.05456995284078149,-3.0,-0.125,0.05456995284078149
26,11,0.0,0.0,0,0,0.0,0.0,0.0,0.0,0.0,0,0,4.0,1.0,Global on,Global off,3.0,55.0,0.05454545454545454,3.0,0.125,CS-,CS-,4.0,1.0,Global on,Global off,-3.0,-0.05454545454545454,-3.0,-0.125,0.05454545454545454
21,5,1.0,1.0,Global off,Global off,6.0,93.0,0.06451612903225806,5.0,0.20833333333333334,ITI,ITI,1.0,1.0,Global off,Global off,1.0,99.0,0.010101010101010102,1.0,0.041666666666666664,ITI,ITI,1.0,1.0,Global off,Global off,5.0,0.05441511893124796,4.0,0.16666666666666669,0.05441511893124796
12,31,4.0,4.0,Global on,Global on,5.0,92.0,0.05434782608695652,5.0,0.20833333333333334,ITI,ITI,0.0,0.0,0,0,0.0,0.0,0.0,0.0,0.0,0,0,4.0,4.0,Global on,Global on,5.0,0.05434782608695652,5.0,0.20833333333333334,0.05434782608695652
15,13,2.0,2.0,Threat-like,Threat-like,8.0,100.0,0.08,5.0,0.20833333333333334,CS+,ITI,2.0,2.0,Threat-like,Threat-like,15.0,112.0,0.13392857142857142,12.0,0.5,CS+,ITI,2.0,2.0,Threat-like,Threat-like,-7.0,-0.05392857142857142,-7.0,-0.29166666666666663,0.05392857142857142
12,16,4.0,4.0,Global on,Global on,5.0,92.0,0.05434782608695652,5.0,0.20833333333333334,CS-,ITI,4.0,4.0,Global on,Global on,9.0,84.0,0.10714285714285714,7.0,0.2916666666666667,CS+,ITI,4.0,4.0,Global on,Global on,-4.0,-0.05279503105590062,-2.0,-0.08333333333333334,0.05279503105590062
12,2,4.0,1.0,Global on,Global off,8.0,92.0,0.08695652173913043,6.0,0.25,CS-,ITI,4.0,1.0,Global on,Global off,3.0,84.0,0.03571428571428571,3.0,0.125,CS-,ITI,4.0,1.0,Global on,Global off,5.0,0.05124223602484472,3.0,0.125,0.05124223602484472
15,1,2.0,1.0,Threat-like,Global off,3.0,100.0,0.03,3.0,0.125,CS+,CS+,2.0,1.0,Threat-like,Global off,9.0,112.0,0.08035714285714286,8.0,0.3333333333333333,ITI,ITI,2.0,1.0,Threat-like,Global off,-6.0,-0.050357142857142864,-5.0,-0.20833333333333331,0.050357142857142864
7,15,0.0,0.0,0,0,0.0,0.0,0.0,0.0,0.0,0,0,1.0,2.0,Global off,Threat-like,3.0,60.0,0.05,3.0,0.125,CS+,CS+,1.0,2.0,Global off,Threat-like,-3.0,-0.05,-3.0,-0.125,0.05
25,31,1.0,4.0,Global off,Global on,6.0,99.0,0.06060606060606061,6.0,0.25,ITI,CS+,1.0,4.0,Global off,Global on,1.0,92.0,0.010869565217391304,1.0,0.041666666666666664,CS-,CS-,1.0,4.0,Global off,Global on,5.0,0.049736495388669304,5.0,0.20833333333333334,0.049736495388669304
30,17,4.0,1.0,Global on,Global off,8.0,120.0,0.06666666666666667,6.0,0.25,ITI,ITI,4.0,1.0,Global on,Global off,2.0,118.0,0.01694915254237288,2.0,0.08333333333333333,ITI,CS+,4.0,1.0,Global on,Global off,6.0,0.04971751412429379,4.0,0.16666666666666669,0.04971751412429379
30,29,4.0,2.0,Global on,Threat-like,10.0,120.0,0.08333333333333333,8.0,0.3333333333333333,ITI,ITI,4.0,2.0,Global on,Threat-like,4.0,118.0,0.03389830508474576,3.0,0.125,CS+,CS+,4.0,2.0,Global on,Threat-like,6.0,0.049435028248587566,5.0,0.20833333333333331,0.049435028248587566
10,1,1.0,1.0,Global off,Global off,10.0,95.0,0.10526315789473684,9.0,0.375,ITI,ITI,1.0,1.0,Global off,Global off,17.0,110.0,0.15454545454545454,12.0,0.5,ITI,ITI,1.0,1.0,Global off,Global off,-7.0,-0.049282296650717705,-3.0,-0.125,0.049282296650717705
11,19,1.0,3.0,Global off,Safety-like,2.0,41.0,0.04878048780487805,2.0,0.08333333333333333,ITI,ITI,0.0,0.0,0,0,0.0,0.0,0.0,0.0,0.0,0,0,1.0,3.0,Global off,Safety-like,2.0,0.04878048780487805,2.0,0.08333333333333333,0.04878048780487805
11,12,1.0,4.0,Global off,Global on,2.0,41.0,0.04878048780487805,2.0,0.08333333333333333,CS+,CS+,0.0,0.0,0,0,0.0,0.0,0.0,0.0,0.0,0,0,1.0,4.0,Global off,Global on,2.0,0.04878048780487805,2.0,0.08333333333333333,0.04878048780487805
11,4,1.0,3.0,Global off,Safety-like,2.0,41.0,0.04878048780487805,2.0,0.08333333333333333,CS-,CS+,0.0,0.0,0,0,0.0,0.0,0.0,0.0,0.0,0,0,1.0,3.0,Global off,Safety-like,2.0,0.04878048780487805,2.0,0.08333333333333333,0.04878048780487805
11,13,1.0,2.0,Global off,Threat-like,2.0,41.0,0.04878048780487805,2.0,0.08333333333333333,CS-,CS-,0.0,0.0,0,0,0.0,0.0,0.0,0.0,0.0,0,0,1.0,2.0,Global off,Threat-like,2.0,0.04878048780487805,2.0,0.08333333333333333,0.04878048780487805
27,17,4.0,1.0,Global on,Global off,5.0,58.0,0.08620689655172414,4.0,0.16666666666666666,ITI,ITI,4.0,1.0,Global on,Global off,3.0,80.0,0.0375,3.0,0.125,ITI,ITI,4.0,1.0,Global on,Global off,2.0,0.048706896551724145,1.0,0.04166666666666666,0.048706896551724145
24,4,4.0,3.0,Global on,Safety-like,4.0,121.0,0.03305785123966942,4.0,0.16666666666666666,ITI,CS+,4.0,3.0,Global on,Safety-like,13.0,159.0,0.08176100628930817,11.0,0.4583333333333333,ITI,ITI,4.0,3.0,Global on,Safety-like,-9.0,-0.04870315504963875,-7.0,-0.29166666666666663,0.04870315504963875
12,17,4.0,1.0,Global on,Global off,1.0,92.0,0.010869565217391304,1.0,0.041666666666666664,ITI,ITI,4.0,1.0,Global on,Global off,5.0,84.0,0.05952380952380952,3.0,0.125,CS-,ITI,4.0,1.0,Global on,Global off,-4.0,-0.048654244306418216,-2.0,-0.08333333333333334,0.048654244306418216
25,2,1.0,1.0,Global off,Global off,8.0,99.0,0.08080808080808081,7.0,0.2916666666666667,ITI,ITI,1.0,1.0,Global off,Global off,3.0,92.0,0.03260869565217391,3.0,0.125,ITI,ITI,1.0,1.0,Global off,Global off,5.0,0.0481993851559069,4.0,0.16666666666666669,0.0481993851559069
5,14,1.0,2.0,Global off,Threat-like,2.0,148.0,0.013513513513513514,2.0,0.08333333333333333,CS+,CS-,1.0,2.0,Global off,Threat-like,9.0,148.0,0.060810810810810814,8.0,0.3333333333333333,CS+,CS+,1.0,2.0,Global off,Threat-like,-7.0,-0.0472972972972973,-6.0,-0.25,0.0472972972972973
7,20,1.0,3.0,Global off,Safety-like,1.0,51.0,0.0196078431372549,1.0,0.041666666666666664,ITI,ITI,1.0,3.0,Global off,Safety-like,4.0,60.0,0.06666666666666667,3.0,0.125,ITI,ITI,1.0,3.0,Global off,Safety-like,-3.0,-0.047058823529411764,-2.0,-0.08333333333333334,0.047058823529411764
3,4,1.0,3.0,Global off,Safety-like,9.0,102.0,0.08823529411764706,6.0,0.25,ITI,ITI,1.0,3.0,Global off,Safety-like,5.0,121.0,0.04132231404958678,5.0,0.20833333333333334,CS-,CS+,1.0,3.0,Global off,Safety-like,4.0,0.04691298006806029,1.0,0.04166666666666666,0.04691298006806029
19,32,3.0,4.0,Safety-like,Global on,12.0,140.0,0.08571428571428572,9.0,0.375,ITI,ITI,3.0,4.0,Safety-like,Global on,5.0,128.0,0.0390625,4.0,0.16666666666666666,ITI,ITI,3.0,4.0,Safety-like,Global on,7.0,0.046651785714285715,5.0,0.20833333333333334,0.046651785714285715
19,4,3.0,3.0,Safety-like,Safety-like,13.0,140.0,0.09285714285714286,9.0,0.375,ITI,ITI,3.0,3.0,Safety-like,Safety-like,6.0,128.0,0.046875,5.0,0.20833333333333334,ITI,ITI,3.0,3.0,Safety-like,Safety-like,7.0,0.04598214285714286,4.0,0.16666666666666666,0.04598214285714286
20,19,3.0,3.0,Safety-like,Safety-like,18.0,205.0,0.08780487804878048,11.0,0.4583333333333333,ITI,ITI,3.0,3.0,Safety-like,Safety-like,11.0,263.0,0.04182509505703422,8.0,0.3333333333333333,ITI,ITI,3.0,3.0,Safety-like,Safety-like,7.0,0.045979782991746265,3.0,0.125,0.045979782991746265
26,14,4.0,2.0,Global on,Threat-like,3.0,47.0,0.06382978723404255,3.0,0.125,CS+,CS+,4.0,2.0,Global on,Threat-like,1.0,55.0,0.01818181818181818,1.0,0.041666666666666664,CS-,ITI,4.0,2.0,Global on,Threat-like,2.0,0.04564796905222437,2.0,0.08333333333333334,0.04564796905222437
26,5,4.0,1.0,Global on,Global off,3.0,47.0,0.06382978723404255,3.0,0.125,ITI,CS-,4.0,1.0,Global on,Global off,1.0,55.0,0.01818181818181818,1.0,0.041666666666666664,CS+,ITI,4.0,1.0,Global on,Global off,2.0,0.04564796905222437,2.0,0.08333333333333334,0.04564796905222437
22,21,4.0,1.0,Global on,Global off,2.0,44.0,0.045454545454545456,2.0,0.08333333333333333,CS-,CS-,0.0,0.0,0,0,0.0,0.0,0.0,0.0,0.0,0,0,4.0,1.0,Global on,Global off,2.0,0.045454545454545456,2.0,0.08333333333333333,0.045454545454545456
13,16,2.0,4.0,Threat-like,Global on,22.0,205.0,0.1073170731707317,15.0,0.625,CS+,ITI,2.0,4.0,Threat-like,Global on,16.0,258.0,0.06201550387596899,9.0,0.375,CS+,ITI,2.0,4.0,Threat-like,Global on,6.0,0.045301569294762714,6.0,0.25,0.045301569294762714
31,20,4.0,3.0,Global on,Safety-like,7.0,220.0,0.031818181818181815,5.0,0.20833333333333334,ITI,ITI,4.0,3.0,Global on,Safety-like,17.0,221.0,0.07692307692307693,11.0,0.4583333333333333,ITI,ITI,4.0,3.0,Global on,Safety-like,-10.0,-0.04510489510489511,-6.0,-0.24999999999999997,0.04510489510489511
21,16,1.0,4.0,Global off,Global on,7.0,93.0,0.07526881720430108,7.0,0.2916666666666667,ITI,ITI,1.0,4.0,Global off,Global on,3.0,99.0,0.030303030303030304,3.0,0.125,CS-,CS+,1.0,4.0,Global off,Global on,4.0,0.044965786901270774,4.0,0.16666666666666669,0.044965786901270774
4,17,3.0,1.0,Safety-like,Global off,17.0,204.0,0.08333333333333333,11.0,0.4583333333333333,ITI,ITI,3.0,1.0,Safety-like,Global off,7.0,182.0,0.038461538461538464,6.0,0.25,CS-,ITI,3.0,1.0,Safety-like,Global off,10.0,0.044871794871794865,5.0,0.20833333333333331,0.044871794871794865
20,28,3.0,4.0,Safety-like,Global on,24.0,205.0,0.11707317073170732,14.0,0.5833333333333334,ITI,ITI,3.0,4.0,Safety-like,Global on,19.0,263.0,0.07224334600760456,13.0,0.5416666666666666,ITI,ITI,3.0,4.0,Safety-like,Global on,5.0,0.04482982472410277,1.0,0.04166666666666674,0.04482982472410277
11,7,0.0,0.0,0,0,0.0,0.0,0.0,0.0,0.0,0,0,1.0,1.0,Global off,Global off,2.0,45.0,0.044444444444444446,2.0,0.08333333333333333,CS-,CS-,1.0,1.0,Global off,Global off,-2.0,-0.044444444444444446,-2.0,-0.08333333333333333,0.044444444444444446
11,28,0.0,0.0,0,0,0.0,0.0,0.0,0.0,0.0,0,0,1.0,4.0,Global off,Global on,2.0,45.0,0.044444444444444446,2.0,0.08333333333333333,CS-,CS+,1.0,4.0,Global off,Global on,-2.0,-0.044444444444444446,-2.0,-0.08333333333333333,0.044444444444444446
11,25,0.0,0.0,0,0,0.0,0.0,0.0,0.0,0.0,0,0,1.0,1.0,Global off,Global off,2.0,45.0,0.044444444444444446,2.0,0.08333333333333333,CS+,ITI,1.0,1.0,Global off,Global off,-2.0,-0.044444444444444446,-2.0,-0.08333333333333333,0.044444444444444446
11,29,0.0,0.0,0,0,0.0,0.0,0.0,0.0,0.0,0,0,1.0,2.0,Global off,Threat-like,2.0,45.0,0.044444444444444446,2.0,0.08333333333333333,ITI,ITI,1.0,2.0,Global off,Threat-like,-2.0,-0.044444444444444446,-2.0,-0.08333333333333333,0.044444444444444446
10,19,1.0,3.0,Global off,Safety-like,5.0,95.0,0.05263157894736842,5.0,0.20833333333333334,ITI,ITI,1.0,3.0,Global off,Safety-like,1.0,110.0,0.00909090909090909,1.0,0.041666666666666664,ITI,ITI,1.0,3.0,Global off,Safety-like,4.0,0.043540669856459324,4.0,0.16666666666666669,0.043540669856459324
18,27,3.0,4.0,Safety-like,Global on,4.0,75.0,0.05333333333333334,4.0,0.16666666666666666,ITI,ITI,3.0,4.0,Safety-like,Global on,1.0,98.0,0.01020408163265306,1.0,0.041666666666666664,ITI,CS-,3.0,4.0,Safety-like,Global on,3.0,0.04312925170068028,3.0,0.125,0.04312925170068028
8,3,4.0,1.0,Global on,Global off,4.0,93.0,0.043010752688172046,3.0,0.125,CS-,CS-,0.0,0.0,0,0,0.0,0.0,0.0,0.0,0.0,0,0,4.0,1.0,Global on,Global off,4.0,0.043010752688172046,3.0,0.125,0.043010752688172046
26,7,4.0,1.0,Global on,Global off,2.0,47.0,0.0425531914893617,1.0,0.041666666666666664,CS+,CS+,0.0,0.0,0,0,0.0,0.0,0.0,0.0,0.0,0,0,4.0,1.0,Global on,Global off,2.0,0.0425531914893617,1.0,0.041666666666666664,0.0425531914893617
26,30,4.0,4.0,Global on,Global on,2.0,47.0,0.0425531914893617,2.0,0.08333333333333333,CS+,CS+,0.0,0.0,0,0,0.0,0.0,0.0,0.0,0.0,0,0,4.0,4.0,Global on,Global on,2.0,0.0425531914893617,2.0,0.08333333333333333,0.0425531914893617
16,15,4.0,2.0,Global on,Threat-like,4.0,226.0,0.017699115044247787,4.0,0.16666666666666666,CS-,ITI,4.0,2.0,Global on,Threat-like,13.0,216.0,0.06018518518518518,11.0,0.4583333333333333,CS+,CS+,4.0,2.0,Global on,Threat-like,-9.0,-0.042486070140937394,-7.0,-0.29166666666666663,0.042486070140937394
20,24,3.0,4.0,Safety-like,Global on,3.0,205.0,0.014634146341463415,3.0,0.125,ITI,ITI,3.0,4.0,Safety-like,Global on,15.0,263.0,0.057034220532319393,9.0,0.375,ITI,ITI,3.0,4.0,Safety-like,Global on,-12.0,-0.04240007419085598,-6.0,-0.25,0.04240007419085598
8,20,4.0,3.0,Global on,Safety-like,6.0,93.0,0.06451612903225806,5.0,0.20833333333333334,ITI,ITI,4.0,3.0,Global on,Safety-like,2.0,90.0,0.022222222222222223,2.0,0.08333333333333333,CS-,ITI,4.0,3.0,Global on,Safety-like,4.0,0.042293906810035836,3.0,0.125,0.042293906810035836
9,5,1.0,1.0,Global off,Global off,9.0,115.0,0.0782608695652174,8.0,0.3333333333333333,ITI,ITI,1.0,1.0,Global off,Global off,5.0,139.0,0.03597122302158273,5.0,0.20833333333333334,CS+,ITI,1.0,1.0,Global off,Global off,4.0,0.042289646543634665,3.0,0.12499999999999997,0.042289646543634665
11,32,1.0,4.0,Global off,Global on,1.0,41.0,0.024390243902439025,1.0,0.041666666666666664,CS-,CS-,1.0,4.0,Global off,Global on,3.0,45.0,0.06666666666666667,3.0,0.125,CS-,CS+,1.0,4.0,Global off,Global on,-2.0,-0.04227642276422764,-2.0,-0.08333333333333334,0.04227642276422764
11,31,1.0,4.0,Global off,Global on,1.0,41.0,0.024390243902439025,1.0,0.041666666666666664,ITI,ITI,1.0,4.0,Global off,Global on,3.0,45.0,0.06666666666666667,3.0,0.125,CS+,CS+,1.0,4.0,Global off,Global on,-2.0,-0.04227642276422764,-2.0,-0.08333333333333334,0.04227642276422764
11,3,1.0,1.0,Global off,Global off,1.0,41.0,0.024390243902439025,1.0,0.041666666666666664,ITI,ITI,1.0,1.0,Global off,Global off,3.0,45.0,0.06666666666666667,3.0,0.125,ITI,CS+,1.0,1.0,Global off,Global off,-2.0,-0.04227642276422764,-2.0,-0.08333333333333334,0.04227642276422764
11,10,1.0,1.0,Global off,Global off,1.0,41.0,0.024390243902439025,1.0,0.041666666666666664,ITI,ITI,1.0,1.0,Global off,Global off,3.0,45.0,0.06666666666666667,3.0,0.125,ITI,CS+,1.0,1.0,Global off,Global off,-2.0,-0.04227642276422764,-2.0,-0.08333333333333334,0.04227642276422764
7,14,1.0,2.0,Global off,Threat-like,3.0,51.0,0.058823529411764705,3.0,0.125,ITI,ITI,1.0,2.0,Global off,Threat-like,1.0,60.0,0.016666666666666666,1.0,0.041666666666666664,CS+,CS+,1.0,2.0,Global off,Threat-like,2.0,0.04215686274509804,2.0,0.08333333333333334,0.04215686274509804
10,6,1.0,1.0,Global off,Global off,4.0,95.0,0.042105263157894736,4.0,0.16666666666666666,ITI,CS-,0.0,0.0,0,0,0.0,0.0,0.0,0.0,0.0,0,0,1.0,1.0,Global off,Global off,4.0,0.042105263157894736,4.0,0.16666666666666666,0.042105263157894736
8,32,4.0,4.0,Global on,Global on,7.0,93.0,0.07526881720430108,6.0,0.25,ITI,ITI,4.0,4.0,Global on,Global on,3.0,90.0,0.03333333333333333,3.0,0.125,ITI,ITI,4.0,4.0,Global on,Global on,4.0,0.041935483870967745,3.0,0.125,0.041935483870967745
19,28,3.0,4.0,Safety-like,Global on,4.0,140.0,0.02857142857142857,3.0,0.125,CS-,ITI,3.0,4.0,Safety-like,Global on,9.0,128.0,0.0703125,9.0,0.375,ITI,ITI,3.0,4.0,Safety-like,Global on,-5.0,-0.04174107142857143,-6.0,-0.25,0.04174107142857143
30,19,4.0,3.0,Global on,Safety-like,6.0,120.0,0.05,5.0,0.20833333333333334,ITI,ITI,4.0,3.0,Global on,Safety-like,1.0,118.0,0.00847457627118644,1.0,0.041666666666666664,ITI,ITI,4.0,3.0,Global on,Safety-like,5.0,0.041525423728813564,4.0,0.16666666666666669,0.041525423728813564
3,8,0.0,0.0,0,0,0.0,0.0,0.0,0.0,0.0,0,0,1.0,4.0,Global off,Global on,5.0,121.0,0.04132231404958678,5.0,0.20833333333333334,ITI,CS+,1.0,4.0,Global off,Global on,-5.0,-0.04132231404958678,-5.0,-0.20833333333333334,0.04132231404958678
22,28,4.0,4.0,Global on,Global on,3.0,44.0,0.06818181818181818,3.0,0.125,ITI,ITI,4.0,4.0,Global on,Global on,1.0,37.0,0.02702702702702703,1.0,0.041666666666666664,CS-,CS-,4.0,4.0,Global on,Global on,2.0,0.04115479115479115,2.0,0.08333333333333334,0.04115479115479115
6,12,1.0,4.0,Global off,Global on,3.0,73.0,0.0410958904109589,2.0,0.08333333333333333,CS-,ITI,0.0,0.0,0,0,0.0,0.0,0.0,0.0,0.0,0,0,1.0,4.0,Global off,Global on,3.0,0.0410958904109589,2.0,0.08333333333333333,0.0410958904109589
6,4,1.0,3.0,Global off,Safety-like,3.0,73.0,0.0410958904109589,2.0,0.08333333333333333,CS-,ITI,0.0,0.0,0,0,0.0,0.0,0.0,0.0,0.0,0,0,1.0,3.0,Global off,Safety-like,3.0,0.0410958904109589,2.0,0.08333333333333333,0.0410958904109589
6,17,1.0,1.0,Global off,Global off,3.0,73.0,0.0410958904109589,3.0,0.125,ITI,ITI,0.0,0.0,0,0,0.0,0.0,0.0,0.0,0.0,0,0,1.0,1.0,Global off,Global off,3.0,0.0410958904109589,3.0,0.125,0.0410958904109589
19,18,3.0,3.0,Safety-like,Safety-like,3.0,140.0,0.02142857142857143,3.0,0.125,ITI,ITI,3.0,3.0,Safety-like,Safety-like,8.0,128.0,0.0625,5.0,0.20833333333333334,ITI,ITI,3.0,3.0,Safety-like,Safety-like,-5.0,-0.04107142857142857,-2.0,-0.08333333333333334,0.04107142857142857
29,32,2.0,4.0,Threat-like,Global on,29.0,196.0,0.14795918367346939,14.0,0.5833333333333334,ITI,ITI,2.0,4.0,Threat-like,Global on,21.0,196.0,0.10714285714285714,15.0,0.625,CS-,CS-,2.0,4.0,Threat-like,Global on,8.0,0.04081632653061225,-1.0,-0.04166666666666663,0.04081632653061225
18,13,0.0,0.0,0,0,0.0,0.0,0.0,0.0,0.0,0,0,3.0,2.0,Safety-like,Threat-like,4.0,98.0,0.04081632653061224,4.0,0.16666666666666666,ITI,CS-,3.0,2.0,Safety-like,Threat-like,-4.0,-0.04081632653061224,-4.0,-0.16666666666666666,0.04081632653061224
29,13,2.0,2.0,Threat-like,Threat-like,9.0,196.0,0.04591836734693878,5.0,0.20833333333333334,ITI,ITI,2.0,2.0,Threat-like,Threat-like,17.0,196.0,0.08673469387755102,13.0,0.5416666666666666,CS+,ITI,2.0,2.0,Threat-like,Threat-like,-8.0,-0.04081632653061224,-8.0,-0.33333333333333326,0.04081632653061224
4,14,3.0,2.0,Safety-like,Threat-like,3.0,204.0,0.014705882352941176,2.0,0.08333333333333333,CS+,CS+,3.0,2.0,Safety-like,Threat-like,10.0,182.0,0.054945054945054944,8.0,0.3333333333333333,ITI,ITI,3.0,2.0,Safety-like,Threat-like,-7.0,-0.040239172592113764,-6.0,-0.25,0.040239172592113764
16,32,4.0,4.0,Global on,Global on,33.0,226.0,0.14601769911504425,18.0,0.75,ITI,ITI,4.0,4.0,Global on,Global on,23.0,216.0,0.10648148148148148,13.0,0.5416666666666666,ITI,ITI,4.0,4.0,Global on,Global on,10.0,0.03953621763356277,5.0,0.20833333333333337,0.03953621763356277
27,31,4.0,4.0,Global on,Global on,3.0,58.0,0.05172413793103448,3.0,0.125,ITI,ITI,4.0,4.0,Global on,Global on,1.0,80.0,0.0125,1.0,0.041666666666666664,ITI,ITI,4.0,4.0,Global on,Global on,2.0,0.03922413793103448,2.0,0.08333333333333334,0.03922413793103448
27,2,4.0,1.0,Global on,Global off,3.0,58.0,0.05172413793103448,3.0,0.125,ITI,CS-,4.0,1.0,Global on,Global off,1.0,80.0,0.0125,1.0,0.041666666666666664,ITI,ITI,4.0,1.0,Global on,Global off,2.0,0.03922413793103448,2.0,0.08333333333333334,0.03922413793103448
7,30,1.0,4.0,Global off,Global on,2.0,51.0,0.0392156862745098,2.0,0.08333333333333333,CS+,CS+,0.0,0.0,0,0,0.0,0.0,0.0,0.0,0.0,0,0,1.0,4.0,Global off,Global on,2.0,0.0392156862745098,2.0,0.08333333333333333,0.0392156862745098
4,24,3.0,4.0,Safety-like,Global on,8.0,204.0,0.0392156862745098,6.0,0.25,ITI,ITI,0.0,0.0,0,0,0.0,0.0,0.0,0.0,0.0,0,0,3.0,4.0,Safety-like,Global on,8.0,0.0392156862745098,6.0,0.25,0.0392156862745098
18,2,3.0,1.0,Safety-like,Global off,6.0,75.0,0.08,6.0,0.25,ITI,ITI,3.0,1.0,Safety-like,Global off,4.0,98.0,0.04081632653061224,3.0,0.125,CS-,CS-,3.0,1.0,Safety-like,Global off,2.0,0.03918367346938776,3.0,0.125,0.03918367346938776
23,15,4.0,2.0,Global on,Threat-like,4.0,82.0,0.04878048780487805,4.0,0.16666666666666666,ITI,CS-,4.0,2.0,Global on,Threat-like,1.0,104.0,0.009615384615384616,1.0,0.041666666666666664,ITI,ITI,4.0,2.0,Global on,Threat-like,3.0,0.039165103189493435,3.0,0.125,0.039165103189493435
21,31,1.0,4.0,Global off,Global on,2.0,93.0,0.021505376344086023,2.0,0.08333333333333333,CS-,CS-,1.0,4.0,Global off,Global on,6.0,99.0,0.06060606060606061,6.0,0.25,ITI,ITI,1.0,4.0,Global off,Global on,-4.0,-0.039100684261974585,-4.0,-0.16666666666666669,0.039100684261974585
24,17,4.0,1.0,Global on,Global off,7.0,121.0,0.05785123966942149,7.0,0.2916666666666667,ITI,ITI,4.0,1.0,Global on,Global off,3.0,159.0,0.018867924528301886,3.0,0.125,ITI,ITI,4.0,1.0,Global on,Global off,4.0,0.03898331514111961,4.0,0.16666666666666669,0.03898331514111961
16,13,4.0,2.0,Global on,Threat-like,8.0,226.0,0.035398230088495575,7.0,0.2916666666666667,ITI,ITI,4.0,2.0,Global on,Threat-like,16.0,216.0,0.07407407407407407,10.0,0.4166666666666667,CS+,ITI,4.0,2.0,Global on,Threat-like,-8.0,-0.038675843985578495,-3.0,-0.125,0.038675843985578495
23,21,0.0,0.0,0,0,0.0,0.0,0.0,0.0,0.0,0,0,4.0,1.0,Global on,Global off,4.0,104.0,0.038461538461538464,4.0,0.16666666666666666,CS-,ITI,4.0,1.0,Global on,Global off,-4.0,-0.038461538461538464,-4.0,-0.16666666666666666,0.038461538461538464
7,32,1.0,4.0,Global off,Global on,7.0,51.0,0.13725490196078433,6.0,0.25,ITI,ITI,1.0,4.0,Global off,Global on,6.0,60.0,0.1,5.0,0.20833333333333334,CS+,ITI,1.0,4.0,Global off,Global on,1.0,0.03725490196078432,1.0,0.04166666666666666,0.03725490196078432
22,8,4.0,4.0,Global on,Global on,4.0,44.0,0.09090909090909091,4.0,0.16666666666666666,ITI,CS-,4.0,4.0,Global on,Global on,2.0,37.0,0.05405405405405406,2.0,0.08333333333333333,CS-,ITI,4.0,4.0,Global on,Global on,2.0,0.036855036855036855,2.0,0.08333333333333333,0.036855036855036855
12,14,4.0,2.0,Global on,Threat-like,1.0,92.0,0.010869565217391304,1.0,0.041666666666666664,ITI,CS-,4.0,2.0,Global on,Threat-like,4.0,84.0,0.047619047619047616,4.0,0.16666666666666666,CS+,CS+,4.0,2.0,Global on,Threat-like,-3.0,-0.03674948240165631,-3.0,-0.125,0.03674948240165631
26,19,0.0,0.0,0,0,0.0,0.0,0.0,0.0,0.0,0,0,4.0,3.0,Global on,Safety-like,2.0,55.0,0.03636363636363636,2.0,0.08333333333333333,CS-,ITI,4.0,3.0,Global on,Safety-like,-2.0,-0.03636363636363636,-2.0,-0.08333333333333333,0.03636363636363636
23,24,4.0,4.0,Global on,Global on,1.0,82.0,0.012195121951219513,1.0,0.041666666666666664,ITI,ITI,4.0,4.0,Global on,Global on,5.0,104.0,0.04807692307692308,5.0,0.20833333333333334,CS+,CS-,4.0,4.0,Global on,Global on,-4.0,-0.035881801125703564,-4.0,-0.16666666666666669,0.035881801125703564
25,1,1.0,1.0,Global off,Global off,10.0,99.0,0.10101010101010101,7.0,0.2916666666666667,ITI,ITI,1.0,1.0,Global off,Global off,6.0,92.0,0.06521739130434782,5.0,0.20833333333333334,ITI,CS+,1.0,1.0,Global off,Global off,4.0,0.035792709705753184,2.0,0.08333333333333334,0.035792709705753184
29,28,2.0,4.0,Threat-like,Global on,4.0,196.0,0.02040816326530612,3.0,0.125,ITI,ITI,2.0,4.0,Threat-like,Global on,11.0,196.0,0.05612244897959184,9.0,0.375,ITI,ITI,2.0,4.0,Threat-like,Global on,-7.0,-0.03571428571428571,-6.0,-0.25,0.03571428571428571
6,31,1.0,4.0,Global off,Global on,1.0,73.0,0.0136986301369863,1.0,0.041666666666666664,ITI,ITI,1.0,4.0,Global off,Global on,3.0,61.0,0.04918032786885246,2.0,0.08333333333333333,CS-,ITI,1.0,4.0,Global off,Global on,-2.0,-0.03548169773186616,-1.0,-0.041666666666666664,0.03548169773186616
28,26,4.0,4.0,Global on,Global on,7.0,145.0,0.04827586206896552,7.0,0.2916666666666667,ITI,ITI,4.0,4.0,Global on,Global on,2.0,155.0,0.012903225806451613,2.0,0.08333333333333333,CS-,CS+,4.0,4.0,Global on,Global on,5.0,0.035372636262513905,5.0,0.20833333333333337,0.035372636262513905
3,17,1.0,1.0,Global off,Global off,4.0,102.0,0.0392156862745098,4.0,0.16666666666666666,ITI,CS+,1.0,1.0,Global off,Global off,9.0,121.0,0.0743801652892562,8.0,0.3333333333333333,ITI,ITI,1.0,1.0,Global off,Global off,-5.0,-0.0351644790147464,-4.0,-0.16666666666666666,0.0351644790147464
10,18,1.0,3.0,Global off,Safety-like,1.0,95.0,0.010526315789473684,1.0,0.041666666666666664,ITI,ITI,1.0,3.0,Global off,Safety-like,5.0,110.0,0.045454545454545456,4.0,0.16666666666666666,ITI,ITI,1.0,3.0,Global off,Safety-like,-4.0,-0.034928229665071774,-3.0,-0.125,0.034928229665071774
20,27,3.0,4.0,Safety-like,Global on,3.0,205.0,0.014634146341463415,3.0,0.125,ITI,ITI,3.0,4.0,Safety-like,Global on,13.0,263.0,0.049429657794676805,9.0,0.375,ITI,ITI,3.0,4.0,Safety-like,Global on,-10.0,-0.03479551145321339,-6.0,-0.25,0.03479551145321339
13,32,2.0,4.0,Threat-like,Global on,23.0,205.0,0.11219512195121951,15.0,0.625,ITI,ITI,2.0,4.0,Threat-like,Global on,20.0,258.0,0.07751937984496124,15.0,0.625,CS+,ITI,2.0,4.0,Threat-like,Global on,3.0,0.034675742106258275,0.0,0.0,0.034675742106258275
18,4,3.0,3.0,Safety-like,Safety-like,2.0,75.0,0.02666666666666667,2.0,0.08333333333333333,CS-,ITI,3.0,3.0,Safety-like,Safety-like,6.0,98.0,0.061224489795918366,5.0,0.20833333333333334,CS-,CS-,3.0,3.0,Safety-like,Safety-like,-4.0,-0.034557823129251694,-3.0,-0.125,0.034557823129251694
10,9,1.0,1.0,Global off,Global off,5.0,95.0,0.05263157894736842,4.0,0.16666666666666666,CS+,CS+,1.0,1.0,Global off,Global off,2.0,110.0,0.01818181818181818,2.0,0.08333333333333333,CS+,CS+,1.0,1.0,Global off,Global off,3.0,0.03444976076555024,2.0,0.08333333333333333,0.03444976076555024
8,4,4.0,3.0,Global on,Safety-like,3.0,93.0,0.03225806451612903,2.0,0.08333333333333333,CS-,CS-,4.0,3.0,Global on,Safety-like,6.0,90.0,0.06666666666666667,6.0,0.25,ITI,ITI,4.0,3.0,Global on,Safety-like,-3.0,-0.034408602150537634,-4.0,-0.16666666666666669,0.034408602150537634
16,29,4.0,2.0,Global on,Threat-like,9.0,226.0,0.03982300884955752,7.0,0.2916666666666667,ITI,ITI,4.0,2.0,Global on,Threat-like,16.0,216.0,0.07407407407407407,11.0,0.4583333333333333,ITI,ITI,4.0,2.0,Global on,Threat-like,-7.0,-0.03425106522451655,-4.0,-0.16666666666666663,0.03425106522451655
25,14,1.0,2.0,Global off,Threat-like,2.0,99.0,0.020202020202020204,2.0,0.08333333333333333,CS-,CS-,1.0,2.0,Global off,Threat-like,5.0,92.0,0.05434782608695652,5.0,0.20833333333333334,CS-,CS+,1.0,2.0,Global off,Threat-like,-3.0,-0.03414580588493632,-3.0,-0.125,0.03414580588493632
20,4,3.0,3.0,Safety-like,Safety-like,14.0,205.0,0.06829268292682927,9.0,0.375,ITI,ITI,3.0,3.0,Safety-like,Safety-like,9.0,263.0,0.034220532319391636,7.0,0.2916666666666667,ITI,ITI,3.0,3.0,Safety-like,Safety-like,5.0,0.03407215060743764,2.0,0.08333333333333331,0.03407215060743764
17,3,1.0,1.0,Global off,Global off,4.0,234.0,0.017094017094017096,3.0,0.125,ITI,CS-,1.0,1.0,Global off,Global off,11.0,215.0,0.05116279069767442,9.0,0.375,ITI,CS+,1.0,1.0,Global off,Global off,-7.0,-0.03406877360365732,-6.0,-0.25,0.03406877360365732
17,16,1.0,4.0,Global off,Global on,4.0,234.0,0.017094017094017096,4.0,0.16666666666666666,CS+,CS+,1.0,4.0,Global off,Global on,11.0,215.0,0.05116279069767442,9.0,0.375,ITI,CS+,1.0,4.0,Global off,Global on,-7.0,-0.03406877360365732,-5.0,-0.20833333333333334,0.03406877360365732
8,14,4.0,2.0,Global on,Threat-like,2.0,93.0,0.021505376344086023,2.0,0.08333333333333333,ITI,ITI,4.0,2.0,Global on,Threat-like,5.0,90.0,0.05555555555555555,4.0,0.16666666666666666,ITI,CS+,4.0,2.0,Global on,Threat-like,-3.0,-0.03405017921146953,-2.0,-0.08333333333333333,0.03405017921146953
5,4,1.0,3.0,Global off,Safety-like,8.0,148.0,0.05405405405405406,7.0,0.2916666666666667,ITI,ITI,1.0,3.0,Global off,Safety-like,3.0,148.0,0.02027027027027027,2.0,0.08333333333333333,ITI,ITI,1.0,3.0,Global off,Safety-like,5.0,0.033783783783783786,5.0,0.20833333333333337,0.033783783783783786
5,32,1.0,4.0,Global off,Global on,18.0,148.0,0.12162162162162163,15.0,0.625,CS+,ITI,1.0,4.0,Global off,Global on,13.0,148.0,0.08783783783783784,11.0,0.4583333333333333,ITI,ITI,1.0,4.0,Global off,Global on,5.0,0.033783783783783786,4.0,0.16666666666666669,0.033783783783783786
5,31,1.0,4.0,Global off,Global on,5.0,148.0,0.033783783783783786,5.0,0.20833333333333334,CS-,CS-,1.0,4.0,Global off,Global on,10.0,148.0,0.06756756756756757,7.0,0.2916666666666667,CS+,ITI,1.0,4.0,Global off,Global on,-5.0,-0.033783783783783786,-2.0,-0.08333333333333334,0.033783783783783786
8,23,4.0,4.0,Global on,Global on,1.0,93.0,0.010752688172043012,1.0,0.041666666666666664,CS+,ITI,4.0,4.0,Global on,Global on,4.0,90.0,0.044444444444444446,3.0,0.125,ITI,CS-,4.0,4.0,Global on,Global on,-3.0,-0.03369175627240144,-2.0,-0.08333333333333334,0.03369175627240144
16,5,4.0,1.0,Global on,Global off,5.0,226.0,0.022123893805309734,4.0,0.16666666666666666,ITI,ITI,4.0,1.0,Global on,Global off,12.0,216.0,0.05555555555555555,11.0,0.4583333333333333,ITI,ITI,4.0,1.0,Global on,Global off,-7.0,-0.03343166175024582,-7.0,-0.29166666666666663,0.03343166175024582
8,21,0.0,0.0,0,0,0.0,0.0,0.0,0.0,0.0,0,0,4.0,1.0,Global on,Global off,3.0,90.0,0.03333333333333333,2.0,0.08333333333333333,ITI,ITI,4.0,1.0,Global on,Global off,-3.0,-0.03333333333333333,-2.0,-0.08333333333333333,0.03333333333333333
7,8,0.0,0.0,0,0,0.0,0.0,0.0,0.0,0.0,0,0,1.0,4.0,Global off,Global on,2.0,60.0,0.03333333333333333,2.0,0.08333333333333333,CS-,ITI,1.0,4.0,Global off,Global on,-2.0,-0.03333333333333333,-2.0,-0.08333333333333333,0.03333333333333333
23,2,4.0,1.0,Global on,Global off,2.0,82.0,0.024390243902439025,2.0,0.08333333333333333,CS-,CS-,4.0,1.0,Global on,Global off,6.0,104.0,0.057692307692307696,4.0,0.16666666666666666,ITI,ITI,4.0,1.0,Global on,Global off,-4.0,-0.03330206378986867,-2.0,-0.08333333333333333,0.03330206378986867
20,10,3.0,1.0,Safety-like,Global off,1.0,205.0,0.004878048780487805,1.0,0.041666666666666664,ITI,CS+,3.0,1.0,Safety-like,Global off,10.0,263.0,0.03802281368821293,6.0,0.25,ITI,ITI,3.0,1.0,Safety-like,Global off,-9.0,-0.033144764907725124,-5.0,-0.20833333333333334,0.033144764907725124
3,30,0.0,0.0,0,0,0.0,0.0,0.0,0.0,0.0,0,0,1.0,4.0,Global off,Global on,4.0,121.0,0.03305785123966942,3.0,0.125,ITI,ITI,1.0,4.0,Global off,Global on,-4.0,-0.03305785123966942,-3.0,-0.125,0.03305785123966942
10,25,1.0,1.0,Global off,Global off,4.0,95.0,0.042105263157894736,4.0,0.16666666666666666,ITI,ITI,1.0,1.0,Global off,Global off,1.0,110.0,0.00909090909090909,1.0,0.041666666666666664,ITI,CS-,1.0,1.0,Global off,Global off,3.0,0.03301435406698565,3.0,0.125,0.03301435406698565
18,10,3.0,1.0,Safety-like,Global off,4.0,75.0,0.05333333333333334,3.0,0.125,ITI,CS+,3.0,1.0,Safety-like,Global off,2.0,98.0,0.02040816326530612,2.0,0.08333333333333333,CS+,CS+,3.0,1.0,Safety-like,Global off,2.0,0.03292517006802721,1.0,0.04166666666666667,0.03292517006802721
6,10,0.0,0.0,0,0,0.0,0.0,0.0,0.0,0.0,0,0,1.0,1.0,Global off,Global off,2.0,61.0,0.03278688524590164,2.0,0.08333333333333333,ITI,ITI,1.0,1.0,Global off,Global off,-2.0,-0.03278688524590164,-2.0,-0.08333333333333333,0.03278688524590164
31,32,4.0,4.0,Global on,Global on,48.0,220.0,0.21818181818181817,21.0,0.875,ITI,ITI,4.0,4.0,Global on,Global on,41.0,221.0,0.18552036199095023,15.0,0.625,ITI,ITI,4.0,4.0,Global on,Global on,7.0,0.03266145619086794,6.0,0.25,0.03266145619086794
16,9,4.0,1.0,Global on,Global off,1.0,226.0,0.004424778761061947,1.0,0.041666666666666664,ITI,ITI,4.0,1.0,Global on,Global off,8.0,216.0,0.037037037037037035,7.0,0.2916666666666667,ITI,ITI,4.0,1.0,Global on,Global off,-7.0,-0.03261225827597509,-6.0,-0.25,0.03261225827597509
12,30,4.0,4.0,Global on,Global on,3.0,92.0,0.03260869565217391,3.0,0.125,CS+,CS-,0.0,0.0,0,0,0.0,0.0,0.0,0.0,0.0,0,0,4.0,4.0,Global on,Global on,3.0,0.03260869565217391,3.0,0.125,0.03260869565217391
6,16,1.0,4.0,Global off,Global on,6.0,73.0,0.0821917808219178,5.0,0.20833333333333334,CS+,ITI,1.0,4.0,Global off,Global on,7.0,61.0,0.11475409836065574,5.0,0.20833333333333334,ITI,ITI,1.0,4.0,Global off,Global on,-1.0,-0.03256231753873794,0.0,0.0,0.03256231753873794
22,1,4.0,1.0,Global on,Global off,5.0,44.0,0.11363636363636363,5.0,0.20833333333333334,CS+,ITI,4.0,1.0,Global on,Global off,3.0,37.0,0.08108108108108109,3.0,0.125,ITI,CS+,4.0,1.0,Global on,Global off,2.0,0.03255528255528255,2.0,0.08333333333333334,0.03255528255528255
21,3,1.0,1.0,Global off,Global off,3.0,93.0,0.03225806451612903,3.0,0.125,ITI,ITI,0.0,0.0,0,0,0.0,0.0,0.0,0.0,0.0,0,0,1.0,1.0,Global off,Global off,3.0,0.03225806451612903,3.0,0.125,0.03225806451612903
18,20,3.0,3.0,Safety-like,Safety-like,6.0,75.0,0.08,5.0,0.20833333333333334,ITI,ITI,3.0,3.0,Safety-like,Safety-like,11.0,98.0,0.11224489795918367,6.0,0.25,ITI,ITI,3.0,3.0,Safety-like,Safety-like,-5.0,-0.03224489795918367,-1.0,-0.04166666666666666,0.03224489795918367
24,1,4.0,1.0,Global on,Global off,3.0,121.0,0.024793388429752067,3.0,0.125,CS+,ITI,4.0,1.0,Global on,Global off,9.0,159.0,0.05660377358490566,8.0,0.3333333333333333,ITI,ITI,4.0,1.0,Global on,Global off,-6.0,-0.031810385155153595,-5.0,-0.20833333333333331,0.031810385155153595
3,19,1.0,3.0,Global off,Safety-like,1.0,102.0,0.00980392156862745,1.0,0.041666666666666664,ITI,ITI,1.0,3.0,Global off,Safety-like,5.0,121.0,0.04132231404958678,5.0,0.20833333333333334,ITI,CS-,1.0,3.0,Global off,Safety-like,-4.0,-0.03151839248095933,-4.0,-0.16666666666666669,0.03151839248095933
22,30,4.0,4.0,Global on,Global on,1.0,44.0,0.022727272727272728,1.0,0.041666666666666664,ITI,ITI,4.0,4.0,Global on,Global on,2.0,37.0,0.05405405405405406,2.0,0.08333333333333333,ITI,ITI,4.0,4.0,Global on,Global on,-1.0,-0.03132678132678133,-1.0,-0.041666666666666664,0.03132678132678133
24,32,4.0,4.0,Global on,Global on,19.0,121.0,0.15702479338842976,12.0,0.5,ITI,ITI,4.0,4.0,Global on,Global on,20.0,159.0,0.12578616352201258,13.0,0.5416666666666666,ITI,ITI,4.0,4.0,Global on,Global on,-1.0,0.031238629866417178,-1.0,-0.04166666666666663,0.031238629866417178
15,21,2.0,1.0,Threat-like,Global off,4.0,100.0,0.04,4.0,0.16666666666666666,ITI,ITI,2.0,1.0,Threat-like,Global off,1.0,112.0,0.008928571428571428,1.0,0.041666666666666664,CS-,ITI,2.0,1.0,Threat-like,Global off,3.0,0.031071428571428573,3.0,0.125,0.031071428571428573
15,28,2.0,4.0,Threat-like,Global on,4.0,100.0,0.04,4.0,0.16666666666666666,CS-,CS-,2.0,4.0,Threat-like,Global on,1.0,112.0,0.008928571428571428,1.0,0.041666666666666664,CS+,CS+,2.0,4.0,Threat-like,Global on,3.0,0.031071428571428573,3.0,0.125,0.031071428571428573
23,29,4.0,2.0,Global on,Threat-like,3.0,82.0,0.036585365853658534,3.0,0.125,CS-,ITI,4.0,2.0,Global on,Threat-like,7.0,104.0,0.0673076923076923,5.0,0.20833333333333334,ITI,ITI,4.0,2.0,Global on,Threat-like,-4.0,-0.03072232645403377,-2.0,-0.08333333333333334,0.03072232645403377
29,12,2.0,4.0,Threat-like,Global on,8.0,196.0,0.04081632653061224,7.0,0.2916666666666667,ITI,ITI,2.0,4.0,Threat-like,Global on,2.0,196.0,0.01020408163265306,2.0,0.08333333333333333,CS+,CS+,2.0,4.0,Threat-like,Global on,6.0,0.030612244897959183,5.0,0.20833333333333337,0.030612244897959183
29,8,2.0,4.0,Threat-like,Global on,8.0,196.0,0.04081632653061224,8.0,0.3333333333333333,ITI,ITI,2.0,4.0,Threat-like,Global on,2.0,196.0,0.01020408163265306,2.0,0.08333333333333333,CS-,CS+,2.0,4.0,Threat-like,Global on,6.0,0.030612244897959183,6.0,0.25,0.030612244897959183
18,24,0.0,0.0,0,0,0.0,0.0,0.0,0.0,0.0,0,0,3.0,4.0,Safety-like,Global on,3.0,98.0,0.030612244897959183,3.0,0.125,ITI,ITI,3.0,4.0,Safety-like,Global on,-3.0,-0.030612244897959183,-3.0,-0.125,0.030612244897959183
18,9,0.0,0.0,0,0,0.0,0.0,0.0,0.0,0.0,0,0,3.0,1.0,Safety-like,Global off,3.0,98.0,0.030612244897959183,3.0,0.125,ITI,CS+,3.0,1.0,Safety-like,Global off,-3.0,-0.030612244897959183,-3.0,-0.125,0.030612244897959183
8,29,4.0,2.0,Global on,Threat-like,8.0,93.0,0.08602150537634409,6.0,0.25,ITI,ITI,4.0,2.0,Global on,Threat-like,5.0,90.0,0.05555555555555555,5.0,0.20833333333333334,CS-,ITI,4.0,2.0,Global on,Threat-like,3.0,0.03046594982078854,1.0,0.04166666666666666,0.03046594982078854
15,14,2.0,2.0,Threat-like,Threat-like,5.0,100.0,0.05,4.0,0.16666666666666666,CS-,ITI,2.0,2.0,Threat-like,Threat-like,9.0,112.0,0.08035714285714286,8.0,0.3333333333333333,CS+,ITI,2.0,2.0,Threat-like,Threat-like,-4.0,-0.03035714285714286,-4.0,-0.16666666666666666,0.03035714285714286
21,10,0.0,0.0,0,0,0.0,0.0,0.0,0.0,0.0,0,0,1.0,1.0,Global off,Global off,3.0,99.0,0.030303030303030304,3.0,0.125,ITI,CS-,1.0,1.0,Global off,Global off,-3.0,-0.030303030303030304,-3.0,-0.125,0.030303030303030304
26,20,4.0,3.0,Global on,Safety-like,2.0,47.0,0.0425531914893617,2.0,0.08333333333333333,ITI,CS-,4.0,3.0,Global on,Safety-like,4.0,55.0,0.07272727272727272,4.0,0.16666666666666666,ITI,ITI,4.0,3.0,Global on,Safety-like,-2.0,-0.030174081237911023,-2.0,-0.08333333333333333,0.030174081237911023
15,25,2.0,1.0,Threat-like,Global off,3.0,100.0,0.03,3.0,0.125,CS-,ITI,0.0,0.0,0,0,0.0,0.0,0.0,0.0,0.0,0,0,2.0,1.0,Threat-like,Global off,3.0,0.03,3.0,0.125,0.03
4,13,3.0,2.0,Safety-like,Threat-like,4.0,204.0,0.0196078431372549,4.0,0.16666666666666666,ITI,ITI,3.0,2.0,Safety-like,Threat-like,9.0,182.0,0.04945054945054945,6.0,0.25,CS+,CS+,3.0,2.0,Safety-like,Threat-like,-5.0,-0.029842706313294547,-2.0,-0.08333333333333334,0.029842706313294547
18,22,3.0,4.0,Safety-like,Global on,3.0,75.0,0.04,3.0,0.125,ITI,ITI,3.0,4.0,Safety-like,Global on,1.0,98.0,0.01020408163265306,1.0,0.041666666666666664,CS-,CS-,3.0,4.0,Safety-like,Global on,2.0,0.029795918367346942,2.0,0.08333333333333334,0.029795918367346942
18,16,3.0,4.0,Safety-like,Global on,3.0,75.0,0.04,3.0,0.125,CS+,CS-,3.0,4.0,Safety-like,Global on,1.0,98.0,0.01020408163265306,1.0,0.041666666666666664,CS-,CS-,3.0,4.0,Safety-like,Global on,2.0,0.029795918367346942,2.0,0.08333333333333334,0.029795918367346942
16,14,4.0,2.0,Global on,Threat-like,13.0,226.0,0.05752212389380531,10.0,0.4166666666666667,CS+,ITI,4.0,2.0,Global on,Threat-like,6.0,216.0,0.027777777777777776,5.0,0.20833333333333334,ITI,ITI,4.0,2.0,Global on,Threat-like,7.0,0.029744346116027533,5.0,0.20833333333333334,0.029744346116027533
10,14,1.0,2.0,Global off,Threat-like,8.0,95.0,0.08421052631578947,6.0,0.25,CS+,CS+,1.0,2.0,Global off,Threat-like,6.0,110.0,0.05454545454545454,5.0,0.20833333333333334,CS+,ITI,1.0,2.0,Global off,Threat-like,2.0,0.02966507177033493,1.0,0.04166666666666666,0.02966507177033493
25,16,1.0,4.0,Global off,Global on,4.0,99.0,0.04040404040404041,3.0,0.125,CS+,CS+,1.0,4.0,Global off,Global on,1.0,92.0,0.010869565217391304,1.0,0.041666666666666664,ITI,CS+,1.0,4.0,Global off,Global on,3.0,0.029534475186649103,2.0,0.08333333333333334,0.029534475186649103
20,2,3.0,1.0,Safety-like,Global off,8.0,205.0,0.03902439024390244,7.0,0.2916666666666667,ITI,CS+,3.0,1.0,Safety-like,Global off,18.0,263.0,0.06844106463878327,11.0,0.4583333333333333,ITI,CS+,3.0,1.0,Safety-like,Global off,-10.0,-0.029416674394880833,-4.0,-0.16666666666666663,0.029416674394880833
9,12,1.0,4.0,Global off,Global on,5.0,115.0,0.043478260869565216,4.0,0.16666666666666666,ITI,ITI,1.0,4.0,Global off,Global on,2.0,139.0,0.014388489208633094,2.0,0.08333333333333333,CS+,ITI,1.0,4.0,Global off,Global on,3.0,0.029089771660932122,2.0,0.08333333333333333,0.029089771660932122
21,13,1.0,2.0,Global off,Threat-like,2.0,93.0,0.021505376344086023,2.0,0.08333333333333333,ITI,CS+,1.0,2.0,Global off,Threat-like,5.0,99.0,0.050505050505050504,3.0,0.125,CS+,ITI,1.0,2.0,Global off,Threat-like,-3.0,-0.02899967416096448,-1.0,-0.04166666666666667,0.02899967416096448
3,32,1.0,4.0,Global off,Global on,8.0,102.0,0.0784313725490196,6.0,0.25,ITI,ITI,1.0,4.0,Global off,Global on,6.0,121.0,0.049586776859504134,5.0,0.20833333333333334,ITI,ITI,1.0,4.0,Global off,Global on,2.0,0.028844595689515473,1.0,0.04166666666666666,0.028844595689515473
1,17,1.0,1.0,Global off,Global off,32.0,408.0,0.0784313725490196,17.0,0.7083333333333334,ITI,ITI,1.0,1.0,Global off,Global off,21.0,421.0,0.0498812351543943,12.0,0.5,ITI,ITI,1.0,1.0,Global off,Global off,11.0,0.028550137394625308,5.0,0.20833333333333337,0.028550137394625308
14,16,2.0,4.0,Threat-like,Global on,11.0,124.0,0.08870967741935484,8.0,0.3333333333333333,ITI,ITI,2.0,4.0,Threat-like,Global on,10.0,166.0,0.060240963855421686,9.0,0.375,ITI,ITI,2.0,4.0,Threat-like,Global on,1.0,0.028468713563933157,-1.0,-0.041666666666666685,0.028468713563933157
24,16,4.0,4.0,Global on,Global on,8.0,121.0,0.06611570247933884,7.0,0.2916666666666667,CS-,CS-,4.0,4.0,Global on,Global on,6.0,159.0,0.03773584905660377,5.0,0.20833333333333334,CS+,CS+,4.0,4.0,Global on,Global on,2.0,0.028379853422735073,2.0,0.08333333333333334,0.028379853422735073
25,13,1.0,2.0,Global off,Threat-like,6.0,99.0,0.06060606060606061,6.0,0.25,ITI,CS+,1.0,2.0,Global off,Threat-like,3.0,92.0,0.03260869565217391,3.0,0.125,CS+,CS+,1.0,2.0,Global off,Threat-like,3.0,0.027997364953886696,3.0,0.125,0.027997364953886696
18,5,3.0,1.0,Safety-like,Global off,1.0,75.0,0.013333333333333334,1.0,0.041666666666666664,CS+,ITI,3.0,1.0,Safety-like,Global off,4.0,98.0,0.04081632653061224,3.0,0.125,CS+,CS+,3.0,1.0,Safety-like,Global off,-3.0,-0.027482993197278906,-2.0,-0.08333333333333334,0.027482993197278906
6,28,1.0,4.0,Global off,Global on,2.0,73.0,0.0273972602739726,2.0,0.08333333333333333,CS+,ITI,0.0,0.0,0,0,0.0,0.0,0.0,0.0,0.0,0,0,1.0,4.0,Global off,Global on,2.0,0.0273972602739726,2.0,0.08333333333333333,0.0273972602739726
6,25,1.0,1.0,Global off,Global off,2.0,73.0,0.0273972602739726,2.0,0.08333333333333333,CS-,ITI,0.0,0.0,0,0,0.0,0.0,0.0,0.0,0.0,0,0,1.0,1.0,Global off,Global off,2.0,0.0273972602739726,2.0,0.08333333333333333,0.0273972602739726
25,29,1.0,2.0,Global off,Threat-like,7.0,99.0,0.0707070707070707,7.0,0.2916666666666667,CS-,ITI,1.0,2.0,Global off,Threat-like,4.0,92.0,0.043478260869565216,4.0,0.16666666666666666,CS-,CS+,1.0,2.0,Global off,Threat-like,3.0,0.027228809837505488,3.0,0.12500000000000003,0.027228809837505488
17,32,1.0,4.0,Global off,Global on,10.0,234.0,0.042735042735042736,7.0,0.2916666666666667,ITI,ITI,1.0,4.0,Global off,Global on,15.0,215.0,0.06976744186046512,13.0,0.5416666666666666,ITI,ITI,1.0,4.0,Global off,Global on,-5.0,-0.02703239912542238,-6.0,-0.24999999999999994,0.02703239912542238
5,9,1.0,1.0,Global off,Global off,2.0,148.0,0.013513513513513514,2.0,0.08333333333333333,ITI,CS-,1.0,1.0,Global off,Global off,6.0,148.0,0.04054054054054054,5.0,0.20833333333333334,CS-,CS-,1.0,1.0,Global off,Global off,-4.0,-0.02702702702702703,-3.0,-0.125,0.02702702702702703
5,15,1.0,2.0,Global off,Threat-like,10.0,148.0,0.06756756756756757,9.0,0.375,ITI,ITI,1.0,2.0,Global off,Threat-like,6.0,148.0,0.04054054054054054,5.0,0.20833333333333334,ITI,ITI,1.0,2.0,Global off,Threat-like,4.0,0.02702702702702703,4.0,0.16666666666666666,0.02702702702702703
5,21,1.0,1.0,Global off,Global off,4.0,148.0,0.02702702702702703,3.0,0.125,CS+,ITI,1.0,1.0,Global off,Global off,8.0,148.0,0.05405405405405406,6.0,0.25,CS-,ITI,1.0,1.0,Global off,Global off,-4.0,-0.02702702702702703,-3.0,-0.125,0.02702702702702703
22,27,0.0,0.0,0,0,0.0,0.0,0.0,0.0,0.0,0,0,4.0,4.0,Global on,Global on,1.0,37.0,0.02702702702702703,1.0,0.041666666666666664,ITI,ITI,4.0,4.0,Global on,Global on,-1.0,-0.02702702702702703,-1.0,-0.041666666666666664,0.02702702702702703
22,14,0.0,0.0,0,0,0.0,0.0,0.0,0.0,0.0,0,0,4.0,2.0,Global on,Threat-like,1.0,37.0,0.02702702702702703,1.0,0.041666666666666664,ITI,ITI,4.0,2.0,Global on,Threat-like,-1.0,-0.02702702702702703,-1.0,-0.041666666666666664,0.02702702702702703
22,26,0.0,0.0,0,0,0.0,0.0,0.0,0.0,0.0,0,0,4.0,4.0,Global on,Global on,1.0,37.0,0.02702702702702703,1.0,0.041666666666666664,ITI,CS-,4.0,4.0,Global on,Global on,-1.0,-0.02702702702702703,-1.0,-0.041666666666666664,0.02702702702702703
20,32,3.0,4.0,Safety-like,Global on,21.0,205.0,0.1024390243902439,12.0,0.5,ITI,CS+,3.0,4.0,Safety-like,Global on,34.0,263.0,0.12927756653992395,16.0,0.6666666666666666,ITI,ITI,3.0,4.0,Safety-like,Global on,-13.0,-0.026838542149680053,-4.0,-0.16666666666666663,0.026838542149680053
18,30,3.0,4.0,Safety-like,Global on,2.0,75.0,0.02666666666666667,2.0,0.08333333333333333,CS-,CS+,0.0,0.0,0,0,0.0,0.0,0.0,0.0,0.0,0,0,3.0,4.0,Safety-like,Global on,2.0,0.02666666666666667,2.0,0.08333333333333333,0.02666666666666667
9,20,1.0,3.0,Global off,Safety-like,8.0,115.0,0.06956521739130435,5.0,0.20833333333333334,ITI,CS-,1.0,3.0,Global off,Safety-like,6.0,139.0,0.04316546762589928,5.0,0.20833333333333334,ITI,ITI,1.0,3.0,Global off,Safety-like,2.0,0.026399749765405066,0.0,0.0,0.026399749765405066
21,32,1.0,4.0,Global off,Global on,6.0,93.0,0.06451612903225806,6.0,0.25,ITI,CS-,1.0,4.0,Global off,Global on,9.0,99.0,0.09090909090909091,7.0,0.2916666666666667,ITI,ITI,1.0,4.0,Global off,Global on,-3.0,-0.02639296187683285,-1.0,-0.041666666666666685,0.02639296187683285
2,1,1.0,1.0,Global off,Global off,47.0,229.0,0.2052401746724891,20.0,0.8333333333333334,ITI,ITI,1.0,1.0,Global off,Global off,39.0,218.0,0.17889908256880735,17.0,0.7083333333333334,ITI,ITI,1.0,1.0,Global off,Global off,8.0,0.02634109210368174,3.0,0.125,0.02634109210368174
4,2,3.0,1.0,Safety-like,Global off,16.0,204.0,0.0784313725490196,10.0,0.4166666666666667,ITI,ITI,3.0,1.0,Safety-like,Global off,19.0,182.0,0.1043956043956044,11.0,0.4583333333333333,ITI,ITI,3.0,1.0,Safety-like,Global off,-3.0,-0.025964231846584793,-1.0,-0.04166666666666663,0.025964231846584793
2,19,1.0,3.0,Global off,Safety-like,8.0,229.0,0.034934497816593885,8.0,0.3333333333333333,ITI,ITI,1.0,3.0,Global off,Safety-like,2.0,218.0,0.009174311926605505,2.0,0.08333333333333333,CS-,ITI,1.0,3.0,Global off,Safety-like,6.0,0.02576018588998838,6.0,0.25,0.02576018588998838
30,9,4.0,1.0,Global on,Global off,1.0,120.0,0.008333333333333333,1.0,0.041666666666666664,ITI,CS+,4.0,1.0,Global on,Global off,4.0,118.0,0.03389830508474576,4.0,0.16666666666666666,ITI,ITI,4.0,1.0,Global on,Global off,-3.0,-0.02556497175141243,-3.0,-0.125,0.02556497175141243
4,16,3.0,4.0,Safety-like,Global on,6.0,204.0,0.029411764705882353,5.0,0.20833333333333334,CS-,CS+,3.0,4.0,Safety-like,Global on,10.0,182.0,0.054945054945054944,9.0,0.375,ITI,ITI,3.0,4.0,Safety-like,Global on,-4.0,-0.02553329023917259,-4.0,-0.16666666666666666,0.02553329023917259
29,31,2.0,4.0,Threat-like,Global on,17.0,196.0,0.08673469387755102,11.0,0.4583333333333333,ITI,ITI,2.0,4.0,Threat-like,Global on,12.0,196.0,0.061224489795918366,9.0,0.375,CS+,ITI,2.0,4.0,Threat-like,Global on,5.0,0.025510204081632654,2.0,0.08333333333333331,0.025510204081632654
29,9,2.0,1.0,Threat-like,Global off,3.0,196.0,0.015306122448979591,3.0,0.125,ITI,ITI,2.0,1.0,Threat-like,Global off,8.0,196.0,0.04081632653061224,8.0,0.3333333333333333,ITI,ITI,2.0,1.0,Threat-like,Global off,-5.0,-0.02551020408163265,-5.0,-0.20833333333333331,0.02551020408163265
7,2,1.0,1.0,Global off,Global off,3.0,51.0,0.058823529411764705,3.0,0.125,CS+,ITI,1.0,1.0,Global off,Global off,2.0,60.0,0.03333333333333333,2.0,0.08333333333333333,CS-,CS-,1.0,1.0,Global off,Global off,1.0,0.025490196078431372,1.0,0.04166666666666667,0.025490196078431372
7,31,1.0,4.0,Global off,Global on,3.0,51.0,0.058823529411764705,2.0,0.08333333333333333,CS+,ITI,1.0,4.0,Global off,Global on,2.0,60.0,0.03333333333333333,1.0,0.041666666666666664,CS+,ITI,1.0,4.0,Global off,Global on,1.0,0.025490196078431372,1.0,0.041666666666666664,0.025490196078431372
2,32,1.0,4.0,Global off,Global on,10.0,229.0,0.043668122270742356,9.0,0.375,ITI,ITI,1.0,4.0,Global off,Global on,15.0,218.0,0.06880733944954129,11.0,0.4583333333333333,ITI,ITI,1.0,4.0,Global off,Global on,-5.0,-0.025139217178798932,-2.0,-0.08333333333333331,0.025139217178798932
27,24,0.0,0.0,0,0,0.0,0.0,0.0,0.0,0.0,0,0,4.0,4.0,Global on,Global on,2.0,80.0,0.025,2.0,0.08333333333333333,CS-,ITI,4.0,4.0,Global on,Global on,-2.0,-0.025,-2.0,-0.08333333333333333,0.025
27,8,0.0,0.0,0,0,0.0,0.0,0.0,0.0,0.0,0,0,4.0,4.0,Global on,Global on,2.0,80.0,0.025,2.0,0.08333333333333333,CS+,CS-,4.0,4.0,Global on,Global on,-2.0,-0.025,-2.0,-0.08333333333333333,0.025
27,22,0.0,0.0,0,0,0.0,0.0,0.0,0.0,0.0,0,0,4.0,4.0,Global on,Global on,2.0,80.0,0.025,2.0,0.08333333333333333,ITI,CS+,4.0,4.0,Global on,Global on,-2.0,-0.025,-2.0,-0.08333333333333333,0.025
3,14,0.0,0.0,0,0,0.0,0.0,0.0,0.0,0.0,0,0,1.0,2.0,Global off,Threat-like,3.0,121.0,0.024793388429752067,3.0,0.125,CS-,ITI,1.0,2.0,Global off,Threat-like,-3.0,-0.024793388429752067,-3.0,-0.125,0.024793388429752067
3,11,0.0,0.0,0,0,0.0,0.0,0.0,0.0,0.0,0,0,1.0,1.0,Global off,Global off,3.0,121.0,0.024793388429752067,3.0,0.125,ITI,CS-,1.0,1.0,Global off,Global off,-3.0,-0.024793388429752067,-3.0,-0.125,0.024793388429752067
17,23,1.0,4.0,Global off,Global on,4.0,234.0,0.017094017094017096,3.0,0.125,ITI,CS+,1.0,4.0,Global off,Global on,9.0,215.0,0.04186046511627907,6.0,0.25,ITI,ITI,1.0,4.0,Global off,Global on,-5.0,-0.024766448022261973,-3.0,-0.125,0.024766448022261973
6,21,1.0,1.0,Global off,Global off,3.0,73.0,0.0410958904109589,3.0,0.125,CS-,ITI,1.0,1.0,Global off,Global off,1.0,61.0,0.01639344262295082,1.0,0.041666666666666664,ITI,ITI,1.0,1.0,Global off,Global off,2.0,0.02470244778800808,2.0,0.08333333333333334,0.02470244778800808
6,8,1.0,4.0,Global off,Global on,3.0,73.0,0.0410958904109589,3.0,0.125,ITI,ITI,1.0,4.0,Global off,Global on,1.0,61.0,0.01639344262295082,1.0,0.041666666666666664,CS-,ITI,1.0,4.0,Global off,Global on,2.0,0.02470244778800808,2.0,0.08333333333333334,0.02470244778800808
15,9,2.0,1.0,Threat-like,Global off,2.0,100.0,0.02,2.0,0.08333333333333333,CS-,CS-,2.0,1.0,Threat-like,Global off,5.0,112.0,0.044642857142857144,4.0,0.16666666666666666,ITI,ITI,2.0,1.0,Threat-like,Global off,-3.0,-0.024642857142857143,-2.0,-0.08333333333333333,0.024642857142857143
11,18,1.0,3.0,Global off,Safety-like,1.0,41.0,0.024390243902439025,1.0,0.041666666666666664,CS-,CS-,0.0,0.0,0,0,0.0,0.0,0.0,0.0,0.0,0,0,1.0,3.0,Global off,Safety-like,1.0,0.024390243902439025,1.0,0.041666666666666664,0.024390243902439025
11,30,1.0,4.0,Global off,Global on,1.0,41.0,0.024390243902439025,1.0,0.041666666666666664,CS+,ITI,0.0,0.0,0,0,0.0,0.0,0.0,0.0,0.0,0,0,1.0,4.0,Global off,Global on,1.0,0.024390243902439025,1.0,0.041666666666666664,0.024390243902439025
11,15,1.0,2.0,Global off,Threat-like,1.0,41.0,0.024390243902439025,1.0,0.041666666666666664,CS+,ITI,0.0,0.0,0,0,0.0,0.0,0.0,0.0,0.0,0,0,1.0,2.0,Global off,Threat-like,1.0,0.024390243902439025,1.0,0.041666666666666664,0.024390243902439025
23,22,4.0,4.0,Global on,Global on,2.0,82.0,0.024390243902439025,2.0,0.08333333333333333,CS-,CS-,0.0,0.0,0,0,0.0,0.0,0.0,0.0,0.0,0,0,4.0,4.0,Global on,Global on,2.0,0.024390243902439025,2.0,0.08333333333333333,0.024390243902439025
11,21,1.0,1.0,Global off,Global off,1.0,41.0,0.024390243902439025,1.0,0.041666666666666664,ITI,ITI,0.0,0.0,0,0,0.0,0.0,0.0,0.0,0.0,0,0,1.0,1.0,Global off,Global off,1.0,0.024390243902439025,1.0,0.041666666666666664,0.024390243902439025
23,3,4.0,1.0,Global on,Global off,2.0,82.0,0.024390243902439025,2.0,0.08333333333333333,ITI,CS-,0.0,0.0,0,0,0.0,0.0,0.0,0.0,0.0,0,0,4.0,1.0,Global on,Global off,2.0,0.024390243902439025,2.0,0.08333333333333333,0.024390243902439025
18,32,3.0,4.0,Safety-like,Global on,2.0,75.0,0.02666666666666667,2.0,0.08333333333333333,CS+,CS+,3.0,4.0,Safety-like,Global on,5.0,98.0,0.05102040816326531,5.0,0.20833333333333334,ITI,CS-,3.0,4.0,Safety-like,Global on,-3.0,-0.02435374149659864,-3.0,-0.125,0.02435374149659864
3,9,1.0,1.0,Global off,Global off,5.0,102.0,0.049019607843137254,4.0,0.16666666666666666,ITI,ITI,1.0,1.0,Global off,Global off,3.0,121.0,0.024793388429752067,2.0,0.08333333333333333,ITI,ITI,1.0,1.0,Global off,Global off,2.0,0.024226219413385187,2.0,0.08333333333333333,0.024226219413385187
17,24,1.0,4.0,Global off,Global on,10.0,234.0,0.042735042735042736,7.0,0.2916666666666667,ITI,ITI,1.0,4.0,Global off,Global on,4.0,215.0,0.018604651162790697,4.0,0.16666666666666666,ITI,ITI,1.0,4.0,Global off,Global on,6.0,0.02413039157225204,3.0,0.12500000000000003,0.02413039157225204
4,32,3.0,4.0,Safety-like,Global on,15.0,204.0,0.07352941176470588,10.0,0.4166666666666667,ITI,CS-,3.0,4.0,Safety-like,Global on,9.0,182.0,0.04945054945054945,8.0,0.3333333333333333,CS+,ITI,3.0,4.0,Safety-like,Global on,6.0,0.024078862314156436,2.0,0.08333333333333337,0.024078862314156436
4,20,3.0,3.0,Safety-like,Safety-like,15.0,204.0,0.07352941176470588,9.0,0.375,ITI,ITI,3.0,3.0,Safety-like,Safety-like,9.0,182.0,0.04945054945054945,7.0,0.2916666666666667,ITI,CS+,3.0,3.0,Safety-like,Safety-like,6.0,0.024078862314156436,2.0,0.08333333333333331,0.024078862314156436
12,5,0.0,0.0,0,0,0.0,0.0,0.0,0.0,0.0,0,0,4.0,1.0,Global on,Global off,2.0,84.0,0.023809523809523808,2.0,0.08333333333333333,CS+,ITI,4.0,1.0,Global on,Global off,-2.0,-0.023809523809523808,-2.0,-0.08333333333333333,0.023809523809523808
12,6,0.0,0.0,0,0,0.0,0.0,0.0,0.0,0.0,0,0,4.0,1.0,Global on,Global off,2.0,84.0,0.023809523809523808,2.0,0.08333333333333333,CS-,CS-,4.0,1.0,Global on,Global off,-2.0,-0.023809523809523808,-2.0,-0.08333333333333333,0.023809523809523808
23,28,4.0,4.0,Global on,Global on,2.0,82.0,0.024390243902439025,2.0,0.08333333333333333,ITI,ITI,4.0,4.0,Global on,Global on,5.0,104.0,0.04807692307692308,5.0,0.20833333333333334,ITI,CS-,4.0,4.0,Global on,Global on,-3.0,-0.023686679174484054,-3.0,-0.125,0.023686679174484054
21,4,1.0,3.0,Global off,Safety-like,5.0,93.0,0.053763440860215055,5.0,0.20833333333333334,ITI,ITI,1.0,3.0,Global off,Safety-like,3.0,99.0,0.030303030303030304,3.0,0.125,ITI,ITI,1.0,3.0,Global off,Safety-like,2.0,0.02346041055718475,2.0,0.08333333333333334,0.02346041055718475
25,24,1.0,4.0,Global off,Global on,2.0,99.0,0.020202020202020204,2.0,0.08333333333333333,CS-,CS-,1.0,4.0,Global off,Global on,4.0,92.0,0.043478260869565216,3.0,0.125,CS-,ITI,1.0,4.0,Global off,Global on,-2.0,-0.023276240667545012,-1.0,-0.04166666666666667,0.023276240667545012
25,27,1.0,4.0,Global off,Global on,2.0,99.0,0.020202020202020204,2.0,0.08333333333333333,ITI,ITI,1.0,4.0,Global off,Global on,4.0,92.0,0.043478260869565216,4.0,0.16666666666666666,ITI,ITI,1.0,4.0,Global off,Global on,-2.0,-0.023276240667545012,-2.0,-0.08333333333333333,0.023276240667545012
25,9,1.0,1.0,Global off,Global off,2.0,99.0,0.020202020202020204,2.0,0.08333333333333333,ITI,CS-,1.0,1.0,Global off,Global off,4.0,92.0,0.043478260869565216,4.0,0.16666666666666666,ITI,CS-,1.0,1.0,Global off,Global off,-2.0,-0.023276240667545012,-2.0,-0.08333333333333333,0.023276240667545012
15,29,2.0,2.0,Threat-like,Threat-like,5.0,100.0,0.05,5.0,0.20833333333333334,CS+,ITI,2.0,2.0,Threat-like,Threat-like,3.0,112.0,0.026785714285714284,3.0,0.125,ITI,ITI,2.0,2.0,Threat-like,Threat-like,2.0,0.02321428571428572,2.0,0.08333333333333334,0.02321428571428572
21,19,1.0,3.0,Global off,Safety-like,4.0,93.0,0.043010752688172046,3.0,0.125,ITI,ITI,1.0,3.0,Global off,Safety-like,2.0,99.0,0.020202020202020204,2.0,0.08333333333333333,ITI,ITI,1.0,3.0,Global off,Safety-like,2.0,0.022808732486151843,1.0,0.04166666666666667,0.022808732486151843
21,12,1.0,4.0,Global off,Global on,4.0,93.0,0.043010752688172046,4.0,0.16666666666666666,ITI,CS+,1.0,4.0,Global off,Global on,2.0,99.0,0.020202020202020204,1.0,0.041666666666666664,ITI,ITI,1.0,4.0,Global off,Global on,2.0,0.022808732486151843,3.0,0.125,0.022808732486151843
31,2,4.0,1.0,Global on,Global off,8.0,220.0,0.03636363636363636,5.0,0.20833333333333334,ITI,ITI,4.0,1.0,Global on,Global off,3.0,221.0,0.013574660633484163,3.0,0.125,ITI,ITI,4.0,1.0,Global on,Global off,5.0,0.0227889757301522,2.0,0.08333333333333334,0.0227889757301522
9,2,1.0,1.0,Global off,Global off,4.0,115.0,0.034782608695652174,4.0,0.16666666666666666,CS+,CS+,1.0,1.0,Global off,Global off,8.0,139.0,0.05755395683453238,6.0,0.25,ITI,ITI,1.0,1.0,Global off,Global off,-4.0,-0.022771348138880203,-2.0,-0.08333333333333334,0.022771348138880203
22,9,4.0,1.0,Global on,Global off,1.0,44.0,0.022727272727272728,1.0,0.041666666666666664,ITI,CS-,0.0,0.0,0,0,0.0,0.0,0.0,0.0,0.0,0,0,4.0,1.0,Global on,Global off,1.0,0.022727272727272728,1.0,0.041666666666666664,0.022727272727272728
22,7,4.0,1.0,Global on,Global off,1.0,44.0,0.022727272727272728,1.0,0.041666666666666664,ITI,CS+,0.0,0.0,0,0,0.0,0.0,0.0,0.0,0.0,0,0,4.0,1.0,Global on,Global off,1.0,0.022727272727272728,1.0,0.041666666666666664,0.022727272727272728
22,19,4.0,3.0,Global on,Safety-like,1.0,44.0,0.022727272727272728,1.0,0.041666666666666664,ITI,ITI,0.0,0.0,0,0,0.0,0.0,0.0,0.0,0.0,0,0,4.0,3.0,Global on,Safety-like,1.0,0.022727272727272728,1.0,0.041666666666666664,0.022727272727272728
22,23,4.0,4.0,Global on,Global on,1.0,44.0,0.022727272727272728,1.0,0.041666666666666664,ITI,ITI,0.0,0.0,0,0,0.0,0.0,0.0,0.0,0.0,0,0,4.0,4.0,Global on,Global on,1.0,0.022727272727272728,1.0,0.041666666666666664,0.022727272727272728
17,4,1.0,3.0,Global off,Safety-like,14.0,234.0,0.05982905982905983,7.0,0.2916666666666667,ITI,ITI,1.0,3.0,Global off,Safety-like,8.0,215.0,0.037209302325581395,6.0,0.25,ITI,ITI,1.0,3.0,Global off,Safety-like,6.0,0.022619757503478437,1.0,0.041666666666666685,0.022619757503478437
8,30,4.0,4.0,Global on,Global on,1.0,93.0,0.010752688172043012,1.0,0.041666666666666664,ITI,CS+,4.0,4.0,Global on,Global on,3.0,90.0,0.03333333333333333,3.0,0.125,ITI,ITI,4.0,4.0,Global on,Global on,-2.0,-0.02258064516129032,-2.0,-0.08333333333333334,0.02258064516129032
7,27,1.0,4.0,Global off,Global on,2.0,51.0,0.0392156862745098,2.0,0.08333333333333333,CS-,CS-,1.0,4.0,Global off,Global on,1.0,60.0,0.016666666666666666,1.0,0.041666666666666664,CS-,CS-,1.0,4.0,Global off,Global on,1.0,0.022549019607843137,1.0,0.041666666666666664,0.022549019607843137
7,12,1.0,4.0,Global off,Global on,2.0,51.0,0.0392156862745098,2.0,0.08333333333333333,CS-,CS-,1.0,4.0,Global off,Global on,1.0,60.0,0.016666666666666666,1.0,0.041666666666666664,ITI,ITI,1.0,4.0,Global off,Global on,1.0,0.022549019607843137,1.0,0.041666666666666664,0.022549019607843137
13,24,2.0,4.0,Threat-like,Global on,7.0,205.0,0.03414634146341464,7.0,0.2916666666666667,ITI,ITI,2.0,4.0,Threat-like,Global on,3.0,258.0,0.011627906976744186,3.0,0.125,CS-,ITI,2.0,4.0,Threat-like,Global on,4.0,0.02251843448667045,4.0,0.16666666666666669,0.02251843448667045
23,16,4.0,4.0,Global on,Global on,5.0,82.0,0.06097560975609756,5.0,0.20833333333333334,CS+,CS+,4.0,4.0,Global on,Global on,4.0,104.0,0.038461538461538464,4.0,0.16666666666666666,ITI,ITI,4.0,4.0,Global on,Global on,1.0,0.022514071294559096,1.0,0.041666666666666685,0.022514071294559096
25,28,1.0,4.0,Global off,Global on,1.0,99.0,0.010101010101010102,1.0,0.041666666666666664,ITI,CS-,1.0,4.0,Global off,Global on,3.0,92.0,0.03260869565217391,3.0,0.125,ITI,ITI,1.0,4.0,Global off,Global on,-2.0,-0.02250768555116381,-2.0,-0.08333333333333334,0.02250768555116381
10,7,1.0,1.0,Global off,Global off,3.0,95.0,0.031578947368421054,3.0,0.125,ITI,CS+,1.0,1.0,Global off,Global off,1.0,110.0,0.00909090909090909,1.0,0.041666666666666664,CS+,CS+,1.0,1.0,Global off,Global off,2.0,0.022488038277511963,2.0,0.08333333333333334,0.022488038277511963
11,26,0.0,0.0,0,0,0.0,0.0,0.0,0.0,0.0,0,0,1.0,4.0,Global off,Global on,1.0,45.0,0.022222222222222223,1.0,0.041666666666666664,CS+,CS+,1.0,4.0,Global off,Global on,-1.0,-0.022222222222222223,-1.0,-0.041666666666666664,0.022222222222222223
11,23,0.0,0.0,0,0,0.0,0.0,0.0,0.0,0.0,0,0,1.0,4.0,Global off,Global on,1.0,45.0,0.022222222222222223,1.0,0.041666666666666664,ITI,ITI,1.0,4.0,Global off,Global on,-1.0,-0.022222222222222223,-1.0,-0.041666666666666664,0.022222222222222223
11,6,0.0,0.0,0,0,0.0,0.0,0.0,0.0,0.0,0,0,1.0,1.0,Global off,Global off,1.0,45.0,0.022222222222222223,1.0,0.041666666666666664,CS-,ITI,1.0,1.0,Global off,Global off,-1.0,-0.022222222222222223,-1.0,-0.041666666666666664,0.022222222222222223
11,14,0.0,0.0,0,0,0.0,0.0,0.0,0.0,0.0,0,0,1.0,2.0,Global off,Threat-like,1.0,45.0,0.022222222222222223,1.0,0.041666666666666664,CS+,CS+,1.0,2.0,Global off,Threat-like,-1.0,-0.022222222222222223,-1.0,-0.041666666666666664,0.022222222222222223
21,30,1.0,4.0,Global off,Global on,3.0,93.0,0.03225806451612903,3.0,0.125,ITI,ITI,1.0,4.0,Global off,Global on,1.0,99.0,0.010101010101010102,1.0,0.041666666666666664,ITI,CS-,1.0,4.0,Global off,Global on,2.0,0.022157054415118928,2.0,0.08333333333333334,0.022157054415118928
4,29,3.0,2.0,Safety-like,Threat-like,9.0,204.0,0.04411764705882353,6.0,0.25,CS+,CS+,3.0,2.0,Safety-like,Threat-like,4.0,182.0,0.02197802197802198,3.0,0.125,ITI,CS+,3.0,2.0,Safety-like,Threat-like,5.0,0.022139625080801553,3.0,0.125,0.022139625080801553
13,2,2.0,1.0,Threat-like,Global off,5.0,205.0,0.024390243902439025,3.0,0.125,CS+,CS+,2.0,1.0,Threat-like,Global off,12.0,258.0,0.046511627906976744,9.0,0.375,ITI,ITI,2.0,1.0,Threat-like,Global off,-7.0,-0.02212138400453772,-6.0,-0.25,0.02212138400453772
6,9,1.0,1.0,Global off,Global off,4.0,73.0,0.0547945205479452,4.0,0.16666666666666666,CS+,ITI,1.0,1.0,Global off,Global off,2.0,61.0,0.03278688524590164,2.0,0.08333333333333333,ITI,ITI,1.0,1.0,Global off,Global off,2.0,0.02200763530204356,2.0,0.08333333333333333,0.02200763530204356
14,29,2.0,2.0,Threat-like,Threat-like,7.0,124.0,0.056451612903225805,6.0,0.25,CS-,ITI,2.0,2.0,Threat-like,Threat-like,13.0,166.0,0.0783132530120482,10.0,0.4166666666666667,ITI,ITI,2.0,2.0,Threat-like,Threat-like,-6.0,-0.02186164010882239,-4.0,-0.16666666666666669,0.02186164010882239
25,18,0.0,0.0,0,0,0.0,0.0,0.0,0.0,0.0,0,0,1.0,3.0,Global off,Safety-like,2.0,92.0,0.021739130434782608,2.0,0.08333333333333333,ITI,CS+,1.0,3.0,Global off,Safety-like,-2.0,-0.021739130434782608,-2.0,-0.08333333333333333,0.021739130434782608
12,11,4.0,1.0,Global on,Global off,2.0,92.0,0.021739130434782608,1.0,0.041666666666666664,CS-,CS-,0.0,0.0,0,0,0.0,0.0,0.0,0.0,0.0,0,0,4.0,1.0,Global on,Global off,2.0,0.021739130434782608,1.0,0.041666666666666664,0.021739130434782608
2,25,1.0,1.0,Global off,Global off,6.0,229.0,0.026200873362445413,5.0,0.20833333333333334,CS+,ITI,1.0,1.0,Global off,Global off,1.0,218.0,0.0045871559633027525,1.0,0.041666666666666664,ITI,ITI,1.0,1.0,Global off,Global off,5.0,0.02161371739914266,4.0,0.16666666666666669,0.02161371739914266
16,25,4.0,1.0,Global on,Global off,8.0,226.0,0.035398230088495575,5.0,0.20833333333333334,ITI,ITI,4.0,1.0,Global on,Global off,3.0,216.0,0.013888888888888888,3.0,0.125,CS+,ITI,4.0,1.0,Global on,Global off,5.0,0.021509341199606687,2.0,0.08333333333333334,0.021509341199606687
8,12,4.0,4.0,Global on,Global on,2.0,93.0,0.021505376344086023,2.0,0.08333333333333333,CS-,CS+,0.0,0.0,0,0,0.0,0.0,0.0,0.0,0.0,0,0,4.0,4.0,Global on,Global on,2.0,0.021505376344086023,2.0,0.08333333333333333,0.021505376344086023
19,11,3.0,1.0,Safety-like,Global off,3.0,140.0,0.02142857142857143,3.0,0.125,ITI,CS-,0.0,0.0,0,0,0.0,0.0,0.0,0.0,0.0,0,0,3.0,1.0,Safety-like,Global off,3.0,0.02142857142857143,3.0,0.125,0.02142857142857143
28,20,4.0,3.0,Global on,Safety-like,10.0,145.0,0.06896551724137931,6.0,0.25,ITI,ITI,4.0,3.0,Global on,Safety-like,14.0,155.0,0.09032258064516129,9.0,0.375,ITI,ITI,4.0,3.0,Global on,Safety-like,-4.0,-0.021357063403781976,-3.0,-0.125,0.021357063403781976
26,12,4.0,4.0,Global on,Global on,1.0,47.0,0.02127659574468085,1.0,0.041666666666666664,CS+,CS+,0.0,0.0,0,0,0.0,0.0,0.0,0.0,0.0,0,0,4.0,4.0,Global on,Global on,1.0,0.02127659574468085,1.0,0.041666666666666664,0.02127659574468085
26,22,4.0,4.0,Global on,Global on,1.0,47.0,0.02127659574468085,1.0,0.041666666666666664,ITI,CS-,0.0,0.0,0,0,0.0,0.0,0.0,0.0,0.0,0,0,4.0,4.0,Global on,Global on,1.0,0.02127659574468085,1.0,0.041666666666666664,0.02127659574468085
17,1,1.0,1.0,Global off,Global off,30.0,234.0,0.1282051282051282,15.0,0.625,ITI,ITI,1.0,1.0,Global off,Global off,23.0,215.0,0.10697674418604651,13.0,0.5416666666666666,ITI,ITI,1.0,1.0,Global off,Global off,7.0,0.021228384019081684,2.0,0.08333333333333337,0.021228384019081684
18,29,3.0,2.0,Safety-like,Threat-like,3.0,75.0,0.04,3.0,0.125,CS+,CS+,3.0,2.0,Safety-like,Threat-like,6.0,98.0,0.061224489795918366,5.0,0.20833333333333334,ITI,CS+,3.0,2.0,Safety-like,Threat-like,-3.0,-0.021224489795918365,-2.0,-0.08333333333333334,0.021224489795918365
3,15,1.0,2.0,Global off,Threat-like,3.0,102.0,0.029411764705882353,3.0,0.125,ITI,CS-,1.0,2.0,Global off,Threat-like,1.0,121.0,0.008264462809917356,1.0,0.041666666666666664,ITI,CS+,1.0,2.0,Global off,Threat-like,2.0,0.021147301895964997,2.0,0.08333333333333334,0.021147301895964997
3,21,1.0,1.0,Global off,Global off,3.0,102.0,0.029411764705882353,3.0,0.125,ITI,CS+,1.0,1.0,Global off,Global off,1.0,121.0,0.008264462809917356,1.0,0.041666666666666664,ITI,ITI,1.0,1.0,Global off,Global off,2.0,0.021147301895964997,2.0,0.08333333333333334,0.021147301895964997
8,19,4.0,3.0,Global on,Safety-like,3.0,93.0,0.03225806451612903,3.0,0.125,ITI,ITI,4.0,3.0,Global on,Safety-like,1.0,90.0,0.011111111111111112,1.0,0.041666666666666664,CS-,CS-,4.0,3.0,Global on,Safety-like,2.0,0.021146953405017918,2.0,0.08333333333333334,0.021146953405017918
1,5,1.0,1.0,Global off,Global off,27.0,408.0,0.0661764705882353,14.0,0.5833333333333334,CS+,ITI,1.0,1.0,Global off,Global off,19.0,421.0,0.04513064133016627,15.0,0.625,CS+,CS+,1.0,1.0,Global off,Global off,8.0,0.021045829258069026,-1.0,-0.04166666666666663,0.021045829258069026
17,8,1.0,4.0,Global off,Global on,6.0,234.0,0.02564102564102564,5.0,0.20833333333333334,ITI,ITI,1.0,4.0,Global off,Global on,1.0,215.0,0.004651162790697674,1.0,0.041666666666666664,ITI,ITI,1.0,4.0,Global off,Global on,5.0,0.020989862850327966,4.0,0.16666666666666669,0.020989862850327966
12,3,4.0,1.0,Global on,Global off,3.0,92.0,0.03260869565217391,2.0,0.08333333333333333,ITI,CS-,4.0,1.0,Global on,Global off,1.0,84.0,0.011904761904761904,1.0,0.041666666666666664,CS-,CS-,4.0,1.0,Global on,Global off,2.0,0.020703933747412008,1.0,0.041666666666666664,0.020703933747412008
12,15,4.0,2.0,Global on,Threat-like,3.0,92.0,0.03260869565217391,3.0,0.125,ITI,CS+,4.0,2.0,Global on,Threat-like,1.0,84.0,0.011904761904761904,1.0,0.041666666666666664,CS+,ITI,4.0,2.0,Global on,Threat-like,2.0,0.020703933747412008,2.0,0.08333333333333334,0.020703933747412008
28,5,4.0,1.0,Global on,Global off,3.0,145.0,0.020689655172413793,3.0,0.125,ITI,ITI,0.0,0.0,0,0,0.0,0.0,0.0,0.0,0.0,0,0,4.0,1.0,Global on,Global off,3.0,0.020689655172413793,3.0,0.125,0.020689655172413793
13,8,2.0,4.0,Threat-like,Global on,5.0,205.0,0.024390243902439025,3.0,0.125,CS+,ITI,2.0,4.0,Threat-like,Global on,1.0,258.0,0.003875968992248062,1.0,0.041666666666666664,ITI,ITI,2.0,4.0,Threat-like,Global on,4.0,0.020514274910190963,2.0,0.08333333333333334,0.020514274910190963
24,13,4.0,2.0,Global on,Threat-like,4.0,121.0,0.03305785123966942,3.0,0.125,ITI,CS-,4.0,2.0,Global on,Threat-like,2.0,159.0,0.012578616352201259,2.0,0.08333333333333333,CS+,ITI,4.0,2.0,Global on,Threat-like,2.0,0.020479234887468164,1.0,0.04166666666666667,0.020479234887468164
29,17,2.0,1.0,Threat-like,Global off,6.0,196.0,0.030612244897959183,4.0,0.16666666666666666,ITI,ITI,2.0,1.0,Threat-like,Global off,10.0,196.0,0.05102040816326531,8.0,0.3333333333333333,ITI,ITI,2.0,1.0,Threat-like,Global off,-4.0,-0.020408163265306124,-4.0,-0.16666666666666666,0.020408163265306124
29,10,2.0,1.0,Threat-like,Global off,2.0,196.0,0.01020408163265306,2.0,0.08333333333333333,ITI,CS-,2.0,1.0,Threat-like,Global off,6.0,196.0,0.030612244897959183,2.0,0.08333333333333333,ITI,ITI,2.0,1.0,Threat-like,Global off,-4.0,-0.020408163265306124,0.0,0.0,0.020408163265306124
29,5,2.0,1.0,Threat-like,Global off,3.0,196.0,0.015306122448979591,2.0,0.08333333333333333,CS+,ITI,2.0,1.0,Threat-like,Global off,7.0,196.0,0.03571428571428571,6.0,0.25,CS+,ITI,2.0,1.0,Threat-like,Global off,-4.0,-0.02040816326530612,-4.0,-0.16666666666666669,0.02040816326530612
18,21,0.0,0.0,0,0,0.0,0.0,0.0,0.0,0.0,0,0,3.0,1.0,Safety-like,Global off,2.0,98.0,0.02040816326530612,2.0,0.08333333333333333,CS-,ITI,3.0,1.0,Safety-like,Global off,-2.0,-0.02040816326530612,-2.0,-0.08333333333333333,0.02040816326530612
5,29,1.0,2.0,Global off,Threat-like,5.0,148.0,0.033783783783783786,5.0,0.20833333333333334,ITI,CS+,1.0,2.0,Global off,Threat-like,2.0,148.0,0.013513513513513514,2.0,0.08333333333333333,CS-,ITI,1.0,2.0,Global off,Threat-like,3.0,0.02027027027027027,3.0,0.125,0.02027027027027027
5,20,1.0,3.0,Global off,Safety-like,4.0,148.0,0.02702702702702703,3.0,0.125,ITI,ITI,1.0,3.0,Global off,Safety-like,1.0,148.0,0.006756756756756757,1.0,0.041666666666666664,ITI,ITI,1.0,3.0,Global off,Safety-like,3.0,0.02027027027027027,2.0,0.08333333333333334,0.02027027027027027
5,2,1.0,1.0,Global off,Global off,8.0,148.0,0.05405405405405406,7.0,0.2916666666666667,ITI,ITI,1.0,1.0,Global off,Global off,5.0,148.0,0.033783783783783786,4.0,0.16666666666666666,ITI,CS-,1.0,1.0,Global off,Global off,3.0,0.02027027027027027,3.0,0.12500000000000003,0.02027027027027027
5,22,1.0,4.0,Global off,Global on,3.0,148.0,0.02027027027027027,3.0,0.125,CS+,ITI,0.0,0.0,0,0,0.0,0.0,0.0,0.0,0.0,0,0,1.0,4.0,Global off,Global on,3.0,0.02027027027027027,3.0,0.125,0.02027027027027027
5,7,1.0,1.0,Global off,Global off,3.0,148.0,0.02027027027027027,3.0,0.125,CS+,CS+,1.0,1.0,Global off,Global off,6.0,148.0,0.04054054054054054,6.0,0.25,ITI,ITI,1.0,1.0,Global off,Global off,-3.0,-0.02027027027027027,-3.0,-0.125,0.02027027027027027
27,5,4.0,1.0,Global on,Global off,1.0,58.0,0.017241379310344827,1.0,0.041666666666666664,CS-,CS-,4.0,1.0,Global on,Global off,3.0,80.0,0.0375,3.0,0.125,CS+,CS+,4.0,1.0,Global on,Global off,-2.0,-0.02025862068965517,-2.0,-0.08333333333333334,0.02025862068965517
14,6,2.0,1.0,Threat-like,Global off,4.0,124.0,0.03225806451612903,4.0,0.16666666666666666,ITI,ITI,2.0,1.0,Threat-like,Global off,2.0,166.0,0.012048192771084338,2.0,0.08333333333333333,CS+,ITI,2.0,1.0,Threat-like,Global off,2.0,0.020209871745044693,2.0,0.08333333333333333,0.020209871745044693
21,18,0.0,0.0,0,0,0.0,0.0,0.0,0.0,0.0,0,0,1.0,3.0,Global off,Safety-like,2.0,99.0,0.020202020202020204,2.0,0.08333333333333333,ITI,CS+,1.0,3.0,Global off,Safety-like,-2.0,-0.020202020202020204,-2.0,-0.08333333333333333,0.020202020202020204
25,10,1.0,1.0,Global off,Global off,2.0,99.0,0.020202020202020204,2.0,0.08333333333333333,CS-,CS-,0.0,0.0,0,0,0.0,0.0,0.0,0.0,0.0,0,0,1.0,1.0,Global off,Global off,2.0,0.020202020202020204,2.0,0.08333333333333333,0.020202020202020204
8,16,4.0,4.0,Global on,Global on,6.0,93.0,0.06451612903225806,6.0,0.25,CS+,ITI,4.0,4.0,Global on,Global on,4.0,90.0,0.044444444444444446,4.0,0.16666666666666666,CS-,ITI,4.0,4.0,Global on,Global on,2.0,0.020071684587813617,2.0,0.08333333333333334,0.020071684587813617
20,29,3.0,2.0,Safety-like,Threat-like,8.0,205.0,0.03902439024390244,6.0,0.25,ITI,CS+,3.0,2.0,Safety-like,Threat-like,5.0,263.0,0.019011406844106463,5.0,0.20833333333333334,ITI,ITI,3.0,2.0,Safety-like,Threat-like,3.0,0.020012983399795976,1.0,0.04166666666666666,0.020012983399795976
9,1,1.0,1.0,Global off,Global off,18.0,115.0,0.1565217391304348,13.0,0.5416666666666666,ITI,ITI,1.0,1.0,Global off,Global off,19.0,139.0,0.1366906474820144,12.0,0.5,ITI,CS-,1.0,1.0,Global off,Global off,-1.0,0.019831091648420396,1.0,0.04166666666666663,0.019831091648420396
3,26,1.0,4.0,Global off,Global on,2.0,102.0,0.0196078431372549,2.0,0.08333333333333333,ITI,CS-,0.0,0.0,0,0,0.0,0.0,0.0,0.0,0.0,0,0,1.0,4.0,Global off,Global on,2.0,0.0196078431372549,2.0,0.08333333333333333,0.0196078431372549
7,17,1.0,1.0,Global off,Global off,1.0,51.0,0.0196078431372549,1.0,0.041666666666666664,ITI,ITI,0.0,0.0,0,0,0.0,0.0,0.0,0.0,0.0,0,0,1.0,1.0,Global off,Global off,1.0,0.0196078431372549,1.0,0.041666666666666664,0.0196078431372549
7,23,1.0,4.0,Global off,Global on,1.0,51.0,0.0196078431372549,1.0,0.041666666666666664,ITI,ITI,0.0,0.0,0,0,0.0,0.0,0.0,0.0,0.0,0,0,1.0,4.0,Global off,Global on,1.0,0.0196078431372549,1.0,0.041666666666666664,0.0196078431372549
7,22,1.0,4.0,Global off,Global on,1.0,51.0,0.0196078431372549,1.0,0.041666666666666664,CS+,ITI,0.0,0.0,0,0,0.0,0.0,0.0,0.0,0.0,0,0,1.0,4.0,Global off,Global on,1.0,0.0196078431372549,1.0,0.041666666666666664,0.0196078431372549
7,18,1.0,3.0,Global off,Safety-like,1.0,51.0,0.0196078431372549,1.0,0.041666666666666664,ITI,ITI,0.0,0.0,0,0,0.0,0.0,0.0,0.0,0.0,0,0,1.0,3.0,Global off,Safety-like,1.0,0.0196078431372549,1.0,0.041666666666666664,0.0196078431372549
7,6,1.0,1.0,Global off,Global off,1.0,51.0,0.0196078431372549,1.0,0.041666666666666664,CS+,CS+,0.0,0.0,0,0,0.0,0.0,0.0,0.0,0.0,0,0,1.0,1.0,Global off,Global off,1.0,0.0196078431372549,1.0,0.041666666666666664,0.0196078431372549
7,10,1.0,1.0,Global off,Global off,1.0,51.0,0.0196078431372549,1.0,0.041666666666666664,ITI,CS+,0.0,0.0,0,0,0.0,0.0,0.0,0.0,0.0,0,0,1.0,1.0,Global off,Global off,1.0,0.0196078431372549,1.0,0.041666666666666664,0.0196078431372549
21,23,1.0,4.0,Global off,Global on,1.0,93.0,0.010752688172043012,1.0,0.041666666666666664,CS-,CS-,1.0,4.0,Global off,Global on,3.0,99.0,0.030303030303030304,3.0,0.125,CS+,ITI,1.0,4.0,Global off,Global on,-2.0,-0.019550342130987292,-2.0,-0.08333333333333334,0.019550342130987292
21,2,1.0,1.0,Global off,Global off,1.0,93.0,0.010752688172043012,1.0,0.041666666666666664,ITI,ITI,1.0,1.0,Global off,Global off,3.0,99.0,0.030303030303030304,3.0,0.125,ITI,ITI,1.0,1.0,Global off,Global off,-2.0,-0.019550342130987292,-2.0,-0.08333333333333334,0.019550342130987292
28,14,0.0,0.0,0,0,0.0,0.0,0.0,0.0,0.0,0,0,4.0,2.0,Global on,Threat-like,3.0,155.0,0.01935483870967742,3.0,0.125,ITI,CS+,4.0,2.0,Global on,Threat-like,-3.0,-0.01935483870967742,-3.0,-0.125,0.01935483870967742
24,9,4.0,1.0,Global on,Global off,3.0,121.0,0.024793388429752067,3.0,0.125,ITI,ITI,4.0,1.0,Global on,Global off,7.0,159.0,0.0440251572327044,6.0,0.25,ITI,ITI,4.0,1.0,Global on,Global off,-4.0,-0.019231768802952333,-3.0,-0.125,0.019231768802952333
23,12,0.0,0.0,0,0,0.0,0.0,0.0,0.0,0.0,0,0,4.0,4.0,Global on,Global on,2.0,104.0,0.019230769230769232,2.0,0.08333333333333333,CS-,ITI,4.0,4.0,Global on,Global on,-2.0,-0.019230769230769232,-2.0,-0.08333333333333333,0.019230769230769232
23,30,0.0,0.0,0,0,0.0,0.0,0.0,0.0,0.0,0,0,4.0,4.0,Global on,Global on,2.0,104.0,0.019230769230769232,2.0,0.08333333333333333,CS+,ITI,4.0,4.0,Global on,Global on,-2.0,-0.019230769230769232,-2.0,-0.08333333333333333,0.019230769230769232
10,32,1.0,4.0,Global off,Global on,7.0,95.0,0.07368421052631578,6.0,0.25,CS+,CS+,1.0,4.0,Global off,Global on,6.0,110.0,0.05454545454545454,4.0,0.16666666666666666,ITI,CS-,1.0,4.0,Global off,Global on,1.0,0.01913875598086124,2.0,0.08333333333333334,0.01913875598086124
6,7,1.0,1.0,Global off,Global off,1.0,73.0,0.0136986301369863,1.0,0.041666666666666664,CS-,CS-,1.0,1.0,Global off,Global off,2.0,61.0,0.03278688524590164,2.0,0.08333333333333333,CS-,CS-,1.0,1.0,Global off,Global off,-1.0,-0.01908825510891534,-1.0,-0.041666666666666664,0.01908825510891534
27,13,4.0,2.0,Global on,Threat-like,4.0,58.0,0.06896551724137931,3.0,0.125,CS+,CS+,4.0,2.0,Global on,Threat-like,4.0,80.0,0.05,3.0,0.125,CS+,CS+,4.0,2.0,Global on,Threat-like,0.0,0.018965517241379307,0.0,0.0,0.018965517241379307
9,28,1.0,4.0,Global off,Global on,3.0,115.0,0.02608695652173913,3.0,0.125,CS-,ITI,1.0,4.0,Global off,Global on,1.0,139.0,0.007194244604316547,1.0,0.041666666666666664,CS-,CS-,1.0,4.0,Global off,Global on,2.0,0.018892711917422582,2.0,0.08333333333333334,0.018892711917422582
7,1,1.0,1.0,Global off,Global off,5.0,51.0,0.09803921568627451,5.0,0.20833333333333334,ITI,ITI,1.0,1.0,Global off,Global off,7.0,60.0,0.11666666666666667,6.0,0.25,ITI,ITI,1.0,1.0,Global off,Global off,-2.0,-0.01862745098039216,-1.0,-0.04166666666666666,0.01862745098039216
2,21,1.0,1.0,Global off,Global off,1.0,229.0,0.004366812227074236,1.0,0.041666666666666664,ITI,ITI,1.0,1.0,Global off,Global off,5.0,218.0,0.022935779816513763,5.0,0.20833333333333334,ITI,ITI,1.0,1.0,Global off,Global off,-4.0,-0.018568967589439527,-4.0,-0.16666666666666669,0.018568967589439527
27,1,4.0,1.0,Global on,Global off,4.0,58.0,0.06896551724137931,3.0,0.125,ITI,ITI,4.0,1.0,Global on,Global off,7.0,80.0,0.0875,7.0,0.2916666666666667,ITI,CS+,4.0,1.0,Global on,Global off,-3.0,-0.018534482758620685,-4.0,-0.16666666666666669,0.018534482758620685
23,1,4.0,1.0,Global on,Global off,4.0,82.0,0.04878048780487805,4.0,0.16666666666666666,CS-,ITI,4.0,1.0,Global on,Global off,7.0,104.0,0.0673076923076923,7.0,0.2916666666666667,ITI,CS+,4.0,1.0,Global on,Global off,-3.0,-0.018527204502814254,-3.0,-0.12500000000000003,0.018527204502814254
24,6,4.0,1.0,Global on,Global off,3.0,121.0,0.024793388429752067,3.0,0.125,ITI,ITI,4.0,1.0,Global on,Global off,1.0,159.0,0.006289308176100629,1.0,0.041666666666666664,ITI,CS-,4.0,1.0,Global on,Global off,2.0,0.01850408025365144,2.0,0.08333333333333334,0.01850408025365144
24,22,4.0,4.0,Global on,Global on,3.0,121.0,0.024793388429752067,3.0,0.125,CS-,ITI,4.0,4.0,Global on,Global on,1.0,159.0,0.006289308176100629,1.0,0.041666666666666664,ITI,ITI,4.0,4.0,Global on,Global on,2.0,0.01850408025365144,2.0,0.08333333333333334,0.01850408025365144
17,20,1.0,3.0,Global off,Safety-like,12.0,234.0,0.05128205128205128,10.0,0.4166666666666667,ITI,ITI,1.0,3.0,Global off,Safety-like,15.0,215.0,0.06976744186046512,10.0,0.4166666666666667,ITI,ITI,1.0,3.0,Global off,Safety-like,-3.0,-0.018485390578413835,0.0,0.0,0.018485390578413835
1,24,1.0,4.0,Global off,Global on,7.0,408.0,0.01715686274509804,5.0,0.20833333333333334,CS-,ITI,1.0,4.0,Global off,Global on,15.0,421.0,0.035629453681710214,12.0,0.5,CS+,ITI,1.0,4.0,Global off,Global on,-8.0,-0.018472590936612174,-7.0,-0.29166666666666663,0.018472590936612174
28,2,4.0,1.0,Global on,Global off,2.0,145.0,0.013793103448275862,2.0,0.08333333333333333,CS-,ITI,4.0,1.0,Global on,Global off,5.0,155.0,0.03225806451612903,4.0,0.16666666666666666,ITI,CS-,4.0,1.0,Global on,Global off,-3.0,-0.01846496106785317,-2.0,-0.08333333333333333,0.01846496106785317
28,16,4.0,4.0,Global on,Global on,2.0,145.0,0.013793103448275862,1.0,0.041666666666666664,CS+,CS+,4.0,4.0,Global on,Global on,5.0,155.0,0.03225806451612903,5.0,0.20833333333333334,ITI,CS+,4.0,4.0,Global on,Global on,-3.0,-0.01846496106785317,-4.0,-0.16666666666666669,0.01846496106785317
22,10,4.0,1.0,Global on,Global off,2.0,44.0,0.045454545454545456,2.0,0.08333333333333333,CS+,CS-,4.0,1.0,Global on,Global off,1.0,37.0,0.02702702702702703,1.0,0.041666666666666664,CS+,ITI,4.0,1.0,Global on,Global off,1.0,0.018427518427518427,1.0,0.041666666666666664,0.018427518427518427
22,15,4.0,2.0,Global on,Threat-like,2.0,44.0,0.045454545454545456,2.0,0.08333333333333333,CS-,CS+,4.0,2.0,Global on,Threat-like,1.0,37.0,0.02702702702702703,1.0,0.041666666666666664,ITI,CS-,4.0,2.0,Global on,Threat-like,1.0,0.018427518427518427,1.0,0.041666666666666664,0.018427518427518427
22,20,4.0,3.0,Global on,Safety-like,2.0,44.0,0.045454545454545456,2.0,0.08333333333333333,ITI,ITI,4.0,3.0,Global on,Safety-like,1.0,37.0,0.02702702702702703,1.0,0.041666666666666664,CS-,CS-,4.0,3.0,Global on,Safety-like,1.0,0.018427518427518427,1.0,0.041666666666666664,0.018427518427518427
13,19,2.0,3.0,Threat-like,Safety-like,1.0,205.0,0.004878048780487805,1.0,0.041666666666666664,ITI,ITI,2.0,3.0,Threat-like,Safety-like,6.0,258.0,0.023255813953488372,5.0,0.20833333333333334,ITI,ITI,2.0,3.0,Threat-like,Safety-like,-5.0,-0.018377765173000566,-4.0,-0.16666666666666669,0.018377765173000566
13,28,2.0,4.0,Threat-like,Global on,1.0,205.0,0.004878048780487805,1.0,0.041666666666666664,ITI,ITI,2.0,4.0,Threat-like,Global on,6.0,258.0,0.023255813953488372,6.0,0.25,ITI,ITI,2.0,4.0,Threat-like,Global on,-5.0,-0.018377765173000566,-5.0,-0.20833333333333334,0.018377765173000566
2,12,0.0,0.0,0,0,0.0,0.0,0.0,0.0,0.0,0,0,1.0,4.0,Global off,Global on,4.0,218.0,0.01834862385321101,3.0,0.125,CS-,CS-,1.0,4.0,Global off,Global on,-4.0,-0.01834862385321101,-3.0,-0.125,0.01834862385321101
4,28,3.0,4.0,Safety-like,Global on,3.0,204.0,0.014705882352941176,3.0,0.125,CS+,CS-,3.0,4.0,Safety-like,Global on,6.0,182.0,0.03296703296703297,3.0,0.125,ITI,ITI,3.0,4.0,Safety-like,Global on,-3.0,-0.01826115061409179,0.0,0.0,0.01826115061409179
32,21,4.0,1.0,Global on,Global off,12.0,425.0,0.02823529411764706,9.0,0.375,ITI,ITI,4.0,1.0,Global on,Global off,4.0,401.0,0.00997506234413965,3.0,0.125,ITI,ITI,4.0,1.0,Global on,Global off,8.0,0.01826023177350741,6.0,0.25,0.01826023177350741
31,8,4.0,4.0,Global on,Global on,6.0,220.0,0.02727272727272727,6.0,0.25,ITI,ITI,4.0,4.0,Global on,Global on,2.0,221.0,0.00904977375565611,2.0,0.08333333333333333,ITI,CS+,4.0,4.0,Global on,Global on,4.0,0.018222953517071164,4.0,0.16666666666666669,0.018222953517071164
10,27,0.0,0.0,0,0,0.0,0.0,0.0,0.0,0.0,0,0,1.0,4.0,Global off,Global on,2.0,110.0,0.01818181818181818,2.0,0.08333333333333333,ITI,ITI,1.0,4.0,Global off,Global on,-2.0,-0.01818181818181818,-2.0,-0.08333333333333333,0.01818181818181818
26,6,0.0,0.0,0,0,0.0,0.0,0.0,0.0,0.0,0,0,4.0,1.0,Global on,Global off,1.0,55.0,0.01818181818181818,1.0,0.041666666666666664,ITI,CS-,4.0,1.0,Global on,Global off,-1.0,-0.01818181818181818,-1.0,-0.041666666666666664,0.01818181818181818
26,13,0.0,0.0,0,0,0.0,0.0,0.0,0.0,0.0,0,0,4.0,2.0,Global on,Threat-like,1.0,55.0,0.01818181818181818,1.0,0.041666666666666664,ITI,ITI,4.0,2.0,Global on,Threat-like,-1.0,-0.01818181818181818,-1.0,-0.041666666666666664,0.01818181818181818
26,15,0.0,0.0,0,0,0.0,0.0,0.0,0.0,0.0,0,0,4.0,2.0,Global on,Threat-like,1.0,55.0,0.01818181818181818,1.0,0.041666666666666664,ITI,ITI,4.0,2.0,Global on,Threat-like,-1.0,-0.01818181818181818,-1.0,-0.041666666666666664,0.01818181818181818
26,21,0.0,0.0,0,0,0.0,0.0,0.0,0.0,0.0,0,0,4.0,1.0,Global on,Global off,1.0,55.0,0.01818181818181818,1.0,0.041666666666666664,CS-,ITI,4.0,1.0,Global on,Global off,-1.0,-0.01818181818181818,-1.0,-0.041666666666666664,0.01818181818181818
26,25,0.0,0.0,0,0,0.0,0.0,0.0,0.0,0.0,0,0,4.0,1.0,Global on,Global off,1.0,55.0,0.01818181818181818,1.0,0.041666666666666664,ITI,CS-,4.0,1.0,Global on,Global off,-1.0,-0.01818181818181818,-1.0,-0.041666666666666664,0.01818181818181818
26,8,0.0,0.0,0,0,0.0,0.0,0.0,0.0,0.0,0,0,4.0,4.0,Global on,Global on,1.0,55.0,0.01818181818181818,1.0,0.041666666666666664,ITI,ITI,4.0,4.0,Global on,Global on,-1.0,-0.01818181818181818,-1.0,-0.041666666666666664,0.01818181818181818
14,12,2.0,4.0,Threat-like,Global on,3.0,124.0,0.024193548387096774,3.0,0.125,CS+,ITI,2.0,4.0,Threat-like,Global on,1.0,166.0,0.006024096385542169,1.0,0.041666666666666664,CS-,CS-,2.0,4.0,Threat-like,Global on,2.0,0.018169452001554606,2.0,0.08333333333333334,0.018169452001554606
28,25,4.0,1.0,Global on,Global off,3.0,145.0,0.020689655172413793,3.0,0.125,ITI,ITI,4.0,1.0,Global on,Global off,6.0,155.0,0.03870967741935484,6.0,0.25,ITI,ITI,4.0,1.0,Global on,Global off,-3.0,-0.018020022246941048,-3.0,-0.125,0.018020022246941048
32,15,4.0,2.0,Global on,Threat-like,14.0,425.0,0.03294117647058824,8.0,0.3333333333333333,CS-,ITI,4.0,2.0,Global on,Threat-like,6.0,401.0,0.014962593516209476,6.0,0.25,ITI,ITI,4.0,2.0,Global on,Threat-like,8.0,0.017978582954378763,2.0,0.08333333333333331,0.017978582954378763
15,7,0.0,0.0,0,0,0.0,0.0,0.0,0.0,0.0,0,0,2.0,1.0,Threat-like,Global off,2.0,112.0,0.017857142857142856,2.0,0.08333333333333333,CS+,ITI,2.0,1.0,Threat-like,Global off,-2.0,-0.017857142857142856,-2.0,-0.08333333333333333,0.017857142857142856
26,17,4.0,1.0,Global on,Global off,6.0,47.0,0.1276595744680851,6.0,0.25,ITI,CS-,4.0,1.0,Global on,Global off,8.0,55.0,0.14545454545454545,8.0,0.3333333333333333,ITI,ITI,4.0,1.0,Global on,Global off,-2.0,-0.01779497098646035,-2.0,-0.08333333333333331,0.01779497098646035
19,30,3.0,4.0,Safety-like,Global on,3.0,140.0,0.02142857142857143,3.0,0.125,ITI,CS+,3.0,4.0,Safety-like,Global on,5.0,128.0,0.0390625,4.0,0.16666666666666666,ITI,ITI,3.0,4.0,Safety-like,Global on,-2.0,-0.01763392857142857,-1.0,-0.04166666666666666,0.01763392857142857
28,29,4.0,2.0,Global on,Threat-like,4.0,145.0,0.027586206896551724,4.0,0.16666666666666666,ITI,ITI,4.0,2.0,Global on,Threat-like,7.0,155.0,0.04516129032258064,7.0,0.2916666666666667,ITI,CS-,4.0,2.0,Global on,Threat-like,-3.0,-0.01757508342602892,-3.0,-0.12500000000000003,0.01757508342602892
30,16,4.0,4.0,Global on,Global on,4.0,120.0,0.03333333333333333,3.0,0.125,ITI,ITI,4.0,4.0,Global on,Global on,6.0,118.0,0.05084745762711865,5.0,0.20833333333333334,ITI,ITI,4.0,4.0,Global on,Global on,-2.0,-0.017514124293785314,-2.0,-0.08333333333333334,0.017514124293785314
3,16,1.0,4.0,Global off,Global on,6.0,102.0,0.058823529411764705,6.0,0.25,CS+,CS-,1.0,4.0,Global off,Global on,5.0,121.0,0.04132231404958678,5.0,0.20833333333333334,CS+,CS+,1.0,4.0,Global off,Global on,1.0,0.017501215362177927,1.0,0.04166666666666666,0.017501215362177927
15,31,2.0,4.0,Threat-like,Global on,8.0,100.0,0.08,7.0,0.2916666666666667,ITI,ITI,2.0,4.0,Threat-like,Global on,7.0,112.0,0.0625,6.0,0.25,CS+,ITI,2.0,4.0,Threat-like,Global on,1.0,0.0175,1.0,0.041666666666666685,0.0175
13,6,2.0,1.0,Threat-like,Global off,2.0,205.0,0.00975609756097561,2.0,0.08333333333333333,ITI,CS-,2.0,1.0,Threat-like,Global off,7.0,258.0,0.027131782945736434,7.0,0.2916666666666667,CS+,ITI,2.0,1.0,Threat-like,Global off,-5.0,-0.017375685384760822,-5.0,-0.20833333333333337,0.017375685384760822
30,14,4.0,2.0,Global on,Threat-like,3.0,120.0,0.025,3.0,0.125,CS-,CS-,4.0,2.0,Global on,Threat-like,5.0,118.0,0.0423728813559322,5.0,0.20833333333333334,ITI,CS+,4.0,2.0,Global on,Threat-like,-2.0,-0.0173728813559322,-2.0,-0.08333333333333334,0.0173728813559322
23,8,4.0,4.0,Global on,Global on,3.0,82.0,0.036585365853658534,3.0,0.125,CS-,CS-,4.0,4.0,Global on,Global on,2.0,104.0,0.019230769230769232,2.0,0.08333333333333333,ITI,CS-,4.0,4.0,Global on,Global on,1.0,0.017354596622889303,1.0,0.04166666666666667,0.017354596622889303
16,19,4.0,3.0,Global on,Safety-like,6.0,226.0,0.02654867256637168,5.0,0.20833333333333334,ITI,ITI,4.0,3.0,Global on,Safety-like,2.0,216.0,0.009259259259259259,2.0,0.08333333333333333,CS+,CS+,4.0,3.0,Global on,Safety-like,4.0,0.017289413307112422,3.0,0.125,0.017289413307112422
20,13,3.0,2.0,Safety-like,Threat-like,9.0,205.0,0.04390243902439024,5.0,0.20833333333333334,ITI,CS-,3.0,2.0,Safety-like,Threat-like,7.0,263.0,0.026615969581749048,7.0,0.2916666666666667,ITI,CS+,3.0,2.0,Safety-like,Threat-like,2.0,0.017286469442641193,-2.0,-0.08333333333333334,0.017286469442641193
27,6,4.0,1.0,Global on,Global off,1.0,58.0,0.017241379310344827,1.0,0.041666666666666664,ITI,ITI,0.0,0.0,0,0,0.0,0.0,0.0,0.0,0.0,0,0,4.0,1.0,Global on,Global off,1.0,0.017241379310344827,1.0,0.041666666666666664,0.017241379310344827
27,11,4.0,1.0,Global on,Global off,1.0,58.0,0.017241379310344827,1.0,0.041666666666666664,ITI,CS-,0.0,0.0,0,0,0.0,0.0,0.0,0.0,0.0,0,0,4.0,1.0,Global on,Global off,1.0,0.017241379310344827,1.0,0.041666666666666664,0.017241379310344827
25,3,1.0,1.0,Global off,Global off,6.0,99.0,0.06060606060606061,5.0,0.20833333333333334,CS-,ITI,1.0,1.0,Global off,Global off,4.0,92.0,0.043478260869565216,4.0,0.16666666666666666,ITI,CS-,1.0,1.0,Global off,Global off,2.0,0.01712779973649539,1.0,0.041666666666666685,0.01712779973649539
9,19,1.0,3.0,Global off,Safety-like,3.0,115.0,0.02608695652173913,3.0,0.125,CS-,CS-,1.0,3.0,Global off,Safety-like,6.0,139.0,0.04316546762589928,6.0,0.25,ITI,ITI,1.0,3.0,Global off,Safety-like,-3.0,-0.017078511104160154,-3.0,-0.125,0.017078511104160154
9,16,1.0,4.0,Global off,Global on,3.0,115.0,0.02608695652173913,3.0,0.125,ITI,CS+,1.0,4.0,Global off,Global on,6.0,139.0,0.04316546762589928,5.0,0.20833333333333334,CS+,ITI,1.0,4.0,Global off,Global on,-3.0,-0.017078511104160154,-2.0,-0.08333333333333334,0.017078511104160154
19,9,3.0,1.0,Safety-like,Global off,2.0,140.0,0.014285714285714285,2.0,0.08333333333333333,CS-,CS-,3.0,1.0,Safety-like,Global off,4.0,128.0,0.03125,4.0,0.16666666666666666,ITI,CS+,3.0,1.0,Safety-like,Global off,-2.0,-0.016964285714285716,-2.0,-0.08333333333333333,0.016964285714285716
30,18,0.0,0.0,0,0,0.0,0.0,0.0,0.0,0.0,0,0,4.0,3.0,Global on,Safety-like,2.0,118.0,0.01694915254237288,2.0,0.08333333333333333,CS-,CS-,4.0,3.0,Global on,Safety-like,-2.0,-0.01694915254237288,-2.0,-0.08333333333333333,0.01694915254237288
30,27,0.0,0.0,0,0,0.0,0.0,0.0,0.0,0.0,0,0,4.0,4.0,Global on,Global on,2.0,118.0,0.01694915254237288,2.0,0.08333333333333333,CS-,ITI,4.0,4.0,Global on,Global on,-2.0,-0.01694915254237288,-2.0,-0.08333333333333333,0.01694915254237288
28,19,4.0,3.0,Global on,Safety-like,9.0,145.0,0.06206896551724138,9.0,0.375,ITI,ITI,4.0,3.0,Global on,Safety-like,7.0,155.0,0.04516129032258064,6.0,0.25,ITI,ITI,4.0,3.0,Global on,Safety-like,2.0,0.016907675194660736,3.0,0.125,0.016907675194660736
20,23,3.0,4.0,Safety-like,Global on,2.0,205.0,0.00975609756097561,2.0,0.08333333333333333,CS-,ITI,3.0,4.0,Safety-like,Global on,7.0,263.0,0.026615969581749048,6.0,0.25,ITI,ITI,3.0,4.0,Safety-like,Global on,-5.0,-0.016859872020773436,-4.0,-0.16666666666666669,0.016859872020773436
20,12,3.0,4.0,Safety-like,Global on,2.0,205.0,0.00975609756097561,2.0,0.08333333333333333,ITI,CS+,3.0,4.0,Safety-like,Global on,7.0,263.0,0.026615969581749048,6.0,0.25,ITI,CS+,3.0,4.0,Safety-like,Global on,-5.0,-0.016859872020773436,-4.0,-0.16666666666666669,0.016859872020773436
15,27,2.0,4.0,Threat-like,Global on,1.0,100.0,0.01,1.0,0.041666666666666664,CS+,CS+,2.0,4.0,Threat-like,Global on,3.0,112.0,0.026785714285714284,3.0,0.125,ITI,ITI,2.0,4.0,Threat-like,Global on,-2.0,-0.016785714285714286,-2.0,-0.08333333333333334,0.016785714285714286
10,30,1.0,4.0,Global off,Global on,1.0,95.0,0.010526315789473684,1.0,0.041666666666666664,ITI,ITI,1.0,4.0,Global off,Global on,3.0,110.0,0.02727272727272727,3.0,0.125,CS+,ITI,1.0,4.0,Global off,Global on,-2.0,-0.016746411483253586,-2.0,-0.08333333333333334,0.016746411483253586
7,26,0.0,0.0,0,0,0.0,0.0,0.0,0.0,0.0,0,0,1.0,4.0,Global off,Global on,1.0,60.0,0.016666666666666666,1.0,0.041666666666666664,ITI,ITI,1.0,4.0,Global off,Global on,-1.0,-0.016666666666666666,-1.0,-0.041666666666666664,0.016666666666666666
7,3,0.0,0.0,0,0,0.0,0.0,0.0,0.0,0.0,0,0,1.0,1.0,Global off,Global off,1.0,60.0,0.016666666666666666,1.0,0.041666666666666664,ITI,CS-,1.0,1.0,Global off,Global off,-1.0,-0.016666666666666666,-1.0,-0.041666666666666664,0.016666666666666666
4,9,3.0,1.0,Safety-like,Global off,9.0,204.0,0.04411764705882353,9.0,0.375,CS-,ITI,3.0,1.0,Safety-like,Global off,5.0,182.0,0.027472527472527472,5.0,0.20833333333333334,ITI,CS+,3.0,1.0,Safety-like,Global off,4.0,0.01664511958629606,4.0,0.16666666666666666,0.01664511958629606
3,25,0.0,0.0,0,0,0.0,0.0,0.0,0.0,0.0,0,0,1.0,1.0,Global off,Global off,2.0,121.0,0.01652892561983471,2.0,0.08333333333333333,CS+,CS+,1.0,1.0,Global off,Global off,-2.0,-0.01652892561983471,-2.0,-0.08333333333333333,0.01652892561983471
6,23,0.0,0.0,0,0,0.0,0.0,0.0,0.0,0.0,0,0,1.0,4.0,Global off,Global on,1.0,61.0,0.01639344262295082,1.0,0.041666666666666664,ITI,CS-,1.0,4.0,Global off,Global on,-1.0,-0.01639344262295082,-1.0,-0.041666666666666664,0.01639344262295082
30,3,4.0,1.0,Global on,Global off,4.0,120.0,0.03333333333333333,3.0,0.125,ITI,ITI,4.0,1.0,Global on,Global off,2.0,118.0,0.01694915254237288,2.0,0.08333333333333333,ITI,ITI,4.0,1.0,Global on,Global off,2.0,0.01638418079096045,1.0,0.04166666666666667,0.01638418079096045
13,20,2.0,3.0,Threat-like,Safety-like,3.0,205.0,0.014634146341463415,3.0,0.125,CS+,CS+,2.0,3.0,Threat-like,Safety-like,8.0,258.0,0.031007751937984496,6.0,0.25,ITI,ITI,2.0,3.0,Threat-like,Safety-like,-5.0,-0.016373605596521082,-3.0,-0.125,0.016373605596521082
19,26,3.0,4.0,Safety-like,Global on,1.0,140.0,0.007142857142857143,1.0,0.041666666666666664,CS+,CS+,3.0,4.0,Safety-like,Global on,3.0,128.0,0.0234375,3.0,0.125,ITI,CS+,3.0,4.0,Safety-like,Global on,-2.0,-0.016294642857142858,-2.0,-0.08333333333333334,0.016294642857142858
21,1,1.0,1.0,Global off,Global off,6.0,93.0,0.06451612903225806,4.0,0.16666666666666666,ITI,ITI,1.0,1.0,Global off,Global off,8.0,99.0,0.08080808080808081,8.0,0.3333333333333333,ITI,CS+,1.0,1.0,Global off,Global off,-2.0,-0.016291951775822752,-4.0,-0.16666666666666666,0.016291951775822752
32,30,4.0,4.0,Global on,Global on,26.0,425.0,0.0611764705882353,16.0,0.6666666666666666,ITI,ITI,4.0,4.0,Global on,Global on,18.0,401.0,0.04488778054862843,11.0,0.4583333333333333,CS+,ITI,4.0,4.0,Global on,Global on,8.0,0.016288690039606868,5.0,0.20833333333333331,0.016288690039606868
10,16,1.0,4.0,Global off,Global on,5.0,95.0,0.05263157894736842,5.0,0.20833333333333334,CS+,CS+,1.0,4.0,Global off,Global on,4.0,110.0,0.03636363636363636,3.0,0.125,CS+,CS+,1.0,4.0,Global off,Global on,1.0,0.016267942583732056,2.0,0.08333333333333334,0.016267942583732056
16,4,4.0,3.0,Global on,Safety-like,11.0,226.0,0.048672566371681415,8.0,0.3333333333333333,ITI,ITI,4.0,3.0,Global on,Safety-like,7.0,216.0,0.032407407407407406,6.0,0.25,ITI,ITI,4.0,3.0,Global on,Safety-like,4.0,0.01626515896427401,2.0,0.08333333333333331,0.01626515896427401
6,1,1.0,1.0,Global off,Global off,6.0,73.0,0.0821917808219178,5.0,0.20833333333333334,ITI,CS-,1.0,1.0,Global off,Global off,6.0,61.0,0.09836065573770492,6.0,0.25,ITI,ITI,1.0,1.0,Global off,Global off,0.0,-0.016168874915787113,-1.0,-0.04166666666666666,0.016168874915787113
2,31,1.0,4.0,Global off,Global on,10.0,229.0,0.043668122270742356,8.0,0.3333333333333333,ITI,CS+,1.0,4.0,Global off,Global on,6.0,218.0,0.027522935779816515,6.0,0.25,CS+,CS-,1.0,4.0,Global off,Global on,4.0,0.01614518649092584,2.0,0.08333333333333331,0.01614518649092584
2,29,1.0,2.0,Global off,Threat-like,10.0,229.0,0.043668122270742356,6.0,0.25,CS+,CS+,1.0,2.0,Global off,Threat-like,6.0,218.0,0.027522935779816515,5.0,0.20833333333333334,CS+,CS+,1.0,2.0,Global off,Threat-like,4.0,0.01614518649092584,1.0,0.04166666666666666,0.01614518649092584
4,1,3.0,1.0,Safety-like,Global off,27.0,204.0,0.1323529411764706,16.0,0.6666666666666666,CS-,ITI,3.0,1.0,Safety-like,Global off,27.0,182.0,0.14835164835164835,15.0,0.625,ITI,ITI,3.0,1.0,Safety-like,Global off,0.0,-0.015998707175177762,1.0,0.04166666666666663,0.015998707175177762
3,5,1.0,1.0,Global off,Global off,5.0,102.0,0.049019607843137254,5.0,0.20833333333333334,CS-,CS-,1.0,1.0,Global off,Global off,4.0,121.0,0.03305785123966942,4.0,0.16666666666666666,ITI,ITI,1.0,1.0,Global off,Global off,1.0,0.015961756603467832,1.0,0.041666666666666685,0.015961756603467832
17,6,1.0,1.0,Global off,Global off,7.0,234.0,0.029914529914529916,4.0,0.16666666666666666,ITI,CS-,1.0,1.0,Global off,Global off,3.0,215.0,0.013953488372093023,3.0,0.125,ITI,ITI,1.0,1.0,Global off,Global off,4.0,0.015961041542436893,1.0,0.04166666666666666,0.015961041542436893
17,27,1.0,4.0,Global off,Global on,7.0,234.0,0.029914529914529916,7.0,0.2916666666666667,ITI,ITI,1.0,4.0,Global off,Global on,3.0,215.0,0.013953488372093023,3.0,0.125,ITI,ITI,1.0,4.0,Global off,Global on,4.0,0.015961041542436893,4.0,0.16666666666666669,0.015961041542436893
14,15,2.0,2.0,Threat-like,Threat-like,4.0,124.0,0.03225806451612903,3.0,0.125,CS-,ITI,2.0,2.0,Threat-like,Threat-like,8.0,166.0,0.04819277108433735,6.0,0.25,CS+,ITI,2.0,2.0,Threat-like,Threat-like,-4.0,-0.01593470656820832,-3.0,-0.125,0.01593470656820832
16,30,4.0,4.0,Global on,Global on,13.0,226.0,0.05752212389380531,8.0,0.3333333333333333,ITI,ITI,4.0,4.0,Global on,Global on,9.0,216.0,0.041666666666666664,6.0,0.25,CS+,ITI,4.0,4.0,Global on,Global on,4.0,0.015855457227138645,2.0,0.08333333333333331,0.015855457227138645
17,25,1.0,1.0,Global off,Global off,5.0,234.0,0.021367521367521368,4.0,0.16666666666666666,ITI,CS-,1.0,1.0,Global off,Global off,8.0,215.0,0.037209302325581395,7.0,0.2916666666666667,ITI,ITI,1.0,1.0,Global off,Global off,-3.0,-0.015841780958060027,-3.0,-0.12500000000000003,0.015841780958060027
18,17,3.0,1.0,Safety-like,Global off,8.0,75.0,0.10666666666666667,5.0,0.20833333333333334,ITI,ITI,3.0,1.0,Safety-like,Global off,12.0,98.0,0.12244897959183673,9.0,0.375,ITI,ITI,3.0,1.0,Safety-like,Global off,-4.0,-0.01578231292517006,-4.0,-0.16666666666666666,0.01578231292517006
14,13,2.0,2.0,Threat-like,Threat-like,10.0,124.0,0.08064516129032258,8.0,0.3333333333333333,ITI,ITI,2.0,2.0,Threat-like,Threat-like,16.0,166.0,0.0963855421686747,12.0,0.5,CS+,ITI,2.0,2.0,Threat-like,Threat-like,-6.0,-0.015740380878352125,-4.0,-0.16666666666666669,0.015740380878352125
20,21,3.0,1.0,Safety-like,Global off,4.0,205.0,0.01951219512195122,4.0,0.16666666666666666,ITI,ITI,3.0,1.0,Safety-like,Global off,1.0,263.0,0.0038022813688212928,1.0,0.041666666666666664,ITI,CS-,3.0,1.0,Safety-like,Global off,3.0,0.015709913753129925,3.0,0.125,0.015709913753129925
21,20,1.0,3.0,Global off,Safety-like,7.0,93.0,0.07526881720430108,6.0,0.25,ITI,ITI,1.0,3.0,Global off,Safety-like,9.0,99.0,0.09090909090909091,5.0,0.20833333333333334,ITI,ITI,1.0,3.0,Global off,Safety-like,-2.0,-0.015640273704789834,1.0,0.04166666666666666,0.015640273704789834
19,22,0.0,0.0,0,0,0.0,0.0,0.0,0.0,0.0,0,0,3.0,4.0,Safety-like,Global on,2.0,128.0,0.015625,2.0,0.08333333333333333,ITI,ITI,3.0,4.0,Safety-like,Global on,-2.0,-0.015625,-2.0,-0.08333333333333333,0.015625
19,15,0.0,0.0,0,0,0.0,0.0,0.0,0.0,0.0,0,0,3.0,2.0,Safety-like,Threat-like,2.0,128.0,0.015625,2.0,0.08333333333333333,CS+,CS+,3.0,2.0,Safety-like,Threat-like,-2.0,-0.015625,-2.0,-0.08333333333333333,0.015625
1,9,1.0,1.0,Global off,Global off,18.0,408.0,0.04411764705882353,13.0,0.5416666666666666,ITI,CS-,1.0,1.0,Global off,Global off,12.0,421.0,0.028503562945368172,11.0,0.4583333333333333,CS+,ITI,1.0,1.0,Global off,Global off,6.0,0.01561408411345536,2.0,0.08333333333333331,0.01561408411345536
27,18,4.0,3.0,Global on,Safety-like,2.0,58.0,0.034482758620689655,2.0,0.08333333333333333,CS-,ITI,4.0,3.0,Global on,Safety-like,4.0,80.0,0.05,4.0,0.16666666666666666,ITI,ITI,4.0,3.0,Global on,Safety-like,-2.0,-0.015517241379310348,-2.0,-0.08333333333333333,0.015517241379310348
27,25,4.0,1.0,Global on,Global off,2.0,58.0,0.034482758620689655,2.0,0.08333333333333333,CS-,CS+,4.0,1.0,Global on,Global off,4.0,80.0,0.05,4.0,0.16666666666666666,ITI,ITI,4.0,1.0,Global on,Global off,-2.0,-0.015517241379310348,-2.0,-0.08333333333333333,0.015517241379310348
13,25,0.0,0.0,0,0,0.0,0.0,0.0,0.0,0.0,0,0,2.0,1.0,Threat-like,Global off,4.0,258.0,0.015503875968992248,4.0,0.16666666666666666,ITI,ITI,2.0,1.0,Threat-like,Global off,-4.0,-0.015503875968992248,-4.0,-0.16666666666666666,0.015503875968992248
25,32,1.0,4.0,Global off,Global on,6.0,99.0,0.06060606060606061,6.0,0.25,CS+,ITI,1.0,4.0,Global off,Global on,7.0,92.0,0.07608695652173914,7.0,0.2916666666666667,ITI,ITI,1.0,4.0,Global off,Global on,-1.0,-0.015480895915678528,-1.0,-0.041666666666666685,0.015480895915678528
29,24,2.0,4.0,Threat-like,Global on,6.0,196.0,0.030612244897959183,6.0,0.25,ITI,ITI,2.0,4.0,Threat-like,Global on,9.0,196.0,0.04591836734693878,8.0,0.3333333333333333,ITI,ITI,2.0,4.0,Threat-like,Global on,-3.0,-0.015306122448979595,-2.0,-0.08333333333333331,0.015306122448979595
29,22,2.0,4.0,Threat-like,Global on,5.0,196.0,0.025510204081632654,4.0,0.16666666666666666,ITI,ITI,2.0,4.0,Threat-like,Global on,2.0,196.0,0.01020408163265306,1.0,0.041666666666666664,CS-,CS-,2.0,4.0,Threat-like,Global on,3.0,0.015306122448979593,3.0,0.125,0.015306122448979593
29,15,0.0,0.0,0,0,0.0,0.0,0.0,0.0,0.0,0,0,2.0,2.0,Threat-like,Threat-like,3.0,196.0,0.015306122448979591,3.0,0.125,CS+,ITI,2.0,2.0,Threat-like,Threat-like,-3.0,-0.015306122448979591,-3.0,-0.125,0.015306122448979591
29,7,2.0,1.0,Threat-like,Global off,3.0,196.0,0.015306122448979591,2.0,0.08333333333333333,CS+,ITI,0.0,0.0,0,0,0.0,0.0,0.0,0.0,0.0,0,0,2.0,1.0,Threat-like,Global off,3.0,0.015306122448979591,2.0,0.08333333333333333,0.015306122448979591
29,2,2.0,1.0,Threat-like,Global off,3.0,196.0,0.015306122448979591,3.0,0.125,ITI,ITI,2.0,1.0,Threat-like,Global off,6.0,196.0,0.030612244897959183,5.0,0.20833333333333334,CS+,CS+,2.0,1.0,Threat-like,Global off,-3.0,-0.015306122448979591,-2.0,-0.08333333333333334,0.015306122448979591
30,1,4.0,1.0,Global on,Global off,12.0,120.0,0.1,9.0,0.375,ITI,ITI,4.0,1.0,Global on,Global off,10.0,118.0,0.0847457627118644,9.0,0.375,ITI,ITI,4.0,1.0,Global on,Global off,2.0,0.015254237288135603,0.0,0.0,0.015254237288135603
1,25,1.0,1.0,Global off,Global off,13.0,408.0,0.031862745098039214,9.0,0.375,ITI,ITI,1.0,1.0,Global off,Global off,7.0,421.0,0.0166270783847981,7.0,0.2916666666666667,ITI,ITI,1.0,1.0,Global off,Global off,6.0,0.015235666713241114,2.0,0.08333333333333331,0.015235666713241114
28,21,4.0,1.0,Global on,Global off,5.0,145.0,0.034482758620689655,5.0,0.20833333333333334,ITI,CS+,4.0,1.0,Global on,Global off,3.0,155.0,0.01935483870967742,3.0,0.125,CS+,CS+,4.0,1.0,Global on,Global off,2.0,0.015127919911012234,2.0,0.08333333333333334,0.015127919911012234
28,10,4.0,1.0,Global on,Global off,5.0,145.0,0.034482758620689655,5.0,0.20833333333333334,ITI,ITI,4.0,1.0,Global on,Global off,3.0,155.0,0.01935483870967742,2.0,0.08333333333333333,CS+,CS+,4.0,1.0,Global on,Global off,2.0,0.015127919911012234,3.0,0.125,0.015127919911012234
13,29,2.0,2.0,Threat-like,Threat-like,12.0,205.0,0.05853658536585366,6.0,0.25,CS+,ITI,2.0,2.0,Threat-like,Threat-like,19.0,258.0,0.07364341085271318,12.0,0.5,ITI,ITI,2.0,2.0,Threat-like,Threat-like,-7.0,-0.015106825486859522,-6.0,-0.25,0.015106825486859522
26,4,4.0,3.0,Global on,Safety-like,1.0,47.0,0.02127659574468085,1.0,0.041666666666666664,ITI,ITI,4.0,3.0,Global on,Safety-like,2.0,55.0,0.03636363636363636,1.0,0.041666666666666664,CS+,CS+,4.0,3.0,Global on,Safety-like,-1.0,-0.015087040618955511,0.0,0.0,0.015087040618955511
26,9,4.0,1.0,Global on,Global off,1.0,47.0,0.02127659574468085,1.0,0.041666666666666664,ITI,CS-,4.0,1.0,Global on,Global off,2.0,55.0,0.03636363636363636,2.0,0.08333333333333333,CS+,CS+,4.0,1.0,Global on,Global off,-1.0,-0.015087040618955511,-1.0,-0.041666666666666664,0.015087040618955511
26,24,4.0,4.0,Global on,Global on,1.0,47.0,0.02127659574468085,1.0,0.041666666666666664,ITI,ITI,4.0,4.0,Global on,Global on,2.0,55.0,0.03636363636363636,2.0,0.08333333333333333,CS+,CS+,4.0,4.0,Global on,Global on,-1.0,-0.015087040618955511,-1.0,-0.041666666666666664,0.015087040618955511
26,18,4.0,3.0,Global on,Safety-like,1.0,47.0,0.02127659574468085,1.0,0.041666666666666664,ITI,CS+,4.0,3.0,Global on,Safety-like,2.0,55.0,0.03636363636363636,2.0,0.08333333333333333,ITI,CS-,4.0,3.0,Global on,Safety-like,-1.0,-0.015087040618955511,-1.0,-0.041666666666666664,0.015087040618955511
26,10,4.0,1.0,Global on,Global off,1.0,47.0,0.02127659574468085,1.0,0.041666666666666664,ITI,ITI,4.0,1.0,Global on,Global off,2.0,55.0,0.03636363636363636,2.0,0.08333333333333333,CS+,CS+,4.0,1.0,Global on,Global off,-1.0,-0.015087040618955511,-1.0,-0.041666666666666664,0.015087040618955511
23,25,4.0,1.0,Global on,Global off,2.0,82.0,0.024390243902439025,2.0,0.08333333333333333,ITI,ITI,4.0,1.0,Global on,Global off,1.0,104.0,0.009615384615384616,1.0,0.041666666666666664,ITI,ITI,4.0,1.0,Global on,Global off,1.0,0.01477485928705441,1.0,0.041666666666666664,0.01477485928705441
20,18,3.0,3.0,Safety-like,Safety-like,4.0,205.0,0.01951219512195122,4.0,0.16666666666666666,ITI,CS-,3.0,3.0,Safety-like,Safety-like,9.0,263.0,0.034220532319391636,8.0,0.3333333333333333,ITI,ITI,3.0,3.0,Safety-like,Safety-like,-5.0,-0.014708337197440417,-4.0,-0.16666666666666666,0.014708337197440417
15,24,2.0,4.0,Threat-like,Global on,3.0,100.0,0.03,3.0,0.125,CS+,ITI,2.0,4.0,Threat-like,Global on,5.0,112.0,0.044642857142857144,3.0,0.125,CS-,CS-,2.0,4.0,Threat-like,Global on,-2.0,-0.014642857142857145,0.0,0.0,0.014642857142857145
15,12,2.0,4.0,Threat-like,Global on,3.0,100.0,0.03,3.0,0.125,ITI,ITI,2.0,4.0,Threat-like,Global on,5.0,112.0,0.044642857142857144,5.0,0.20833333333333334,ITI,ITI,2.0,4.0,Threat-like,Global on,-2.0,-0.014642857142857145,-2.0,-0.08333333333333334,0.014642857142857145
16,8,4.0,4.0,Global on,Global on,3.0,226.0,0.01327433628318584,3.0,0.125,ITI,ITI,4.0,4.0,Global on,Global on,6.0,216.0,0.027777777777777776,6.0,0.25,ITI,ITI,4.0,4.0,Global on,Global on,-3.0,-0.014503441494591936,-3.0,-0.125,0.014503441494591936
13,12,2.0,4.0,Threat-like,Global on,1.0,205.0,0.004878048780487805,1.0,0.041666666666666664,CS-,ITI,2.0,4.0,Threat-like,Global on,5.0,258.0,0.01937984496124031,3.0,0.125,CS+,ITI,2.0,4.0,Threat-like,Global on,-4.0,-0.014501796180752504,-2.0,-0.08333333333333334,0.014501796180752504
3,31,1.0,4.0,Global off,Global on,4.0,102.0,0.0392156862745098,4.0,0.16666666666666666,ITI,CS-,1.0,4.0,Global off,Global on,3.0,121.0,0.024793388429752067,3.0,0.125,ITI,ITI,1.0,4.0,Global off,Global on,1.0,0.014422297844757737,1.0,0.04166666666666666,0.014422297844757737
16,6,4.0,1.0,Global on,Global off,2.0,226.0,0.008849557522123894,2.0,0.08333333333333333,CS+,ITI,4.0,1.0,Global on,Global off,5.0,216.0,0.023148148148148147,5.0,0.20833333333333334,ITI,CS-,4.0,1.0,Global on,Global off,-3.0,-0.014298590626024253,-3.0,-0.125,0.014298590626024253
19,6,3.0,1.0,Safety-like,Global off,2.0,140.0,0.014285714285714285,2.0,0.08333333333333333,CS-,CS-,0.0,0.0,0,0,0.0,0.0,0.0,0.0,0.0,0,0,3.0,1.0,Safety-like,Global off,2.0,0.014285714285714285,2.0,0.08333333333333333,0.014285714285714285
24,12,4.0,4.0,Global on,Global on,4.0,121.0,0.03305785123966942,4.0,0.16666666666666666,ITI,CS-,4.0,4.0,Global on,Global on,3.0,159.0,0.018867924528301886,2.0,0.08333333333333333,ITI,ITI,4.0,4.0,Global on,Global on,1.0,0.014189926711367536,2.0,0.08333333333333333,0.014189926711367536
24,28,4.0,4.0,Global on,Global on,4.0,121.0,0.03305785123966942,4.0,0.16666666666666666,ITI,ITI,4.0,4.0,Global on,Global on,3.0,159.0,0.018867924528301886,3.0,0.125,ITI,ITI,4.0,4.0,Global on,Global on,1.0,0.014189926711367536,1.0,0.04166666666666666,0.014189926711367536
22,4,4.0,3.0,Global on,Safety-like,3.0,44.0,0.06818181818181818,3.0,0.125,ITI,CS-,4.0,3.0,Global on,Safety-like,2.0,37.0,0.05405405405405406,2.0,0.08333333333333333,CS-,ITI,4.0,3.0,Global on,Safety-like,1.0,0.01412776412776412,1.0,0.04166666666666667,0.01412776412776412
23,4,4.0,3.0,Global on,Safety-like,2.0,82.0,0.024390243902439025,2.0,0.08333333333333333,ITI,CS-,4.0,3.0,Global on,Safety-like,4.0,104.0,0.038461538461538464,4.0,0.16666666666666666,ITI,ITI,4.0,3.0,Global on,Safety-like,-2.0,-0.014071294559099438,-2.0,-0.08333333333333333,0.014071294559099438
19,1,3.0,1.0,Safety-like,Global off,14.0,140.0,0.1,10.0,0.4166666666666667,ITI,CS+,3.0,1.0,Safety-like,Global off,11.0,128.0,0.0859375,7.0,0.2916666666666667,ITI,ITI,3.0,1.0,Safety-like,Global off,3.0,0.014062500000000006,3.0,0.125,0.014062500000000006
14,17,2.0,1.0,Threat-like,Global off,2.0,124.0,0.016129032258064516,2.0,0.08333333333333333,ITI,ITI,2.0,1.0,Threat-like,Global off,5.0,166.0,0.030120481927710843,3.0,0.125,ITI,ITI,2.0,1.0,Threat-like,Global off,-3.0,-0.013991449669646328,-1.0,-0.04166666666666667,0.013991449669646328
8,1,4.0,1.0,Global on,Global off,8.0,93.0,0.08602150537634409,6.0,0.25,ITI,ITI,4.0,1.0,Global on,Global off,9.0,90.0,0.1,6.0,0.25,ITI,ITI,4.0,1.0,Global on,Global off,-1.0,-0.013978494623655913,0.0,0.0,0.013978494623655913
12,10,4.0,1.0,Global on,Global off,2.0,92.0,0.021739130434782608,2.0,0.08333333333333333,ITI,CS+,4.0,1.0,Global on,Global off,3.0,84.0,0.03571428571428571,2.0,0.08333333333333333,ITI,CS+,4.0,1.0,Global on,Global off,-1.0,-0.013975155279503104,0.0,0.0,0.013975155279503104
1,4,1.0,3.0,Global off,Safety-like,27.0,408.0,0.0661764705882353,15.0,0.625,ITI,ITI,1.0,3.0,Global off,Safety-like,22.0,421.0,0.052256532066508314,11.0,0.4583333333333333,ITI,ITI,1.0,3.0,Global off,Safety-like,5.0,0.01391993852172698,4.0,0.16666666666666669,0.01391993852172698
14,30,2.0,4.0,Threat-like,Global on,5.0,124.0,0.04032258064516129,4.0,0.16666666666666666,CS+,ITI,2.0,4.0,Threat-like,Global on,9.0,166.0,0.05421686746987952,8.0,0.3333333333333333,ITI,ITI,2.0,4.0,Threat-like,Global on,-4.0,-0.01389428682471823,-4.0,-0.16666666666666666,0.01389428682471823
31,16,4.0,4.0,Global on,Global on,15.0,220.0,0.06818181818181818,11.0,0.4583333333333333,CS+,ITI,4.0,4.0,Global on,Global on,12.0,221.0,0.05429864253393665,11.0,0.4583333333333333,CS+,ITI,4.0,4.0,Global on,Global on,3.0,0.013883175647881524,0.0,0.0,0.013883175647881524
10,29,1.0,2.0,Global off,Threat-like,3.0,95.0,0.031578947368421054,2.0,0.08333333333333333,CS+,CS-,1.0,2.0,Global off,Threat-like,5.0,110.0,0.045454545454545456,4.0,0.16666666666666666,ITI,ITI,1.0,2.0,Global off,Threat-like,-2.0,-0.013875598086124402,-2.0,-0.08333333333333333,0.013875598086124402
31,13,4.0,2.0,Global on,Threat-like,14.0,220.0,0.06363636363636363,11.0,0.4583333333333333,CS+,ITI,4.0,2.0,Global on,Threat-like,11.0,221.0,0.049773755656108594,10.0,0.4166666666666667,CS+,CS+,4.0,2.0,Global on,Threat-like,3.0,0.013862607980255036,1.0,0.04166666666666663,0.013862607980255036
28,6,4.0,1.0,Global on,Global off,2.0,145.0,0.013793103448275862,2.0,0.08333333333333333,CS-,CS+,0.0,0.0,0,0,0.0,0.0,0.0,0.0,0.0,0,0,4.0,1.0,Global on,Global off,2.0,0.013793103448275862,2.0,0.08333333333333333,0.013793103448275862
13,7,2.0,1.0,Threat-like,Global off,6.0,205.0,0.02926829268292683,6.0,0.25,ITI,ITI,2.0,1.0,Threat-like,Global off,4.0,258.0,0.015503875968992248,3.0,0.125,CS+,ITI,2.0,1.0,Threat-like,Global off,2.0,0.013764416713934583,3.0,0.125,0.013764416713934583
7,28,1.0,4.0,Global off,Global on,1.0,51.0,0.0196078431372549,1.0,0.041666666666666664,CS+,ITI,1.0,4.0,Global off,Global on,2.0,60.0,0.03333333333333333,2.0,0.08333333333333333,CS-,ITI,1.0,4.0,Global off,Global on,-1.0,-0.013725490196078431,-1.0,-0.041666666666666664,0.013725490196078431
7,25,1.0,1.0,Global off,Global off,1.0,51.0,0.0196078431372549,1.0,0.041666666666666664,ITI,ITI,1.0,1.0,Global off,Global off,2.0,60.0,0.03333333333333333,2.0,0.08333333333333333,CS+,CS+,1.0,1.0,Global off,Global off,-1.0,-0.013725490196078431,-1.0,-0.041666666666666664,0.013725490196078431
7,29,1.0,2.0,Global off,Threat-like,1.0,51.0,0.0196078431372549,1.0,0.041666666666666664,CS-,ITI,1.0,2.0,Global off,Threat-like,2.0,60.0,0.03333333333333333,2.0,0.08333333333333333,ITI,ITI,1.0,2.0,Global off,Threat-like,-1.0,-0.013725490196078431,-1.0,-0.041666666666666664,0.013725490196078431
7,9,1.0,1.0,Global off,Global off,1.0,51.0,0.0196078431372549,1.0,0.041666666666666664,ITI,CS+,1.0,1.0,Global off,Global off,2.0,60.0,0.03333333333333333,2.0,0.08333333333333333,CS-,CS-,1.0,1.0,Global off,Global off,-1.0,-0.013725490196078431,-1.0,-0.041666666666666664,0.013725490196078431
7,13,1.0,2.0,Global off,Threat-like,1.0,51.0,0.0196078431372549,1.0,0.041666666666666664,CS+,ITI,1.0,2.0,Global off,Threat-like,2.0,60.0,0.03333333333333333,1.0,0.041666666666666664,CS+,CS+,1.0,2.0,Global off,Threat-like,-1.0,-0.013725490196078431,0.0,0.0,0.013725490196078431
6,19,1.0,3.0,Global off,Safety-like,1.0,73.0,0.0136986301369863,1.0,0.041666666666666664,CS-,ITI,0.0,0.0,0,0,0.0,0.0,0.0,0.0,0.0,0,0,1.0,3.0,Global off,Safety-like,1.0,0.0136986301369863,1.0,0.041666666666666664,0.0136986301369863
6,11,1.0,1.0,Global off,Global off,1.0,73.0,0.0136986301369863,1.0,0.041666666666666664,ITI,ITI,0.0,0.0,0,0,0.0,0.0,0.0,0.0,0.0,0,0,1.0,1.0,Global off,Global off,1.0,0.0136986301369863,1.0,0.041666666666666664,0.0136986301369863
1,10,1.0,1.0,Global off,Global off,8.0,408.0,0.0196078431372549,7.0,0.2916666666666667,CS+,CS+,1.0,1.0,Global off,Global off,14.0,421.0,0.0332541567695962,10.0,0.4166666666666667,ITI,CS+,1.0,1.0,Global off,Global off,-6.0,-0.013646313632341298,-3.0,-0.125,0.013646313632341298
32,20,4.0,3.0,Global on,Safety-like,26.0,425.0,0.0611764705882353,16.0,0.6666666666666666,ITI,ITI,4.0,3.0,Global on,Safety-like,30.0,401.0,0.07481296758104738,16.0,0.6666666666666666,ITI,ITI,4.0,3.0,Global on,Safety-like,-4.0,-0.013636496992812087,0.0,0.0,0.013636496992812087
19,12,3.0,4.0,Safety-like,Global on,3.0,140.0,0.02142857142857143,2.0,0.08333333333333333,ITI,ITI,3.0,4.0,Safety-like,Global on,1.0,128.0,0.0078125,1.0,0.041666666666666664,ITI,CS+,3.0,4.0,Safety-like,Global on,2.0,0.013616071428571429,1.0,0.041666666666666664,0.013616071428571429
1,31,1.0,4.0,Global off,Global on,9.0,408.0,0.022058823529411766,8.0,0.3333333333333333,CS+,CS+,1.0,4.0,Global off,Global on,15.0,421.0,0.035629453681710214,12.0,0.5,CS+,CS+,1.0,4.0,Global off,Global on,-6.0,-0.013570630152298448,-4.0,-0.16666666666666669,0.013570630152298448
31,21,4.0,1.0,Global on,Global off,1.0,220.0,0.004545454545454545,1.0,0.041666666666666664,ITI,ITI,4.0,1.0,Global on,Global off,4.0,221.0,0.01809954751131222,4.0,0.16666666666666666,CS+,ITI,4.0,1.0,Global on,Global off,-3.0,-0.013554092965857674,-3.0,-0.125,0.013554092965857674
5,16,1.0,4.0,Global off,Global on,5.0,148.0,0.033783783783783786,5.0,0.20833333333333334,CS-,CS-,1.0,4.0,Global off,Global on,7.0,148.0,0.0472972972972973,6.0,0.25,ITI,ITI,1.0,4.0,Global off,Global on,-2.0,-0.013513513513513514,-1.0,-0.04166666666666666,0.013513513513513514
5,28,1.0,4.0,Global off,Global on,5.0,148.0,0.033783783783783786,3.0,0.125,CS-,CS-,1.0,4.0,Global off,Global on,3.0,148.0,0.02027027027027027,3.0,0.125,ITI,ITI,1.0,4.0,Global off,Global on,2.0,0.013513513513513514,0.0,0.0,0.013513513513513514
5,26,1.0,4.0,Global off,Global on,1.0,148.0,0.006756756756756757,1.0,0.041666666666666664,ITI,ITI,1.0,4.0,Global off,Global on,3.0,148.0,0.02027027027027027,3.0,0.125,ITI,ITI,1.0,4.0,Global off,Global on,-2.0,-0.013513513513513514,-2.0,-0.08333333333333334,0.013513513513513514
5,8,1.0,4.0,Global off,Global on,4.0,148.0,0.02702702702702703,3.0,0.125,ITI,CS-,1.0,4.0,Global off,Global on,6.0,148.0,0.04054054054054054,4.0,0.16666666666666666,CS+,ITI,1.0,4.0,Global off,Global on,-2.0,-0.013513513513513514,-1.0,-0.04166666666666666,0.013513513513513514
5,10,1.0,1.0,Global off,Global off,4.0,148.0,0.02702702702702703,3.0,0.125,CS-,ITI,1.0,1.0,Global off,Global off,2.0,148.0,0.013513513513513514,2.0,0.08333333333333333,ITI,ITI,1.0,1.0,Global off,Global off,2.0,0.013513513513513514,1.0,0.04166666666666667,0.013513513513513514
5,25,1.0,1.0,Global off,Global off,2.0,148.0,0.013513513513513514,2.0,0.08333333333333333,CS-,ITI,0.0,0.0,0,0,0.0,0.0,0.0,0.0,0.0,0,0,1.0,1.0,Global off,Global off,2.0,0.013513513513513514,2.0,0.08333333333333333,0.013513513513513514
5,3,1.0,1.0,Global off,Global off,1.0,148.0,0.006756756756756757,1.0,0.041666666666666664,CS-,ITI,1.0,1.0,Global off,Global off,3.0,148.0,0.02027027027027027,2.0,0.08333333333333333,CS+,ITI,1.0,1.0,Global off,Global off,-2.0,-0.013513513513513514,-1.0,-0.041666666666666664,0.013513513513513514
31,19,4.0,3.0,Global on,Safety-like,5.0,220.0,0.022727272727272728,3.0,0.125,ITI,ITI,4.0,3.0,Global on,Safety-like,8.0,221.0,0.03619909502262444,6.0,0.25,ITI,ITI,4.0,3.0,Global on,Safety-like,-3.0,-0.01347182229535171,-3.0,-0.125,0.01347182229535171
3,23,1.0,4.0,Global off,Global on,2.0,102.0,0.0196078431372549,2.0,0.08333333333333333,CS-,CS-,1.0,4.0,Global off,Global on,4.0,121.0,0.03305785123966942,3.0,0.125,CS-,ITI,1.0,4.0,Global off,Global on,-2.0,-0.01345000810241452,-1.0,-0.04166666666666667,0.01345000810241452
10,17,1.0,1.0,Global off,Global off,3.0,95.0,0.031578947368421054,3.0,0.125,ITI,ITI,1.0,1.0,Global off,Global off,2.0,110.0,0.01818181818181818,2.0,0.08333333333333333,ITI,ITI,1.0,1.0,Global off,Global off,1.0,0.013397129186602873,1.0,0.04166666666666667,0.013397129186602873
32,29,4.0,2.0,Global on,Threat-like,29.0,425.0,0.06823529411764706,16.0,0.6666666666666666,ITI,ITI,4.0,2.0,Global on,Threat-like,22.0,401.0,0.05486284289276808,12.0,0.5,ITI,ITI,4.0,2.0,Global on,Threat-like,7.0,0.013372451224878984,4.0,0.16666666666666663,0.013372451224878984
23,20,4.0,3.0,Global on,Safety-like,6.0,82.0,0.07317073170731707,5.0,0.20833333333333334,CS-,ITI,4.0,3.0,Global on,Safety-like,9.0,104.0,0.08653846153846154,6.0,0.25,ITI,ITI,4.0,3.0,Global on,Safety-like,-3.0,-0.013367729831144468,-1.0,-0.04166666666666666,0.013367729831144468
31,29,4.0,2.0,Global on,Threat-like,11.0,220.0,0.05,7.0,0.2916666666666667,ITI,ITI,4.0,2.0,Global on,Threat-like,14.0,221.0,0.06334841628959276,9.0,0.375,ITI,ITI,4.0,2.0,Global on,Threat-like,-3.0,-0.013348416289592754,-2.0,-0.08333333333333331,0.013348416289592754
18,25,3.0,1.0,Safety-like,Global off,1.0,75.0,0.013333333333333334,1.0,0.041666666666666664,ITI,ITI,0.0,0.0,0,0,0.0,0.0,0.0,0.0,0.0,0,0,3.0,1.0,Safety-like,Global off,1.0,0.013333333333333334,1.0,0.041666666666666664,0.013333333333333334
9,4,1.0,3.0,Global off,Safety-like,4.0,115.0,0.034782608695652174,4.0,0.16666666666666666,ITI,ITI,1.0,3.0,Global off,Safety-like,3.0,139.0,0.02158273381294964,3.0,0.125,ITI,ITI,1.0,3.0,Global off,Safety-like,1.0,0.013199874882702533,1.0,0.04166666666666666,0.013199874882702533
9,10,1.0,1.0,Global off,Global off,4.0,115.0,0.034782608695652174,4.0,0.16666666666666666,ITI,ITI,1.0,1.0,Global off,Global off,3.0,139.0,0.02158273381294964,3.0,0.125,ITI,ITI,1.0,1.0,Global off,Global off,1.0,0.013199874882702533,1.0,0.04166666666666666,0.013199874882702533
25,19,1.0,3.0,Global off,Safety-like,3.0,99.0,0.030303030303030304,2.0,0.08333333333333333,ITI,ITI,1.0,3.0,Global off,Safety-like,4.0,92.0,0.043478260869565216,4.0,0.16666666666666666,ITI,ITI,1.0,3.0,Global off,Safety-like,-1.0,-0.013175230566534912,-2.0,-0.08333333333333333,0.013175230566534912
12,21,4.0,1.0,Global on,Global off,1.0,92.0,0.010869565217391304,1.0,0.041666666666666664,CS-,CS-,4.0,1.0,Global on,Global off,2.0,84.0,0.023809523809523808,2.0,0.08333333333333333,CS+,CS+,4.0,1.0,Global on,Global off,-1.0,-0.012939958592132504,-1.0,-0.041666666666666664,0.012939958592132504
12,29,4.0,2.0,Global on,Threat-like,1.0,92.0,0.010869565217391304,1.0,0.041666666666666664,CS-,CS-,4.0,2.0,Global on,Threat-like,2.0,84.0,0.023809523809523808,2.0,0.08333333333333333,CS+,ITI,4.0,2.0,Global on,Threat-like,-1.0,-0.012939958592132504,-1.0,-0.041666666666666664,0.012939958592132504
12,7,4.0,1.0,Global on,Global off,1.0,92.0,0.010869565217391304,1.0,0.041666666666666664,ITI,CS-,4.0,1.0,Global on,Global off,2.0,84.0,0.023809523809523808,2.0,0.08333333333333333,CS+,CS+,4.0,1.0,Global on,Global off,-1.0,-0.012939958592132504,-1.0,-0.041666666666666664,0.012939958592132504
9,7,1.0,1.0,Global off,Global off,1.0,115.0,0.008695652173913044,1.0,0.041666666666666664,CS-,ITI,1.0,1.0,Global off,Global off,3.0,139.0,0.02158273381294964,3.0,0.125,ITI,ITI,1.0,1.0,Global off,Global off,-2.0,-0.012887081639036598,-2.0,-0.08333333333333334,0.012887081639036598
3,12,1.0,4.0,Global off,Global on,3.0,102.0,0.029411764705882353,2.0,0.08333333333333333,ITI,CS-,1.0,4.0,Global off,Global on,2.0,121.0,0.01652892561983471,2.0,0.08333333333333333,CS+,CS+,1.0,4.0,Global off,Global on,1.0,0.012882839086047641,0.0,0.0,0.012882839086047641
16,21,4.0,1.0,Global on,Global off,5.0,226.0,0.022123893805309734,4.0,0.16666666666666666,CS-,ITI,4.0,1.0,Global on,Global off,2.0,216.0,0.009259259259259259,2.0,0.08333333333333333,ITI,CS-,4.0,1.0,Global on,Global off,3.0,0.012864634546050475,2.0,0.08333333333333333,0.012864634546050475
17,18,1.0,3.0,Global off,Safety-like,9.0,234.0,0.038461538461538464,7.0,0.2916666666666667,ITI,ITI,1.0,3.0,Global off,Safety-like,11.0,215.0,0.05116279069767442,6.0,0.25,CS-,ITI,1.0,3.0,Global off,Safety-like,-2.0,-0.012701252236135954,1.0,0.041666666666666685,0.012701252236135954
17,28,1.0,4.0,Global off,Global on,9.0,234.0,0.038461538461538464,7.0,0.2916666666666667,ITI,ITI,1.0,4.0,Global off,Global on,11.0,215.0,0.05116279069767442,9.0,0.375,ITI,ITI,1.0,4.0,Global off,Global on,-2.0,-0.012701252236135954,-2.0,-0.08333333333333331,0.012701252236135954
24,11,0.0,0.0,0,0,0.0,0.0,0.0,0.0,0.0,0,0,4.0,1.0,Global on,Global off,2.0,159.0,0.012578616352201259,2.0,0.08333333333333333,ITI,CS+,4.0,1.0,Global on,Global off,-2.0,-0.012578616352201259,-2.0,-0.08333333333333333,0.012578616352201259
27,14,0.0,0.0,0,0,0.0,0.0,0.0,0.0,0.0,0,0,4.0,2.0,Global on,Threat-like,1.0,80.0,0.0125,1.0,0.041666666666666664,CS-,CS-,4.0,2.0,Global on,Threat-like,-1.0,-0.0125,-1.0,-0.041666666666666664,0.0125
27,3,0.0,0.0,0,0,0.0,0.0,0.0,0.0,0.0,0,0,4.0,1.0,Global on,Global off,1.0,80.0,0.0125,1.0,0.041666666666666664,ITI,CS+,4.0,1.0,Global on,Global off,-1.0,-0.0125,-1.0,-0.041666666666666664,0.0125
27,12,0.0,0.0,0,0,0.0,0.0,0.0,0.0,0.0,0,0,4.0,4.0,Global on,Global on,1.0,80.0,0.0125,1.0,0.041666666666666664,CS+,CS+,4.0,4.0,Global on,Global on,-1.0,-0.0125,-1.0,-0.041666666666666664,0.0125
27,7,0.0,0.0,0,0,0.0,0.0,0.0,0.0,0.0,0,0,4.0,1.0,Global on,Global off,1.0,80.0,0.0125,1.0,0.041666666666666664,CS+,CS+,4.0,1.0,Global on,Global off,-1.0,-0.0125,-1.0,-0.041666666666666664,0.0125
32,31,4.0,4.0,Global on,Global on,35.0,425.0,0.08235294117647059,14.0,0.5833333333333334,ITI,ITI,4.0,4.0,Global on,Global on,38.0,401.0,0.09476309226932668,17.0,0.7083333333333334,ITI,ITI,4.0,4.0,Global on,Global on,-3.0,-0.012410151092856092,-3.0,-0.125,0.012410151092856092
25,23,1.0,4.0,Global off,Global on,2.0,99.0,0.020202020202020204,2.0,0.08333333333333333,ITI,CS-,1.0,4.0,Global off,Global on,3.0,92.0,0.03260869565217391,2.0,0.08333333333333333,CS+,CS+,1.0,4.0,Global off,Global on,-1.0,-0.012406675450153708,0.0,0.0,0.012406675450153708
25,4,1.0,3.0,Global off,Safety-like,2.0,99.0,0.020202020202020204,2.0,0.08333333333333333,ITI,CS-,1.0,3.0,Global off,Safety-like,3.0,92.0,0.03260869565217391,3.0,0.125,ITI,CS-,1.0,3.0,Global off,Safety-like,-1.0,-0.012406675450153708,-1.0,-0.04166666666666667,0.012406675450153708
32,13,4.0,2.0,Global on,Threat-like,19.0,425.0,0.04470588235294118,13.0,0.5416666666666666,ITI,ITI,4.0,2.0,Global on,Threat-like,13.0,401.0,0.032418952618453865,10.0,0.4166666666666667,ITI,ITI,4.0,2.0,Global on,Threat-like,6.0,0.012286929734487313,3.0,0.12499999999999994,0.012286929734487313
19,29,3.0,2.0,Safety-like,Threat-like,5.0,140.0,0.03571428571428571,3.0,0.125,ITI,CS+,3.0,2.0,Safety-like,Threat-like,3.0,128.0,0.0234375,2.0,0.08333333333333333,ITI,CS+,3.0,2.0,Safety-like,Threat-like,2.0,0.012276785714285712,1.0,0.04166666666666667,0.012276785714285712
19,13,3.0,2.0,Safety-like,Threat-like,5.0,140.0,0.03571428571428571,5.0,0.20833333333333334,ITI,CS+,3.0,2.0,Safety-like,Threat-like,3.0,128.0,0.0234375,3.0,0.125,ITI,CS+,3.0,2.0,Safety-like,Threat-like,2.0,0.012276785714285712,2.0,0.08333333333333334,0.012276785714285712
19,2,3.0,1.0,Safety-like,Global off,5.0,140.0,0.03571428571428571,4.0,0.16666666666666666,CS-,ITI,3.0,1.0,Safety-like,Global off,3.0,128.0,0.0234375,3.0,0.125,ITI,ITI,3.0,1.0,Safety-like,Global off,2.0,0.012276785714285712,1.0,0.04166666666666666,0.012276785714285712
14,5,2.0,1.0,Threat-like,Global off,6.0,124.0,0.04838709677419355,5.0,0.20833333333333334,CS+,ITI,2.0,1.0,Threat-like,Global off,6.0,166.0,0.03614457831325301,5.0,0.20833333333333334,ITI,ITI,2.0,1.0,Threat-like,Global off,0.0,0.012242518460940537,0.0,0.0,0.012242518460940537
24,8,4.0,4.0,Global on,Global on,3.0,121.0,0.024793388429752067,3.0,0.125,CS+,CS+,4.0,4.0,Global on,Global on,2.0,159.0,0.012578616352201259,2.0,0.08333333333333333,CS-,CS+,4.0,4.0,Global on,Global on,1.0,0.012214772077550808,1.0,0.04166666666666667,0.012214772077550808
23,6,4.0,1.0,Global on,Global off,1.0,82.0,0.012195121951219513,1.0,0.041666666666666664,CS+,CS+,0.0,0.0,0,0,0.0,0.0,0.0,0.0,0.0,0,0,4.0,1.0,Global on,Global off,1.0,0.012195121951219513,1.0,0.041666666666666664,0.012195121951219513
8,15,4.0,2.0,Global on,Threat-like,3.0,93.0,0.03225806451612903,3.0,0.125,ITI,ITI,4.0,2.0,Global on,Threat-like,4.0,90.0,0.044444444444444446,4.0,0.16666666666666666,CS-,ITI,4.0,2.0,Global on,Threat-like,-1.0,-0.012186379928315415,-1.0,-0.04166666666666666,0.012186379928315415
4,15,3.0,2.0,Safety-like,Threat-like,2.0,204.0,0.00980392156862745,2.0,0.08333333333333333,ITI,CS+,3.0,2.0,Safety-like,Threat-like,4.0,182.0,0.02197802197802198,4.0,0.16666666666666666,CS+,CS+,3.0,2.0,Safety-like,Threat-like,-2.0,-0.012174100409394529,-2.0,-0.08333333333333333,0.012174100409394529
15,6,2.0,1.0,Threat-like,Global off,3.0,100.0,0.03,3.0,0.125,ITI,ITI,2.0,1.0,Threat-like,Global off,2.0,112.0,0.017857142857142856,2.0,0.08333333333333333,CS+,CS+,2.0,1.0,Threat-like,Global off,1.0,0.012142857142857143,1.0,0.04166666666666667,0.012142857142857143
14,20,0.0,0.0,0,0,0.0,0.0,0.0,0.0,0.0,0,0,2.0,3.0,Threat-like,Safety-like,2.0,166.0,0.012048192771084338,2.0,0.08333333333333333,CS-,CS-,2.0,3.0,Threat-like,Safety-like,-2.0,-0.012048192771084338,-2.0,-0.08333333333333333,0.012048192771084338
10,22,1.0,4.0,Global off,Global on,2.0,95.0,0.021052631578947368,2.0,0.08333333333333333,CS-,CS-,1.0,4.0,Global off,Global on,1.0,110.0,0.00909090909090909,1.0,0.041666666666666664,CS+,ITI,1.0,4.0,Global off,Global on,1.0,0.011961722488038277,1.0,0.041666666666666664,0.011961722488038277
14,21,2.0,1.0,Threat-like,Global off,3.0,124.0,0.024193548387096774,3.0,0.125,ITI,ITI,2.0,1.0,Threat-like,Global off,6.0,166.0,0.03614457831325301,4.0,0.16666666666666666,ITI,ITI,2.0,1.0,Threat-like,Global off,-3.0,-0.011951029926156237,-1.0,-0.04166666666666666,0.011951029926156237
14,3,2.0,1.0,Threat-like,Global off,3.0,124.0,0.024193548387096774,3.0,0.125,ITI,ITI,2.0,1.0,Threat-like,Global off,6.0,166.0,0.03614457831325301,5.0,0.20833333333333334,ITI,ITI,2.0,1.0,Threat-like,Global off,-3.0,-0.011951029926156237,-2.0,-0.08333333333333334,0.011951029926156237
12,22,0.0,0.0,0,0,0.0,0.0,0.0,0.0,0.0,0,0,4.0,4.0,Global on,Global on,1.0,84.0,0.011904761904761904,1.0,0.041666666666666664,ITI,CS-,4.0,4.0,Global on,Global on,-1.0,-0.011904761904761904,-1.0,-0.041666666666666664,0.011904761904761904
8,17,4.0,1.0,Global on,Global off,2.0,93.0,0.021505376344086023,2.0,0.08333333333333333,CS-,CS-,4.0,1.0,Global on,Global off,3.0,90.0,0.03333333333333333,3.0,0.125,ITI,ITI,4.0,1.0,Global on,Global off,-1.0,-0.01182795698924731,-1.0,-0.04166666666666667,0.01182795698924731
8,6,4.0,1.0,Global on,Global off,2.0,93.0,0.021505376344086023,2.0,0.08333333333333333,CS-,CS-,4.0,1.0,Global on,Global off,3.0,90.0,0.03333333333333333,3.0,0.125,CS+,ITI,4.0,1.0,Global on,Global off,-1.0,-0.01182795698924731,-1.0,-0.04166666666666667,0.01182795698924731
2,16,1.0,4.0,Global off,Global on,12.0,229.0,0.05240174672489083,8.0,0.3333333333333333,ITI,CS+,1.0,4.0,Global off,Global on,14.0,218.0,0.06422018348623854,11.0,0.4583333333333333,ITI,ITI,1.0,4.0,Global off,Global on,-2.0,-0.011818436761347709,-3.0,-0.125,0.011818436761347709
32,6,4.0,1.0,Global on,Global off,5.0,425.0,0.011764705882352941,4.0,0.16666666666666666,ITI,ITI,0.0,0.0,0,0,0.0,0.0,0.0,0.0,0.0,0,0,4.0,1.0,Global on,Global off,5.0,0.011764705882352941,4.0,0.16666666666666666,0.011764705882352941
25,8,1.0,4.0,Global off,Global on,1.0,99.0,0.010101010101010102,1.0,0.041666666666666664,CS-,ITI,1.0,4.0,Global off,Global on,2.0,92.0,0.021739130434782608,2.0,0.08333333333333333,ITI,CS-,1.0,4.0,Global off,Global on,-1.0,-0.011638120333772506,-1.0,-0.041666666666666664,0.011638120333772506
25,30,1.0,4.0,Global off,Global on,1.0,99.0,0.010101010101010102,1.0,0.041666666666666664,ITI,ITI,1.0,4.0,Global off,Global on,2.0,92.0,0.021739130434782608,2.0,0.08333333333333333,ITI,CS+,1.0,4.0,Global off,Global on,-1.0,-0.011638120333772506,-1.0,-0.041666666666666664,0.011638120333772506
19,25,3.0,1.0,Safety-like,Global off,6.0,140.0,0.04285714285714286,6.0,0.25,ITI,ITI,3.0,1.0,Safety-like,Global off,4.0,128.0,0.03125,4.0,0.16666666666666666,ITI,ITI,3.0,1.0,Safety-like,Global off,2.0,0.011607142857142858,2.0,0.08333333333333334,0.011607142857142858
28,24,4.0,4.0,Global on,Global on,3.0,145.0,0.020689655172413793,3.0,0.125,ITI,CS+,4.0,4.0,Global on,Global on,5.0,155.0,0.03225806451612903,5.0,0.20833333333333334,CS+,ITI,4.0,4.0,Global on,Global on,-2.0,-0.011568409343715239,-2.0,-0.08333333333333334,0.011568409343715239
28,12,4.0,4.0,Global on,Global on,3.0,145.0,0.020689655172413793,3.0,0.125,ITI,CS+,4.0,4.0,Global on,Global on,5.0,155.0,0.03225806451612903,2.0,0.08333333333333333,CS-,CS-,4.0,4.0,Global on,Global on,-2.0,-0.011568409343715239,1.0,0.04166666666666667,0.011568409343715239
17,31,1.0,4.0,Global off,Global on,6.0,234.0,0.02564102564102564,5.0,0.20833333333333334,ITI,ITI,1.0,4.0,Global off,Global on,8.0,215.0,0.037209302325581395,6.0,0.25,ITI,ITI,1.0,4.0,Global off,Global on,-2.0,-0.011568276684555755,-1.0,-0.04166666666666666,0.011568276684555755
23,19,4.0,3.0,Global on,Safety-like,3.0,82.0,0.036585365853658534,2.0,0.08333333333333333,CS-,ITI,4.0,3.0,Global on,Safety-like,5.0,104.0,0.04807692307692308,4.0,0.16666666666666666,ITI,ITI,4.0,3.0,Global on,Safety-like,-2.0,-0.011491557223264545,-2.0,-0.08333333333333333,0.011491557223264545
23,31,4.0,4.0,Global on,Global on,3.0,82.0,0.036585365853658534,3.0,0.125,ITI,ITI,4.0,4.0,Global on,Global on,5.0,104.0,0.04807692307692308,4.0,0.16666666666666666,CS+,ITI,4.0,4.0,Global on,Global on,-2.0,-0.011491557223264545,-1.0,-0.04166666666666666,0.011491557223264545
8,10,4.0,1.0,Global on,Global off,1.0,93.0,0.010752688172043012,1.0,0.041666666666666664,ITI,ITI,4.0,1.0,Global on,Global off,2.0,90.0,0.022222222222222223,2.0,0.08333333333333333,ITI,CS-,4.0,1.0,Global on,Global off,-1.0,-0.011469534050179211,-1.0,-0.041666666666666664,0.011469534050179211
8,7,4.0,1.0,Global on,Global off,1.0,93.0,0.010752688172043012,1.0,0.041666666666666664,ITI,ITI,4.0,1.0,Global on,Global off,2.0,90.0,0.022222222222222223,2.0,0.08333333333333333,CS-,ITI,4.0,1.0,Global on,Global off,-1.0,-0.011469534050179211,-1.0,-0.041666666666666664,0.011469534050179211
12,1,4.0,1.0,Global on,Global off,11.0,92.0,0.11956521739130435,8.0,0.3333333333333333,CS+,CS+,4.0,1.0,Global on,Global off,11.0,84.0,0.13095238095238096,10.0,0.4166666666666667,ITI,CS+,4.0,1.0,Global on,Global off,0.0,-0.011387163561076608,-2.0,-0.08333333333333337,0.011387163561076608
3,7,1.0,1.0,Global off,Global off,2.0,102.0,0.0196078431372549,2.0,0.08333333333333333,CS+,CS+,1.0,1.0,Global off,Global off,1.0,121.0,0.008264462809917356,1.0,0.041666666666666664,ITI,CS-,1.0,1.0,Global off,Global off,1.0,0.011343380327337546,1.0,0.041666666666666664,0.011343380327337546
20,25,3.0,1.0,Safety-like,Global off,7.0,205.0,0.03414634146341464,5.0,0.20833333333333334,ITI,ITI,3.0,1.0,Safety-like,Global off,6.0,263.0,0.022813688212927757,5.0,0.20833333333333334,ITI,ITI,3.0,1.0,Safety-like,Global off,1.0,0.01133265325048688,0.0,0.0,0.01133265325048688
32,10,4.0,1.0,Global on,Global off,9.0,425.0,0.021176470588235293,8.0,0.3333333333333333,ITI,ITI,4.0,1.0,Global on,Global off,13.0,401.0,0.032418952618453865,7.0,0.2916666666666667,ITI,ITI,4.0,1.0,Global on,Global off,-4.0,-0.011242482030218572,1.0,0.04166666666666663,0.011242482030218572
1,8,1.0,4.0,Global off,Global on,9.0,408.0,0.022058823529411766,8.0,0.3333333333333333,ITI,ITI,1.0,4.0,Global off,Global on,14.0,421.0,0.0332541567695962,11.0,0.4583333333333333,ITI,CS-,1.0,4.0,Global off,Global on,-5.0,-0.011195333240184433,-3.0,-0.125,0.011195333240184433
19,3,3.0,1.0,Safety-like,Global off,5.0,140.0,0.03571428571428571,3.0,0.125,ITI,ITI,3.0,1.0,Safety-like,Global off,6.0,128.0,0.046875,6.0,0.25,ITI,ITI,3.0,1.0,Safety-like,Global off,-1.0,-0.011160714285714288,-3.0,-0.125,0.011160714285714288
8,5,0.0,0.0,0,0,0.0,0.0,0.0,0.0,0.0,0,0,4.0,1.0,Global on,Global off,1.0,90.0,0.011111111111111112,1.0,0.041666666666666664,CS-,ITI,4.0,1.0,Global on,Global off,-1.0,-0.011111111111111112,-1.0,-0.041666666666666664,0.011111111111111112
8,26,0.0,0.0,0,0,0.0,0.0,0.0,0.0,0.0,0,0,4.0,4.0,Global on,Global on,1.0,90.0,0.011111111111111112,1.0,0.041666666666666664,ITI,ITI,4.0,4.0,Global on,Global on,-1.0,-0.011111111111111112,-1.0,-0.041666666666666664,0.011111111111111112
8,27,0.0,0.0,0,0,0.0,0.0,0.0,0.0,0.0,0,0,4.0,4.0,Global on,Global on,1.0,90.0,0.011111111111111112,1.0,0.041666666666666664,CS-,CS-,4.0,4.0,Global on,Global on,-1.0,-0.011111111111111112,-1.0,-0.041666666666666664,0.011111111111111112
15,8,2.0,4.0,Threat-like,Global on,2.0,100.0,0.02,2.0,0.08333333333333333,CS-,CS-,2.0,4.0,Threat-like,Global on,1.0,112.0,0.008928571428571428,1.0,0.041666666666666664,CS-,ITI,2.0,4.0,Threat-like,Global on,1.0,0.011071428571428572,1.0,0.041666666666666664,0.011071428571428572
6,15,1.0,2.0,Global off,Threat-like,2.0,73.0,0.0273972602739726,2.0,0.08333333333333333,CS+,CS+,1.0,2.0,Global off,Threat-like,1.0,61.0,0.01639344262295082,1.0,0.041666666666666664,CS+,CS+,1.0,2.0,Global off,Threat-like,1.0,0.01100381765102178,1.0,0.041666666666666664,0.01100381765102178
6,3,1.0,1.0,Global off,Global off,2.0,73.0,0.0273972602739726,2.0,0.08333333333333333,CS+,CS+,1.0,1.0,Global off,Global off,1.0,61.0,0.01639344262295082,1.0,0.041666666666666664,CS-,CS-,1.0,1.0,Global off,Global off,1.0,0.01100381765102178,1.0,0.041666666666666664,0.01100381765102178
24,29,4.0,2.0,Global on,Threat-like,4.0,121.0,0.03305785123966942,4.0,0.16666666666666666,CS-,ITI,4.0,2.0,Global on,Threat-like,7.0,159.0,0.0440251572327044,7.0,0.2916666666666667,CS-,CS-,4.0,2.0,Global on,Threat-like,-3.0,-0.010967305993034977,-3.0,-0.12500000000000003,0.010967305993034977
24,2,4.0,1.0,Global on,Global off,4.0,121.0,0.03305785123966942,4.0,0.16666666666666666,ITI,CS+,4.0,1.0,Global on,Global off,7.0,159.0,0.0440251572327044,7.0,0.2916666666666667,ITI,ITI,4.0,1.0,Global on,Global off,-3.0,-0.010967305993034977,-3.0,-0.12500000000000003,0.010967305993034977
12,27,4.0,4.0,Global on,Global on,1.0,92.0,0.010869565217391304,1.0,0.041666666666666664,CS-,CS-,0.0,0.0,0,0,0.0,0.0,0.0,0.0,0.0,0,0,4.0,4.0,Global on,Global on,1.0,0.010869565217391304,1.0,0.041666666666666664,0.010869565217391304
25,12,0.0,0.0,0,0,0.0,0.0,0.0,0.0,0.0,0,0,1.0,4.0,Global off,Global on,1.0,92.0,0.010869565217391304,1.0,0.041666666666666664,ITI,ITI,1.0,4.0,Global off,Global on,-1.0,-0.010869565217391304,-1.0,-0.041666666666666664,0.010869565217391304
12,18,4.0,3.0,Global on,Safety-like,1.0,92.0,0.010869565217391304,1.0,0.041666666666666664,CS-,ITI,0.0,0.0,0,0,0.0,0.0,0.0,0.0,0.0,0,0,4.0,3.0,Global on,Safety-like,1.0,0.010869565217391304,1.0,0.041666666666666664,0.010869565217391304
12,26,4.0,4.0,Global on,Global on,1.0,92.0,0.010869565217391304,1.0,0.041666666666666664,CS-,ITI,0.0,0.0,0,0,0.0,0.0,0.0,0.0,0.0,0,0,4.0,4.0,Global on,Global on,1.0,0.010869565217391304,1.0,0.041666666666666664,0.010869565217391304
20,8,3.0,4.0,Safety-like,Global on,3.0,205.0,0.014634146341463415,3.0,0.125,ITI,ITI,3.0,4.0,Safety-like,Global on,1.0,263.0,0.0038022813688212928,1.0,0.041666666666666664,CS-,ITI,3.0,4.0,Safety-like,Global on,2.0,0.010831864972642123,2.0,0.08333333333333334,0.010831864972642123
7,24,1.0,4.0,Global off,Global on,2.0,51.0,0.0392156862745098,2.0,0.08333333333333333,CS-,CS-,1.0,4.0,Global off,Global on,3.0,60.0,0.05,3.0,0.125,ITI,ITI,1.0,4.0,Global off,Global on,-1.0,-0.0107843137254902,-1.0,-0.04166666666666667,0.0107843137254902
3,2,1.0,1.0,Global off,Global off,7.0,102.0,0.06862745098039216,4.0,0.16666666666666666,ITI,ITI,1.0,1.0,Global off,Global off,7.0,121.0,0.05785123966942149,6.0,0.25,ITI,CS-,1.0,1.0,Global off,Global off,0.0,0.010776211310970674,-2.0,-0.08333333333333334,0.010776211310970674
13,18,2.0,3.0,Threat-like,Safety-like,3.0,205.0,0.014634146341463415,3.0,0.125,ITI,ITI,2.0,3.0,Threat-like,Safety-like,1.0,258.0,0.003875968992248062,1.0,0.041666666666666664,CS-,CS-,2.0,3.0,Threat-like,Safety-like,2.0,0.010758177349215354,2.0,0.08333333333333334,0.010758177349215354
21,11,1.0,1.0,Global off,Global off,1.0,93.0,0.010752688172043012,1.0,0.041666666666666664,CS-,CS-,0.0,0.0,0,0,0.0,0.0,0.0,0.0,0.0,0,0,1.0,1.0,Global off,Global off,1.0,0.010752688172043012,1.0,0.041666666666666664,0.010752688172043012
16,24,4.0,4.0,Global on,Global on,7.0,226.0,0.030973451327433628,5.0,0.20833333333333334,ITI,ITI,4.0,4.0,Global on,Global on,9.0,216.0,0.041666666666666664,4.0,0.16666666666666666,ITI,ITI,4.0,4.0,Global on,Global on,-2.0,-0.010693215339233036,1.0,0.041666666666666685,0.010693215339233036
24,7,4.0,1.0,Global on,Global off,1.0,121.0,0.008264462809917356,1.0,0.041666666666666664,ITI,CS+,4.0,1.0,Global on,Global off,3.0,159.0,0.018867924528301886,3.0,0.125,ITI,CS+,4.0,1.0,Global on,Global off,-2.0,-0.01060346171838453,-2.0,-0.08333333333333334,0.01060346171838453
24,25,4.0,1.0,Global on,Global off,1.0,121.0,0.008264462809917356,1.0,0.041666666666666664,CS+,ITI,4.0,1.0,Global on,Global off,3.0,159.0,0.018867924528301886,1.0,0.041666666666666664,ITI,ITI,4.0,1.0,Global on,Global off,-2.0,-0.01060346171838453,0.0,0.0,0.01060346171838453
24,27,4.0,4.0,Global on,Global on,1.0,121.0,0.008264462809917356,1.0,0.041666666666666664,ITI,CS+,4.0,4.0,Global on,Global on,3.0,159.0,0.018867924528301886,2.0,0.08333333333333333,ITI,ITI,4.0,4.0,Global on,Global on,-2.0,-0.01060346171838453,-1.0,-0.041666666666666664,0.01060346171838453
32,18,4.0,3.0,Global on,Safety-like,4.0,425.0,0.009411764705882352,4.0,0.16666666666666666,CS-,CS-,4.0,3.0,Global on,Safety-like,8.0,401.0,0.0199501246882793,8.0,0.3333333333333333,ITI,ITI,4.0,3.0,Global on,Safety-like,-4.0,-0.010538359982396949,-4.0,-0.16666666666666666,0.010538359982396949
9,32,1.0,4.0,Global off,Global on,7.0,115.0,0.06086956521739131,4.0,0.16666666666666666,CS+,ITI,1.0,4.0,Global off,Global on,7.0,139.0,0.050359712230215826,7.0,0.2916666666666667,CS+,ITI,1.0,4.0,Global off,Global on,0.0,0.01050985298717548,-3.0,-0.12500000000000003,0.01050985298717548
2,14,1.0,2.0,Global off,Threat-like,6.0,229.0,0.026200873362445413,4.0,0.16666666666666666,CS+,CS-,1.0,2.0,Global off,Threat-like,8.0,218.0,0.03669724770642202,4.0,0.16666666666666666,CS+,CS+,1.0,2.0,Global off,Threat-like,-2.0,-0.010496374343976607,0.0,0.0,0.010496374343976607
13,21,2.0,1.0,Threat-like,Global off,5.0,205.0,0.024390243902439025,5.0,0.20833333333333334,CS-,ITI,2.0,1.0,Threat-like,Global off,9.0,258.0,0.03488372093023256,5.0,0.20833333333333334,ITI,ITI,2.0,1.0,Threat-like,Global off,-4.0,-0.010493477027793532,0.0,0.0,0.010493477027793532
19,27,3.0,4.0,Safety-like,Global on,4.0,140.0,0.02857142857142857,2.0,0.08333333333333333,ITI,ITI,3.0,4.0,Safety-like,Global on,5.0,128.0,0.0390625,4.0,0.16666666666666666,CS-,ITI,3.0,4.0,Safety-like,Global on,-1.0,-0.01049107142857143,-2.0,-0.08333333333333333,0.01049107142857143
1,3,1.0,1.0,Global off,Global off,20.0,408.0,0.049019607843137254,12.0,0.5,ITI,ITI,1.0,1.0,Global off,Global off,25.0,421.0,0.05938242280285035,13.0,0.5416666666666666,ITI,ITI,1.0,1.0,Global off,Global off,-5.0,-0.010362814959713099,-1.0,-0.04166666666666663,0.010362814959713099
2,3,1.0,1.0,Global off,Global off,5.0,229.0,0.021834061135371178,4.0,0.16666666666666666,ITI,CS+,1.0,1.0,Global off,Global off,7.0,218.0,0.03211009174311927,5.0,0.20833333333333334,ITI,ITI,1.0,1.0,Global off,Global off,-2.0,-0.01027603060774809,-1.0,-0.041666666666666685,0.01027603060774809
29,4,2.0,3.0,Threat-like,Safety-like,9.0,196.0,0.04591836734693878,5.0,0.20833333333333334,ITI,ITI,2.0,3.0,Threat-like,Safety-like,7.0,196.0,0.03571428571428571,6.0,0.25,ITI,ITI,2.0,3.0,Threat-like,Safety-like,2.0,0.010204081632653066,-1.0,-0.04166666666666666,0.010204081632653066
29,20,2.0,3.0,Threat-like,Safety-like,7.0,196.0,0.03571428571428571,4.0,0.16666666666666666,ITI,ITI,2.0,3.0,Threat-like,Safety-like,9.0,196.0,0.04591836734693878,6.0,0.25,ITI,ITI,2.0,3.0,Threat-like,Safety-like,-2.0,-0.010204081632653066,-2.0,-0.08333333333333334,0.010204081632653066
29,23,2.0,4.0,Threat-like,Global on,6.0,196.0,0.030612244897959183,5.0,0.20833333333333334,CS+,ITI,2.0,4.0,Threat-like,Global on,4.0,196.0,0.02040816326530612,4.0,0.16666666666666666,CS+,ITI,2.0,4.0,Threat-like,Global on,2.0,0.010204081632653062,1.0,0.041666666666666685,0.010204081632653062
29,21,2.0,1.0,Threat-like,Global off,6.0,196.0,0.030612244897959183,5.0,0.20833333333333334,ITI,ITI,2.0,1.0,Threat-like,Global off,4.0,196.0,0.02040816326530612,2.0,0.08333333333333333,CS+,CS+,2.0,1.0,Threat-like,Global off,2.0,0.010204081632653062,3.0,0.125,0.010204081632653062
29,25,2.0,1.0,Threat-like,Global off,6.0,196.0,0.030612244897959183,5.0,0.20833333333333334,ITI,ITI,2.0,1.0,Threat-like,Global off,4.0,196.0,0.02040816326530612,4.0,0.16666666666666666,ITI,ITI,2.0,1.0,Threat-like,Global off,2.0,0.010204081632653062,1.0,0.041666666666666685,0.010204081632653062
29,18,2.0,3.0,Threat-like,Safety-like,6.0,196.0,0.030612244897959183,5.0,0.20833333333333334,ITI,ITI,2.0,3.0,Threat-like,Safety-like,4.0,196.0,0.02040816326530612,4.0,0.16666666666666666,ITI,ITI,2.0,3.0,Threat-like,Safety-like,2.0,0.010204081632653062,1.0,0.041666666666666685,0.010204081632653062
18,23,0.0,0.0,0,0,0.0,0.0,0.0,0.0,0.0,0,0,3.0,4.0,Safety-like,Global on,1.0,98.0,0.01020408163265306,1.0,0.041666666666666664,ITI,ITI,3.0,4.0,Safety-like,Global on,-1.0,-0.01020408163265306,-1.0,-0.041666666666666664,0.01020408163265306
18,8,0.0,0.0,0,0,0.0,0.0,0.0,0.0,0.0,0,0,3.0,4.0,Safety-like,Global on,1.0,98.0,0.01020408163265306,1.0,0.041666666666666664,ITI,ITI,3.0,4.0,Safety-like,Global on,-1.0,-0.01020408163265306,-1.0,-0.041666666666666664,0.01020408163265306
29,26,2.0,4.0,Threat-like,Global on,2.0,196.0,0.01020408163265306,2.0,0.08333333333333333,ITI,ITI,2.0,4.0,Threat-like,Global on,4.0,196.0,0.02040816326530612,4.0,0.16666666666666666,ITI,ITI,2.0,4.0,Threat-like,Global on,-2.0,-0.01020408163265306,-2.0,-0.08333333333333333,0.01020408163265306
29,30,2.0,4.0,Threat-like,Global on,7.0,196.0,0.03571428571428571,6.0,0.25,ITI,ITI,2.0,4.0,Threat-like,Global on,5.0,196.0,0.025510204081632654,3.0,0.125,CS+,ITI,2.0,4.0,Threat-like,Global on,2.0,0.010204081632653059,3.0,0.125,0.010204081632653059
29,1,2.0,1.0,Threat-like,Global off,14.0,196.0,0.07142857142857142,11.0,0.4583333333333333,ITI,ITI,2.0,1.0,Threat-like,Global off,12.0,196.0,0.061224489795918366,10.0,0.4166666666666667,ITI,ITI,2.0,1.0,Threat-like,Global off,2.0,0.010204081632653059,1.0,0.04166666666666663,0.010204081632653059
21,26,0.0,0.0,0,0,0.0,0.0,0.0,0.0,0.0,0,0,1.0,4.0,Global off,Global on,1.0,99.0,0.010101010101010102,1.0,0.041666666666666664,ITI,ITI,1.0,4.0,Global off,Global on,-1.0,-0.010101010101010102,-1.0,-0.041666666666666664,0.010101010101010102
25,26,1.0,4.0,Global off,Global on,1.0,99.0,0.010101010101010102,1.0,0.041666666666666664,ITI,ITI,0.0,0.0,0,0,0.0,0.0,0.0,0.0,0.0,0,0,1.0,4.0,Global off,Global on,1.0,0.010101010101010102,1.0,0.041666666666666664,0.010101010101010102
21,7,0.0,0.0,0,0,0.0,0.0,0.0,0.0,0.0,0,0,1.0,1.0,Global off,Global off,1.0,99.0,0.010101010101010102,1.0,0.041666666666666664,CS-,CS-,1.0,1.0,Global off,Global off,-1.0,-0.010101010101010102,-1.0,-0.041666666666666664,0.010101010101010102
8,9,4.0,1.0,Global on,Global off,3.0,93.0,0.03225806451612903,3.0,0.125,ITI,CS-,4.0,1.0,Global on,Global off,2.0,90.0,0.022222222222222223,2.0,0.08333333333333333,CS+,CS+,4.0,1.0,Global on,Global off,1.0,0.010035842293906808,1.0,0.04166666666666667,0.010035842293906808
8,18,4.0,3.0,Global on,Safety-like,3.0,93.0,0.03225806451612903,2.0,0.08333333333333333,ITI,ITI,4.0,3.0,Global on,Safety-like,2.0,90.0,0.022222222222222223,2.0,0.08333333333333333,CS-,ITI,4.0,3.0,Global on,Safety-like,1.0,0.010035842293906808,0.0,0.0,0.010035842293906808
14,19,2.0,3.0,Threat-like,Safety-like,1.0,124.0,0.008064516129032258,1.0,0.041666666666666664,CS-,ITI,2.0,3.0,Threat-like,Safety-like,3.0,166.0,0.018072289156626505,3.0,0.125,CS+,ITI,2.0,3.0,Threat-like,Safety-like,-2.0,-0.010007773027594247,-2.0,-0.08333333333333334,0.010007773027594247
15,10,2.0,1.0,Threat-like,Global off,1.0,100.0,0.01,1.0,0.041666666666666664,ITI,ITI,0.0,0.0,0,0,0.0,0.0,0.0,0.0,0.0,0,0,2.0,1.0,Threat-like,Global off,1.0,0.01,1.0,0.041666666666666664,0.01
14,4,2.0,3.0,Threat-like,Safety-like,4.0,124.0,0.03225806451612903,4.0,0.16666666666666666,CS-,ITI,2.0,3.0,Threat-like,Safety-like,7.0,166.0,0.04216867469879518,5.0,0.20833333333333334,ITI,ITI,2.0,3.0,Threat-like,Safety-like,-3.0,-0.009910610182666146,-1.0,-0.041666666666666685,0.009910610182666146
12,24,4.0,4.0,Global on,Global on,2.0,92.0,0.021739130434782608,2.0,0.08333333333333333,ITI,CS+,4.0,4.0,Global on,Global on,1.0,84.0,0.011904761904761904,1.0,0.041666666666666664,ITI,ITI,4.0,4.0,Global on,Global on,1.0,0.009834368530020704,1.0,0.041666666666666664,0.009834368530020704
12,19,4.0,3.0,Global on,Safety-like,2.0,92.0,0.021739130434782608,2.0,0.08333333333333333,ITI,CS-,4.0,3.0,Global on,Safety-like,1.0,84.0,0.011904761904761904,1.0,0.041666666666666664,ITI,ITI,4.0,3.0,Global on,Safety-like,1.0,0.009834368530020704,1.0,0.041666666666666664,0.009834368530020704
19,24,3.0,4.0,Safety-like,Global on,3.0,140.0,0.02142857142857143,3.0,0.125,ITI,CS+,3.0,4.0,Safety-like,Global on,4.0,128.0,0.03125,4.0,0.16666666666666666,ITI,ITI,3.0,4.0,Safety-like,Global on,-1.0,-0.009821428571428571,-1.0,-0.04166666666666666,0.009821428571428571
4,26,3.0,4.0,Safety-like,Global on,2.0,204.0,0.00980392156862745,2.0,0.08333333333333333,ITI,ITI,0.0,0.0,0,0,0.0,0.0,0.0,0.0,0.0,0,0,3.0,4.0,Safety-like,Global on,2.0,0.00980392156862745,2.0,0.08333333333333333,0.00980392156862745
4,30,3.0,4.0,Safety-like,Global on,2.0,204.0,0.00980392156862745,2.0,0.08333333333333333,ITI,CS+,0.0,0.0,0,0,0.0,0.0,0.0,0.0,0.0,0,0,3.0,4.0,Safety-like,Global on,2.0,0.00980392156862745,2.0,0.08333333333333333,0.00980392156862745
20,7,3.0,1.0,Safety-like,Global off,2.0,205.0,0.00975609756097561,2.0,0.08333333333333333,ITI,ITI,0.0,0.0,0,0,0.0,0.0,0.0,0.0,0.0,0,0,3.0,1.0,Safety-like,Global off,2.0,0.00975609756097561,2.0,0.08333333333333333,0.00975609756097561
14,32,2.0,4.0,Threat-like,Global on,10.0,124.0,0.08064516129032258,9.0,0.375,CS+,ITI,2.0,4.0,Threat-like,Global on,15.0,166.0,0.09036144578313253,10.0,0.4166666666666667,ITI,ITI,2.0,4.0,Threat-like,Global on,-5.0,-0.009716284492809951,-1.0,-0.041666666666666685,0.009716284492809951
8,31,4.0,4.0,Global on,Global on,4.0,93.0,0.043010752688172046,4.0,0.16666666666666666,CS+,ITI,4.0,4.0,Global on,Global on,3.0,90.0,0.03333333333333333,3.0,0.125,CS-,CS+,4.0,4.0,Global on,Global on,1.0,0.009677419354838714,1.0,0.04166666666666666,0.009677419354838714
23,26,0.0,0.0,0,0,0.0,0.0,0.0,0.0,0.0,0,0,4.0,4.0,Global on,Global on,1.0,104.0,0.009615384615384616,1.0,0.041666666666666664,ITI,ITI,4.0,4.0,Global on,Global on,-1.0,-0.009615384615384616,-1.0,-0.041666666666666664,0.009615384615384616
23,11,0.0,0.0,0,0,0.0,0.0,0.0,0.0,0.0,0,0,4.0,1.0,Global on,Global off,1.0,104.0,0.009615384615384616,1.0,0.041666666666666664,CS-,ITI,4.0,1.0,Global on,Global off,-1.0,-0.009615384615384616,-1.0,-0.041666666666666664,0.009615384615384616
2,7,1.0,1.0,Global off,Global off,2.0,229.0,0.008733624454148471,2.0,0.08333333333333333,ITI,ITI,1.0,1.0,Global off,Global off,4.0,218.0,0.01834862385321101,3.0,0.125,CS-,ITI,1.0,1.0,Global off,Global off,-2.0,-0.009614999399062539,-1.0,-0.04166666666666667,0.009614999399062539
27,30,4.0,4.0,Global on,Global on,2.0,58.0,0.034482758620689655,2.0,0.08333333333333333,CS-,CS-,4.0,4.0,Global on,Global on,2.0,80.0,0.025,2.0,0.08333333333333333,ITI,CS-,4.0,4.0,Global on,Global on,0.0,0.009482758620689653,0.0,0.0,0.009482758620689653
27,29,4.0,2.0,Global on,Threat-like,2.0,58.0,0.034482758620689655,2.0,0.08333333333333333,CS+,CS+,4.0,2.0,Global on,Threat-like,2.0,80.0,0.025,2.0,0.08333333333333333,ITI,ITI,4.0,2.0,Global on,Threat-like,0.0,0.009482758620689653,0.0,0.0,0.009482758620689653
21,27,1.0,4.0,Global off,Global on,1.0,93.0,0.010752688172043012,1.0,0.041666666666666664,ITI,ITI,1.0,4.0,Global off,Global on,2.0,99.0,0.020202020202020204,2.0,0.08333333333333333,CS-,CS-,1.0,4.0,Global off,Global on,-1.0,-0.009449332029977192,-1.0,-0.041666666666666664,0.009449332029977192
21,25,1.0,1.0,Global off,Global off,1.0,93.0,0.010752688172043012,1.0,0.041666666666666664,ITI,ITI,1.0,1.0,Global off,Global off,2.0,99.0,0.020202020202020204,2.0,0.08333333333333333,ITI,ITI,1.0,1.0,Global off,Global off,-1.0,-0.009449332029977192,-1.0,-0.041666666666666664,0.009449332029977192
21,22,1.0,4.0,Global off,Global on,1.0,93.0,0.010752688172043012,1.0,0.041666666666666664,CS+,CS+,1.0,4.0,Global off,Global on,2.0,99.0,0.020202020202020204,1.0,0.041666666666666664,ITI,CS-,1.0,4.0,Global off,Global on,-1.0,-0.009449332029977192,0.0,0.0,0.009449332029977192
25,6,1.0,1.0,Global off,Global off,2.0,99.0,0.020202020202020204,2.0,0.08333333333333333,ITI,ITI,1.0,1.0,Global off,Global off,1.0,92.0,0.010869565217391304,1.0,0.041666666666666664,CS+,CS-,1.0,1.0,Global off,Global off,1.0,0.0093324549846289,1.0,0.041666666666666664,0.0093324549846289
13,31,2.0,4.0,Threat-like,Global on,17.0,205.0,0.08292682926829269,11.0,0.4583333333333333,CS+,ITI,2.0,4.0,Threat-like,Global on,19.0,258.0,0.07364341085271318,13.0,0.5416666666666666,ITI,ITI,2.0,4.0,Threat-like,Global on,-2.0,0.009283418415579503,-2.0,-0.08333333333333331,0.009283418415579503
31,23,4.0,4.0,Global on,Global on,8.0,220.0,0.03636363636363636,7.0,0.2916666666666667,CS-,ITI,4.0,4.0,Global on,Global on,6.0,221.0,0.027149321266968326,5.0,0.20833333333333334,ITI,ITI,4.0,4.0,Global on,Global on,2.0,0.009214315096668035,2.0,0.08333333333333334,0.009214315096668035
1,30,1.0,4.0,Global off,Global on,4.0,408.0,0.00980392156862745,4.0,0.16666666666666666,CS+,CS+,1.0,4.0,Global off,Global on,8.0,421.0,0.019002375296912115,7.0,0.2916666666666667,ITI,ITI,1.0,4.0,Global off,Global on,-4.0,-0.009198453728284664,-3.0,-0.12500000000000003,0.009198453728284664
31,4,4.0,3.0,Global on,Safety-like,7.0,220.0,0.031818181818181815,4.0,0.16666666666666666,ITI,ITI,4.0,3.0,Global on,Safety-like,5.0,221.0,0.02262443438914027,4.0,0.16666666666666666,ITI,ITI,4.0,3.0,Global on,Safety-like,2.0,0.009193747429041544,0.0,0.0,0.009193747429041544
20,30,3.0,4.0,Safety-like,Global on,5.0,205.0,0.024390243902439025,5.0,0.20833333333333334,ITI,ITI,3.0,4.0,Safety-like,Global on,4.0,263.0,0.015209125475285171,4.0,0.16666666666666666,ITI,CS-,3.0,4.0,Safety-like,Global on,1.0,0.009181118427153854,1.0,0.041666666666666685,0.009181118427153854
30,28,4.0,4.0,Global on,Global on,5.0,120.0,0.041666666666666664,5.0,0.20833333333333334,ITI,CS+,4.0,4.0,Global on,Global on,6.0,118.0,0.05084745762711865,5.0,0.20833333333333334,ITI,ITI,4.0,4.0,Global on,Global on,-1.0,-0.009180790960451983,0.0,0.0,0.009180790960451983
31,10,4.0,1.0,Global on,Global off,5.0,220.0,0.022727272727272728,5.0,0.20833333333333334,ITI,ITI,4.0,1.0,Global on,Global off,3.0,221.0,0.013574660633484163,3.0,0.125,ITI,ITI,4.0,1.0,Global on,Global off,2.0,0.009152612093788565,2.0,0.08333333333333334,0.009152612093788565
1,18,1.0,3.0,Global off,Safety-like,5.0,408.0,0.012254901960784314,5.0,0.20833333333333334,ITI,ITI,1.0,3.0,Global off,Safety-like,9.0,421.0,0.021377672209026127,8.0,0.3333333333333333,ITI,ITI,1.0,3.0,Global off,Safety-like,-4.0,-0.009122770248241813,-3.0,-0.12499999999999997,0.009122770248241813
10,11,0.0,0.0,0,0,0.0,0.0,0.0,0.0,0.0,0,0,1.0,1.0,Global off,Global off,1.0,110.0,0.00909090909090909,1.0,0.041666666666666664,CS-,CS-,1.0,1.0,Global off,Global off,-1.0,-0.00909090909090909,-1.0,-0.041666666666666664,0.00909090909090909
10,21,0.0,0.0,0,0,0.0,0.0,0.0,0.0,0.0,0,0,1.0,1.0,Global off,Global off,1.0,110.0,0.00909090909090909,1.0,0.041666666666666664,ITI,ITI,1.0,1.0,Global off,Global off,-1.0,-0.00909090909090909,-1.0,-0.041666666666666664,0.00909090909090909
30,2,4.0,1.0,Global on,Global off,4.0,120.0,0.03333333333333333,4.0,0.16666666666666666,ITI,ITI,4.0,1.0,Global on,Global off,5.0,118.0,0.0423728813559322,4.0,0.16666666666666666,ITI,ITI,4.0,1.0,Global on,Global off,-1.0,-0.009039548022598869,0.0,0.0,0.009039548022598869
30,24,4.0,4.0,Global on,Global on,4.0,120.0,0.03333333333333333,4.0,0.16666666666666666,ITI,ITI,4.0,4.0,Global on,Global on,5.0,118.0,0.0423728813559322,3.0,0.125,ITI,ITI,4.0,4.0,Global on,Global on,-1.0,-0.009039548022598869,1.0,0.04166666666666666,0.009039548022598869
20,17,3.0,1.0,Safety-like,Global off,19.0,205.0,0.09268292682926829,13.0,0.5416666666666666,ITI,ITI,3.0,1.0,Safety-like,Global off,22.0,263.0,0.08365019011406843,13.0,0.5416666666666666,ITI,ITI,3.0,1.0,Safety-like,Global off,-3.0,0.009032736715199857,0.0,0.0,0.009032736715199857
31,5,4.0,1.0,Global on,Global off,1.0,220.0,0.004545454545454545,1.0,0.041666666666666664,ITI,CS-,4.0,1.0,Global on,Global off,3.0,221.0,0.013574660633484163,3.0,0.125,CS+,CS+,4.0,1.0,Global on,Global off,-2.0,-0.009029206088029618,-2.0,-0.08333333333333334,0.009029206088029618
31,26,4.0,4.0,Global on,Global on,1.0,220.0,0.004545454545454545,1.0,0.041666666666666664,ITI,CS-,4.0,4.0,Global on,Global on,3.0,221.0,0.013574660633484163,3.0,0.125,ITI,ITI,4.0,4.0,Global on,Global on,-2.0,-0.009029206088029618,-2.0,-0.08333333333333334,0.009029206088029618
31,3,4.0,1.0,Global on,Global off,3.0,220.0,0.013636363636363636,2.0,0.08333333333333333,ITI,CS-,4.0,1.0,Global on,Global off,5.0,221.0,0.02262443438914027,5.0,0.20833333333333334,CS-,ITI,4.0,1.0,Global on,Global off,-2.0,-0.008988070752776635,-3.0,-0.125,0.008988070752776635
31,15,4.0,2.0,Global on,Threat-like,4.0,220.0,0.01818181818181818,3.0,0.125,ITI,ITI,4.0,2.0,Global on,Threat-like,6.0,221.0,0.027149321266968326,5.0,0.20833333333333334,CS+,ITI,4.0,2.0,Global on,Threat-like,-2.0,-0.008967503085150146,-2.0,-0.08333333333333334,0.008967503085150146
15,22,0.0,0.0,0,0,0.0,0.0,0.0,0.0,0.0,0,0,2.0,4.0,Threat-like,Global on,1.0,112.0,0.008928571428571428,1.0,0.041666666666666664,CS+,CS-,2.0,4.0,Threat-like,Global on,-1.0,-0.008928571428571428,-1.0,-0.041666666666666664,0.008928571428571428
15,26,0.0,0.0,0,0,0.0,0.0,0.0,0.0,0.0,0,0,2.0,4.0,Threat-like,Global on,1.0,112.0,0.008928571428571428,1.0,0.041666666666666664,ITI,ITI,2.0,4.0,Threat-like,Global on,-1.0,-0.008928571428571428,-1.0,-0.041666666666666664,0.008928571428571428
31,14,4.0,2.0,Global on,Threat-like,6.0,220.0,0.02727272727272727,3.0,0.125,CS+,CS+,4.0,2.0,Global on,Threat-like,8.0,221.0,0.03619909502262444,7.0,0.2916666666666667,CS+,ITI,4.0,2.0,Global on,Threat-like,-2.0,-0.008926367749897166,-4.0,-0.16666666666666669,0.008926367749897166
30,11,4.0,1.0,Global on,Global off,3.0,120.0,0.025,2.0,0.08333333333333333,ITI,ITI,4.0,1.0,Global on,Global off,4.0,118.0,0.03389830508474576,3.0,0.125,CS+,ITI,4.0,1.0,Global on,Global off,-1.0,-0.008898305084745761,-1.0,-0.04166666666666667,0.008898305084745761
30,4,4.0,3.0,Global on,Safety-like,3.0,120.0,0.025,3.0,0.125,ITI,ITI,4.0,3.0,Global on,Safety-like,4.0,118.0,0.03389830508474576,1.0,0.041666666666666664,ITI,ITI,4.0,3.0,Global on,Safety-like,-1.0,-0.008898305084745761,2.0,0.08333333333333334,0.008898305084745761
1,19,1.0,3.0,Global off,Safety-like,9.0,408.0,0.022058823529411766,7.0,0.2916666666666667,ITI,ITI,1.0,3.0,Global off,Safety-like,13.0,421.0,0.030878859857482184,9.0,0.375,ITI,ITI,1.0,3.0,Global off,Safety-like,-4.0,-0.008820036328070418,-2.0,-0.08333333333333331,0.008820036328070418
12,25,4.0,1.0,Global on,Global off,3.0,92.0,0.03260869565217391,2.0,0.08333333333333333,CS+,ITI,4.0,1.0,Global on,Global off,2.0,84.0,0.023809523809523808,2.0,0.08333333333333333,ITI,ITI,4.0,1.0,Global on,Global off,1.0,0.008799171842650104,0.0,0.0,0.008799171842650104
21,8,1.0,4.0,Global off,Global on,2.0,93.0,0.021505376344086023,2.0,0.08333333333333333,CS+,CS+,1.0,4.0,Global off,Global on,3.0,99.0,0.030303030303030304,2.0,0.08333333333333333,CS+,ITI,1.0,4.0,Global off,Global on,-1.0,-0.00879765395894428,0.0,0.0,0.00879765395894428
21,28,1.0,4.0,Global off,Global on,2.0,93.0,0.021505376344086023,2.0,0.08333333333333333,CS-,ITI,1.0,4.0,Global off,Global on,3.0,99.0,0.030303030303030304,3.0,0.125,ITI,ITI,1.0,4.0,Global off,Global on,-1.0,-0.00879765395894428,-1.0,-0.04166666666666667,0.00879765395894428
1,23,1.0,4.0,Global off,Global on,10.0,408.0,0.024509803921568627,8.0,0.3333333333333333,ITI,ITI,1.0,4.0,Global off,Global on,14.0,421.0,0.0332541567695962,9.0,0.375,ITI,ITI,1.0,4.0,Global off,Global on,-4.0,-0.008744352848027572,-1.0,-0.041666666666666685,0.008744352848027572
2,11,1.0,1.0,Global off,Global off,2.0,229.0,0.008733624454148471,2.0,0.08333333333333333,ITI,CS+,0.0,0.0,0,0,0.0,0.0,0.0,0.0,0.0,0,0,1.0,1.0,Global off,Global off,2.0,0.008733624454148471,2.0,0.08333333333333333,0.008733624454148471
1,16,1.0,4.0,Global off,Global on,20.0,408.0,0.049019607843137254,13.0,0.5416666666666666,CS-,CS-,1.0,4.0,Global off,Global on,17.0,421.0,0.040380047505938245,9.0,0.375,CS+,ITI,1.0,4.0,Global off,Global on,3.0,0.00863956033719901,4.0,0.16666666666666663,0.00863956033719901
24,3,4.0,1.0,Global on,Global off,2.0,121.0,0.01652892561983471,1.0,0.041666666666666664,ITI,CS+,4.0,1.0,Global on,Global off,4.0,159.0,0.025157232704402517,3.0,0.125,ITI,ITI,4.0,1.0,Global on,Global off,-2.0,-0.008628307084567806,-2.0,-0.08333333333333334,0.008628307084567806
24,30,4.0,4.0,Global on,Global on,2.0,121.0,0.01652892561983471,2.0,0.08333333333333333,ITI,ITI,4.0,4.0,Global on,Global on,4.0,159.0,0.025157232704402517,4.0,0.16666666666666666,ITI,ITI,4.0,4.0,Global on,Global on,-2.0,-0.008628307084567806,-2.0,-0.08333333333333333,0.008628307084567806
24,23,4.0,4.0,Global on,Global on,2.0,121.0,0.01652892561983471,2.0,0.08333333333333333,ITI,ITI,4.0,4.0,Global on,Global on,4.0,159.0,0.025157232704402517,4.0,0.16666666666666666,CS+,CS+,4.0,4.0,Global on,Global on,-2.0,-0.008628307084567806,-2.0,-0.08333333333333333,0.008628307084567806
30,25,4.0,1.0,Global on,Global off,1.0,120.0,0.008333333333333333,1.0,0.041666666666666664,ITI,ITI,4.0,1.0,Global on,Global off,2.0,118.0,0.01694915254237288,2.0,0.08333333333333333,CS-,CS-,4.0,1.0,Global on,Global off,-1.0,-0.008615819209039548,-1.0,-0.041666666666666664,0.008615819209039548
8,13,4.0,2.0,Global on,Threat-like,7.0,93.0,0.07526881720430108,6.0,0.25,ITI,ITI,4.0,2.0,Global on,Threat-like,6.0,90.0,0.06666666666666667,5.0,0.20833333333333334,CS-,CS+,4.0,2.0,Global on,Threat-like,1.0,0.008602150537634412,1.0,0.04166666666666666,0.008602150537634412
22,5,4.0,1.0,Global on,Global off,2.0,44.0,0.045454545454545456,2.0,0.08333333333333333,ITI,ITI,4.0,1.0,Global on,Global off,2.0,37.0,0.05405405405405406,2.0,0.08333333333333333,CS+,CS+,4.0,1.0,Global on,Global off,0.0,-0.008599508599508601,0.0,0.0,0.008599508599508601
22,13,4.0,2.0,Global on,Threat-like,2.0,44.0,0.045454545454545456,2.0,0.08333333333333333,CS-,ITI,4.0,2.0,Global on,Threat-like,2.0,37.0,0.05405405405405406,2.0,0.08333333333333333,CS-,CS-,4.0,2.0,Global on,Threat-like,0.0,-0.008599508599508601,0.0,0.0,0.008599508599508601
22,2,4.0,1.0,Global on,Global off,2.0,44.0,0.045454545454545456,2.0,0.08333333333333333,CS-,CS-,4.0,1.0,Global on,Global off,2.0,37.0,0.05405405405405406,2.0,0.08333333333333333,ITI,ITI,4.0,1.0,Global on,Global off,0.0,-0.008599508599508601,0.0,0.0,0.008599508599508601
25,21,1.0,1.0,Global off,Global off,3.0,99.0,0.030303030303030304,2.0,0.08333333333333333,ITI,CS+,1.0,1.0,Global off,Global off,2.0,92.0,0.021739130434782608,2.0,0.08333333333333333,ITI,ITI,1.0,1.0,Global off,Global off,1.0,0.008563899868247696,0.0,0.0,0.008563899868247696
2,28,1.0,4.0,Global off,Global on,3.0,229.0,0.013100436681222707,3.0,0.125,ITI,ITI,1.0,4.0,Global off,Global on,1.0,218.0,0.0045871559633027525,1.0,0.041666666666666664,ITI,CS-,1.0,4.0,Global off,Global on,2.0,0.008513280717919954,2.0,0.08333333333333334,0.008513280717919954
13,17,2.0,1.0,Threat-like,Global off,7.0,205.0,0.03414634146341464,6.0,0.25,ITI,ITI,2.0,1.0,Threat-like,Global off,11.0,258.0,0.04263565891472868,8.0,0.3333333333333333,ITI,ITI,2.0,1.0,Threat-like,Global off,-4.0,-0.008489317451314045,-2.0,-0.08333333333333331,0.008489317451314045
19,7,3.0,1.0,Safety-like,Global off,1.0,140.0,0.007142857142857143,1.0,0.041666666666666664,ITI,CS-,3.0,1.0,Safety-like,Global off,2.0,128.0,0.015625,2.0,0.08333333333333333,ITI,CS+,3.0,1.0,Safety-like,Global off,-1.0,-0.008482142857142858,-1.0,-0.041666666666666664,0.008482142857142858
19,10,3.0,1.0,Safety-like,Global off,1.0,140.0,0.007142857142857143,1.0,0.041666666666666664,CS-,ITI,3.0,1.0,Safety-like,Global off,2.0,128.0,0.015625,2.0,0.08333333333333333,ITI,CS+,3.0,1.0,Safety-like,Global off,-1.0,-0.008482142857142858,-1.0,-0.041666666666666664,0.008482142857142858
19,14,3.0,2.0,Safety-like,Threat-like,1.0,140.0,0.007142857142857143,1.0,0.041666666666666664,ITI,ITI,3.0,2.0,Safety-like,Threat-like,2.0,128.0,0.015625,2.0,0.08333333333333333,CS+,CS+,3.0,2.0,Safety-like,Threat-like,-1.0,-0.008482142857142858,-1.0,-0.041666666666666664,0.008482142857142858
4,5,3.0,1.0,Safety-like,Global off,5.0,204.0,0.024509803921568627,5.0,0.20833333333333334,CS-,CS-,3.0,1.0,Safety-like,Global off,6.0,182.0,0.03296703296703297,5.0,0.20833333333333334,ITI,CS+,3.0,1.0,Safety-like,Global off,-1.0,-0.00845722904546434,0.0,0.0,0.00845722904546434
16,27,4.0,4.0,Global on,Global on,4.0,226.0,0.017699115044247787,3.0,0.125,ITI,ITI,4.0,4.0,Global on,Global on,2.0,216.0,0.009259259259259259,2.0,0.08333333333333333,CS+,ITI,4.0,4.0,Global on,Global on,2.0,0.008439855784988529,1.0,0.04166666666666667,0.008439855784988529
9,17,1.0,1.0,Global off,Global off,4.0,115.0,0.034782608695652174,3.0,0.125,CS-,ITI,1.0,1.0,Global off,Global off,6.0,139.0,0.04316546762589928,5.0,0.20833333333333334,CS-,ITI,1.0,1.0,Global off,Global off,-2.0,-0.008382858930247108,-2.0,-0.08333333333333334,0.008382858930247108
30,23,4.0,4.0,Global on,Global on,1.0,120.0,0.008333333333333333,1.0,0.041666666666666664,ITI,ITI,0.0,0.0,0,0,0.0,0.0,0.0,0.0,0.0,0,0,4.0,4.0,Global on,Global on,1.0,0.008333333333333333,1.0,0.041666666666666664,0.008333333333333333
30,6,4.0,1.0,Global on,Global off,1.0,120.0,0.008333333333333333,1.0,0.041666666666666664,CS-,ITI,0.0,0.0,0,0,0.0,0.0,0.0,0.0,0.0,0,0,4.0,1.0,Global on,Global off,1.0,0.008333333333333333,1.0,0.041666666666666664,0.008333333333333333
30,7,4.0,1.0,Global on,Global off,1.0,120.0,0.008333333333333333,1.0,0.041666666666666664,CS-,CS-,0.0,0.0,0,0,0.0,0.0,0.0,0.0,0.0,0,0,4.0,1.0,Global on,Global off,1.0,0.008333333333333333,1.0,0.041666666666666664,0.008333333333333333
6,20,1.0,3.0,Global off,Safety-like,3.0,73.0,0.0410958904109589,3.0,0.125,ITI,ITI,1.0,3.0,Global off,Safety-like,2.0,61.0,0.03278688524590164,2.0,0.08333333333333333,CS-,CS-,1.0,3.0,Global off,Safety-like,1.0,0.00830900516505726,1.0,0.04166666666666667,0.00830900516505726
3,22,0.0,0.0,0,0,0.0,0.0,0.0,0.0,0.0,0,0,1.0,4.0,Global off,Global on,1.0,121.0,0.008264462809917356,1.0,0.041666666666666664,CS-,ITI,1.0,4.0,Global off,Global on,-1.0,-0.008264462809917356,-1.0,-0.041666666666666664,0.008264462809917356
16,28,4.0,4.0,Global on,Global on,5.0,226.0,0.022123893805309734,4.0,0.16666666666666666,ITI,ITI,4.0,4.0,Global on,Global on,3.0,216.0,0.013888888888888888,2.0,0.08333333333333333,ITI,ITI,4.0,4.0,Global on,Global on,2.0,0.008235004916420846,2.0,0.08333333333333333,0.008235004916420846
16,17,4.0,1.0,Global on,Global off,5.0,226.0,0.022123893805309734,4.0,0.16666666666666666,ITI,ITI,4.0,1.0,Global on,Global off,3.0,216.0,0.013888888888888888,2.0,0.08333333333333333,CS-,ITI,4.0,1.0,Global on,Global off,2.0,0.008235004916420846,2.0,0.08333333333333333,0.008235004916420846
30,12,4.0,4.0,Global on,Global on,2.0,120.0,0.016666666666666666,2.0,0.08333333333333333,ITI,CS+,4.0,4.0,Global on,Global on,1.0,118.0,0.00847457627118644,1.0,0.041666666666666664,ITI,ITI,4.0,4.0,Global on,Global on,1.0,0.008192090395480226,1.0,0.041666666666666664,0.008192090395480226
30,26,4.0,4.0,Global on,Global on,2.0,120.0,0.016666666666666666,2.0,0.08333333333333333,CS+,CS+,4.0,4.0,Global on,Global on,1.0,118.0,0.00847457627118644,1.0,0.041666666666666664,ITI,CS-,4.0,4.0,Global on,Global on,1.0,0.008192090395480226,1.0,0.041666666666666664,0.008192090395480226
32,8,4.0,4.0,Global on,Global on,5.0,425.0,0.011764705882352941,5.0,0.20833333333333334,ITI,ITI,4.0,4.0,Global on,Global on,8.0,401.0,0.0199501246882793,6.0,0.25,ITI,ITI,4.0,4.0,Global on,Global on,-3.0,-0.00818541880592636,-1.0,-0.04166666666666666,0.00818541880592636
17,14,1.0,2.0,Global off,Threat-like,3.0,234.0,0.01282051282051282,3.0,0.125,ITI,CS+,1.0,2.0,Global off,Threat-like,1.0,215.0,0.004651162790697674,1.0,0.041666666666666664,ITI,ITI,1.0,2.0,Global off,Threat-like,2.0,0.008169350029815146,2.0,0.08333333333333334,0.008169350029815146
21,9,1.0,1.0,Global off,Global off,3.0,93.0,0.03225806451612903,2.0,0.08333333333333333,ITI,CS+,1.0,1.0,Global off,Global off,4.0,99.0,0.04040404040404041,4.0,0.16666666666666666,ITI,ITI,1.0,1.0,Global off,Global off,-1.0,-0.008145975887911376,-2.0,-0.08333333333333333,0.008145975887911376
32,2,4.0,1.0,Global on,Global off,13.0,425.0,0.03058823529411765,11.0,0.4583333333333333,ITI,CS-,4.0,1.0,Global on,Global off,9.0,401.0,0.022443890274314215,6.0,0.25,ITI,ITI,4.0,1.0,Global on,Global off,4.0,0.008144345019803434,5.0,0.20833333333333331,0.008144345019803434
14,22,2.0,4.0,Threat-like,Global on,1.0,124.0,0.008064516129032258,1.0,0.041666666666666664,ITI,CS-,0.0,0.0,0,0,0.0,0.0,0.0,0.0,0.0,0,0,2.0,4.0,Threat-like,Global on,1.0,0.008064516129032258,1.0,0.041666666666666664,0.008064516129032258
30,15,4.0,2.0,Global on,Threat-like,3.0,120.0,0.025,3.0,0.125,CS+,CS+,4.0,2.0,Global on,Threat-like,2.0,118.0,0.01694915254237288,2.0,0.08333333333333333,CS-,CS-,4.0,2.0,Global on,Threat-like,1.0,0.00805084745762712,1.0,0.04166666666666667,0.00805084745762712
16,18,4.0,3.0,Global on,Safety-like,6.0,226.0,0.02654867256637168,5.0,0.20833333333333334,ITI,ITI,4.0,3.0,Global on,Safety-like,4.0,216.0,0.018518518518518517,3.0,0.125,ITI,ITI,4.0,3.0,Global on,Safety-like,2.0,0.008030154047853164,2.0,0.08333333333333334,0.008030154047853164
4,23,3.0,4.0,Safety-like,Global on,5.0,204.0,0.024509803921568627,5.0,0.20833333333333334,ITI,CS-,3.0,4.0,Safety-like,Global on,3.0,182.0,0.016483516483516484,2.0,0.08333333333333333,ITI,ITI,3.0,4.0,Safety-like,Global on,2.0,0.008026287438052143,3.0,0.125,0.008026287438052143
18,28,3.0,4.0,Safety-like,Global on,4.0,75.0,0.05333333333333334,3.0,0.125,ITI,ITI,3.0,4.0,Safety-like,Global on,6.0,98.0,0.061224489795918366,5.0,0.20833333333333334,ITI,CS+,3.0,4.0,Safety-like,Global on,-2.0,-0.00789115646258503,-2.0,-0.08333333333333334,0.00789115646258503
13,11,2.0,1.0,Threat-like,Global off,4.0,205.0,0.01951219512195122,3.0,0.125,ITI,ITI,2.0,1.0,Threat-like,Global off,3.0,258.0,0.011627906976744186,3.0,0.125,ITI,CS+,2.0,1.0,Threat-like,Global off,1.0,0.007884288145207034,0.0,0.0,0.007884288145207034
4,8,3.0,4.0,Safety-like,Global on,4.0,204.0,0.0196078431372549,4.0,0.16666666666666666,ITI,ITI,3.0,4.0,Safety-like,Global on,5.0,182.0,0.027472527472527472,5.0,0.20833333333333334,CS+,CS-,3.0,4.0,Safety-like,Global on,-1.0,-0.00786468433527257,-1.0,-0.041666666666666685,0.00786468433527257
4,21,3.0,1.0,Safety-like,Global off,4.0,204.0,0.0196078431372549,3.0,0.125,ITI,ITI,3.0,1.0,Safety-like,Global off,5.0,182.0,0.027472527472527472,5.0,0.20833333333333334,ITI,ITI,3.0,1.0,Safety-like,Global off,-1.0,-0.00786468433527257,-2.0,-0.08333333333333334,0.00786468433527257
15,23,2.0,4.0,Threat-like,Global on,1.0,100.0,0.01,1.0,0.041666666666666664,ITI,ITI,2.0,4.0,Threat-like,Global on,2.0,112.0,0.017857142857142856,2.0,0.08333333333333333,CS-,ITI,2.0,4.0,Threat-like,Global on,-1.0,-0.007857142857142856,-1.0,-0.041666666666666664,0.007857142857142856
15,19,2.0,3.0,Threat-like,Safety-like,1.0,100.0,0.01,1.0,0.041666666666666664,ITI,ITI,2.0,3.0,Threat-like,Safety-like,2.0,112.0,0.017857142857142856,1.0,0.041666666666666664,CS-,ITI,2.0,3.0,Threat-like,Safety-like,-1.0,-0.007857142857142856,0.0,0.0,0.007857142857142856
15,17,2.0,1.0,Threat-like,Global off,1.0,100.0,0.01,1.0,0.041666666666666664,ITI,ITI,2.0,1.0,Threat-like,Global off,2.0,112.0,0.017857142857142856,2.0,0.08333333333333333,CS-,CS+,2.0,1.0,Threat-like,Global off,-1.0,-0.007857142857142856,-1.0,-0.041666666666666664,0.007857142857142856
15,4,2.0,3.0,Threat-like,Safety-like,1.0,100.0,0.01,1.0,0.041666666666666664,CS+,ITI,2.0,3.0,Threat-like,Safety-like,2.0,112.0,0.017857142857142856,2.0,0.08333333333333333,CS-,ITI,2.0,3.0,Threat-like,Safety-like,-1.0,-0.007857142857142856,-1.0,-0.041666666666666664,0.007857142857142856
15,2,2.0,1.0,Threat-like,Global off,1.0,100.0,0.01,1.0,0.041666666666666664,CS-,CS-,2.0,1.0,Threat-like,Global off,2.0,112.0,0.017857142857142856,2.0,0.08333333333333333,CS-,ITI,2.0,1.0,Threat-like,Global off,-1.0,-0.007857142857142856,-1.0,-0.041666666666666664,0.007857142857142856
15,5,2.0,1.0,Threat-like,Global off,1.0,100.0,0.01,1.0,0.041666666666666664,CS-,ITI,2.0,1.0,Threat-like,Global off,2.0,112.0,0.017857142857142856,2.0,0.08333333333333333,CS-,CS-,2.0,1.0,Threat-like,Global off,-1.0,-0.007857142857142856,-1.0,-0.041666666666666664,0.007857142857142856
2,6,1.0,1.0,Global off,Global off,6.0,229.0,0.026200873362445413,5.0,0.20833333333333334,ITI,CS+,1.0,1.0,Global off,Global off,4.0,218.0,0.01834862385321101,4.0,0.16666666666666666,ITI,ITI,1.0,1.0,Global off,Global off,2.0,0.007852249509234403,1.0,0.041666666666666685,0.007852249509234403
2,8,1.0,4.0,Global off,Global on,6.0,229.0,0.026200873362445413,5.0,0.20833333333333334,CS-,ITI,1.0,4.0,Global off,Global on,4.0,218.0,0.01834862385321101,3.0,0.125,ITI,CS-,1.0,4.0,Global off,Global on,2.0,0.007852249509234403,2.0,0.08333333333333334,0.007852249509234403
7,16,1.0,4.0,Global off,Global on,3.0,51.0,0.058823529411764705,2.0,0.08333333333333333,CS+,ITI,1.0,4.0,Global off,Global on,4.0,60.0,0.06666666666666667,4.0,0.16666666666666666,ITI,ITI,1.0,4.0,Global off,Global on,-1.0,-0.00784313725490196,-2.0,-0.08333333333333333,0.00784313725490196
12,20,4.0,3.0,Global on,Safety-like,4.0,92.0,0.043478260869565216,3.0,0.125,ITI,ITI,4.0,3.0,Global on,Safety-like,3.0,84.0,0.03571428571428571,3.0,0.125,CS-,ITI,4.0,3.0,Global on,Safety-like,1.0,0.007763975155279504,0.0,0.0,0.007763975155279504
12,28,4.0,4.0,Global on,Global on,4.0,92.0,0.043478260869565216,2.0,0.08333333333333333,CS+,ITI,4.0,4.0,Global on,Global on,3.0,84.0,0.03571428571428571,2.0,0.08333333333333333,ITI,CS-,4.0,4.0,Global on,Global on,1.0,0.007763975155279504,0.0,0.0,0.007763975155279504
27,26,4.0,4.0,Global on,Global on,1.0,58.0,0.017241379310344827,1.0,0.041666666666666664,CS-,ITI,4.0,4.0,Global on,Global on,2.0,80.0,0.025,2.0,0.08333333333333333,CS-,CS+,4.0,4.0,Global on,Global on,-1.0,-0.007758620689655174,-1.0,-0.041666666666666664,0.007758620689655174
27,9,4.0,1.0,Global on,Global off,1.0,58.0,0.017241379310344827,1.0,0.041666666666666664,ITI,CS-,4.0,1.0,Global on,Global off,2.0,80.0,0.025,2.0,0.08333333333333333,CS+,CS+,4.0,1.0,Global on,Global off,-1.0,-0.007758620689655174,-1.0,-0.041666666666666664,0.007758620689655174
27,23,4.0,4.0,Global on,Global on,1.0,58.0,0.017241379310344827,1.0,0.041666666666666664,CS-,CS-,4.0,4.0,Global on,Global on,2.0,80.0,0.025,2.0,0.08333333333333333,ITI,CS-,4.0,4.0,Global on,Global on,-1.0,-0.007758620689655174,-1.0,-0.041666666666666664,0.007758620689655174
20,1,3.0,1.0,Safety-like,Global off,14.0,205.0,0.06829268292682927,13.0,0.5416666666666666,ITI,ITI,3.0,1.0,Safety-like,Global off,20.0,263.0,0.07604562737642585,11.0,0.4583333333333333,ITI,ITI,3.0,1.0,Safety-like,Global off,-6.0,-0.00775294444959658,2.0,0.08333333333333331,0.00775294444959658
10,26,1.0,4.0,Global off,Global on,1.0,95.0,0.010526315789473684,1.0,0.041666666666666664,CS-,CS-,1.0,4.0,Global off,Global on,2.0,110.0,0.01818181818181818,2.0,0.08333333333333333,CS-,CS-,1.0,4.0,Global off,Global on,-1.0,-0.007655502392344497,-1.0,-0.041666666666666664,0.007655502392344497
2,15,1.0,2.0,Global off,Threat-like,7.0,229.0,0.03056768558951965,7.0,0.2916666666666667,ITI,ITI,1.0,2.0,Global off,Threat-like,5.0,218.0,0.022935779816513763,4.0,0.16666666666666666,CS-,CS-,1.0,2.0,Global off,Threat-like,2.0,0.007631905773005886,3.0,0.12500000000000003,0.007631905773005886
20,6,0.0,0.0,0,0,0.0,0.0,0.0,0.0,0.0,0,0,3.0,1.0,Safety-like,Global off,2.0,263.0,0.0076045627376425855,1.0,0.041666666666666664,CS-,CS-,3.0,1.0,Safety-like,Global off,-2.0,-0.0076045627376425855,-1.0,-0.041666666666666664,0.0076045627376425855
21,24,1.0,4.0,Global off,Global on,4.0,93.0,0.043010752688172046,4.0,0.16666666666666666,ITI,CS+,1.0,4.0,Global off,Global on,5.0,99.0,0.050505050505050504,5.0,0.20833333333333334,ITI,CS-,1.0,4.0,Global off,Global on,-1.0,-0.007494297816878458,-1.0,-0.041666666666666685,0.007494297816878458
23,32,4.0,4.0,Global on,Global on,14.0,82.0,0.17073170731707318,10.0,0.4166666666666667,ITI,CS-,4.0,4.0,Global on,Global on,17.0,104.0,0.16346153846153846,14.0,0.5833333333333334,ITI,ITI,4.0,4.0,Global on,Global on,-3.0,0.00727016885553472,-4.0,-0.16666666666666669,0.00727016885553472
9,22,0.0,0.0,0,0,0.0,0.0,0.0,0.0,0.0,0,0,1.0,4.0,Global off,Global on,1.0,139.0,0.007194244604316547,1.0,0.041666666666666664,CS+,CS+,1.0,4.0,Global off,Global on,-1.0,-0.007194244604316547,-1.0,-0.041666666666666664,0.007194244604316547
19,8,3.0,4.0,Safety-like,Global on,1.0,140.0,0.007142857142857143,1.0,0.041666666666666664,ITI,ITI,0.0,0.0,0,0,0.0,0.0,0.0,0.0,0.0,0,0,3.0,4.0,Safety-like,Global on,1.0,0.007142857142857143,1.0,0.041666666666666664,0.007142857142857143
1,13,1.0,2.0,Global off,Threat-like,31.0,408.0,0.07598039215686274,15.0,0.625,CS+,CS+,1.0,2.0,Global off,Threat-like,29.0,421.0,0.0688836104513064,14.0,0.5833333333333334,CS+,ITI,1.0,2.0,Global off,Threat-like,2.0,0.007096781705556332,1.0,0.04166666666666663,0.007096781705556332
18,26,3.0,4.0,Safety-like,Global on,1.0,75.0,0.013333333333333334,1.0,0.041666666666666664,ITI,ITI,3.0,4.0,Safety-like,Global on,2.0,98.0,0.02040816326530612,2.0,0.08333333333333333,CS-,ITI,3.0,4.0,Safety-like,Global on,-1.0,-0.007074829931972787,-1.0,-0.041666666666666664,0.007074829931972787
17,13,1.0,2.0,Global off,Threat-like,6.0,234.0,0.02564102564102564,6.0,0.25,ITI,ITI,1.0,2.0,Global off,Threat-like,4.0,215.0,0.018604651162790697,4.0,0.16666666666666666,CS+,CS+,1.0,2.0,Global off,Threat-like,2.0,0.007036374478234943,2.0,0.08333333333333334,0.007036374478234943
23,5,4.0,1.0,Global on,Global off,1.0,82.0,0.012195121951219513,1.0,0.041666666666666664,ITI,CS-,4.0,1.0,Global on,Global off,2.0,104.0,0.019230769230769232,2.0,0.08333333333333333,CS-,CS-,4.0,1.0,Global on,Global off,-1.0,-0.007035647279549719,-1.0,-0.041666666666666664,0.007035647279549719
25,5,1.0,1.0,Global off,Global off,5.0,99.0,0.050505050505050504,4.0,0.16666666666666666,ITI,CS-,1.0,1.0,Global off,Global off,4.0,92.0,0.043478260869565216,4.0,0.16666666666666666,CS+,CS+,1.0,1.0,Global off,Global off,1.0,0.007026789635485288,0.0,0.0,0.007026789635485288
16,2,4.0,1.0,Global on,Global off,11.0,226.0,0.048672566371681415,11.0,0.4583333333333333,ITI,ITI,4.0,1.0,Global on,Global off,9.0,216.0,0.041666666666666664,7.0,0.2916666666666667,ITI,ITI,4.0,1.0,Global on,Global off,2.0,0.007005899705014751,4.0,0.16666666666666663,0.007005899705014751
9,14,1.0,2.0,Global off,Threat-like,5.0,115.0,0.043478260869565216,5.0,0.20833333333333334,CS-,CS+,1.0,2.0,Global off,Threat-like,7.0,139.0,0.050359712230215826,7.0,0.2916666666666667,ITI,ITI,1.0,2.0,Global off,Threat-like,-2.0,-0.00688145136065061,-2.0,-0.08333333333333334,0.00688145136065061
4,3,3.0,1.0,Safety-like,Global off,7.0,204.0,0.03431372549019608,6.0,0.25,ITI,ITI,3.0,1.0,Safety-like,Global off,5.0,182.0,0.027472527472527472,3.0,0.125,ITI,ITI,3.0,1.0,Safety-like,Global off,2.0,0.006841198017668609,3.0,0.125,0.006841198017668609
32,4,4.0,3.0,Global on,Safety-like,13.0,425.0,0.03058823529411765,10.0,0.4166666666666667,ITI,ITI,4.0,3.0,Global on,Safety-like,15.0,401.0,0.03740648379052369,12.0,0.5,ITI,ITI,4.0,3.0,Global on,Safety-like,-2.0,-0.006818248496406044,-2.0,-0.08333333333333331,0.006818248496406044
15,20,2.0,3.0,Threat-like,Safety-like,2.0,100.0,0.02,2.0,0.08333333333333333,CS-,ITI,2.0,3.0,Threat-like,Safety-like,3.0,112.0,0.026785714285714284,3.0,0.125,CS-,CS+,2.0,3.0,Threat-like,Safety-like,-1.0,-0.006785714285714284,-1.0,-0.04166666666666667,0.006785714285714284
5,1,1.0,1.0,Global off,Global off,22.0,148.0,0.14864864864864866,13.0,0.5416666666666666,ITI,ITI,1.0,1.0,Global off,Global off,21.0,148.0,0.14189189189189189,12.0,0.5,ITI,ITI,1.0,1.0,Global off,Global off,1.0,0.006756756756756771,1.0,0.04166666666666663,0.006756756756756771
5,24,1.0,4.0,Global off,Global on,3.0,148.0,0.02027027027027027,2.0,0.08333333333333333,ITI,ITI,1.0,4.0,Global off,Global on,4.0,148.0,0.02702702702702703,4.0,0.16666666666666666,ITI,ITI,1.0,4.0,Global off,Global on,-1.0,-0.006756756756756757,-2.0,-0.08333333333333333,0.006756756756756757
5,27,0.0,0.0,0,0,0.0,0.0,0.0,0.0,0.0,0,0,1.0,4.0,Global off,Global on,1.0,148.0,0.006756756756756757,1.0,0.041666666666666664,CS-,ITI,1.0,4.0,Global off,Global on,-1.0,-0.006756756756756757,-1.0,-0.041666666666666664,0.006756756756756757
5,11,1.0,1.0,Global off,Global off,2.0,148.0,0.013513513513513514,2.0,0.08333333333333333,CS-,CS-,1.0,1.0,Global off,Global off,3.0,148.0,0.02027027027027027,3.0,0.125,CS+,ITI,1.0,1.0,Global off,Global off,-1.0,-0.006756756756756757,-1.0,-0.04166666666666667,0.006756756756756757
5,23,1.0,4.0,Global off,Global on,7.0,148.0,0.0472972972972973,6.0,0.25,CS-,CS-,1.0,4.0,Global off,Global on,6.0,148.0,0.04054054054054054,4.0,0.16666666666666666,ITI,ITI,1.0,4.0,Global off,Global on,1.0,0.006756756756756757,2.0,0.08333333333333334,0.006756756756756757
5,30,1.0,4.0,Global off,Global on,1.0,148.0,0.006756756756756757,1.0,0.041666666666666664,CS+,ITI,0.0,0.0,0,0,0.0,0.0,0.0,0.0,0.0,0,0,1.0,4.0,Global off,Global on,1.0,0.006756756756756757,1.0,0.041666666666666664,0.006756756756756757
5,12,1.0,4.0,Global off,Global on,1.0,148.0,0.006756756756756757,1.0,0.041666666666666664,ITI,ITI,1.0,4.0,Global off,Global on,2.0,148.0,0.013513513513513514,2.0,0.08333333333333333,ITI,ITI,1.0,4.0,Global off,Global on,-1.0,-0.006756756756756757,-1.0,-0.041666666666666664,0.006756756756756757
5,17,1.0,1.0,Global off,Global off,3.0,148.0,0.02027027027027027,3.0,0.125,ITI,ITI,1.0,1.0,Global off,Global off,4.0,148.0,0.02702702702702703,3.0,0.125,CS-,ITI,1.0,1.0,Global off,Global off,-1.0,-0.006756756756756757,0.0,0.0,0.006756756756756757
5,18,1.0,3.0,Global off,Safety-like,1.0,148.0,0.006756756756756757,1.0,0.041666666666666664,ITI,ITI,0.0,0.0,0,0,0.0,0.0,0.0,0.0,0.0,0,0,1.0,3.0,Global off,Safety-like,1.0,0.006756756756756757,1.0,0.041666666666666664,0.006756756756756757
3,27,1.0,4.0,Global off,Global on,1.0,102.0,0.00980392156862745,1.0,0.041666666666666664,ITI,ITI,1.0,4.0,Global off,Global on,2.0,121.0,0.01652892561983471,2.0,0.08333333333333333,CS-,CS+,1.0,4.0,Global off,Global on,-1.0,-0.00672500405120726,-1.0,-0.041666666666666664,0.00672500405120726
4,10,3.0,1.0,Safety-like,Global off,2.0,204.0,0.00980392156862745,2.0,0.08333333333333333,CS+,CS+,3.0,1.0,Safety-like,Global off,3.0,182.0,0.016483516483516484,3.0,0.125,ITI,ITI,3.0,1.0,Safety-like,Global off,-1.0,-0.006679594914889033,-1.0,-0.04166666666666667,0.006679594914889033
4,7,3.0,1.0,Safety-like,Global off,2.0,204.0,0.00980392156862745,2.0,0.08333333333333333,ITI,CS+,3.0,1.0,Safety-like,Global off,3.0,182.0,0.016483516483516484,2.0,0.08333333333333333,CS+,ITI,3.0,1.0,Safety-like,Global off,-1.0,-0.006679594914889033,0.0,0.0,0.006679594914889033
1,7,1.0,1.0,Global off,Global off,6.0,408.0,0.014705882352941176,5.0,0.20833333333333334,ITI,ITI,1.0,1.0,Global off,Global off,9.0,421.0,0.021377672209026127,9.0,0.375,CS-,ITI,1.0,1.0,Global off,Global off,-3.0,-0.00667178985608495,-4.0,-0.16666666666666666,0.00667178985608495
11,5,1.0,1.0,Global off,Global off,3.0,41.0,0.07317073170731707,2.0,0.08333333333333333,CS+,ITI,1.0,1.0,Global off,Global off,3.0,45.0,0.06666666666666667,2.0,0.08333333333333333,CS+,ITI,1.0,1.0,Global off,Global off,0.0,0.006504065040650403,0.0,0.0,0.006504065040650403
27,19,4.0,3.0,Global on,Safety-like,4.0,58.0,0.06896551724137931,4.0,0.16666666666666666,ITI,ITI,4.0,3.0,Global on,Safety-like,5.0,80.0,0.0625,5.0,0.20833333333333334,ITI,ITI,4.0,3.0,Global on,Safety-like,-1.0,0.006465517241379309,-1.0,-0.041666666666666685,0.006465517241379309
1,15,1.0,2.0,Global off,Threat-like,9.0,408.0,0.022058823529411766,6.0,0.25,ITI,CS+,1.0,2.0,Global off,Threat-like,12.0,421.0,0.028503562945368172,9.0,0.375,ITI,ITI,1.0,2.0,Global off,Threat-like,-3.0,-0.006444739415956406,-3.0,-0.125,0.006444739415956406
32,25,4.0,1.0,Global on,Global off,10.0,425.0,0.023529411764705882,9.0,0.375,ITI,ITI,4.0,1.0,Global on,Global off,12.0,401.0,0.029925187032418952,8.0,0.3333333333333333,ITI,ITI,4.0,1.0,Global on,Global off,-2.0,-0.00639577526771307,1.0,0.041666666666666685,0.00639577526771307
2,4,1.0,3.0,Global off,Safety-like,13.0,229.0,0.056768558951965066,8.0,0.3333333333333333,ITI,ITI,1.0,3.0,Global off,Safety-like,11.0,218.0,0.05045871559633028,8.0,0.3333333333333333,ITI,ITI,1.0,3.0,Global off,Safety-like,2.0,0.006309843355634788,0.0,0.0,0.006309843355634788
18,31,3.0,4.0,Safety-like,Global on,2.0,75.0,0.02666666666666667,2.0,0.08333333333333333,CS-,CS-,3.0,4.0,Safety-like,Global on,2.0,98.0,0.02040816326530612,2.0,0.08333333333333333,CS+,CS+,3.0,4.0,Safety-like,Global on,0.0,0.0062585034013605476,0.0,0.0,0.0062585034013605476
10,8,1.0,4.0,Global off,Global on,2.0,95.0,0.021052631578947368,2.0,0.08333333333333333,ITI,CS+,1.0,4.0,Global off,Global on,3.0,110.0,0.02727272727272727,3.0,0.125,ITI,CS-,1.0,4.0,Global off,Global on,-1.0,-0.0062200956937799035,-1.0,-0.04166666666666667,0.0062200956937799035
10,23,1.0,4.0,Global off,Global on,2.0,95.0,0.021052631578947368,1.0,0.041666666666666664,CS+,ITI,1.0,4.0,Global off,Global on,3.0,110.0,0.02727272727272727,2.0,0.08333333333333333,CS-,CS-,1.0,4.0,Global off,Global on,-1.0,-0.0062200956937799035,-1.0,-0.041666666666666664,0.0062200956937799035
12,13,4.0,2.0,Global on,Threat-like,6.0,92.0,0.06521739130434782,4.0,0.16666666666666666,ITI,CS+,4.0,2.0,Global on,Threat-like,6.0,84.0,0.07142857142857142,5.0,0.20833333333333334,CS+,CS+,4.0,2.0,Global on,Threat-like,0.0,-0.0062111801242236,-1.0,-0.041666666666666685,0.0062111801242236
14,10,2.0,1.0,Threat-like,Global off,3.0,124.0,0.024193548387096774,3.0,0.125,ITI,ITI,2.0,1.0,Threat-like,Global off,3.0,166.0,0.018072289156626505,3.0,0.125,CS+,ITI,2.0,1.0,Threat-like,Global off,0.0,0.006121259230470268,0.0,0.0,0.006121259230470268
4,27,3.0,4.0,Safety-like,Global on,1.0,204.0,0.004901960784313725,1.0,0.041666666666666664,ITI,ITI,3.0,4.0,Safety-like,Global on,2.0,182.0,0.01098901098901099,2.0,0.08333333333333333,ITI,CS+,3.0,4.0,Safety-like,Global on,-1.0,-0.0060870502046972644,-1.0,-0.041666666666666664,0.0060870502046972644
14,18,0.0,0.0,0,0,0.0,0.0,0.0,0.0,0.0,0,0,2.0,3.0,Threat-like,Safety-like,1.0,166.0,0.006024096385542169,1.0,0.041666666666666664,CS-,ITI,2.0,3.0,Threat-like,Safety-like,-1.0,-0.006024096385542169,-1.0,-0.041666666666666664,0.006024096385542169
28,3,4.0,1.0,Global on,Global off,1.0,145.0,0.006896551724137931,1.0,0.041666666666666664,CS+,CS-,4.0,1.0,Global on,Global off,2.0,155.0,0.012903225806451613,2.0,0.08333333333333333,ITI,ITI,4.0,1.0,Global on,Global off,-1.0,-0.006006674082313682,-1.0,-0.041666666666666664,0.006006674082313682
14,9,2.0,1.0,Threat-like,Global off,3.0,124.0,0.024193548387096774,2.0,0.08333333333333333,ITI,ITI,2.0,1.0,Threat-like,Global off,5.0,166.0,0.030120481927710843,5.0,0.20833333333333334,CS+,CS-,2.0,1.0,Threat-like,Global off,-2.0,-0.00592693354061407,-3.0,-0.125,0.00592693354061407
24,10,4.0,1.0,Global on,Global off,3.0,121.0,0.024793388429752067,2.0,0.08333333333333333,CS+,CS+,4.0,1.0,Global on,Global off,3.0,159.0,0.018867924528301886,3.0,0.125,ITI,CS+,4.0,1.0,Global on,Global off,0.0,0.005925463901450181,-1.0,-0.04166666666666667,0.005925463901450181
32,16,4.0,4.0,Global on,Global on,24.0,425.0,0.05647058823529412,13.0,0.5416666666666666,ITI,ITI,4.0,4.0,Global on,Global on,25.0,401.0,0.06234413965087282,15.0,0.625,ITI,ITI,4.0,4.0,Global on,Global on,-1.0,-0.005873551415578701,-2.0,-0.08333333333333337,0.005873551415578701
17,15,1.0,2.0,Global off,Threat-like,3.0,234.0,0.01282051282051282,2.0,0.08333333333333333,CS+,CS+,1.0,2.0,Global off,Threat-like,4.0,215.0,0.018604651162790697,3.0,0.125,CS+,CS+,1.0,2.0,Global off,Threat-like,-1.0,-0.005784138342277877,-1.0,-0.04166666666666667,0.005784138342277877
17,9,1.0,1.0,Global off,Global off,3.0,234.0,0.01282051282051282,3.0,0.125,CS-,ITI,1.0,1.0,Global off,Global off,4.0,215.0,0.018604651162790697,4.0,0.16666666666666666,ITI,CS-,1.0,1.0,Global off,Global off,-1.0,-0.005784138342277877,-1.0,-0.04166666666666666,0.005784138342277877
10,31,1.0,4.0,Global off,Global on,4.0,95.0,0.042105263157894736,3.0,0.125,CS-,ITI,1.0,4.0,Global off,Global on,4.0,110.0,0.03636363636363636,4.0,0.16666666666666666,CS+,ITI,1.0,4.0,Global off,Global on,0.0,0.005741626794258374,-1.0,-0.04166666666666666,0.005741626794258374
10,5,1.0,1.0,Global off,Global off,4.0,95.0,0.042105263157894736,4.0,0.16666666666666666,CS+,ITI,1.0,1.0,Global off,Global off,4.0,110.0,0.03636363636363636,4.0,0.16666666666666666,ITI,CS-,1.0,1.0,Global off,Global off,0.0,0.005741626794258374,0.0,0.0,0.005741626794258374
15,30,2.0,4.0,Threat-like,Global on,3.0,100.0,0.03,3.0,0.125,CS+,CS+,2.0,4.0,Threat-like,Global on,4.0,112.0,0.03571428571428571,4.0,0.16666666666666666,ITI,ITI,2.0,4.0,Threat-like,Global on,-1.0,-0.005714285714285713,-1.0,-0.04166666666666666,0.005714285714285713
15,3,2.0,1.0,Threat-like,Global off,3.0,100.0,0.03,3.0,0.125,ITI,ITI,2.0,1.0,Threat-like,Global off,4.0,112.0,0.03571428571428571,4.0,0.16666666666666666,CS+,CS-,2.0,1.0,Threat-like,Global off,-1.0,-0.005714285714285713,-1.0,-0.04166666666666666,0.005714285714285713
9,8,1.0,4.0,Global off,Global on,1.0,115.0,0.008695652173913044,1.0,0.041666666666666664,CS-,CS-,1.0,4.0,Global off,Global on,2.0,139.0,0.014388489208633094,2.0,0.08333333333333333,CS-,CS-,1.0,4.0,Global off,Global on,-1.0,-0.005692837034720051,-1.0,-0.041666666666666664,0.005692837034720051
9,25,1.0,1.0,Global off,Global off,1.0,115.0,0.008695652173913044,1.0,0.041666666666666664,ITI,ITI,1.0,1.0,Global off,Global off,2.0,139.0,0.014388489208633094,2.0,0.08333333333333333,ITI,ITI,1.0,1.0,Global off,Global off,-1.0,-0.005692837034720051,-1.0,-0.041666666666666664,0.005692837034720051
9,6,1.0,1.0,Global off,Global off,1.0,115.0,0.008695652173913044,1.0,0.041666666666666664,CS-,ITI,1.0,1.0,Global off,Global off,2.0,139.0,0.014388489208633094,2.0,0.08333333333333333,ITI,CS+,1.0,1.0,Global off,Global off,-1.0,-0.005692837034720051,-1.0,-0.041666666666666664,0.005692837034720051
2,30,1.0,4.0,Global off,Global on,5.0,229.0,0.021834061135371178,4.0,0.16666666666666666,CS-,ITI,1.0,4.0,Global off,Global on,6.0,218.0,0.027522935779816515,6.0,0.25,CS-,CS+,1.0,4.0,Global off,Global on,-1.0,-0.005688874644445337,-2.0,-0.08333333333333334,0.005688874644445337
16,20,4.0,3.0,Global on,Safety-like,5.0,226.0,0.022123893805309734,4.0,0.16666666666666666,CS-,ITI,4.0,3.0,Global on,Safety-like,6.0,216.0,0.027777777777777776,5.0,0.20833333333333334,ITI,ITI,4.0,3.0,Global on,Safety-like,-1.0,-0.005653883972468042,-1.0,-0.041666666666666685,0.005653883972468042
16,10,4.0,1.0,Global on,Global off,5.0,226.0,0.022123893805309734,4.0,0.16666666666666666,ITI,ITI,4.0,1.0,Global on,Global off,6.0,216.0,0.027777777777777776,6.0,0.25,ITI,ITI,4.0,1.0,Global on,Global off,-1.0,-0.005653883972468042,-2.0,-0.08333333333333334,0.005653883972468042
14,1,2.0,1.0,Threat-like,Global off,12.0,124.0,0.0967741935483871,9.0,0.375,ITI,ITI,2.0,1.0,Threat-like,Global off,17.0,166.0,0.10240963855421686,11.0,0.4583333333333333,ITI,ITI,2.0,1.0,Threat-like,Global off,-5.0,-0.00563544500582977,-2.0,-0.08333333333333331,0.00563544500582977
32,11,4.0,1.0,Global on,Global off,4.0,425.0,0.009411764705882352,4.0,0.16666666666666666,CS-,ITI,4.0,1.0,Global on,Global off,6.0,401.0,0.014962593516209476,5.0,0.20833333333333334,CS-,CS+,4.0,1.0,Global on,Global off,-2.0,-0.005550828810327124,-1.0,-0.041666666666666685,0.005550828810327124
13,1,2.0,1.0,Threat-like,Global off,21.0,205.0,0.1024390243902439,15.0,0.625,ITI,ITI,2.0,1.0,Threat-like,Global off,25.0,258.0,0.09689922480620156,13.0,0.5416666666666666,ITI,ITI,2.0,1.0,Threat-like,Global off,-4.0,0.00553979958404234,2.0,0.08333333333333337,0.00553979958404234
17,29,1.0,2.0,Global off,Threat-like,10.0,234.0,0.042735042735042736,6.0,0.25,CS-,CS-,1.0,2.0,Global off,Threat-like,8.0,215.0,0.037209302325581395,7.0,0.2916666666666667,ITI,CS+,1.0,2.0,Global off,Threat-like,2.0,0.005525740409461341,-1.0,-0.041666666666666685,0.005525740409461341
25,20,1.0,3.0,Global off,Safety-like,7.0,99.0,0.0707070707070707,6.0,0.25,ITI,ITI,1.0,3.0,Global off,Safety-like,6.0,92.0,0.06521739130434782,4.0,0.16666666666666666,ITI,ITI,1.0,3.0,Global off,Safety-like,1.0,0.00548967940272288,2.0,0.08333333333333334,0.00548967940272288
20,15,3.0,2.0,Safety-like,Threat-like,2.0,205.0,0.00975609756097561,1.0,0.041666666666666664,CS+,CS-,3.0,2.0,Safety-like,Threat-like,4.0,263.0,0.015209125475285171,4.0,0.16666666666666666,ITI,CS-,3.0,2.0,Safety-like,Threat-like,-2.0,-0.005453027914309561,-3.0,-0.125,0.005453027914309561
16,23,4.0,4.0,Global on,Global on,4.0,226.0,0.017699115044247787,3.0,0.125,CS-,CS-,4.0,4.0,Global on,Global on,5.0,216.0,0.023148148148148147,4.0,0.16666666666666666,CS-,ITI,4.0,4.0,Global on,Global on,-1.0,-0.0054490331039003595,-1.0,-0.04166666666666666,0.0054490331039003595
16,12,4.0,4.0,Global on,Global on,4.0,226.0,0.017699115044247787,3.0,0.125,ITI,ITI,4.0,4.0,Global on,Global on,5.0,216.0,0.023148148148148147,4.0,0.16666666666666666,ITI,ITI,4.0,4.0,Global on,Global on,-1.0,-0.0054490331039003595,-1.0,-0.04166666666666666,0.0054490331039003595
17,11,1.0,1.0,Global off,Global off,2.0,234.0,0.008547008547008548,2.0,0.08333333333333333,CS-,CS-,1.0,1.0,Global off,Global off,3.0,215.0,0.013953488372093023,3.0,0.125,ITI,ITI,1.0,1.0,Global off,Global off,-1.0,-0.005406479825084475,-1.0,-0.04166666666666667,0.005406479825084475
6,18,1.0,3.0,Global off,Safety-like,2.0,73.0,0.0273972602739726,1.0,0.041666666666666664,CS+,ITI,1.0,3.0,Global off,Safety-like,2.0,61.0,0.03278688524590164,2.0,0.08333333333333333,CS+,ITI,1.0,3.0,Global off,Safety-like,0.0,-0.00538962497192904,-1.0,-0.041666666666666664,0.00538962497192904
6,22,1.0,4.0,Global off,Global on,2.0,73.0,0.0273972602739726,2.0,0.08333333333333333,CS+,ITI,1.0,4.0,Global off,Global on,2.0,61.0,0.03278688524590164,2.0,0.08333333333333333,CS-,CS-,1.0,4.0,Global off,Global on,0.0,-0.00538962497192904,0.0,0.0,0.00538962497192904
28,1,4.0,1.0,Global on,Global off,12.0,145.0,0.08275862068965517,10.0,0.4166666666666667,ITI,CS+,4.0,1.0,Global on,Global off,12.0,155.0,0.07741935483870968,11.0,0.4583333333333333,ITI,ITI,4.0,1.0,Global on,Global off,0.0,0.0053392658509454904,-1.0,-0.04166666666666663,0.0053392658509454904
17,19,1.0,3.0,Global off,Safety-like,14.0,234.0,0.05982905982905983,9.0,0.375,ITI,ITI,1.0,3.0,Global off,Safety-like,14.0,215.0,0.06511627906976744,10.0,0.4166666666666667,ITI,ITI,1.0,3.0,Global off,Safety-like,0.0,-0.005287219240707609,-1.0,-0.041666666666666685,0.005287219240707609
21,17,1.0,1.0,Global off,Global off,8.0,93.0,0.08602150537634409,4.0,0.16666666666666666,ITI,ITI,1.0,1.0,Global off,Global off,8.0,99.0,0.08080808080808081,6.0,0.25,ITI,ITI,1.0,1.0,Global off,Global off,0.0,0.005213424568263278,-2.0,-0.08333333333333334,0.005213424568263278
12,9,4.0,1.0,Global on,Global off,5.0,92.0,0.05434782608695652,5.0,0.20833333333333334,ITI,CS-,4.0,1.0,Global on,Global off,5.0,84.0,0.05952380952380952,5.0,0.20833333333333334,ITI,CS+,4.0,1.0,Global on,Global off,0.0,-0.005175983436853,0.0,0.0,0.005175983436853
23,7,4.0,1.0,Global on,Global off,2.0,82.0,0.024390243902439025,2.0,0.08333333333333333,CS+,CS+,4.0,1.0,Global on,Global off,2.0,104.0,0.019230769230769232,2.0,0.08333333333333333,CS-,CS-,4.0,1.0,Global on,Global off,0.0,0.005159474671669793,0.0,0.0,0.005159474671669793
23,18,4.0,3.0,Global on,Safety-like,2.0,82.0,0.024390243902439025,2.0,0.08333333333333333,CS+,ITI,4.0,3.0,Global on,Safety-like,2.0,104.0,0.019230769230769232,1.0,0.041666666666666664,ITI,CS-,4.0,3.0,Global on,Safety-like,0.0,0.005159474671669793,1.0,0.041666666666666664,0.005159474671669793
19,16,3.0,4.0,Safety-like,Global on,4.0,140.0,0.02857142857142857,3.0,0.125,ITI,ITI,3.0,4.0,Safety-like,Global on,3.0,128.0,0.0234375,3.0,0.125,ITI,CS+,3.0,4.0,Safety-like,Global on,1.0,0.0051339285714285705,0.0,0.0,0.0051339285714285705
29,19,2.0,3.0,Threat-like,Safety-like,5.0,196.0,0.025510204081632654,3.0,0.125,ITI,ITI,2.0,3.0,Threat-like,Safety-like,4.0,196.0,0.02040816326530612,3.0,0.125,ITI,ITI,2.0,3.0,Threat-like,Safety-like,1.0,0.005102040816326533,0.0,0.0,0.005102040816326533
29,14,2.0,2.0,Threat-like,Threat-like,5.0,196.0,0.025510204081632654,4.0,0.16666666666666666,CS+,CS+,2.0,2.0,Threat-like,Threat-like,4.0,196.0,0.02040816326530612,4.0,0.16666666666666666,CS+,ITI,2.0,2.0,Threat-like,Threat-like,1.0,0.005102040816326533,0.0,0.0,0.005102040816326533
29,11,2.0,1.0,Threat-like,Global off,2.0,196.0,0.01020408163265306,2.0,0.08333333333333333,CS+,ITI,2.0,1.0,Threat-like,Global off,3.0,196.0,0.015306122448979591,3.0,0.125,ITI,ITI,2.0,1.0,Threat-like,Global off,-1.0,-0.005102040816326531,-1.0,-0.04166666666666667,0.005102040816326531
29,3,2.0,1.0,Threat-like,Global off,2.0,196.0,0.01020408163265306,2.0,0.08333333333333333,CS-,CS-,2.0,1.0,Threat-like,Global off,3.0,196.0,0.015306122448979591,3.0,0.125,ITI,ITI,2.0,1.0,Threat-like,Global off,-1.0,-0.005102040816326531,-1.0,-0.04166666666666667,0.005102040816326531
29,27,2.0,4.0,Threat-like,Global on,1.0,196.0,0.00510204081632653,1.0,0.041666666666666664,ITI,CS-,2.0,4.0,Threat-like,Global on,2.0,196.0,0.01020408163265306,2.0,0.08333333333333333,ITI,ITI,2.0,4.0,Threat-like,Global on,-1.0,-0.00510204081632653,-1.0,-0.041666666666666664,0.00510204081632653
29,16,2.0,4.0,Threat-like,Global on,10.0,196.0,0.05102040816326531,7.0,0.2916666666666667,CS+,ITI,2.0,4.0,Threat-like,Global on,9.0,196.0,0.04591836734693878,7.0,0.2916666666666667,CS+,ITI,2.0,4.0,Threat-like,Global on,1.0,0.005102040816326529,0.0,0.0,0.005102040816326529
1,28,1.0,4.0,Global off,Global on,4.0,408.0,0.00980392156862745,3.0,0.125,ITI,ITI,1.0,4.0,Global off,Global on,2.0,421.0,0.004750593824228029,2.0,0.08333333333333333,CS+,CS-,1.0,4.0,Global off,Global on,2.0,0.005053327744399422,1.0,0.04166666666666667,0.005053327744399422
1,26,1.0,4.0,Global off,Global on,4.0,408.0,0.00980392156862745,4.0,0.16666666666666666,ITI,ITI,1.0,4.0,Global off,Global on,2.0,421.0,0.004750593824228029,2.0,0.08333333333333333,CS-,ITI,1.0,4.0,Global off,Global on,2.0,0.005053327744399422,2.0,0.08333333333333333,0.005053327744399422
16,3,4.0,1.0,Global on,Global off,2.0,226.0,0.008849557522123894,2.0,0.08333333333333333,ITI,ITI,4.0,1.0,Global on,Global off,3.0,216.0,0.013888888888888888,3.0,0.125,ITI,CS+,4.0,1.0,Global on,Global off,-1.0,-0.0050393313667649944,-1.0,-0.04166666666666667,0.0050393313667649944
16,11,4.0,1.0,Global on,Global off,1.0,226.0,0.004424778761061947,1.0,0.041666666666666664,CS-,ITI,4.0,1.0,Global on,Global off,2.0,216.0,0.009259259259259259,2.0,0.08333333333333333,CS-,ITI,4.0,1.0,Global on,Global off,-1.0,-0.004834480498197312,-1.0,-0.041666666666666664,0.004834480498197312
31,30,4.0,4.0,Global on,Global on,11.0,220.0,0.05,8.0,0.3333333333333333,ITI,ITI,4.0,4.0,Global on,Global on,10.0,221.0,0.04524886877828054,7.0,0.2916666666666667,ITI,ITI,4.0,4.0,Global on,Global on,1.0,0.004751131221719461,1.0,0.04166666666666663,0.004751131221719461
13,3,2.0,1.0,Threat-like,Global off,3.0,205.0,0.014634146341463415,3.0,0.125,CS+,ITI,2.0,1.0,Threat-like,Global off,5.0,258.0,0.01937984496124031,4.0,0.16666666666666666,ITI,ITI,2.0,1.0,Threat-like,Global off,-2.0,-0.004745698619776894,-1.0,-0.04166666666666666,0.004745698619776894
27,16,4.0,4.0,Global on,Global on,1.0,58.0,0.017241379310344827,1.0,0.041666666666666664,CS-,CS-,4.0,4.0,Global on,Global on,1.0,80.0,0.0125,1.0,0.041666666666666664,CS-,ITI,4.0,4.0,Global on,Global on,0.0,0.004741379310344827,0.0,0.0,0.004741379310344827
27,15,4.0,2.0,Global on,Threat-like,1.0,58.0,0.017241379310344827,1.0,0.041666666666666664,ITI,CS-,4.0,2.0,Global on,Threat-like,1.0,80.0,0.0125,1.0,0.041666666666666664,CS-,CS-,4.0,2.0,Global on,Threat-like,0.0,0.004741379310344827,0.0,0.0,0.004741379310344827
31,28,4.0,4.0,Global on,Global on,10.0,220.0,0.045454545454545456,6.0,0.25,ITI,ITI,4.0,4.0,Global on,Global on,9.0,221.0,0.04072398190045249,9.0,0.375,ITI,CS-,4.0,4.0,Global on,Global on,1.0,0.004730563554092966,-3.0,-0.125,0.004730563554092966
31,17,4.0,1.0,Global on,Global off,8.0,220.0,0.03636363636363636,7.0,0.2916666666666667,ITI,ITI,4.0,1.0,Global on,Global off,7.0,221.0,0.03167420814479638,6.0,0.25,ITI,ITI,4.0,1.0,Global on,Global off,1.0,0.004689428218839983,1.0,0.041666666666666685,0.004689428218839983
28,18,4.0,3.0,Global on,Safety-like,4.0,145.0,0.027586206896551724,4.0,0.16666666666666666,ITI,ITI,4.0,3.0,Global on,Safety-like,5.0,155.0,0.03225806451612903,5.0,0.20833333333333334,ITI,CS+,4.0,3.0,Global on,Safety-like,-1.0,-0.004671857619577308,-1.0,-0.041666666666666685,0.004671857619577308
28,4,4.0,3.0,Global on,Safety-like,4.0,145.0,0.027586206896551724,3.0,0.125,ITI,ITI,4.0,3.0,Global on,Safety-like,5.0,155.0,0.03225806451612903,5.0,0.20833333333333334,CS-,CS+,4.0,3.0,Global on,Safety-like,-1.0,-0.004671857619577308,-2.0,-0.08333333333333334,0.004671857619577308
31,12,4.0,4.0,Global on,Global on,5.0,220.0,0.022727272727272728,4.0,0.16666666666666666,ITI,ITI,4.0,4.0,Global on,Global on,4.0,221.0,0.01809954751131222,4.0,0.16666666666666666,ITI,ITI,4.0,4.0,Global on,Global on,1.0,0.004627725215960509,0.0,0.0,0.004627725215960509
13,15,2.0,2.0,Threat-like,Threat-like,7.0,205.0,0.03414634146341464,4.0,0.16666666666666666,ITI,ITI,2.0,2.0,Threat-like,Threat-like,10.0,258.0,0.03875968992248062,7.0,0.2916666666666667,CS+,ITI,2.0,2.0,Threat-like,Threat-like,-3.0,-0.004613348459065983,-3.0,-0.12500000000000003,0.004613348459065983
2,27,0.0,0.0,0,0,0.0,0.0,0.0,0.0,0.0,0,0,1.0,4.0,Global off,Global on,1.0,218.0,0.0045871559633027525,1.0,0.041666666666666664,ITI,CS+,1.0,4.0,Global off,Global on,-1.0,-0.0045871559633027525,-1.0,-0.041666666666666664,0.0045871559633027525
31,7,4.0,1.0,Global on,Global off,2.0,220.0,0.00909090909090909,1.0,0.041666666666666664,CS+,ITI,4.0,1.0,Global on,Global off,1.0,221.0,0.004524886877828055,1.0,0.041666666666666664,ITI,ITI,4.0,1.0,Global on,Global off,1.0,0.004566022213081036,0.0,0.0,0.004566022213081036
31,11,4.0,1.0,Global on,Global off,2.0,220.0,0.00909090909090909,2.0,0.08333333333333333,CS+,CS+,4.0,1.0,Global on,Global off,1.0,221.0,0.004524886877828055,1.0,0.041666666666666664,ITI,CS-,4.0,1.0,Global on,Global off,1.0,0.004566022213081036,1.0,0.041666666666666664,0.004566022213081036
9,21,1.0,1.0,Global off,Global off,3.0,115.0,0.02608695652173913,3.0,0.125,CS-,ITI,1.0,1.0,Global off,Global off,3.0,139.0,0.02158273381294964,2.0,0.08333333333333333,ITI,CS+,1.0,1.0,Global off,Global off,0.0,0.004504222708789488,1.0,0.04166666666666667,0.004504222708789488
31,9,4.0,1.0,Global on,Global off,2.0,220.0,0.00909090909090909,2.0,0.08333333333333333,CS+,CS+,4.0,1.0,Global on,Global off,3.0,221.0,0.013574660633484163,3.0,0.125,ITI,CS+,4.0,1.0,Global on,Global off,-1.0,-0.004483751542575073,-1.0,-0.04166666666666667,0.004483751542575073
13,14,2.0,2.0,Threat-like,Threat-like,11.0,205.0,0.05365853658536585,10.0,0.4166666666666667,CS+,ITI,2.0,2.0,Threat-like,Threat-like,15.0,258.0,0.05813953488372093,11.0,0.4583333333333333,CS+,ITI,2.0,2.0,Threat-like,Threat-like,-4.0,-0.004480998298355077,-1.0,-0.04166666666666663,0.004480998298355077
31,6,4.0,1.0,Global on,Global off,3.0,220.0,0.013636363636363636,2.0,0.08333333333333333,ITI,CS+,4.0,1.0,Global on,Global off,4.0,221.0,0.01809954751131222,3.0,0.125,ITI,CS+,4.0,1.0,Global on,Global off,-1.0,-0.004463183874948583,-1.0,-0.04166666666666667,0.004463183874948583
31,27,4.0,4.0,Global on,Global on,5.0,220.0,0.022727272727272728,5.0,0.20833333333333334,ITI,ITI,4.0,4.0,Global on,Global on,6.0,221.0,0.027149321266968326,5.0,0.20833333333333334,ITI,ITI,4.0,4.0,Global on,Global on,-1.0,-0.004422048539695599,0.0,0.0,0.004422048539695599
31,25,4.0,1.0,Global on,Global off,5.0,220.0,0.022727272727272728,4.0,0.16666666666666666,ITI,ITI,4.0,1.0,Global on,Global off,6.0,221.0,0.027149321266968326,5.0,0.20833333333333334,ITI,ITI,4.0,1.0,Global on,Global off,-1.0,-0.004422048539695599,-1.0,-0.041666666666666685,0.004422048539695599
31,24,4.0,4.0,Global on,Global on,6.0,220.0,0.02727272727272727,5.0,0.20833333333333334,ITI,CS-,4.0,4.0,Global on,Global on,7.0,221.0,0.03167420814479638,5.0,0.20833333333333334,ITI,ITI,4.0,4.0,Global on,Global on,-1.0,-0.004401480872069107,0.0,0.0,0.004401480872069107
31,1,4.0,1.0,Global on,Global off,7.0,220.0,0.031818181818181815,6.0,0.25,ITI,ITI,4.0,1.0,Global on,Global off,8.0,221.0,0.03619909502262444,7.0,0.2916666666666667,ITI,CS+,4.0,1.0,Global on,Global off,-1.0,-0.004380913204442623,-1.0,-0.041666666666666685,0.004380913204442623
20,26,3.0,4.0,Safety-like,Global on,3.0,205.0,0.014634146341463415,3.0,0.125,ITI,CS+,3.0,4.0,Safety-like,Global on,5.0,263.0,0.019011406844106463,5.0,0.20833333333333334,ITI,ITI,3.0,4.0,Safety-like,Global on,-2.0,-0.004377260502643048,-2.0,-0.08333333333333334,0.004377260502643048
11,9,1.0,1.0,Global off,Global off,2.0,41.0,0.04878048780487805,2.0,0.08333333333333333,CS-,CS-,1.0,1.0,Global off,Global off,2.0,45.0,0.044444444444444446,2.0,0.08333333333333333,CS+,CS+,1.0,1.0,Global off,Global off,0.0,0.004336043360433604,0.0,0.0,0.004336043360433604
24,26,4.0,4.0,Global on,Global on,1.0,121.0,0.008264462809917356,1.0,0.041666666666666664,ITI,ITI,4.0,4.0,Global on,Global on,2.0,159.0,0.012578616352201259,2.0,0.08333333333333333,ITI,ITI,4.0,4.0,Global on,Global on,-1.0,-0.004314153542283903,-1.0,-0.041666666666666664,0.004314153542283903
4,11,3.0,1.0,Safety-like,Global off,2.0,204.0,0.00980392156862745,2.0,0.08333333333333333,CS-,CS-,3.0,1.0,Safety-like,Global off,1.0,182.0,0.005494505494505495,1.0,0.041666666666666664,CS-,CS-,3.0,1.0,Safety-like,Global off,1.0,0.004309416074121956,1.0,0.041666666666666664,0.004309416074121956
20,9,3.0,1.0,Safety-like,Global off,4.0,205.0,0.01951219512195122,1.0,0.041666666666666664,CS+,ITI,3.0,1.0,Safety-like,Global off,4.0,263.0,0.015209125475285171,4.0,0.16666666666666666,ITI,ITI,3.0,1.0,Safety-like,Global off,0.0,0.0043030696466660485,-3.0,-0.125,0.0043030696466660485
20,5,3.0,1.0,Safety-like,Global off,4.0,205.0,0.01951219512195122,3.0,0.125,ITI,ITI,3.0,1.0,Safety-like,Global off,4.0,263.0,0.015209125475285171,3.0,0.125,ITI,CS+,3.0,1.0,Safety-like,Global off,0.0,0.0043030696466660485,0.0,0.0,0.0043030696466660485
22,3,4.0,1.0,Global on,Global off,1.0,44.0,0.022727272727272728,1.0,0.041666666666666664,ITI,ITI,4.0,1.0,Global on,Global off,1.0,37.0,0.02702702702702703,1.0,0.041666666666666664,ITI,ITI,4.0,1.0,Global on,Global off,0.0,-0.004299754299754301,0.0,0.0,0.004299754299754301
22,29,4.0,2.0,Global on,Threat-like,1.0,44.0,0.022727272727272728,1.0,0.041666666666666664,ITI,CS-,4.0,2.0,Global on,Threat-like,1.0,37.0,0.02702702702702703,1.0,0.041666666666666664,CS-,ITI,4.0,2.0,Global on,Threat-like,0.0,-0.004299754299754301,0.0,0.0,0.004299754299754301
32,3,4.0,1.0,Global on,Global off,5.0,425.0,0.011764705882352941,5.0,0.20833333333333334,ITI,ITI,4.0,1.0,Global on,Global off,3.0,401.0,0.007481296758104738,3.0,0.125,ITI,ITI,4.0,1.0,Global on,Global off,2.0,0.004283409124248203,2.0,0.08333333333333334,0.004283409124248203
17,10,1.0,1.0,Global off,Global off,1.0,234.0,0.004273504273504274,1.0,0.041666666666666664,ITI,CS-,0.0,0.0,0,0,0.0,0.0,0.0,0.0,0.0,0,0,1.0,1.0,Global off,Global off,1.0,0.004273504273504274,1.0,0.041666666666666664,0.004273504273504274
32,19,4.0,3.0,Global on,Safety-like,12.0,425.0,0.02823529411764706,10.0,0.4166666666666667,ITI,ITI,4.0,3.0,Global on,Safety-like,13.0,401.0,0.032418952618453865,11.0,0.4583333333333333,ITI,ITI,4.0,3.0,Global on,Safety-like,-1.0,-0.004183658500806806,-1.0,-0.04166666666666663,0.004183658500806806
14,2,2.0,1.0,Threat-like,Global off,5.0,124.0,0.04032258064516129,5.0,0.20833333333333334,ITI,ITI,2.0,1.0,Threat-like,Global off,6.0,166.0,0.03614457831325301,6.0,0.25,ITI,ITI,2.0,1.0,Threat-like,Global off,-1.0,0.004178002331908279,-1.0,-0.04166666666666666,0.004178002331908279
14,8,2.0,4.0,Threat-like,Global on,5.0,124.0,0.04032258064516129,5.0,0.20833333333333334,CS+,ITI,2.0,4.0,Threat-like,Global on,6.0,166.0,0.03614457831325301,6.0,0.25,ITI,ITI,2.0,4.0,Threat-like,Global on,-1.0,0.004178002331908279,-1.0,-0.04166666666666666,0.004178002331908279
12,4,4.0,3.0,Global on,Safety-like,4.0,92.0,0.043478260869565216,3.0,0.125,ITI,ITI,4.0,3.0,Global on,Safety-like,4.0,84.0,0.047619047619047616,4.0,0.16666666666666666,CS-,CS-,4.0,3.0,Global on,Safety-like,0.0,-0.0041407867494824,-1.0,-0.04166666666666666,0.0041407867494824
14,27,2.0,4.0,Threat-like,Global on,2.0,124.0,0.016129032258064516,2.0,0.08333333333333333,CS+,CS-,2.0,4.0,Threat-like,Global on,2.0,166.0,0.012048192771084338,2.0,0.08333333333333333,CS+,CS-,2.0,4.0,Threat-like,Global on,0.0,0.004080839486980178,0.0,0.0,0.004080839486980178
16,26,4.0,4.0,Global on,Global on,3.0,226.0,0.01327433628318584,3.0,0.125,ITI,CS+,4.0,4.0,Global on,Global on,2.0,216.0,0.009259259259259259,2.0,0.08333333333333333,ITI,ITI,4.0,4.0,Global on,Global on,1.0,0.004015077023926582,1.0,0.04166666666666667,0.004015077023926582
13,10,2.0,1.0,Threat-like,Global off,4.0,205.0,0.01951219512195122,4.0,0.16666666666666666,ITI,CS+,2.0,1.0,Threat-like,Global off,4.0,258.0,0.015503875968992248,4.0,0.16666666666666666,ITI,CS-,2.0,1.0,Threat-like,Global off,0.0,0.004008319152958972,0.0,0.0,0.004008319152958972
13,23,2.0,4.0,Threat-like,Global on,4.0,205.0,0.01951219512195122,3.0,0.125,CS-,ITI,2.0,4.0,Threat-like,Global on,4.0,258.0,0.015503875968992248,3.0,0.125,CS-,CS-,2.0,4.0,Threat-like,Global on,0.0,0.004008319152958972,0.0,0.0,0.004008319152958972
14,24,2.0,4.0,Threat-like,Global on,1.0,124.0,0.008064516129032258,1.0,0.041666666666666664,CS+,ITI,2.0,4.0,Threat-like,Global on,2.0,166.0,0.012048192771084338,2.0,0.08333333333333333,ITI,CS-,2.0,4.0,Threat-like,Global on,-1.0,-0.00398367664205208,-1.0,-0.041666666666666664,0.00398367664205208
14,23,2.0,4.0,Threat-like,Global on,1.0,124.0,0.008064516129032258,1.0,0.041666666666666664,ITI,CS+,2.0,4.0,Threat-like,Global on,2.0,166.0,0.012048192771084338,2.0,0.08333333333333333,CS-,ITI,2.0,4.0,Threat-like,Global on,-1.0,-0.00398367664205208,-1.0,-0.041666666666666664,0.00398367664205208
24,21,4.0,1.0,Global on,Global off,2.0,121.0,0.01652892561983471,2.0,0.08333333333333333,ITI,ITI,4.0,1.0,Global on,Global off,2.0,159.0,0.012578616352201259,2.0,0.08333333333333333,CS+,ITI,4.0,1.0,Global on,Global off,0.0,0.003950309267633453,0.0,0.0,0.003950309267633453
18,3,3.0,1.0,Safety-like,Global off,2.0,75.0,0.02666666666666667,2.0,0.08333333333333333,ITI,ITI,3.0,1.0,Safety-like,Global off,3.0,98.0,0.030612244897959183,3.0,0.125,ITI,ITI,3.0,1.0,Safety-like,Global off,-1.0,-0.003945578231292515,-1.0,-0.04166666666666667,0.003945578231292515
18,19,3.0,3.0,Safety-like,Safety-like,2.0,75.0,0.02666666666666667,2.0,0.08333333333333333,ITI,CS-,3.0,3.0,Safety-like,Safety-like,3.0,98.0,0.030612244897959183,3.0,0.125,ITI,CS+,3.0,3.0,Safety-like,Safety-like,-1.0,-0.003945578231292515,-1.0,-0.04166666666666667,0.003945578231292515
32,27,4.0,4.0,Global on,Global on,10.0,425.0,0.023529411764705882,8.0,0.3333333333333333,ITI,ITI,4.0,4.0,Global on,Global on,11.0,401.0,0.02743142144638404,9.0,0.375,ITI,ITI,4.0,4.0,Global on,Global on,-1.0,-0.0039020096816781563,-1.0,-0.041666666666666685,0.0039020096816781563
17,12,1.0,4.0,Global off,Global on,2.0,234.0,0.008547008547008548,2.0,0.08333333333333333,ITI,CS+,1.0,4.0,Global off,Global on,1.0,215.0,0.004651162790697674,1.0,0.041666666666666664,ITI,CS-,1.0,4.0,Global off,Global on,1.0,0.0038958457563108735,1.0,0.041666666666666664,0.0038958457563108735
17,22,1.0,4.0,Global off,Global on,2.0,234.0,0.008547008547008548,2.0,0.08333333333333333,CS-,ITI,1.0,4.0,Global off,Global on,1.0,215.0,0.004651162790697674,1.0,0.041666666666666664,CS+,CS+,1.0,4.0,Global off,Global on,1.0,0.0038958457563108735,1.0,0.041666666666666664,0.0038958457563108735
13,22,0.0,0.0,0,0,0.0,0.0,0.0,0.0,0.0,0,0,2.0,4.0,Threat-like,Global on,1.0,258.0,0.003875968992248062,1.0,0.041666666666666664,ITI,ITI,2.0,4.0,Threat-like,Global on,-1.0,-0.003875968992248062,-1.0,-0.041666666666666664,0.003875968992248062
13,26,0.0,0.0,0,0,0.0,0.0,0.0,0.0,0.0,0,0,2.0,4.0,Threat-like,Global on,1.0,258.0,0.003875968992248062,1.0,0.041666666666666664,ITI,ITI,2.0,4.0,Threat-like,Global on,-1.0,-0.003875968992248062,-1.0,-0.041666666666666664,0.003875968992248062
1,14,1.0,2.0,Global off,Threat-like,12.0,408.0,0.029411764705882353,7.0,0.2916666666666667,CS+,CS+,1.0,2.0,Global off,Threat-like,14.0,421.0,0.0332541567695962,10.0,0.4166666666666667,CS+,ITI,1.0,2.0,Global off,Threat-like,-2.0,-0.0038423920637138467,-3.0,-0.125,0.0038423920637138467
1,20,1.0,3.0,Global off,Safety-like,19.0,408.0,0.04656862745098039,10.0,0.4166666666666667,ITI,ITI,1.0,3.0,Global off,Safety-like,18.0,421.0,0.04275534441805225,11.0,0.4583333333333333,ITI,ITI,1.0,3.0,Global off,Safety-like,1.0,0.00381328303292814,-1.0,-0.04166666666666663,0.00381328303292814
28,9,4.0,1.0,Global on,Global off,6.0,145.0,0.041379310344827586,5.0,0.20833333333333334,CS-,ITI,4.0,1.0,Global on,Global off,7.0,155.0,0.04516129032258064,5.0,0.20833333333333334,CS+,CS+,4.0,1.0,Global on,Global off,-1.0,-0.003781979977753057,0.0,0.0,0.003781979977753057
32,26,4.0,4.0,Global on,Global on,9.0,425.0,0.021176470588235293,7.0,0.2916666666666667,ITI,ITI,4.0,4.0,Global on,Global on,10.0,401.0,0.02493765586034913,9.0,0.375,ITI,CS-,4.0,4.0,Global on,Global on,-1.0,-0.003761185272113835,-2.0,-0.08333333333333331,0.003761185272113835
13,30,2.0,4.0,Threat-like,Global on,4.0,205.0,0.01951219512195122,4.0,0.16666666666666666,ITI,ITI,2.0,4.0,Threat-like,Global on,6.0,258.0,0.023255813953488372,5.0,0.20833333333333334,ITI,ITI,2.0,4.0,Threat-like,Global on,-2.0,-0.0037436188315371523,-1.0,-0.041666666666666685,0.0037436188315371523
4,22,3.0,4.0,Safety-like,Global on,3.0,204.0,0.014705882352941176,2.0,0.08333333333333333,ITI,ITI,3.0,4.0,Safety-like,Global on,2.0,182.0,0.01098901098901099,2.0,0.08333333333333333,CS-,CS-,3.0,4.0,Safety-like,Global on,1.0,0.0037168713639301864,0.0,0.0,0.0037168713639301864
2,23,1.0,4.0,Global off,Global on,4.0,229.0,0.017467248908296942,3.0,0.125,ITI,CS-,1.0,4.0,Global off,Global on,3.0,218.0,0.013761467889908258,3.0,0.125,ITI,CS+,1.0,4.0,Global off,Global on,1.0,0.0037057810183886847,0.0,0.0,0.0037057810183886847
3,13,1.0,2.0,Global off,Threat-like,3.0,102.0,0.029411764705882353,3.0,0.125,ITI,ITI,1.0,2.0,Global off,Threat-like,4.0,121.0,0.03305785123966942,3.0,0.125,CS+,CS+,1.0,2.0,Global off,Threat-like,-1.0,-0.00364608653378707,0.0,0.0,0.00364608653378707
3,10,1.0,1.0,Global off,Global off,3.0,102.0,0.029411764705882353,3.0,0.125,CS+,CS+,1.0,1.0,Global off,Global off,4.0,121.0,0.03305785123966942,4.0,0.16666666666666666,CS+,CS+,1.0,1.0,Global off,Global off,-1.0,-0.00364608653378707,-1.0,-0.04166666666666666,0.00364608653378707
3,24,1.0,4.0,Global off,Global on,3.0,102.0,0.029411764705882353,3.0,0.125,ITI,ITI,1.0,4.0,Global off,Global on,4.0,121.0,0.03305785123966942,3.0,0.125,ITI,CS+,1.0,4.0,Global off,Global on,-1.0,-0.00364608653378707,0.0,0.0,0.00364608653378707
32,9,4.0,1.0,Global on,Global off,8.0,425.0,0.018823529411764704,6.0,0.25,ITI,CS-,4.0,1.0,Global on,Global off,9.0,401.0,0.022443890274314215,8.0,0.3333333333333333,ITI,ITI,4.0,1.0,Global on,Global off,-1.0,-0.0036203608625495105,-2.0,-0.08333333333333331,0.0036203608625495105
4,18,3.0,3.0,Safety-like,Safety-like,6.0,204.0,0.029411764705882353,5.0,0.20833333333333334,ITI,ITI,3.0,3.0,Safety-like,Safety-like,6.0,182.0,0.03296703296703297,6.0,0.25,ITI,ITI,3.0,3.0,Safety-like,Safety-like,0.0,-0.0035552682611506153,-1.0,-0.04166666666666666,0.0035552682611506153
2,18,1.0,3.0,Global off,Safety-like,5.0,229.0,0.021834061135371178,5.0,0.20833333333333334,ITI,ITI,1.0,3.0,Global off,Safety-like,4.0,218.0,0.01834862385321101,2.0,0.08333333333333333,CS-,CS-,1.0,3.0,Global off,Safety-like,1.0,0.0034854372821601677,3.0,0.125,0.0034854372821601677
32,12,4.0,4.0,Global on,Global on,11.0,425.0,0.02588235294117647,8.0,0.3333333333333333,ITI,CS-,4.0,4.0,Global on,Global on,9.0,401.0,0.022443890274314215,6.0,0.25,ITI,ITI,4.0,4.0,Global on,Global on,2.0,0.003438462666862256,2.0,0.08333333333333331,0.003438462666862256
32,5,4.0,1.0,Global on,Global off,6.0,425.0,0.01411764705882353,5.0,0.20833333333333334,CS+,ITI,4.0,1.0,Global on,Global off,7.0,401.0,0.017456359102244388,5.0,0.20833333333333334,ITI,ITI,4.0,1.0,Global on,Global off,-1.0,-0.003338712043420858,0.0,0.0,0.003338712043420858
28,17,4.0,1.0,Global on,Global off,7.0,145.0,0.04827586206896552,7.0,0.2916666666666667,ITI,CS-,4.0,1.0,Global on,Global off,8.0,155.0,0.05161290322580645,5.0,0.20833333333333334,ITI,ITI,4.0,1.0,Global on,Global off,-1.0,-0.003337041156840935,2.0,0.08333333333333334,0.003337041156840935
13,5,2.0,1.0,Threat-like,Global off,11.0,205.0,0.05365853658536585,6.0,0.25,CS+,ITI,2.0,1.0,Threat-like,Global off,13.0,258.0,0.050387596899224806,11.0,0.4583333333333333,CS+,ITI,2.0,1.0,Threat-like,Global off,-2.0,0.0032709396861410472,-5.0,-0.20833333333333331,0.0032709396861410472
13,4,2.0,3.0,Threat-like,Safety-like,7.0,205.0,0.03414634146341464,6.0,0.25,ITI,ITI,2.0,3.0,Threat-like,Safety-like,8.0,258.0,0.031007751937984496,8.0,0.3333333333333333,ITI,ITI,2.0,3.0,Threat-like,Safety-like,-1.0,0.003138589525430141,-2.0,-0.08333333333333331,0.003138589525430141
18,6,3.0,1.0,Safety-like,Global off,1.0,75.0,0.013333333333333334,1.0,0.041666666666666664,ITI,ITI,3.0,1.0,Safety-like,Global off,1.0,98.0,0.01020408163265306,1.0,0.041666666666666664,ITI,CS+,3.0,1.0,Safety-like,Global off,0.0,0.0031292517006802738,0.0,0.0,0.0031292517006802738
18,15,3.0,2.0,Safety-like,Threat-like,1.0,75.0,0.013333333333333334,1.0,0.041666666666666664,CS+,CS+,3.0,2.0,Safety-like,Threat-like,1.0,98.0,0.01020408163265306,1.0,0.041666666666666664,ITI,CS+,3.0,2.0,Safety-like,Threat-like,0.0,0.0031292517006802738,0.0,0.0,0.0031292517006802738
12,8,4.0,4.0,Global on,Global on,3.0,92.0,0.03260869565217391,3.0,0.125,CS+,CS-,4.0,4.0,Global on,Global on,3.0,84.0,0.03571428571428571,2.0,0.08333333333333333,CS+,ITI,4.0,4.0,Global on,Global on,0.0,-0.0031055900621118,1.0,0.04166666666666667,0.0031055900621118
26,29,4.0,2.0,Global on,Threat-like,1.0,47.0,0.02127659574468085,1.0,0.041666666666666664,ITI,CS-,4.0,2.0,Global on,Threat-like,1.0,55.0,0.01818181818181818,1.0,0.041666666666666664,CS+,CS+,4.0,2.0,Global on,Threat-like,0.0,0.0030947775628626696,0.0,0.0,0.0030947775628626696
26,16,4.0,4.0,Global on,Global on,1.0,47.0,0.02127659574468085,1.0,0.041666666666666664,CS-,CS-,4.0,4.0,Global on,Global on,1.0,55.0,0.01818181818181818,1.0,0.041666666666666664,ITI,CS+,4.0,4.0,Global on,Global on,0.0,0.0030947775628626696,0.0,0.0,0.0030947775628626696
26,27,4.0,4.0,Global on,Global on,1.0,47.0,0.02127659574468085,1.0,0.041666666666666664,ITI,ITI,4.0,4.0,Global on,Global on,1.0,55.0,0.01818181818181818,1.0,0.041666666666666664,ITI,ITI,4.0,4.0,Global on,Global on,0.0,0.0030947775628626696,0.0,0.0,0.0030947775628626696
1,32,1.0,4.0,Global off,Global on,22.0,408.0,0.05392156862745098,12.0,0.5,ITI,ITI,1.0,4.0,Global off,Global on,24.0,421.0,0.057007125890736345,15.0,0.625,ITI,ITI,1.0,4.0,Global off,Global on,-2.0,-0.0030855572632853615,-3.0,-0.125,0.0030855572632853615
3,28,1.0,4.0,Global off,Global on,2.0,102.0,0.0196078431372549,2.0,0.08333333333333333,CS-,CS-,1.0,4.0,Global off,Global on,2.0,121.0,0.01652892561983471,2.0,0.08333333333333333,CS-,ITI,1.0,4.0,Global off,Global on,0.0,0.0030789175174201905,0.0,0.0,0.0030789175174201905
1,29,1.0,2.0,Global off,Threat-like,9.0,408.0,0.022058823529411766,8.0,0.3333333333333333,ITI,ITI,1.0,2.0,Global off,Threat-like,8.0,421.0,0.019002375296912115,7.0,0.2916666666666667,CS+,ITI,1.0,2.0,Global off,Threat-like,1.0,0.0030564482324996513,1.0,0.04166666666666663,0.0030564482324996513
2,24,1.0,4.0,Global off,Global on,7.0,229.0,0.03056768558951965,7.0,0.2916666666666667,ITI,ITI,1.0,4.0,Global off,Global on,6.0,218.0,0.027522935779816515,6.0,0.25,ITI,CS-,1.0,4.0,Global off,Global on,1.0,0.0030447498097031338,1.0,0.041666666666666685,0.0030447498097031338
2,9,1.0,1.0,Global off,Global off,7.0,229.0,0.03056768558951965,6.0,0.25,CS-,ITI,1.0,1.0,Global off,Global off,6.0,218.0,0.027522935779816515,5.0,0.20833333333333334,ITI,ITI,1.0,1.0,Global off,Global off,1.0,0.0030447498097031338,1.0,0.04166666666666666,0.0030447498097031338
2,20,1.0,3.0,Global off,Safety-like,7.0,229.0,0.03056768558951965,7.0,0.2916666666666667,ITI,CS-,1.0,3.0,Global off,Safety-like,6.0,218.0,0.027522935779816515,6.0,0.25,ITI,CS-,1.0,3.0,Global off,Safety-like,1.0,0.0030447498097031338,1.0,0.041666666666666685,0.0030447498097031338
17,5,1.0,1.0,Global off,Global off,8.0,234.0,0.03418803418803419,7.0,0.2916666666666667,CS+,CS+,1.0,1.0,Global off,Global off,8.0,215.0,0.037209302325581395,7.0,0.2916666666666667,ITI,CS+,1.0,1.0,Global off,Global off,0.0,-0.0030212681375472034,0.0,0.0,0.0030212681375472034
17,21,1.0,1.0,Global off,Global off,8.0,234.0,0.03418803418803419,7.0,0.2916666666666667,ITI,CS-,1.0,1.0,Global off,Global off,8.0,215.0,0.037209302325581395,6.0,0.25,CS+,CS+,1.0,1.0,Global off,Global off,0.0,-0.0030212681375472034,1.0,0.041666666666666685,0.0030212681375472034
27,10,4.0,1.0,Global on,Global off,2.0,58.0,0.034482758620689655,1.0,0.041666666666666664,ITI,ITI,4.0,1.0,Global on,Global off,3.0,80.0,0.0375,2.0,0.08333333333333333,ITI,CS+,4.0,1.0,Global on,Global off,-1.0,-0.003017241379310344,-1.0,-0.041666666666666664,0.003017241379310344
27,28,4.0,4.0,Global on,Global on,2.0,58.0,0.034482758620689655,2.0,0.08333333333333333,ITI,ITI,4.0,4.0,Global on,Global on,3.0,80.0,0.0375,3.0,0.125,ITI,ITI,4.0,4.0,Global on,Global on,-1.0,-0.003017241379310344,-1.0,-0.04166666666666667,0.003017241379310344
9,15,1.0,2.0,Global off,Threat-like,2.0,115.0,0.017391304347826087,2.0,0.08333333333333333,CS-,CS-,1.0,2.0,Global off,Threat-like,2.0,139.0,0.014388489208633094,2.0,0.08333333333333333,CS+,CS-,1.0,2.0,Global off,Threat-like,0.0,0.003002815139192993,0.0,0.0,0.003002815139192993
9,30,1.0,4.0,Global off,Global on,2.0,115.0,0.017391304347826087,2.0,0.08333333333333333,ITI,ITI,1.0,4.0,Global off,Global on,2.0,139.0,0.014388489208633094,2.0,0.08333333333333333,CS+,CS-,1.0,4.0,Global off,Global on,0.0,0.003002815139192993,0.0,0.0,0.003002815139192993
6,32,1.0,4.0,Global off,Global on,5.0,73.0,0.0684931506849315,4.0,0.16666666666666666,CS-,ITI,1.0,4.0,Global off,Global on,4.0,61.0,0.06557377049180328,4.0,0.16666666666666666,ITI,ITI,1.0,4.0,Global off,Global on,1.0,0.002919380193128221,0.0,0.0,0.002919380193128221
13,27,2.0,4.0,Threat-like,Global on,1.0,205.0,0.004878048780487805,1.0,0.041666666666666664,ITI,CS-,2.0,4.0,Threat-like,Global on,2.0,258.0,0.007751937984496124,2.0,0.08333333333333333,CS-,ITI,2.0,4.0,Threat-like,Global on,-1.0,-0.002873889204008319,-1.0,-0.041666666666666664,0.002873889204008319
10,24,1.0,4.0,Global off,Global on,2.0,95.0,0.021052631578947368,1.0,0.041666666666666664,CS-,ITI,1.0,4.0,Global off,Global on,2.0,110.0,0.01818181818181818,2.0,0.08333333333333333,CS-,CS-,1.0,4.0,Global off,Global on,0.0,0.002870813397129187,-1.0,-0.041666666666666664,0.002870813397129187
10,12,1.0,4.0,Global off,Global on,2.0,95.0,0.021052631578947368,2.0,0.08333333333333333,ITI,CS-,1.0,4.0,Global off,Global on,2.0,110.0,0.01818181818181818,2.0,0.08333333333333333,CS-,ITI,1.0,4.0,Global off,Global on,0.0,0.002870813397129187,0.0,0.0,0.002870813397129187
10,3,1.0,1.0,Global off,Global off,2.0,95.0,0.021052631578947368,2.0,0.08333333333333333,ITI,ITI,1.0,1.0,Global off,Global off,2.0,110.0,0.01818181818181818,1.0,0.041666666666666664,CS+,CS+,1.0,1.0,Global off,Global off,0.0,0.002870813397129187,1.0,0.041666666666666664,0.002870813397129187
10,20,1.0,3.0,Global off,Safety-like,2.0,95.0,0.021052631578947368,2.0,0.08333333333333333,CS-,CS-,1.0,3.0,Global off,Safety-like,2.0,110.0,0.01818181818181818,2.0,0.08333333333333333,CS+,CS+,1.0,3.0,Global off,Safety-like,0.0,0.002870813397129187,0.0,0.0,0.002870813397129187
6,29,1.0,2.0,Global off,Threat-like,1.0,73.0,0.0136986301369863,1.0,0.041666666666666664,CS-,ITI,1.0,2.0,Global off,Threat-like,1.0,61.0,0.01639344262295082,1.0,0.041666666666666664,ITI,CS-,1.0,2.0,Global off,Threat-like,0.0,-0.00269481248596452,0.0,0.0,0.00269481248596452
9,24,1.0,4.0,Global off,Global on,3.0,115.0,0.02608695652173913,3.0,0.125,CS+,CS+,1.0,4.0,Global off,Global on,4.0,139.0,0.02877697841726619,4.0,0.16666666666666666,CS+,CS+,1.0,4.0,Global off,Global on,-1.0,-0.0026900218955270595,-1.0,-0.04166666666666666,0.0026900218955270595
19,23,3.0,4.0,Safety-like,Global on,4.0,140.0,0.02857142857142857,4.0,0.16666666666666666,ITI,CS+,3.0,4.0,Safety-like,Global on,4.0,128.0,0.03125,3.0,0.125,CS-,CS-,3.0,4.0,Safety-like,Global on,0.0,-0.0026785714285714295,1.0,0.04166666666666666,0.0026785714285714295
32,24,4.0,4.0,Global on,Global on,19.0,425.0,0.04470588235294118,10.0,0.4166666666666667,CS+,ITI,4.0,4.0,Global on,Global on,19.0,401.0,0.04738154613466334,14.0,0.5833333333333334,ITI,ITI,4.0,4.0,Global on,Global on,0.0,-0.002675663781722161,-4.0,-0.16666666666666669,0.002675663781722161
28,30,4.0,4.0,Global on,Global on,6.0,145.0,0.041379310344827586,6.0,0.25,ITI,CS+,4.0,4.0,Global on,Global on,6.0,155.0,0.03870967741935484,4.0,0.16666666666666666,ITI,CS-,4.0,4.0,Global on,Global on,0.0,0.0026696329254727452,2.0,0.08333333333333334,0.0026696329254727452
2,10,1.0,1.0,Global off,Global off,9.0,229.0,0.039301310043668124,7.0,0.2916666666666667,CS+,CS+,1.0,1.0,Global off,Global off,8.0,218.0,0.03669724770642202,5.0,0.20833333333333334,CS+,ITI,1.0,1.0,Global off,Global off,1.0,0.0026040623372461033,2.0,0.08333333333333334,0.0026040623372461033
1,27,1.0,4.0,Global off,Global on,3.0,408.0,0.007352941176470588,2.0,0.08333333333333333,ITI,ITI,1.0,4.0,Global off,Global on,2.0,421.0,0.004750593824228029,2.0,0.08333333333333333,ITI,CS+,1.0,4.0,Global off,Global on,1.0,0.0026023473522425594,0.0,0.0,0.0026023473522425594
12,32,4.0,4.0,Global on,Global on,9.0,92.0,0.09782608695652174,6.0,0.25,CS+,ITI,4.0,4.0,Global on,Global on,8.0,84.0,0.09523809523809523,8.0,0.3333333333333333,ITI,ITI,4.0,4.0,Global on,Global on,1.0,0.0025879917184265105,-2.0,-0.08333333333333331,0.0025879917184265105
23,14,4.0,2.0,Global on,Threat-like,1.0,82.0,0.012195121951219513,1.0,0.041666666666666664,CS+,CS+,4.0,2.0,Global on,Threat-like,1.0,104.0,0.009615384615384616,1.0,0.041666666666666664,ITI,ITI,4.0,2.0,Global on,Threat-like,0.0,0.0025797373358348967,0.0,0.0,0.0025797373358348967
23,27,4.0,4.0,Global on,Global on,1.0,82.0,0.012195121951219513,1.0,0.041666666666666664,ITI,ITI,4.0,4.0,Global on,Global on,1.0,104.0,0.009615384615384616,1.0,0.041666666666666664,ITI,ITI,4.0,4.0,Global on,Global on,0.0,0.0025797373358348967,0.0,0.0,0.0025797373358348967
32,17,4.0,1.0,Global on,Global off,17.0,425.0,0.04,8.0,0.3333333333333333,ITI,ITI,4.0,1.0,Global on,Global off,17.0,401.0,0.04239401496259352,15.0,0.625,ITI,ITI,4.0,1.0,Global on,Global off,0.0,-0.0023940149625935186,-7.0,-0.2916666666666667,0.0023940149625935186
24,18,4.0,3.0,Global on,Safety-like,2.0,121.0,0.01652892561983471,2.0,0.08333333333333333,CS-,ITI,4.0,3.0,Global on,Safety-like,3.0,159.0,0.018867924528301886,3.0,0.125,ITI,ITI,4.0,3.0,Global on,Safety-like,-1.0,-0.002338998908467175,-1.0,-0.04166666666666667,0.002338998908467175
24,15,4.0,2.0,Global on,Threat-like,2.0,121.0,0.01652892561983471,2.0,0.08333333333333333,CS+,CS+,4.0,2.0,Global on,Threat-like,3.0,159.0,0.018867924528301886,2.0,0.08333333333333333,ITI,ITI,4.0,2.0,Global on,Threat-like,-1.0,-0.002338998908467175,0.0,0.0,0.002338998908467175
24,14,4.0,2.0,Global on,Threat-like,2.0,121.0,0.01652892561983471,2.0,0.08333333333333333,CS+,CS+,4.0,2.0,Global on,Threat-like,3.0,159.0,0.018867924528301886,3.0,0.125,ITI,ITI,4.0,2.0,Global on,Threat-like,-1.0,-0.002338998908467175,-1.0,-0.04166666666666667,0.002338998908467175
32,14,4.0,2.0,Global on,Threat-like,16.0,425.0,0.03764705882352941,12.0,0.5,CS-,ITI,4.0,2.0,Global on,Threat-like,16.0,401.0,0.0399002493765586,14.0,0.5833333333333334,CS+,ITI,4.0,2.0,Global on,Threat-like,0.0,-0.002253190553029194,-2.0,-0.08333333333333337,0.002253190553029194
19,20,3.0,3.0,Safety-like,Safety-like,15.0,140.0,0.10714285714285714,11.0,0.4583333333333333,ITI,ITI,3.0,3.0,Safety-like,Safety-like,14.0,128.0,0.109375,10.0,0.4166666666666667,ITI,ITI,3.0,3.0,Safety-like,Safety-like,1.0,-0.002232142857142863,1.0,0.04166666666666663,0.002232142857142863
1,22,1.0,4.0,Global off,Global on,2.0,408.0,0.004901960784313725,2.0,0.08333333333333333,ITI,ITI,1.0,4.0,Global off,Global on,3.0,421.0,0.007125890736342043,2.0,0.08333333333333333,CS+,ITI,1.0,4.0,Global off,Global on,-1.0,-0.0022239299520283176,0.0,0.0,0.0022239299520283176
32,7,4.0,1.0,Global on,Global off,2.0,425.0,0.004705882352941176,2.0,0.08333333333333333,CS+,CS+,4.0,1.0,Global on,Global off,1.0,401.0,0.0024937655860349127,1.0,0.041666666666666664,ITI,CS+,4.0,1.0,Global on,Global off,1.0,0.0022121167669062634,1.0,0.041666666666666664,0.0022121167669062634
11,20,1.0,3.0,Global off,Safety-like,1.0,41.0,0.024390243902439025,1.0,0.041666666666666664,ITI,ITI,1.0,3.0,Global off,Safety-like,1.0,45.0,0.022222222222222223,1.0,0.041666666666666664,CS-,CS-,1.0,3.0,Global off,Safety-like,0.0,0.002168021680216802,0.0,0.0,0.002168021680216802
11,22,1.0,4.0,Global off,Global on,1.0,41.0,0.024390243902439025,1.0,0.041666666666666664,ITI,CS-,1.0,4.0,Global off,Global on,1.0,45.0,0.022222222222222223,1.0,0.041666666666666664,CS-,CS-,1.0,4.0,Global off,Global on,0.0,0.002168021680216802,0.0,0.0,0.002168021680216802
11,8,1.0,4.0,Global off,Global on,1.0,41.0,0.024390243902439025,1.0,0.041666666666666664,CS-,ITI,1.0,4.0,Global off,Global on,1.0,45.0,0.022222222222222223,1.0,0.041666666666666664,CS-,CS-,1.0,4.0,Global off,Global on,0.0,0.002168021680216802,0.0,0.0,0.002168021680216802
11,16,1.0,4.0,Global off,Global on,1.0,41.0,0.024390243902439025,1.0,0.041666666666666664,CS-,ITI,1.0,4.0,Global off,Global on,1.0,45.0,0.022222222222222223,1.0,0.041666666666666664,ITI,ITI,1.0,4.0,Global off,Global on,0.0,0.002168021680216802,0.0,0.0,0.002168021680216802
2,17,1.0,1.0,Global off,Global off,11.0,229.0,0.048034934497816595,8.0,0.3333333333333333,ITI,ITI,1.0,1.0,Global off,Global off,10.0,218.0,0.045871559633027525,7.0,0.2916666666666667,ITI,CS-,1.0,1.0,Global off,Global off,1.0,0.0021633748647890694,1.0,0.04166666666666663,0.0021633748647890694
20,22,3.0,4.0,Safety-like,Global on,2.0,205.0,0.00975609756097561,2.0,0.08333333333333333,ITI,CS-,3.0,4.0,Safety-like,Global on,2.0,263.0,0.0076045627376425855,2.0,0.08333333333333333,CS+,ITI,3.0,4.0,Safety-like,Global on,0.0,0.0021515348233330242,0.0,0.0,0.0021515348233330242
30,32,4.0,4.0,Global on,Global on,15.0,120.0,0.125,12.0,0.5,ITI,ITI,4.0,4.0,Global on,Global on,15.0,118.0,0.1271186440677966,11.0,0.4583333333333333,ITI,ITI,4.0,4.0,Global on,Global on,0.0,-0.0021186440677966045,1.0,0.041666666666666685,0.0021186440677966045
3,20,1.0,3.0,Global off,Safety-like,4.0,102.0,0.0392156862745098,4.0,0.16666666666666666,CS-,CS-,1.0,3.0,Global off,Safety-like,5.0,121.0,0.04132231404958678,4.0,0.16666666666666666,ITI,ITI,1.0,3.0,Global off,Safety-like,-1.0,-0.0021066277750769746,0.0,0.0,0.0021066277750769746
3,29,1.0,2.0,Global off,Threat-like,4.0,102.0,0.0392156862745098,3.0,0.125,CS+,CS+,1.0,2.0,Global off,Threat-like,5.0,121.0,0.04132231404958678,3.0,0.125,ITI,ITI,1.0,2.0,Global off,Threat-like,-1.0,-0.0021066277750769746,0.0,0.0,0.0021066277750769746
14,11,2.0,1.0,Threat-like,Global off,1.0,124.0,0.008064516129032258,1.0,0.041666666666666664,CS+,ITI,2.0,1.0,Threat-like,Global off,1.0,166.0,0.006024096385542169,1.0,0.041666666666666664,ITI,CS-,2.0,1.0,Threat-like,Global off,0.0,0.002040419743490089,0.0,0.0,0.002040419743490089
19,5,3.0,1.0,Safety-like,Global off,3.0,140.0,0.02142857142857143,3.0,0.125,ITI,CS+,3.0,1.0,Safety-like,Global off,3.0,128.0,0.0234375,3.0,0.125,ITI,CS+,3.0,1.0,Safety-like,Global off,0.0,-0.0020089285714285712,0.0,0.0,0.0020089285714285712
14,28,2.0,4.0,Threat-like,Global on,2.0,124.0,0.016129032258064516,2.0,0.08333333333333333,CS+,ITI,2.0,4.0,Threat-like,Global on,3.0,166.0,0.018072289156626505,3.0,0.125,CS+,ITI,2.0,4.0,Threat-like,Global on,-1.0,-0.0019432568985619895,-1.0,-0.04166666666666667,0.0019432568985619895
14,7,2.0,1.0,Threat-like,Global off,2.0,124.0,0.016129032258064516,2.0,0.08333333333333333,CS+,CS+,2.0,1.0,Threat-like,Global off,3.0,166.0,0.018072289156626505,3.0,0.125,ITI,ITI,2.0,1.0,Threat-like,Global off,-1.0,-0.0019432568985619895,-1.0,-0.04166666666666667,0.0019432568985619895
2,5,1.0,1.0,Global off,Global off,12.0,229.0,0.05240174672489083,8.0,0.3333333333333333,CS+,ITI,1.0,1.0,Global off,Global off,11.0,218.0,0.05045871559633028,11.0,0.4583333333333333,ITI,ITI,1.0,1.0,Global off,Global off,1.0,0.001943031128560549,-3.0,-0.125,0.001943031128560549
4,31,3.0,4.0,Safety-like,Global on,6.0,204.0,0.029411764705882353,5.0,0.20833333333333334,ITI,CS+,3.0,4.0,Safety-like,Global on,5.0,182.0,0.027472527472527472,3.0,0.125,ITI,ITI,3.0,4.0,Safety-like,Global on,1.0,0.0019392372333548805,2.0,0.08333333333333334,0.0019392372333548805
4,19,3.0,3.0,Safety-like,Safety-like,6.0,204.0,0.029411764705882353,3.0,0.125,ITI,ITI,3.0,3.0,Safety-like,Safety-like,5.0,182.0,0.027472527472527472,3.0,0.125,ITI,ITI,3.0,3.0,Safety-like,Safety-like,1.0,0.0019392372333548805,0.0,0.0,0.0019392372333548805
1,12,1.0,4.0,Global off,Global on,6.0,408.0,0.014705882352941176,5.0,0.20833333333333334,ITI,ITI,1.0,4.0,Global off,Global on,7.0,421.0,0.0166270783847981,5.0,0.20833333333333334,ITI,ITI,1.0,4.0,Global off,Global on,-1.0,-0.0019211960318569234,0.0,0.0,0.0019211960318569234
23,13,4.0,2.0,Global on,Threat-like,3.0,82.0,0.036585365853658534,2.0,0.08333333333333333,ITI,ITI,4.0,2.0,Global on,Threat-like,4.0,104.0,0.038461538461538464,4.0,0.16666666666666666,CS+,CS+,4.0,2.0,Global on,Threat-like,-1.0,-0.0018761726078799293,-2.0,-0.08333333333333333,0.0018761726078799293
9,29,1.0,2.0,Global off,Threat-like,6.0,115.0,0.05217391304347826,5.0,0.20833333333333334,ITI,ITI,1.0,2.0,Global off,Threat-like,7.0,139.0,0.050359712230215826,6.0,0.25,CS+,CS+,1.0,2.0,Global off,Threat-like,-1.0,0.0018142008132624315,-1.0,-0.04166666666666666,0.0018142008132624315
28,13,4.0,2.0,Global on,Threat-like,4.0,145.0,0.027586206896551724,3.0,0.125,CS-,CS+,4.0,2.0,Global on,Threat-like,4.0,155.0,0.025806451612903226,3.0,0.125,CS+,CS+,4.0,2.0,Global on,Threat-like,0.0,0.001779755283648498,0.0,0.0,0.001779755283648498
4,6,3.0,1.0,Safety-like,Global off,3.0,204.0,0.014705882352941176,3.0,0.125,CS+,CS+,3.0,1.0,Safety-like,Global off,3.0,182.0,0.016483516483516484,3.0,0.125,ITI,ITI,3.0,1.0,Safety-like,Global off,0.0,-0.0017776341305753077,0.0,0.0,0.0017776341305753077
4,25,3.0,1.0,Safety-like,Global off,3.0,204.0,0.014705882352941176,3.0,0.125,ITI,ITI,3.0,1.0,Safety-like,Global off,3.0,182.0,0.016483516483516484,2.0,0.08333333333333333,CS-,CS-,3.0,1.0,Safety-like,Global off,0.0,-0.0017776341305753077,1.0,0.04166666666666667,0.0017776341305753077
1,21,1.0,1.0,Global off,Global off,8.0,408.0,0.0196078431372549,7.0,0.2916666666666667,ITI,ITI,1.0,1.0,Global off,Global off,9.0,421.0,0.021377672209026127,7.0,0.2916666666666667,CS+,CS+,1.0,1.0,Global off,Global off,-1.0,-0.001769829071771225,0.0,0.0,0.001769829071771225
1,2,1.0,1.0,Global off,Global off,41.0,408.0,0.10049019607843138,16.0,0.6666666666666666,ITI,ITI,1.0,1.0,Global off,Global off,43.0,421.0,0.1021377672209026,23.0,0.9583333333333334,ITI,ITI,1.0,1.0,Global off,Global off,-2.0,-0.0016475711424712297,-7.0,-0.29166666666666674,0.0016475711424712297
24,19,4.0,3.0,Global on,Safety-like,4.0,121.0,0.03305785123966942,4.0,0.16666666666666666,ITI,CS+,4.0,3.0,Global on,Safety-like,5.0,159.0,0.031446540880503145,5.0,0.20833333333333334,ITI,ITI,4.0,3.0,Global on,Safety-like,-1.0,0.0016113103591662778,-1.0,-0.041666666666666685,0.0016113103591662778
3,6,1.0,1.0,Global off,Global off,1.0,102.0,0.00980392156862745,1.0,0.041666666666666664,CS-,ITI,1.0,1.0,Global off,Global off,1.0,121.0,0.008264462809917356,1.0,0.041666666666666664,ITI,ITI,1.0,1.0,Global off,Global off,0.0,0.0015394587587100952,0.0,0.0,0.0015394587587100952
17,26,1.0,4.0,Global off,Global on,4.0,234.0,0.017094017094017096,2.0,0.08333333333333333,ITI,ITI,1.0,4.0,Global off,Global on,4.0,215.0,0.018604651162790697,4.0,0.16666666666666666,ITI,ITI,1.0,4.0,Global off,Global on,0.0,-0.0015106340687736017,-2.0,-0.08333333333333333,0.0015106340687736017
9,23,1.0,4.0,Global off,Global on,1.0,115.0,0.008695652173913044,1.0,0.041666666666666664,ITI,ITI,1.0,4.0,Global off,Global on,1.0,139.0,0.007194244604316547,1.0,0.041666666666666664,CS-,ITI,1.0,4.0,Global off,Global on,0.0,0.0015014075695964964,0.0,0.0,0.0015014075695964964
9,11,1.0,1.0,Global off,Global off,1.0,115.0,0.008695652173913044,1.0,0.041666666666666664,ITI,CS+,1.0,1.0,Global off,Global off,1.0,139.0,0.007194244604316547,1.0,0.041666666666666664,ITI,CS+,1.0,1.0,Global off,Global off,0.0,0.0015014075695964964,0.0,0.0,0.0015014075695964964
9,18,1.0,3.0,Global off,Safety-like,1.0,115.0,0.008695652173913044,1.0,0.041666666666666664,ITI,CS+,1.0,3.0,Global off,Safety-like,1.0,139.0,0.007194244604316547,1.0,0.041666666666666664,ITI,CS-,1.0,3.0,Global off,Safety-like,0.0,0.0015014075695964964,0.0,0.0,0.0015014075695964964
9,27,1.0,4.0,Global off,Global on,1.0,115.0,0.008695652173913044,1.0,0.041666666666666664,ITI,ITI,1.0,4.0,Global off,Global on,1.0,139.0,0.007194244604316547,1.0,0.041666666666666664,CS-,ITI,1.0,4.0,Global off,Global on,0.0,0.0015014075695964964,0.0,0.0,0.0015014075695964964
10,28,1.0,4.0,Global off,Global on,1.0,95.0,0.010526315789473684,1.0,0.041666666666666664,CS+,CS+,1.0,4.0,Global off,Global on,1.0,110.0,0.00909090909090909,1.0,0.041666666666666664,ITI,ITI,1.0,4.0,Global off,Global on,0.0,0.0014354066985645935,0.0,0.0,0.0014354066985645935
10,15,1.0,2.0,Global off,Threat-like,1.0,95.0,0.010526315789473684,1.0,0.041666666666666664,CS+,CS+,1.0,2.0,Global off,Threat-like,1.0,110.0,0.00909090909090909,1.0,0.041666666666666664,CS+,ITI,1.0,2.0,Global off,Threat-like,0.0,0.0014354066985645935,0.0,0.0,0.0014354066985645935
30,13,4.0,2.0,Global on,Threat-like,10.0,120.0,0.08333333333333333,7.0,0.2916666666666667,CS+,CS+,4.0,2.0,Global on,Threat-like,10.0,118.0,0.0847457627118644,7.0,0.2916666666666667,ITI,CS+,4.0,2.0,Global on,Threat-like,0.0,-0.0014124293785310743,0.0,0.0,0.0014124293785310743
3,1,1.0,1.0,Global off,Global off,17.0,102.0,0.16666666666666666,11.0,0.4583333333333333,ITI,ITI,1.0,1.0,Global off,Global off,20.0,121.0,0.1652892561983471,13.0,0.5416666666666666,ITI,ITI,1.0,1.0,Global off,Global off,-3.0,0.0013774104683195454,-2.0,-0.08333333333333331,0.0013774104683195454
4,12,3.0,4.0,Safety-like,Global on,7.0,204.0,0.03431372549019608,4.0,0.16666666666666666,CS+,CS+,3.0,4.0,Safety-like,Global on,6.0,182.0,0.03296703296703297,2.0,0.08333333333333333,ITI,ITI,3.0,4.0,Safety-like,Global on,1.0,0.0013466925231631136,2.0,0.08333333333333333,0.0013466925231631136
19,21,3.0,1.0,Safety-like,Global off,2.0,140.0,0.014285714285714285,2.0,0.08333333333333333,CS-,CS-,3.0,1.0,Safety-like,Global off,2.0,128.0,0.015625,2.0,0.08333333333333333,CS-,CS-,3.0,1.0,Safety-like,Global off,0.0,-0.0013392857142857147,0.0,0.0,0.0013392857142857147
28,27,4.0,4.0,Global on,Global on,3.0,145.0,0.020689655172413793,3.0,0.125,ITI,ITI,4.0,4.0,Global on,Global on,3.0,155.0,0.01935483870967742,3.0,0.125,ITI,CS+,4.0,4.0,Global on,Global on,0.0,0.0013348164627363726,0.0,0.0,0.0013348164627363726
28,15,4.0,2.0,Global on,Threat-like,3.0,145.0,0.020689655172413793,3.0,0.125,ITI,CS+,4.0,2.0,Global on,Threat-like,3.0,155.0,0.01935483870967742,3.0,0.125,CS+,CS+,4.0,2.0,Global on,Threat-like,0.0,0.0013348164627363726,0.0,0.0,0.0013348164627363726
21,15,1.0,2.0,Global off,Threat-like,2.0,93.0,0.021505376344086023,2.0,0.08333333333333333,CS-,CS-,1.0,2.0,Global off,Threat-like,2.0,99.0,0.020202020202020204,2.0,0.08333333333333333,ITI,CS+,1.0,2.0,Global off,Threat-like,0.0,0.0013033561420658195,0.0,0.0,0.0013033561420658195
21,14,1.0,2.0,Global off,Threat-like,2.0,93.0,0.021505376344086023,2.0,0.08333333333333333,ITI,CS+,1.0,2.0,Global off,Threat-like,2.0,99.0,0.020202020202020204,2.0,0.08333333333333333,CS+,CS-,1.0,2.0,Global off,Threat-like,0.0,0.0013033561420658195,0.0,0.0,0.0013033561420658195
9,31,1.0,4.0,Global off,Global on,4.0,115.0,0.034782608695652174,4.0,0.16666666666666666,CS-,ITI,1.0,4.0,Global off,Global on,5.0,139.0,0.03597122302158273,5.0,0.20833333333333334,CS-,ITI,1.0,4.0,Global off,Global on,-1.0,-0.0011886143259305579,-1.0,-0.041666666666666685,0.0011886143259305579
9,3,1.0,1.0,Global off,Global off,4.0,115.0,0.034782608695652174,4.0,0.16666666666666666,CS-,ITI,1.0,1.0,Global off,Global off,5.0,139.0,0.03597122302158273,5.0,0.20833333333333334,ITI,ITI,1.0,1.0,Global off,Global off,-1.0,-0.0011886143259305579,-1.0,-0.041666666666666685,0.0011886143259305579
32,28,4.0,4.0,Global on,Global on,27.0,425.0,0.06352941176470588,12.0,0.5,ITI,ITI,4.0,4.0,Global on,Global on,25.0,401.0,0.06234413965087282,19.0,0.7916666666666666,ITI,ITI,4.0,4.0,Global on,Global on,2.0,0.0011852721138330552,-7.0,-0.29166666666666663,0.0011852721138330552
16,1,4.0,1.0,Global on,Global off,17.0,226.0,0.0752212389380531,13.0,0.5416666666666666,ITI,ITI,4.0,1.0,Global on,Global off,16.0,216.0,0.07407407407407407,12.0,0.5,ITI,ITI,4.0,1.0,Global on,Global off,1.0,0.0011471648639790333,1.0,0.04166666666666663,0.0011471648639790333
15,11,2.0,1.0,Threat-like,Global off,1.0,100.0,0.01,1.0,0.041666666666666664,CS-,ITI,2.0,1.0,Threat-like,Global off,1.0,112.0,0.008928571428571428,1.0,0.041666666666666664,ITI,CS-,2.0,1.0,Threat-like,Global off,0.0,0.0010714285714285721,0.0,0.0,0.0010714285714285721
20,31,3.0,4.0,Safety-like,Global on,8.0,205.0,0.03902439024390244,6.0,0.25,ITI,CS+,3.0,4.0,Safety-like,Global on,10.0,263.0,0.03802281368821293,5.0,0.20833333333333334,ITI,ITI,3.0,4.0,Safety-like,Global on,-2.0,0.0010015765556895123,1.0,0.04166666666666666,0.0010015765556895123
30,31,4.0,4.0,Global on,Global on,7.0,120.0,0.058333333333333334,6.0,0.25,CS+,CS+,4.0,4.0,Global on,Global on,7.0,118.0,0.059322033898305086,7.0,0.2916666666666667,CS+,CS+,4.0,4.0,Global on,Global on,0.0,-0.000988700564971752,-1.0,-0.041666666666666685,0.000988700564971752
32,1,4.0,1.0,Global on,Global off,24.0,425.0,0.05647058823529412,14.0,0.5833333333333334,ITI,ITI,4.0,1.0,Global on,Global off,23.0,401.0,0.057356608478802994,15.0,0.625,ITI,ITI,4.0,1.0,Global on,Global off,1.0,-0.000886020243508874,-1.0,-0.04166666666666663,0.000886020243508874
32,23,4.0,4.0,Global on,Global on,6.0,425.0,0.01411764705882353,5.0,0.20833333333333334,CS+,ITI,4.0,4.0,Global on,Global on,6.0,401.0,0.014962593516209476,5.0,0.20833333333333334,CS-,ITI,4.0,4.0,Global on,Global on,0.0,-0.000844946457385946,0.0,0.0,0.000844946457385946
18,12,3.0,4.0,Safety-like,Global on,3.0,75.0,0.04,3.0,0.125,ITI,ITI,3.0,4.0,Safety-like,Global on,4.0,98.0,0.04081632653061224,4.0,0.16666666666666666,ITI,CS-,3.0,4.0,Safety-like,Global on,-1.0,-0.0008163265306122408,-1.0,-0.04166666666666666,0.0008163265306122408
18,14,3.0,2.0,Safety-like,Threat-like,3.0,75.0,0.04,3.0,0.125,CS+,ITI,3.0,2.0,Safety-like,Threat-like,4.0,98.0,0.04081632653061224,3.0,0.125,ITI,ITI,3.0,2.0,Safety-like,Threat-like,-1.0,-0.0008163265306122408,0.0,0.0,0.0008163265306122408
25,15,1.0,2.0,Global off,Threat-like,1.0,99.0,0.010101010101010102,1.0,0.041666666666666664,ITI,CS+,1.0,2.0,Global off,Threat-like,1.0,92.0,0.010869565217391304,1.0,0.041666666666666664,ITI,ITI,1.0,2.0,Global off,Threat-like,0.0,-0.0007685551163812022,0.0,0.0,0.0007685551163812022
1,6,1.0,1.0,Global off,Global off,10.0,408.0,0.024509803921568627,7.0,0.2916666666666667,ITI,CS-,1.0,1.0,Global off,Global off,10.0,421.0,0.023752969121140142,8.0,0.3333333333333333,CS+,ITI,1.0,1.0,Global off,Global off,0.0,0.0007568348004284853,-1.0,-0.04166666666666663,0.0007568348004284853
17,30,1.0,4.0,Global off,Global on,2.0,234.0,0.008547008547008548,2.0,0.08333333333333333,CS+,CS-,1.0,4.0,Global off,Global on,2.0,215.0,0.009302325581395349,2.0,0.08333333333333333,ITI,ITI,1.0,4.0,Global off,Global on,0.0,-0.0007553170343868008,0.0,0.0,0.0007553170343868008
17,7,1.0,1.0,Global off,Global off,2.0,234.0,0.008547008547008548,2.0,0.08333333333333333,CS+,CS+,1.0,1.0,Global off,Global off,2.0,215.0,0.009302325581395349,2.0,0.08333333333333333,CS+,CS+,1.0,1.0,Global off,Global off,0.0,-0.0007553170343868008,0.0,0.0,0.0007553170343868008
32,22,4.0,4.0,Global on,Global on,5.0,425.0,0.011764705882352941,4.0,0.16666666666666666,CS+,ITI,4.0,4.0,Global on,Global on,5.0,401.0,0.012468827930174564,5.0,0.20833333333333334,ITI,ITI,4.0,4.0,Global on,Global on,0.0,-0.0007041220478216231,-1.0,-0.041666666666666685,0.0007041220478216231
20,14,3.0,2.0,Safety-like,Threat-like,3.0,205.0,0.014634146341463415,3.0,0.125,ITI,ITI,3.0,2.0,Safety-like,Threat-like,4.0,263.0,0.015209125475285171,4.0,0.16666666666666666,ITI,CS-,3.0,2.0,Safety-like,Threat-like,-1.0,-0.0005749791338217555,-1.0,-0.04166666666666666,0.0005749791338217555
20,16,3.0,4.0,Safety-like,Global on,4.0,205.0,0.01951219512195122,4.0,0.16666666666666666,ITI,ITI,3.0,4.0,Safety-like,Global on,5.0,263.0,0.019011406844106463,5.0,0.20833333333333334,ITI,CS+,3.0,4.0,Safety-like,Global on,-1.0,0.0005007882778447562,-1.0,-0.041666666666666685,0.0005007882778447562
20,3,3.0,1.0,Safety-like,Global off,4.0,205.0,0.01951219512195122,3.0,0.125,ITI,ITI,3.0,1.0,Safety-like,Global off,5.0,263.0,0.019011406844106463,5.0,0.20833333333333334,ITI,CS-,3.0,1.0,Safety-like,Global off,-1.0,0.0005007882778447562,-2.0,-0.08333333333333334,0.0005007882778447562
10,13,1.0,2.0,Global off,Threat-like,6.0,95.0,0.06315789473684211,5.0,0.20833333333333334,CS+,CS+,1.0,2.0,Global off,Threat-like,7.0,110.0,0.06363636363636363,5.0,0.20833333333333334,CS+,CS+,1.0,2.0,Global off,Threat-like,-1.0,-0.0004784688995215225,0.0,0.0,0.0004784688995215225
28,8,4.0,4.0,Global on,Global on,1.0,145.0,0.006896551724137931,1.0,0.041666666666666664,ITI,ITI,4.0,4.0,Global on,Global on,1.0,155.0,0.0064516129032258064,1.0,0.041666666666666664,CS+,CS+,4.0,4.0,Global on,Global on,0.0,0.0004449388209121245,0.0,0.0,0.0004449388209121245
28,23,4.0,4.0,Global on,Global on,1.0,145.0,0.006896551724137931,1.0,0.041666666666666664,CS-,ITI,4.0,4.0,Global on,Global on,1.0,155.0,0.0064516129032258064,1.0,0.041666666666666664,ITI,ITI,4.0,4.0,Global on,Global on,0.0,0.0004449388209121245,0.0,0.0,0.0004449388209121245
28,11,4.0,1.0,Global on,Global off,1.0,145.0,0.006896551724137931,1.0,0.041666666666666664,ITI,ITI,4.0,1.0,Global on,Global off,1.0,155.0,0.0064516129032258064,1.0,0.041666666666666664,CS-,CS-,4.0,1.0,Global on,Global off,0.0,0.0004449388209121245,0.0,0.0,0.0004449388209121245
28,7,4.0,1.0,Global on,Global off,1.0,145.0,0.006896551724137931,1.0,0.041666666666666664,ITI,ITI,4.0,1.0,Global on,Global off,1.0,155.0,0.0064516129032258064,1.0,0.041666666666666664,CS-,CS-,4.0,1.0,Global on,Global off,0.0,0.0004449388209121245,0.0,0.0,0.0004449388209121245
30,10,4.0,1.0,Global on,Global off,3.0,120.0,0.025,3.0,0.125,ITI,CS+,4.0,1.0,Global on,Global off,3.0,118.0,0.025423728813559324,3.0,0.125,ITI,ITI,4.0,1.0,Global on,Global off,0.0,-0.0004237288135593223,0.0,0.0,0.0004237288135593223
16,7,4.0,1.0,Global on,Global off,2.0,226.0,0.008849557522123894,2.0,0.08333333333333333,CS+,CS+,4.0,1.0,Global on,Global off,2.0,216.0,0.009259259259259259,2.0,0.08333333333333333,CS-,ITI,4.0,1.0,Global on,Global off,0.0,-0.00040970173713536506,0.0,0.0,0.00040970173713536506
24,5,4.0,1.0,Global on,Global off,3.0,121.0,0.024793388429752067,3.0,0.125,ITI,ITI,4.0,1.0,Global on,Global off,4.0,159.0,0.025157232704402517,3.0,0.125,CS-,ITI,4.0,1.0,Global on,Global off,-1.0,-0.00036384427465045027,0.0,0.0,0.00036384427465045027
8,11,4.0,1.0,Global on,Global off,1.0,93.0,0.010752688172043012,1.0,0.041666666666666664,CS+,CS+,4.0,1.0,Global on,Global off,1.0,90.0,0.011111111111111112,1.0,0.041666666666666664,CS+,CS+,4.0,1.0,Global on,Global off,0.0,-0.0003584229390680999,0.0,0.0,0.0003584229390680999
8,28,4.0,4.0,Global on,Global on,1.0,93.0,0.010752688172043012,1.0,0.041666666666666664,ITI,ITI,4.0,4.0,Global on,Global on,1.0,90.0,0.011111111111111112,1.0,0.041666666666666664,CS-,CS-,4.0,4.0,Global on,Global on,0.0,-0.0003584229390680999,0.0,0.0,0.0003584229390680999
8,25,4.0,1.0,Global on,Global off,1.0,93.0,0.010752688172043012,1.0,0.041666666666666664,ITI,CS-,4.0,1.0,Global on,Global off,1.0,90.0,0.011111111111111112,1.0,0.041666666666666664,CS+,CS+,4.0,1.0,Global on,Global off,0.0,-0.0003584229390680999,0.0,0.0,0.0003584229390680999
8,22,4.0,4.0,Global on,Global on,1.0,93.0,0.010752688172043012,1.0,0.041666666666666664,ITI,CS-,4.0,4.0,Global on,Global on,1.0,90.0,0.011111111111111112,1.0,0.041666666666666664,ITI,ITI,4.0,4.0,Global on,Global on,0.0,-0.0003584229390680999,0.0,0.0,0.0003584229390680999
1,11,1.0,1.0,Global off,Global off,4.0,408.0,0.00980392156862745,3.0,0.125,ITI,CS-,1.0,1.0,Global off,Global off,4.0,421.0,0.009501187648456057,3.0,0.125,ITI,CS+,1.0,1.0,Global off,Global off,0.0,0.0003027339201713934,0.0,0.0,0.0003027339201713934
30,21,4.0,1.0,Global on,Global off,2.0,120.0,0.016666666666666666,2.0,0.08333333333333333,ITI,CS-,4.0,1.0,Global on,Global off,2.0,118.0,0.01694915254237288,2.0,0.08333333333333333,ITI,ITI,4.0,1.0,Global on,Global off,0.0,-0.00028248587570621486,0.0,0.0,0.00028248587570621486
13,9,2.0,1.0,Threat-like,Global off,8.0,205.0,0.03902439024390244,6.0,0.25,ITI,ITI,2.0,1.0,Threat-like,Global off,10.0,258.0,0.03875968992248062,8.0,0.3333333333333333,ITI,ITI,2.0,1.0,Threat-like,Global off,-2.0,0.0002647003214218194,-2.0,-0.08333333333333331,0.0002647003214218194
2,22,1.0,4.0,Global off,Global on,1.0,229.0,0.004366812227074236,1.0,0.041666666666666664,CS-,ITI,1.0,4.0,Global off,Global on,1.0,218.0,0.0045871559633027525,1.0,0.041666666666666664,ITI,CS-,1.0,4.0,Global off,Global on,0.0,-0.00022034373622851697,0.0,0.0,0.00022034373622851697
2,26,1.0,4.0,Global off,Global on,1.0,229.0,0.004366812227074236,1.0,0.041666666666666664,ITI,ITI,1.0,4.0,Global off,Global on,1.0,218.0,0.0045871559633027525,1.0,0.041666666666666664,ITI,ITI,1.0,4.0,Global off,Global on,0.0,-0.00022034373622851697,0.0,0.0,0.00022034373622851697
30,22,4.0,4.0,Global on,Global on,1.0,120.0,0.008333333333333333,1.0,0.041666666666666664,ITI,CS-,4.0,4.0,Global on,Global on,1.0,118.0,0.00847457627118644,1.0,0.041666666666666664,ITI,ITI,4.0,4.0,Global on,Global on,0.0,-0.00014124293785310743,0.0,0.0,0.00014124293785310743
30,5,4.0,1.0,Global on,Global off,1.0,120.0,0.008333333333333333,1.0,0.041666666666666664,CS-,CS-,4.0,1.0,Global on,Global off,1.0,118.0,0.00847457627118644,1.0,0.041666666666666664,ITI,ITI,4.0,1.0,Global on,Global off,0.0,-0.00014124293785310743,0.0,0.0,0.00014124293785310743
30,8,4.0,4.0,Global on,Global on,1.0,120.0,0.008333333333333333,1.0,0.041666666666666664,CS-,CS-,4.0,4.0,Global on,Global on,1.0,118.0,0.00847457627118644,1.0,0.041666666666666664,ITI,ITI,4.0,4.0,Global on,Global on,0.0,-0.00014124293785310743,0.0,0.0,0.00014124293785310743
14,25,2.0,1.0,Threat-like,Global off,3.0,124.0,0.024193548387096774,3.0,0.125,CS-,CS+,2.0,1.0,Threat-like,Global off,4.0,166.0,0.024096385542168676,4.0,0.16666666666666666,CS-,ITI,2.0,1.0,Threat-like,Global off,-1.0,9.716284492809757e-05,-1.0,-0.04166666666666666,9.716284492809757e-05
31,18,4.0,3.0,Global on,Safety-like,2.0,220.0,0.00909090909090909,2.0,0.08333333333333333,CS-,CS-,4.0,3.0,Global on,Safety-like,2.0,221.0,0.00904977375565611,2.0,0.08333333333333333,CS-,CS-,4.0,3.0,Global on,Safety-like,0.0,4.113533525298106e-05,0.0,0.0,4.113533525298106e-05
31,22,4.0,4.0,Global on,Global on,2.0,220.0,0.00909090909090909,2.0,0.08333333333333333,ITI,CS-,4.0,4.0,Global on,Global on,2.0,221.0,0.00904977375565611,2.0,0.08333333333333333,CS+,CS+,4.0,4.0,Global on,Global on,0.0,4.113533525298106e-05,0.0,0.0,4.113533525298106e-05
29,6,2.0,1.0,Threat-like,Global off,2.0,196.0,0.01020408163265306,2.0,0.08333333333333333,CS+,CS+,2.0,1.0,Threat-like,Global off,2.0,196.0,0.01020408163265306,2.0,0.08333333333333333,CS+,CS+,2.0,1.0,Threat-like,Global off,0.0,0.0,0.0,0.0,0.0
5,19,1.0,3.0,Global off,Safety-like,2.0,148.0,0.013513513513513514,2.0,0.08333333333333333,ITI,ITI,1.0,3.0,Global off,Safety-like,2.0,148.0,0.013513513513513514,2.0,0.08333333333333333,ITI,ITI,1.0,3.0,Global off,Safety-like,0.0,0.0,0.0,0.0,0.0
5,13,1.0,2.0,Global off,Threat-like,8.0,148.0,0.05405405405405406,8.0,0.3333333333333333,CS+,CS+,1.0,2.0,Global off,Threat-like,8.0,148.0,0.05405405405405406,7.0,0.2916666666666667,CS+,ITI,1.0,2.0,Global off,Threat-like,0.0,0.0,1.0,0.04166666666666663,0.0
5,6,1.0,1.0,Global off,Global off,4.0,148.0,0.02702702702702703,4.0,0.16666666666666666,CS+,ITI,1.0,1.0,Global off,Global off,4.0,148.0,0.02702702702702703,4.0,0.16666666666666666,CS+,ITI,1.0,1.0,Global off,Global off,0.0,0.0,0.0,0.0,0.0
