subset,clinical_variable,feature,n,spearman_rho,p_value,correction_method,p_corrected,reject_corrected,file_name,path,rank_in_file,sort_col,sort_value,formula,term,beta,t,r_squared,adj_r_squared,analysis,test,n_group1,n_group2,group1,group2,mean_group1,mean_group2,median_group1,median_group2,delta_mean_group1_minus_group2,statistic,cohen_d_group1_minus_group2,cliffs_delta_group1_minus_group2,task_scope,task,clinical_scope,matched_pattern,family,feature_task_scope,hypothesis,source,p_bonferroni,reject_bonferroni,p_holm,reject_holm,n_tests_in_scope,result_type,manuscript_note
PTSD,SAI_pre,event_trial_type_hrf4__ITI_freq_B3,24.0,0.6838110732562869,0.0002294910179779,holm,0.0176708083843027,True,clinical_spearman_confirmatory.csv,/mnt/d/Thesis Masters/thesis-runs/ELA_run_5ROI/_merged_fit_runs_ela_5ROI/merge_acquisition_ela_5ROI/ELA_features/confirmatory_analysis/clinical_spearman_confirmatory.csv,1,p_value,0.0002294910179779,,,,,,,,,,,,,,,,,,,,,,,,,,,,,,,,,,,
PTSD,SAI_pre,event_trial_type_onset__ITI_freq_B2,24.0,0.655189001799214,0.0005111795066445,holm,0.0388496425049855,True,clinical_spearman_confirmatory.csv,/mnt/d/Thesis Masters/thesis-runs/ELA_run_5ROI/_merged_fit_runs_ela_5ROI/merge_acquisition_ela_5ROI/ELA_features/confirmatory_analysis/clinical_spearman_confirmatory.csv,2,p_value,0.0005111795066445,,,,,,,,,,,,,,,,,,,,,,,,,,,,,,,,,,,
PTSD,SAI_pre,event_trial_type_onset__CSplus_freq_B3,24.0,0.6176998107448346,0.0012989159564207,holm,0.0974186967315592,False,clinical_spearman_confirmatory.csv,/mnt/d/Thesis Masters/thesis-runs/ELA_run_5ROI/_merged_fit_runs_ela_5ROI/merge_acquisition_ela_5ROI/ELA_features/confirmatory_analysis/clinical_spearman_confirmatory.csv,3,p_value,0.0012989159564207,,,,,,,,,,,,,,,,,,,,,,,,,,,,,,,,,,,
PTSD,SAI_pre,event_trial_type_hrf6__ITI_freq_B3,24.0,0.5935950807999125,0.0022295734820541,holm,0.1649884376720057,False,clinical_spearman_confirmatory.csv,/mnt/d/Thesis Masters/thesis-runs/ELA_run_5ROI/_merged_fit_runs_ela_5ROI/merge_acquisition_ela_5ROI/ELA_features/confirmatory_analysis/clinical_spearman_confirmatory.csv,4,p_value,0.0022295734820541,,,,,,,,,,,,,,,,,,,,,,,,,,,,,,,,,,,
PTSD,SAI_pre,within_major_rate_including_stay,24.0,-0.5696246480216488,0.0036659630994045,holm,0.2676153062565295,False,clinical_spearman_confirmatory.csv,/mnt/d/Thesis Masters/thesis-runs/ELA_run_5ROI/_merged_fit_runs_ela_5ROI/merge_acquisition_ela_5ROI/ELA_features/confirmatory_analysis/clinical_spearman_confirmatory.csv,5,p_value,0.0036659630994045,,,,,,,,,,,,,,,,,,,,,,,,,,,,,,,,,,,
PTSD,SAI_pre,event_trial_type_hrf2__CSminus_freq_B2,24.0,0.5674455177690795,0.0038284871612226,holm,0.2756510756080335,False,clinical_spearman_confirmatory.csv,/mnt/d/Thesis Masters/thesis-runs/ELA_run_5ROI/_merged_fit_runs_ela_5ROI/merge_acquisition_ela_5ROI/ELA_features/confirmatory_analysis/clinical_spearman_confirmatory.csv,6,p_value,0.0038284871612226,,,,,,,,,,,,,,,,,,,,,,,,,,,,,,,,,,,
PTSD,SAI_pre,dyn_Frequency_of_B4,24.0,-0.5596006488598294,0.004464843051603,holm,0.31700385666382,False,clinical_spearman_confirmatory.csv,/mnt/d/Thesis Masters/thesis-runs/ELA_run_5ROI/_merged_fit_runs_ela_5ROI/merge_acquisition_ela_5ROI/ELA_features/confirmatory_analysis/clinical_spearman_confirmatory.csv,7,p_value,0.004464843051603,,,,,,,,,,,,,,,,,,,,,,,,,,,,,,,,,,,
PTSD,SAI_pre,event_trial_type_hrf6__ITI_freq_B4,24.0,-0.5596006488598294,0.004464843051603,holm,0.31700385666382,False,clinical_spearman_confirmatory.csv,/mnt/d/Thesis Masters/thesis-runs/ELA_run_5ROI/_merged_fit_runs_ela_5ROI/merge_acquisition_ela_5ROI/ELA_features/confirmatory_analysis/clinical_spearman_confirmatory.csv,8,p_value,0.004464843051603,,,,,,,,,,,,,,,,,,,,,,,,,,,,,,,,,,,
PTSD,SAI_pre,obs_freq_B4,24.0,-0.5596006488598294,0.004464843051603,holm,0.31700385666382,False,clinical_spearman_confirmatory.csv,/mnt/d/Thesis Masters/thesis-runs/ELA_run_5ROI/_merged_fit_runs_ela_5ROI/merge_acquisition_ela_5ROI/ELA_features/confirmatory_analysis/clinical_spearman_confirmatory.csv,9,p_value,0.004464843051603,,,,,,,,,,,,,,,,,,,,,,,,,,,,,,,,,,,
all,PCL,major_basin_transition_rate_TR_A_to_Aprime,23.0,0.5679637769529656,0.0046964638666545,holm,0.361627717732399,False,clinical_spearman_confirmatory.csv,/mnt/d/Thesis Masters/thesis-runs/ELA_run_5ROI/_merged_fit_runs_ela_5ROI/merge_acquisition_ela_5ROI/ELA_features/confirmatory_analysis/clinical_spearman_confirmatory.csv,10,p_value,0.0046964638666545,,,,,,,,,,,,,,,,,,,,,,,,,,,,,,,,,,,
PTSD,PCL,major_basin_transition_rate_TR_A_to_Aprime,23.0,0.5679637769529656,0.0046964638666545,holm,0.361627717732399,False,clinical_spearman_confirmatory.csv,/mnt/d/Thesis Masters/thesis-runs/ELA_run_5ROI/_merged_fit_runs_ela_5ROI/merge_acquisition_ela_5ROI/ELA_features/confirmatory_analysis/clinical_spearman_confirmatory.csv,11,p_value,0.0046964638666545,,,,,,,,,,,,,,,,,,,,,,,,,,,,,,,,,,,
PTSD,SAI_pre,event_trial_type_hrf4__CSminus_freq_B2,23.0,0.5665436034652631,0.0048247768241596,holm,0.3280848240428562,False,clinical_spearman_confirmatory.csv,/mnt/d/Thesis Masters/thesis-runs/ELA_run_5ROI/_merged_fit_runs_ela_5ROI/merge_acquisition_ela_5ROI/ELA_features/confirmatory_analysis/clinical_spearman_confirmatory.csv,12,p_value,0.0048247768241596,,,,,,,,,,,,,,,,,,,,,,,,,,,,,,,,,,,
PTSD,SAI_pre,dyn_Frequency_of_B2,24.0,0.5475165577244264,0.0056179839322079,holm,0.3764049234579317,False,clinical_spearman_confirmatory.csv,/mnt/d/Thesis Masters/thesis-runs/ELA_run_5ROI/_merged_fit_runs_ela_5ROI/merge_acquisition_ela_5ROI/ELA_features/confirmatory_analysis/clinical_spearman_confirmatory.csv,13,p_value,0.0056179839322079,,,,,,,,,,,,,,,,,,,,,,,,,,,,,,,,,,,
PTSD,SAI_pre,obs_freq_B2,24.0,0.5475165577244264,0.0056179839322079,holm,0.3764049234579317,False,clinical_spearman_confirmatory.csv,/mnt/d/Thesis Masters/thesis-runs/ELA_run_5ROI/_merged_fit_runs_ela_5ROI/merge_acquisition_ela_5ROI/ELA_features/confirmatory_analysis/clinical_spearman_confirmatory.csv,14,p_value,0.0056179839322079,,,,,,,,,,,,,,,,,,,,,,,,,,,,,,,,,,,
PTSD,SAI_pre,basin_entropy,24.0,0.5251703908692325,0.0084095988979237,holm,0.5466239283650433,False,clinical_spearman_confirmatory.csv,/mnt/d/Thesis Masters/thesis-runs/ELA_run_5ROI/_merged_fit_runs_ela_5ROI/merge_acquisition_ela_5ROI/ELA_features/confirmatory_analysis/clinical_spearman_confirmatory.csv,15,p_value,0.0084095988979237,,,,,,,,,,,,,,,,,,,,,,,,,,,,,,,,,,,
PTSD,SAI_pre,obs_freq_B3,24.0,0.5247345648187186,0.0084737885976715,holm,0.5466239283650433,False,clinical_spearman_confirmatory.csv,/mnt/d/Thesis Masters/thesis-runs/ELA_run_5ROI/_merged_fit_runs_ela_5ROI/merge_acquisition_ela_5ROI/ELA_features/confirmatory_analysis/clinical_spearman_confirmatory.csv,16,p_value,0.0084737885976715,,,,,,,,,,,,,,,,,,,,,,,,,,,,,,,,,,,
PTSD,SAI_pre,dyn_Frequency_of_B3,24.0,0.5247345648187186,0.0084737885976715,holm,0.5466239283650433,False,clinical_spearman_confirmatory.csv,/mnt/d/Thesis Masters/thesis-runs/ELA_run_5ROI/_merged_fit_runs_ela_5ROI/merge_acquisition_ela_5ROI/ELA_features/confirmatory_analysis/clinical_spearman_confirmatory.csv,17,p_value,0.0084737885976715,,,,,,,,,,,,,,,,,,,,,,,,,,,,,,,,,,,
all,PCL,event_trial_type_onset__CSminus_freq_B3,23.0,-0.5319475521389281,0.0089858262517531,holm,0.6829227951332374,False,clinical_spearman_confirmatory.csv,/mnt/d/Thesis Masters/thesis-runs/ELA_run_5ROI/_merged_fit_runs_ela_5ROI/merge_acquisition_ela_5ROI/ELA_features/confirmatory_analysis/clinical_spearman_confirmatory.csv,18,p_value,0.0089858262517531,,,,,,,,,,,,,,,,,,,,,,,,,,,,,,,,,,,
PTSD,PCL,event_trial_type_onset__CSminus_freq_B3,23.0,-0.5319475521389281,0.0089858262517531,holm,0.6829227951332374,False,clinical_spearman_confirmatory.csv,/mnt/d/Thesis Masters/thesis-runs/ELA_run_5ROI/_merged_fit_runs_ela_5ROI/merge_acquisition_ela_5ROI/ELA_features/confirmatory_analysis/clinical_spearman_confirmatory.csv,19,p_value,0.0089858262517531,,,,,,,,,,,,,,,,,,,,,,,,,,,,,,,,,,,
PTSD,SAI_pre,peripheral_to_major_rate,24.0,0.5210387182061662,0.0090346592079517,holm,0.5601488708930084,False,clinical_spearman_confirmatory.csv,/mnt/d/Thesis Masters/thesis-runs/ELA_run_5ROI/_merged_fit_runs_ela_5ROI/merge_acquisition_ela_5ROI/ELA_features/confirmatory_analysis/clinical_spearman_confirmatory.csv,20,p_value,0.0090346592079517,,,,,,,,,,,,,,,,,,,,,,,,,,,,,,,,,,,
,,dyn_Direct_transitions_from_B4_to_B3,48.0,,0.0005766821375421,holm,0.0444045245907478,True,covariate_models_confirmatory.csv,/mnt/d/Thesis Masters/thesis-runs/ELA_run_5ROI/_merged_fit_runs_ela_5ROI/merge_acquisition_ela_5ROI/ELA_features/confirmatory_analysis/covariate_models_confirmatory.csv,1,p_value,0.0005766821375421,dyn_Direct_transitions_from_B4_to_B3 ~ C(group) + age + C(sex),C(group)[T.PTSD],-0.0201231320964213,-3.711104768806157,0.2493221121362357,0.1981395288727974,,,,,,,,,,,,,,,,,,,,,,,,,,,,,
,,event_trial_type_hrf2__ITI_freq_B3,48.0,,0.0014458615781199,holm,0.1098854799371182,False,covariate_models_confirmatory.csv,/mnt/d/Thesis Masters/thesis-runs/ELA_run_5ROI/_merged_fit_runs_ela_5ROI/merge_acquisition_ela_5ROI/ELA_features/confirmatory_analysis/covariate_models_confirmatory.csv,2,p_value,0.0014458615781199,event_trial_type_hrf2__ITI_freq_B3 ~ C(group) + age + C(sex),C(group)[T.PTSD],-0.0426442672498722,-3.399251758863955,0.2152819381403105,0.1617784339226043,,,,,,,,,,,,,,,,,,,,,,,,,,,,,
,,event_trial_type_hrf4__CSplus_staying_rate_major_SR_A_to_A,48.0,,0.0033327240638129,holm,0.249954304785971,False,covariate_models_confirmatory.csv,/mnt/d/Thesis Masters/thesis-runs/ELA_run_5ROI/_merged_fit_runs_ela_5ROI/merge_acquisition_ela_5ROI/ELA_features/confirmatory_analysis/covariate_models_confirmatory.csv,3,p_value,0.0033327240638129,event_trial_type_hrf4__CSplus_staying_rate_major_SR_A_to_A ~ C(group) + age + C(sex),C(group)[T.PTSD],0.1075472033347608,3.104028988089141,0.1836215443604115,0.1279593769304396,,,,,,,,,,,,,,,,,,,,,,,,,,,,,
,,event_trial_type_hrf4__CSplus_major_to_peripheral_rate,48.0,,0.0037877326517198,holm,0.2802922162272704,False,covariate_models_confirmatory.csv,/mnt/d/Thesis Masters/thesis-runs/ELA_run_5ROI/_merged_fit_runs_ela_5ROI/merge_acquisition_ela_5ROI/ELA_features/confirmatory_analysis/covariate_models_confirmatory.csv,4,p_value,0.0037877326517198,event_trial_type_hrf4__CSplus_major_to_peripheral_rate ~ C(group) + age + C(sex),C(group)[T.PTSD],-0.067661787756903,-3.0575774165928804,0.1841295134256397,0.1285019802501152,,,,,,,,,,,,,,,,,,,,,,,,,,,,,
,,dyn_Direct_transitions_from_B2_to_B1,48.0,,0.0118991649448635,holm,0.8686390409750357,False,covariate_models_confirmatory.csv,/mnt/d/Thesis Masters/thesis-runs/ELA_run_5ROI/_merged_fit_runs_ela_5ROI/merge_acquisition_ela_5ROI/ELA_features/confirmatory_analysis/covariate_models_confirmatory.csv,5,p_value,0.0118991649448635,dyn_Direct_transitions_from_B2_to_B1 ~ C(group) + age + C(sex),C(group)[T.PTSD],-0.0158792893351934,-2.6240547594145958,0.1458047462426338,0.087564160759177,,,,,,,,,,,,,,,,,,,,,,,,,,,,,
,,dyn_Transitions_from_B4_to_B3,48.0,,0.0148332191829133,holm,1.0,False,covariate_models_confirmatory.csv,/mnt/d/Thesis Masters/thesis-runs/ELA_run_5ROI/_merged_fit_runs_ela_5ROI/merge_acquisition_ela_5ROI/ELA_features/confirmatory_analysis/covariate_models_confirmatory.csv,6,p_value,0.0148332191829133,dyn_Transitions_from_B4_to_B3 ~ C(group) + age + C(sex),C(group)[T.PTSD],-0.019247106953008,-2.536144605546221,0.1391046321226897,0.0804072206765095,,,,,,,,,,,,,,,,,,,,,,,,,,,,,
,,dyn_Frequency_of_B2,48.0,,0.0151416226567003,holm,1.0,False,covariate_models_confirmatory.csv,/mnt/d/Thesis Masters/thesis-runs/ELA_run_5ROI/_merged_fit_runs_ela_5ROI/merge_acquisition_ela_5ROI/ELA_features/confirmatory_analysis/covariate_models_confirmatory.csv,7,p_value,0.0151416226567003,dyn_Frequency_of_B2 ~ C(group) + age + C(sex),C(group)[T.PTSD],-0.0325349152674197,-2.527850347810517,0.1613823143256662,0.1042038357569616,,,,,,,,,,,,,,,,,,,,,,,,,,,,,
,,obs_freq_B2,48.0,,0.0151416677726272,holm,1.0,False,covariate_models_confirmatory.csv,/mnt/d/Thesis Masters/thesis-runs/ELA_run_5ROI/_merged_fit_runs_ela_5ROI/merge_acquisition_ela_5ROI/ELA_features/confirmatory_analysis/covariate_models_confirmatory.csv,8,p_value,0.0151416677726272,obs_freq_B2 ~ C(group) + age + C(sex),C(group)[T.PTSD],-0.0325349044537425,-2.5278491457543666,0.161382526878462,0.1042040628019935,,,,,,,,,,,,,,,,,,,,,,,,,,,,,
,,event_trial_type_hrf2__CSminus_freq_B2,48.0,,0.0176580108861943,holm,1.0,False,covariate_models_confirmatory.csv,/mnt/d/Thesis Masters/thesis-runs/ELA_run_5ROI/_merged_fit_runs_ela_5ROI/merge_acquisition_ela_5ROI/ELA_features/confirmatory_analysis/covariate_models_confirmatory.csv,9,p_value,0.0176580108861943,event_trial_type_hrf2__CSminus_freq_B2 ~ C(group) + age + C(sex),C(group)[T.PTSD],-0.0453908108316335,-2.465391772828818,0.1640188576016261,0.1070201433471916,,,,,,,,,,,,,,,,,,,,,,,,,,,,,
,,event_trial_type_onset__ITI_freq_B3,48.0,,0.0179736918139236,holm,1.0,False,covariate_models_confirmatory.csv,/mnt/d/Thesis Masters/thesis-runs/ELA_run_5ROI/_merged_fit_runs_ela_5ROI/merge_acquisition_ela_5ROI/ELA_features/confirmatory_analysis/covariate_models_confirmatory.csv,10,p_value,0.0179736918139236,event_trial_type_onset__ITI_freq_B3 ~ C(group) + age + C(sex),C(group)[T.PTSD],-0.0327004400899358,-2.458135971952611,0.1224648846063302,0.0626329449203982,,,,,,,,,,,,,,,,,,,,,,,,,,,,,
,,event_trial_type_onset__ITI_freq_B1,48.0,,0.0186880962232181,holm,1.0,False,covariate_models_confirmatory.csv,/mnt/d/Thesis Masters/thesis-runs/ELA_run_5ROI/_merged_fit_runs_ela_5ROI/merge_acquisition_ela_5ROI/ELA_features/confirmatory_analysis/covariate_models_confirmatory.csv,11,p_value,0.0186880962232181,event_trial_type_onset__ITI_freq_B1 ~ C(group) + age + C(sex),C(group)[T.PTSD],0.0543670333351076,2.4421326865455786,0.1415849608114291,0.0830566626849357,,,,,,,,,,,,,,,,,,,,,,,,,,,,,
,,dyn_Transitions_from_B3_to_B4,48.0,,0.0197944447570761,holm,1.0,False,covariate_models_confirmatory.csv,/mnt/d/Thesis Masters/thesis-runs/ELA_run_5ROI/_merged_fit_runs_ela_5ROI/merge_acquisition_ela_5ROI/ELA_features/confirmatory_analysis/covariate_models_confirmatory.csv,12,p_value,0.0197944447570761,dyn_Transitions_from_B3_to_B4 ~ C(group) + age + C(sex),C(group)[T.PTSD],-0.0181055259843958,-2.4184095590914025,0.1304766714218943,0.0711909899279326,,,,,,,,,,,,,,,,,,,,,,,,,,,,,
,,event_trial_type_hrf6__CSplus_freq_B2,48.0,,0.0201896121516935,holm,1.0,False,covariate_models_confirmatory.csv,/mnt/d/Thesis Masters/thesis-runs/ELA_run_5ROI/_merged_fit_runs_ela_5ROI/merge_acquisition_ela_5ROI/ELA_features/confirmatory_analysis/covariate_models_confirmatory.csv,13,p_value,0.0201896121516935,event_trial_type_hrf6__CSplus_freq_B2 ~ C(group) + age + C(sex),C(group)[T.PTSD],-0.085214787301027,-2.410225789973896,0.1339748374993948,0.0749276673288991,,,,,,,,,,,,,,,,,,,,,,,,,,,,,
,,dyn_Frequency_of_B4,48.0,,0.023752751524735,holm,1.0,False,covariate_models_confirmatory.csv,/mnt/d/Thesis Masters/thesis-runs/ELA_run_5ROI/_merged_fit_runs_ela_5ROI/merge_acquisition_ela_5ROI/ELA_features/confirmatory_analysis/covariate_models_confirmatory.csv,14,p_value,0.023752751524735,dyn_Frequency_of_B4 ~ C(group) + age + C(sex),C(group)[T.PTSD],0.0318756054490145,2.342324671938498,0.1608709712982344,0.103657628432205,,,,,,,,,,,,,,,,,,,,,,,,,,,,,
,,obs_freq_B4,48.0,,0.0237531206653671,holm,1.0,False,covariate_models_confirmatory.csv,/mnt/d/Thesis Masters/thesis-runs/ELA_run_5ROI/_merged_fit_runs_ela_5ROI/merge_acquisition_ela_5ROI/ELA_features/confirmatory_analysis/covariate_models_confirmatory.csv,15,p_value,0.0237531206653671,obs_freq_B4 ~ C(group) + age + C(sex),C(group)[T.PTSD],0.0318755461426887,2.3423181258850443,0.1608709141973491,0.1036575674380775,,,,,,,,,,,,,,,,,,,,,,,,,,,,,
,,within_major_rate_including_stay,48.0,,0.0246521586757806,holm,1.0,False,covariate_models_confirmatory.csv,/mnt/d/Thesis Masters/thesis-runs/ELA_run_5ROI/_merged_fit_runs_ela_5ROI/merge_acquisition_ela_5ROI/ELA_features/confirmatory_analysis/covariate_models_confirmatory.csv,16,p_value,0.0246521586757806,within_major_rate_including_stay ~ C(group) + age + C(sex),C(group)[T.PTSD],0.0918502423299614,2.326639654525815,0.1499417104066233,0.0919831906616204,,,,,,,,,,,,,,,,,,,,,,,,,,,,,
,,event_trial_type_hrf2__ITI_freq_B4,48.0,,0.0252788125674115,holm,1.0,False,covariate_models_confirmatory.csv,/mnt/d/Thesis Masters/thesis-runs/ELA_run_5ROI/_merged_fit_runs_ela_5ROI/merge_acquisition_ela_5ROI/ELA_features/confirmatory_analysis/covariate_models_confirmatory.csv,17,p_value,0.0252788125674115,event_trial_type_hrf2__ITI_freq_B4 ~ C(group) + age + C(sex),C(group)[T.PTSD],0.0520649541908661,2.3160115975251414,0.1257178057984954,0.0661076561938475,,,,,,,,,,,,,,,,,,,,,,,,,,,,,
,,staying_rate_major_SR_A_to_A,48.0,,0.0255211356387689,holm,1.0,False,covariate_models_confirmatory.csv,/mnt/d/Thesis Masters/thesis-runs/ELA_run_5ROI/_merged_fit_runs_ela_5ROI/merge_acquisition_ela_5ROI/ELA_features/confirmatory_analysis/covariate_models_confirmatory.csv,18,p_value,0.0255211356387689,staying_rate_major_SR_A_to_A ~ C(group) + age + C(sex),C(group)[T.PTSD],0.0765268629586267,2.3119649439576917,0.1368796798863971,0.0780305671513788,,,,,,,,,,,,,,,,,,,,,,,,,,,,,
,,traveling_score_TR_AA_over_TR_PP,43.0,,0.0298800670671232,holm,1.0,False,covariate_models_confirmatory.csv,/mnt/d/Thesis Masters/thesis-runs/ELA_run_5ROI/_merged_fit_runs_ela_5ROI/merge_acquisition_ela_5ROI/ELA_features/confirmatory_analysis/covariate_models_confirmatory.csv,19,p_value,0.0298800670671232,traveling_score_TR_AA_over_TR_PP ~ C(group) + age + C(sex),C(group)[T.PTSD],10.900372329239651,2.2541504535745074,0.119347659647669,0.0516051719282589,,,,,,,,,,,,,,,,,,,,,,,,,,,,,
,,basin_entropy,48.0,,0.0299902273722664,holm,1.0,False,covariate_models_confirmatory.csv,/mnt/d/Thesis Masters/thesis-runs/ELA_run_5ROI/_merged_fit_runs_ela_5ROI/merge_acquisition_ela_5ROI/ELA_features/confirmatory_analysis/covariate_models_confirmatory.csv,20,p_value,0.0299902273722664,basin_entropy ~ C(group) + age + C(sex),C(group)[T.PTSD],-0.0593478622332358,-2.242890506681176,0.1423672680202701,0.0838923090216522,,,,,,,,,,,,,,,,,,,,,,,,,,,,,
,,event_trial_type_hrf4__CSplus_staying_rate_major_SR_A_to_A,,,0.0153898670630786,holm,1.0,False,group_tests_confirmatory.csv,/mnt/d/Thesis Masters/thesis-runs/ELA_run_5ROI/_merged_fit_runs_ela_5ROI/merge_acquisition_ela_5ROI/ELA_features/confirmatory_analysis/group_tests_confirmatory.csv,1,p_value,0.0153898670630786,,,,,,,group_overall,mannwhitney_u,24.0,24.0,HC,PTSD,0.2840612239301889,0.362195899774806,0.2705882352941176,0.3603896103896103,-0.0781346758446171,170.0,-0.8034232042237216,-0.4097222222222222,,,,,,,,,,,,,,,
,,dyn_Direct_transitions_from_B4_to_B3,,,0.0182281778589312,holm,1.0,False,group_tests_confirmatory.csv,/mnt/d/Thesis Masters/thesis-runs/ELA_run_5ROI/_merged_fit_runs_ela_5ROI/merge_acquisition_ela_5ROI/ELA_features/confirmatory_analysis/group_tests_confirmatory.csv,2,p_value,0.0182281778589312,,,,,,,group_overall,mannwhitney_u,24.0,24.0,HC,PTSD,0.0527582916666666,0.040838875,0.0523914999999999,0.0403035,0.0119194166666666,403.0,0.743099041504781,0.3993055555555556,,,,,,,,,,,,,,,
,,dyn_Direct_transitions_from_B2_to_B1,,,0.02091786083124,holm,1.0,False,group_tests_confirmatory.csv,/mnt/d/Thesis Masters/thesis-runs/ELA_run_5ROI/_merged_fit_runs_ela_5ROI/merge_acquisition_ela_5ROI/ELA_features/confirmatory_analysis/group_tests_confirmatory.csv,3,p_value,0.02091786083124,,,,,,,group_overall,mannwhitney_u,24.0,24.0,HC,PTSD,0.0487280416666666,0.0368736666666666,0.0451985,0.0362055,0.011854375,400.5,0.7015593306305612,0.390625,,,,,,,,,,,,,,,
,,event_trial_type_hrf4__CSplus_major_to_peripheral_rate,,,0.022683776007021,holm,1.0,False,group_tests_confirmatory.csv,/mnt/d/Thesis Masters/thesis-runs/ELA_run_5ROI/_merged_fit_runs_ela_5ROI/merge_acquisition_ela_5ROI/ELA_features/confirmatory_analysis/group_tests_confirmatory.csv,4,p_value,0.022683776007021,,,,,,,group_overall,mannwhitney_u,24.0,24.0,HC,PTSD,0.2264342771709599,0.1823038373419994,0.2319327731092436,0.1762749445676274,0.0441304398289605,399.0,0.6975338282422797,0.3854166666666667,,,,,,,,,,,,,,,
,,event_trial_type_hrf6__CSplus_freq_B2,,,0.0259241827958386,holm,1.0,False,group_tests_confirmatory.csv,/mnt/d/Thesis Masters/thesis-runs/ELA_run_5ROI/_merged_fit_runs_ela_5ROI/merge_acquisition_ela_5ROI/ELA_features/confirmatory_analysis/group_tests_confirmatory.csv,5,p_value,0.0259241827958386,,,,,,,group_overall,mannwhitney_u,24.0,24.0,HC,PTSD,0.2951762042164224,0.234540770584741,0.2886752136752136,0.2445927289461573,0.0606354336316813,396.5,0.6097785876267566,0.3767361111111111,,,,,,,,,,,,,,,
,,dyn_Transitions_from_B4_to_B3,,,0.0412109855466994,holm,1.0,False,group_tests_confirmatory.csv,/mnt/d/Thesis Masters/thesis-runs/ELA_run_5ROI/_merged_fit_runs_ela_5ROI/merge_acquisition_ela_5ROI/ELA_features/confirmatory_analysis/group_tests_confirmatory.csv,6,p_value,0.0412109855466994,,,,,,,group_overall,mannwhitney_u,24.0,24.0,HC,PTSD,0.0936136666666666,0.0811261666666666,0.094494,0.0873865,0.0124874999999999,387.5,0.580918394146844,0.3454861111111111,,,,,,,,,,,,,,,
,,event_trial_type_hrf6__CSplus_freq_B4,,,0.0525738120004425,holm,1.0,False,group_tests_confirmatory.csv,/mnt/d/Thesis Masters/thesis-runs/ELA_run_5ROI/_merged_fit_runs_ela_5ROI/merge_acquisition_ela_5ROI/ELA_features/confirmatory_analysis/group_tests_confirmatory.csv,7,p_value,0.0525738120004425,,,,,,,group_overall,mannwhitney_u,24.0,24.0,HC,PTSD,0.3661755462097791,0.439549716431034,0.3504545454545454,0.4010043041606886,-0.0733741702212549,193.5,-0.6619593804836856,-0.328125,,,,,,,,,,,,,,,
,,event_trial_type_hrf2__ITI_freq_B3,,,0.0551384277517569,holm,1.0,False,group_tests_confirmatory.csv,/mnt/d/Thesis Masters/thesis-runs/ELA_run_5ROI/_merged_fit_runs_ela_5ROI/merge_acquisition_ela_5ROI/ELA_features/confirmatory_analysis/group_tests_confirmatory.csv,8,p_value,0.0551384277517569,,,,,,,group_overall,mannwhitney_u,24.0,24.0,HC,PTSD,0.1331532730779935,0.109068117331331,0.1281155015197568,0.1042188805346699,0.0240851557466625,381.5,0.6540932823787344,0.3246527777777778,,,,,,,,,,,,,,,
,,dyn_Transitions_from_B3_to_B4,,,0.0578200841489156,holm,1.0,False,group_tests_confirmatory.csv,/mnt/d/Thesis Masters/thesis-runs/ELA_run_5ROI/_merged_fit_runs_ela_5ROI/merge_acquisition_ela_5ROI/ELA_features/confirmatory_analysis/group_tests_confirmatory.csv,9,p_value,0.0578200841489156,,,,,,,group_overall,mannwhitney_u,24.0,24.0,HC,PTSD,0.0921887916666666,0.080650875,0.095398,0.0833015,0.0115379166666666,380.5,0.5440953502235035,0.3211805555555556,,,,,,,,,,,,,,,
,,event_trial_type_hrf2__ITI_freq_B2,,,0.0778876752318887,holm,1.0,False,group_tests_confirmatory.csv,/mnt/d/Thesis Masters/thesis-runs/ELA_run_5ROI/_merged_fit_runs_ela_5ROI/merge_acquisition_ela_5ROI/ELA_features/confirmatory_analysis/group_tests_confirmatory.csv,10,p_value,0.0778876752318887,,,,,,,group_overall,mannwhitney_u,24.0,24.0,HC,PTSD,0.1685878919742424,0.1492635764362786,0.1720430107526881,0.1440092165898617,0.0193243155379637,374.0,0.3846897262790492,0.2986111111111111,,,,,,,,,,,,,,,
,,event_trial_type_hrf4__ITI_freq_B2,,,0.077895744914514,holm,1.0,False,group_tests_confirmatory.csv,/mnt/d/Thesis Masters/thesis-runs/ELA_run_5ROI/_merged_fit_runs_ela_5ROI/merge_acquisition_ela_5ROI/ELA_features/confirmatory_analysis/group_tests_confirmatory.csv,11,p_value,0.077895744914514,,,,,,,group_overall,mannwhitney_u,24.0,24.0,HC,PTSD,0.1284584326329058,0.1079957749059739,0.1434472934472934,0.1119362920544022,0.0204626577269319,374.0,0.5067542929192158,0.2986111111111111,,,,,,,,,,,,,,,
,,event_trial_type_onset__CSminus_freq_B2,,,0.0907939088033961,holm,1.0,False,group_tests_confirmatory.csv,/mnt/d/Thesis Masters/thesis-runs/ELA_run_5ROI/_merged_fit_runs_ela_5ROI/merge_acquisition_ela_5ROI/ELA_features/confirmatory_analysis/group_tests_confirmatory.csv,12,p_value,0.0907939088033961,,,,,,,group_overall,mannwhitney_u,24.0,24.0,HC,PTSD,0.1124569487957127,0.089864055322246,0.109903381642512,0.0689746300211416,0.0225928934734666,370.5,0.4122158859130178,0.2864583333333333,,,,,,,,,,,,,,,
,,event_trial_type_hrf2__ITI_freq_B4,,,0.0928597484173523,holm,1.0,False,group_tests_confirmatory.csv,/mnt/d/Thesis Masters/thesis-runs/ELA_run_5ROI/_merged_fit_runs_ela_5ROI/merge_acquisition_ela_5ROI/ELA_features/confirmatory_analysis/group_tests_confirmatory.csv,13,p_value,0.0928597484173523,,,,,,,group_overall,mannwhitney_u,24.0,24.0,HC,PTSD,0.3677938790255688,0.4012273219540126,0.3603808812546676,0.4022301871764237,-0.0334334429284437,206.0,-0.5252008300813726,-0.2847222222222222,,,,,,,,,,,,,,,
,,event_trial_type_onset__ITI_freq_B2,,,0.0990029770643843,holm,1.0,False,group_tests_confirmatory.csv,/mnt/d/Thesis Masters/thesis-runs/ELA_run_5ROI/_merged_fit_runs_ela_5ROI/merge_acquisition_ela_5ROI/ELA_features/confirmatory_analysis/group_tests_confirmatory.csv,14,p_value,0.0990029770643843,,,,,,,group_overall,mannwhitney_u,24.0,24.0,HC,PTSD,0.1763534305502091,0.1600730149417102,0.1781883827121163,0.1525478292862399,0.0162804156084988,368.5,0.3146604725544771,0.2795138888888889,,,,,,,,,,,,,,,
,,staying_rate_major_SR_A_to_A,,,0.1011586290821741,holm,1.0,False,group_tests_confirmatory.csv,/mnt/d/Thesis Masters/thesis-runs/ELA_run_5ROI/_merged_fit_runs_ela_5ROI/merge_acquisition_ela_5ROI/ELA_features/confirmatory_analysis/group_tests_confirmatory.csv,15,p_value,0.1011586290821741,,,,,,,group_overall,mannwhitney_u,24.0,24.0,HC,PTSD,0.3292711598914183,0.3723618986869142,0.3194502690990424,0.3503588935574229,-0.0430907387954958,208.0,-0.4528322239813837,-0.2777777777777778,,,,,,,,,,,,,,,
,,event_trial_type_onset__ITI_freq_B3,,,0.1195117995781082,holm,1.0,False,group_tests_confirmatory.csv,/mnt/d/Thesis Masters/thesis-runs/ELA_run_5ROI/_merged_fit_runs_ela_5ROI/merge_acquisition_ela_5ROI/ELA_features/confirmatory_analysis/group_tests_confirmatory.csv,16,p_value,0.1195117995781082,,,,,,,group_overall,mannwhitney_u,24.0,24.0,HC,PTSD,0.1143903699371025,0.0947208943327236,0.1115555555555555,0.0969510489510489,0.0196694756043789,364.0,0.5229702667869385,0.2638888888888889,,,,,,,,,,,,,,,
,,dyn_Frequency_of_B2,,,0.1244879139631111,holm,1.0,False,group_tests_confirmatory.csv,/mnt/d/Thesis Masters/thesis-runs/ELA_run_5ROI/_merged_fit_runs_ela_5ROI/merge_acquisition_ela_5ROI/ELA_features/confirmatory_analysis/group_tests_confirmatory.csv,17,p_value,0.1244879139631111,,,,,,,group_overall,mannwhitney_u,24.0,24.0,HC,PTSD,0.1448563333333333,0.1275196666666666,0.1444464999999999,0.1314275,0.0173366666666666,363.0,0.4623462574787039,0.2604166666666667,,,,,,,,,,,,,,,
,,obs_freq_B2,,,0.1244879139631111,holm,1.0,False,group_tests_confirmatory.csv,/mnt/d/Thesis Masters/thesis-runs/ELA_run_5ROI/_merged_fit_runs_ela_5ROI/merge_acquisition_ela_5ROI/ELA_features/confirmatory_analysis/group_tests_confirmatory.csv,18,p_value,0.1244879139631111,,,,,,,group_overall,mannwhitney_u,24.0,24.0,HC,PTSD,0.1448562675968201,0.1275196581190718,0.1444463674474058,0.1314274513040607,0.0173366094777482,363.0,0.4623445155393788,0.2604166666666667,,,,,,,,,,,,,,,
,,event_trial_type_hrf4__CSminus_freq_B3,,,0.1307266802467432,holm,1.0,False,group_tests_confirmatory.csv,/mnt/d/Thesis Masters/thesis-runs/ELA_run_5ROI/_merged_fit_runs_ela_5ROI/merge_acquisition_ela_5ROI/ELA_features/confirmatory_analysis/group_tests_confirmatory.csv,19,p_value,0.1307266802467432,,,,,,,group_overall,mannwhitney_u,24.0,23.0,HC,PTSD,0.1436105013087118,0.1242697364036318,0.1387362637362637,0.1153846153846153,0.0193407649050799,347.5,0.3318118158986965,0.2590579710144927,,,,,,,,,,,,,,,
,,event_trial_type_hrf6__CSminus_freq_B3,,,0.1362241112387978,holm,1.0,False,group_tests_confirmatory.csv,/mnt/d/Thesis Masters/thesis-runs/ELA_run_5ROI/_merged_fit_runs_ela_5ROI/merge_acquisition_ela_5ROI/ELA_features/confirmatory_analysis/group_tests_confirmatory.csv,20,p_value,0.1362241112387978,,,,,,,group_overall,mannwhitney_u,24.0,23.0,HC,PTSD,0.1604346519913018,0.1319995431066233,0.1579768270944741,0.1176470588235294,0.0284351088846784,346.5,0.410385849896609,0.2554347826086957,,,,,,,,,,,,,,,
PTSD,SAI_pre,basin_entropy,24.0,0.5251703908692325,0.0084095988979237,holm,0.0084095988979237,True,clinical_spearman_confirmatory.csv,/mnt/d/Thesis Masters/thesis-runs/ELA_run_5ROI/_merged_fit_runs_ela_5ROI/merge_acquisition_ela_5ROI/ELA_features/confirmatory_analysis_v3/clinical_spearman_confirmatory.csv,1,p_value,0.0084095988979237,,,,,,,,,,,,,,,,,,,,,all_tasks,all,PTSD,basin_entropy,flexibility,all,Basin repertoire/flexibility,/mnt/d/Thesis Masters/thesis-runs/codebase/ela_primary_feature_list_template.csv,0.0084095988979237,True,0.0084095988979237,True,1.0,,
PTSD,SAI_pre,peripheral_to_major_rate,24.0,0.5210387182061662,0.0090346592079517,holm,0.0271039776238552,True,clinical_spearman_confirmatory.csv,/mnt/d/Thesis Masters/thesis-runs/ELA_run_5ROI/_merged_fit_runs_ela_5ROI/merge_acquisition_ela_5ROI/ELA_features/confirmatory_analysis_v3/clinical_spearman_confirmatory.csv,2,p_value,0.0090346592079517,,,,,,,,,,,,,,,,,,,,,all_tasks,all,PTSD,peripheral_to_major_rate,major_peripheral_dynamics,all,Summary return from peripheral to major basins,/mnt/d/Thesis Masters/thesis-runs/codebase/ela_primary_feature_list_template.csv,0.0271039776238552,True,0.0271039776238552,True,3.0,,
HC,BDI,event_trial_type_hrf4__CSplus_freq_B4,23.0,0.4858519912276759,0.0187530733989045,holm,0.0187530733989045,True,clinical_spearman_confirmatory.csv,/mnt/d/Thesis Masters/thesis-runs/ELA_run_5ROI/_merged_fit_runs_ela_5ROI/merge_acquisition_ela_5ROI/ELA_features/confirmatory_analysis_v3/clinical_spearman_confirmatory.csv,3,p_value,0.0187530733989045,,,,,,,,,,,,,,,,,,,,,all_tasks,all,HC,event_trial_type_hrf4__CSplus_freq_B4,global_locking,all,CS+ all-on/global locking,/mnt/d/Thesis Masters/thesis-runs/codebase/ela_primary_feature_list_template.csv,0.0187530733989045,True,0.0187530733989045,True,1.0,,
all,BAI_pre,traveling_score_TR_AA_over_TR_PP,43.0,0.339535937941489,0.0259129131443293,holm,0.0518258262886587,False,clinical_spearman_confirmatory.csv,/mnt/d/Thesis Masters/thesis-runs/ELA_run_5ROI/_merged_fit_runs_ela_5ROI/merge_acquisition_ela_5ROI/ELA_features/confirmatory_analysis_v3/clinical_spearman_confirmatory.csv,4,p_value,0.0259129131443293,,,,,,,,,,,,,,,,,,,,,all_tasks,all,all,traveling_score_TR_AA_over_TR_PP,summary_scores,all,Generalized traveling score,/mnt/d/Thesis Masters/thesis-runs/codebase/ela_primary_feature_list_template.csv,0.0518258262886587,False,0.0518258262886587,False,2.0,,
HC,IUS,event_trial_type_hrf4__CSplus_staying_rate_major_SR_A_to_A,24.0,0.45149123187896,0.0267846881398589,holm,0.0535693762797178,False,clinical_spearman_confirmatory.csv,/mnt/d/Thesis Masters/thesis-runs/ELA_run_5ROI/_merged_fit_runs_ela_5ROI/merge_acquisition_ela_5ROI/ELA_features/confirmatory_analysis_v3/clinical_spearman_confirmatory.csv,5,p_value,0.0267846881398589,,,,,,,,,,,,,,,,,,,,,all_tasks,all,HC,event_trial_type_hrf4__CSplus_staying_rate_major_SR_A_to_A,acquisition_threat_learning,acquisition,CS+ major-basin staying during acquisition,/mnt/d/Thesis Masters/thesis-runs/codebase/ela_primary_feature_list_template.csv,0.0535693762797178,False,0.0535693762797178,False,2.0,,
PTSD,PCL,traveling_score_TR_AA_over_TR_PP,20.0,0.480030688382054,0.0321897181493063,holm,0.0643794362986126,False,clinical_spearman_confirmatory.csv,/mnt/d/Thesis Masters/thesis-runs/ELA_run_5ROI/_merged_fit_runs_ela_5ROI/merge_acquisition_ela_5ROI/ELA_features/confirmatory_analysis_v3/clinical_spearman_confirmatory.csv,6,p_value,0.0321897181493063,,,,,,,,,,,,,,,,,,,,,all_tasks,all,PTSD,traveling_score_TR_AA_over_TR_PP,summary_scores,all,Generalized traveling score,/mnt/d/Thesis Masters/thesis-runs/codebase/ela_primary_feature_list_template.csv,0.0643794362986126,False,0.0643794362986126,False,2.0,,
all,PCL,traveling_score_TR_AA_over_TR_PP,20.0,0.480030688382054,0.0321897181493063,holm,0.0643794362986126,False,clinical_spearman_confirmatory.csv,/mnt/d/Thesis Masters/thesis-runs/ELA_run_5ROI/_merged_fit_runs_ela_5ROI/merge_acquisition_ela_5ROI/ELA_features/confirmatory_analysis_v3/clinical_spearman_confirmatory.csv,7,p_value,0.0321897181493063,,,,,,,,,,,,,,,,,,,,,all_tasks,all,all,traveling_score_TR_AA_over_TR_PP,summary_scores,all,Generalized traveling score,/mnt/d/Thesis Masters/thesis-runs/codebase/ela_primary_feature_list_template.csv,0.0643794362986126,False,0.0643794362986126,False,2.0,,
HC,BAI_pre,event_trial_type_hrf4__CSplus_major_to_peripheral_rate,24.0,-0.4243033735738027,0.0387826907602563,holm,0.0775653815205127,False,clinical_spearman_confirmatory.csv,/mnt/d/Thesis Masters/thesis-runs/ELA_run_5ROI/_merged_fit_runs_ela_5ROI/merge_acquisition_ela_5ROI/ELA_features/confirmatory_analysis_v3/clinical_spearman_confirmatory.csv,8,p_value,0.0387826907602563,,,,,,,,,,,,,,,,,,,,,all_tasks,all,HC,event_trial_type_hrf4__CSplus_major_to_peripheral_rate,acquisition_threat_learning,acquisition,CS+ movement from global to peripheral basins during acquisition,/mnt/d/Thesis Masters/thesis-runs/codebase/ela_primary_feature_list_template.csv,0.0775653815205127,False,0.0775653815205127,False,2.0,,
PTSD,SAI_pre,event_trial_type_hrf4__CSplus_freq_B2,24.0,0.424150963905945,0.0388602323718177,holm,0.0777204647436355,False,clinical_spearman_confirmatory.csv,/mnt/d/Thesis Masters/thesis-runs/ELA_run_5ROI/_merged_fit_runs_ela_5ROI/merge_acquisition_ela_5ROI/ELA_features/confirmatory_analysis_v3/clinical_spearman_confirmatory.csv,9,p_value,0.0388602323718177,,,,,,,,,,,,,,,,,,,,,all_tasks,all,PTSD,event_trial_type_hrf4__CSplus_freq_B2,event_threat_safety,all,CS+ recruitment of threat-like B2,/mnt/d/Thesis Masters/thesis-runs/codebase/ela_primary_feature_list_template.csv,0.0777204647436355,False,0.0777204647436355,False,2.0,,
all,BAI_pre,event_trial_type_hrf4__CSplus_major_to_peripheral_rate,48.0,-0.297928792406652,0.039718449470438,holm,0.0794368989408761,False,clinical_spearman_confirmatory.csv,/mnt/d/Thesis Masters/thesis-runs/ELA_run_5ROI/_merged_fit_runs_ela_5ROI/merge_acquisition_ela_5ROI/ELA_features/confirmatory_analysis_v3/clinical_spearman_confirmatory.csv,10,p_value,0.039718449470438,,,,,,,,,,,,,,,,,,,,,all_tasks,all,all,event_trial_type_hrf4__CSplus_major_to_peripheral_rate,acquisition_threat_learning,acquisition,CS+ movement from global to peripheral basins during acquisition,/mnt/d/Thesis Masters/thesis-runs/codebase/ela_primary_feature_list_template.csv,0.0794368989408761,False,0.0794368989408761,False,2.0,,
PTSD,BDI,lingering_score_SR_AA_plus_SR_PP,24.0,-0.4138381592876936,0.0443980192483725,holm,0.088796038496745,False,clinical_spearman_confirmatory.csv,/mnt/d/Thesis Masters/thesis-runs/ELA_run_5ROI/_merged_fit_runs_ela_5ROI/merge_acquisition_ela_5ROI/ELA_features/confirmatory_analysis_v3/clinical_spearman_confirmatory.csv,11,p_value,0.0443980192483725,,,,,,,,,,,,,,,,,,,,,all_tasks,all,PTSD,lingering_score_SR_AA_plus_SR_PP,summary_scores,all,Generalized lingering score,/mnt/d/Thesis Masters/thesis-runs/codebase/ela_primary_feature_list_template.csv,0.088796038496745,False,0.088796038496745,False,2.0,,
PTSD,BDI,staying_rate_major_SR_A_to_A,24.0,-0.3946052613180004,0.0563618003862526,holm,0.1690854011587579,False,clinical_spearman_confirmatory.csv,/mnt/d/Thesis Masters/thesis-runs/ELA_run_5ROI/_merged_fit_runs_ela_5ROI/merge_acquisition_ela_5ROI/ELA_features/confirmatory_analysis_v3/clinical_spearman_confirmatory.csv,12,p_value,0.0563618003862526,,,,,,,,,,,,,,,,,,,,,all_tasks,all,PTSD,staying_rate_major_SR_A_to_A,major_peripheral_dynamics,all,Major-basin staying/locking,/mnt/d/Thesis Masters/thesis-runs/codebase/ela_primary_feature_list_template.csv,0.1690854011587579,False,0.1690854011587579,False,3.0,,
PTSD,IUS,event_trial_type_hrf4__CSminus_freq_B3,22.0,0.4030528296690337,0.0628958845967291,holm,0.1257917691934582,False,clinical_spearman_confirmatory.csv,/mnt/d/Thesis Masters/thesis-runs/ELA_run_5ROI/_merged_fit_runs_ela_5ROI/merge_acquisition_ela_5ROI/ELA_features/confirmatory_analysis_v3/clinical_spearman_confirmatory.csv,13,p_value,0.0628958845967291,,,,,,,,,,,,,,,,,,,,,all_tasks,all,PTSD,event_trial_type_hrf4__CSminus_freq_B3,event_threat_safety,all,CS− recruitment of safety-like B3,/mnt/d/Thesis Masters/thesis-runs/codebase/ela_primary_feature_list_template.csv,0.1257917691934582,False,0.1257917691934582,False,2.0,,
PTSD,BDI,event_trial_type_hrf4__CSplus_staying_rate_major_SR_A_to_A,24.0,-0.3829417246826186,0.0647469735572301,holm,0.1294939471144602,False,clinical_spearman_confirmatory.csv,/mnt/d/Thesis Masters/thesis-runs/ELA_run_5ROI/_merged_fit_runs_ela_5ROI/merge_acquisition_ela_5ROI/ELA_features/confirmatory_analysis_v3/clinical_spearman_confirmatory.csv,14,p_value,0.0647469735572301,,,,,,,,,,,,,,,,,,,,,all_tasks,all,PTSD,event_trial_type_hrf4__CSplus_staying_rate_major_SR_A_to_A,acquisition_threat_learning,acquisition,CS+ major-basin staying during acquisition,/mnt/d/Thesis Masters/thesis-runs/codebase/ela_primary_feature_list_template.csv,0.1294939471144602,False,0.1294939471144602,False,2.0,,
all,BDI,event_trial_type_hrf4__CSplus_freq_B4,47.0,0.2673328689235073,0.0692766328272126,holm,0.0692766328272126,False,clinical_spearman_confirmatory.csv,/mnt/d/Thesis Masters/thesis-runs/ELA_run_5ROI/_merged_fit_runs_ela_5ROI/merge_acquisition_ela_5ROI/ELA_features/confirmatory_analysis_v3/clinical_spearman_confirmatory.csv,15,p_value,0.0692766328272126,,,,,,,,,,,,,,,,,,,,,all_tasks,all,all,event_trial_type_hrf4__CSplus_freq_B4,global_locking,all,CS+ all-on/global locking,/mnt/d/Thesis Masters/thesis-runs/codebase/ela_primary_feature_list_template.csv,0.0692766328272126,False,0.0692766328272126,False,1.0,,
PTSD,BDI,peripheral_transition_rate_TR_P_to_Pprime,24.0,0.3696930198661588,0.0753972151961164,holm,0.1690854011587579,False,clinical_spearman_confirmatory.csv,/mnt/d/Thesis Masters/thesis-runs/ELA_run_5ROI/_merged_fit_runs_ela_5ROI/merge_acquisition_ela_5ROI/ELA_features/confirmatory_analysis_v3/clinical_spearman_confirmatory.csv,16,p_value,0.0753972151961164,,,,,,,,,,,,,,,,,,,,,all_tasks,all,PTSD,peripheral_transition_rate_TR_P_to_Pprime,major_peripheral_dynamics,all,Movement among peripheral threat/safety basins,/mnt/d/Thesis Masters/thesis-runs/codebase/ela_primary_feature_list_template.csv,0.2261916455883492,False,0.1690854011587579,False,3.0,,
PTSD,IUS,event_trial_type_hrf4__CSplus_staying_rate_major_SR_A_to_A,23.0,-0.3776899382592458,0.0755996572161406,holm,0.1511993144322813,False,clinical_spearman_confirmatory.csv,/mnt/d/Thesis Masters/thesis-runs/ELA_run_5ROI/_merged_fit_runs_ela_5ROI/merge_acquisition_ela_5ROI/ELA_features/confirmatory_analysis_v3/clinical_spearman_confirmatory.csv,17,p_value,0.0755996572161406,,,,,,,,,,,,,,,,,,,,,all_tasks,all,PTSD,event_trial_type_hrf4__CSplus_staying_rate_major_SR_A_to_A,acquisition_threat_learning,acquisition,CS+ major-basin staying during acquisition,/mnt/d/Thesis Masters/thesis-runs/codebase/ela_primary_feature_list_template.csv,0.1511993144322813,False,0.1511993144322813,False,2.0,,
all,BAI_pre,event_trial_type_hrf4__CSminus_freq_B3,47.0,-0.2613796422903849,0.0759522824334722,holm,0.1519045648669444,False,clinical_spearman_confirmatory.csv,/mnt/d/Thesis Masters/thesis-runs/ELA_run_5ROI/_merged_fit_runs_ela_5ROI/merge_acquisition_ela_5ROI/ELA_features/confirmatory_analysis_v3/clinical_spearman_confirmatory.csv,18,p_value,0.0759522824334722,,,,,,,,,,,,,,,,,,,,,all_tasks,all,all,event_trial_type_hrf4__CSminus_freq_B3,event_threat_safety,all,CS− recruitment of safety-like B3,/mnt/d/Thesis Masters/thesis-runs/codebase/ela_primary_feature_list_template.csv,0.1519045648669444,False,0.1519045648669444,False,2.0,,
HC,SAI_pre,event_trial_type_hrf4__CSplus_freq_B4,24.0,0.3649826130149303,0.0794876563030066,holm,0.0794876563030066,False,clinical_spearman_confirmatory.csv,/mnt/d/Thesis Masters/thesis-runs/ELA_run_5ROI/_merged_fit_runs_ela_5ROI/merge_acquisition_ela_5ROI/ELA_features/confirmatory_analysis_v3/clinical_spearman_confirmatory.csv,19,p_value,0.0794876563030066,,,,,,,,,,,,,,,,,,,,,all_tasks,all,HC,event_trial_type_hrf4__CSplus_freq_B4,global_locking,all,CS+ all-on/global locking,/mnt/d/Thesis Masters/thesis-runs/codebase/ela_primary_feature_list_template.csv,0.0794876563030066,False,0.0794876563030066,False,1.0,,
PTSD,SAI_pre,staying_rate_major_SR_A_to_A,24.0,-0.362607274027553,0.0816129040373114,holm,0.1632258080746229,False,clinical_spearman_confirmatory.csv,/mnt/d/Thesis Masters/thesis-runs/ELA_run_5ROI/_merged_fit_runs_ela_5ROI/merge_acquisition_ela_5ROI/ELA_features/confirmatory_analysis_v3/clinical_spearman_confirmatory.csv,20,p_value,0.0816129040373114,,,,,,,,,,,,,,,,,,,,,all_tasks,all,PTSD,staying_rate_major_SR_A_to_A,major_peripheral_dynamics,all,Major-basin staying/locking,/mnt/d/Thesis Masters/thesis-runs/codebase/ela_primary_feature_list_template.csv,0.2448387121119344,False,0.1632258080746229,False,3.0,,
,,event_trial_type_hrf4__CSplus_staying_rate_major_SR_A_to_A,48.0,,0.0033327240638129,holm,0.0066654481276258,True,covariate_models_confirmatory.csv,/mnt/d/Thesis Masters/thesis-runs/ELA_run_5ROI/_merged_fit_runs_ela_5ROI/merge_acquisition_ela_5ROI/ELA_features/confirmatory_analysis_v3/covariate_models_confirmatory.csv,1,p_value,0.0033327240638129,event_trial_type_hrf4__CSplus_staying_rate_major_SR_A_to_A ~ C(group) + age + C(sex),C(group)[T.PTSD],0.1075472033347608,3.104028988089141,0.1836215443604115,0.1279593769304396,,,,,,,,,,,,,,,acquisition,,,event_trial_type_hrf4__CSplus_staying_rate_major_SR_A_to_A,acquisition_threat_learning,,CS+ major-basin staying during acquisition,/mnt/d/Thesis Masters/thesis-runs/codebase/ela_primary_feature_list_template.csv,0.0066654481276258,True,0.0066654481276258,True,2.0,,
,,event_trial_type_hrf4__CSplus_major_to_peripheral_rate,48.0,,0.0037877326517198,holm,0.0066654481276258,True,covariate_models_confirmatory.csv,/mnt/d/Thesis Masters/thesis-runs/ELA_run_5ROI/_merged_fit_runs_ela_5ROI/merge_acquisition_ela_5ROI/ELA_features/confirmatory_analysis_v3/covariate_models_confirmatory.csv,2,p_value,0.0037877326517198,event_trial_type_hrf4__CSplus_major_to_peripheral_rate ~ C(group) + age + C(sex),C(group)[T.PTSD],-0.067661787756903,-3.0575774165928804,0.1841295134256397,0.1285019802501152,,,,,,,,,,,,,,,acquisition,,,event_trial_type_hrf4__CSplus_major_to_peripheral_rate,acquisition_threat_learning,,CS+ movement from global to peripheral basins during acquisition,/mnt/d/Thesis Masters/thesis-runs/codebase/ela_primary_feature_list_template.csv,0.0075754653034397,True,0.0066654481276258,True,2.0,,
,,dyn_Direct_transitions_from_B2_to_B1,48.0,,0.0118991649448635,holm,0.023798329889727,True,covariate_models_confirmatory.csv,/mnt/d/Thesis Masters/thesis-runs/ELA_run_5ROI/_merged_fit_runs_ela_5ROI/merge_acquisition_ela_5ROI/ELA_features/confirmatory_analysis_v3/covariate_models_confirmatory.csv,3,p_value,0.0118991649448635,dyn_Direct_transitions_from_B2_to_B1 ~ C(group) + age + C(sex),C(group)[T.PTSD],-0.0158792893351934,-2.6240547594145958,0.1458047462426338,0.087564160759177,,,,,,,,,,,,,,,all,,,dyn_Direct_transitions_from_B2_to_B1,peripheral_to_major_edges,,Threat-like B2 to all-off B1 return route,/mnt/d/Thesis Masters/thesis-runs/codebase/ela_primary_feature_list_template.csv,0.023798329889727,True,0.023798329889727,True,2.0,,
,,staying_rate_major_SR_A_to_A,48.0,,0.0255211356387689,holm,0.0765634069163068,False,covariate_models_confirmatory.csv,/mnt/d/Thesis Masters/thesis-runs/ELA_run_5ROI/_merged_fit_runs_ela_5ROI/merge_acquisition_ela_5ROI/ELA_features/confirmatory_analysis_v3/covariate_models_confirmatory.csv,4,p_value,0.0255211356387689,staying_rate_major_SR_A_to_A ~ C(group) + age + C(sex),C(group)[T.PTSD],0.0765268629586267,2.3119649439576917,0.1368796798863971,0.0780305671513788,,,,,,,,,,,,,,,all,,,staying_rate_major_SR_A_to_A,major_peripheral_dynamics,,Major-basin staying/locking,/mnt/d/Thesis Masters/thesis-runs/codebase/ela_primary_feature_list_template.csv,0.0765634069163068,False,0.0765634069163068,False,3.0,,
,,traveling_score_TR_AA_over_TR_PP,43.0,,0.0298800670671232,holm,0.0597601341342464,False,covariate_models_confirmatory.csv,/mnt/d/Thesis Masters/thesis-runs/ELA_run_5ROI/_merged_fit_runs_ela_5ROI/merge_acquisition_ela_5ROI/ELA_features/confirmatory_analysis_v3/covariate_models_confirmatory.csv,5,p_value,0.0298800670671232,traveling_score_TR_AA_over_TR_PP ~ C(group) + age + C(sex),C(group)[T.PTSD],10.900372329239651,2.2541504535745074,0.119347659647669,0.0516051719282589,,,,,,,,,,,,,,,all,,,traveling_score_TR_AA_over_TR_PP,summary_scores,,Generalized traveling score,/mnt/d/Thesis Masters/thesis-runs/codebase/ela_primary_feature_list_template.csv,0.0597601341342464,False,0.0597601341342464,False,2.0,,
,,basin_entropy,48.0,,0.0299902273722664,holm,0.0299902273722664,True,covariate_models_confirmatory.csv,/mnt/d/Thesis Masters/thesis-runs/ELA_run_5ROI/_merged_fit_runs_ela_5ROI/merge_acquisition_ela_5ROI/ELA_features/confirmatory_analysis_v3/covariate_models_confirmatory.csv,6,p_value,0.0299902273722664,basin_entropy ~ C(group) + age + C(sex),C(group)[T.PTSD],-0.0593478622332358,-2.242890506681176,0.1423672680202701,0.0838923090216522,,,,,,,,,,,,,,,all,,,basin_entropy,flexibility,,Basin repertoire/flexibility,/mnt/d/Thesis Masters/thesis-runs/codebase/ela_primary_feature_list_template.csv,0.0299902273722664,True,0.0299902273722664,True,1.0,,
,,peripheral_to_major_rate,48.0,,0.0410936980885622,holm,0.0821873961771244,False,covariate_models_confirmatory.csv,/mnt/d/Thesis Masters/thesis-runs/ELA_run_5ROI/_merged_fit_runs_ela_5ROI/merge_acquisition_ela_5ROI/ELA_features/confirmatory_analysis_v3/covariate_models_confirmatory.csv,7,p_value,0.0410936980885622,peripheral_to_major_rate ~ C(group) + age + C(sex),C(group)[T.PTSD],-0.0318217717089925,-2.1043706348426854,0.1241702963905193,0.064454634780782,,,,,,,,,,,,,,,all,,,peripheral_to_major_rate,major_peripheral_dynamics,,Summary return from peripheral to major basins,/mnt/d/Thesis Masters/thesis-runs/codebase/ela_primary_feature_list_template.csv,0.1232810942656866,False,0.0821873961771244,False,3.0,,
,,dyn_Direct_transitions_from_B3_to_B4,48.0,,0.083462430119799,holm,0.083462430119799,False,covariate_models_confirmatory.csv,/mnt/d/Thesis Masters/thesis-runs/ELA_run_5ROI/_merged_fit_runs_ela_5ROI/merge_acquisition_ela_5ROI/ELA_features/confirmatory_analysis_v3/covariate_models_confirmatory.csv,8,p_value,0.083462430119799,dyn_Direct_transitions_from_B3_to_B4 ~ C(group) + age + C(sex),C(group)[T.PTSD],-0.0094880565280541,-1.7711497302777868,0.0788820960246375,0.016078602571772,,,,,,,,,,,,,,,all,,,dyn_Direct_transitions_from_B3_to_B4,peripheral_to_major_edges,,Safety-like B3 to all-on B4 return route,/mnt/d/Thesis Masters/thesis-runs/codebase/ela_primary_feature_list_template.csv,0.166924860239598,False,0.083462430119799,False,2.0,,
,,lingering_score_SR_AA_plus_SR_PP,48.0,,0.104590970996797,holm,0.104590970996797,False,covariate_models_confirmatory.csv,/mnt/d/Thesis Masters/thesis-runs/ELA_run_5ROI/_merged_fit_runs_ela_5ROI/merge_acquisition_ela_5ROI/ELA_features/confirmatory_analysis_v3/covariate_models_confirmatory.csv,9,p_value,0.104590970996797,lingering_score_SR_AA_plus_SR_PP ~ C(group) + age + C(sex),C(group)[T.PTSD],0.0520304578013055,1.657212788621642,0.0744785506737195,0.0113748154923822,,,,,,,,,,,,,,,all,,,lingering_score_SR_AA_plus_SR_PP,summary_scores,,Generalized lingering score,/mnt/d/Thesis Masters/thesis-runs/codebase/ela_primary_feature_list_template.csv,0.2091819419935941,False,0.104590970996797,False,2.0,,
,,event_trial_type_hrf4__CSplus_freq_B2,48.0,,0.1370779395564391,holm,0.2741558791128782,False,covariate_models_confirmatory.csv,/mnt/d/Thesis Masters/thesis-runs/ELA_run_5ROI/_merged_fit_runs_ela_5ROI/merge_acquisition_ela_5ROI/ELA_features/confirmatory_analysis_v3/covariate_models_confirmatory.csv,10,p_value,0.1370779395564391,event_trial_type_hrf4__CSplus_freq_B2 ~ C(group) + age + C(sex),C(group)[T.PTSD],-0.0471712048908571,-1.5143905137987297,0.0634745426170237,-0.0003794658409064,,,,,,,,,,,,,,,all,,,event_trial_type_hrf4__CSplus_freq_B2,event_threat_safety,,CS+ recruitment of threat-like B2,/mnt/d/Thesis Masters/thesis-runs/codebase/ela_primary_feature_list_template.csv,0.2741558791128782,False,0.2741558791128782,False,2.0,,
,,event_trial_type_hrf4__CSminus_freq_B3,47.0,,0.2087819379343692,holm,0.2741558791128782,False,covariate_models_confirmatory.csv,/mnt/d/Thesis Masters/thesis-runs/ELA_run_5ROI/_merged_fit_runs_ela_5ROI/merge_acquisition_ela_5ROI/ELA_features/confirmatory_analysis_v3/covariate_models_confirmatory.csv,11,p_value,0.2087819379343692,event_trial_type_hrf4__CSminus_freq_B3 ~ C(group) + age + C(sex),C(group)[T.PTSD],-0.0275651138274862,-1.2760661407683571,0.0395819272076646,-0.0274239848476145,,,,,,,,,,,,,,,all,,,event_trial_type_hrf4__CSminus_freq_B3,event_threat_safety,,CS− recruitment of safety-like B3,/mnt/d/Thesis Masters/thesis-runs/codebase/ela_primary_feature_list_template.csv,0.4175638758687384,False,0.2741558791128782,False,2.0,,
,,event_trial_type_hrf4__CSplus_freq_B4,48.0,,0.3196312618772335,holm,0.3196312618772335,False,covariate_models_confirmatory.csv,/mnt/d/Thesis Masters/thesis-runs/ELA_run_5ROI/_merged_fit_runs_ela_5ROI/merge_acquisition_ela_5ROI/ELA_features/confirmatory_analysis_v3/covariate_models_confirmatory.csv,12,p_value,0.3196312618772335,event_trial_type_hrf4__CSplus_freq_B4 ~ C(group) + age + C(sex),C(group)[T.PTSD],0.0346943617605069,1.0065991122601643,0.0401186157365767,-0.0253278422813838,,,,,,,,,,,,,,,all,,,event_trial_type_hrf4__CSplus_freq_B4,global_locking,,CS+ all-on/global locking,/mnt/d/Thesis Masters/thesis-runs/codebase/ela_primary_feature_list_template.csv,0.3196312618772335,False,0.3196312618772335,False,1.0,,
,,peripheral_transition_rate_TR_P_to_Pprime,48.0,,0.6053967681292893,holm,0.6053967681292893,False,covariate_models_confirmatory.csv,/mnt/d/Thesis Masters/thesis-runs/ELA_run_5ROI/_merged_fit_runs_ela_5ROI/merge_acquisition_ela_5ROI/ELA_features/confirmatory_analysis_v3/covariate_models_confirmatory.csv,13,p_value,0.6053967681292893,peripheral_transition_rate_TR_P_to_Pprime ~ C(group) + age + C(sex),C(group)[T.PTSD],-0.0032585162061142,-0.5203955446144515,0.073099405396689,0.0099016375828269,,,,,,,,,,,,,,,all,,,peripheral_transition_rate_TR_P_to_Pprime,major_peripheral_dynamics,,Movement among peripheral threat/safety basins,/mnt/d/Thesis Masters/thesis-runs/codebase/ela_primary_feature_list_template.csv,1.0,False,0.6053967681292893,False,3.0,,
,,event_trial_type_hrf4__CSplus_staying_rate_major_SR_A_to_A,,,0.0153898670630786,holm,0.0307797341261572,True,group_tests_confirmatory.csv,/mnt/d/Thesis Masters/thesis-runs/ELA_run_5ROI/_merged_fit_runs_ela_5ROI/merge_acquisition_ela_5ROI/ELA_features/confirmatory_analysis_v3/group_tests_confirmatory.csv,1,p_value,0.0153898670630786,,,,,,,group_overall,mannwhitney_u,24.0,24.0,HC,PTSD,0.2840612239301889,0.362195899774806,0.2705882352941176,0.3603896103896103,-0.0781346758446171,170.0,-0.8034232042237216,-0.4097222222222222,acquisition,,,event_trial_type_hrf4__CSplus_staying_rate_major_SR_A_to_A,acquisition_threat_learning,,CS+ major-basin staying during acquisition,/mnt/d/Thesis Masters/thesis-runs/codebase/ela_primary_feature_list_template.csv,0.0307797341261572,True,0.0307797341261572,True,2.0,,
,,dyn_Direct_transitions_from_B2_to_B1,,,0.02091786083124,holm,0.0418357216624801,True,group_tests_confirmatory.csv,/mnt/d/Thesis Masters/thesis-runs/ELA_run_5ROI/_merged_fit_runs_ela_5ROI/merge_acquisition_ela_5ROI/ELA_features/confirmatory_analysis_v3/group_tests_confirmatory.csv,2,p_value,0.02091786083124,,,,,,,group_overall,mannwhitney_u,24.0,24.0,HC,PTSD,0.0487280416666666,0.0368736666666666,0.0451985,0.0362055,0.011854375,400.5,0.7015593306305612,0.390625,all,,,dyn_Direct_transitions_from_B2_to_B1,peripheral_to_major_edges,,Threat-like B2 to all-off B1 return route,/mnt/d/Thesis Masters/thesis-runs/codebase/ela_primary_feature_list_template.csv,0.0418357216624801,True,0.0418357216624801,True,2.0,,
,,event_trial_type_hrf4__CSplus_major_to_peripheral_rate,,,0.022683776007021,holm,0.0307797341261572,True,group_tests_confirmatory.csv,/mnt/d/Thesis Masters/thesis-runs/ELA_run_5ROI/_merged_fit_runs_ela_5ROI/merge_acquisition_ela_5ROI/ELA_features/confirmatory_analysis_v3/group_tests_confirmatory.csv,3,p_value,0.022683776007021,,,,,,,group_overall,mannwhitney_u,24.0,24.0,HC,PTSD,0.2264342771709599,0.1823038373419994,0.2319327731092436,0.1762749445676274,0.0441304398289605,399.0,0.6975338282422797,0.3854166666666667,acquisition,,,event_trial_type_hrf4__CSplus_major_to_peripheral_rate,acquisition_threat_learning,,CS+ movement from global to peripheral basins during acquisition,/mnt/d/Thesis Masters/thesis-runs/codebase/ela_primary_feature_list_template.csv,0.045367552014042,True,0.0307797341261572,True,2.0,,
,,staying_rate_major_SR_A_to_A,,,0.1011586290821741,holm,0.3034758872465223,False,group_tests_confirmatory.csv,/mnt/d/Thesis Masters/thesis-runs/ELA_run_5ROI/_merged_fit_runs_ela_5ROI/merge_acquisition_ela_5ROI/ELA_features/confirmatory_analysis_v3/group_tests_confirmatory.csv,4,p_value,0.1011586290821741,,,,,,,group_overall,mannwhitney_u,24.0,24.0,HC,PTSD,0.3292711598914183,0.3723618986869142,0.3194502690990424,0.3503588935574229,-0.0430907387954958,208.0,-0.4528322239813837,-0.2777777777777778,all,,,staying_rate_major_SR_A_to_A,major_peripheral_dynamics,,Major-basin staying/locking,/mnt/d/Thesis Masters/thesis-runs/codebase/ela_primary_feature_list_template.csv,0.3034758872465223,False,0.3034758872465223,False,3.0,,
,,event_trial_type_hrf4__CSminus_freq_B3,,,0.1307266802467432,holm,0.2614533604934865,False,group_tests_confirmatory.csv,/mnt/d/Thesis Masters/thesis-runs/ELA_run_5ROI/_merged_fit_runs_ela_5ROI/merge_acquisition_ela_5ROI/ELA_features/confirmatory_analysis_v3/group_tests_confirmatory.csv,5,p_value,0.1307266802467432,,,,,,,group_overall,mannwhitney_u,24.0,23.0,HC,PTSD,0.1436105013087118,0.1242697364036318,0.1387362637362637,0.1153846153846153,0.0193407649050799,347.5,0.3318118158986965,0.2590579710144927,all,,,event_trial_type_hrf4__CSminus_freq_B3,event_threat_safety,,CS− recruitment of safety-like B3,/mnt/d/Thesis Masters/thesis-runs/codebase/ela_primary_feature_list_template.csv,0.2614533604934865,False,0.2614533604934865,False,2.0,,
,,event_trial_type_hrf4__CSplus_freq_B4,,,0.143032361637273,holm,0.143032361637273,False,group_tests_confirmatory.csv,/mnt/d/Thesis Masters/thesis-runs/ELA_run_5ROI/_merged_fit_runs_ela_5ROI/merge_acquisition_ela_5ROI/ELA_features/confirmatory_analysis_v3/group_tests_confirmatory.csv,6,p_value,0.143032361637273,,,,,,,group_overall,mannwhitney_u,24.0,24.0,HC,PTSD,0.3289408056727976,0.3575074266143276,0.3196534427724578,0.3542452830188679,-0.0285666209415299,216.5,-0.2996593450860841,-0.2482638888888889,all,,,event_trial_type_hrf4__CSplus_freq_B4,global_locking,,CS+ all-on/global locking,/mnt/d/Thesis Masters/thesis-runs/codebase/ela_primary_feature_list_template.csv,0.143032361637273,False,0.143032361637273,False,1.0,,
,,basin_entropy,,,0.1578186229329814,holm,0.1578186229329814,False,group_tests_confirmatory.csv,/mnt/d/Thesis Masters/thesis-runs/ELA_run_5ROI/_merged_fit_runs_ela_5ROI/merge_acquisition_ela_5ROI/ELA_features/confirmatory_analysis_v3/group_tests_confirmatory.csv,7,p_value,0.1578186229329814,,,,,,,group_overall,mannwhitney_u,24.0,24.0,HC,PTSD,0.9218616418556956,0.8919682751403425,0.9285280279760938,0.9107623880448796,0.029893366715353,357.0,0.3891121667503842,0.2395833333333333,all,,,basin_entropy,flexibility,,Basin repertoire/flexibility,/mnt/d/Thesis Masters/thesis-runs/codebase/ela_primary_feature_list_template.csv,0.1578186229329814,False,0.1578186229329814,False,1.0,,
,,peripheral_transition_rate_TR_P_to_Pprime,,,0.1637346002727139,holm,0.3274692005454278,False,group_tests_confirmatory.csv,/mnt/d/Thesis Masters/thesis-runs/ELA_run_5ROI/_merged_fit_runs_ela_5ROI/merge_acquisition_ela_5ROI/ELA_features/confirmatory_analysis_v3/group_tests_confirmatory.csv,8,p_value,0.1637346002727139,,,,,,,group_overall,mannwhitney_u,24.0,24.0,HC,PTSD,0.0254335029118664,0.0200419295568374,0.0211716226751308,0.0160398585663773,0.005391573355029,356.0,0.3060717147530152,0.2361111111111111,all,,,peripheral_transition_rate_TR_P_to_Pprime,major_peripheral_dynamics,,Movement among peripheral threat/safety basins,/mnt/d/Thesis Masters/thesis-runs/codebase/ela_primary_feature_list_template.csv,0.4912038008181417,False,0.3274692005454278,False,3.0,,
,,lingering_score_SR_AA_plus_SR_PP,,,0.1974804041166984,holm,0.3949608082333968,False,group_tests_confirmatory.csv,/mnt/d/Thesis Masters/thesis-runs/ELA_run_5ROI/_merged_fit_runs_ela_5ROI/merge_acquisition_ela_5ROI/ELA_features/confirmatory_analysis_v3/group_tests_confirmatory.csv,9,p_value,0.1974804041166984,,,,,,,group_overall,mannwhitney_u,24.0,24.0,HC,PTSD,0.3953877108432446,0.4293453632734494,0.3987519657376116,0.4325524976763969,-0.0339576524302048,225.0,-0.3869051343063033,-0.21875,all,,,lingering_score_SR_AA_plus_SR_PP,summary_scores,,Generalized lingering score,/mnt/d/Thesis Masters/thesis-runs/codebase/ela_primary_feature_list_template.csv,0.3949608082333968,False,0.3949608082333968,False,2.0,,
,,traveling_score_TR_AA_over_TR_PP,,,0.2107675952764317,holm,0.3949608082333968,False,group_tests_confirmatory.csv,/mnt/d/Thesis Masters/thesis-runs/ELA_run_5ROI/_merged_fit_runs_ela_5ROI/merge_acquisition_ela_5ROI/ELA_features/confirmatory_analysis_v3/group_tests_confirmatory.csv,10,p_value,0.2107675952764317,,,,,,,group_overall,mannwhitney_u,22.0,21.0,HC,PTSD,8.813593729502822,16.6692365835223,7.833333333333333,9.8,-7.855642854019477,179.0,-0.6303078305818357,-0.2251082251082251,all,,,traveling_score_TR_AA_over_TR_PP,summary_scores,,Generalized traveling score,/mnt/d/Thesis Masters/thesis-runs/codebase/ela_primary_feature_list_template.csv,0.4215351905528635,False,0.3949608082333968,False,2.0,,
,,dyn_Direct_transitions_from_B3_to_B4,,,0.2198717106287031,holm,0.2198717106287031,False,group_tests_confirmatory.csv,/mnt/d/Thesis Masters/thesis-runs/ELA_run_5ROI/_merged_fit_runs_ela_5ROI/merge_acquisition_ela_5ROI/ELA_features/confirmatory_analysis_v3/group_tests_confirmatory.csv,11,p_value,0.2198717106287031,,,,,,,group_overall,mannwhitney_u,24.0,24.0,HC,PTSD,0.0449760833333333,0.038110375,0.0429225,0.037826,0.0068657083333333,348.0,0.4609679627882261,0.2083333333333333,all,,,dyn_Direct_transitions_from_B3_to_B4,peripheral_to_major_edges,,Safety-like B3 to all-on B4 return route,/mnt/d/Thesis Masters/thesis-runs/codebase/ela_primary_feature_list_template.csv,0.4397434212574063,False,0.2198717106287031,False,2.0,,
,,peripheral_to_major_rate,,,0.2789902187158414,holm,0.3274692005454278,False,group_tests_confirmatory.csv,/mnt/d/Thesis Masters/thesis-runs/ELA_run_5ROI/_merged_fit_runs_ela_5ROI/merge_acquisition_ela_5ROI/ELA_features/confirmatory_analysis_v3/group_tests_confirmatory.csv,12,p_value,0.2789902187158414,,,,,,,group_overall,mannwhitney_u,24.0,24.0,HC,PTSD,0.1916646727113431,0.1774262302268242,0.1876467136150234,0.1800582551861324,0.0142384424845188,341.0,0.3258653393851632,0.1840277777777778,all,,,peripheral_to_major_rate,major_peripheral_dynamics,,Summary return from peripheral to major basins,/mnt/d/Thesis Masters/thesis-runs/codebase/ela_primary_feature_list_template.csv,0.8369706561475242,False,0.3274692005454278,False,3.0,,
,,event_trial_type_hrf4__CSplus_freq_B2,,,0.2881578057298978,holm,0.2881578057298978,False,group_tests_confirmatory.csv,/mnt/d/Thesis Masters/thesis-runs/ELA_run_5ROI/_merged_fit_runs_ela_5ROI/merge_acquisition_ela_5ROI/ELA_features/confirmatory_analysis_v3/group_tests_confirmatory.csv,13,p_value,0.2881578057298978,,,,,,,group_overall,mannwhitney_u,24.0,24.0,HC,PTSD,0.2185868833861458,0.1933019470220351,0.2136123680241327,0.1933056564608199,0.0252849363641107,340.0,0.2896805547001422,0.1805555555555555,all,,,event_trial_type_hrf4__CSplus_freq_B2,event_threat_safety,,CS+ recruitment of threat-like B2,/mnt/d/Thesis Masters/thesis-runs/codebase/ela_primary_feature_list_template.csv,0.5763156114597956,False,0.2881578057298978,False,2.0,,
,,event_trial_type_hrf4__CSplus_staying_rate_major_SR_A_to_A,48.0,,0.0033327240638129,holm,0.0066654481276258,True,primary_results_for_manuscript.csv,/mnt/d/Thesis Masters/thesis-runs/ELA_run_5ROI/_merged_fit_runs_ela_5ROI/merge_acquisition_ela_5ROI/ELA_features/confirmatory_analysis_v3/primary_results_for_manuscript.csv,1,p_value,0.0033327240638129,,C(group)[T.PTSD],0.1075472033347608,3.104028988089141,,,,,,,,,,,,,,,,,acquisition,,,,acquisition_threat_learning,,CS+ major-basin staying during acquisition,,0.0066654481276258,True,0.0066654481276258,True,2.0,covariate_model,corrected_significant
,,event_trial_type_hrf4__CSplus_major_to_peripheral_rate,48.0,,0.0037877326517198,holm,0.0066654481276258,True,primary_results_for_manuscript.csv,/mnt/d/Thesis Masters/thesis-runs/ELA_run_5ROI/_merged_fit_runs_ela_5ROI/merge_acquisition_ela_5ROI/ELA_features/confirmatory_analysis_v3/primary_results_for_manuscript.csv,2,p_value,0.0037877326517198,,C(group)[T.PTSD],-0.067661787756903,-3.0575774165928804,,,,,,,,,,,,,,,,,acquisition,,,,acquisition_threat_learning,,CS+ movement from global to peripheral basins during acquisition,,0.0075754653034397,True,0.0066654481276258,True,2.0,covariate_model,corrected_significant
,SAI_pre,basin_entropy,24.0,0.5251703908692325,0.0084095988979237,holm,0.0084095988979237,True,primary_results_for_manuscript.csv,/mnt/d/Thesis Masters/thesis-runs/ELA_run_5ROI/_merged_fit_runs_ela_5ROI/merge_acquisition_ela_5ROI/ELA_features/confirmatory_analysis_v3/primary_results_for_manuscript.csv,3,p_value,0.0084095988979237,,,,,,,,,,,,,,,,,,,,,all_tasks,all,PTSD,,flexibility,,Basin repertoire/flexibility,,0.0084095988979237,True,0.0084095988979237,True,1.0,clinical_spearman,corrected_significant
,SAI_pre,peripheral_to_major_rate,24.0,0.5210387182061662,0.0090346592079517,holm,0.0271039776238552,True,primary_results_for_manuscript.csv,/mnt/d/Thesis Masters/thesis-runs/ELA_run_5ROI/_merged_fit_runs_ela_5ROI/merge_acquisition_ela_5ROI/ELA_features/confirmatory_analysis_v3/primary_results_for_manuscript.csv,4,p_value,0.0090346592079517,,,,,,,,,,,,,,,,,,,,,all_tasks,all,PTSD,,major_peripheral_dynamics,,Summary return from peripheral to major basins,,0.0271039776238552,True,0.0271039776238552,True,3.0,clinical_spearman,corrected_significant
,,dyn_Direct_transitions_from_B2_to_B1,48.0,,0.0118991649448635,holm,0.023798329889727,True,primary_results_for_manuscript.csv,/mnt/d/Thesis Masters/thesis-runs/ELA_run_5ROI/_merged_fit_runs_ela_5ROI/merge_acquisition_ela_5ROI/ELA_features/confirmatory_analysis_v3/primary_results_for_manuscript.csv,5,p_value,0.0118991649448635,,C(group)[T.PTSD],-0.0158792893351934,-2.6240547594145958,,,,,,,,,,,,,,,,,all,,,,peripheral_to_major_edges,,Threat-like B2 to all-off B1 return route,,0.023798329889727,True,0.023798329889727,True,2.0,covariate_model,corrected_significant
,,event_trial_type_hrf4__CSplus_staying_rate_major_SR_A_to_A,,,0.0153898670630786,holm,0.0307797341261572,True,primary_results_for_manuscript.csv,/mnt/d/Thesis Masters/thesis-runs/ELA_run_5ROI/_merged_fit_runs_ela_5ROI/merge_acquisition_ela_5ROI/ELA_features/confirmatory_analysis_v3/primary_results_for_manuscript.csv,6,p_value,0.0153898670630786,,,,,,,group_overall,mannwhitney_u,24.0,24.0,,,0.2840612239301889,0.362195899774806,0.2705882352941176,0.3603896103896103,-0.0781346758446171,170.0,-0.8034232042237216,-0.4097222222222222,acquisition,,,,acquisition_threat_learning,,CS+ major-basin staying during acquisition,,0.0307797341261572,True,0.0307797341261572,True,2.0,overall_group_test,corrected_significant
,BDI,event_trial_type_hrf4__CSplus_freq_B4,23.0,0.4858519912276759,0.0187530733989045,holm,0.0187530733989045,True,primary_results_for_manuscript.csv,/mnt/d/Thesis Masters/thesis-runs/ELA_run_5ROI/_merged_fit_runs_ela_5ROI/merge_acquisition_ela_5ROI/ELA_features/confirmatory_analysis_v3/primary_results_for_manuscript.csv,7,p_value,0.0187530733989045,,,,,,,,,,,,,,,,,,,,,all_tasks,all,HC,,global_locking,,CS+ all-on/global locking,,0.0187530733989045,True,0.0187530733989045,True,1.0,clinical_spearman,corrected_significant
,,dyn_Direct_transitions_from_B2_to_B1,,,0.02091786083124,holm,0.0418357216624801,True,primary_results_for_manuscript.csv,/mnt/d/Thesis Masters/thesis-runs/ELA_run_5ROI/_merged_fit_runs_ela_5ROI/merge_acquisition_ela_5ROI/ELA_features/confirmatory_analysis_v3/primary_results_for_manuscript.csv,8,p_value,0.02091786083124,,,,,,,group_overall,mannwhitney_u,24.0,24.0,,,0.0487280416666666,0.0368736666666666,0.0451985,0.0362055,0.011854375,400.5,0.7015593306305612,0.390625,all,,,,peripheral_to_major_edges,,Threat-like B2 to all-off B1 return route,,0.0418357216624801,True,0.0418357216624801,True,2.0,overall_group_test,corrected_significant
,,event_trial_type_hrf4__CSplus_major_to_peripheral_rate,,,0.022683776007021,holm,0.0307797341261572,True,primary_results_for_manuscript.csv,/mnt/d/Thesis Masters/thesis-runs/ELA_run_5ROI/_merged_fit_runs_ela_5ROI/merge_acquisition_ela_5ROI/ELA_features/confirmatory_analysis_v3/primary_results_for_manuscript.csv,9,p_value,0.022683776007021,,,,,,,group_overall,mannwhitney_u,24.0,24.0,,,0.2264342771709599,0.1823038373419994,0.2319327731092436,0.1762749445676274,0.0441304398289605,399.0,0.6975338282422797,0.3854166666666667,acquisition,,,,acquisition_threat_learning,,CS+ movement from global to peripheral basins during acquisition,,0.045367552014042,True,0.0307797341261572,True,2.0,overall_group_test,corrected_significant
,,basin_entropy,48.0,,0.0299902273722664,holm,0.0299902273722664,True,primary_results_for_manuscript.csv,/mnt/d/Thesis Masters/thesis-runs/ELA_run_5ROI/_merged_fit_runs_ela_5ROI/merge_acquisition_ela_5ROI/ELA_features/confirmatory_analysis_v3/primary_results_for_manuscript.csv,10,p_value,0.0299902273722664,,C(group)[T.PTSD],-0.0593478622332358,-2.242890506681176,,,,,,,,,,,,,,,,,all,,,,flexibility,,Basin repertoire/flexibility,,0.0299902273722664,True,0.0299902273722664,True,1.0,covariate_model,corrected_significant
PTSD,SAI_pre,basin_entropy,24.0,0.5251703908692325,0.0084095988979237,holm,0.0084095988979237,True,clinical_spearman_confirmatory.csv,/mnt/d/Thesis Masters/thesis-runs/ELA_run_5ROI/_merged_fit_runs_ela_5ROI/merge_acquisition_ela_5ROI/ELA_features/confirmatory_analysis_v3_notaskfilter/clinical_spearman_confirmatory.csv,1,p_value,0.0084095988979237,,,,,,,,,,,,,,,,,,,,,all_tasks,all,PTSD,basin_entropy,flexibility,all,Basin repertoire/flexibility,/mnt/d/Thesis Masters/thesis-runs/codebase/ela_primary_feature_list_template.csv,0.0084095988979237,True,0.0084095988979237,True,1.0,,
PTSD,PCL,event_trial_type_onset__CSminus_freq_B3,23.0,-0.5319475521389281,0.0089858262517531,holm,0.0179716525035062,True,clinical_spearman_confirmatory.csv,/mnt/d/Thesis Masters/thesis-runs/ELA_run_5ROI/_merged_fit_runs_ela_5ROI/merge_acquisition_ela_5ROI/ELA_features/confirmatory_analysis_v3_notaskfilter/clinical_spearman_confirmatory.csv,2,p_value,0.0089858262517531,,,,,,,,,,,,,,,,,,,,,all_tasks,all,PTSD,event_trial_type_onset__CSminus_freq_B3,renewal_safety_retrieval,renewal,CS− safety-like B3 occupancy during renewal,/mnt/d/Thesis Masters/thesis-runs/codebase/ela_primary_feature_list_template.csv,0.0179716525035062,True,0.0179716525035062,True,2.0,,
all,PCL,event_trial_type_onset__CSminus_freq_B3,23.0,-0.5319475521389281,0.0089858262517531,holm,0.0179716525035062,True,clinical_spearman_confirmatory.csv,/mnt/d/Thesis Masters/thesis-runs/ELA_run_5ROI/_merged_fit_runs_ela_5ROI/merge_acquisition_ela_5ROI/ELA_features/confirmatory_analysis_v3_notaskfilter/clinical_spearman_confirmatory.csv,3,p_value,0.0089858262517531,,,,,,,,,,,,,,,,,,,,,all_tasks,all,all,event_trial_type_onset__CSminus_freq_B3,renewal_safety_retrieval,renewal,CS− safety-like B3 occupancy during renewal,/mnt/d/Thesis Masters/thesis-runs/codebase/ela_primary_feature_list_template.csv,0.0179716525035062,True,0.0179716525035062,True,2.0,,
PTSD,SAI_pre,peripheral_to_major_rate,24.0,0.5210387182061662,0.0090346592079517,holm,0.0271039776238552,True,clinical_spearman_confirmatory.csv,/mnt/d/Thesis Masters/thesis-runs/ELA_run_5ROI/_merged_fit_runs_ela_5ROI/merge_acquisition_ela_5ROI/ELA_features/confirmatory_analysis_v3_notaskfilter/clinical_spearman_confirmatory.csv,4,p_value,0.0090346592079517,,,,,,,,,,,,,,,,,,,,,all_tasks,all,PTSD,peripheral_to_major_rate,major_peripheral_dynamics,all,Summary return from peripheral to major basins,/mnt/d/Thesis Masters/thesis-runs/codebase/ela_primary_feature_list_template.csv,0.0271039776238552,True,0.0271039776238552,True,3.0,,
HC,BDI,event_trial_type_hrf4__CSplus_freq_B4,23.0,0.4858519912276759,0.0187530733989045,holm,0.0187530733989045,True,clinical_spearman_confirmatory.csv,/mnt/d/Thesis Masters/thesis-runs/ELA_run_5ROI/_merged_fit_runs_ela_5ROI/merge_acquisition_ela_5ROI/ELA_features/confirmatory_analysis_v3_notaskfilter/clinical_spearman_confirmatory.csv,5,p_value,0.0187530733989045,,,,,,,,,,,,,,,,,,,,,all_tasks,all,HC,event_trial_type_hrf4__CSplus_freq_B4,global_locking,all,CS+ all-on/global locking,/mnt/d/Thesis Masters/thesis-runs/codebase/ela_primary_feature_list_template.csv,0.0187530733989045,True,0.0187530733989045,True,1.0,,
all,BAI_pre,traveling_score_TR_AA_over_TR_PP,43.0,0.339535937941489,0.0259129131443293,holm,0.0518258262886587,False,clinical_spearman_confirmatory.csv,/mnt/d/Thesis Masters/thesis-runs/ELA_run_5ROI/_merged_fit_runs_ela_5ROI/merge_acquisition_ela_5ROI/ELA_features/confirmatory_analysis_v3_notaskfilter/clinical_spearman_confirmatory.csv,6,p_value,0.0259129131443293,,,,,,,,,,,,,,,,,,,,,all_tasks,all,all,traveling_score_TR_AA_over_TR_PP,summary_scores,all,Generalized traveling score,/mnt/d/Thesis Masters/thesis-runs/codebase/ela_primary_feature_list_template.csv,0.0518258262886587,False,0.0518258262886587,False,2.0,,
HC,IUS,event_trial_type_hrf4__CSplus_staying_rate_major_SR_A_to_A,24.0,0.45149123187896,0.0267846881398589,holm,0.0535693762797178,False,clinical_spearman_confirmatory.csv,/mnt/d/Thesis Masters/thesis-runs/ELA_run_5ROI/_merged_fit_runs_ela_5ROI/merge_acquisition_ela_5ROI/ELA_features/confirmatory_analysis_v3_notaskfilter/clinical_spearman_confirmatory.csv,7,p_value,0.0267846881398589,,,,,,,,,,,,,,,,,,,,,all_tasks,all,HC,event_trial_type_hrf4__CSplus_staying_rate_major_SR_A_to_A,acquisition_threat_learning,acquisition,CS+ major-basin staying during acquisition,/mnt/d/Thesis Masters/thesis-runs/codebase/ela_primary_feature_list_template.csv,0.0535693762797178,False,0.0535693762797178,False,2.0,,
PTSD,PCL,traveling_score_TR_AA_over_TR_PP,20.0,0.480030688382054,0.0321897181493063,holm,0.0643794362986126,False,clinical_spearman_confirmatory.csv,/mnt/d/Thesis Masters/thesis-runs/ELA_run_5ROI/_merged_fit_runs_ela_5ROI/merge_acquisition_ela_5ROI/ELA_features/confirmatory_analysis_v3_notaskfilter/clinical_spearman_confirmatory.csv,8,p_value,0.0321897181493063,,,,,,,,,,,,,,,,,,,,,all_tasks,all,PTSD,traveling_score_TR_AA_over_TR_PP,summary_scores,all,Generalized traveling score,/mnt/d/Thesis Masters/thesis-runs/codebase/ela_primary_feature_list_template.csv,0.0643794362986126,False,0.0643794362986126,False,2.0,,
all,PCL,traveling_score_TR_AA_over_TR_PP,20.0,0.480030688382054,0.0321897181493063,holm,0.0643794362986126,False,clinical_spearman_confirmatory.csv,/mnt/d/Thesis Masters/thesis-runs/ELA_run_5ROI/_merged_fit_runs_ela_5ROI/merge_acquisition_ela_5ROI/ELA_features/confirmatory_analysis_v3_notaskfilter/clinical_spearman_confirmatory.csv,9,p_value,0.0321897181493063,,,,,,,,,,,,,,,,,,,,,all_tasks,all,all,traveling_score_TR_AA_over_TR_PP,summary_scores,all,Generalized traveling score,/mnt/d/Thesis Masters/thesis-runs/codebase/ela_primary_feature_list_template.csv,0.0643794362986126,False,0.0643794362986126,False,2.0,,
PTSD,SAI_pre,event_trial_type_onset__CSminus_freq_B3,24.0,0.4337412220826467,0.0342139831645753,holm,0.0684279663291507,False,clinical_spearman_confirmatory.csv,/mnt/d/Thesis Masters/thesis-runs/ELA_run_5ROI/_merged_fit_runs_ela_5ROI/merge_acquisition_ela_5ROI/ELA_features/confirmatory_analysis_v3_notaskfilter/clinical_spearman_confirmatory.csv,10,p_value,0.0342139831645753,,,,,,,,,,,,,,,,,,,,,all_tasks,all,PTSD,event_trial_type_onset__CSminus_freq_B3,renewal_safety_retrieval,renewal,CS− safety-like B3 occupancy during renewal,/mnt/d/Thesis Masters/thesis-runs/codebase/ela_primary_feature_list_template.csv,0.0684279663291507,False,0.0684279663291507,False,2.0,,
HC,BAI_pre,event_trial_type_hrf4__CSplus_major_to_peripheral_rate,24.0,-0.4243033735738027,0.0387826907602563,holm,0.0775653815205127,False,clinical_spearman_confirmatory.csv,/mnt/d/Thesis Masters/thesis-runs/ELA_run_5ROI/_merged_fit_runs_ela_5ROI/merge_acquisition_ela_5ROI/ELA_features/confirmatory_analysis_v3_notaskfilter/clinical_spearman_confirmatory.csv,11,p_value,0.0387826907602563,,,,,,,,,,,,,,,,,,,,,all_tasks,all,HC,event_trial_type_hrf4__CSplus_major_to_peripheral_rate,acquisition_threat_learning,acquisition,CS+ movement from global to peripheral basins during acquisition,/mnt/d/Thesis Masters/thesis-runs/codebase/ela_primary_feature_list_template.csv,0.0775653815205127,False,0.0775653815205127,False,2.0,,
PTSD,SAI_pre,event_trial_type_hrf4__CSplus_freq_B2,24.0,0.424150963905945,0.0388602323718177,holm,0.0777204647436355,False,clinical_spearman_confirmatory.csv,/mnt/d/Thesis Masters/thesis-runs/ELA_run_5ROI/_merged_fit_runs_ela_5ROI/merge_acquisition_ela_5ROI/ELA_features/confirmatory_analysis_v3_notaskfilter/clinical_spearman_confirmatory.csv,12,p_value,0.0388602323718177,,,,,,,,,,,,,,,,,,,,,all_tasks,all,PTSD,event_trial_type_hrf4__CSplus_freq_B2,event_threat_safety,all,CS+ recruitment of threat-like B2,/mnt/d/Thesis Masters/thesis-runs/codebase/ela_primary_feature_list_template.csv,0.0777204647436355,False,0.0777204647436355,False,2.0,,
all,BAI_pre,event_trial_type_hrf4__CSplus_major_to_peripheral_rate,48.0,-0.297928792406652,0.039718449470438,holm,0.0794368989408761,False,clinical_spearman_confirmatory.csv,/mnt/d/Thesis Masters/thesis-runs/ELA_run_5ROI/_merged_fit_runs_ela_5ROI/merge_acquisition_ela_5ROI/ELA_features/confirmatory_analysis_v3_notaskfilter/clinical_spearman_confirmatory.csv,13,p_value,0.039718449470438,,,,,,,,,,,,,,,,,,,,,all_tasks,all,all,event_trial_type_hrf4__CSplus_major_to_peripheral_rate,acquisition_threat_learning,acquisition,CS+ movement from global to peripheral basins during acquisition,/mnt/d/Thesis Masters/thesis-runs/codebase/ela_primary_feature_list_template.csv,0.0794368989408761,False,0.0794368989408761,False,2.0,,
PTSD,BDI,lingering_score_SR_AA_plus_SR_PP,24.0,-0.4138381592876936,0.0443980192483725,holm,0.088796038496745,False,clinical_spearman_confirmatory.csv,/mnt/d/Thesis Masters/thesis-runs/ELA_run_5ROI/_merged_fit_runs_ela_5ROI/merge_acquisition_ela_5ROI/ELA_features/confirmatory_analysis_v3_notaskfilter/clinical_spearman_confirmatory.csv,14,p_value,0.0443980192483725,,,,,,,,,,,,,,,,,,,,,all_tasks,all,PTSD,lingering_score_SR_AA_plus_SR_PP,summary_scores,all,Generalized lingering score,/mnt/d/Thesis Masters/thesis-runs/codebase/ela_primary_feature_list_template.csv,0.088796038496745,False,0.088796038496745,False,2.0,,
PTSD,BDI,staying_rate_major_SR_A_to_A,24.0,-0.3946052613180004,0.0563618003862526,holm,0.1690854011587579,False,clinical_spearman_confirmatory.csv,/mnt/d/Thesis Masters/thesis-runs/ELA_run_5ROI/_merged_fit_runs_ela_5ROI/merge_acquisition_ela_5ROI/ELA_features/confirmatory_analysis_v3_notaskfilter/clinical_spearman_confirmatory.csv,15,p_value,0.0563618003862526,,,,,,,,,,,,,,,,,,,,,all_tasks,all,PTSD,staying_rate_major_SR_A_to_A,major_peripheral_dynamics,all,Major-basin staying/locking,/mnt/d/Thesis Masters/thesis-runs/codebase/ela_primary_feature_list_template.csv,0.1690854011587579,False,0.1690854011587579,False,3.0,,
PTSD,SAI_pre,event_trial_type_hrf4__CSplus_within_peripheral_rate_including_stay,24.0,0.3901266928789864,0.0594758930152393,holm,0.1189517860304786,False,clinical_spearman_confirmatory.csv,/mnt/d/Thesis Masters/thesis-runs/ELA_run_5ROI/_merged_fit_runs_ela_5ROI/merge_acquisition_ela_5ROI/ELA_features/confirmatory_analysis_v3_notaskfilter/clinical_spearman_confirmatory.csv,16,p_value,0.0594758930152393,,,,,,,,,,,,,,,,,,,,,all_tasks,all,PTSD,event_trial_type_hrf4__CSplus_within_peripheral_rate_including_stay,extinction_peripheral_dynamics,extinction,CS+ retention within peripheral basin space,/mnt/d/Thesis Masters/thesis-runs/codebase/ela_primary_feature_list_template.csv,0.1189517860304786,False,0.1189517860304786,False,2.0,,
PTSD,IUS,event_trial_type_hrf4__CSminus_freq_B3,22.0,0.4030528296690337,0.0628958845967291,holm,0.1257917691934582,False,clinical_spearman_confirmatory.csv,/mnt/d/Thesis Masters/thesis-runs/ELA_run_5ROI/_merged_fit_runs_ela_5ROI/merge_acquisition_ela_5ROI/ELA_features/confirmatory_analysis_v3_notaskfilter/clinical_spearman_confirmatory.csv,17,p_value,0.0628958845967291,,,,,,,,,,,,,,,,,,,,,all_tasks,all,PTSD,event_trial_type_hrf4__CSminus_freq_B3,event_threat_safety,all,CS− recruitment of safety-like B3,/mnt/d/Thesis Masters/thesis-runs/codebase/ela_primary_feature_list_template.csv,0.1257917691934582,False,0.1257917691934582,False,2.0,,
HC,BAI_pre,dwell_max_B4,24.0,0.3846793354700572,0.0634405555007471,holm,0.1268811110014942,False,clinical_spearman_confirmatory.csv,/mnt/d/Thesis Masters/thesis-runs/ELA_run_5ROI/_merged_fit_runs_ela_5ROI/merge_acquisition_ela_5ROI/ELA_features/confirmatory_analysis_v3_notaskfilter/clinical_spearman_confirmatory.csv,18,p_value,0.0634405555007471,,,,,,,,,,,,,,,,,,,,,all_tasks,all,HC,dwell_max_B4,baseline_control,baseline,Baseline max dwell in all-on basin,/mnt/d/Thesis Masters/thesis-runs/codebase/ela_primary_feature_list_template.csv,0.1268811110014942,False,0.1268811110014942,False,2.0,,
PTSD,BDI,event_trial_type_hrf4__CSplus_staying_rate_major_SR_A_to_A,24.0,-0.3829417246826186,0.0647469735572301,holm,0.1294939471144602,False,clinical_spearman_confirmatory.csv,/mnt/d/Thesis Masters/thesis-runs/ELA_run_5ROI/_merged_fit_runs_ela_5ROI/merge_acquisition_ela_5ROI/ELA_features/confirmatory_analysis_v3_notaskfilter/clinical_spearman_confirmatory.csv,19,p_value,0.0647469735572301,,,,,,,,,,,,,,,,,,,,,all_tasks,all,PTSD,event_trial_type_hrf4__CSplus_staying_rate_major_SR_A_to_A,acquisition_threat_learning,acquisition,CS+ major-basin staying during acquisition,/mnt/d/Thesis Masters/thesis-runs/codebase/ela_primary_feature_list_template.csv,0.1294939471144602,False,0.1294939471144602,False,2.0,,
PTSD,BDI,dwell_max_B1,24.0,-0.3802191777885156,0.0668352773802263,holm,0.1336705547604526,False,clinical_spearman_confirmatory.csv,/mnt/d/Thesis Masters/thesis-runs/ELA_run_5ROI/_merged_fit_runs_ela_5ROI/merge_acquisition_ela_5ROI/ELA_features/confirmatory_analysis_v3_notaskfilter/clinical_spearman_confirmatory.csv,20,p_value,0.0668352773802263,,,,,,,,,,,,,,,,,,,,,all_tasks,all,PTSD,dwell_max_B1,baseline_control,baseline,Baseline max dwell in all-off basin,/mnt/d/Thesis Masters/thesis-runs/codebase/ela_primary_feature_list_template.csv,0.1336705547604526,False,0.1336705547604526,False,2.0,,
,,event_trial_type_hrf4__CSplus_staying_rate_major_SR_A_to_A,48.0,,0.0033327240638129,holm,0.0066654481276258,True,covariate_models_confirmatory.csv,/mnt/d/Thesis Masters/thesis-runs/ELA_run_5ROI/_merged_fit_runs_ela_5ROI/merge_acquisition_ela_5ROI/ELA_features/confirmatory_analysis_v3_notaskfilter/covariate_models_confirmatory.csv,1,p_value,0.0033327240638129,event_trial_type_hrf4__CSplus_staying_rate_major_SR_A_to_A ~ C(group) + age + C(sex),C(group)[T.PTSD],0.1075472033347608,3.104028988089141,0.1836215443604115,0.1279593769304396,,,,,,,,,,,,,,,acquisition,,,event_trial_type_hrf4__CSplus_staying_rate_major_SR_A_to_A,acquisition_threat_learning,,CS+ major-basin staying during acquisition,/mnt/d/Thesis Masters/thesis-runs/codebase/ela_primary_feature_list_template.csv,0.0066654481276258,True,0.0066654481276258,True,2.0,,
,,event_trial_type_hrf4__CSplus_major_to_peripheral_rate,48.0,,0.0037877326517198,holm,0.0066654481276258,True,covariate_models_confirmatory.csv,/mnt/d/Thesis Masters/thesis-runs/ELA_run_5ROI/_merged_fit_runs_ela_5ROI/merge_acquisition_ela_5ROI/ELA_features/confirmatory_analysis_v3_notaskfilter/covariate_models_confirmatory.csv,2,p_value,0.0037877326517198,event_trial_type_hrf4__CSplus_major_to_peripheral_rate ~ C(group) + age + C(sex),C(group)[T.PTSD],-0.067661787756903,-3.0575774165928804,0.1841295134256397,0.1285019802501152,,,,,,,,,,,,,,,acquisition,,,event_trial_type_hrf4__CSplus_major_to_peripheral_rate,acquisition_threat_learning,,CS+ movement from global to peripheral basins during acquisition,/mnt/d/Thesis Masters/thesis-runs/codebase/ela_primary_feature_list_template.csv,0.0075754653034397,True,0.0066654481276258,True,2.0,,
,,dyn_Direct_transitions_from_B2_to_B1,48.0,,0.0118991649448635,holm,0.023798329889727,True,covariate_models_confirmatory.csv,/mnt/d/Thesis Masters/thesis-runs/ELA_run_5ROI/_merged_fit_runs_ela_5ROI/merge_acquisition_ela_5ROI/ELA_features/confirmatory_analysis_v3_notaskfilter/covariate_models_confirmatory.csv,3,p_value,0.0118991649448635,dyn_Direct_transitions_from_B2_to_B1 ~ C(group) + age + C(sex),C(group)[T.PTSD],-0.0158792893351934,-2.6240547594145958,0.1458047462426338,0.087564160759177,,,,,,,,,,,,,,,all,,,dyn_Direct_transitions_from_B2_to_B1,peripheral_to_major_edges,,Threat-like B2 to all-off B1 return route,/mnt/d/Thesis Masters/thesis-runs/codebase/ela_primary_feature_list_template.csv,0.023798329889727,True,0.023798329889727,True,2.0,,
,,staying_rate_major_SR_A_to_A,48.0,,0.0255211356387689,holm,0.0765634069163068,False,covariate_models_confirmatory.csv,/mnt/d/Thesis Masters/thesis-runs/ELA_run_5ROI/_merged_fit_runs_ela_5ROI/merge_acquisition_ela_5ROI/ELA_features/confirmatory_analysis_v3_notaskfilter/covariate_models_confirmatory.csv,4,p_value,0.0255211356387689,staying_rate_major_SR_A_to_A ~ C(group) + age + C(sex),C(group)[T.PTSD],0.0765268629586267,2.3119649439576917,0.1368796798863971,0.0780305671513788,,,,,,,,,,,,,,,all,,,staying_rate_major_SR_A_to_A,major_peripheral_dynamics,,Major-basin staying/locking,/mnt/d/Thesis Masters/thesis-runs/codebase/ela_primary_feature_list_template.csv,0.0765634069163068,False,0.0765634069163068,False,3.0,,
,,traveling_score_TR_AA_over_TR_PP,43.0,,0.0298800670671232,holm,0.0597601341342464,False,covariate_models_confirmatory.csv,/mnt/d/Thesis Masters/thesis-runs/ELA_run_5ROI/_merged_fit_runs_ela_5ROI/merge_acquisition_ela_5ROI/ELA_features/confirmatory_analysis_v3_notaskfilter/covariate_models_confirmatory.csv,5,p_value,0.0298800670671232,traveling_score_TR_AA_over_TR_PP ~ C(group) + age + C(sex),C(group)[T.PTSD],10.900372329239651,2.2541504535745074,0.119347659647669,0.0516051719282589,,,,,,,,,,,,,,,all,,,traveling_score_TR_AA_over_TR_PP,summary_scores,,Generalized traveling score,/mnt/d/Thesis Masters/thesis-runs/codebase/ela_primary_feature_list_template.csv,0.0597601341342464,False,0.0597601341342464,False,2.0,,
,,basin_entropy,48.0,,0.0299902273722664,holm,0.0299902273722664,True,covariate_models_confirmatory.csv,/mnt/d/Thesis Masters/thesis-runs/ELA_run_5ROI/_merged_fit_runs_ela_5ROI/merge_acquisition_ela_5ROI/ELA_features/confirmatory_analysis_v3_notaskfilter/covariate_models_confirmatory.csv,6,p_value,0.0299902273722664,basin_entropy ~ C(group) + age + C(sex),C(group)[T.PTSD],-0.0593478622332358,-2.242890506681176,0.1423672680202701,0.0838923090216522,,,,,,,,,,,,,,,all,,,basin_entropy,flexibility,,Basin repertoire/flexibility,/mnt/d/Thesis Masters/thesis-runs/codebase/ela_primary_feature_list_template.csv,0.0299902273722664,True,0.0299902273722664,True,1.0,,
,,peripheral_to_major_rate,48.0,,0.0410936980885622,holm,0.0821873961771244,False,covariate_models_confirmatory.csv,/mnt/d/Thesis Masters/thesis-runs/ELA_run_5ROI/_merged_fit_runs_ela_5ROI/merge_acquisition_ela_5ROI/ELA_features/confirmatory_analysis_v3_notaskfilter/covariate_models_confirmatory.csv,7,p_value,0.0410936980885622,peripheral_to_major_rate ~ C(group) + age + C(sex),C(group)[T.PTSD],-0.0318217717089925,-2.1043706348426854,0.1241702963905193,0.064454634780782,,,,,,,,,,,,,,,all,,,peripheral_to_major_rate,major_peripheral_dynamics,,Summary return from peripheral to major basins,/mnt/d/Thesis Masters/thesis-runs/codebase/ela_primary_feature_list_template.csv,0.1232810942656866,False,0.0821873961771244,False,3.0,,
,,dyn_Direct_transitions_from_B3_to_B4,48.0,,0.083462430119799,holm,0.083462430119799,False,covariate_models_confirmatory.csv,/mnt/d/Thesis Masters/thesis-runs/ELA_run_5ROI/_merged_fit_runs_ela_5ROI/merge_acquisition_ela_5ROI/ELA_features/confirmatory_analysis_v3_notaskfilter/covariate_models_confirmatory.csv,8,p_value,0.083462430119799,dyn_Direct_transitions_from_B3_to_B4 ~ C(group) + age + C(sex),C(group)[T.PTSD],-0.0094880565280541,-1.7711497302777868,0.0788820960246375,0.016078602571772,,,,,,,,,,,,,,,all,,,dyn_Direct_transitions_from_B3_to_B4,peripheral_to_major_edges,,Safety-like B3 to all-on B4 return route,/mnt/d/Thesis Masters/thesis-runs/codebase/ela_primary_feature_list_template.csv,0.166924860239598,False,0.083462430119799,False,2.0,,
,,lingering_score_SR_AA_plus_SR_PP,48.0,,0.104590970996797,holm,0.104590970996797,False,covariate_models_confirmatory.csv,/mnt/d/Thesis Masters/thesis-runs/ELA_run_5ROI/_merged_fit_runs_ela_5ROI/merge_acquisition_ela_5ROI/ELA_features/confirmatory_analysis_v3_notaskfilter/covariate_models_confirmatory.csv,9,p_value,0.104590970996797,lingering_score_SR_AA_plus_SR_PP ~ C(group) + age + C(sex),C(group)[T.PTSD],0.0520304578013055,1.657212788621642,0.0744785506737195,0.0113748154923822,,,,,,,,,,,,,,,all,,,lingering_score_SR_AA_plus_SR_PP,summary_scores,,Generalized lingering score,/mnt/d/Thesis Masters/thesis-runs/codebase/ela_primary_feature_list_template.csv,0.2091819419935941,False,0.104590970996797,False,2.0,,
,,event_trial_type_hrf4__CSplus_freq_B2,48.0,,0.1370779395564391,holm,0.2741558791128782,False,covariate_models_confirmatory.csv,/mnt/d/Thesis Masters/thesis-runs/ELA_run_5ROI/_merged_fit_runs_ela_5ROI/merge_acquisition_ela_5ROI/ELA_features/confirmatory_analysis_v3_notaskfilter/covariate_models_confirmatory.csv,10,p_value,0.1370779395564391,event_trial_type_hrf4__CSplus_freq_B2 ~ C(group) + age + C(sex),C(group)[T.PTSD],-0.0471712048908571,-1.5143905137987297,0.0634745426170237,-0.0003794658409064,,,,,,,,,,,,,,,all,,,event_trial_type_hrf4__CSplus_freq_B2,event_threat_safety,,CS+ recruitment of threat-like B2,/mnt/d/Thesis Masters/thesis-runs/codebase/ela_primary_feature_list_template.csv,0.2741558791128782,False,0.2741558791128782,False,2.0,,
,,event_trial_type_hrf4__CSminus_freq_B3,47.0,,0.2087819379343692,holm,0.2741558791128782,False,covariate_models_confirmatory.csv,/mnt/d/Thesis Masters/thesis-runs/ELA_run_5ROI/_merged_fit_runs_ela_5ROI/merge_acquisition_ela_5ROI/ELA_features/confirmatory_analysis_v3_notaskfilter/covariate_models_confirmatory.csv,11,p_value,0.2087819379343692,event_trial_type_hrf4__CSminus_freq_B3 ~ C(group) + age + C(sex),C(group)[T.PTSD],-0.0275651138274862,-1.2760661407683571,0.0395819272076646,-0.0274239848476145,,,,,,,,,,,,,,,all,,,event_trial_type_hrf4__CSminus_freq_B3,event_threat_safety,,CS− recruitment of safety-like B3,/mnt/d/Thesis Masters/thesis-runs/codebase/ela_primary_feature_list_template.csv,0.4175638758687384,False,0.2741558791128782,False,2.0,,
,,event_trial_type_hrf4__CSplus_within_peripheral_rate_including_stay,48.0,,0.2456252633722713,holm,0.4912505267445426,False,covariate_models_confirmatory.csv,/mnt/d/Thesis Masters/thesis-runs/ELA_run_5ROI/_merged_fit_runs_ela_5ROI/merge_acquisition_ela_5ROI/ELA_features/confirmatory_analysis_v3_notaskfilter/covariate_models_confirmatory.csv,12,p_value,0.2456252633722713,event_trial_type_hrf4__CSplus_within_peripheral_rate_including_stay ~ C(group) + age + C(sex),C(group)[T.PTSD],-0.0286745286296542,-1.1767423639457677,0.0631917797357823,-0.000681508009505,,,,,,,,,,,,,,,extinction,,,event_trial_type_hrf4__CSplus_within_peripheral_rate_including_stay,extinction_peripheral_dynamics,,CS+ retention within peripheral basin space,/mnt/d/Thesis Masters/thesis-runs/codebase/ela_primary_feature_list_template.csv,0.4912505267445426,False,0.4912505267445426,False,2.0,,
,,event_trial_type_hrf4__CSplus_freq_B4,48.0,,0.3196312618772335,holm,0.3196312618772335,False,covariate_models_confirmatory.csv,/mnt/d/Thesis Masters/thesis-runs/ELA_run_5ROI/_merged_fit_runs_ela_5ROI/merge_acquisition_ela_5ROI/ELA_features/confirmatory_analysis_v3_notaskfilter/covariate_models_confirmatory.csv,13,p_value,0.3196312618772335,event_trial_type_hrf4__CSplus_freq_B4 ~ C(group) + age + C(sex),C(group)[T.PTSD],0.0346943617605069,1.0065991122601643,0.0401186157365767,-0.0253278422813838,,,,,,,,,,,,,,,all,,,event_trial_type_hrf4__CSplus_freq_B4,global_locking,,CS+ all-on/global locking,/mnt/d/Thesis Masters/thesis-runs/codebase/ela_primary_feature_list_template.csv,0.3196312618772335,False,0.3196312618772335,False,1.0,,
,,dwell_max_B4,48.0,,0.4813732475337737,holm,0.9627464950675476,False,covariate_models_confirmatory.csv,/mnt/d/Thesis Masters/thesis-runs/ELA_run_5ROI/_merged_fit_runs_ela_5ROI/merge_acquisition_ela_5ROI/ELA_features/confirmatory_analysis_v3_notaskfilter/covariate_models_confirmatory.csv,14,p_value,0.4813732475337737,dwell_max_B4 ~ C(group) + age + C(sex),C(group)[T.PTSD],0.4656355288840056,0.7101254370525572,0.0284199826018503,-0.0378241094934779,,,,,,,,,,,,,,,baseline,,,dwell_max_B4,baseline_control,,Baseline max dwell in all-on basin,/mnt/d/Thesis Masters/thesis-runs/codebase/ela_primary_feature_list_template.csv,0.9627464950675476,False,0.9627464950675476,False,2.0,,
,,dwell_max_B1,48.0,,0.4836645515350664,holm,0.9627464950675476,False,covariate_models_confirmatory.csv,/mnt/d/Thesis Masters/thesis-runs/ELA_run_5ROI/_merged_fit_runs_ela_5ROI/merge_acquisition_ela_5ROI/ELA_features/confirmatory_analysis_v3_notaskfilter/covariate_models_confirmatory.csv,15,p_value,0.4836645515350664,dwell_max_B1 ~ C(group) + age + C(sex),C(group)[T.PTSD],0.4008984647685157,0.7063982246148826,0.0289956321389591,-0.0372092111242936,,,,,,,,,,,,,,,baseline,,,dwell_max_B1,baseline_control,,Baseline max dwell in all-off basin,/mnt/d/Thesis Masters/thesis-runs/codebase/ela_primary_feature_list_template.csv,0.9673291030701328,False,0.9627464950675476,False,2.0,,
,,event_trial_type_hrf4__CSplus_peripheral_transition_rate_TR_P_to_Pprime,48.0,,0.5748256776891243,holm,0.5748256776891243,False,covariate_models_confirmatory.csv,/mnt/d/Thesis Masters/thesis-runs/ELA_run_5ROI/_merged_fit_runs_ela_5ROI/merge_acquisition_ela_5ROI/ELA_features/confirmatory_analysis_v3_notaskfilter/covariate_models_confirmatory.csv,16,p_value,0.5748256776891243,event_trial_type_hrf4__CSplus_peripheral_transition_rate_TR_P_to_Pprime ~ C(group) + age + C(sex),C(group)[T.PTSD],0.0051041215624329,0.5651745499729433,0.0617199973943369,-0.002253639146958,,,,,,,,,,,,,,,extinction,,,event_trial_type_hrf4__CSplus_peripheral_transition_rate_TR_P_to_Pprime,extinction_peripheral_dynamics,,CS+ peripheral movement during extinction,/mnt/d/Thesis Masters/thesis-runs/codebase/ela_primary_feature_list_template.csv,1.0,False,0.5748256776891243,False,2.0,,
,,event_trial_type_onset__CSminus_freq_B3,48.0,,0.5776314275146651,holm,1.0,False,covariate_models_confirmatory.csv,/mnt/d/Thesis Masters/thesis-runs/ELA_run_5ROI/_merged_fit_runs_ela_5ROI/merge_acquisition_ela_5ROI/ELA_features/confirmatory_analysis_v3_notaskfilter/covariate_models_confirmatory.csv,17,p_value,0.5776314275146651,event_trial_type_onset__CSminus_freq_B3 ~ C(group) + age + C(sex),C(group)[T.PTSD],-0.0164397008434625,-0.5610179210320128,0.0327765284357766,-0.0331705264436021,,,,,,,,,,,,,,,renewal,,,event_trial_type_onset__CSminus_freq_B3,renewal_safety_retrieval,,CS− safety-like B3 occupancy during renewal,/mnt/d/Thesis Masters/thesis-runs/codebase/ela_primary_feature_list_template.csv,1.0,False,1.0,False,2.0,,
,,peripheral_transition_rate_TR_P_to_Pprime,48.0,,0.6053967681292893,holm,0.6053967681292893,False,covariate_models_confirmatory.csv,/mnt/d/Thesis Masters/thesis-runs/ELA_run_5ROI/_merged_fit_runs_ela_5ROI/merge_acquisition_ela_5ROI/ELA_features/confirmatory_analysis_v3_notaskfilter/covariate_models_confirmatory.csv,18,p_value,0.6053967681292893,peripheral_transition_rate_TR_P_to_Pprime ~ C(group) + age + C(sex),C(group)[T.PTSD],-0.0032585162061142,-0.5203955446144515,0.073099405396689,0.0099016375828269,,,,,,,,,,,,,,,all,,,peripheral_transition_rate_TR_P_to_Pprime,major_peripheral_dynamics,,Movement among peripheral threat/safety basins,/mnt/d/Thesis Masters/thesis-runs/codebase/ela_primary_feature_list_template.csv,1.0,False,0.6053967681292893,False,3.0,,
,,event_trial_type_onset__CSminus_freq_B1,48.0,,0.6378880425315152,holm,1.0,False,covariate_models_confirmatory.csv,/mnt/d/Thesis Masters/thesis-runs/ELA_run_5ROI/_merged_fit_runs_ela_5ROI/merge_acquisition_ela_5ROI/ELA_features/confirmatory_analysis_v3_notaskfilter/covariate_models_confirmatory.csv,19,p_value,0.6378880425315152,event_trial_type_onset__CSminus_freq_B1 ~ C(group) + age + C(sex),C(group)[T.PTSD],-0.0165906311187551,-0.4739372959776678,0.0274028139893031,-0.0389106305114261,,,,,,,,,,,,,,,renewal,,,event_trial_type_onset__CSminus_freq_B1,renewal_safety_retrieval,,CS− all-off occupancy during renewal,/mnt/d/Thesis Masters/thesis-runs/codebase/ela_primary_feature_list_template.csv,1.0,False,1.0,False,2.0,,
,,event_trial_type_hrf4__CSplus_staying_rate_major_SR_A_to_A,,,0.0153898670630786,holm,0.0307797341261572,True,group_tests_confirmatory.csv,/mnt/d/Thesis Masters/thesis-runs/ELA_run_5ROI/_merged_fit_runs_ela_5ROI/merge_acquisition_ela_5ROI/ELA_features/confirmatory_analysis_v3_notaskfilter/group_tests_confirmatory.csv,1,p_value,0.0153898670630786,,,,,,,group_overall,mannwhitney_u,24.0,24.0,HC,PTSD,0.2840612239301889,0.362195899774806,0.2705882352941176,0.3603896103896103,-0.0781346758446171,170.0,-0.8034232042237216,-0.4097222222222222,acquisition,,,event_trial_type_hrf4__CSplus_staying_rate_major_SR_A_to_A,acquisition_threat_learning,,CS+ major-basin staying during acquisition,/mnt/d/Thesis Masters/thesis-runs/codebase/ela_primary_feature_list_template.csv,0.0307797341261572,True,0.0307797341261572,True,2.0,,
,,dyn_Direct_transitions_from_B2_to_B1,,,0.02091786083124,holm,0.0418357216624801,True,group_tests_confirmatory.csv,/mnt/d/Thesis Masters/thesis-runs/ELA_run_5ROI/_merged_fit_runs_ela_5ROI/merge_acquisition_ela_5ROI/ELA_features/confirmatory_analysis_v3_notaskfilter/group_tests_confirmatory.csv,2,p_value,0.02091786083124,,,,,,,group_overall,mannwhitney_u,24.0,24.0,HC,PTSD,0.0487280416666666,0.0368736666666666,0.0451985,0.0362055,0.011854375,400.5,0.7015593306305612,0.390625,all,,,dyn_Direct_transitions_from_B2_to_B1,peripheral_to_major_edges,,Threat-like B2 to all-off B1 return route,/mnt/d/Thesis Masters/thesis-runs/codebase/ela_primary_feature_list_template.csv,0.0418357216624801,True,0.0418357216624801,True,2.0,,
,,event_trial_type_hrf4__CSplus_major_to_peripheral_rate,,,0.022683776007021,holm,0.0307797341261572,True,group_tests_confirmatory.csv,/mnt/d/Thesis Masters/thesis-runs/ELA_run_5ROI/_merged_fit_runs_ela_5ROI/merge_acquisition_ela_5ROI/ELA_features/confirmatory_analysis_v3_notaskfilter/group_tests_confirmatory.csv,3,p_value,0.022683776007021,,,,,,,group_overall,mannwhitney_u,24.0,24.0,HC,PTSD,0.2264342771709599,0.1823038373419994,0.2319327731092436,0.1762749445676274,0.0441304398289605,399.0,0.6975338282422797,0.3854166666666667,acquisition,,,event_trial_type_hrf4__CSplus_major_to_peripheral_rate,acquisition_threat_learning,,CS+ movement from global to peripheral basins during acquisition,/mnt/d/Thesis Masters/thesis-runs/codebase/ela_primary_feature_list_template.csv,0.045367552014042,True,0.0307797341261572,True,2.0,,
,,staying_rate_major_SR_A_to_A,,,0.1011586290821741,holm,0.3034758872465223,False,group_tests_confirmatory.csv,/mnt/d/Thesis Masters/thesis-runs/ELA_run_5ROI/_merged_fit_runs_ela_5ROI/merge_acquisition_ela_5ROI/ELA_features/confirmatory_analysis_v3_notaskfilter/group_tests_confirmatory.csv,4,p_value,0.1011586290821741,,,,,,,group_overall,mannwhitney_u,24.0,24.0,HC,PTSD,0.3292711598914183,0.3723618986869142,0.3194502690990424,0.3503588935574229,-0.0430907387954958,208.0,-0.4528322239813837,-0.2777777777777778,all,,,staying_rate_major_SR_A_to_A,major_peripheral_dynamics,,Major-basin staying/locking,/mnt/d/Thesis Masters/thesis-runs/codebase/ela_primary_feature_list_template.csv,0.3034758872465223,False,0.3034758872465223,False,3.0,,
,,event_trial_type_hrf4__CSminus_freq_B3,,,0.1307266802467432,holm,0.2614533604934865,False,group_tests_confirmatory.csv,/mnt/d/Thesis Masters/thesis-runs/ELA_run_5ROI/_merged_fit_runs_ela_5ROI/merge_acquisition_ela_5ROI/ELA_features/confirmatory_analysis_v3_notaskfilter/group_tests_confirmatory.csv,5,p_value,0.1307266802467432,,,,,,,group_overall,mannwhitney_u,24.0,23.0,HC,PTSD,0.1436105013087118,0.1242697364036318,0.1387362637362637,0.1153846153846153,0.0193407649050799,347.5,0.3318118158986965,0.2590579710144927,all,,,event_trial_type_hrf4__CSminus_freq_B3,event_threat_safety,,CS− recruitment of safety-like B3,/mnt/d/Thesis Masters/thesis-runs/codebase/ela_primary_feature_list_template.csv,0.2614533604934865,False,0.2614533604934865,False,2.0,,
,,event_trial_type_hrf4__CSplus_freq_B4,,,0.143032361637273,holm,0.143032361637273,False,group_tests_confirmatory.csv,/mnt/d/Thesis Masters/thesis-runs/ELA_run_5ROI/_merged_fit_runs_ela_5ROI/merge_acquisition_ela_5ROI/ELA_features/confirmatory_analysis_v3_notaskfilter/group_tests_confirmatory.csv,6,p_value,0.143032361637273,,,,,,,group_overall,mannwhitney_u,24.0,24.0,HC,PTSD,0.3289408056727976,0.3575074266143276,0.3196534427724578,0.3542452830188679,-0.0285666209415299,216.5,-0.2996593450860841,-0.2482638888888889,all,,,event_trial_type_hrf4__CSplus_freq_B4,global_locking,,CS+ all-on/global locking,/mnt/d/Thesis Masters/thesis-runs/codebase/ela_primary_feature_list_template.csv,0.143032361637273,False,0.143032361637273,False,1.0,,
,,basin_entropy,,,0.1578186229329814,holm,0.1578186229329814,False,group_tests_confirmatory.csv,/mnt/d/Thesis Masters/thesis-runs/ELA_run_5ROI/_merged_fit_runs_ela_5ROI/merge_acquisition_ela_5ROI/ELA_features/confirmatory_analysis_v3_notaskfilter/group_tests_confirmatory.csv,7,p_value,0.1578186229329814,,,,,,,group_overall,mannwhitney_u,24.0,24.0,HC,PTSD,0.9218616418556956,0.8919682751403425,0.9285280279760938,0.9107623880448796,0.029893366715353,357.0,0.3891121667503842,0.2395833333333333,all,,,basin_entropy,flexibility,,Basin repertoire/flexibility,/mnt/d/Thesis Masters/thesis-runs/codebase/ela_primary_feature_list_template.csv,0.1578186229329814,False,0.1578186229329814,False,1.0,,
,,peripheral_transition_rate_TR_P_to_Pprime,,,0.1637346002727139,holm,0.3274692005454278,False,group_tests_confirmatory.csv,/mnt/d/Thesis Masters/thesis-runs/ELA_run_5ROI/_merged_fit_runs_ela_5ROI/merge_acquisition_ela_5ROI/ELA_features/confirmatory_analysis_v3_notaskfilter/group_tests_confirmatory.csv,8,p_value,0.1637346002727139,,,,,,,group_overall,mannwhitney_u,24.0,24.0,HC,PTSD,0.0254335029118664,0.0200419295568374,0.0211716226751308,0.0160398585663773,0.005391573355029,356.0,0.3060717147530152,0.2361111111111111,all,,,peripheral_transition_rate_TR_P_to_Pprime,major_peripheral_dynamics,,Movement among peripheral threat/safety basins,/mnt/d/Thesis Masters/thesis-runs/codebase/ela_primary_feature_list_template.csv,0.4912038008181417,False,0.3274692005454278,False,3.0,,
,,lingering_score_SR_AA_plus_SR_PP,,,0.1974804041166984,holm,0.3949608082333968,False,group_tests_confirmatory.csv,/mnt/d/Thesis Masters/thesis-runs/ELA_run_5ROI/_merged_fit_runs_ela_5ROI/merge_acquisition_ela_5ROI/ELA_features/confirmatory_analysis_v3_notaskfilter/group_tests_confirmatory.csv,9,p_value,0.1974804041166984,,,,,,,group_overall,mannwhitney_u,24.0,24.0,HC,PTSD,0.3953877108432446,0.4293453632734494,0.3987519657376116,0.4325524976763969,-0.0339576524302048,225.0,-0.3869051343063033,-0.21875,all,,,lingering_score_SR_AA_plus_SR_PP,summary_scores,,Generalized lingering score,/mnt/d/Thesis Masters/thesis-runs/codebase/ela_primary_feature_list_template.csv,0.3949608082333968,False,0.3949608082333968,False,2.0,,
,,traveling_score_TR_AA_over_TR_PP,,,0.2107675952764317,holm,0.3949608082333968,False,group_tests_confirmatory.csv,/mnt/d/Thesis Masters/thesis-runs/ELA_run_5ROI/_merged_fit_runs_ela_5ROI/merge_acquisition_ela_5ROI/ELA_features/confirmatory_analysis_v3_notaskfilter/group_tests_confirmatory.csv,10,p_value,0.2107675952764317,,,,,,,group_overall,mannwhitney_u,22.0,21.0,HC,PTSD,8.813593729502822,16.6692365835223,7.833333333333333,9.8,-7.855642854019477,179.0,-0.6303078305818357,-0.2251082251082251,all,,,traveling_score_TR_AA_over_TR_PP,summary_scores,,Generalized traveling score,/mnt/d/Thesis Masters/thesis-runs/codebase/ela_primary_feature_list_template.csv,0.4215351905528635,False,0.3949608082333968,False,2.0,,
,,dyn_Direct_transitions_from_B3_to_B4,,,0.2198717106287031,holm,0.2198717106287031,False,group_tests_confirmatory.csv,/mnt/d/Thesis Masters/thesis-runs/ELA_run_5ROI/_merged_fit_runs_ela_5ROI/merge_acquisition_ela_5ROI/ELA_features/confirmatory_analysis_v3_notaskfilter/group_tests_confirmatory.csv,11,p_value,0.2198717106287031,,,,,,,group_overall,mannwhitney_u,24.0,24.0,HC,PTSD,0.0449760833333333,0.038110375,0.0429225,0.037826,0.0068657083333333,348.0,0.4609679627882261,0.2083333333333333,all,,,dyn_Direct_transitions_from_B3_to_B4,peripheral_to_major_edges,,Safety-like B3 to all-on B4 return route,/mnt/d/Thesis Masters/thesis-runs/codebase/ela_primary_feature_list_template.csv,0.4397434212574063,False,0.2198717106287031,False,2.0,,
,,peripheral_to_major_rate,,,0.2789902187158414,holm,0.3274692005454278,False,group_tests_confirmatory.csv,/mnt/d/Thesis Masters/thesis-runs/ELA_run_5ROI/_merged_fit_runs_ela_5ROI/merge_acquisition_ela_5ROI/ELA_features/confirmatory_analysis_v3_notaskfilter/group_tests_confirmatory.csv,12,p_value,0.2789902187158414,,,,,,,group_overall,mannwhitney_u,24.0,24.0,HC,PTSD,0.1916646727113431,0.1774262302268242,0.1876467136150234,0.1800582551861324,0.0142384424845188,341.0,0.3258653393851632,0.1840277777777778,all,,,peripheral_to_major_rate,major_peripheral_dynamics,,Summary return from peripheral to major basins,/mnt/d/Thesis Masters/thesis-runs/codebase/ela_primary_feature_list_template.csv,0.8369706561475242,False,0.3274692005454278,False,3.0,,
,,event_trial_type_hrf4__CSplus_freq_B2,,,0.2881578057298978,holm,0.2881578057298978,False,group_tests_confirmatory.csv,/mnt/d/Thesis Masters/thesis-runs/ELA_run_5ROI/_merged_fit_runs_ela_5ROI/merge_acquisition_ela_5ROI/ELA_features/confirmatory_analysis_v3_notaskfilter/group_tests_confirmatory.csv,13,p_value,0.2881578057298978,,,,,,,group_overall,mannwhitney_u,24.0,24.0,HC,PTSD,0.2185868833861458,0.1933019470220351,0.2136123680241327,0.1933056564608199,0.0252849363641107,340.0,0.2896805547001422,0.1805555555555555,all,,,event_trial_type_hrf4__CSplus_freq_B2,event_threat_safety,,CS+ recruitment of threat-like B2,/mnt/d/Thesis Masters/thesis-runs/codebase/ela_primary_feature_list_template.csv,0.5763156114597956,False,0.2881578057298978,False,2.0,,
,,dwell_max_B1,,,0.4743218508912854,holm,0.9486437017825708,False,group_tests_confirmatory.csv,/mnt/d/Thesis Masters/thesis-runs/ELA_run_5ROI/_merged_fit_runs_ela_5ROI/merge_acquisition_ela_5ROI/ELA_features/confirmatory_analysis_v3_notaskfilter/group_tests_confirmatory.csv,14,p_value,0.4743218508912854,,,,,,,group_overall,mannwhitney_u,24.0,24.0,HC,PTSD,5.708333333333333,5.958333333333333,5.0,6.5,-0.25,253.5,-0.1588639257068834,-0.1197916666666666,baseline,,,dwell_max_B1,baseline_control,,Baseline max dwell in all-off basin,/mnt/d/Thesis Masters/thesis-runs/codebase/ela_primary_feature_list_template.csv,0.9486437017825708,False,0.9486437017825708,False,2.0,,
,,event_trial_type_hrf4__CSplus_within_peripheral_rate_including_stay,,,0.4829395995622396,holm,0.9658791991244792,False,group_tests_confirmatory.csv,/mnt/d/Thesis Masters/thesis-runs/ELA_run_5ROI/_merged_fit_runs_ela_5ROI/merge_acquisition_ela_5ROI/ELA_features/confirmatory_analysis_v3_notaskfilter/group_tests_confirmatory.csv,15,p_value,0.4829395995622396,,,,,,,group_overall,mannwhitney_u,24.0,24.0,HC,PTSD,0.1093871314426395,0.0882264688191466,0.0955312357501139,0.0916142557651991,0.0211606626234928,322.5,0.3104314379387065,0.1197916666666666,extinction,,,event_trial_type_hrf4__CSplus_within_peripheral_rate_including_stay,extinction_peripheral_dynamics,,CS+ retention within peripheral basin space,/mnt/d/Thesis Masters/thesis-runs/codebase/ela_primary_feature_list_template.csv,0.9658791991244792,False,0.9658791991244792,False,2.0,,
,,event_trial_type_onset__CSminus_freq_B3,,,0.5846849724612841,holm,1.0,False,group_tests_confirmatory.csv,/mnt/d/Thesis Masters/thesis-runs/ELA_run_5ROI/_merged_fit_runs_ela_5ROI/merge_acquisition_ela_5ROI/ELA_features/confirmatory_analysis_v3_notaskfilter/group_tests_confirmatory.csv,16,p_value,0.5846849724612841,,,,,,,group_overall,mannwhitney_u,24.0,24.0,HC,PTSD,0.1510393127644691,0.1359023268251815,0.1428571428571428,0.1400560224089635,0.0151369859392876,315.0,0.1861548593773636,0.09375,renewal,,,event_trial_type_onset__CSminus_freq_B3,renewal_safety_retrieval,,CS− safety-like B3 occupancy during renewal,/mnt/d/Thesis Masters/thesis-runs/codebase/ela_primary_feature_list_template.csv,1.0,False,1.0,False,2.0,,
,,event_trial_type_onset__CSminus_freq_B1,,,0.7028285715262335,holm,1.0,False,group_tests_confirmatory.csv,/mnt/d/Thesis Masters/thesis-runs/ELA_run_5ROI/_merged_fit_runs_ela_5ROI/merge_acquisition_ela_5ROI/ELA_features/confirmatory_analysis_v3_notaskfilter/group_tests_confirmatory.csv,17,p_value,0.7028285715262335,,,,,,,group_overall,mannwhitney_u,24.0,24.0,HC,PTSD,0.3912073429246562,0.3904130438903601,0.38009828009828,0.3976648351648351,0.0007942990342961,269.0,0.0081629439952254,-0.0659722222222222,renewal,,,event_trial_type_onset__CSminus_freq_B1,renewal_safety_retrieval,,CS− all-off occupancy during renewal,/mnt/d/Thesis Masters/thesis-runs/codebase/ela_primary_feature_list_template.csv,1.0,False,1.0,False,2.0,,
,,dwell_max_B4,,,0.9497500296808136,holm,0.9497500296808136,False,group_tests_confirmatory.csv,/mnt/d/Thesis Masters/thesis-runs/ELA_run_5ROI/_merged_fit_runs_ela_5ROI/merge_acquisition_ela_5ROI/ELA_features/confirmatory_analysis_v3_notaskfilter/group_tests_confirmatory.csv,18,p_value,0.9497500296808136,,,,,,,group_overall,mannwhitney_u,24.0,24.0,HC,PTSD,5.958333333333333,6.0,6.0,5.5,-0.0416666666666669,291.5,-0.0228497315818059,0.0121527777777777,baseline,,,dwell_max_B4,baseline_control,,Baseline max dwell in all-on basin,/mnt/d/Thesis Masters/thesis-runs/codebase/ela_primary_feature_list_template.csv,1.0,False,0.9497500296808136,False,2.0,,
,,event_trial_type_hrf4__CSplus_peripheral_transition_rate_TR_P_to_Pprime,,,0.9651312725104964,holm,0.9658791991244792,False,group_tests_confirmatory.csv,/mnt/d/Thesis Masters/thesis-runs/ELA_run_5ROI/_merged_fit_runs_ela_5ROI/merge_acquisition_ela_5ROI/ELA_features/confirmatory_analysis_v3_notaskfilter/group_tests_confirmatory.csv,19,p_value,0.9651312725104964,,,,,,,group_overall,mannwhitney_u,24.0,24.0,HC,PTSD,0.0198192957582024,0.0214418041775615,0.0096153846153846,0.0188679245283018,-0.001622508419359,285.5,-0.0635152052693676,-0.0086805555555555,extinction,,,event_trial_type_hrf4__CSplus_peripheral_transition_rate_TR_P_to_Pprime,extinction_peripheral_dynamics,,CS+ peripheral movement during extinction,/mnt/d/Thesis Masters/thesis-runs/codebase/ela_primary_feature_list_template.csv,1.0,False,0.9658791991244792,False,2.0,,
,,event_trial_type_hrf4__CSplus_staying_rate_major_SR_A_to_A,48.0,,0.0033327240638129,holm,0.0066654481276258,True,primary_results_for_manuscript.csv,/mnt/d/Thesis Masters/thesis-runs/ELA_run_5ROI/_merged_fit_runs_ela_5ROI/merge_acquisition_ela_5ROI/ELA_features/confirmatory_analysis_v3_notaskfilter/primary_results_for_manuscript.csv,1,p_value,0.0033327240638129,,C(group)[T.PTSD],0.1075472033347608,3.104028988089141,,,,,,,,,,,,,,,,,acquisition,,,,acquisition_threat_learning,,CS+ major-basin staying during acquisition,,0.0066654481276258,True,0.0066654481276258,True,2.0,covariate_model,corrected_significant
,,event_trial_type_hrf4__CSplus_major_to_peripheral_rate,48.0,,0.0037877326517198,holm,0.0066654481276258,True,primary_results_for_manuscript.csv,/mnt/d/Thesis Masters/thesis-runs/ELA_run_5ROI/_merged_fit_runs_ela_5ROI/merge_acquisition_ela_5ROI/ELA_features/confirmatory_analysis_v3_notaskfilter/primary_results_for_manuscript.csv,2,p_value,0.0037877326517198,,C(group)[T.PTSD],-0.067661787756903,-3.0575774165928804,,,,,,,,,,,,,,,,,acquisition,,,,acquisition_threat_learning,,CS+ movement from global to peripheral basins during acquisition,,0.0075754653034397,True,0.0066654481276258,True,2.0,covariate_model,corrected_significant
,SAI_pre,basin_entropy,24.0,0.5251703908692325,0.0084095988979237,holm,0.0084095988979237,True,primary_results_for_manuscript.csv,/mnt/d/Thesis Masters/thesis-runs/ELA_run_5ROI/_merged_fit_runs_ela_5ROI/merge_acquisition_ela_5ROI/ELA_features/confirmatory_analysis_v3_notaskfilter/primary_results_for_manuscript.csv,3,p_value,0.0084095988979237,,,,,,,,,,,,,,,,,,,,,all_tasks,all,PTSD,,flexibility,,Basin repertoire/flexibility,,0.0084095988979237,True,0.0084095988979237,True,1.0,clinical_spearman,corrected_significant
,PCL,event_trial_type_onset__CSminus_freq_B3,23.0,-0.5319475521389281,0.0089858262517531,holm,0.0179716525035062,True,primary_results_for_manuscript.csv,/mnt/d/Thesis Masters/thesis-runs/ELA_run_5ROI/_merged_fit_runs_ela_5ROI/merge_acquisition_ela_5ROI/ELA_features/confirmatory_analysis_v3_notaskfilter/primary_results_for_manuscript.csv,4,p_value,0.0089858262517531,,,,,,,,,,,,,,,,,,,,,all_tasks,all,PTSD,,renewal_safety_retrieval,,CS− safety-like B3 occupancy during renewal,,0.0179716525035062,True,0.0179716525035062,True,2.0,clinical_spearman,corrected_significant
,PCL,event_trial_type_onset__CSminus_freq_B3,23.0,-0.5319475521389281,0.0089858262517531,holm,0.0179716525035062,True,primary_results_for_manuscript.csv,/mnt/d/Thesis Masters/thesis-runs/ELA_run_5ROI/_merged_fit_runs_ela_5ROI/merge_acquisition_ela_5ROI/ELA_features/confirmatory_analysis_v3_notaskfilter/primary_results_for_manuscript.csv,5,p_value,0.0089858262517531,,,,,,,,,,,,,,,,,,,,,all_tasks,all,all,,renewal_safety_retrieval,,CS− safety-like B3 occupancy during renewal,,0.0179716525035062,True,0.0179716525035062,True,2.0,clinical_spearman,corrected_significant
,SAI_pre,peripheral_to_major_rate,24.0,0.5210387182061662,0.0090346592079517,holm,0.0271039776238552,True,primary_results_for_manuscript.csv,/mnt/d/Thesis Masters/thesis-runs/ELA_run_5ROI/_merged_fit_runs_ela_5ROI/merge_acquisition_ela_5ROI/ELA_features/confirmatory_analysis_v3_notaskfilter/primary_results_for_manuscript.csv,6,p_value,0.0090346592079517,,,,,,,,,,,,,,,,,,,,,all_tasks,all,PTSD,,major_peripheral_dynamics,,Summary return from peripheral to major basins,,0.0271039776238552,True,0.0271039776238552,True,3.0,clinical_spearman,corrected_significant
,,dyn_Direct_transitions_from_B2_to_B1,48.0,,0.0118991649448635,holm,0.023798329889727,True,primary_results_for_manuscript.csv,/mnt/d/Thesis Masters/thesis-runs/ELA_run_5ROI/_merged_fit_runs_ela_5ROI/merge_acquisition_ela_5ROI/ELA_features/confirmatory_analysis_v3_notaskfilter/primary_results_for_manuscript.csv,7,p_value,0.0118991649448635,,C(group)[T.PTSD],-0.0158792893351934,-2.6240547594145958,,,,,,,,,,,,,,,,,all,,,,peripheral_to_major_edges,,Threat-like B2 to all-off B1 return route,,0.023798329889727,True,0.023798329889727,True,2.0,covariate_model,corrected_significant
,,event_trial_type_hrf4__CSplus_staying_rate_major_SR_A_to_A,,,0.0153898670630786,holm,0.0307797341261572,True,primary_results_for_manuscript.csv,/mnt/d/Thesis Masters/thesis-runs/ELA_run_5ROI/_merged_fit_runs_ela_5ROI/merge_acquisition_ela_5ROI/ELA_features/confirmatory_analysis_v3_notaskfilter/primary_results_for_manuscript.csv,8,p_value,0.0153898670630786,,,,,,,group_overall,mannwhitney_u,24.0,24.0,,,0.2840612239301889,0.362195899774806,0.2705882352941176,0.3603896103896103,-0.0781346758446171,170.0,-0.8034232042237216,-0.4097222222222222,acquisition,,,,acquisition_threat_learning,,CS+ major-basin staying during acquisition,,0.0307797341261572,True,0.0307797341261572,True,2.0,overall_group_test,corrected_significant
,BDI,event_trial_type_hrf4__CSplus_freq_B4,23.0,0.4858519912276759,0.0187530733989045,holm,0.0187530733989045,True,primary_results_for_manuscript.csv,/mnt/d/Thesis Masters/thesis-runs/ELA_run_5ROI/_merged_fit_runs_ela_5ROI/merge_acquisition_ela_5ROI/ELA_features/confirmatory_analysis_v3_notaskfilter/primary_results_for_manuscript.csv,9,p_value,0.0187530733989045,,,,,,,,,,,,,,,,,,,,,all_tasks,all,HC,,global_locking,,CS+ all-on/global locking,,0.0187530733989045,True,0.0187530733989045,True,1.0,clinical_spearman,corrected_significant
,,dyn_Direct_transitions_from_B2_to_B1,,,0.02091786083124,holm,0.0418357216624801,True,primary_results_for_manuscript.csv,/mnt/d/Thesis Masters/thesis-runs/ELA_run_5ROI/_merged_fit_runs_ela_5ROI/merge_acquisition_ela_5ROI/ELA_features/confirmatory_analysis_v3_notaskfilter/primary_results_for_manuscript.csv,10,p_value,0.02091786083124,,,,,,,group_overall,mannwhitney_u,24.0,24.0,,,0.0487280416666666,0.0368736666666666,0.0451985,0.0362055,0.011854375,400.5,0.7015593306305612,0.390625,all,,,,peripheral_to_major_edges,,Threat-like B2 to all-off B1 return route,,0.0418357216624801,True,0.0418357216624801,True,2.0,overall_group_test,corrected_significant
,,event_trial_type_hrf4__CSplus_major_to_peripheral_rate,,,0.022683776007021,holm,0.0307797341261572,True,primary_results_for_manuscript.csv,/mnt/d/Thesis Masters/thesis-runs/ELA_run_5ROI/_merged_fit_runs_ela_5ROI/merge_acquisition_ela_5ROI/ELA_features/confirmatory_analysis_v3_notaskfilter/primary_results_for_manuscript.csv,11,p_value,0.022683776007021,,,,,,,group_overall,mannwhitney_u,24.0,24.0,,,0.2264342771709599,0.1823038373419994,0.2319327731092436,0.1762749445676274,0.0441304398289605,399.0,0.6975338282422797,0.3854166666666667,acquisition,,,,acquisition_threat_learning,,CS+ movement from global to peripheral basins during acquisition,,0.045367552014042,True,0.0307797341261572,True,2.0,overall_group_test,corrected_significant
,,basin_entropy,48.0,,0.0299902273722664,holm,0.0299902273722664,True,primary_results_for_manuscript.csv,/mnt/d/Thesis Masters/thesis-runs/ELA_run_5ROI/_merged_fit_runs_ela_5ROI/merge_acquisition_ela_5ROI/ELA_features/confirmatory_analysis_v3_notaskfilter/primary_results_for_manuscript.csv,12,p_value,0.0299902273722664,,C(group)[T.PTSD],-0.0593478622332358,-2.242890506681176,,,,,,,,,,,,,,,,,all,,,,flexibility,,Basin repertoire/flexibility,,0.0299902273722664,True,0.0299902273722664,True,1.0,covariate_model,corrected_significant
