cohort,source,target,count,source_basin,target_basin,most_common_source_event,most_common_target_event,source_total,probability,subject_support_count,n_subjects_in_cohort,subject_support_prop,source_basin_label,target_basin_label
merged,31,32,89,4,4,ITI,ITI,441,0.2018140589569161,36,48,0.75,Global on,Global on
merged,2,1,86,1,1,ITI,ITI,447,0.19239373601789708,37,48,0.7708333333333334,Global off,Global off
merged,11,1,15,1,1,CS-,ITI,86,0.1744186046511628,13,48,0.2708333333333333,Global off,Global off
merged,23,32,31,4,4,ITI,ITI,186,0.16666666666666666,24,48,0.5,Global on,Global on
merged,3,1,37,1,1,ITI,ITI,223,0.16591928251121077,24,48,0.5,Global off,Global off
merged,28,32,47,4,4,ITI,ITI,300,0.15666666666666668,31,48,0.6458333333333334,Global on,Global on
merged,9,1,37,1,1,ITI,ITI,254,0.14566929133858267,25,48,0.5208333333333334,Global off,Global off
merged,5,1,43,1,1,ITI,ITI,296,0.14527027027027026,25,48,0.5208333333333334,Global off,Global off
merged,4,1,54,3,1,ITI,ITI,386,0.13989637305699482,31,48,0.6458333333333334,Safety-like,Global off
merged,24,32,39,4,4,ITI,ITI,280,0.1392857142857143,25,48,0.5208333333333334,Global on,Global on
merged,26,17,14,4,1,ITI,ITI,102,0.13725490196078433,14,48,0.2916666666666667,Global on,Global off
merged,10,1,27,1,1,ITI,ITI,205,0.13170731707317074,21,48,0.4375,Global off,Global off
merged,29,32,50,2,4,ITI,ITI,392,0.12755102040816327,29,48,0.6041666666666666,Threat-like,Global on
merged,15,32,27,2,4,ITI,ITI,212,0.12735849056603774,19,48,0.3958333333333333,Threat-like,Global on
merged,16,32,56,4,4,ITI,ITI,442,0.12669683257918551,31,48,0.6458333333333334,Global on,Global on
merged,30,32,30,4,4,ITI,ITI,238,0.12605042016806722,23,48,0.4791666666666667,Global on,Global on
merged,24,20,35,4,3,ITI,ITI,280,0.125,28,48,0.5833333333333334,Global on,Safety-like
merged,12,1,22,4,1,ITI,CS+,176,0.125,18,48,0.375,Global on,Global off
merged,17,1,53,1,1,ITI,ITI,449,0.11804008908685969,28,48,0.5833333333333334,Global off,Global off
merged,20,32,55,3,4,ITI,ITI,468,0.11752136752136752,28,48,0.5833333333333334,Safety-like,Global on
merged,7,32,13,1,4,ITI,ITI,111,0.11711711711711711,11,48,0.22916666666666666,Global off,Global on
merged,18,17,20,3,1,ITI,ITI,173,0.11560693641618497,14,48,0.2916666666666667,Safety-like,Global off
merged,27,32,15,4,4,ITI,ITI,138,0.10869565217391304,12,48,0.25,Global on,Global on
merged,15,13,23,2,2,CS+,ITI,212,0.10849056603773585,17,48,0.3541666666666667,Threat-like,Threat-like
merged,19,20,29,3,3,ITI,ITI,268,0.10820895522388059,21,48,0.4375,Safety-like,Safety-like
merged,7,1,12,1,1,ITI,ITI,111,0.10810810810810811,11,48,0.22916666666666666,Global off,Global off
merged,5,32,31,1,4,ITI,ITI,296,0.10472972972972973,26,48,0.5416666666666666,Global off,Global on
merged,1,2,84,1,1,ITI,ITI,829,0.10132689987937274,39,48,0.8125,Global off,Global off
merged,14,1,29,2,1,ITI,ITI,290,0.1,20,48,0.4166666666666667,Threat-like,Global off
merged,25,17,19,1,1,ITI,ITI,191,0.09947643979057591,17,48,0.3541666666666667,Global off,Global off
merged,13,1,46,2,1,ITI,ITI,463,0.09935205183585313,28,48,0.5833333333333334,Threat-like,Global off
merged,15,16,21,2,4,CS+,ITI,212,0.09905660377358491,18,48,0.375,Threat-like,Global on
merged,22,1,8,4,1,ITI,ITI,81,0.09876543209876543,8,48,0.16666666666666666,Global on,Global off
merged,18,20,17,3,3,ITI,ITI,173,0.09826589595375723,11,48,0.22916666666666666,Safety-like,Safety-like
merged,26,28,10,4,4,ITI,ITI,102,0.09803921568627451,8,48,0.16666666666666666,Global on,Global on
merged,6,16,13,1,4,ITI,ITI,134,0.09701492537313433,10,48,0.20833333333333334,Global off,Global on
merged,12,32,17,4,4,ITI,ITI,176,0.09659090909090909,14,48,0.2916666666666667,Global on,Global on
merged,9,13,24,1,2,CS+,ITI,254,0.09448818897637795,17,48,0.3541666666666667,Global off,Threat-like
merged,27,20,13,4,3,ITI,ITI,138,0.09420289855072464,9,48,0.1875,Global on,Safety-like
merged,19,1,25,3,1,ITI,ITI,268,0.09328358208955224,17,48,0.3541666666666667,Safety-like,Global off
merged,11,17,8,1,1,ITI,ITI,86,0.09302325581395349,8,48,0.16666666666666666,Global off,Global off
merged,8,1,17,4,1,ITI,ITI,183,0.09289617486338798,12,48,0.25,Global on,Global off
merged,13,32,43,2,4,CS+,ITI,463,0.09287257019438445,30,48,0.625,Threat-like,Global on
merged,18,1,16,3,1,ITI,CS+,173,0.09248554913294797,10,48,0.20833333333333334,Safety-like,Global off
merged,30,1,22,4,1,ITI,ITI,238,0.09243697478991597,18,48,0.375,Global on,Global off
merged,20,28,43,3,4,ITI,ITI,468,0.09188034188034189,27,48,0.5625,Safety-like,Global on
merged,4,2,35,3,1,ITI,ITI,386,0.09067357512953368,21,48,0.4375,Safety-like,Global off
merged,14,13,26,2,2,CS+,ITI,290,0.0896551724137931,20,48,0.4166666666666667,Threat-like,Threat-like
merged,6,1,12,1,1,ITI,ITI,134,0.08955223880597014,11,48,0.22916666666666666,Global off,Global off
merged,6,13,12,1,2,ITI,ITI,134,0.08955223880597014,8,48,0.16666666666666666,Global off,Threat-like
merged,32,31,73,4,4,ITI,ITI,826,0.08837772397094432,31,48,0.6458333333333334,Global on,Global on
merged,26,32,9,4,4,ITI,ITI,102,0.08823529411764706,9,48,0.1875,Global on,Global on
merged,20,17,41,3,1,ITI,ITI,468,0.0876068376068376,26,48,0.5416666666666666,Safety-like,Global off
merged,22,32,7,4,4,CS-,ITI,81,0.08641975308641975,7,48,0.14583333333333334,Global on,Global on
merged,14,32,25,2,4,ITI,ITI,290,0.08620689655172414,19,48,0.3958333333333333,Threat-like,Global on
merged,30,13,20,4,2,ITI,CS+,238,0.08403361344537816,14,48,0.2916666666666667,Global on,Threat-like
merged,25,1,16,1,1,ITI,ITI,191,0.08376963350785341,12,48,0.25,Global off,Global off
merged,21,17,16,1,1,ITI,ITI,192,0.08333333333333333,10,48,0.20833333333333334,Global off,Global off
merged,21,20,16,1,3,ITI,ITI,192,0.08333333333333333,11,48,0.22916666666666666,Global off,Safety-like
merged,17,2,37,1,1,ITI,ITI,449,0.08240534521158129,22,48,0.4583333333333333,Global off,Global off
merged,13,16,38,2,4,CS+,ITI,463,0.08207343412526998,24,48,0.5,Threat-like,Global on
merged,23,20,15,4,3,ITI,ITI,186,0.08064516129032258,11,48,0.22916666666666666,Global on,Safety-like
merged,28,1,24,4,1,ITI,ITI,300,0.08,21,48,0.4375,Global on,Global off
merged,28,20,24,4,3,ITI,ITI,300,0.08,15,48,0.3125,Global on,Safety-like
merged,27,1,11,4,1,ITI,CS+,138,0.07971014492753623,10,48,0.20833333333333334,Global on,Global off
merged,12,16,14,4,4,CS-,ITI,176,0.07954545454545454,12,48,0.25,Global on,Global on
merged,16,31,35,4,4,CS+,ITI,442,0.07918552036199095,23,48,0.4791666666666667,Global on,Global on
merged,26,1,8,4,1,ITI,ITI,102,0.0784313725490196,7,48,0.14583333333333334,Global on,Global off
merged,21,32,15,1,4,ITI,ITI,192,0.078125,13,48,0.2708333333333333,Global off,Global on
merged,13,31,36,2,4,ITI,ITI,463,0.07775377969762419,24,48,0.5,Threat-like,Global on
merged,8,2,14,4,1,ITI,ITI,183,0.07650273224043716,11,48,0.22916666666666666,Global on,Global off
merged,16,1,33,4,1,ITI,ITI,442,0.0746606334841629,25,48,0.5208333333333334,Global on,Global off
merged,6,14,10,1,2,CS+,ITI,134,0.07462686567164178,8,48,0.16666666666666666,Global off,Threat-like
merged,22,8,6,4,4,ITI,CS-,81,0.07407407407407407,6,48,0.125,Global on,Global on
merged,29,31,29,2,4,ITI,ITI,392,0.07397959183673469,20,48,0.4166666666666667,Threat-like,Global on
merged,21,1,14,1,1,ITI,ITI,192,0.07291666666666667,12,48,0.25,Global off,Global off
merged,20,1,34,3,1,ITI,ITI,468,0.07264957264957266,24,48,0.5,Safety-like,Global off
merged,14,16,21,2,4,ITI,ITI,290,0.07241379310344828,17,48,0.3541666666666667,Threat-like,Global on
merged,1,13,60,1,2,CS+,CS+,829,0.07237635705669482,29,48,0.6041666666666666,Global off,Threat-like
merged,7,5,8,1,1,ITI,ITI,111,0.07207207207207207,7,48,0.14583333333333334,Global off,Global off
merged,8,13,13,4,2,CS-,ITI,183,0.07103825136612021,11,48,0.22916666666666666,Global on,Threat-like
merged,8,29,13,4,2,ITI,ITI,183,0.07103825136612021,11,48,0.22916666666666666,Global on,Threat-like
merged,19,4,19,3,3,ITI,ITI,268,0.0708955223880597,14,48,0.2916666666666667,Safety-like,Safety-like
merged,15,31,15,2,4,CS+,ITI,212,0.07075471698113207,13,48,0.2708333333333333,Threat-like,Global on
merged,11,5,6,1,1,CS+,ITI,86,0.06976744186046512,4,48,0.08333333333333333,Global off,Global off
merged,14,29,20,2,2,ITI,ITI,290,0.06896551724137931,16,48,0.3333333333333333,Threat-like,Threat-like
merged,10,14,14,1,2,CS+,CS+,205,0.06829268292682927,11,48,0.22916666666666666,Global off,Threat-like
merged,12,13,12,4,2,CS+,CS+,176,0.06818181818181818,9,48,0.1875,Global on,Threat-like
merged,25,20,13,1,3,ITI,ITI,191,0.06806282722513089,10,48,0.20833333333333334,Global off,Safety-like
merged,25,32,13,1,4,ITI,ITI,191,0.06806282722513089,13,48,0.2708333333333333,Global off,Global on
merged,32,20,56,4,3,ITI,ITI,826,0.06779661016949153,32,48,0.6666666666666666,Global on,Safety-like
merged,21,29,13,1,2,CS+,ITI,192,0.06770833333333333,10,48,0.20833333333333334,Global off,Threat-like
merged,19,17,18,3,1,ITI,ITI,268,0.06716417910447761,14,48,0.2916666666666667,Safety-like,Global off
merged,6,32,9,1,4,ITI,ITI,134,0.06716417910447761,8,48,0.16666666666666666,Global off,Global on
merged,13,29,31,2,2,CS+,ITI,463,0.06695464362850972,18,48,0.375,Threat-like,Threat-like
merged,29,1,26,2,1,ITI,ITI,392,0.0663265306122449,21,48,0.4375,Threat-like,Global off
merged,29,13,26,2,2,CS+,ITI,392,0.0663265306122449,18,48,0.375,Threat-like,Threat-like
merged,15,14,14,2,2,CS+,ITI,212,0.0660377358490566,12,48,0.25,Threat-like,Threat-like
merged,27,19,9,4,3,ITI,ITI,138,0.06521739130434782,9,48,0.1875,Global on,Safety-like
merged,1,17,53,1,1,ITI,ITI,829,0.06393244873341375,29,48,0.6041666666666666,Global off,Global off
merged,19,32,17,3,4,ITI,ITI,268,0.06343283582089553,13,48,0.2708333333333333,Safety-like,Global on
merged,10,4,13,1,3,ITI,ITI,205,0.06341463414634146,6,48,0.125,Global off,Safety-like
merged,10,13,13,1,2,CS+,CS+,205,0.06341463414634146,10,48,0.20833333333333334,Global off,Threat-like
merged,10,32,13,1,4,ITI,CS-,205,0.06341463414634146,10,48,0.20833333333333334,Global off,Global on
merged,7,4,7,1,3,CS-,CS-,111,0.06306306306306306,7,48,0.14583333333333334,Global off,Safety-like
merged,7,16,7,1,4,CS+,ITI,111,0.06306306306306306,6,48,0.125,Global off,Global on
merged,32,28,52,4,4,ITI,ITI,826,0.06295399515738499,31,48,0.6458333333333334,Global on,Global on
merged,3,2,14,1,1,ITI,ITI,223,0.06278026905829596,10,48,0.20833333333333334,Global off,Global off
merged,3,4,14,1,3,ITI,ITI,223,0.06278026905829596,11,48,0.22916666666666666,Global off,Safety-like
merged,3,32,14,1,4,ITI,ITI,223,0.06278026905829596,11,48,0.22916666666666666,Global off,Global on
merged,12,2,11,4,1,CS-,ITI,176,0.0625,9,48,0.1875,Global on,Global off
merged,17,19,28,1,3,ITI,ITI,449,0.062360801781737196,19,48,0.3958333333333333,Global off,Safety-like
merged,4,17,24,3,1,ITI,ITI,386,0.06217616580310881,17,48,0.3541666666666667,Safety-like,Global off
merged,4,20,24,3,3,ITI,ITI,386,0.06217616580310881,16,48,0.3333333333333333,Safety-like,Safety-like
merged,4,32,24,3,4,CS+,ITI,386,0.06217616580310881,18,48,0.375,Safety-like,Global on
merged,20,19,29,3,3,ITI,ITI,468,0.06196581196581197,19,48,0.3958333333333333,Safety-like,Safety-like
merged,32,29,51,4,2,ITI,ITI,826,0.06174334140435835,28,48,0.5833333333333334,Global on,Threat-like
merged,22,4,5,4,3,ITI,ITI,81,0.06172839506172839,5,48,0.10416666666666667,Global on,Safety-like
merged,31,16,27,4,4,CS+,ITI,441,0.061224489795918366,22,48,0.4583333333333333,Global on,Global on
merged,24,4,17,4,3,ITI,ITI,280,0.060714285714285714,15,48,0.3125,Global on,Safety-like
merged,17,20,27,1,3,ITI,ITI,449,0.060133630289532294,20,48,0.4166666666666667,Global off,Safety-like
merged,32,16,49,4,4,ITI,ITI,826,0.059322033898305086,28,48,0.5833333333333334,Global on,Global on
merged,23,1,11,4,1,ITI,CS+,186,0.05913978494623656,11,48,0.22916666666666666,Global on,Global off
merged,1,4,49,1,3,ITI,ITI,829,0.05910735826296743,26,48,0.5416666666666666,Global off,Safety-like
merged,30,29,14,4,2,ITI,ITI,238,0.058823529411764705,11,48,0.22916666666666666,Global on,Threat-like
merged,30,31,14,4,4,CS+,CS+,238,0.058823529411764705,13,48,0.2708333333333333,Global on,Global on
merged,26,20,6,4,3,ITI,ITI,102,0.058823529411764705,6,48,0.125,Global on,Safety-like
merged,3,17,13,1,1,ITI,ITI,223,0.05829596412556054,12,48,0.25,Global off,Global off
merged,2,16,26,1,4,ITI,ITI,447,0.058165548098434,19,48,0.3958333333333333,Global off,Global on
merged,11,2,5,1,1,ITI,CS+,86,0.05813953488372093,5,48,0.10416666666666667,Global off,Global off
merged,27,13,8,4,2,CS+,CS+,138,0.057971014492753624,6,48,0.125,Global on,Threat-like
merged,27,17,8,4,1,ITI,ITI,138,0.057971014492753624,7,48,0.14583333333333334,Global on,Global off
merged,18,2,10,3,1,ITI,ITI,173,0.057803468208092484,9,48,0.1875,Safety-like,Global off
merged,18,28,10,3,4,ITI,ITI,173,0.057803468208092484,8,48,0.16666666666666666,Safety-like,Global on
merged,25,2,11,1,1,ITI,ITI,191,0.05759162303664921,10,48,0.20833333333333334,Global off,Global off
merged,25,29,11,1,2,CS-,ITI,191,0.05759162303664921,11,48,0.22916666666666666,Global off,Threat-like
merged,32,1,47,4,1,ITI,ITI,826,0.05690072639225181,29,48,0.6041666666666666,Global on,Global off
merged,12,9,10,4,1,ITI,CS-,176,0.056818181818181816,10,48,0.20833333333333334,Global on,Global off
merged,31,13,25,4,2,CS+,ITI,441,0.05668934240362812,21,48,0.4375,Global on,Threat-like
merged,31,29,25,4,2,ITI,ITI,441,0.05668934240362812,16,48,0.3333333333333333,Global on,Threat-like
merged,28,31,17,4,4,ITI,ITI,300,0.056666666666666664,15,48,0.3125,Global on,Global on
merged,15,1,12,2,1,ITI,ITI,212,0.05660377358490566,11,48,0.22916666666666666,Threat-like,Global off
merged,16,29,25,4,2,ITI,ITI,442,0.05656108597285068,18,48,0.375,Global on,Threat-like
merged,13,14,26,2,2,CS+,ITI,463,0.056155507559395246,21,48,0.4375,Threat-like,Threat-like
merged,2,13,25,1,2,ITI,ITI,447,0.05592841163310962,19,48,0.3958333333333333,Global off,Threat-like
merged,2,32,25,1,4,ITI,ITI,447,0.05592841163310962,20,48,0.4166666666666667,Global off,Global on
merged,17,32,25,1,4,ITI,ITI,449,0.0556792873051225,20,48,0.4166666666666667,Global off,Global on
merged,20,2,26,3,1,ITI,CS+,468,0.05555555555555555,18,48,0.375,Safety-like,Global off
merged,1,5,46,1,1,CS+,ITI,829,0.05548854041013269,29,48,0.6041666666666666,Global off,Global off
merged,1,32,46,1,4,ITI,ITI,829,0.05548854041013269,27,48,0.5625,Global off,Global on
merged,9,5,14,1,1,ITI,ITI,254,0.05511811023622047,13,48,0.2708333333333333,Global off,Global off
merged,9,20,14,1,3,ITI,ITI,254,0.05511811023622047,10,48,0.20833333333333334,Global off,Safety-like
merged,9,32,14,1,4,CS+,ITI,254,0.05511811023622047,11,48,0.22916666666666666,Global off,Global on
merged,8,16,10,4,4,ITI,ITI,183,0.0546448087431694,10,48,0.20833333333333334,Global on,Global on
merged,8,32,10,4,4,ITI,ITI,183,0.0546448087431694,9,48,0.1875,Global on,Global on
merged,31,20,24,4,3,ITI,ITI,441,0.05442176870748299,16,48,0.3333333333333333,Global on,Safety-like
merged,16,13,24,4,2,CS+,ITI,442,0.05429864253393665,17,48,0.3541666666666667,Global on,Threat-like
merged,1,3,45,1,1,ITI,ITI,829,0.054282267792521106,25,48,0.5208333333333334,Global off,Global off
merged,5,13,16,1,2,CS+,ITI,296,0.05405405405405406,15,48,0.3125,Global off,Threat-like
merged,5,15,16,1,2,ITI,ITI,296,0.05405405405405406,14,48,0.2916666666666667,Global off,Threat-like
merged,23,17,10,4,1,ITI,ITI,186,0.053763440860215055,10,48,0.20833333333333334,Global on,Global off
merged,23,29,10,4,2,CS-,ITI,186,0.053763440860215055,8,48,0.16666666666666666,Global on,Threat-like
merged,2,4,24,1,3,ITI,ITI,447,0.053691275167785234,16,48,0.3333333333333333,Global off,Safety-like
merged,10,2,11,1,1,ITI,ITI,205,0.05365853658536585,8,48,0.16666666666666666,Global off,Global off
merged,28,19,16,4,3,ITI,ITI,300,0.05333333333333334,15,48,0.3125,Global on,Safety-like
merged,32,30,44,4,4,ITI,ITI,826,0.053268765133171914,27,48,0.5625,Global on,Global on
merged,25,3,10,1,1,ITI,ITI,191,0.05235602094240838,9,48,0.1875,Global off,Global off
merged,6,2,7,1,1,ITI,ITI,134,0.05223880597014925,7,48,0.14583333333333334,Global off,Global off
merged,6,5,7,1,1,CS+,ITI,134,0.05223880597014925,7,48,0.14583333333333334,Global off,Global off
merged,21,16,10,1,4,CS-,ITI,192,0.052083333333333336,10,48,0.20833333333333334,Global off,Global on
merged,18,29,9,3,2,ITI,CS+,173,0.05202312138728324,8,48,0.16666666666666666,Safety-like,Threat-like
merged,13,5,24,2,1,CS+,ITI,463,0.05183585313174946,17,48,0.3541666666666667,Threat-like,Global off
merged,2,5,23,1,1,ITI,ITI,447,0.05145413870246085,19,48,0.3958333333333333,Global off,Global off
merged,9,29,13,1,2,CS+,ITI,254,0.051181102362204724,11,48,0.22916666666666666,Global off,Threat-like
merged,27,4,7,4,3,ITI,CS+,138,0.050724637681159424,6,48,0.125,Global on,Safety-like
merged,5,31,15,1,4,CS+,ITI,296,0.05067567567567568,12,48,0.25,Global off,Global on
merged,30,20,12,4,3,ITI,ITI,238,0.05042016806722689,8,48,0.16666666666666666,Global on,Safety-like
merged,28,17,15,4,1,ITI,ITI,300,0.05,12,48,0.25,Global on,Global off
merged,24,16,14,4,4,CS+,CS+,280,0.05,12,48,0.25,Global on,Global on
merged,16,30,22,4,4,ITI,ITI,442,0.049773755656108594,14,48,0.2916666666666667,Global on,Global on
merged,22,2,4,4,1,CS-,CS-,81,0.04938271604938271,4,48,0.08333333333333333,Global on,Global off
merged,22,5,4,4,1,CS+,ITI,81,0.04938271604938271,4,48,0.08333333333333333,Global on,Global off
merged,22,13,4,4,2,CS-,ITI,81,0.04938271604938271,4,48,0.08333333333333333,Global on,Threat-like
merged,22,24,4,4,4,ITI,ITI,81,0.04938271604938271,4,48,0.08333333333333333,Global on,Global on
merged,22,28,4,4,4,ITI,ITI,81,0.04938271604938271,4,48,0.08333333333333333,Global on,Global on
merged,22,31,4,4,4,ITI,ITI,81,0.04938271604938271,4,48,0.08333333333333333,Global on,Global on
merged,3,16,11,1,4,CS+,CS+,223,0.04932735426008968,11,48,0.22916666666666666,Global off,Global on
merged,8,4,9,4,3,ITI,ITI,183,0.04918032786885246,8,48,0.16666666666666666,Global on,Safety-like
merged,8,24,9,4,4,ITI,ITI,183,0.04918032786885246,9,48,0.1875,Global on,Global on
merged,20,4,23,3,3,ITI,ITI,468,0.049145299145299144,16,48,0.3333333333333333,Safety-like,Safety-like
merged,26,2,5,4,1,ITI,ITI,102,0.049019607843137254,4,48,0.08333333333333333,Global on,Global off
merged,17,4,22,1,3,ITI,ITI,449,0.04899777282850779,13,48,0.2708333333333333,Global off,Safety-like
merged,19,28,13,3,4,ITI,ITI,268,0.048507462686567165,12,48,0.25,Safety-like,Global on
merged,29,16,19,2,4,CS+,ITI,392,0.04846938775510204,14,48,0.2916666666666667,Threat-like,Global on
merged,23,16,9,4,4,CS+,ITI,186,0.04838709677419355,9,48,0.1875,Global on,Global on
merged,14,30,14,2,4,CS+,ITI,290,0.04827586206896552,12,48,0.25,Threat-like,Global on
merged,31,30,21,4,4,ITI,ITI,441,0.047619047619047616,15,48,0.3125,Global on,Global on
merged,9,2,12,1,1,ITI,ITI,254,0.047244094488188976,10,48,0.20833333333333334,Global off,Global off
merged,9,14,12,1,2,ITI,ITI,254,0.047244094488188976,12,48,0.25,Global off,Threat-like
merged,25,5,9,1,1,ITI,CS+,191,0.04712041884816754,8,48,0.16666666666666666,Global off,Global off
merged,25,13,9,1,2,CS+,CS+,191,0.04712041884816754,9,48,0.1875,Global off,Threat-like
merged,2,17,21,1,1,ITI,ITI,447,0.04697986577181208,15,48,0.3125,Global off,Global off
merged,21,24,9,1,4,ITI,CS-,192,0.046875,9,48,0.1875,Global off,Global on
merged,11,3,4,1,1,ITI,ITI,86,0.046511627906976744,4,48,0.08333333333333333,Global off,Global off
merged,11,9,4,1,1,CS-,CS-,86,0.046511627906976744,4,48,0.08333333333333333,Global off,Global off
merged,11,10,4,1,1,ITI,CS+,86,0.046511627906976744,4,48,0.08333333333333333,Global off,Global off
merged,11,31,4,1,4,ITI,ITI,86,0.046511627906976744,4,48,0.08333333333333333,Global off,Global on
merged,11,32,4,1,4,CS-,CS-,86,0.046511627906976744,4,48,0.08333333333333333,Global off,Global on
merged,18,4,8,3,3,CS-,ITI,173,0.046242774566473986,7,48,0.14583333333333334,Safety-like,Safety-like
merged,30,28,11,4,4,ITI,ITI,238,0.046218487394957986,10,48,0.20833333333333334,Global on,Global on
merged,32,24,38,4,4,ITI,ITI,826,0.04600484261501211,24,48,0.5,Global on,Global on
merged,12,4,8,4,3,ITI,ITI,176,0.045454545454545456,7,48,0.14583333333333334,Global on,Safety-like
merged,16,2,20,4,1,ITI,ITI,442,0.04524886877828054,18,48,0.375,Global on,Global off
merged,7,2,5,1,1,CS+,ITI,111,0.04504504504504504,5,48,0.10416666666666667,Global off,Global off
merged,7,20,5,1,3,ITI,ITI,111,0.04504504504504504,4,48,0.08333333333333333,Global off,Safety-like
merged,7,24,5,1,4,CS-,ITI,111,0.04504504504504504,5,48,0.10416666666666667,Global off,Global on
merged,7,31,5,1,4,CS+,ITI,111,0.04504504504504504,3,48,0.0625,Global off,Global on
merged,6,9,6,1,1,ITI,ITI,134,0.04477611940298507,6,48,0.125,Global off,Global off
merged,1,16,37,1,4,CS+,ITI,829,0.04463208685162847,22,48,0.4583333333333333,Global off,Global on
merged,1,20,37,1,3,ITI,ITI,829,0.04463208685162847,21,48,0.4375,Global off,Safety-like
merged,17,18,20,1,3,ITI,ITI,449,0.044543429844097995,13,48,0.2708333333333333,Global off,Safety-like
merged,17,28,20,1,4,ITI,ITI,449,0.044543429844097995,16,48,0.3333333333333333,Global off,Global on
merged,5,2,13,1,1,ITI,ITI,296,0.04391891891891892,11,48,0.22916666666666666,Global off,Global off
merged,5,23,13,1,4,ITI,ITI,296,0.04391891891891892,10,48,0.20833333333333334,Global off,Global on
merged,10,16,9,1,4,CS+,CS+,205,0.04390243902439024,8,48,0.16666666666666666,Global off,Global on
merged,8,20,8,4,3,ITI,ITI,183,0.04371584699453552,7,48,0.14583333333333334,Global on,Safety-like
merged,27,18,6,4,3,ITI,ITI,138,0.043478260869565216,6,48,0.125,Global on,Safety-like
merged,27,25,6,4,1,ITI,ITI,138,0.043478260869565216,6,48,0.125,Global on,Global off
merged,28,9,13,4,1,ITI,CS+,300,0.043333333333333335,10,48,0.20833333333333334,Global on,Global off
merged,31,28,19,4,4,ITI,ITI,441,0.04308390022675737,15,48,0.3125,Global on,Global on
merged,23,2,8,4,1,ITI,ITI,186,0.043010752688172046,6,48,0.125,Global on,Global off
merged,23,19,8,4,3,CS-,ITI,186,0.043010752688172046,6,48,0.125,Global on,Safety-like
merged,23,31,8,4,4,ITI,ITI,186,0.043010752688172046,7,48,0.14583333333333334,Global on,Global on
merged,16,14,19,4,2,CS+,ITI,442,0.042986425339366516,15,48,0.3125,Global on,Threat-like
merged,24,1,12,4,1,ITI,ITI,280,0.04285714285714286,11,48,0.22916666666666666,Global on,Global off
merged,24,31,12,4,4,ITI,ITI,280,0.04285714285714286,11,48,0.22916666666666666,Global on,Global on
merged,30,16,10,4,4,ITI,ITI,238,0.04201680672268908,8,48,0.16666666666666666,Global on,Global on
merged,30,17,10,4,1,ITI,ITI,238,0.04201680672268908,8,48,0.16666666666666666,Global on,Global off
merged,21,4,8,1,3,ITI,ITI,192,0.041666666666666664,8,48,0.16666666666666666,Global off,Safety-like
merged,21,31,8,1,4,ITI,ITI,192,0.041666666666666664,8,48,0.16666666666666666,Global off,Global on
merged,4,16,16,3,4,ITI,CS+,386,0.04145077720207254,14,48,0.2916666666666667,Safety-like,Global on
merged,14,5,12,2,1,ITI,ITI,290,0.041379310344827586,10,48,0.20833333333333334,Threat-like,Global off
merged,14,15,12,2,2,CS+,ITI,290,0.041379310344827586,9,48,0.1875,Threat-like,Threat-like
merged,14,31,12,2,4,CS+,ITI,290,0.041379310344827586,9,48,0.1875,Threat-like,Global on
merged,32,17,34,4,1,ITI,ITI,826,0.04116222760290557,23,48,0.4791666666666667,Global on,Global off
merged,19,3,11,3,1,ITI,ITI,268,0.041044776119402986,9,48,0.1875,Safety-like,Global off
merged,19,18,11,3,3,ITI,ITI,268,0.041044776119402986,8,48,0.16666666666666666,Safety-like,Safety-like
merged,29,4,16,2,3,ITI,ITI,392,0.04081632653061224,11,48,0.22916666666666666,Threat-like,Safety-like
merged,29,17,16,2,1,ITI,ITI,392,0.04081632653061224,12,48,0.25,Threat-like,Global off
merged,29,20,16,2,3,ITI,ITI,392,0.04081632653061224,10,48,0.20833333333333334,Threat-like,Safety-like
merged,16,4,18,4,3,ITI,ITI,442,0.04072398190045249,14,48,0.2916666666666667,Global on,Safety-like
merged,5,16,12,1,4,ITI,ITI,296,0.04054054054054054,11,48,0.22916666666666666,Global off,Global on
merged,5,21,12,1,1,CS+,ITI,296,0.04054054054054054,9,48,0.1875,Global off,Global off
merged,18,12,7,3,4,ITI,CS-,173,0.04046242774566474,7,48,0.14583333333333334,Safety-like,Global on
merged,18,14,7,3,2,ITI,ITI,173,0.04046242774566474,6,48,0.125,Safety-like,Threat-like
merged,18,32,7,3,4,CS+,CS-,173,0.04046242774566474,7,48,0.14583333333333334,Safety-like,Global on
merged,3,5,9,1,1,CS-,CS-,223,0.04035874439461883,9,48,0.1875,Global off,Global off
merged,3,20,9,1,3,CS-,ITI,223,0.04035874439461883,8,48,0.16666666666666666,Global off,Safety-like
merged,3,29,9,1,2,CS+,ITI,223,0.04035874439461883,6,48,0.125,Global off,Threat-like
merged,17,29,18,1,2,ITI,CS+,449,0.0400890868596882,13,48,0.2708333333333333,Global off,Threat-like
merged,28,30,12,4,4,ITI,CS+,300,0.04,10,48,0.20833333333333334,Global on,Global on
merged,12,20,7,4,3,ITI,ITI,176,0.03977272727272727,6,48,0.125,Global on,Safety-like
merged,12,28,7,4,4,ITI,CS-,176,0.03977272727272727,4,48,0.08333333333333333,Global on,Global on
merged,9,17,10,1,1,CS-,ITI,254,0.03937007874015748,8,48,0.16666666666666666,Global off,Global off
merged,24,2,11,4,1,ITI,ITI,280,0.039285714285714285,11,48,0.22916666666666666,Global on,Global off
merged,24,29,11,4,2,CS-,ITI,280,0.039285714285714285,11,48,0.22916666666666666,Global on,Threat-like
merged,26,5,4,4,1,ITI,CS-,102,0.0392156862745098,4,48,0.08333333333333333,Global on,Global off
merged,26,14,4,4,2,CS-,ITI,102,0.0392156862745098,4,48,0.08333333333333333,Global on,Threat-like
merged,26,31,4,4,4,CS+,ITI,102,0.0392156862745098,3,48,0.0625,Global on,Global on
merged,10,5,8,1,1,ITI,ITI,205,0.03902439024390244,8,48,0.16666666666666666,Global off,Global off
merged,10,29,8,1,2,ITI,CS-,205,0.03902439024390244,6,48,0.125,Global off,Threat-like
merged,10,31,8,1,4,CS+,ITI,205,0.03902439024390244,7,48,0.14583333333333334,Global off,Global on
merged,13,9,18,2,1,ITI,ITI,463,0.038876889848812095,14,48,0.2916666666666667,Threat-like,Global off
merged,13,17,18,2,1,ITI,ITI,463,0.038876889848812095,14,48,0.2916666666666667,Threat-like,Global off
merged,32,13,32,4,2,ITI,ITI,826,0.0387409200968523,23,48,0.4791666666666667,Global on,Threat-like
merged,32,14,32,4,2,CS+,ITI,826,0.0387409200968523,26,48,0.5416666666666666,Global on,Threat-like
merged,20,24,18,3,4,ITI,ITI,468,0.038461538461538464,12,48,0.25,Safety-like,Global on
merged,20,31,18,3,4,ITI,CS+,468,0.038461538461538464,11,48,0.22916666666666666,Safety-like,Global on
merged,16,5,17,4,1,ITI,ITI,442,0.038461538461538464,15,48,0.3125,Global on,Global off
merged,16,15,17,4,2,CS+,CS+,442,0.038461538461538464,15,48,0.3125,Global on,Threat-like
merged,29,24,15,2,4,ITI,ITI,392,0.03826530612244898,14,48,0.2916666666666667,Threat-like,Global on
merged,29,28,15,2,4,ITI,ITI,392,0.03826530612244898,12,48,0.25,Threat-like,Global on
merged,8,14,7,4,2,ITI,CS+,183,0.03825136612021858,6,48,0.125,Global on,Threat-like
merged,8,15,7,4,2,ITI,ITI,183,0.03825136612021858,7,48,0.14583333333333334,Global on,Threat-like
merged,8,31,7,4,4,CS+,ITI,183,0.03825136612021858,7,48,0.14583333333333334,Global on,Global on
merged,2,10,17,1,1,CS+,ITI,447,0.03803131991051454,12,48,0.25,Global off,Global off
merged,14,2,11,2,1,ITI,ITI,290,0.03793103448275862,11,48,0.22916666666666666,Threat-like,Global off
merged,14,4,11,2,3,ITI,ITI,290,0.03793103448275862,9,48,0.1875,Threat-like,Safety-like
merged,14,8,11,2,4,CS+,ITI,290,0.03793103448275862,11,48,0.22916666666666666,Threat-like,Global on
merged,30,2,9,4,1,ITI,ITI,238,0.037815126050420166,8,48,0.16666666666666666,Global on,Global off
merged,30,24,9,4,4,ITI,ITI,238,0.037815126050420166,7,48,0.14583333333333334,Global on,Global on
merged,15,12,8,2,4,ITI,ITI,212,0.03773584905660377,8,48,0.16666666666666666,Threat-like,Global on
merged,15,24,8,2,4,CS+,ITI,212,0.03773584905660377,6,48,0.125,Threat-like,Global on
merged,15,29,8,2,2,CS+,ITI,212,0.03773584905660377,8,48,0.16666666666666666,Threat-like,Threat-like
merged,23,10,7,4,1,ITI,ITI,186,0.03763440860215054,6,48,0.125,Global on,Global off
merged,23,13,7,4,2,CS+,CS+,186,0.03763440860215054,6,48,0.125,Global on,Threat-like
merged,23,28,7,4,4,ITI,ITI,186,0.03763440860215054,7,48,0.14583333333333334,Global on,Global on
merged,19,25,10,3,1,ITI,ITI,268,0.03731343283582089,10,48,0.20833333333333334,Safety-like,Global off
merged,6,20,5,1,3,ITI,ITI,134,0.03731343283582089,5,48,0.10416666666666667,Global off,Safety-like
merged,5,4,11,1,3,ITI,ITI,296,0.037162162162162164,9,48,0.1875,Global off,Safety-like
merged,5,14,11,1,2,CS+,CS+,296,0.037162162162162164,10,48,0.20833333333333334,Global off,Threat-like
merged,22,10,3,4,1,CS+,ITI,81,0.037037037037037035,3,48,0.0625,Global on,Global off
merged,22,15,3,4,2,ITI,CS-,81,0.037037037037037035,3,48,0.0625,Global on,Threat-like
merged,22,16,3,4,4,CS+,ITI,81,0.037037037037037035,3,48,0.0625,Global on,Global on
merged,22,17,3,4,1,CS-,CS-,81,0.037037037037037035,3,48,0.0625,Global on,Global off
merged,22,20,3,4,3,ITI,ITI,81,0.037037037037037035,3,48,0.0625,Global on,Safety-like
merged,22,30,3,4,4,ITI,ITI,81,0.037037037037037035,3,48,0.0625,Global on,Global on
merged,13,2,17,2,1,ITI,ITI,463,0.0367170626349892,12,48,0.25,Threat-like,Global off
merged,13,15,17,2,2,CS+,ITI,463,0.0367170626349892,11,48,0.22916666666666666,Threat-like,Threat-like
merged,28,29,11,4,2,ITI,ITI,300,0.03666666666666667,11,48,0.22916666666666666,Global on,Threat-like
merged,25,14,7,1,2,CS-,CS-,191,0.03664921465968586,7,48,0.14583333333333334,Global off,Threat-like
merged,25,19,7,1,3,ITI,ITI,191,0.03664921465968586,6,48,0.125,Global off,Safety-like
merged,25,31,7,1,4,ITI,CS+,191,0.03664921465968586,7,48,0.14583333333333334,Global off,Global on
merged,21,5,7,1,1,ITI,ITI,192,0.036458333333333336,6,48,0.125,Global off,Global off
merged,21,9,7,1,1,ITI,ITI,192,0.036458333333333336,6,48,0.125,Global off,Global off
merged,21,13,7,1,2,ITI,ITI,192,0.036458333333333336,5,48,0.10416666666666667,Global off,Threat-like
merged,4,9,14,3,1,ITI,ITI,386,0.03626943005181347,14,48,0.2916666666666667,Safety-like,Global off
merged,27,10,5,4,1,ITI,CS+,138,0.036231884057971016,3,48,0.0625,Global on,Global off
merged,27,28,5,4,4,ITI,ITI,138,0.036231884057971016,5,48,0.10416666666666667,Global on,Global on
merged,16,24,16,4,4,ITI,ITI,442,0.03619909502262444,9,48,0.1875,Global on,Global on
merged,1,9,30,1,1,ITI,ITI,829,0.03618817852834741,24,48,0.5,Global off,Global off
merged,7,14,4,1,2,CS+,ITI,111,0.036036036036036036,4,48,0.08333333333333333,Global off,Threat-like
merged,7,21,4,1,1,ITI,CS+,111,0.036036036036036036,4,48,0.08333333333333333,Global off,Global off
merged,3,9,8,1,1,ITI,ITI,223,0.03587443946188341,6,48,0.125,Global off,Global off
merged,2,29,16,1,2,CS+,CS+,447,0.035794183445190156,11,48,0.22916666666666666,Global off,Threat-like
merged,2,31,16,1,4,ITI,CS+,447,0.035794183445190156,14,48,0.2916666666666667,Global off,Global on
merged,24,9,10,4,1,ITI,ITI,280,0.03571428571428571,9,48,0.1875,Global on,Global off
merged,24,17,10,4,1,ITI,ITI,280,0.03571428571428571,10,48,0.20833333333333334,Global on,Global off
merged,17,5,16,1,1,CS+,CS+,449,0.035634743875278395,14,48,0.2916666666666667,Global off,Global off
merged,17,21,16,1,1,ITI,CS-,449,0.035634743875278395,13,48,0.2708333333333333,Global off,Global off
merged,9,3,9,1,1,ITI,ITI,254,0.03543307086614173,9,48,0.1875,Global off,Global off
merged,9,16,9,1,4,CS+,CS+,254,0.03543307086614173,8,48,0.16666666666666666,Global off,Global on
merged,9,19,9,1,3,ITI,ITI,254,0.03543307086614173,9,48,0.1875,Global off,Safety-like
merged,9,31,9,1,4,CS-,ITI,254,0.03543307086614173,9,48,0.1875,Global off,Global on
merged,18,10,6,3,1,ITI,CS+,173,0.03468208092485549,5,48,0.10416666666666667,Safety-like,Global off
merged,20,13,16,3,2,ITI,CS+,468,0.03418803418803419,12,48,0.25,Safety-like,Threat-like
merged,20,27,16,3,4,ITI,ITI,468,0.03418803418803419,12,48,0.25,Safety-like,Global on
merged,10,9,7,1,1,CS+,CS+,205,0.03414634146341464,6,48,0.125,Global off,Global off
merged,12,8,6,4,4,CS+,CS-,176,0.03409090909090909,5,48,0.10416666666666667,Global on,Global on
merged,12,17,6,4,1,ITI,ITI,176,0.03409090909090909,4,48,0.08333333333333333,Global on,Global off
merged,31,1,15,4,1,ITI,CS+,441,0.034013605442176874,13,48,0.2708333333333333,Global on,Global off
merged,31,17,15,4,1,ITI,ITI,441,0.034013605442176874,13,48,0.2708333333333333,Global on,Global off
merged,32,4,28,4,3,ITI,ITI,826,0.03389830508474576,22,48,0.4583333333333333,Global on,Safety-like
merged,5,8,10,1,4,CS+,ITI,296,0.033783783783783786,7,48,0.14583333333333334,Global off,Global on
merged,4,12,13,3,4,ITI,CS+,386,0.03367875647668394,6,48,0.125,Safety-like,Global on
merged,4,13,13,3,2,ITI,CS+,386,0.03367875647668394,10,48,0.20833333333333334,Safety-like,Threat-like
merged,4,14,13,3,2,ITI,ITI,386,0.03367875647668394,10,48,0.20833333333333334,Safety-like,Threat-like
merged,4,29,13,3,2,CS+,CS+,386,0.03367875647668394,9,48,0.1875,Safety-like,Threat-like
merged,30,14,8,4,2,ITI,CS-,238,0.03361344537815126,8,48,0.16666666666666666,Global on,Threat-like
merged,19,27,9,3,4,CS-,ITI,268,0.033582089552238806,6,48,0.125,Safety-like,Global on
merged,19,31,9,3,4,ITI,ITI,268,0.033582089552238806,8,48,0.16666666666666666,Safety-like,Global on
merged,17,3,15,1,1,ITI,CS+,449,0.0334075723830735,12,48,0.25,Global off,Global off
merged,17,16,15,1,4,ITI,CS+,449,0.0334075723830735,13,48,0.2708333333333333,Global off,Global on
merged,15,3,7,2,1,ITI,ITI,212,0.0330188679245283,7,48,0.14583333333333334,Threat-like,Global off
merged,15,9,7,2,1,ITI,ITI,212,0.0330188679245283,6,48,0.125,Threat-like,Global off
merged,15,30,7,2,4,ITI,ITI,212,0.0330188679245283,7,48,0.14583333333333334,Threat-like,Global on
merged,13,4,15,2,3,ITI,ITI,463,0.032397408207343416,14,48,0.2916666666666667,Threat-like,Safety-like
merged,23,4,6,4,3,ITI,ITI,186,0.03225806451612903,6,48,0.125,Global on,Safety-like
merged,23,24,6,4,4,ITI,ITI,186,0.03225806451612903,6,48,0.125,Global on,Global on
merged,24,19,9,4,3,ITI,ITI,280,0.03214285714285714,9,48,0.1875,Global on,Safety-like
merged,31,14,14,4,2,CS+,CS+,441,0.031746031746031744,10,48,0.20833333333333334,Global on,Threat-like
merged,31,23,14,4,4,ITI,ITI,441,0.031746031746031744,12,48,0.25,Global on,Global on
merged,25,9,6,1,1,ITI,CS-,191,0.031413612565445025,6,48,0.125,Global off,Global off
merged,25,24,6,1,4,CS-,ITI,191,0.031413612565445025,5,48,0.10416666666666667,Global off,Global on
merged,25,27,6,1,4,ITI,ITI,191,0.031413612565445025,6,48,0.125,Global off,Global on
merged,3,10,7,1,1,CS+,CS+,223,0.03139013452914798,7,48,0.14583333333333334,Global off,Global off
merged,3,13,7,1,2,ITI,ITI,223,0.03139013452914798,6,48,0.125,Global off,Threat-like
merged,3,24,7,1,4,ITI,ITI,223,0.03139013452914798,6,48,0.125,Global off,Global on
merged,3,31,7,1,4,ITI,ITI,223,0.03139013452914798,7,48,0.14583333333333334,Global off,Global on
merged,1,14,26,1,2,CS+,CS+,829,0.031363088057901084,17,48,0.3541666666666667,Global off,Threat-like
merged,2,14,14,1,2,CS+,CS+,447,0.03131991051454139,8,48,0.16666666666666666,Global off,Threat-like
merged,21,12,6,1,4,ITI,ITI,192,0.03125,5,48,0.10416666666666667,Global off,Global on
merged,21,19,6,1,3,ITI,ITI,192,0.03125,5,48,0.10416666666666667,Global off,Safety-like
merged,17,24,14,1,4,ITI,ITI,449,0.031180400890868598,11,48,0.22916666666666666,Global off,Global on
merged,17,31,14,1,4,ITI,ITI,449,0.031180400890868598,11,48,0.22916666666666666,Global off,Global on
merged,4,3,12,3,1,ITI,ITI,386,0.031088082901554404,9,48,0.1875,Safety-like,Global off
merged,4,18,12,3,3,ITI,ITI,386,0.031088082901554404,11,48,0.22916666666666666,Safety-like,Safety-like
merged,14,3,9,2,1,ITI,ITI,290,0.03103448275862069,8,48,0.16666666666666666,Threat-like,Global off
merged,14,21,9,2,1,ITI,ITI,290,0.03103448275862069,7,48,0.14583333333333334,Threat-like,Global off
merged,29,30,12,2,4,ITI,ITI,392,0.030612244897959183,9,48,0.1875,Threat-like,Global on
merged,5,7,9,1,1,ITI,ITI,296,0.030405405405405407,9,48,0.1875,Global off,Global off
merged,32,19,25,4,3,ITI,ITI,826,0.03026634382566586,21,48,0.4375,Global on,Safety-like
merged,13,21,14,2,1,ITI,ITI,463,0.03023758099352052,10,48,0.20833333333333334,Threat-like,Global off
merged,28,4,9,4,3,ITI,ITI,300,0.03,8,48,0.16666666666666666,Global on,Safety-like
merged,28,18,9,4,3,ITI,ITI,300,0.03,9,48,0.1875,Global on,Safety-like
merged,28,25,9,4,1,ITI,ITI,300,0.03,9,48,0.1875,Global on,Global off
merged,28,26,9,4,4,ITI,ITI,300,0.03,9,48,0.1875,Global on,Global on
merged,19,2,8,3,1,ITI,ITI,268,0.029850746268656716,7,48,0.14583333333333334,Safety-like,Global off
merged,19,13,8,3,2,ITI,CS+,268,0.029850746268656716,8,48,0.16666666666666666,Safety-like,Threat-like
merged,19,23,8,3,4,ITI,CS+,268,0.029850746268656716,7,48,0.14583333333333334,Safety-like,Global on
merged,19,29,8,3,2,ITI,CS+,268,0.029850746268656716,5,48,0.10416666666666667,Safety-like,Threat-like
merged,19,30,8,3,4,ITI,ITI,268,0.029850746268656716,7,48,0.14583333333333334,Safety-like,Global on
merged,6,8,4,1,4,ITI,ITI,134,0.029850746268656716,4,48,0.08333333333333333,Global off,Global on
merged,6,18,4,1,3,CS+,ITI,134,0.029850746268656716,3,48,0.0625,Global off,Safety-like
merged,6,21,4,1,1,CS-,ITI,134,0.029850746268656716,4,48,0.08333333333333333,Global off,Global off
merged,6,22,4,1,4,CS+,ITI,134,0.029850746268656716,4,48,0.08333333333333333,Global off,Global on
merged,6,24,4,1,4,ITI,ITI,134,0.029850746268656716,4,48,0.08333333333333333,Global off,Global on
merged,6,31,4,1,4,CS-,ITI,134,0.029850746268656716,3,48,0.0625,Global off,Global on
merged,31,19,13,4,3,ITI,ITI,441,0.02947845804988662,9,48,0.1875,Global on,Safety-like
merged,31,24,13,4,4,ITI,ITI,441,0.02947845804988662,10,48,0.20833333333333334,Global on,Global on
merged,30,4,7,4,3,ITI,ITI,238,0.029411764705882353,4,48,0.08333333333333333,Global on,Safety-like
merged,30,11,7,4,1,ITI,ITI,238,0.029411764705882353,5,48,0.10416666666666667,Global on,Global off
merged,30,19,7,4,3,ITI,ITI,238,0.029411764705882353,6,48,0.125,Global on,Safety-like
merged,26,4,3,4,3,ITI,CS+,102,0.029411764705882353,2,48,0.041666666666666664,Global on,Safety-like
merged,26,9,3,4,1,ITI,CS+,102,0.029411764705882353,3,48,0.0625,Global on,Global off
merged,26,10,3,4,1,ITI,ITI,102,0.029411764705882353,3,48,0.0625,Global on,Global off
merged,26,11,3,4,1,CS-,CS-,102,0.029411764705882353,3,48,0.0625,Global on,Global off
merged,26,18,3,4,3,ITI,CS+,102,0.029411764705882353,3,48,0.0625,Global on,Safety-like
merged,26,24,3,4,4,ITI,ITI,102,0.029411764705882353,3,48,0.0625,Global on,Global on
merged,10,18,6,1,3,ITI,ITI,205,0.02926829268292683,5,48,0.10416666666666667,Global off,Safety-like
merged,10,19,6,1,3,ITI,ITI,205,0.02926829268292683,6,48,0.125,Global off,Safety-like
merged,2,9,13,1,1,ITI,ITI,447,0.029082774049217,11,48,0.22916666666666666,Global off,Global off
merged,2,20,13,1,3,ITI,CS-,447,0.029082774049217,13,48,0.2708333333333333,Global off,Safety-like
merged,2,24,13,1,4,ITI,ITI,447,0.029082774049217,13,48,0.2708333333333333,Global off,Global on
merged,27,2,4,4,1,ITI,CS-,138,0.028985507246376812,4,48,0.08333333333333333,Global on,Global off
merged,27,5,4,4,1,CS-,CS-,138,0.028985507246376812,4,48,0.08333333333333333,Global on,Global off
merged,27,29,4,4,2,ITI,ITI,138,0.028985507246376812,4,48,0.08333333333333333,Global on,Threat-like
merged,27,30,4,4,4,ITI,CS-,138,0.028985507246376812,4,48,0.08333333333333333,Global on,Global on
merged,27,31,4,4,4,ITI,ITI,138,0.028985507246376812,4,48,0.08333333333333333,Global on,Global on
merged,17,23,13,1,4,ITI,ITI,449,0.028953229398663696,9,48,0.1875,Global off,Global on
merged,17,25,13,1,1,ITI,ITI,449,0.028953229398663696,11,48,0.22916666666666666,Global off,Global off
merged,1,23,24,1,4,ITI,ITI,829,0.028950542822677925,17,48,0.3541666666666667,Global off,Global on
merged,1,31,24,1,4,CS+,CS+,829,0.028950542822677925,20,48,0.4166666666666667,Global off,Global on
merged,18,3,5,3,1,ITI,ITI,173,0.028901734104046242,5,48,0.10416666666666667,Safety-like,Global off
merged,18,5,5,3,1,CS+,CS+,173,0.028901734104046242,4,48,0.08333333333333333,Safety-like,Global off
merged,18,19,5,3,3,ITI,CS-,173,0.028901734104046242,5,48,0.10416666666666667,Safety-like,Safety-like
merged,18,27,5,3,4,ITI,CS-,173,0.028901734104046242,5,48,0.10416666666666667,Safety-like,Global on
merged,4,5,11,3,1,CS-,CS-,386,0.02849740932642487,10,48,0.20833333333333334,Safety-like,Global off
merged,4,19,11,3,3,ITI,ITI,386,0.02849740932642487,6,48,0.125,Safety-like,Safety-like
merged,4,31,11,3,4,ITI,ITI,386,0.02849740932642487,8,48,0.16666666666666666,Safety-like,Global on
merged,12,10,5,4,1,ITI,CS+,176,0.028409090909090908,4,48,0.08333333333333333,Global on,Global off
merged,12,14,5,4,2,CS+,CS+,176,0.028409090909090908,5,48,0.10416666666666667,Global on,Threat-like
merged,12,25,5,4,1,ITI,ITI,176,0.028409090909090908,4,48,0.08333333333333333,Global on,Global off
merged,12,31,5,4,4,ITI,ITI,176,0.028409090909090908,5,48,0.10416666666666667,Global on,Global on
merged,29,9,11,2,1,ITI,ITI,392,0.02806122448979592,11,48,0.22916666666666666,Threat-like,Global off
merged,20,18,13,3,3,ITI,ITI,468,0.027777777777777776,12,48,0.25,Safety-like,Safety-like
merged,20,25,13,3,1,ITI,ITI,468,0.027777777777777776,10,48,0.20833333333333334,Safety-like,Global off
merged,20,29,13,3,2,ITI,ITI,468,0.027777777777777776,11,48,0.22916666666666666,Safety-like,Threat-like
merged,1,8,23,1,4,ITI,CS-,829,0.027744270205066344,19,48,0.3958333333333333,Global off,Global on
merged,14,9,8,2,1,CS+,ITI,290,0.027586206896551724,7,48,0.14583333333333334,Threat-like,Global off
merged,9,4,7,1,3,ITI,ITI,254,0.027559055118110236,7,48,0.14583333333333334,Global off,Safety-like
merged,9,10,7,1,1,ITI,ITI,254,0.027559055118110236,7,48,0.14583333333333334,Global off,Global off
merged,9,12,7,1,4,ITI,ITI,254,0.027559055118110236,6,48,0.125,Global off,Global on
merged,9,24,7,1,4,CS+,CS+,254,0.027559055118110236,7,48,0.14583333333333334,Global off,Global on
merged,8,6,5,4,1,CS-,ITI,183,0.0273224043715847,5,48,0.10416666666666667,Global on,Global off
merged,8,9,5,4,1,ITI,CS+,183,0.0273224043715847,5,48,0.10416666666666667,Global on,Global off
merged,8,17,5,4,1,ITI,ITI,183,0.0273224043715847,5,48,0.10416666666666667,Global on,Global off
merged,8,18,5,4,3,ITI,ITI,183,0.0273224043715847,4,48,0.08333333333333333,Global on,Safety-like
merged,8,23,5,4,4,ITI,ITI,183,0.0273224043715847,4,48,0.08333333333333333,Global on,Global on
merged,31,4,12,4,3,ITI,ITI,441,0.027210884353741496,8,48,0.16666666666666666,Global on,Safety-like
merged,5,6,8,1,1,CS+,ITI,296,0.02702702702702703,8,48,0.16666666666666666,Global off,Global off
merged,5,9,8,1,1,CS-,CS-,296,0.02702702702702703,7,48,0.14583333333333334,Global off,Global off
merged,5,28,8,1,4,ITI,ITI,296,0.02702702702702703,6,48,0.125,Global off,Global on
merged,7,9,3,1,1,ITI,CS+,111,0.02702702702702703,3,48,0.0625,Global off,Global off
merged,7,12,3,1,4,ITI,ITI,111,0.02702702702702703,3,48,0.0625,Global off,Global on
merged,7,13,3,1,2,CS+,ITI,111,0.02702702702702703,2,48,0.041666666666666664,Global off,Threat-like
merged,7,15,3,1,2,CS+,CS+,111,0.02702702702702703,3,48,0.0625,Global off,Threat-like
merged,7,25,3,1,1,ITI,ITI,111,0.02702702702702703,3,48,0.0625,Global off,Global off
merged,7,27,3,1,4,CS-,CS-,111,0.02702702702702703,3,48,0.0625,Global off,Global on
merged,7,28,3,1,4,CS+,ITI,111,0.02702702702702703,3,48,0.0625,Global off,Global on
merged,7,29,3,1,2,ITI,ITI,111,0.02702702702702703,3,48,0.0625,Global off,Threat-like
merged,3,19,6,1,3,ITI,ITI,223,0.026905829596412557,6,48,0.125,Global off,Safety-like
merged,3,23,6,1,4,CS-,CS-,223,0.026905829596412557,5,48,0.10416666666666667,Global off,Global on
merged,23,8,5,4,4,CS-,CS-,186,0.026881720430107527,5,48,0.10416666666666667,Global on,Global on
merged,23,15,5,4,2,ITI,CS-,186,0.026881720430107527,5,48,0.10416666666666667,Global on,Threat-like
merged,2,3,12,1,1,ITI,CS+,447,0.026845637583892617,9,48,0.1875,Global off,Global off
merged,2,15,12,1,2,ITI,ITI,447,0.026845637583892617,11,48,0.22916666666666666,Global off,Threat-like
merged,28,10,8,4,1,ITI,ITI,300,0.02666666666666667,7,48,0.14583333333333334,Global on,Global off
merged,28,12,8,4,4,ITI,CS-,300,0.02666666666666667,5,48,0.10416666666666667,Global on,Global on
merged,28,13,8,4,2,CS+,CS+,300,0.02666666666666667,6,48,0.125,Global on,Threat-like
merged,28,21,8,4,1,ITI,CS+,300,0.02666666666666667,8,48,0.16666666666666666,Global on,Global off
merged,28,24,8,4,4,ITI,CS+,300,0.02666666666666667,8,48,0.16666666666666666,Global on,Global on
merged,32,2,22,4,1,ITI,ITI,826,0.026634382566585957,17,48,0.3541666666666667,Global on,Global off
merged,32,10,22,4,1,ITI,ITI,826,0.026634382566585957,15,48,0.3125,Global on,Global off
merged,32,25,22,4,1,ITI,ITI,826,0.026634382566585957,17,48,0.3541666666666667,Global on,Global off
merged,1,10,22,1,1,ITI,CS+,829,0.026537997587454766,17,48,0.3541666666666667,Global off,Global off
merged,1,19,22,1,3,ITI,ITI,829,0.026537997587454766,16,48,0.3333333333333333,Global off,Safety-like
merged,1,24,22,1,4,CS-,ITI,829,0.026537997587454766,17,48,0.3541666666666667,Global off,Global on
merged,25,4,5,1,3,ITI,CS-,191,0.02617801047120419,5,48,0.10416666666666667,Global off,Safety-like
merged,25,16,5,1,4,CS+,CS+,191,0.02617801047120419,4,48,0.08333333333333333,Global off,Global on
merged,25,21,5,1,1,ITI,ITI,191,0.02617801047120419,4,48,0.08333333333333333,Global off,Global off
merged,25,23,5,1,4,ITI,CS-,191,0.02617801047120419,4,48,0.08333333333333333,Global off,Global on
merged,19,16,7,3,4,ITI,ITI,268,0.026119402985074626,6,48,0.125,Safety-like,Global on
merged,19,24,7,3,4,ITI,ITI,268,0.026119402985074626,7,48,0.14583333333333334,Safety-like,Global on
merged,21,8,5,1,4,CS+,ITI,192,0.026041666666666668,4,48,0.08333333333333333,Global off,Global on
merged,21,28,5,1,4,ITI,ITI,192,0.026041666666666668,5,48,0.10416666666666667,Global off,Global on
merged,29,5,10,2,1,CS+,ITI,392,0.025510204081632654,8,48,0.16666666666666666,Threat-like,Global off
merged,29,8,10,2,4,ITI,ITI,392,0.025510204081632654,10,48,0.20833333333333334,Threat-like,Global on
merged,29,12,10,2,4,ITI,ITI,392,0.025510204081632654,9,48,0.1875,Threat-like,Global on
merged,29,18,10,2,3,ITI,ITI,392,0.025510204081632654,9,48,0.1875,Threat-like,Safety-like
merged,29,21,10,2,1,ITI,ITI,392,0.025510204081632654,7,48,0.14583333333333334,Threat-like,Global off
merged,29,23,10,2,4,CS+,ITI,392,0.025510204081632654,9,48,0.1875,Threat-like,Global on
merged,29,25,10,2,1,ITI,ITI,392,0.025510204081632654,9,48,0.1875,Threat-like,Global off
merged,32,27,21,4,4,ITI,ITI,826,0.025423728813559324,17,48,0.3541666666666667,Global on,Global on
merged,1,15,21,1,2,ITI,CS+,829,0.025331724969843185,15,48,0.3125,Global off,Threat-like
merged,30,3,6,4,1,ITI,ITI,238,0.025210084033613446,5,48,0.10416666666666667,Global on,Global off
merged,30,10,6,4,1,ITI,CS+,238,0.025210084033613446,6,48,0.125,Global on,Global off
merged,24,5,7,4,1,ITI,ITI,280,0.025,6,48,0.125,Global on,Global off
merged,24,12,7,4,4,ITI,ITI,280,0.025,6,48,0.125,Global on,Global on
merged,24,28,7,4,4,ITI,ITI,280,0.025,7,48,0.14583333333333334,Global on,Global on
merged,31,2,11,4,1,ITI,ITI,441,0.024943310657596373,8,48,0.16666666666666666,Global on,Global off
merged,31,25,11,4,1,ITI,ITI,441,0.024943310657596373,9,48,0.1875,Global on,Global off
merged,31,27,11,4,4,ITI,ITI,441,0.024943310657596373,10,48,0.20833333333333334,Global on,Global on
merged,16,10,11,4,1,ITI,ITI,442,0.024886877828054297,10,48,0.20833333333333334,Global on,Global off
merged,16,20,11,4,3,ITI,ITI,442,0.024886877828054297,9,48,0.1875,Global on,Safety-like
merged,16,25,11,4,1,ITI,ITI,442,0.024886877828054297,8,48,0.16666666666666666,Global on,Global off
merged,22,3,2,4,1,ITI,ITI,81,0.024691358024691357,2,48,0.041666666666666664,Global on,Global off
merged,22,21,2,4,1,CS-,CS-,81,0.024691358024691357,2,48,0.041666666666666664,Global on,Global off
merged,22,29,2,4,2,CS-,CS-,81,0.024691358024691357,2,48,0.041666666666666664,Global on,Threat-like
merged,2,30,11,1,4,CS-,ITI,447,0.024608501118568233,10,48,0.20833333333333334,Global off,Global on
merged,10,8,5,1,4,ITI,CS+,205,0.024390243902439025,5,48,0.10416666666666667,Global off,Global on
merged,10,17,5,1,1,ITI,ITI,205,0.024390243902439025,5,48,0.10416666666666667,Global off,Global off
merged,10,23,5,1,4,CS-,CS-,205,0.024390243902439025,3,48,0.0625,Global off,Global on
merged,10,25,5,1,1,ITI,ITI,205,0.024390243902439025,5,48,0.10416666666666667,Global off,Global off
merged,32,12,20,4,4,ITI,ITI,826,0.024213075060532687,14,48,0.2916666666666667,Global on,Global on
merged,32,15,20,4,2,CS+,ITI,826,0.024213075060532687,14,48,0.2916666666666667,Global on,Threat-like
merged,14,17,7,2,1,ITI,ITI,290,0.02413793103448276,5,48,0.10416666666666667,Threat-like,Global off
merged,14,25,7,2,1,CS-,ITI,290,0.02413793103448276,7,48,0.14583333333333334,Threat-like,Global off
merged,1,6,20,1,1,ITI,ITI,829,0.024125452352231604,15,48,0.3125,Global off,Global off
merged,1,25,20,1,1,ITI,ITI,829,0.024125452352231604,16,48,0.3333333333333333,Global off,Global off
merged,13,20,11,2,3,ITI,ITI,463,0.023758099352051837,9,48,0.1875,Threat-like,Safety-like
merged,5,17,7,1,1,ITI,ITI,296,0.02364864864864865,6,48,0.125,Global off,Global off
merged,5,24,7,1,4,ITI,ITI,296,0.02364864864864865,6,48,0.125,Global off,Global on
merged,5,29,7,1,2,ITI,ITI,296,0.02364864864864865,7,48,0.14583333333333334,Global off,Threat-like
merged,9,21,6,1,1,CS-,ITI,254,0.023622047244094488,5,48,0.10416666666666667,Global off,Global off
merged,15,6,5,2,1,CS+,CS+,212,0.02358490566037736,5,48,0.10416666666666667,Threat-like,Global off
merged,15,20,5,2,3,CS-,ITI,212,0.02358490566037736,5,48,0.10416666666666667,Threat-like,Safety-like
merged,15,21,5,2,1,CS-,ITI,212,0.02358490566037736,5,48,0.10416666666666667,Threat-like,Global off
merged,15,28,5,2,4,CS-,CS-,212,0.02358490566037736,5,48,0.10416666666666667,Threat-like,Global on
merged,20,10,11,3,1,ITI,ITI,468,0.023504273504273504,7,48,0.14583333333333334,Safety-like,Global off
merged,28,2,7,4,1,ITI,ITI,300,0.023333333333333334,6,48,0.125,Global on,Global off
merged,28,16,7,4,4,ITI,CS+,300,0.023333333333333334,6,48,0.125,Global on,Global on
merged,4,8,9,3,4,CS+,ITI,386,0.023316062176165803,9,48,0.1875,Safety-like,Global on
merged,4,21,9,3,1,ITI,ITI,386,0.023316062176165803,8,48,0.16666666666666666,Safety-like,Global off
merged,4,28,9,3,4,ITI,ITI,386,0.023316062176165803,6,48,0.125,Safety-like,Global on
merged,11,4,2,1,3,CS-,CS+,86,0.023255813953488372,2,48,0.041666666666666664,Global off,Safety-like
merged,11,7,2,1,1,CS-,CS-,86,0.023255813953488372,2,48,0.041666666666666664,Global off,Global off
merged,11,8,2,1,4,CS-,CS-,86,0.023255813953488372,2,48,0.041666666666666664,Global off,Global on
merged,11,12,2,1,4,CS+,CS+,86,0.023255813953488372,2,48,0.041666666666666664,Global off,Global on
merged,11,13,2,1,2,CS-,CS-,86,0.023255813953488372,2,48,0.041666666666666664,Global off,Threat-like
merged,11,16,2,1,4,CS-,ITI,86,0.023255813953488372,2,48,0.041666666666666664,Global off,Global on
merged,11,19,2,1,3,ITI,ITI,86,0.023255813953488372,2,48,0.041666666666666664,Global off,Safety-like
merged,11,20,2,1,3,CS-,CS-,86,0.023255813953488372,2,48,0.041666666666666664,Global off,Safety-like
merged,11,22,2,1,4,CS-,CS-,86,0.023255813953488372,2,48,0.041666666666666664,Global off,Global on
merged,11,25,2,1,1,CS+,ITI,86,0.023255813953488372,2,48,0.041666666666666664,Global off,Global off
merged,11,28,2,1,4,CS-,CS+,86,0.023255813953488372,2,48,0.041666666666666664,Global off,Global on
merged,11,29,2,1,2,ITI,ITI,86,0.023255813953488372,2,48,0.041666666666666664,Global off,Threat-like
merged,18,13,4,3,2,ITI,CS-,173,0.023121387283236993,4,48,0.08333333333333333,Safety-like,Threat-like
merged,18,16,4,3,4,CS-,CS-,173,0.023121387283236993,4,48,0.08333333333333333,Safety-like,Global on
merged,18,22,4,3,4,ITI,ITI,173,0.023121387283236993,4,48,0.08333333333333333,Safety-like,Global on
merged,18,31,4,3,4,CS+,CS+,173,0.023121387283236993,4,48,0.08333333333333333,Safety-like,Global on
merged,32,26,19,4,4,ITI,ITI,826,0.023002421307506054,16,48,0.3333333333333333,Global on,Global on
merged,29,2,9,2,1,CS+,ITI,392,0.02295918367346939,8,48,0.16666666666666666,Threat-like,Global off
merged,29,14,9,2,2,CS+,ITI,392,0.02295918367346939,8,48,0.16666666666666666,Threat-like,Threat-like
merged,29,19,9,2,3,ITI,ITI,392,0.02295918367346939,6,48,0.125,Threat-like,Safety-like
merged,12,3,4,4,1,CS-,CS-,176,0.022727272727272728,3,48,0.0625,Global on,Global off
merged,12,15,4,4,2,ITI,CS+,176,0.022727272727272728,4,48,0.08333333333333333,Global on,Threat-like
merged,31,15,10,4,2,ITI,ITI,441,0.022675736961451247,8,48,0.16666666666666666,Global on,Threat-like
merged,16,18,10,4,3,ITI,ITI,442,0.02262443438914027,8,48,0.16666666666666666,Global on,Safety-like
merged,3,8,5,1,4,ITI,CS+,223,0.02242152466367713,5,48,0.10416666666666667,Global off,Global on
merged,3,12,5,1,4,ITI,CS+,223,0.02242152466367713,4,48,0.08333333333333333,Global off,Global on
merged,19,5,6,3,1,ITI,CS+,268,0.022388059701492536,6,48,0.125,Safety-like,Global off
merged,19,9,6,3,1,CS-,CS-,268,0.022388059701492536,6,48,0.125,Safety-like,Global off
merged,6,3,3,1,1,CS+,CS+,134,0.022388059701492536,3,48,0.0625,Global off,Global off
merged,6,4,3,1,3,CS-,ITI,134,0.022388059701492536,2,48,0.041666666666666664,Global off,Safety-like
merged,6,7,3,1,1,CS-,CS-,134,0.022388059701492536,3,48,0.0625,Global off,Global off
merged,6,12,3,1,4,CS-,ITI,134,0.022388059701492536,2,48,0.041666666666666664,Global off,Global on
merged,6,15,3,1,2,CS+,CS+,134,0.022388059701492536,3,48,0.0625,Global off,Threat-like
merged,6,17,3,1,1,ITI,ITI,134,0.022388059701492536,3,48,0.0625,Global off,Global off
merged,2,6,10,1,1,ITI,CS+,447,0.02237136465324385,9,48,0.1875,Global off,Global off
merged,2,8,10,1,4,ITI,CS-,447,0.02237136465324385,8,48,0.16666666666666666,Global off,Global on
merged,2,19,10,1,3,CS-,ITI,447,0.02237136465324385,10,48,0.20833333333333334,Global off,Safety-like
merged,17,6,10,1,1,ITI,CS-,449,0.022271714922048998,7,48,0.14583333333333334,Global off,Global off
merged,17,13,10,1,2,ITI,ITI,449,0.022271714922048998,10,48,0.20833333333333334,Global off,Threat-like
merged,17,27,10,1,4,ITI,ITI,449,0.022271714922048998,10,48,0.20833333333333334,Global off,Global on
merged,8,3,4,4,1,CS-,CS-,183,0.02185792349726776,3,48,0.0625,Global on,Global off
merged,8,19,4,4,3,CS-,CS-,183,0.02185792349726776,4,48,0.08333333333333333,Global on,Safety-like
merged,8,30,4,4,4,ITI,ITI,183,0.02185792349726776,4,48,0.08333333333333333,Global on,Global on
merged,27,9,3,4,1,ITI,CS+,138,0.021739130434782608,3,48,0.0625,Global on,Global off
merged,27,23,3,4,4,ITI,CS-,138,0.021739130434782608,3,48,0.0625,Global on,Global on
merged,27,26,3,4,4,CS-,CS+,138,0.021739130434782608,3,48,0.0625,Global on,Global on
merged,13,7,10,2,1,CS+,ITI,463,0.02159827213822894,9,48,0.1875,Threat-like,Global off
merged,13,24,10,2,4,CS-,ITI,463,0.02159827213822894,10,48,0.20833333333333334,Threat-like,Global on
merged,13,30,10,2,4,ITI,ITI,463,0.02159827213822894,9,48,0.1875,Threat-like,Global on
merged,23,7,4,4,1,CS-,CS-,186,0.021505376344086023,4,48,0.08333333333333333,Global on,Global off
merged,23,18,4,4,3,ITI,CS-,186,0.021505376344086023,3,48,0.0625,Global on,Safety-like
merged,23,21,4,4,1,CS-,ITI,186,0.021505376344086023,4,48,0.08333333333333333,Global on,Global off
merged,24,3,6,4,1,ITI,ITI,280,0.02142857142857143,4,48,0.08333333333333333,Global on,Global off
merged,24,10,6,4,1,ITI,CS+,280,0.02142857142857143,5,48,0.10416666666666667,Global on,Global off
merged,24,13,6,4,2,ITI,ITI,280,0.02142857142857143,5,48,0.10416666666666667,Global on,Threat-like
merged,24,23,6,4,4,CS+,ITI,280,0.02142857142857143,6,48,0.125,Global on,Global on
merged,24,30,6,4,4,ITI,ITI,280,0.02142857142857143,6,48,0.125,Global on,Global on
merged,30,9,5,4,1,ITI,ITI,238,0.02100840336134454,5,48,0.10416666666666667,Global on,Global off
merged,30,15,5,4,2,CS+,CS+,238,0.02100840336134454,5,48,0.10416666666666667,Global on,Threat-like
merged,25,28,4,1,4,ITI,ITI,191,0.020942408376963352,4,48,0.08333333333333333,Global off,Global on
merged,21,2,4,1,1,ITI,ITI,192,0.020833333333333332,4,48,0.08333333333333333,Global off,Global off
merged,21,14,4,1,2,ITI,CS+,192,0.020833333333333332,4,48,0.08333333333333333,Global off,Threat-like
merged,21,15,4,1,2,CS-,CS-,192,0.020833333333333332,4,48,0.08333333333333333,Global off,Threat-like
merged,21,23,4,1,4,CS+,ITI,192,0.020833333333333332,4,48,0.08333333333333333,Global off,Global on
merged,21,30,4,1,4,ITI,CS-,192,0.020833333333333332,4,48,0.08333333333333333,Global off,Global on
merged,4,23,8,3,4,ITI,CS-,386,0.02072538860103627,7,48,0.14583333333333334,Safety-like,Global on
merged,4,24,8,3,4,ITI,ITI,386,0.02072538860103627,6,48,0.125,Safety-like,Global on
merged,14,6,6,2,1,ITI,ITI,290,0.020689655172413793,6,48,0.125,Threat-like,Global off
merged,14,10,6,2,1,ITI,ITI,290,0.020689655172413793,6,48,0.125,Threat-like,Global off
merged,32,9,17,4,1,ITI,ITI,826,0.020581113801452784,14,48,0.2916666666666667,Global on,Global off
merged,1,21,17,1,1,ITI,ITI,829,0.020506634499396863,14,48,0.2916666666666667,Global off,Global off
merged,1,29,17,1,2,CS+,ITI,829,0.020506634499396863,15,48,0.3125,Global off,Threat-like
merged,31,12,9,4,4,ITI,ITI,441,0.02040816326530612,8,48,0.16666666666666666,Global on,Global on
merged,29,10,8,2,1,ITI,ITI,392,0.02040816326530612,4,48,0.08333333333333333,Threat-like,Global off
merged,16,8,9,4,4,ITI,ITI,442,0.020361990950226245,9,48,0.1875,Global on,Global on
merged,16,9,9,4,1,ITI,ITI,442,0.020361990950226245,8,48,0.16666666666666666,Global on,Global off
merged,16,12,9,4,4,ITI,ITI,442,0.020361990950226245,7,48,0.14583333333333334,Global on,Global on
merged,16,23,9,4,4,CS-,ITI,442,0.020361990950226245,7,48,0.14583333333333334,Global on,Global on
merged,5,10,6,1,1,ITI,ITI,296,0.02027027027027027,5,48,0.10416666666666667,Global off,Global off
merged,2,18,9,1,3,ITI,CS-,447,0.020134228187919462,7,48,0.14583333333333334,Global off,Safety-like
merged,28,15,6,4,2,ITI,CS+,300,0.02,6,48,0.125,Global on,Threat-like
merged,28,27,6,4,4,ITI,ITI,300,0.02,6,48,0.125,Global on,Global on
merged,26,7,2,4,1,CS+,CS+,102,0.0196078431372549,1,48,0.020833333333333332,Global on,Global off
merged,26,16,2,4,4,CS-,CS+,102,0.0196078431372549,2,48,0.041666666666666664,Global on,Global on
merged,26,19,2,4,3,CS-,ITI,102,0.0196078431372549,2,48,0.041666666666666664,Global on,Safety-like
merged,26,27,2,4,4,ITI,ITI,102,0.0196078431372549,2,48,0.041666666666666664,Global on,Global on
merged,26,29,2,4,2,CS+,CS+,102,0.0196078431372549,2,48,0.041666666666666664,Global on,Threat-like
merged,26,30,2,4,4,CS+,CS+,102,0.0196078431372549,2,48,0.041666666666666664,Global on,Global on
merged,10,3,4,1,1,ITI,ITI,205,0.01951219512195122,3,48,0.0625,Global off,Global off
merged,10,6,4,1,1,ITI,CS-,205,0.01951219512195122,4,48,0.08333333333333333,Global off,Global off
merged,10,7,4,1,1,ITI,CS+,205,0.01951219512195122,4,48,0.08333333333333333,Global off,Global off
merged,10,12,4,1,4,ITI,ITI,205,0.01951219512195122,4,48,0.08333333333333333,Global off,Global on
merged,10,20,4,1,3,ITI,ITI,205,0.01951219512195122,4,48,0.08333333333333333,Global off,Safety-like
merged,10,24,4,1,4,CS-,ITI,205,0.01951219512195122,3,48,0.0625,Global off,Global on
merged,10,30,4,1,4,ITI,ITI,205,0.01951219512195122,4,48,0.08333333333333333,Global off,Global on
merged,13,6,9,2,1,CS+,ITI,463,0.019438444924406047,9,48,0.1875,Threat-like,Global off
merged,32,21,16,4,1,ITI,ITI,826,0.01937046004842615,12,48,0.25,Global on,Global off
merged,20,3,9,3,1,ITI,ITI,468,0.019230769230769232,8,48,0.16666666666666666,Safety-like,Global off
merged,20,12,9,3,4,ITI,CS+,468,0.019230769230769232,8,48,0.16666666666666666,Safety-like,Global on
merged,20,16,9,3,4,ITI,ITI,468,0.019230769230769232,9,48,0.1875,Safety-like,Global on
merged,20,23,9,3,4,ITI,ITI,468,0.019230769230769232,8,48,0.16666666666666666,Safety-like,Global on
merged,20,30,9,3,4,ITI,ITI,468,0.019230769230769232,9,48,0.1875,Safety-like,Global on
merged,15,27,4,2,4,CS+,CS+,212,0.018867924528301886,4,48,0.08333333333333333,Threat-like,Global on
merged,31,3,8,4,1,CS-,ITI,441,0.018140589569160998,7,48,0.14583333333333334,Global on,Global off
merged,31,8,8,4,4,ITI,ITI,441,0.018140589569160998,8,48,0.16666666666666666,Global on,Global on
merged,31,10,8,4,1,ITI,ITI,441,0.018140589569160998,8,48,0.16666666666666666,Global on,Global off
merged,16,17,8,4,1,ITI,ITI,442,0.01809954751131222,6,48,0.125,Global on,Global off
merged,16,19,8,4,3,ITI,ITI,442,0.01809954751131222,7,48,0.14583333333333334,Global on,Safety-like
merged,16,28,8,4,4,ITI,ITI,442,0.01809954751131222,6,48,0.125,Global on,Global on
merged,1,7,15,1,1,ITI,ITI,829,0.018094089264173704,14,48,0.2916666666666667,Global off,Global off
merged,7,8,2,1,4,CS-,ITI,111,0.018018018018018018,2,48,0.041666666666666664,Global off,Global on
merged,7,30,2,1,4,CS+,CS+,111,0.018018018018018018,2,48,0.041666666666666664,Global off,Global on
merged,3,15,4,1,2,ITI,CS-,223,0.017937219730941704,4,48,0.08333333333333333,Global off,Threat-like
merged,3,21,4,1,1,ITI,ITI,223,0.017937219730941704,4,48,0.08333333333333333,Global off,Global off
merged,3,28,4,1,4,CS-,ITI,223,0.017937219730941704,4,48,0.08333333333333333,Global off,Global on
merged,3,30,4,1,4,ITI,ITI,223,0.017937219730941704,3,48,0.0625,Global off,Global on
merged,29,22,7,2,4,CS-,ITI,392,0.017857142857142856,5,48,0.10416666666666667,Threat-like,Global on
merged,24,8,5,4,4,CS-,CS+,280,0.017857142857142856,5,48,0.10416666666666667,Global on,Global on
merged,24,14,5,4,2,ITI,CS+,280,0.017857142857142856,5,48,0.10416666666666667,Global on,Threat-like
merged,24,15,5,4,2,ITI,ITI,280,0.017857142857142856,4,48,0.08333333333333333,Global on,Threat-like
merged,24,18,5,4,3,CS-,ITI,280,0.017857142857142856,5,48,0.10416666666666667,Global on,Safety-like
merged,17,26,8,1,4,ITI,ITI,449,0.017817371937639197,6,48,0.125,Global off,Global on
merged,18,9,3,3,1,ITI,CS+,173,0.017341040462427744,3,48,0.0625,Safety-like,Global off
merged,18,24,3,3,4,ITI,ITI,173,0.017341040462427744,3,48,0.0625,Safety-like,Global on
merged,18,26,3,3,4,ITI,ITI,173,0.017341040462427744,3,48,0.0625,Safety-like,Global on
merged,13,3,8,2,1,ITI,ITI,463,0.017278617710583154,7,48,0.14583333333333334,Threat-like,Global off
merged,13,10,8,2,1,ITI,CS-,463,0.017278617710583154,8,48,0.16666666666666666,Threat-like,Global off
merged,13,23,8,2,4,CS-,CS-,463,0.017278617710583154,6,48,0.125,Threat-like,Global on
merged,14,7,5,2,1,CS+,ITI,290,0.017241379310344827,5,48,0.10416666666666667,Threat-like,Global off
merged,14,28,5,2,4,CS+,ITI,290,0.017241379310344827,5,48,0.10416666666666667,Threat-like,Global on
merged,20,5,8,3,1,ITI,ITI,468,0.017094017094017096,6,48,0.125,Safety-like,Global off
merged,20,9,8,3,1,CS+,ITI,468,0.017094017094017096,5,48,0.10416666666666667,Safety-like,Global off
merged,20,26,8,3,4,ITI,ITI,468,0.017094017094017096,8,48,0.16666666666666666,Safety-like,Global on
merged,12,7,3,4,1,CS+,CS+,176,0.017045454545454544,3,48,0.0625,Global on,Global off
merged,12,19,3,4,3,ITI,ITI,176,0.017045454545454544,3,48,0.0625,Global on,Safety-like
merged,12,21,3,4,1,CS+,CS+,176,0.017045454545454544,3,48,0.0625,Global on,Global off
merged,12,24,3,4,4,ITI,ITI,176,0.017045454545454544,3,48,0.0625,Global on,Global on
merged,12,29,3,4,2,CS+,ITI,176,0.017045454545454544,3,48,0.0625,Global on,Threat-like
merged,12,30,3,4,4,CS+,CS-,176,0.017045454545454544,3,48,0.0625,Global on,Global on
merged,5,11,5,1,1,CS-,ITI,296,0.016891891891891893,5,48,0.10416666666666667,Global off,Global off
merged,5,20,5,1,3,ITI,ITI,296,0.016891891891891893,4,48,0.08333333333333333,Global off,Safety-like
merged,1,18,14,1,3,ITI,ITI,829,0.016887816646562123,13,48,0.2708333333333333,Global off,Safety-like
merged,30,21,4,4,1,ITI,ITI,238,0.01680672268907563,4,48,0.08333333333333333,Global on,Global off
merged,8,7,3,4,1,ITI,ITI,183,0.01639344262295082,3,48,0.0625,Global on,Global off
merged,8,10,3,4,1,ITI,ITI,183,0.01639344262295082,3,48,0.0625,Global on,Global off
merged,8,21,3,4,1,ITI,ITI,183,0.01639344262295082,2,48,0.041666666666666664,Global on,Global off
merged,23,5,3,4,1,CS-,CS-,186,0.016129032258064516,3,48,0.0625,Global on,Global off
merged,23,25,3,4,1,ITI,ITI,186,0.016129032258064516,3,48,0.0625,Global on,Global off
merged,31,6,7,4,1,ITI,CS+,441,0.015873015873015872,5,48,0.10416666666666667,Global on,Global off
merged,16,6,7,4,1,CS+,ITI,442,0.01583710407239819,7,48,0.14583333333333334,Global on,Global off
merged,16,21,7,4,1,CS-,ITI,442,0.01583710407239819,6,48,0.125,Global on,Global off
merged,9,7,4,1,1,ITI,ITI,254,0.015748031496062992,4,48,0.08333333333333333,Global off,Global off
merged,9,15,4,1,2,ITI,CS-,254,0.015748031496062992,4,48,0.08333333333333333,Global off,Threat-like
merged,9,28,4,1,4,CS-,ITI,254,0.015748031496062992,4,48,0.08333333333333333,Global off,Global on
merged,9,30,4,1,4,ITI,ITI,254,0.015748031496062992,4,48,0.08333333333333333,Global off,Global on
merged,32,5,13,4,1,ITI,ITI,826,0.015738498789346248,10,48,0.20833333333333334,Global on,Global off
merged,32,8,13,4,4,ITI,ITI,826,0.015738498789346248,11,48,0.22916666666666666,Global on,Global on
merged,25,6,3,1,1,ITI,ITI,191,0.015706806282722512,3,48,0.0625,Global off,Global off
merged,25,8,3,1,4,ITI,CS-,191,0.015706806282722512,3,48,0.0625,Global off,Global on
merged,25,30,3,1,4,ITI,CS+,191,0.015706806282722512,3,48,0.0625,Global off,Global on
merged,1,12,13,1,4,ITI,ITI,829,0.015681544028950542,10,48,0.20833333333333334,Global off,Global on
merged,2,23,7,1,4,ITI,CS-,447,0.015659955257270694,6,48,0.125,Global off,Global on
merged,2,25,7,1,1,ITI,ITI,447,0.015659955257270694,6,48,0.125,Global off,Global off
merged,21,3,3,1,1,ITI,ITI,192,0.015625,3,48,0.0625,Global off,Global off
merged,21,10,3,1,1,ITI,CS-,192,0.015625,3,48,0.0625,Global off,Global off
merged,21,22,3,1,4,ITI,CS+,192,0.015625,2,48,0.041666666666666664,Global off,Global on
merged,21,25,3,1,1,ITI,ITI,192,0.015625,3,48,0.0625,Global off,Global off
merged,21,27,3,1,4,ITI,CS-,192,0.015625,3,48,0.0625,Global off,Global on
merged,17,8,7,1,4,ITI,ITI,449,0.015590200445434299,6,48,0.125,Global off,Global on
merged,17,9,7,1,1,ITI,ITI,449,0.015590200445434299,7,48,0.14583333333333334,Global off,Global off
merged,17,15,7,1,2,CS+,CS+,449,0.015590200445434299,5,48,0.10416666666666667,Global off,Threat-like
merged,4,6,6,3,1,ITI,ITI,386,0.015544041450777202,6,48,0.125,Safety-like,Global off
merged,4,15,6,3,2,ITI,CS+,386,0.015544041450777202,6,48,0.125,Safety-like,Threat-like
merged,4,25,6,3,1,ITI,CS-,386,0.015544041450777202,5,48,0.10416666666666667,Safety-like,Global off
merged,29,26,6,2,4,ITI,ITI,392,0.015306122448979591,6,48,0.125,Threat-like,Global on
merged,13,11,7,2,1,ITI,ITI,463,0.01511879049676026,6,48,0.125,Threat-like,Global off
merged,13,19,7,2,3,ITI,ITI,463,0.01511879049676026,6,48,0.125,Threat-like,Safety-like
merged,13,28,7,2,4,ITI,ITI,463,0.01511879049676026,7,48,0.14583333333333334,Threat-like,Global on
merged,20,14,7,3,2,ITI,ITI,468,0.014957264957264958,7,48,0.14583333333333334,Safety-like,Threat-like
merged,19,12,4,3,4,ITI,ITI,268,0.014925373134328358,3,48,0.0625,Safety-like,Global on
merged,19,21,4,3,1,CS-,CS-,268,0.014925373134328358,4,48,0.08333333333333333,Safety-like,Global off
merged,19,26,4,3,4,ITI,CS+,268,0.014925373134328358,4,48,0.08333333333333333,Safety-like,Global on
merged,6,10,2,1,1,ITI,ITI,134,0.014925373134328358,2,48,0.041666666666666664,Global off,Global off
merged,6,25,2,1,1,CS-,ITI,134,0.014925373134328358,2,48,0.041666666666666664,Global off,Global off
merged,6,28,2,1,4,CS+,ITI,134,0.014925373134328358,2,48,0.041666666666666664,Global off,Global on
merged,6,29,2,1,2,CS-,CS-,134,0.014925373134328358,2,48,0.041666666666666664,Global off,Threat-like
merged,10,22,3,1,4,CS+,ITI,205,0.014634146341463415,3,48,0.0625,Global off,Global on
merged,10,26,3,1,4,CS-,CS-,205,0.014634146341463415,3,48,0.0625,Global off,Global on
merged,32,18,12,4,3,ITI,ITI,826,0.014527845036319613,12,48,0.25,Global on,Safety-like
merged,32,23,12,4,4,ITI,ITI,826,0.014527845036319613,10,48,0.20833333333333334,Global on,Global on
merged,27,8,2,4,4,CS+,CS-,138,0.014492753623188406,2,48,0.041666666666666664,Global on,Global on
merged,27,15,2,4,2,CS-,CS-,138,0.014492753623188406,2,48,0.041666666666666664,Global on,Threat-like
merged,27,16,2,4,4,CS-,CS-,138,0.014492753623188406,2,48,0.041666666666666664,Global on,Global on
merged,27,22,2,4,4,ITI,CS+,138,0.014492753623188406,2,48,0.041666666666666664,Global on,Global on
merged,27,24,2,4,4,CS-,ITI,138,0.014492753623188406,2,48,0.041666666666666664,Global on,Global on
merged,1,30,12,1,4,ITI,ITI,829,0.014475271411338963,11,48,0.22916666666666666,Global off,Global on
merged,24,6,4,4,1,ITI,ITI,280,0.014285714285714285,4,48,0.08333333333333333,Global on,Global off
merged,24,7,4,4,1,ITI,CS+,280,0.014285714285714285,4,48,0.08333333333333333,Global on,Global off
merged,24,21,4,4,1,ITI,ITI,280,0.014285714285714285,4,48,0.08333333333333333,Global on,Global off
merged,24,22,4,4,4,CS-,ITI,280,0.014285714285714285,4,48,0.08333333333333333,Global on,Global on
merged,24,25,4,4,1,ITI,ITI,280,0.014285714285714285,2,48,0.041666666666666664,Global on,Global off
merged,24,27,4,4,4,ITI,ITI,280,0.014285714285714285,3,48,0.0625,Global on,Global on
merged,15,2,3,2,1,CS-,ITI,212,0.014150943396226415,3,48,0.0625,Threat-like,Global off
merged,15,4,3,2,3,CS+,ITI,212,0.014150943396226415,3,48,0.0625,Threat-like,Safety-like
merged,15,5,3,2,1,CS-,ITI,212,0.014150943396226415,3,48,0.0625,Threat-like,Global off
merged,15,8,3,2,4,CS-,ITI,212,0.014150943396226415,3,48,0.0625,Threat-like,Global on
merged,15,17,3,2,1,ITI,ITI,212,0.014150943396226415,3,48,0.0625,Threat-like,Global off
merged,15,19,3,2,3,ITI,ITI,212,0.014150943396226415,2,48,0.041666666666666664,Threat-like,Safety-like
merged,15,23,3,2,4,ITI,ITI,212,0.014150943396226415,3,48,0.0625,Threat-like,Global on
merged,15,25,3,2,1,CS-,ITI,212,0.014150943396226415,3,48,0.0625,Threat-like,Global off
merged,14,12,4,2,4,CS-,ITI,290,0.013793103448275862,4,48,0.08333333333333333,Threat-like,Global on
merged,14,19,4,2,3,CS+,ITI,290,0.013793103448275862,4,48,0.08333333333333333,Threat-like,Safety-like
merged,14,27,4,2,4,CS+,CS-,290,0.013793103448275862,4,48,0.08333333333333333,Threat-like,Global on
merged,16,27,6,4,4,ITI,ITI,442,0.013574660633484163,5,48,0.10416666666666667,Global on,Global on
merged,5,3,4,1,1,CS-,ITI,296,0.013513513513513514,3,48,0.0625,Global off,Global off
merged,5,19,4,1,3,ITI,ITI,296,0.013513513513513514,4,48,0.08333333333333333,Global off,Safety-like
merged,5,26,4,1,4,ITI,ITI,296,0.013513513513513514,4,48,0.08333333333333333,Global off,Global on
merged,3,7,3,1,1,CS+,CS+,223,0.013452914798206279,3,48,0.0625,Global off,Global off
merged,3,11,3,1,1,ITI,CS-,223,0.013452914798206279,3,48,0.0625,Global off,Global off
merged,3,14,3,1,2,CS-,ITI,223,0.013452914798206279,3,48,0.0625,Global off,Threat-like
merged,3,27,3,1,4,ITI,CS+,223,0.013452914798206279,3,48,0.0625,Global off,Global on
merged,2,7,6,1,1,ITI,ITI,447,0.013422818791946308,5,48,0.10416666666666667,Global off,Global off
merged,2,21,6,1,1,ITI,ITI,447,0.013422818791946308,6,48,0.125,Global off,Global off
merged,13,8,6,2,4,CS+,ITI,463,0.012958963282937365,4,48,0.08333333333333333,Threat-like,Global on
merged,13,12,6,2,4,CS+,ITI,463,0.012958963282937365,4,48,0.08333333333333333,Threat-like,Global on
merged,4,7,5,3,1,ITI,CS+,386,0.012953367875647668,4,48,0.08333333333333333,Safety-like,Global off
merged,4,10,5,3,1,ITI,CS+,386,0.012953367875647668,5,48,0.10416666666666667,Safety-like,Global off
merged,4,22,5,3,4,ITI,ITI,386,0.012953367875647668,4,48,0.08333333333333333,Safety-like,Global on
merged,20,15,6,3,2,ITI,CS-,468,0.01282051282051282,5,48,0.10416666666666667,Safety-like,Threat-like
merged,29,3,5,2,1,ITI,CS-,392,0.012755102040816327,5,48,0.10416666666666667,Threat-like,Global off
merged,29,11,5,2,1,ITI,ITI,392,0.012755102040816327,5,48,0.10416666666666667,Threat-like,Global off
merged,30,12,3,4,4,ITI,ITI,238,0.012605042016806723,3,48,0.0625,Global on,Global on
merged,30,25,3,4,1,ITI,ITI,238,0.012605042016806723,3,48,0.0625,Global on,Global off
merged,30,26,3,4,4,ITI,CS+,238,0.012605042016806723,3,48,0.0625,Global on,Global on
merged,22,7,1,4,1,ITI,CS+,81,0.012345679012345678,1,48,0.020833333333333332,Global on,Global off
merged,22,9,1,4,1,ITI,CS-,81,0.012345679012345678,1,48,0.020833333333333332,Global on,Global off
merged,22,14,1,4,2,ITI,ITI,81,0.012345679012345678,1,48,0.020833333333333332,Global on,Threat-like
merged,22,19,1,4,3,ITI,ITI,81,0.012345679012345678,1,48,0.020833333333333332,Global on,Safety-like
merged,22,23,1,4,4,ITI,ITI,81,0.012345679012345678,1,48,0.020833333333333332,Global on,Global on
merged,22,26,1,4,4,ITI,CS-,81,0.012345679012345678,1,48,0.020833333333333332,Global on,Global on
merged,22,27,1,4,4,ITI,ITI,81,0.012345679012345678,1,48,0.020833333333333332,Global on,Global on
merged,32,11,10,4,1,CS-,ITI,826,0.012106537530266344,9,48,0.1875,Global on,Global off
merged,32,22,10,4,4,ITI,ITI,826,0.012106537530266344,9,48,0.1875,Global on,Global on
merged,9,6,3,1,1,ITI,ITI,254,0.011811023622047244,3,48,0.0625,Global off,Global off
merged,9,8,3,1,4,CS-,CS-,254,0.011811023622047244,3,48,0.0625,Global off,Global on
merged,9,25,3,1,1,ITI,ITI,254,0.011811023622047244,3,48,0.0625,Global off,Global off
merged,11,6,1,1,1,CS-,ITI,86,0.011627906976744186,1,48,0.020833333333333332,Global off,Global off
merged,11,14,1,1,2,CS+,CS+,86,0.011627906976744186,1,48,0.020833333333333332,Global off,Threat-like
merged,11,15,1,1,2,CS+,ITI,86,0.011627906976744186,1,48,0.020833333333333332,Global off,Threat-like
merged,11,18,1,1,3,CS-,CS-,86,0.011627906976744186,1,48,0.020833333333333332,Global off,Safety-like
merged,11,21,1,1,1,ITI,ITI,86,0.011627906976744186,1,48,0.020833333333333332,Global off,Global off
merged,11,23,1,1,4,ITI,ITI,86,0.011627906976744186,1,48,0.020833333333333332,Global off,Global on
merged,11,26,1,1,4,CS+,CS+,86,0.011627906976744186,1,48,0.020833333333333332,Global off,Global on
merged,11,30,1,1,4,CS+,ITI,86,0.011627906976744186,1,48,0.020833333333333332,Global off,Global on
merged,18,6,2,3,1,ITI,CS+,173,0.011560693641618497,2,48,0.041666666666666664,Safety-like,Global off
merged,18,15,2,3,2,CS+,CS+,173,0.011560693641618497,2,48,0.041666666666666664,Safety-like,Threat-like
merged,18,21,2,3,1,CS-,ITI,173,0.011560693641618497,2,48,0.041666666666666664,Safety-like,Global off
merged,18,30,2,3,4,CS-,CS+,173,0.011560693641618497,2,48,0.041666666666666664,Safety-like,Global on
merged,12,5,2,4,1,CS+,ITI,176,0.011363636363636364,2,48,0.041666666666666664,Global on,Global off
merged,12,6,2,4,1,CS-,CS-,176,0.011363636363636364,2,48,0.041666666666666664,Global on,Global off
merged,12,11,2,4,1,CS-,CS-,176,0.011363636363636364,1,48,0.020833333333333332,Global on,Global off
merged,31,9,5,4,1,CS-,CS+,441,0.011337868480725623,5,48,0.10416666666666667,Global on,Global off
merged,31,21,5,4,1,CS+,ITI,441,0.011337868480725623,5,48,0.10416666666666667,Global on,Global off
merged,16,3,5,4,1,ITI,ITI,442,0.011312217194570135,5,48,0.10416666666666667,Global on,Global off
merged,16,26,5,4,4,ITI,ITI,442,0.011312217194570135,5,48,0.10416666666666667,Global on,Global on
merged,19,7,3,3,1,ITI,CS-,268,0.011194029850746268,3,48,0.0625,Safety-like,Global off
merged,19,10,3,3,1,ITI,ITI,268,0.011194029850746268,3,48,0.0625,Safety-like,Global off
merged,19,11,3,3,1,ITI,CS-,268,0.011194029850746268,3,48,0.0625,Safety-like,Global off
merged,19,14,3,3,2,CS+,ITI,268,0.011194029850746268,3,48,0.0625,Safety-like,Threat-like
merged,17,11,5,1,1,ITI,CS-,449,0.011135857461024499,5,48,0.10416666666666667,Global off,Global off
merged,8,11,2,4,1,CS+,CS+,183,0.01092896174863388,2,48,0.041666666666666664,Global on,Global off
merged,8,12,2,4,4,CS-,CS+,183,0.01092896174863388,2,48,0.041666666666666664,Global on,Global on
merged,8,22,2,4,4,ITI,CS-,183,0.01092896174863388,2,48,0.041666666666666664,Global on,Global on
merged,8,25,2,4,1,CS+,CS+,183,0.01092896174863388,2,48,0.041666666666666664,Global on,Global off
merged,8,28,2,4,4,CS-,CS-,183,0.01092896174863388,2,48,0.041666666666666664,Global on,Global on
merged,23,3,2,4,1,ITI,CS-,186,0.010752688172043012,2,48,0.041666666666666664,Global on,Global off
merged,23,12,2,4,4,CS-,ITI,186,0.010752688172043012,2,48,0.041666666666666664,Global on,Global on
merged,23,14,2,4,2,CS+,CS+,186,0.010752688172043012,2,48,0.041666666666666664,Global on,Threat-like
merged,23,22,2,4,4,CS-,CS-,186,0.010752688172043012,2,48,0.041666666666666664,Global on,Global on
merged,23,27,2,4,4,ITI,ITI,186,0.010752688172043012,2,48,0.041666666666666664,Global on,Global on
merged,23,30,2,4,4,CS+,ITI,186,0.010752688172043012,2,48,0.041666666666666664,Global on,Global on
merged,24,26,3,4,4,ITI,ITI,280,0.010714285714285714,3,48,0.0625,Global on,Global on
merged,20,21,5,3,1,ITI,ITI,468,0.010683760683760684,5,48,0.10416666666666667,Safety-like,Global off
merged,25,10,2,1,1,CS-,CS-,191,0.010471204188481676,2,48,0.041666666666666664,Global off,Global off
merged,25,15,2,1,2,ITI,CS+,191,0.010471204188481676,2,48,0.041666666666666664,Global off,Threat-like
merged,25,18,2,1,3,ITI,CS+,191,0.010471204188481676,2,48,0.041666666666666664,Global off,Safety-like
merged,21,18,2,1,3,ITI,CS+,192,0.010416666666666666,2,48,0.041666666666666664,Global off,Safety-like
merged,14,23,3,2,4,ITI,ITI,290,0.010344827586206896,3,48,0.0625,Threat-like,Global on
merged,14,24,3,2,4,ITI,ITI,290,0.010344827586206896,3,48,0.0625,Threat-like,Global on
merged,29,6,4,2,1,CS+,CS+,392,0.01020408163265306,4,48,0.08333333333333333,Threat-like,Global off
merged,5,12,3,1,4,ITI,ITI,296,0.010135135135135136,3,48,0.0625,Global off,Global on
merged,5,22,3,1,4,CS+,ITI,296,0.010135135135135136,3,48,0.0625,Global off,Global on
merged,28,3,3,4,1,ITI,ITI,300,0.01,3,48,0.0625,Global on,Global off
merged,28,5,3,4,1,ITI,ITI,300,0.01,3,48,0.0625,Global on,Global off
merged,28,14,3,4,2,ITI,CS+,300,0.01,3,48,0.0625,Global on,Threat-like
merged,26,6,1,4,1,ITI,CS-,102,0.00980392156862745,1,48,0.020833333333333332,Global on,Global off
merged,26,8,1,4,4,ITI,ITI,102,0.00980392156862745,1,48,0.020833333333333332,Global on,Global on
merged,26,12,1,4,4,CS+,CS+,102,0.00980392156862745,1,48,0.020833333333333332,Global on,Global on
merged,26,13,1,4,2,ITI,ITI,102,0.00980392156862745,1,48,0.020833333333333332,Global on,Threat-like
merged,26,15,1,4,2,ITI,ITI,102,0.00980392156862745,1,48,0.020833333333333332,Global on,Threat-like
merged,26,21,1,4,1,CS-,ITI,102,0.00980392156862745,1,48,0.020833333333333332,Global on,Global off
merged,26,22,1,4,4,ITI,CS-,102,0.00980392156862745,1,48,0.020833333333333332,Global on,Global on
merged,26,25,1,4,1,ITI,CS-,102,0.00980392156862745,1,48,0.020833333333333332,Global on,Global off
merged,10,15,2,1,2,CS+,CS+,205,0.00975609756097561,2,48,0.041666666666666664,Global off,Threat-like
merged,10,27,2,1,4,ITI,ITI,205,0.00975609756097561,2,48,0.041666666666666664,Global off,Global on
merged,10,28,2,1,4,CS+,CS+,205,0.00975609756097561,2,48,0.041666666666666664,Global off,Global on
merged,32,3,8,4,1,ITI,ITI,826,0.009685230024213076,8,48,0.16666666666666666,Global on,Global off
merged,1,11,8,1,1,ITI,CS-,829,0.009650180940892641,6,48,0.125,Global off,Global off
merged,15,7,2,2,1,CS+,ITI,212,0.009433962264150943,2,48,0.041666666666666664,Threat-like,Global off
merged,15,11,2,2,1,CS-,CS-,212,0.009433962264150943,2,48,0.041666666666666664,Threat-like,Global off
merged,31,5,4,4,1,CS+,CS+,441,0.009070294784580499,4,48,0.08333333333333333,Global on,Global off
merged,31,18,4,4,3,CS-,CS-,441,0.009070294784580499,4,48,0.08333333333333333,Global on,Safety-like
merged,31,22,4,4,4,ITI,CS-,441,0.009070294784580499,4,48,0.08333333333333333,Global on,Global on
merged,31,26,4,4,4,ITI,ITI,441,0.009070294784580499,4,48,0.08333333333333333,Global on,Global on
merged,16,7,4,4,1,ITI,ITI,442,0.00904977375565611,4,48,0.08333333333333333,Global on,Global off
merged,7,3,1,1,1,ITI,CS-,111,0.009009009009009009,1,48,0.020833333333333332,Global off,Global off
merged,7,6,1,1,1,CS+,CS+,111,0.009009009009009009,1,48,0.020833333333333332,Global off,Global off
merged,7,10,1,1,1,ITI,CS+,111,0.009009009009009009,1,48,0.020833333333333332,Global off,Global off
merged,7,17,1,1,1,ITI,ITI,111,0.009009009009009009,1,48,0.020833333333333332,Global off,Global off
merged,7,18,1,1,3,ITI,ITI,111,0.009009009009009009,1,48,0.020833333333333332,Global off,Safety-like
merged,7,22,1,1,4,CS+,ITI,111,0.009009009009009009,1,48,0.020833333333333332,Global off,Global on
merged,7,23,1,1,4,ITI,ITI,111,0.009009009009009009,1,48,0.020833333333333332,Global off,Global on
merged,7,26,1,1,4,ITI,ITI,111,0.009009009009009009,1,48,0.020833333333333332,Global off,Global on
merged,3,6,2,1,1,CS-,ITI,223,0.008968609865470852,2,48,0.041666666666666664,Global off,Global off
merged,3,25,2,1,1,CS+,CS+,223,0.008968609865470852,2,48,0.041666666666666664,Global off,Global off
merged,3,26,2,1,4,ITI,CS-,223,0.008968609865470852,2,48,0.041666666666666664,Global off,Global on
merged,2,12,4,1,4,CS-,CS-,447,0.008948545861297539,3,48,0.0625,Global off,Global on
merged,2,28,4,1,4,ITI,ITI,447,0.008948545861297539,4,48,0.08333333333333333,Global off,Global on
merged,17,7,4,1,1,CS+,CS+,449,0.008908685968819599,4,48,0.08333333333333333,Global off,Global off
merged,17,14,4,1,2,ITI,CS+,449,0.008908685968819599,4,48,0.08333333333333333,Global off,Threat-like
merged,17,30,4,1,4,ITI,ITI,449,0.008908685968819599,4,48,0.08333333333333333,Global off,Global on
merged,13,18,4,2,3,ITI,ITI,463,0.008639308855291577,4,48,0.08333333333333333,Threat-like,Safety-like
merged,13,25,4,2,1,ITI,ITI,463,0.008639308855291577,4,48,0.08333333333333333,Threat-like,Global off
merged,20,8,4,3,4,ITI,ITI,468,0.008547008547008548,4,48,0.08333333333333333,Safety-like,Global on
merged,20,22,4,3,4,ITI,ITI,468,0.008547008547008548,4,48,0.08333333333333333,Safety-like,Global on
merged,30,5,2,4,1,CS-,CS-,238,0.008403361344537815,2,48,0.041666666666666664,Global on,Global off
merged,30,8,2,4,4,CS-,CS-,238,0.008403361344537815,2,48,0.041666666666666664,Global on,Global on
merged,30,18,2,4,3,CS-,CS-,238,0.008403361344537815,2,48,0.041666666666666664,Global on,Safety-like
merged,30,22,2,4,4,ITI,CS-,238,0.008403361344537815,2,48,0.041666666666666664,Global on,Global on
merged,30,27,2,4,4,CS-,ITI,238,0.008403361344537815,2,48,0.041666666666666664,Global on,Global on
merged,9,11,2,1,1,ITI,CS+,254,0.007874015748031496,2,48,0.041666666666666664,Global off,Global off
merged,9,18,2,1,3,ITI,CS+,254,0.007874015748031496,2,48,0.041666666666666664,Global off,Safety-like
merged,9,23,2,1,4,CS-,ITI,254,0.007874015748031496,2,48,0.041666666666666664,Global off,Global on
merged,9,27,2,1,4,CS-,ITI,254,0.007874015748031496,2,48,0.041666666666666664,Global off,Global on
merged,4,11,3,3,1,CS-,CS-,386,0.007772020725388601,3,48,0.0625,Safety-like,Global off
merged,4,27,3,3,4,ITI,ITI,386,0.007772020725388601,3,48,0.0625,Safety-like,Global on
merged,29,7,3,2,1,CS+,ITI,392,0.007653061224489796,2,48,0.041666666666666664,Threat-like,Global off
merged,29,15,3,2,2,CS+,ITI,392,0.007653061224489796,3,48,0.0625,Threat-like,Threat-like
merged,29,27,3,2,4,ITI,ITI,392,0.007653061224489796,3,48,0.0625,Threat-like,Global on
merged,19,6,2,3,1,CS-,CS-,268,0.007462686567164179,2,48,0.041666666666666664,Safety-like,Global off
merged,19,15,2,3,2,CS+,CS+,268,0.007462686567164179,2,48,0.041666666666666664,Safety-like,Threat-like
merged,19,22,2,3,4,ITI,ITI,268,0.007462686567164179,2,48,0.041666666666666664,Safety-like,Global on
merged,6,11,1,1,1,ITI,ITI,134,0.007462686567164179,1,48,0.020833333333333332,Global off,Global off
merged,6,19,1,1,3,CS-,ITI,134,0.007462686567164179,1,48,0.020833333333333332,Global off,Safety-like
merged,6,23,1,1,4,ITI,CS-,134,0.007462686567164179,1,48,0.020833333333333332,Global off,Global on
merged,27,3,1,4,1,ITI,CS+,138,0.007246376811594203,1,48,0.020833333333333332,Global on,Global off
merged,27,6,1,4,1,ITI,ITI,138,0.007246376811594203,1,48,0.020833333333333332,Global on,Global off
merged,27,7,1,4,1,CS+,CS+,138,0.007246376811594203,1,48,0.020833333333333332,Global on,Global off
merged,27,11,1,4,1,ITI,CS-,138,0.007246376811594203,1,48,0.020833333333333332,Global on,Global off
merged,27,12,1,4,4,CS+,CS+,138,0.007246376811594203,1,48,0.020833333333333332,Global on,Global on
merged,27,14,1,4,2,CS-,CS-,138,0.007246376811594203,1,48,0.020833333333333332,Global on,Threat-like
merged,1,26,6,1,4,ITI,ITI,829,0.007237635705669481,6,48,0.125,Global off,Global on
merged,1,28,6,1,4,ITI,ITI,829,0.007237635705669481,5,48,0.10416666666666667,Global off,Global on
merged,24,11,2,4,1,ITI,CS+,280,0.007142857142857143,2,48,0.041666666666666664,Global on,Global off
merged,14,11,2,2,1,CS+,CS-,290,0.006896551724137931,2,48,0.041666666666666664,Threat-like,Global off
merged,14,20,2,2,3,CS-,CS-,290,0.006896551724137931,2,48,0.041666666666666664,Threat-like,Safety-like
merged,31,7,3,4,1,ITI,ITI,441,0.006802721088435374,2,48,0.041666666666666664,Global on,Global off
merged,31,11,3,4,1,ITI,CS-,441,0.006802721088435374,3,48,0.0625,Global on,Global off
merged,16,11,3,4,1,CS-,ITI,442,0.006787330316742082,3,48,0.0625,Global on,Global off
merged,5,25,2,1,1,CS-,ITI,296,0.006756756756756757,2,48,0.041666666666666664,Global off,Global off
merged,17,12,3,1,4,ITI,CS-,449,0.0066815144766146995,3,48,0.0625,Global off,Global on
merged,17,22,3,1,4,CS+,ITI,449,0.0066815144766146995,3,48,0.0625,Global off,Global on
merged,28,6,2,4,1,CS-,CS+,300,0.006666666666666667,2,48,0.041666666666666664,Global on,Global off
merged,28,7,2,4,1,CS-,CS-,300,0.006666666666666667,2,48,0.041666666666666664,Global on,Global off
merged,28,8,2,4,4,CS+,CS+,300,0.006666666666666667,2,48,0.041666666666666664,Global on,Global on
merged,28,11,2,4,1,CS-,CS-,300,0.006666666666666667,2,48,0.041666666666666664,Global on,Global off
merged,28,23,2,4,4,CS-,ITI,300,0.006666666666666667,2,48,0.041666666666666664,Global on,Global on
merged,13,27,3,2,4,ITI,ITI,463,0.0064794816414686825,3,48,0.0625,Threat-like,Global on
merged,32,6,5,4,1,ITI,ITI,826,0.006053268765133172,4,48,0.08333333333333333,Global on,Global off
merged,1,22,5,1,4,ITI,ITI,829,0.006031363088057901,4,48,0.08333333333333333,Global off,Global on
merged,1,27,5,1,4,ITI,ITI,829,0.006031363088057901,4,48,0.08333333333333333,Global off,Global on
merged,18,8,1,3,4,ITI,ITI,173,0.005780346820809248,1,48,0.020833333333333332,Safety-like,Global on
merged,18,23,1,3,4,ITI,ITI,173,0.005780346820809248,1,48,0.020833333333333332,Safety-like,Global on
merged,18,25,1,3,1,ITI,ITI,173,0.005780346820809248,1,48,0.020833333333333332,Safety-like,Global off
merged,12,18,1,4,3,CS-,ITI,176,0.005681818181818182,1,48,0.020833333333333332,Global on,Safety-like
merged,12,22,1,4,4,ITI,CS-,176,0.005681818181818182,1,48,0.020833333333333332,Global on,Global on
merged,12,26,1,4,4,CS-,ITI,176,0.005681818181818182,1,48,0.020833333333333332,Global on,Global on
merged,12,27,1,4,4,CS-,CS-,176,0.005681818181818182,1,48,0.020833333333333332,Global on,Global on
merged,8,5,1,4,1,CS-,ITI,183,0.00546448087431694,1,48,0.020833333333333332,Global on,Global off
merged,8,26,1,4,4,ITI,ITI,183,0.00546448087431694,1,48,0.020833333333333332,Global on,Global on
merged,8,27,1,4,4,CS-,CS-,183,0.00546448087431694,1,48,0.020833333333333332,Global on,Global on
merged,23,6,1,4,1,CS+,CS+,186,0.005376344086021506,1,48,0.020833333333333332,Global on,Global off
merged,23,11,1,4,1,CS-,ITI,186,0.005376344086021506,1,48,0.020833333333333332,Global on,Global off
merged,23,26,1,4,4,ITI,ITI,186,0.005376344086021506,1,48,0.020833333333333332,Global on,Global on
merged,25,12,1,1,4,ITI,ITI,191,0.005235602094240838,1,48,0.020833333333333332,Global off,Global on
merged,25,26,1,1,4,ITI,ITI,191,0.005235602094240838,1,48,0.020833333333333332,Global off,Global on
merged,21,7,1,1,1,CS-,CS-,192,0.005208333333333333,1,48,0.020833333333333332,Global off,Global off
merged,21,11,1,1,1,CS-,CS-,192,0.005208333333333333,1,48,0.020833333333333332,Global off,Global off
merged,21,26,1,1,4,ITI,ITI,192,0.005208333333333333,1,48,0.020833333333333332,Global off,Global on
merged,4,26,2,3,4,ITI,ITI,386,0.0051813471502590676,2,48,0.041666666666666664,Safety-like,Global on
merged,4,30,2,3,4,ITI,CS+,386,0.0051813471502590676,2,48,0.041666666666666664,Safety-like,Global on
merged,10,11,1,1,1,CS-,CS-,205,0.004878048780487805,1,48,0.020833333333333332,Global off,Global off
merged,10,21,1,1,1,ITI,ITI,205,0.004878048780487805,1,48,0.020833333333333332,Global off,Global off
merged,15,10,1,2,1,ITI,ITI,212,0.0047169811320754715,1,48,0.020833333333333332,Threat-like,Global off
merged,15,22,1,2,4,CS+,CS-,212,0.0047169811320754715,1,48,0.020833333333333332,Threat-like,Global on
merged,15,26,1,2,4,ITI,ITI,212,0.0047169811320754715,1,48,0.020833333333333332,Threat-like,Global on
merged,3,22,1,1,4,CS-,ITI,223,0.004484304932735426,1,48,0.020833333333333332,Global off,Global on
merged,2,11,2,1,1,ITI,CS+,447,0.0044742729306487695,2,48,0.041666666666666664,Global off,Global off
merged,2,22,2,1,4,CS-,CS-,447,0.0044742729306487695,2,48,0.041666666666666664,Global off,Global on
merged,2,26,2,1,4,ITI,ITI,447,0.0044742729306487695,2,48,0.041666666666666664,Global off,Global on
merged,20,6,2,3,1,CS-,CS-,468,0.004273504273504274,1,48,0.020833333333333332,Safety-like,Global off
merged,20,7,2,3,1,ITI,ITI,468,0.004273504273504274,2,48,0.041666666666666664,Safety-like,Global off
merged,30,6,1,4,1,CS-,ITI,238,0.004201680672268907,1,48,0.020833333333333332,Global on,Global off
merged,30,7,1,4,1,CS-,CS-,238,0.004201680672268907,1,48,0.020833333333333332,Global on,Global off
merged,30,23,1,4,4,ITI,ITI,238,0.004201680672268907,1,48,0.020833333333333332,Global on,Global on
merged,9,22,1,1,4,CS+,CS+,254,0.003937007874015748,1,48,0.020833333333333332,Global off,Global on
merged,19,8,1,3,4,ITI,ITI,268,0.0037313432835820895,1,48,0.020833333333333332,Safety-like,Global on
merged,32,7,3,4,1,ITI,CS+,826,0.0036319612590799033,3,48,0.0625,Global on,Global off
merged,14,18,1,2,3,CS-,ITI,290,0.0034482758620689655,1,48,0.020833333333333332,Threat-like,Safety-like
merged,14,22,1,2,4,ITI,CS-,290,0.0034482758620689655,1,48,0.020833333333333332,Threat-like,Global on
merged,5,18,1,1,3,ITI,ITI,296,0.0033783783783783786,1,48,0.020833333333333332,Global off,Safety-like
merged,5,27,1,1,4,CS-,ITI,296,0.0033783783783783786,1,48,0.020833333333333332,Global off,Global on
merged,5,30,1,1,4,CS+,ITI,296,0.0033783783783783786,1,48,0.020833333333333332,Global off,Global on
merged,2,27,1,1,4,ITI,CS+,447,0.0022371364653243847,1,48,0.020833333333333332,Global off,Global on
merged,17,10,1,1,1,ITI,CS-,449,0.0022271714922048997,1,48,0.020833333333333332,Global off,Global off
merged,13,22,1,2,4,ITI,ITI,463,0.0021598272138228943,1,48,0.020833333333333332,Threat-like,Global on
merged,13,26,1,2,4,ITI,ITI,463,0.0021598272138228943,1,48,0.020833333333333332,Threat-like,Global on
HC,11,1,10,1,1,CS-,CS-,45,0.2222222222222222,9,24,0.375,Global off,Global off
HC,22,32,7,4,4,CS-,ITI,37,0.1891891891891892,7,24,0.2916666666666667,Global on,Global on
HC,31,32,41,4,4,ITI,ITI,221,0.18552036199095023,15,24,0.625,Global on,Global on
HC,2,1,39,1,1,ITI,ITI,218,0.17889908256880735,17,24,0.7083333333333334,Global off,Global off
HC,3,1,20,1,1,ITI,ITI,121,0.1652892561983471,13,24,0.5416666666666666,Global off,Global off
HC,23,32,17,4,4,ITI,ITI,104,0.16346153846153846,14,24,0.5833333333333334,Global on,Global on
HC,10,1,17,1,1,ITI,ITI,110,0.15454545454545454,12,24,0.5,Global off,Global off
HC,24,20,24,4,3,ITI,ITI,159,0.1509433962264151,18,24,0.75,Global on,Safety-like
HC,27,20,12,4,3,ITI,ITI,80,0.15,8,24,0.3333333333333333,Global on,Safety-like
HC,4,1,27,3,1,ITI,ITI,182,0.14835164835164835,15,24,0.625,Safety-like,Global off
HC,6,13,9,1,2,ITI,ITI,61,0.14754098360655737,5,24,0.20833333333333334,Global off,Threat-like
HC,26,17,8,4,1,ITI,ITI,55,0.14545454545454545,8,24,0.3333333333333333,Global on,Global off
HC,5,1,21,1,1,ITI,ITI,148,0.14189189189189189,12,24,0.5,Global off,Global off
HC,9,1,19,1,1,ITI,CS-,139,0.1366906474820144,12,24,0.5,Global off,Global off
HC,15,13,15,2,2,CS+,ITI,112,0.13392857142857142,12,24,0.5,Threat-like,Threat-like
HC,6,14,8,1,2,CS+,ITI,61,0.13114754098360656,7,24,0.2916666666666667,Global off,Threat-like
HC,12,1,11,4,1,ITI,CS+,84,0.13095238095238096,10,24,0.4166666666666667,Global on,Global off
HC,25,17,12,1,1,ITI,CS+,92,0.13043478260869565,11,24,0.4583333333333333,Global off,Global off
HC,9,13,18,1,2,CS+,ITI,139,0.12949640287769784,13,24,0.5416666666666666,Global off,Threat-like
HC,20,32,34,3,4,ITI,ITI,263,0.12927756653992395,16,24,0.6666666666666666,Safety-like,Global on
HC,26,32,7,4,4,ITI,ITI,55,0.12727272727272726,7,24,0.2916666666666667,Global on,Global on
HC,30,32,15,4,4,ITI,ITI,118,0.1271186440677966,11,24,0.4583333333333333,Global on,Global on
HC,24,32,20,4,4,ITI,ITI,159,0.12578616352201258,13,24,0.5416666666666666,Global on,Global on
HC,18,17,12,3,1,ITI,ITI,98,0.12244897959183673,9,24,0.375,Safety-like,Global off
HC,7,1,7,1,1,ITI,ITI,60,0.11666666666666667,6,24,0.25,Global off,Global off
HC,28,32,18,4,4,ITI,ITI,155,0.11612903225806452,14,24,0.5833333333333334,Global on,Global on
HC,6,16,7,1,4,ITI,ITI,61,0.11475409836065574,5,24,0.20833333333333334,Global off,Global on
HC,18,20,11,3,3,ITI,ITI,98,0.11224489795918367,6,24,0.25,Safety-like,Safety-like
HC,19,20,14,3,3,ITI,ITI,128,0.109375,10,24,0.4166666666666667,Safety-like,Safety-like
HC,29,32,21,2,4,CS-,CS-,196,0.10714285714285714,15,24,0.625,Threat-like,Global on
HC,12,16,9,4,4,CS+,ITI,84,0.10714285714285714,7,24,0.2916666666666667,Global on,Global on
HC,17,1,23,1,1,ITI,ITI,215,0.10697674418604651,13,24,0.5416666666666666,Global off,Global off
HC,16,32,23,4,4,ITI,ITI,216,0.10648148148148148,13,24,0.5416666666666666,Global on,Global on
HC,4,2,19,3,1,ITI,ITI,182,0.1043956043956044,11,24,0.4583333333333333,Safety-like,Global off
HC,14,1,17,2,1,ITI,ITI,166,0.10240963855421686,11,24,0.4583333333333333,Threat-like,Global off
HC,1,2,43,1,1,ITI,ITI,421,0.1021377672209026,23,24,0.9583333333333334,Global off,Global off
HC,8,1,9,4,1,ITI,ITI,90,0.1,6,24,0.25,Global on,Global off
HC,7,5,6,1,1,ITI,ITI,60,0.1,6,24,0.25,Global off,Global off
HC,7,32,6,1,4,CS+,ITI,60,0.1,5,24,0.20833333333333334,Global off,Global on
HC,6,1,6,1,1,ITI,ITI,61,0.09836065573770492,6,24,0.25,Global off,Global off
HC,13,1,25,2,1,ITI,ITI,258,0.09689922480620156,13,24,0.5416666666666666,Threat-like,Global off
HC,14,13,16,2,2,CS+,ITI,166,0.0963855421686747,12,24,0.5,Threat-like,Threat-like
HC,12,32,8,4,4,ITI,ITI,84,0.09523809523809523,8,24,0.3333333333333333,Global on,Global on
HC,32,31,38,4,4,ITI,ITI,401,0.09476309226932668,17,24,0.7083333333333334,Global on,Global on
HC,10,4,10,1,3,ITI,ITI,110,0.09090909090909091,4,24,0.16666666666666666,Global off,Safety-like
HC,21,20,9,1,3,ITI,ITI,99,0.09090909090909091,5,24,0.20833333333333334,Global off,Safety-like
HC,21,32,9,1,4,ITI,ITI,99,0.09090909090909091,7,24,0.2916666666666667,Global off,Global on
HC,14,32,15,2,4,ITI,ITI,166,0.09036144578313253,10,24,0.4166666666666667,Threat-like,Global on
HC,28,20,14,4,3,ITI,ITI,155,0.09032258064516129,9,24,0.375,Global on,Safety-like
HC,15,32,10,2,4,ITI,ITI,112,0.08928571428571429,8,24,0.3333333333333333,Threat-like,Global on
HC,8,24,8,4,4,ITI,ITI,90,0.08888888888888889,8,24,0.3333333333333333,Global on,Global on
HC,5,32,13,1,4,ITI,ITI,148,0.08783783783783784,11,24,0.4583333333333333,Global off,Global on
HC,27,1,7,4,1,ITI,CS+,80,0.0875,7,24,0.2916666666666667,Global on,Global off
HC,2,13,19,1,2,ITI,ITI,218,0.0871559633027523,14,24,0.5833333333333334,Global off,Threat-like
HC,29,13,17,2,2,CS+,ITI,196,0.08673469387755102,13,24,0.5416666666666666,Threat-like,Threat-like
HC,23,20,9,4,3,ITI,ITI,104,0.08653846153846154,6,24,0.25,Global on,Safety-like
HC,19,1,11,3,1,ITI,ITI,128,0.0859375,7,24,0.2916666666666667,Safety-like,Global off
HC,30,1,10,4,1,ITI,ITI,118,0.0847457627118644,9,24,0.375,Global on,Global off
HC,30,13,10,4,2,ITI,CS+,118,0.0847457627118644,7,24,0.2916666666666667,Global on,Threat-like
HC,30,20,10,4,3,ITI,ITI,118,0.0847457627118644,6,24,0.25,Global on,Safety-like
HC,28,31,13,4,4,ITI,CS+,155,0.08387096774193549,11,24,0.4583333333333333,Global on,Global on
HC,20,17,22,3,1,ITI,ITI,263,0.08365019011406843,13,24,0.5416666666666666,Safety-like,Global off
HC,6,2,5,1,1,ITI,ITI,61,0.08196721311475409,5,24,0.20833333333333334,Global off,Global off
HC,10,2,9,1,1,CS+,ITI,110,0.08181818181818182,6,24,0.25,Global off,Global off
HC,24,4,13,4,3,ITI,ITI,159,0.08176100628930817,11,24,0.4583333333333333,Global on,Safety-like
HC,22,1,3,4,1,ITI,CS+,37,0.08108108108108109,3,24,0.125,Global on,Global off
HC,22,24,3,4,4,ITI,ITI,37,0.08108108108108109,3,24,0.125,Global on,Global on
HC,22,31,3,4,4,ITI,ITI,37,0.08108108108108109,3,24,0.125,Global on,Global on
HC,21,1,8,1,1,ITI,CS+,99,0.08080808080808081,8,24,0.3333333333333333,Global off,Global off
HC,21,17,8,1,1,ITI,ITI,99,0.08080808080808081,6,24,0.25,Global off,Global off
HC,15,1,9,2,1,ITI,ITI,112,0.08035714285714286,8,24,0.3333333333333333,Threat-like,Global off
HC,15,14,9,2,2,CS+,ITI,112,0.08035714285714286,8,24,0.3333333333333333,Threat-like,Threat-like
HC,14,29,13,2,2,ITI,ITI,166,0.0783132530120482,10,24,0.4166666666666667,Threat-like,Threat-like
HC,13,32,20,2,4,CS+,ITI,258,0.07751937984496124,15,24,0.625,Threat-like,Global on
HC,28,1,12,4,1,ITI,ITI,155,0.07741935483870968,11,24,0.4583333333333333,Global on,Global off
HC,31,20,17,4,3,ITI,ITI,221,0.07692307692307693,11,24,0.4583333333333333,Global on,Safety-like
HC,25,32,7,1,4,ITI,ITI,92,0.07608695652173914,7,24,0.2916666666666667,Global off,Global on
HC,20,1,20,3,1,ITI,ITI,263,0.07604562737642585,11,24,0.4583333333333333,Safety-like,Global off
HC,27,32,6,4,4,ITI,ITI,80,0.075,5,24,0.20833333333333334,Global on,Global on
HC,32,20,30,4,3,ITI,ITI,401,0.07481296758104738,16,24,0.6666666666666666,Global on,Safety-like
HC,3,17,9,1,1,ITI,ITI,121,0.0743801652892562,8,24,0.3333333333333333,Global off,Global off
HC,16,1,16,4,1,ITI,ITI,216,0.07407407407407407,12,24,0.5,Global on,Global off
HC,16,13,16,4,2,CS+,ITI,216,0.07407407407407407,10,24,0.4166666666666667,Global on,Threat-like
HC,16,29,16,4,2,ITI,ITI,216,0.07407407407407407,11,24,0.4583333333333333,Global on,Threat-like
HC,13,29,19,2,2,ITI,ITI,258,0.07364341085271318,12,24,0.5,Threat-like,Threat-like
HC,13,31,19,2,4,ITI,ITI,258,0.07364341085271318,13,24,0.5416666666666666,Threat-like,Global on
HC,26,20,4,4,3,ITI,ITI,55,0.07272727272727272,4,24,0.16666666666666666,Global on,Safety-like
HC,26,28,4,4,4,CS-,ITI,55,0.07272727272727272,4,24,0.16666666666666666,Global on,Global on
HC,26,31,4,4,4,CS+,ITI,55,0.07272727272727272,3,24,0.125,Global on,Global on
HC,20,28,19,3,4,ITI,ITI,263,0.07224334600760456,13,24,0.5416666666666666,Safety-like,Global on
HC,15,16,8,2,4,CS+,CS+,112,0.07142857142857142,7,24,0.2916666666666667,Threat-like,Global on
HC,12,13,6,4,2,CS+,CS+,84,0.07142857142857142,5,24,0.20833333333333334,Global on,Threat-like
HC,19,28,9,3,4,ITI,ITI,128,0.0703125,9,24,0.375,Safety-like,Global on
HC,17,20,15,1,3,ITI,ITI,215,0.06976744186046512,10,24,0.4166666666666667,Global off,Safety-like
HC,17,32,15,1,4,ITI,ITI,215,0.06976744186046512,13,24,0.5416666666666666,Global off,Global on
HC,1,13,29,1,2,CS+,ITI,421,0.0688836104513064,14,24,0.5833333333333334,Global off,Threat-like
HC,2,32,15,1,4,ITI,ITI,218,0.06880733944954129,11,24,0.4583333333333333,Global off,Global on
HC,20,2,18,3,1,ITI,CS+,263,0.06844106463878327,11,24,0.4583333333333333,Safety-like,Global off
HC,5,31,10,1,4,CS+,ITI,148,0.06756756756756757,7,24,0.2916666666666667,Global off,Global on
HC,23,1,7,4,1,ITI,CS+,104,0.0673076923076923,7,24,0.2916666666666667,Global on,Global off
HC,23,29,7,4,2,ITI,ITI,104,0.0673076923076923,5,24,0.20833333333333334,Global on,Threat-like
HC,8,4,6,4,3,ITI,ITI,90,0.06666666666666667,6,24,0.25,Global on,Safety-like
HC,8,13,6,4,2,CS-,CS+,90,0.06666666666666667,5,24,0.20833333333333334,Global on,Threat-like
HC,7,16,4,1,4,ITI,ITI,60,0.06666666666666667,4,24,0.16666666666666666,Global off,Global on
HC,7,20,4,1,3,ITI,ITI,60,0.06666666666666667,3,24,0.125,Global off,Safety-like
HC,7,21,4,1,1,ITI,CS+,60,0.06666666666666667,4,24,0.16666666666666666,Global off,Global off
HC,11,3,3,1,1,ITI,CS+,45,0.06666666666666667,3,24,0.125,Global off,Global off
HC,11,5,3,1,1,CS+,ITI,45,0.06666666666666667,2,24,0.08333333333333333,Global off,Global off
HC,11,10,3,1,1,ITI,CS+,45,0.06666666666666667,3,24,0.125,Global off,Global off
HC,11,31,3,1,4,CS+,CS+,45,0.06666666666666667,3,24,0.125,Global off,Global on
HC,11,32,3,1,4,CS-,CS+,45,0.06666666666666667,3,24,0.125,Global off,Global on
HC,6,32,4,1,4,ITI,ITI,61,0.06557377049180328,4,24,0.16666666666666666,Global off,Global on
HC,25,1,6,1,1,ITI,CS+,92,0.06521739130434782,5,24,0.20833333333333334,Global off,Global off
HC,25,20,6,1,3,ITI,ITI,92,0.06521739130434782,4,24,0.16666666666666666,Global off,Safety-like
HC,17,19,14,1,3,ITI,ITI,215,0.06511627906976744,10,24,0.4166666666666667,Global off,Safety-like
HC,2,16,14,1,4,ITI,ITI,218,0.06422018348623854,11,24,0.4583333333333333,Global off,Global on
HC,10,13,7,1,2,CS+,CS+,110,0.06363636363636363,5,24,0.20833333333333334,Global off,Threat-like
HC,31,29,14,4,2,ITI,ITI,221,0.06334841628959276,9,24,0.375,Global on,Threat-like
HC,19,18,8,3,3,ITI,ITI,128,0.0625,5,24,0.20833333333333334,Safety-like,Safety-like
HC,19,31,8,3,4,ITI,CS+,128,0.0625,7,24,0.2916666666666667,Safety-like,Global on
HC,15,31,7,2,4,CS+,ITI,112,0.0625,6,24,0.25,Threat-like,Global on
HC,27,19,5,4,3,ITI,ITI,80,0.0625,5,24,0.20833333333333334,Global on,Safety-like
HC,32,16,25,4,4,ITI,ITI,401,0.06234413965087282,15,24,0.625,Global on,Global on
HC,32,28,25,4,4,ITI,ITI,401,0.06234413965087282,19,24,0.7916666666666666,Global on,Global on
HC,13,16,16,2,4,CS+,ITI,258,0.06201550387596899,9,24,0.375,Threat-like,Global on
HC,29,1,12,2,1,ITI,ITI,196,0.061224489795918366,10,24,0.4166666666666667,Threat-like,Global off
HC,29,31,12,2,4,CS+,ITI,196,0.061224489795918366,9,24,0.375,Threat-like,Global on
HC,18,4,6,3,3,CS-,CS-,98,0.061224489795918366,5,24,0.20833333333333334,Safety-like,Safety-like
HC,18,28,6,3,4,ITI,CS+,98,0.061224489795918366,5,24,0.20833333333333334,Safety-like,Global on
HC,18,29,6,3,2,ITI,CS+,98,0.061224489795918366,5,24,0.20833333333333334,Safety-like,Threat-like
HC,5,14,9,1,2,CS+,CS+,148,0.060810810810810814,8,24,0.3333333333333333,Global off,Threat-like
HC,21,31,6,1,4,ITI,ITI,99,0.06060606060606061,6,24,0.25,Global off,Global on
HC,14,16,10,2,4,ITI,ITI,166,0.060240963855421686,9,24,0.375,Threat-like,Global on
HC,16,15,13,4,2,CS+,CS+,216,0.06018518518518518,11,24,0.4583333333333333,Global on,Threat-like
HC,12,9,5,4,1,ITI,CS+,84,0.05952380952380952,5,24,0.20833333333333334,Global on,Global off
HC,12,17,5,4,1,CS-,ITI,84,0.05952380952380952,3,24,0.125,Global on,Global off
HC,1,3,25,1,1,ITI,ITI,421,0.05938242280285035,13,24,0.5416666666666666,Global off,Global off
HC,30,31,7,4,4,CS+,CS+,118,0.059322033898305086,7,24,0.2916666666666667,Global on,Global on
HC,13,14,15,2,2,CS+,ITI,258,0.05813953488372093,11,24,0.4583333333333333,Threat-like,Threat-like
HC,3,2,7,1,1,ITI,CS-,121,0.05785123966942149,6,24,0.25,Global off,Global off
HC,23,2,6,4,1,ITI,ITI,104,0.057692307692307696,4,24,0.16666666666666666,Global on,Global off
HC,9,2,8,1,1,ITI,ITI,139,0.05755395683453238,6,24,0.25,Global off,Global off
HC,32,1,23,4,1,ITI,ITI,401,0.057356608478802994,15,24,0.625,Global on,Global off
HC,20,24,15,3,4,ITI,ITI,263,0.057034220532319393,9,24,0.375,Safety-like,Global on
HC,1,32,24,1,4,ITI,ITI,421,0.057007125890736345,15,24,0.625,Global off,Global on
HC,24,1,9,4,1,ITI,ITI,159,0.05660377358490566,8,24,0.3333333333333333,Global on,Global off
HC,29,28,11,2,4,ITI,ITI,196,0.05612244897959184,9,24,0.375,Threat-like,Global on
HC,16,5,12,4,1,ITI,ITI,216,0.05555555555555555,11,24,0.4583333333333333,Global on,Global off
HC,8,14,5,4,2,ITI,CS+,90,0.05555555555555555,4,24,0.16666666666666666,Global on,Threat-like
HC,8,29,5,4,2,CS-,ITI,90,0.05555555555555555,5,24,0.20833333333333334,Global on,Threat-like
HC,4,14,10,3,2,ITI,ITI,182,0.054945054945054944,8,24,0.3333333333333333,Safety-like,Threat-like
HC,4,16,10,3,4,ITI,ITI,182,0.054945054945054944,9,24,0.375,Safety-like,Global on
HC,32,29,22,4,2,ITI,ITI,401,0.05486284289276808,12,24,0.5,Global on,Threat-like
HC,10,14,6,1,2,CS+,ITI,110,0.05454545454545454,5,24,0.20833333333333334,Global off,Threat-like
HC,10,32,6,1,4,ITI,CS-,110,0.05454545454545454,4,24,0.16666666666666666,Global off,Global on
HC,26,11,3,4,1,CS-,CS-,55,0.05454545454545454,3,24,0.125,Global on,Global off
HC,25,14,5,1,2,CS-,CS+,92,0.05434782608695652,5,24,0.20833333333333334,Global off,Threat-like
HC,31,16,12,4,4,CS+,ITI,221,0.05429864253393665,11,24,0.4583333333333333,Global on,Global on
HC,14,30,9,2,4,ITI,ITI,166,0.05421686746987952,8,24,0.3333333333333333,Threat-like,Global on
HC,5,13,8,1,2,CS+,ITI,148,0.05405405405405406,7,24,0.2916666666666667,Global off,Threat-like
HC,5,21,8,1,1,CS-,ITI,148,0.05405405405405406,6,24,0.25,Global off,Global off
HC,22,2,2,4,1,ITI,ITI,37,0.05405405405405406,2,24,0.08333333333333333,Global on,Global off
HC,22,4,2,4,3,CS-,ITI,37,0.05405405405405406,2,24,0.08333333333333333,Global on,Safety-like
HC,22,5,2,4,1,CS+,CS+,37,0.05405405405405406,2,24,0.08333333333333333,Global on,Global off
HC,22,8,2,4,4,CS-,ITI,37,0.05405405405405406,2,24,0.08333333333333333,Global on,Global on
HC,22,13,2,4,2,CS-,CS-,37,0.05405405405405406,2,24,0.08333333333333333,Global on,Threat-like
HC,22,30,2,4,4,ITI,ITI,37,0.05405405405405406,2,24,0.08333333333333333,Global on,Global on
HC,1,4,22,1,3,ITI,ITI,421,0.052256532066508314,11,24,0.4583333333333333,Global off,Safety-like
HC,28,17,8,4,1,ITI,ITI,155,0.05161290322580645,5,24,0.20833333333333334,Global on,Global off
HC,17,3,11,1,1,ITI,CS+,215,0.05116279069767442,9,24,0.375,Global off,Global off
HC,17,16,11,1,4,ITI,CS+,215,0.05116279069767442,9,24,0.375,Global off,Global on
HC,17,18,11,1,3,CS-,ITI,215,0.05116279069767442,6,24,0.25,Global off,Safety-like
HC,17,28,11,1,4,ITI,ITI,215,0.05116279069767442,9,24,0.375,Global off,Global on
HC,29,17,10,2,1,ITI,ITI,196,0.05102040816326531,8,24,0.3333333333333333,Threat-like,Global off
HC,18,1,5,3,1,ITI,CS+,98,0.05102040816326531,3,24,0.125,Safety-like,Global off
HC,18,32,5,3,4,ITI,CS-,98,0.05102040816326531,5,24,0.20833333333333334,Safety-like,Global on
HC,16,31,11,4,4,CS+,ITI,216,0.05092592592592592,9,24,0.375,Global on,Global on
HC,30,16,6,4,4,ITI,ITI,118,0.05084745762711865,5,24,0.20833333333333334,Global on,Global on
HC,30,28,6,4,4,ITI,ITI,118,0.05084745762711865,5,24,0.20833333333333334,Global on,Global on
HC,21,13,5,1,2,CS+,ITI,99,0.050505050505050504,3,24,0.125,Global off,Threat-like
HC,21,24,5,1,4,ITI,CS-,99,0.050505050505050504,5,24,0.20833333333333334,Global off,Global on
HC,2,4,11,1,3,ITI,ITI,218,0.05045871559633028,8,24,0.3333333333333333,Global off,Safety-like
HC,2,5,11,1,1,ITI,ITI,218,0.05045871559633028,11,24,0.4583333333333333,Global off,Global off
HC,13,5,13,2,1,CS+,ITI,258,0.050387596899224806,11,24,0.4583333333333333,Threat-like,Global off
HC,9,14,7,1,2,ITI,ITI,139,0.050359712230215826,7,24,0.2916666666666667,Global off,Threat-like
HC,9,29,7,1,2,CS+,CS+,139,0.050359712230215826,6,24,0.25,Global off,Threat-like
HC,9,32,7,1,4,CS+,ITI,139,0.050359712230215826,7,24,0.2916666666666667,Global off,Global on
HC,27,13,4,4,2,CS+,CS+,80,0.05,3,24,0.125,Global on,Threat-like
HC,27,18,4,4,3,ITI,ITI,80,0.05,4,24,0.16666666666666666,Global on,Safety-like
HC,27,25,4,4,1,ITI,ITI,80,0.05,4,24,0.16666666666666666,Global on,Global off
HC,7,15,3,1,2,CS+,CS+,60,0.05,3,24,0.125,Global off,Threat-like
HC,7,24,3,1,4,ITI,ITI,60,0.05,3,24,0.125,Global off,Global on
HC,1,17,21,1,1,ITI,ITI,421,0.0498812351543943,12,24,0.5,Global off,Global off
HC,31,13,11,4,2,CS+,CS+,221,0.049773755656108594,10,24,0.4166666666666667,Global on,Threat-like
HC,3,32,6,1,4,ITI,ITI,121,0.049586776859504134,5,24,0.20833333333333334,Global off,Global on
HC,4,13,9,3,2,CS+,CS+,182,0.04945054945054945,6,24,0.25,Safety-like,Threat-like
HC,4,20,9,3,3,ITI,CS+,182,0.04945054945054945,7,24,0.2916666666666667,Safety-like,Safety-like
HC,4,32,9,3,4,CS+,ITI,182,0.04945054945054945,8,24,0.3333333333333333,Safety-like,Global on
HC,20,27,13,3,4,ITI,ITI,263,0.049429657794676805,9,24,0.375,Safety-like,Global on
HC,6,31,3,1,4,CS-,ITI,61,0.04918032786885246,2,24,0.08333333333333333,Global off,Global on
HC,14,15,8,2,2,CS+,ITI,166,0.04819277108433735,6,24,0.25,Threat-like,Threat-like
HC,23,19,5,4,3,ITI,ITI,104,0.04807692307692308,4,24,0.16666666666666666,Global on,Safety-like
HC,23,24,5,4,4,CS+,CS-,104,0.04807692307692308,5,24,0.20833333333333334,Global on,Global on
HC,23,28,5,4,4,ITI,CS-,104,0.04807692307692308,5,24,0.20833333333333334,Global on,Global on
HC,23,31,5,4,4,CS+,ITI,104,0.04807692307692308,4,24,0.16666666666666666,Global on,Global on
HC,12,4,4,4,3,CS-,CS-,84,0.047619047619047616,4,24,0.16666666666666666,Global on,Safety-like
HC,12,14,4,4,2,CS+,CS+,84,0.047619047619047616,4,24,0.16666666666666666,Global on,Threat-like
HC,32,24,19,4,4,ITI,ITI,401,0.04738154613466334,14,24,0.5833333333333334,Global on,Global on
HC,5,16,7,1,4,ITI,ITI,148,0.0472972972972973,6,24,0.25,Global off,Global on
HC,19,3,6,3,1,ITI,ITI,128,0.046875,6,24,0.25,Safety-like,Global off
HC,19,4,6,3,3,ITI,ITI,128,0.046875,5,24,0.20833333333333334,Safety-like,Safety-like
HC,13,2,12,2,1,ITI,ITI,258,0.046511627906976744,9,24,0.375,Threat-like,Global off
HC,17,2,10,1,1,ITI,ITI,215,0.046511627906976744,8,24,0.3333333333333333,Global off,Global off
HC,29,16,9,2,4,CS+,ITI,196,0.04591836734693878,7,24,0.2916666666666667,Threat-like,Global on
HC,29,20,9,2,3,ITI,ITI,196,0.04591836734693878,6,24,0.25,Threat-like,Safety-like
HC,29,24,9,2,4,ITI,ITI,196,0.04591836734693878,8,24,0.3333333333333333,Threat-like,Global on
HC,2,17,10,1,1,ITI,CS-,218,0.045871559633027525,7,24,0.2916666666666667,Global off,Global off
HC,10,18,5,1,3,ITI,ITI,110,0.045454545454545456,4,24,0.16666666666666666,Global off,Safety-like
HC,10,29,5,1,2,ITI,ITI,110,0.045454545454545456,4,24,0.16666666666666666,Global off,Threat-like
HC,31,30,10,4,4,ITI,ITI,221,0.04524886877828054,7,24,0.2916666666666667,Global on,Global on
HC,28,9,7,4,1,CS+,CS+,155,0.04516129032258064,5,24,0.20833333333333334,Global on,Global off
HC,28,19,7,4,3,ITI,ITI,155,0.04516129032258064,6,24,0.25,Global on,Safety-like
HC,28,29,7,4,2,ITI,CS-,155,0.04516129032258064,7,24,0.2916666666666667,Global on,Threat-like
HC,1,5,19,1,1,CS+,CS+,421,0.04513064133016627,15,24,0.625,Global off,Global off
HC,32,30,18,4,4,CS+,ITI,401,0.04488778054862843,11,24,0.4583333333333333,Global on,Global on
HC,15,9,5,2,1,ITI,ITI,112,0.044642857142857144,4,24,0.16666666666666666,Threat-like,Global off
HC,15,12,5,2,4,ITI,ITI,112,0.044642857142857144,5,24,0.20833333333333334,Threat-like,Global on
HC,15,24,5,2,4,CS-,CS-,112,0.044642857142857144,3,24,0.125,Threat-like,Global on
HC,8,15,4,4,2,CS-,ITI,90,0.044444444444444446,4,24,0.16666666666666666,Global on,Threat-like
HC,8,16,4,4,4,CS-,ITI,90,0.044444444444444446,4,24,0.16666666666666666,Global on,Global on
HC,8,23,4,4,4,ITI,CS-,90,0.044444444444444446,3,24,0.125,Global on,Global on
HC,11,7,2,1,1,CS-,CS-,45,0.044444444444444446,2,24,0.08333333333333333,Global off,Global off
HC,11,9,2,1,1,CS+,CS+,45,0.044444444444444446,2,24,0.08333333333333333,Global off,Global off
HC,11,17,2,1,1,CS-,ITI,45,0.044444444444444446,2,24,0.08333333333333333,Global off,Global off
HC,11,25,2,1,1,CS+,ITI,45,0.044444444444444446,2,24,0.08333333333333333,Global off,Global off
HC,11,28,2,1,4,CS-,CS+,45,0.044444444444444446,2,24,0.08333333333333333,Global off,Global on
HC,11,29,2,1,2,ITI,ITI,45,0.044444444444444446,2,24,0.08333333333333333,Global off,Threat-like
HC,24,2,7,4,1,ITI,ITI,159,0.0440251572327044,7,24,0.2916666666666667,Global on,Global off
HC,24,9,7,4,1,ITI,ITI,159,0.0440251572327044,6,24,0.25,Global on,Global off
HC,24,29,7,4,2,CS-,CS-,159,0.0440251572327044,7,24,0.2916666666666667,Global on,Threat-like
HC,25,3,4,1,1,ITI,CS-,92,0.043478260869565216,4,24,0.16666666666666666,Global off,Global off
HC,25,5,4,1,1,CS+,CS+,92,0.043478260869565216,4,24,0.16666666666666666,Global off,Global off
HC,25,9,4,1,1,ITI,CS-,92,0.043478260869565216,4,24,0.16666666666666666,Global off,Global off
HC,25,19,4,1,3,ITI,ITI,92,0.043478260869565216,4,24,0.16666666666666666,Global off,Safety-like
HC,25,24,4,1,4,CS-,ITI,92,0.043478260869565216,3,24,0.125,Global off,Global on
HC,25,27,4,1,4,ITI,ITI,92,0.043478260869565216,4,24,0.16666666666666666,Global off,Global on
HC,25,29,4,1,2,CS-,CS+,92,0.043478260869565216,4,24,0.16666666666666666,Global off,Threat-like
HC,9,16,6,1,4,CS+,ITI,139,0.04316546762589928,5,24,0.20833333333333334,Global off,Global on
HC,9,17,6,1,1,CS-,ITI,139,0.04316546762589928,5,24,0.20833333333333334,Global off,Global off
HC,9,19,6,1,3,ITI,ITI,139,0.04316546762589928,6,24,0.25,Global off,Safety-like
HC,9,20,6,1,3,ITI,ITI,139,0.04316546762589928,5,24,0.20833333333333334,Global off,Safety-like
HC,1,20,18,1,3,ITI,ITI,421,0.04275534441805225,11,24,0.4583333333333333,Global off,Safety-like
HC,13,17,11,2,1,ITI,ITI,258,0.04263565891472868,8,24,0.3333333333333333,Threat-like,Global off
HC,32,17,17,4,1,ITI,ITI,401,0.04239401496259352,15,24,0.625,Global on,Global off
HC,30,2,5,4,1,ITI,ITI,118,0.0423728813559322,4,24,0.16666666666666666,Global on,Global off
HC,30,14,5,4,2,ITI,CS+,118,0.0423728813559322,5,24,0.20833333333333334,Global on,Threat-like
HC,30,24,5,4,4,ITI,ITI,118,0.0423728813559322,3,24,0.125,Global on,Global on
HC,14,4,7,2,3,ITI,ITI,166,0.04216867469879518,5,24,0.20833333333333334,Threat-like,Safety-like
HC,17,23,9,1,4,ITI,ITI,215,0.04186046511627907,6,24,0.25,Global off,Global on
HC,20,19,11,3,3,ITI,ITI,263,0.04182509505703422,8,24,0.3333333333333333,Safety-like,Safety-like
HC,16,2,9,4,1,ITI,ITI,216,0.041666666666666664,7,24,0.2916666666666667,Global on,Global off
HC,16,24,9,4,4,ITI,ITI,216,0.041666666666666664,4,24,0.16666666666666666,Global on,Global on
HC,16,30,9,4,4,CS+,ITI,216,0.041666666666666664,6,24,0.25,Global on,Global on
HC,3,4,5,1,3,CS-,CS+,121,0.04132231404958678,5,24,0.20833333333333334,Global off,Safety-like
HC,3,8,5,1,4,ITI,CS+,121,0.04132231404958678,5,24,0.20833333333333334,Global off,Global on
HC,3,16,5,1,4,CS+,CS+,121,0.04132231404958678,5,24,0.20833333333333334,Global off,Global on
HC,3,19,5,1,3,ITI,CS-,121,0.04132231404958678,5,24,0.20833333333333334,Global off,Safety-like
HC,3,20,5,1,3,ITI,ITI,121,0.04132231404958678,4,24,0.16666666666666666,Global off,Safety-like
HC,3,29,5,1,2,ITI,ITI,121,0.04132231404958678,3,24,0.125,Global off,Threat-like
HC,29,9,8,2,1,ITI,ITI,196,0.04081632653061224,8,24,0.3333333333333333,Threat-like,Global off
HC,18,2,4,3,1,CS-,CS-,98,0.04081632653061224,3,24,0.125,Safety-like,Global off
HC,18,5,4,3,1,CS+,CS+,98,0.04081632653061224,3,24,0.125,Safety-like,Global off
HC,18,12,4,3,4,ITI,CS-,98,0.04081632653061224,4,24,0.16666666666666666,Safety-like,Global on
HC,18,13,4,3,2,ITI,CS-,98,0.04081632653061224,4,24,0.16666666666666666,Safety-like,Threat-like
HC,18,14,4,3,2,ITI,ITI,98,0.04081632653061224,3,24,0.125,Safety-like,Threat-like
HC,31,28,9,4,4,ITI,CS-,221,0.04072398190045249,9,24,0.375,Global on,Global on
HC,5,7,6,1,1,ITI,ITI,148,0.04054054054054054,6,24,0.25,Global off,Global off
HC,5,8,6,1,4,CS+,ITI,148,0.04054054054054054,4,24,0.16666666666666666,Global off,Global on
HC,5,9,6,1,1,CS-,CS-,148,0.04054054054054054,5,24,0.20833333333333334,Global off,Global off
HC,5,15,6,1,2,ITI,ITI,148,0.04054054054054054,5,24,0.20833333333333334,Global off,Threat-like
HC,5,23,6,1,4,ITI,ITI,148,0.04054054054054054,4,24,0.16666666666666666,Global off,Global on
HC,21,9,4,1,1,ITI,ITI,99,0.04040404040404041,4,24,0.16666666666666666,Global off,Global off
HC,21,29,4,1,2,CS+,ITI,99,0.04040404040404041,3,24,0.125,Global off,Threat-like
HC,1,16,17,1,4,CS+,ITI,421,0.040380047505938245,9,24,0.375,Global off,Global on
HC,32,14,16,4,2,CS+,ITI,401,0.0399002493765586,14,24,0.5833333333333334,Global on,Threat-like
HC,19,27,5,3,4,CS-,ITI,128,0.0390625,4,24,0.16666666666666666,Safety-like,Global on
HC,19,30,5,3,4,ITI,ITI,128,0.0390625,4,24,0.16666666666666666,Safety-like,Global on
HC,19,32,5,3,4,ITI,ITI,128,0.0390625,4,24,0.16666666666666666,Safety-like,Global on
HC,13,9,10,2,1,ITI,ITI,258,0.03875968992248062,8,24,0.3333333333333333,Threat-like,Global off
HC,13,15,10,2,2,CS+,ITI,258,0.03875968992248062,7,24,0.2916666666666667,Threat-like,Threat-like
HC,28,25,6,4,1,ITI,ITI,155,0.03870967741935484,6,24,0.25,Global on,Global off
HC,28,30,6,4,4,ITI,CS-,155,0.03870967741935484,4,24,0.16666666666666666,Global on,Global on
HC,4,17,7,3,1,CS-,ITI,182,0.038461538461538464,6,24,0.25,Safety-like,Global off
HC,23,4,4,4,3,ITI,ITI,104,0.038461538461538464,4,24,0.16666666666666666,Global on,Safety-like
HC,23,13,4,4,2,CS+,CS+,104,0.038461538461538464,4,24,0.16666666666666666,Global on,Threat-like
HC,23,16,4,4,4,ITI,ITI,104,0.038461538461538464,4,24,0.16666666666666666,Global on,Global on
HC,23,21,4,4,1,CS-,ITI,104,0.038461538461538464,4,24,0.16666666666666666,Global on,Global off
HC,20,10,10,3,1,ITI,ITI,263,0.03802281368821293,6,24,0.25,Safety-like,Global off
HC,20,31,10,3,4,ITI,ITI,263,0.03802281368821293,5,24,0.20833333333333334,Safety-like,Global on
HC,24,16,6,4,4,CS+,CS+,159,0.03773584905660377,5,24,0.20833333333333334,Global on,Global on
HC,27,5,3,4,1,CS+,CS+,80,0.0375,3,24,0.125,Global on,Global off
HC,27,10,3,4,1,ITI,CS+,80,0.0375,2,24,0.08333333333333333,Global on,Global off
HC,27,17,3,4,1,ITI,ITI,80,0.0375,3,24,0.125,Global on,Global off
HC,27,28,3,4,4,ITI,ITI,80,0.0375,3,24,0.125,Global on,Global on
HC,32,4,15,4,3,ITI,ITI,401,0.03740648379052369,12,24,0.5,Global on,Safety-like
HC,17,4,8,1,3,ITI,ITI,215,0.037209302325581395,6,24,0.25,Global off,Safety-like
HC,17,5,8,1,1,ITI,CS+,215,0.037209302325581395,7,24,0.2916666666666667,Global off,Global off
HC,17,21,8,1,1,CS+,CS+,215,0.037209302325581395,6,24,0.25,Global off,Global off
HC,17,25,8,1,1,ITI,ITI,215,0.037209302325581395,7,24,0.2916666666666667,Global off,Global off
HC,17,29,8,1,2,ITI,CS+,215,0.037209302325581395,7,24,0.2916666666666667,Global off,Threat-like
HC,17,31,8,1,4,ITI,ITI,215,0.037209302325581395,6,24,0.25,Global off,Global on
HC,16,9,8,4,1,ITI,ITI,216,0.037037037037037035,7,24,0.2916666666666667,Global on,Global off
HC,2,10,8,1,1,CS+,ITI,218,0.03669724770642202,5,24,0.20833333333333334,Global off,Global off
HC,2,14,8,1,2,CS+,CS+,218,0.03669724770642202,4,24,0.16666666666666666,Global off,Threat-like
HC,10,5,4,1,1,ITI,CS-,110,0.03636363636363636,4,24,0.16666666666666666,Global off,Global off
HC,10,16,4,1,4,CS+,CS+,110,0.03636363636363636,3,24,0.125,Global off,Global on
HC,10,31,4,1,4,CS+,ITI,110,0.03636363636363636,4,24,0.16666666666666666,Global off,Global on
HC,26,4,2,4,3,CS+,CS+,55,0.03636363636363636,1,24,0.041666666666666664,Global on,Safety-like
HC,26,9,2,4,1,CS+,CS+,55,0.03636363636363636,2,24,0.08333333333333333,Global on,Global off
HC,26,10,2,4,1,CS+,CS+,55,0.03636363636363636,2,24,0.08333333333333333,Global on,Global off
HC,26,18,2,4,3,ITI,CS-,55,0.03636363636363636,2,24,0.08333333333333333,Global on,Safety-like
HC,26,19,2,4,3,CS-,ITI,55,0.03636363636363636,2,24,0.08333333333333333,Global on,Safety-like
HC,26,24,2,4,4,CS+,CS+,55,0.03636363636363636,2,24,0.08333333333333333,Global on,Global on
HC,31,1,8,4,1,ITI,CS+,221,0.03619909502262444,7,24,0.2916666666666667,Global on,Global off
HC,31,14,8,4,2,CS+,ITI,221,0.03619909502262444,7,24,0.2916666666666667,Global on,Threat-like
HC,31,19,8,4,3,ITI,ITI,221,0.03619909502262444,6,24,0.25,Global on,Safety-like
HC,14,2,6,2,1,ITI,ITI,166,0.03614457831325301,6,24,0.25,Threat-like,Global off
HC,14,3,6,2,1,ITI,ITI,166,0.03614457831325301,5,24,0.20833333333333334,Threat-like,Global off
HC,14,5,6,2,1,ITI,ITI,166,0.03614457831325301,5,24,0.20833333333333334,Threat-like,Global off
HC,14,8,6,2,4,ITI,ITI,166,0.03614457831325301,6,24,0.25,Threat-like,Global on
HC,14,21,6,2,1,ITI,ITI,166,0.03614457831325301,4,24,0.16666666666666666,Threat-like,Global off
HC,9,3,5,1,1,ITI,ITI,139,0.03597122302158273,5,24,0.20833333333333334,Global off,Global off
HC,9,5,5,1,1,CS+,ITI,139,0.03597122302158273,5,24,0.20833333333333334,Global off,Global off
HC,9,31,5,1,4,CS-,ITI,139,0.03597122302158273,5,24,0.20833333333333334,Global off,Global on
HC,29,4,7,2,3,ITI,ITI,196,0.03571428571428571,6,24,0.25,Threat-like,Safety-like
HC,29,5,7,2,1,CS+,ITI,196,0.03571428571428571,6,24,0.25,Threat-like,Global off
HC,15,3,4,2,1,CS+,CS-,112,0.03571428571428571,4,24,0.16666666666666666,Threat-like,Global off
HC,15,30,4,2,4,ITI,ITI,112,0.03571428571428571,4,24,0.16666666666666666,Threat-like,Global on
HC,12,2,3,4,1,CS-,ITI,84,0.03571428571428571,3,24,0.125,Global on,Global off
HC,12,8,3,4,4,CS+,ITI,84,0.03571428571428571,2,24,0.08333333333333333,Global on,Global on
HC,12,10,3,4,1,ITI,CS+,84,0.03571428571428571,2,24,0.08333333333333333,Global on,Global off
HC,12,20,3,4,3,CS-,ITI,84,0.03571428571428571,3,24,0.125,Global on,Safety-like
HC,12,28,3,4,4,ITI,CS-,84,0.03571428571428571,2,24,0.08333333333333333,Global on,Global on
HC,1,24,15,1,4,CS+,ITI,421,0.035629453681710214,12,24,0.5,Global off,Global on
HC,1,31,15,1,4,CS+,CS+,421,0.035629453681710214,12,24,0.5,Global off,Global on
HC,13,21,9,2,1,ITI,ITI,258,0.03488372093023256,5,24,0.20833333333333334,Threat-like,Global off
HC,20,4,9,3,3,ITI,ITI,263,0.034220532319391636,7,24,0.2916666666666667,Safety-like,Safety-like
HC,20,18,9,3,3,ITI,ITI,263,0.034220532319391636,8,24,0.3333333333333333,Safety-like,Safety-like
HC,30,4,4,4,3,ITI,ITI,118,0.03389830508474576,1,24,0.041666666666666664,Global on,Safety-like
HC,30,9,4,4,1,ITI,ITI,118,0.03389830508474576,4,24,0.16666666666666666,Global on,Global off
HC,30,11,4,4,1,CS+,ITI,118,0.03389830508474576,3,24,0.125,Global on,Global off
HC,30,29,4,4,2,CS+,CS+,118,0.03389830508474576,3,24,0.125,Global on,Threat-like
HC,5,2,5,1,1,ITI,CS-,148,0.033783783783783786,4,24,0.16666666666666666,Global off,Global off
HC,8,2,3,4,1,ITI,ITI,90,0.03333333333333333,3,24,0.125,Global on,Global off
HC,8,6,3,4,1,CS+,ITI,90,0.03333333333333333,3,24,0.125,Global on,Global off
HC,8,17,3,4,1,ITI,ITI,90,0.03333333333333333,3,24,0.125,Global on,Global off
HC,8,21,3,4,1,ITI,ITI,90,0.03333333333333333,2,24,0.08333333333333333,Global on,Global off
HC,8,30,3,4,4,ITI,ITI,90,0.03333333333333333,3,24,0.125,Global on,Global on
HC,8,31,3,4,4,CS-,CS+,90,0.03333333333333333,3,24,0.125,Global on,Global on
HC,8,32,3,4,4,ITI,ITI,90,0.03333333333333333,3,24,0.125,Global on,Global on
HC,7,2,2,1,1,CS-,CS-,60,0.03333333333333333,2,24,0.08333333333333333,Global off,Global off
HC,7,4,2,1,3,CS+,CS+,60,0.03333333333333333,2,24,0.08333333333333333,Global off,Safety-like
HC,7,8,2,1,4,CS-,ITI,60,0.03333333333333333,2,24,0.08333333333333333,Global off,Global on
HC,7,9,2,1,1,CS-,CS-,60,0.03333333333333333,2,24,0.08333333333333333,Global off,Global off
HC,7,13,2,1,2,CS+,CS+,60,0.03333333333333333,1,24,0.041666666666666664,Global off,Threat-like
HC,7,25,2,1,1,CS+,CS+,60,0.03333333333333333,2,24,0.08333333333333333,Global off,Global off
HC,7,28,2,1,4,CS-,ITI,60,0.03333333333333333,2,24,0.08333333333333333,Global off,Global on
HC,7,29,2,1,2,ITI,ITI,60,0.03333333333333333,2,24,0.08333333333333333,Global off,Threat-like
HC,7,31,2,1,4,CS+,ITI,60,0.03333333333333333,1,24,0.041666666666666664,Global off,Global on
HC,1,8,14,1,4,ITI,CS-,421,0.0332541567695962,11,24,0.4583333333333333,Global off,Global on
HC,1,10,14,1,1,ITI,CS+,421,0.0332541567695962,10,24,0.4166666666666667,Global off,Global off
HC,1,14,14,1,2,CS+,ITI,421,0.0332541567695962,10,24,0.4166666666666667,Global off,Threat-like
HC,1,23,14,1,4,ITI,ITI,421,0.0332541567695962,9,24,0.375,Global off,Global on
HC,3,5,4,1,1,ITI,ITI,121,0.03305785123966942,4,24,0.16666666666666666,Global off,Global off
HC,3,10,4,1,1,CS+,CS+,121,0.03305785123966942,4,24,0.16666666666666666,Global off,Global off
HC,3,13,4,1,2,CS+,CS+,121,0.03305785123966942,3,24,0.125,Global off,Threat-like
HC,3,23,4,1,4,CS-,ITI,121,0.03305785123966942,3,24,0.125,Global off,Global on
HC,3,24,4,1,4,ITI,CS+,121,0.03305785123966942,3,24,0.125,Global off,Global on
HC,3,30,4,1,4,ITI,ITI,121,0.03305785123966942,3,24,0.125,Global off,Global on
HC,4,5,6,3,1,ITI,CS+,182,0.03296703296703297,5,24,0.20833333333333334,Safety-like,Global off
HC,4,12,6,3,4,ITI,ITI,182,0.03296703296703297,2,24,0.08333333333333333,Safety-like,Global on
HC,4,18,6,3,3,ITI,ITI,182,0.03296703296703297,6,24,0.25,Safety-like,Safety-like
HC,4,28,6,3,4,ITI,ITI,182,0.03296703296703297,3,24,0.125,Safety-like,Global on
HC,6,7,2,1,1,CS-,CS-,61,0.03278688524590164,2,24,0.08333333333333333,Global off,Global off
HC,6,9,2,1,1,ITI,ITI,61,0.03278688524590164,2,24,0.08333333333333333,Global off,Global off
HC,6,10,2,1,1,ITI,ITI,61,0.03278688524590164,2,24,0.08333333333333333,Global off,Global off
HC,6,18,2,1,3,CS+,ITI,61,0.03278688524590164,2,24,0.08333333333333333,Global off,Safety-like
HC,6,20,2,1,3,CS-,CS-,61,0.03278688524590164,2,24,0.08333333333333333,Global off,Safety-like
HC,6,22,2,1,4,CS-,CS-,61,0.03278688524590164,2,24,0.08333333333333333,Global off,Global on
HC,25,2,3,1,1,ITI,ITI,92,0.03260869565217391,3,24,0.125,Global off,Global off
HC,25,4,3,1,3,ITI,CS-,92,0.03260869565217391,3,24,0.125,Global off,Safety-like
HC,25,13,3,1,2,CS+,CS+,92,0.03260869565217391,3,24,0.125,Global off,Threat-like
HC,25,23,3,1,4,CS+,CS+,92,0.03260869565217391,2,24,0.08333333333333333,Global off,Global on
HC,25,28,3,1,4,ITI,ITI,92,0.03260869565217391,3,24,0.125,Global off,Global on
HC,32,10,13,4,1,ITI,ITI,401,0.032418952618453865,7,24,0.2916666666666667,Global on,Global off
HC,32,13,13,4,2,ITI,ITI,401,0.032418952618453865,10,24,0.4166666666666667,Global on,Threat-like
HC,32,19,13,4,3,ITI,ITI,401,0.032418952618453865,11,24,0.4583333333333333,Global on,Safety-like
HC,16,4,7,4,3,ITI,ITI,216,0.032407407407407406,6,24,0.25,Global on,Safety-like
HC,28,2,5,4,1,ITI,CS-,155,0.03225806451612903,4,24,0.16666666666666666,Global on,Global off
HC,28,4,5,4,3,CS-,CS+,155,0.03225806451612903,5,24,0.20833333333333334,Global on,Safety-like
HC,28,12,5,4,4,CS-,CS-,155,0.03225806451612903,2,24,0.08333333333333333,Global on,Global on
HC,28,16,5,4,4,ITI,CS+,155,0.03225806451612903,5,24,0.20833333333333334,Global on,Global on
HC,28,18,5,4,3,ITI,CS+,155,0.03225806451612903,5,24,0.20833333333333334,Global on,Safety-like
HC,28,24,5,4,4,CS+,ITI,155,0.03225806451612903,5,24,0.20833333333333334,Global on,Global on
HC,2,3,7,1,1,ITI,ITI,218,0.03211009174311927,5,24,0.20833333333333334,Global off,Global off
HC,31,17,7,4,1,ITI,ITI,221,0.03167420814479638,6,24,0.25,Global on,Global off
HC,31,24,7,4,4,ITI,ITI,221,0.03167420814479638,5,24,0.20833333333333334,Global on,Global on
HC,24,19,5,4,3,ITI,ITI,159,0.031446540880503145,5,24,0.20833333333333334,Global on,Safety-like
HC,19,9,4,3,1,ITI,CS+,128,0.03125,4,24,0.16666666666666666,Safety-like,Global off
HC,19,17,4,3,1,ITI,ITI,128,0.03125,4,24,0.16666666666666666,Safety-like,Global off
HC,19,23,4,3,4,CS-,CS-,128,0.03125,3,24,0.125,Safety-like,Global on
HC,19,24,4,3,4,ITI,ITI,128,0.03125,4,24,0.16666666666666666,Safety-like,Global on
HC,19,25,4,3,1,ITI,ITI,128,0.03125,4,24,0.16666666666666666,Safety-like,Global off
HC,13,4,8,2,3,ITI,ITI,258,0.031007751937984496,8,24,0.3333333333333333,Threat-like,Safety-like
HC,13,20,8,2,3,ITI,ITI,258,0.031007751937984496,6,24,0.25,Threat-like,Safety-like
HC,1,19,13,1,3,ITI,ITI,421,0.030878859857482184,9,24,0.375,Global off,Safety-like
HC,29,2,6,2,1,CS+,CS+,196,0.030612244897959183,5,24,0.20833333333333334,Threat-like,Global off
HC,29,10,6,2,1,ITI,ITI,196,0.030612244897959183,2,24,0.08333333333333333,Threat-like,Global off
HC,18,3,3,3,1,ITI,ITI,98,0.030612244897959183,3,24,0.125,Safety-like,Global off
HC,18,9,3,3,1,ITI,CS+,98,0.030612244897959183,3,24,0.125,Safety-like,Global off
HC,18,19,3,3,3,ITI,CS+,98,0.030612244897959183,3,24,0.125,Safety-like,Safety-like
HC,18,24,3,3,4,ITI,ITI,98,0.030612244897959183,3,24,0.125,Safety-like,Global on
HC,21,2,3,1,1,ITI,ITI,99,0.030303030303030304,3,24,0.125,Global off,Global off
HC,21,4,3,1,3,ITI,ITI,99,0.030303030303030304,3,24,0.125,Global off,Safety-like
HC,21,8,3,1,4,CS+,ITI,99,0.030303030303030304,2,24,0.08333333333333333,Global off,Global on
HC,21,10,3,1,1,ITI,CS-,99,0.030303030303030304,3,24,0.125,Global off,Global off
HC,21,16,3,1,4,CS-,CS+,99,0.030303030303030304,3,24,0.125,Global off,Global on
HC,21,23,3,1,4,CS+,ITI,99,0.030303030303030304,3,24,0.125,Global off,Global on
HC,21,28,3,1,4,ITI,ITI,99,0.030303030303030304,3,24,0.125,Global off,Global on
HC,14,9,5,2,1,CS+,CS-,166,0.030120481927710843,5,24,0.20833333333333334,Threat-like,Global off
HC,14,17,5,2,1,ITI,ITI,166,0.030120481927710843,3,24,0.125,Threat-like,Global off
HC,32,25,12,4,1,ITI,ITI,401,0.029925187032418952,8,24,0.3333333333333333,Global on,Global off
HC,23,17,3,4,1,ITI,CS-,104,0.028846153846153848,3,24,0.125,Global on,Global off
HC,9,24,4,1,4,CS+,CS+,139,0.02877697841726619,4,24,0.16666666666666666,Global off,Global on
HC,1,9,12,1,1,CS+,ITI,421,0.028503562945368172,11,24,0.4583333333333333,Global off,Global off
HC,1,15,12,1,2,ITI,ITI,421,0.028503562945368172,9,24,0.375,Global off,Threat-like
HC,16,8,6,4,4,ITI,ITI,216,0.027777777777777776,6,24,0.25,Global on,Global on
HC,16,10,6,4,1,ITI,ITI,216,0.027777777777777776,6,24,0.25,Global on,Global off
HC,16,14,6,4,2,ITI,ITI,216,0.027777777777777776,5,24,0.20833333333333334,Global on,Threat-like
HC,16,20,6,4,3,ITI,ITI,216,0.027777777777777776,5,24,0.20833333333333334,Global on,Safety-like
HC,2,9,6,1,1,ITI,ITI,218,0.027522935779816515,5,24,0.20833333333333334,Global off,Global off
HC,2,20,6,1,3,ITI,CS-,218,0.027522935779816515,6,24,0.25,Global off,Safety-like
HC,2,24,6,1,4,ITI,CS-,218,0.027522935779816515,6,24,0.25,Global off,Global on
HC,2,29,6,1,2,CS+,CS+,218,0.027522935779816515,5,24,0.20833333333333334,Global off,Threat-like
HC,2,30,6,1,4,CS-,CS+,218,0.027522935779816515,6,24,0.25,Global off,Global on
HC,2,31,6,1,4,CS+,CS-,218,0.027522935779816515,6,24,0.25,Global off,Global on
HC,4,3,5,3,1,ITI,ITI,182,0.027472527472527472,3,24,0.125,Safety-like,Global off
HC,4,8,5,3,4,CS+,CS-,182,0.027472527472527472,5,24,0.20833333333333334,Safety-like,Global on
HC,4,9,5,3,1,ITI,CS+,182,0.027472527472527472,5,24,0.20833333333333334,Safety-like,Global off
HC,4,19,5,3,3,ITI,ITI,182,0.027472527472527472,3,24,0.125,Safety-like,Safety-like
HC,4,21,5,3,1,ITI,ITI,182,0.027472527472527472,5,24,0.20833333333333334,Safety-like,Global off
HC,4,31,5,3,4,ITI,ITI,182,0.027472527472527472,3,24,0.125,Safety-like,Global on
HC,32,27,11,4,4,ITI,ITI,401,0.02743142144638404,9,24,0.375,Global on,Global on
HC,10,8,3,1,4,ITI,CS-,110,0.02727272727272727,3,24,0.125,Global off,Global on
HC,10,23,3,1,4,CS-,CS-,110,0.02727272727272727,2,24,0.08333333333333333,Global off,Global on
HC,10,30,3,1,4,CS+,ITI,110,0.02727272727272727,3,24,0.125,Global off,Global on
HC,31,15,6,4,2,CS+,ITI,221,0.027149321266968326,5,24,0.20833333333333334,Global on,Threat-like
HC,31,23,6,4,4,ITI,ITI,221,0.027149321266968326,5,24,0.20833333333333334,Global on,Global on
HC,31,25,6,4,1,ITI,ITI,221,0.027149321266968326,5,24,0.20833333333333334,Global on,Global off
HC,31,27,6,4,4,ITI,ITI,221,0.027149321266968326,5,24,0.20833333333333334,Global on,Global on
HC,13,6,7,2,1,CS+,ITI,258,0.027131782945736434,7,24,0.2916666666666667,Threat-like,Global off
HC,5,6,4,1,1,CS+,ITI,148,0.02702702702702703,4,24,0.16666666666666666,Global off,Global off
HC,5,17,4,1,1,CS-,ITI,148,0.02702702702702703,3,24,0.125,Global off,Global off
HC,5,24,4,1,4,ITI,ITI,148,0.02702702702702703,4,24,0.16666666666666666,Global off,Global on
HC,22,3,1,4,1,ITI,ITI,37,0.02702702702702703,1,24,0.041666666666666664,Global on,Global off
HC,22,10,1,4,1,CS+,ITI,37,0.02702702702702703,1,24,0.041666666666666664,Global on,Global off
HC,22,14,1,4,2,ITI,ITI,37,0.02702702702702703,1,24,0.041666666666666664,Global on,Threat-like
HC,22,15,1,4,2,ITI,CS-,37,0.02702702702702703,1,24,0.041666666666666664,Global on,Threat-like
HC,22,20,1,4,3,CS-,CS-,37,0.02702702702702703,1,24,0.041666666666666664,Global on,Safety-like
HC,22,26,1,4,4,ITI,CS-,37,0.02702702702702703,1,24,0.041666666666666664,Global on,Global on
HC,22,27,1,4,4,ITI,ITI,37,0.02702702702702703,1,24,0.041666666666666664,Global on,Global on
HC,22,28,1,4,4,CS-,CS-,37,0.02702702702702703,1,24,0.041666666666666664,Global on,Global on
HC,22,29,1,4,2,CS-,ITI,37,0.02702702702702703,1,24,0.041666666666666664,Global on,Threat-like
HC,15,20,3,2,3,CS-,CS+,112,0.026785714285714284,3,24,0.125,Threat-like,Safety-like
HC,15,27,3,2,4,ITI,ITI,112,0.026785714285714284,3,24,0.125,Threat-like,Global on
HC,15,29,3,2,2,ITI,ITI,112,0.026785714285714284,3,24,0.125,Threat-like,Threat-like
HC,20,12,7,3,4,ITI,CS+,263,0.026615969581749048,6,24,0.25,Safety-like,Global on
HC,20,13,7,3,2,ITI,CS+,263,0.026615969581749048,7,24,0.2916666666666667,Safety-like,Threat-like
HC,20,23,7,3,4,ITI,ITI,263,0.026615969581749048,6,24,0.25,Safety-like,Global on
HC,28,13,4,4,2,CS+,CS+,155,0.025806451612903226,3,24,0.125,Global on,Threat-like
HC,29,30,5,2,4,CS+,ITI,196,0.025510204081632654,3,24,0.125,Threat-like,Global on
HC,30,10,3,4,1,ITI,ITI,118,0.025423728813559324,3,24,0.125,Global on,Global off
HC,24,3,4,4,1,ITI,ITI,159,0.025157232704402517,3,24,0.125,Global on,Global off
HC,24,5,4,4,1,CS-,ITI,159,0.025157232704402517,3,24,0.125,Global on,Global off
HC,24,23,4,4,4,CS+,CS+,159,0.025157232704402517,4,24,0.16666666666666666,Global on,Global on
HC,24,30,4,4,4,ITI,ITI,159,0.025157232704402517,4,24,0.16666666666666666,Global on,Global on
HC,27,4,2,4,3,CS+,CS+,80,0.025,2,24,0.08333333333333333,Global on,Safety-like
HC,27,8,2,4,4,CS+,CS-,80,0.025,2,24,0.08333333333333333,Global on,Global on
HC,27,9,2,4,1,CS+,CS+,80,0.025,2,24,0.08333333333333333,Global on,Global off
HC,27,22,2,4,4,ITI,CS+,80,0.025,2,24,0.08333333333333333,Global on,Global on
HC,27,23,2,4,4,ITI,CS-,80,0.025,2,24,0.08333333333333333,Global on,Global on
HC,27,24,2,4,4,CS-,ITI,80,0.025,2,24,0.08333333333333333,Global on,Global on
HC,27,26,2,4,4,CS-,CS+,80,0.025,2,24,0.08333333333333333,Global on,Global on
HC,27,29,2,4,2,ITI,ITI,80,0.025,2,24,0.08333333333333333,Global on,Threat-like
HC,27,30,2,4,4,ITI,CS-,80,0.025,2,24,0.08333333333333333,Global on,Global on
HC,32,26,10,4,4,ITI,CS-,401,0.02493765586034913,9,24,0.375,Global on,Global on
HC,3,9,3,1,1,ITI,ITI,121,0.024793388429752067,2,24,0.08333333333333333,Global off,Global off
HC,3,11,3,1,1,ITI,CS-,121,0.024793388429752067,3,24,0.125,Global off,Global off
HC,3,14,3,1,2,CS-,ITI,121,0.024793388429752067,3,24,0.125,Global off,Threat-like
HC,3,31,3,1,4,ITI,ITI,121,0.024793388429752067,3,24,0.125,Global off,Global on
HC,14,25,4,2,1,CS-,ITI,166,0.024096385542168676,4,24,0.16666666666666666,Threat-like,Global off
HC,12,5,2,4,1,CS+,ITI,84,0.023809523809523808,2,24,0.08333333333333333,Global on,Global off
HC,12,6,2,4,1,CS-,CS-,84,0.023809523809523808,2,24,0.08333333333333333,Global on,Global off
HC,12,7,2,4,1,CS+,CS+,84,0.023809523809523808,2,24,0.08333333333333333,Global on,Global off
HC,12,21,2,4,1,CS+,CS+,84,0.023809523809523808,2,24,0.08333333333333333,Global on,Global off
HC,12,25,2,4,1,ITI,ITI,84,0.023809523809523808,2,24,0.08333333333333333,Global on,Global off
HC,12,29,2,4,2,CS+,ITI,84,0.023809523809523808,2,24,0.08333333333333333,Global on,Threat-like
HC,1,6,10,1,1,CS+,ITI,421,0.023752969121140142,8,24,0.3333333333333333,Global off,Global off
HC,19,2,3,3,1,ITI,ITI,128,0.0234375,3,24,0.125,Safety-like,Global off
HC,19,5,3,3,1,ITI,CS+,128,0.0234375,3,24,0.125,Safety-like,Global off
HC,19,13,3,3,2,ITI,CS+,128,0.0234375,3,24,0.125,Safety-like,Threat-like
HC,19,16,3,3,4,ITI,CS+,128,0.0234375,3,24,0.125,Safety-like,Global on
HC,19,26,3,3,4,ITI,CS+,128,0.0234375,3,24,0.125,Safety-like,Global on
HC,19,29,3,3,2,ITI,CS+,128,0.0234375,2,24,0.08333333333333333,Safety-like,Threat-like
HC,13,19,6,2,3,ITI,ITI,258,0.023255813953488372,5,24,0.20833333333333334,Threat-like,Safety-like
HC,13,28,6,2,4,ITI,ITI,258,0.023255813953488372,6,24,0.25,Threat-like,Global on
HC,13,30,6,2,4,ITI,ITI,258,0.023255813953488372,5,24,0.20833333333333334,Threat-like,Global on
HC,16,6,5,4,1,ITI,CS-,216,0.023148148148148147,5,24,0.20833333333333334,Global on,Global off
HC,16,12,5,4,4,ITI,ITI,216,0.023148148148148147,4,24,0.16666666666666666,Global on,Global on
HC,16,23,5,4,4,CS-,ITI,216,0.023148148148148147,4,24,0.16666666666666666,Global on,Global on
HC,2,15,5,1,2,CS-,CS-,218,0.022935779816513763,4,24,0.16666666666666666,Global off,Threat-like
HC,2,21,5,1,1,ITI,ITI,218,0.022935779816513763,5,24,0.20833333333333334,Global off,Global off
HC,20,25,6,3,1,ITI,ITI,263,0.022813688212927757,5,24,0.20833333333333334,Safety-like,Global off
HC,31,3,5,4,1,CS-,ITI,221,0.02262443438914027,5,24,0.20833333333333334,Global on,Global off
HC,31,4,5,4,3,ITI,ITI,221,0.02262443438914027,4,24,0.16666666666666666,Global on,Safety-like
HC,32,2,9,4,1,ITI,ITI,401,0.022443890274314215,6,24,0.25,Global on,Global off
HC,32,9,9,4,1,ITI,ITI,401,0.022443890274314215,8,24,0.3333333333333333,Global on,Global off
HC,32,12,9,4,4,ITI,ITI,401,0.022443890274314215,6,24,0.25,Global on,Global on
HC,8,7,2,4,1,CS-,ITI,90,0.022222222222222223,2,24,0.08333333333333333,Global on,Global off
HC,8,9,2,4,1,CS+,CS+,90,0.022222222222222223,2,24,0.08333333333333333,Global on,Global off
HC,8,10,2,4,1,ITI,CS-,90,0.022222222222222223,2,24,0.08333333333333333,Global on,Global off
HC,8,18,2,4,3,CS-,ITI,90,0.022222222222222223,2,24,0.08333333333333333,Global on,Safety-like
HC,8,20,2,4,3,CS-,ITI,90,0.022222222222222223,2,24,0.08333333333333333,Global on,Safety-like
HC,11,6,1,1,1,CS-,ITI,45,0.022222222222222223,1,24,0.041666666666666664,Global off,Global off
HC,11,8,1,1,4,CS-,CS-,45,0.022222222222222223,1,24,0.041666666666666664,Global off,Global on
HC,11,14,1,1,2,CS+,CS+,45,0.022222222222222223,1,24,0.041666666666666664,Global off,Threat-like
HC,11,16,1,1,4,ITI,ITI,45,0.022222222222222223,1,24,0.041666666666666664,Global off,Global on
HC,11,20,1,1,3,CS-,CS-,45,0.022222222222222223,1,24,0.041666666666666664,Global off,Safety-like
HC,11,22,1,1,4,CS-,CS-,45,0.022222222222222223,1,24,0.041666666666666664,Global off,Global on
HC,11,23,1,1,4,ITI,ITI,45,0.022222222222222223,1,24,0.041666666666666664,Global off,Global on
HC,11,26,1,1,4,CS+,CS+,45,0.022222222222222223,1,24,0.041666666666666664,Global off,Global on
HC,4,15,4,3,2,CS+,CS+,182,0.02197802197802198,4,24,0.16666666666666666,Safety-like,Threat-like
HC,4,29,4,3,2,ITI,CS+,182,0.02197802197802198,3,24,0.125,Safety-like,Threat-like
HC,25,8,2,1,4,ITI,CS-,92,0.021739130434782608,2,24,0.08333333333333333,Global off,Global on
HC,25,18,2,1,3,ITI,CS+,92,0.021739130434782608,2,24,0.08333333333333333,Global off,Safety-like
HC,25,21,2,1,1,ITI,ITI,92,0.021739130434782608,2,24,0.08333333333333333,Global off,Global off
HC,25,30,2,1,4,ITI,CS+,92,0.021739130434782608,2,24,0.08333333333333333,Global off,Global on
HC,9,4,3,1,3,ITI,ITI,139,0.02158273381294964,3,24,0.125,Global off,Safety-like
HC,9,7,3,1,1,ITI,ITI,139,0.02158273381294964,3,24,0.125,Global off,Global off
HC,9,10,3,1,1,ITI,ITI,139,0.02158273381294964,3,24,0.125,Global off,Global off
HC,9,21,3,1,1,ITI,CS+,139,0.02158273381294964,2,24,0.08333333333333333,Global off,Global off
HC,1,7,9,1,1,CS-,ITI,421,0.021377672209026127,9,24,0.375,Global off,Global off
HC,1,18,9,1,3,ITI,ITI,421,0.021377672209026127,8,24,0.3333333333333333,Global off,Safety-like
HC,1,21,9,1,1,CS+,CS+,421,0.021377672209026127,7,24,0.2916666666666667,Global off,Global off
HC,29,14,4,2,2,CS+,ITI,196,0.02040816326530612,4,24,0.16666666666666666,Threat-like,Threat-like
HC,29,18,4,2,3,ITI,ITI,196,0.02040816326530612,4,24,0.16666666666666666,Threat-like,Safety-like
HC,29,19,4,2,3,ITI,ITI,196,0.02040816326530612,3,24,0.125,Threat-like,Safety-like
HC,29,21,4,2,1,CS+,CS+,196,0.02040816326530612,2,24,0.08333333333333333,Threat-like,Global off
HC,29,23,4,2,4,CS+,ITI,196,0.02040816326530612,4,24,0.16666666666666666,Threat-like,Global on
HC,29,25,4,2,1,ITI,ITI,196,0.02040816326530612,4,24,0.16666666666666666,Threat-like,Global off
HC,29,26,4,2,4,ITI,ITI,196,0.02040816326530612,4,24,0.16666666666666666,Threat-like,Global on
HC,18,10,2,3,1,CS+,CS+,98,0.02040816326530612,2,24,0.08333333333333333,Safety-like,Global off
HC,18,21,2,3,1,CS-,ITI,98,0.02040816326530612,2,24,0.08333333333333333,Safety-like,Global off
HC,18,26,2,3,4,CS-,ITI,98,0.02040816326530612,2,24,0.08333333333333333,Safety-like,Global on
HC,18,31,2,3,4,CS+,CS+,98,0.02040816326530612,2,24,0.08333333333333333,Safety-like,Global on
HC,5,3,3,1,1,CS+,ITI,148,0.02027027027027027,2,24,0.08333333333333333,Global off,Global off
HC,5,4,3,1,3,ITI,ITI,148,0.02027027027027027,2,24,0.08333333333333333,Global off,Safety-like
HC,5,11,3,1,1,CS+,ITI,148,0.02027027027027027,3,24,0.125,Global off,Global off
HC,5,26,3,1,4,ITI,ITI,148,0.02027027027027027,3,24,0.125,Global off,Global on
HC,5,28,3,1,4,ITI,ITI,148,0.02027027027027027,3,24,0.125,Global off,Global on
HC,21,12,2,1,4,ITI,ITI,99,0.020202020202020204,1,24,0.041666666666666664,Global off,Global on
HC,21,14,2,1,2,CS+,CS-,99,0.020202020202020204,2,24,0.08333333333333333,Global off,Threat-like
HC,21,15,2,1,2,ITI,CS+,99,0.020202020202020204,2,24,0.08333333333333333,Global off,Threat-like
HC,21,18,2,1,3,ITI,CS+,99,0.020202020202020204,2,24,0.08333333333333333,Global off,Safety-like
HC,21,19,2,1,3,ITI,ITI,99,0.020202020202020204,2,24,0.08333333333333333,Global off,Safety-like
HC,21,22,2,1,4,ITI,CS-,99,0.020202020202020204,1,24,0.041666666666666664,Global off,Global on
HC,21,25,2,1,1,ITI,ITI,99,0.020202020202020204,2,24,0.08333333333333333,Global off,Global off
HC,21,27,2,1,4,CS-,CS-,99,0.020202020202020204,2,24,0.08333333333333333,Global off,Global on
HC,32,8,8,4,4,ITI,ITI,401,0.0199501246882793,6,24,0.25,Global on,Global on
HC,32,18,8,4,3,ITI,ITI,401,0.0199501246882793,8,24,0.3333333333333333,Global on,Safety-like
HC,13,3,5,2,1,ITI,ITI,258,0.01937984496124031,4,24,0.16666666666666666,Threat-like,Global off
HC,13,12,5,2,4,CS+,ITI,258,0.01937984496124031,3,24,0.125,Threat-like,Global on
HC,28,10,3,4,1,CS+,CS+,155,0.01935483870967742,2,24,0.08333333333333333,Global on,Global off
HC,28,14,3,4,2,ITI,CS+,155,0.01935483870967742,3,24,0.125,Global on,Threat-like
HC,28,15,3,4,2,CS+,CS+,155,0.01935483870967742,3,24,0.125,Global on,Threat-like
HC,28,21,3,4,1,CS+,CS+,155,0.01935483870967742,3,24,0.125,Global on,Global off
HC,28,27,3,4,4,ITI,CS+,155,0.01935483870967742,3,24,0.125,Global on,Global on
HC,23,5,2,4,1,CS-,CS-,104,0.019230769230769232,2,24,0.08333333333333333,Global on,Global off
HC,23,7,2,4,1,CS-,CS-,104,0.019230769230769232,2,24,0.08333333333333333,Global on,Global off
HC,23,8,2,4,4,ITI,CS-,104,0.019230769230769232,2,24,0.08333333333333333,Global on,Global on
HC,23,12,2,4,4,CS-,ITI,104,0.019230769230769232,2,24,0.08333333333333333,Global on,Global on
HC,23,18,2,4,3,ITI,CS-,104,0.019230769230769232,1,24,0.041666666666666664,Global on,Safety-like
HC,23,30,2,4,4,CS+,ITI,104,0.019230769230769232,2,24,0.08333333333333333,Global on,Global on
HC,20,3,5,3,1,ITI,CS-,263,0.019011406844106463,5,24,0.20833333333333334,Safety-like,Global off
HC,20,16,5,3,4,ITI,CS+,263,0.019011406844106463,5,24,0.20833333333333334,Safety-like,Global on
HC,20,26,5,3,4,ITI,ITI,263,0.019011406844106463,5,24,0.20833333333333334,Safety-like,Global on
HC,20,29,5,3,2,ITI,ITI,263,0.019011406844106463,5,24,0.20833333333333334,Safety-like,Threat-like
HC,1,29,8,1,2,CS+,ITI,421,0.019002375296912115,7,24,0.2916666666666667,Global off,Threat-like
HC,1,30,8,1,4,ITI,ITI,421,0.019002375296912115,7,24,0.2916666666666667,Global off,Global on
HC,24,7,3,4,1,ITI,CS+,159,0.018867924528301886,3,24,0.125,Global on,Global off
HC,24,10,3,4,1,ITI,CS+,159,0.018867924528301886,3,24,0.125,Global on,Global off
HC,24,12,3,4,4,ITI,ITI,159,0.018867924528301886,2,24,0.08333333333333333,Global on,Global on
HC,24,14,3,4,2,ITI,ITI,159,0.018867924528301886,3,24,0.125,Global on,Threat-like
HC,24,15,3,4,2,ITI,ITI,159,0.018867924528301886,2,24,0.08333333333333333,Global on,Threat-like
HC,24,17,3,4,1,ITI,ITI,159,0.018867924528301886,3,24,0.125,Global on,Global off
HC,24,18,3,4,3,ITI,ITI,159,0.018867924528301886,3,24,0.125,Global on,Safety-like
HC,24,25,3,4,1,ITI,ITI,159,0.018867924528301886,1,24,0.041666666666666664,Global on,Global off
HC,24,27,3,4,4,ITI,ITI,159,0.018867924528301886,2,24,0.08333333333333333,Global on,Global on
HC,24,28,3,4,4,ITI,ITI,159,0.018867924528301886,3,24,0.125,Global on,Global on
HC,24,31,3,4,4,ITI,ITI,159,0.018867924528301886,3,24,0.125,Global on,Global on
HC,17,9,4,1,1,ITI,CS-,215,0.018604651162790697,4,24,0.16666666666666666,Global off,Global off
HC,17,13,4,1,2,CS+,CS+,215,0.018604651162790697,4,24,0.16666666666666666,Global off,Threat-like
HC,17,15,4,1,2,CS+,CS+,215,0.018604651162790697,3,24,0.125,Global off,Threat-like
HC,17,24,4,1,4,ITI,ITI,215,0.018604651162790697,4,24,0.16666666666666666,Global off,Global on
HC,17,26,4,1,4,ITI,ITI,215,0.018604651162790697,4,24,0.16666666666666666,Global off,Global on
HC,16,18,4,4,3,ITI,ITI,216,0.018518518518518517,3,24,0.125,Global on,Safety-like
HC,2,6,4,1,1,ITI,ITI,218,0.01834862385321101,4,24,0.16666666666666666,Global off,Global off
HC,2,7,4,1,1,CS-,ITI,218,0.01834862385321101,3,24,0.125,Global off,Global off
HC,2,8,4,1,4,ITI,CS-,218,0.01834862385321101,3,24,0.125,Global off,Global on
HC,2,12,4,1,4,CS-,CS-,218,0.01834862385321101,3,24,0.125,Global off,Global on
HC,2,18,4,1,3,CS-,CS-,218,0.01834862385321101,2,24,0.08333333333333333,Global off,Safety-like
HC,10,3,2,1,1,CS+,CS+,110,0.01818181818181818,1,24,0.041666666666666664,Global off,Global off
HC,10,9,2,1,1,CS+,CS+,110,0.01818181818181818,2,24,0.08333333333333333,Global off,Global off
HC,10,12,2,1,4,CS-,ITI,110,0.01818181818181818,2,24,0.08333333333333333,Global off,Global on
HC,10,17,2,1,1,ITI,ITI,110,0.01818181818181818,2,24,0.08333333333333333,Global off,Global off
HC,10,20,2,1,3,CS+,CS+,110,0.01818181818181818,2,24,0.08333333333333333,Global off,Safety-like
HC,10,24,2,1,4,CS-,CS-,110,0.01818181818181818,2,24,0.08333333333333333,Global off,Global on
HC,10,26,2,1,4,CS-,CS-,110,0.01818181818181818,2,24,0.08333333333333333,Global off,Global on
HC,10,27,2,1,4,ITI,ITI,110,0.01818181818181818,2,24,0.08333333333333333,Global off,Global on
HC,26,1,1,4,1,CS-,ITI,55,0.01818181818181818,1,24,0.041666666666666664,Global on,Global off
HC,26,2,1,4,1,ITI,ITI,55,0.01818181818181818,1,24,0.041666666666666664,Global on,Global off
HC,26,5,1,4,1,CS+,ITI,55,0.01818181818181818,1,24,0.041666666666666664,Global on,Global off
HC,26,6,1,4,1,ITI,CS-,55,0.01818181818181818,1,24,0.041666666666666664,Global on,Global off
HC,26,8,1,4,4,ITI,ITI,55,0.01818181818181818,1,24,0.041666666666666664,Global on,Global on
HC,26,13,1,4,2,ITI,ITI,55,0.01818181818181818,1,24,0.041666666666666664,Global on,Threat-like
HC,26,14,1,4,2,CS-,ITI,55,0.01818181818181818,1,24,0.041666666666666664,Global on,Threat-like
HC,26,15,1,4,2,ITI,ITI,55,0.01818181818181818,1,24,0.041666666666666664,Global on,Threat-like
HC,26,16,1,4,4,ITI,CS+,55,0.01818181818181818,1,24,0.041666666666666664,Global on,Global on
HC,26,21,1,4,1,CS-,ITI,55,0.01818181818181818,1,24,0.041666666666666664,Global on,Global off
HC,26,25,1,4,1,ITI,CS-,55,0.01818181818181818,1,24,0.041666666666666664,Global on,Global off
HC,26,27,1,4,4,ITI,ITI,55,0.01818181818181818,1,24,0.041666666666666664,Global on,Global on
HC,26,29,1,4,2,CS+,CS+,55,0.01818181818181818,1,24,0.041666666666666664,Global on,Threat-like
HC,31,6,4,4,1,ITI,CS+,221,0.01809954751131222,3,24,0.125,Global on,Global off
HC,31,12,4,4,4,ITI,ITI,221,0.01809954751131222,4,24,0.16666666666666666,Global on,Global on
HC,31,21,4,4,1,CS+,ITI,221,0.01809954751131222,4,24,0.16666666666666666,Global on,Global off
HC,14,7,3,2,1,ITI,ITI,166,0.018072289156626505,3,24,0.125,Threat-like,Global off
HC,14,10,3,2,1,CS+,ITI,166,0.018072289156626505,3,24,0.125,Threat-like,Global off
HC,14,19,3,2,3,CS+,ITI,166,0.018072289156626505,3,24,0.125,Threat-like,Safety-like
HC,14,28,3,2,4,CS+,ITI,166,0.018072289156626505,3,24,0.125,Threat-like,Global on
HC,15,2,2,2,1,CS-,ITI,112,0.017857142857142856,2,24,0.08333333333333333,Threat-like,Global off
HC,15,4,2,2,3,CS-,ITI,112,0.017857142857142856,2,24,0.08333333333333333,Threat-like,Safety-like
HC,15,5,2,2,1,CS-,CS-,112,0.017857142857142856,2,24,0.08333333333333333,Threat-like,Global off
HC,15,6,2,2,1,CS+,CS+,112,0.017857142857142856,2,24,0.08333333333333333,Threat-like,Global off
HC,15,7,2,2,1,CS+,ITI,112,0.017857142857142856,2,24,0.08333333333333333,Threat-like,Global off
HC,15,17,2,2,1,CS-,CS+,112,0.017857142857142856,2,24,0.08333333333333333,Threat-like,Global off
HC,15,19,2,2,3,CS-,ITI,112,0.017857142857142856,1,24,0.041666666666666664,Threat-like,Safety-like
HC,15,23,2,2,4,CS-,ITI,112,0.017857142857142856,2,24,0.08333333333333333,Threat-like,Global on
HC,32,5,7,4,1,ITI,ITI,401,0.017456359102244388,5,24,0.20833333333333334,Global on,Global off
HC,30,3,2,4,1,ITI,ITI,118,0.01694915254237288,2,24,0.08333333333333333,Global on,Global off
HC,30,15,2,4,2,CS-,CS-,118,0.01694915254237288,2,24,0.08333333333333333,Global on,Threat-like
HC,30,17,2,4,1,ITI,CS+,118,0.01694915254237288,2,24,0.08333333333333333,Global on,Global off
HC,30,18,2,4,3,CS-,CS-,118,0.01694915254237288,2,24,0.08333333333333333,Global on,Safety-like
HC,30,21,2,4,1,ITI,ITI,118,0.01694915254237288,2,24,0.08333333333333333,Global on,Global off
HC,30,25,2,4,1,CS-,CS-,118,0.01694915254237288,2,24,0.08333333333333333,Global on,Global off
HC,30,27,2,4,4,CS-,ITI,118,0.01694915254237288,2,24,0.08333333333333333,Global on,Global on
HC,7,3,1,1,1,ITI,CS-,60,0.016666666666666666,1,24,0.041666666666666664,Global off,Global off
HC,7,12,1,1,4,ITI,ITI,60,0.016666666666666666,1,24,0.041666666666666664,Global off,Global on
HC,7,14,1,1,2,CS+,CS+,60,0.016666666666666666,1,24,0.041666666666666664,Global off,Threat-like
HC,7,26,1,1,4,ITI,ITI,60,0.016666666666666666,1,24,0.041666666666666664,Global off,Global on
HC,7,27,1,1,4,CS-,CS-,60,0.016666666666666666,1,24,0.041666666666666664,Global off,Global on
HC,1,12,7,1,4,ITI,ITI,421,0.0166270783847981,5,24,0.20833333333333334,Global off,Global on
HC,1,25,7,1,1,ITI,ITI,421,0.0166270783847981,7,24,0.2916666666666667,Global off,Global off
HC,3,12,2,1,4,CS+,CS+,121,0.01652892561983471,2,24,0.08333333333333333,Global off,Global on
HC,3,25,2,1,1,CS+,CS+,121,0.01652892561983471,2,24,0.08333333333333333,Global off,Global off
HC,3,27,2,1,4,CS-,CS+,121,0.01652892561983471,2,24,0.08333333333333333,Global off,Global on
HC,3,28,2,1,4,CS-,ITI,121,0.01652892561983471,2,24,0.08333333333333333,Global off,Global on
HC,4,6,3,3,1,ITI,ITI,182,0.016483516483516484,3,24,0.125,Safety-like,Global off
HC,4,7,3,3,1,CS+,ITI,182,0.016483516483516484,2,24,0.08333333333333333,Safety-like,Global off
HC,4,10,3,3,1,ITI,ITI,182,0.016483516483516484,3,24,0.125,Safety-like,Global off
HC,4,23,3,3,4,ITI,ITI,182,0.016483516483516484,2,24,0.08333333333333333,Safety-like,Global on
HC,4,25,3,3,1,CS-,CS-,182,0.016483516483516484,2,24,0.08333333333333333,Safety-like,Global off
HC,6,3,1,1,1,CS-,CS-,61,0.01639344262295082,1,24,0.041666666666666664,Global off,Global off
HC,6,5,1,1,1,CS-,ITI,61,0.01639344262295082,1,24,0.041666666666666664,Global off,Global off
HC,6,8,1,1,4,CS-,ITI,61,0.01639344262295082,1,24,0.041666666666666664,Global off,Global on
HC,6,15,1,1,2,CS+,CS+,61,0.01639344262295082,1,24,0.041666666666666664,Global off,Threat-like
HC,6,21,1,1,1,ITI,ITI,61,0.01639344262295082,1,24,0.041666666666666664,Global off,Global off
HC,6,23,1,1,4,ITI,CS-,61,0.01639344262295082,1,24,0.041666666666666664,Global off,Global on
HC,6,29,1,1,2,ITI,CS-,61,0.01639344262295082,1,24,0.041666666666666664,Global off,Threat-like
HC,19,7,2,3,1,ITI,CS+,128,0.015625,2,24,0.08333333333333333,Safety-like,Global off
HC,19,10,2,3,1,ITI,CS+,128,0.015625,2,24,0.08333333333333333,Safety-like,Global off
HC,19,14,2,3,2,CS+,CS+,128,0.015625,2,24,0.08333333333333333,Safety-like,Threat-like
HC,19,15,2,3,2,CS+,CS+,128,0.015625,2,24,0.08333333333333333,Safety-like,Threat-like
HC,19,21,2,3,1,CS-,CS-,128,0.015625,2,24,0.08333333333333333,Safety-like,Global off
HC,19,22,2,3,4,ITI,ITI,128,0.015625,2,24,0.08333333333333333,Safety-like,Global on
HC,13,7,4,2,1,CS+,ITI,258,0.015503875968992248,3,24,0.125,Threat-like,Global off
HC,13,10,4,2,1,ITI,CS-,258,0.015503875968992248,4,24,0.16666666666666666,Threat-like,Global off
HC,13,23,4,2,4,CS-,CS-,258,0.015503875968992248,3,24,0.125,Threat-like,Global on
HC,13,25,4,2,1,ITI,ITI,258,0.015503875968992248,4,24,0.16666666666666666,Threat-like,Global off
HC,29,3,3,2,1,ITI,ITI,196,0.015306122448979591,3,24,0.125,Threat-like,Global off
HC,29,11,3,2,1,ITI,ITI,196,0.015306122448979591,3,24,0.125,Threat-like,Global off
HC,29,15,3,2,2,CS+,ITI,196,0.015306122448979591,3,24,0.125,Threat-like,Threat-like
HC,20,5,4,3,1,ITI,CS+,263,0.015209125475285171,3,24,0.125,Safety-like,Global off
HC,20,9,4,3,1,ITI,ITI,263,0.015209125475285171,4,24,0.16666666666666666,Safety-like,Global off
HC,20,14,4,3,2,ITI,CS-,263,0.015209125475285171,4,24,0.16666666666666666,Safety-like,Threat-like
HC,20,15,4,3,2,ITI,CS-,263,0.015209125475285171,4,24,0.16666666666666666,Safety-like,Threat-like
HC,20,30,4,3,4,ITI,CS-,263,0.015209125475285171,4,24,0.16666666666666666,Safety-like,Global on
HC,32,11,6,4,1,CS-,CS+,401,0.014962593516209476,5,24,0.20833333333333334,Global on,Global off
HC,32,15,6,4,2,ITI,ITI,401,0.014962593516209476,6,24,0.25,Global on,Threat-like
HC,32,23,6,4,4,CS-,ITI,401,0.014962593516209476,5,24,0.20833333333333334,Global on,Global on
HC,9,6,2,1,1,ITI,CS+,139,0.014388489208633094,2,24,0.08333333333333333,Global off,Global off
HC,9,8,2,1,4,CS-,CS-,139,0.014388489208633094,2,24,0.08333333333333333,Global off,Global on
HC,9,12,2,1,4,CS+,ITI,139,0.014388489208633094,2,24,0.08333333333333333,Global off,Global on
HC,9,15,2,1,2,CS+,CS-,139,0.014388489208633094,2,24,0.08333333333333333,Global off,Threat-like
HC,9,25,2,1,1,ITI,ITI,139,0.014388489208633094,2,24,0.08333333333333333,Global off,Global off
HC,9,30,2,1,4,CS+,CS-,139,0.014388489208633094,2,24,0.08333333333333333,Global off,Global on
HC,17,6,3,1,1,ITI,ITI,215,0.013953488372093023,3,24,0.125,Global off,Global off
HC,17,11,3,1,1,ITI,ITI,215,0.013953488372093023,3,24,0.125,Global off,Global off
HC,17,27,3,1,4,ITI,ITI,215,0.013953488372093023,3,24,0.125,Global off,Global on
HC,16,3,3,4,1,ITI,CS+,216,0.013888888888888888,3,24,0.125,Global on,Global off
HC,16,17,3,4,1,CS-,ITI,216,0.013888888888888888,2,24,0.08333333333333333,Global on,Global off
HC,16,25,3,4,1,CS+,ITI,216,0.013888888888888888,3,24,0.125,Global on,Global off
HC,16,28,3,4,4,ITI,ITI,216,0.013888888888888888,2,24,0.08333333333333333,Global on,Global on
HC,2,23,3,1,4,ITI,CS+,218,0.013761467889908258,3,24,0.125,Global off,Global on
HC,31,2,3,4,1,ITI,ITI,221,0.013574660633484163,3,24,0.125,Global on,Global off
HC,31,5,3,4,1,CS+,CS+,221,0.013574660633484163,3,24,0.125,Global on,Global off
HC,31,9,3,4,1,ITI,CS+,221,0.013574660633484163,3,24,0.125,Global on,Global off
HC,31,10,3,4,1,ITI,ITI,221,0.013574660633484163,3,24,0.125,Global on,Global off
HC,31,26,3,4,4,ITI,ITI,221,0.013574660633484163,3,24,0.125,Global on,Global on
HC,5,10,2,1,1,ITI,ITI,148,0.013513513513513514,2,24,0.08333333333333333,Global off,Global off
HC,5,12,2,1,4,ITI,ITI,148,0.013513513513513514,2,24,0.08333333333333333,Global off,Global on
HC,5,19,2,1,3,ITI,ITI,148,0.013513513513513514,2,24,0.08333333333333333,Global off,Safety-like
HC,5,29,2,1,2,CS-,ITI,148,0.013513513513513514,2,24,0.08333333333333333,Global off,Threat-like
HC,28,3,2,4,1,ITI,ITI,155,0.012903225806451613,2,24,0.08333333333333333,Global on,Global off
HC,28,26,2,4,4,CS-,CS+,155,0.012903225806451613,2,24,0.08333333333333333,Global on,Global on
HC,24,8,2,4,4,CS-,CS+,159,0.012578616352201259,2,24,0.08333333333333333,Global on,Global on
HC,24,11,2,4,1,ITI,CS+,159,0.012578616352201259,2,24,0.08333333333333333,Global on,Global off
HC,24,13,2,4,2,CS+,ITI,159,0.012578616352201259,2,24,0.08333333333333333,Global on,Threat-like
HC,24,21,2,4,1,CS+,ITI,159,0.012578616352201259,2,24,0.08333333333333333,Global on,Global off
HC,24,26,2,4,4,ITI,ITI,159,0.012578616352201259,2,24,0.08333333333333333,Global on,Global on
HC,27,2,1,4,1,ITI,ITI,80,0.0125,1,24,0.041666666666666664,Global on,Global off
HC,27,3,1,4,1,ITI,CS+,80,0.0125,1,24,0.041666666666666664,Global on,Global off
HC,27,7,1,4,1,CS+,CS+,80,0.0125,1,24,0.041666666666666664,Global on,Global off
HC,27,12,1,4,4,CS+,CS+,80,0.0125,1,24,0.041666666666666664,Global on,Global on
HC,27,14,1,4,2,CS-,CS-,80,0.0125,1,24,0.041666666666666664,Global on,Threat-like
HC,27,15,1,4,2,CS-,CS-,80,0.0125,1,24,0.041666666666666664,Global on,Threat-like
HC,27,16,1,4,4,CS-,ITI,80,0.0125,1,24,0.041666666666666664,Global on,Global on
HC,27,31,1,4,4,ITI,ITI,80,0.0125,1,24,0.041666666666666664,Global on,Global on
HC,32,22,5,4,4,ITI,ITI,401,0.012468827930174564,5,24,0.20833333333333334,Global on,Global on
HC,14,6,2,2,1,CS+,ITI,166,0.012048192771084338,2,24,0.08333333333333333,Threat-like,Global off
HC,14,20,2,2,3,CS-,CS-,166,0.012048192771084338,2,24,0.08333333333333333,Threat-like,Safety-like
HC,14,23,2,2,4,CS-,ITI,166,0.012048192771084338,2,24,0.08333333333333333,Threat-like,Global on
HC,14,24,2,2,4,ITI,CS-,166,0.012048192771084338,2,24,0.08333333333333333,Threat-like,Global on
HC,14,27,2,2,4,CS+,CS-,166,0.012048192771084338,2,24,0.08333333333333333,Threat-like,Global on
HC,14,31,2,2,4,CS+,CS+,166,0.012048192771084338,2,24,0.08333333333333333,Threat-like,Global on
HC,12,3,1,4,1,CS-,CS-,84,0.011904761904761904,1,24,0.041666666666666664,Global on,Global off
HC,12,15,1,4,2,CS+,ITI,84,0.011904761904761904,1,24,0.041666666666666664,Global on,Threat-like
HC,12,19,1,4,3,ITI,ITI,84,0.011904761904761904,1,24,0.041666666666666664,Global on,Safety-like
HC,12,22,1,4,4,ITI,CS-,84,0.011904761904761904,1,24,0.041666666666666664,Global on,Global on
HC,12,24,1,4,4,ITI,ITI,84,0.011904761904761904,1,24,0.041666666666666664,Global on,Global on
HC,13,11,3,2,1,ITI,CS+,258,0.011627906976744186,3,24,0.125,Threat-like,Global off
HC,13,24,3,2,4,CS-,ITI,258,0.011627906976744186,3,24,0.125,Threat-like,Global on
HC,8,5,1,4,1,CS-,ITI,90,0.011111111111111112,1,24,0.041666666666666664,Global on,Global off
HC,8,11,1,4,1,CS+,CS+,90,0.011111111111111112,1,24,0.041666666666666664,Global on,Global off
HC,8,19,1,4,3,CS-,CS-,90,0.011111111111111112,1,24,0.041666666666666664,Global on,Safety-like
HC,8,22,1,4,4,ITI,ITI,90,0.011111111111111112,1,24,0.041666666666666664,Global on,Global on
HC,8,25,1,4,1,CS+,CS+,90,0.011111111111111112,1,24,0.041666666666666664,Global on,Global off
HC,8,26,1,4,4,ITI,ITI,90,0.011111111111111112,1,24,0.041666666666666664,Global on,Global on
HC,8,27,1,4,4,CS-,CS-,90,0.011111111111111112,1,24,0.041666666666666664,Global on,Global on
HC,8,28,1,4,4,CS-,CS-,90,0.011111111111111112,1,24,0.041666666666666664,Global on,Global on
HC,4,22,2,3,4,CS-,CS-,182,0.01098901098901099,2,24,0.08333333333333333,Safety-like,Global on
HC,4,27,2,3,4,ITI,CS+,182,0.01098901098901099,2,24,0.08333333333333333,Safety-like,Global on
HC,25,6,1,1,1,CS+,CS-,92,0.010869565217391304,1,24,0.041666666666666664,Global off,Global off
HC,25,12,1,1,4,ITI,ITI,92,0.010869565217391304,1,24,0.041666666666666664,Global off,Global on
HC,25,15,1,1,2,ITI,ITI,92,0.010869565217391304,1,24,0.041666666666666664,Global off,Threat-like
HC,25,16,1,1,4,ITI,CS+,92,0.010869565217391304,1,24,0.041666666666666664,Global off,Global on
HC,25,31,1,1,4,CS-,CS-,92,0.010869565217391304,1,24,0.041666666666666664,Global off,Global on
HC,29,6,2,2,1,CS+,CS+,196,0.01020408163265306,2,24,0.08333333333333333,Threat-like,Global off
HC,29,8,2,2,4,CS-,CS+,196,0.01020408163265306,2,24,0.08333333333333333,Threat-like,Global on
HC,29,12,2,2,4,CS+,CS+,196,0.01020408163265306,2,24,0.08333333333333333,Threat-like,Global on
HC,29,22,2,2,4,CS-,CS-,196,0.01020408163265306,1,24,0.041666666666666664,Threat-like,Global on
HC,29,27,2,2,4,ITI,ITI,196,0.01020408163265306,2,24,0.08333333333333333,Threat-like,Global on
HC,18,6,1,3,1,ITI,CS+,98,0.01020408163265306,1,24,0.041666666666666664,Safety-like,Global off
HC,18,8,1,3,4,ITI,ITI,98,0.01020408163265306,1,24,0.041666666666666664,Safety-like,Global on
HC,18,15,1,3,2,ITI,CS+,98,0.01020408163265306,1,24,0.041666666666666664,Safety-like,Threat-like
HC,18,16,1,3,4,CS-,CS-,98,0.01020408163265306,1,24,0.041666666666666664,Safety-like,Global on
HC,18,22,1,3,4,CS-,CS-,98,0.01020408163265306,1,24,0.041666666666666664,Safety-like,Global on
HC,18,23,1,3,4,ITI,ITI,98,0.01020408163265306,1,24,0.041666666666666664,Safety-like,Global on
HC,18,27,1,3,4,ITI,CS-,98,0.01020408163265306,1,24,0.041666666666666664,Safety-like,Global on
HC,21,5,1,1,1,ITI,ITI,99,0.010101010101010102,1,24,0.041666666666666664,Global off,Global off
HC,21,7,1,1,1,CS-,CS-,99,0.010101010101010102,1,24,0.041666666666666664,Global off,Global off
HC,21,26,1,1,4,ITI,ITI,99,0.010101010101010102,1,24,0.041666666666666664,Global off,Global on
HC,21,30,1,1,4,ITI,CS-,99,0.010101010101010102,1,24,0.041666666666666664,Global off,Global on
HC,32,21,4,4,1,ITI,ITI,401,0.00997506234413965,3,24,0.125,Global on,Global off
HC,23,10,1,4,1,ITI,CS+,104,0.009615384615384616,1,24,0.041666666666666664,Global on,Global off
HC,23,11,1,4,1,CS-,ITI,104,0.009615384615384616,1,24,0.041666666666666664,Global on,Global off
HC,23,14,1,4,2,ITI,ITI,104,0.009615384615384616,1,24,0.041666666666666664,Global on,Threat-like
HC,23,15,1,4,2,ITI,ITI,104,0.009615384615384616,1,24,0.041666666666666664,Global on,Threat-like
HC,23,25,1,4,1,ITI,ITI,104,0.009615384615384616,1,24,0.041666666666666664,Global on,Global off
HC,23,26,1,4,4,ITI,ITI,104,0.009615384615384616,1,24,0.041666666666666664,Global on,Global on
HC,23,27,1,4,4,ITI,ITI,104,0.009615384615384616,1,24,0.041666666666666664,Global on,Global on
HC,1,11,4,1,1,ITI,CS+,421,0.009501187648456057,3,24,0.125,Global off,Global off
HC,17,7,2,1,1,CS+,CS+,215,0.009302325581395349,2,24,0.08333333333333333,Global off,Global off
HC,17,30,2,1,4,ITI,ITI,215,0.009302325581395349,2,24,0.08333333333333333,Global off,Global on
HC,16,7,2,4,1,CS-,ITI,216,0.009259259259259259,2,24,0.08333333333333333,Global on,Global off
HC,16,11,2,4,1,CS-,ITI,216,0.009259259259259259,2,24,0.08333333333333333,Global on,Global off
HC,16,19,2,4,3,CS+,CS+,216,0.009259259259259259,2,24,0.08333333333333333,Global on,Safety-like
HC,16,21,2,4,1,ITI,CS-,216,0.009259259259259259,2,24,0.08333333333333333,Global on,Global off
HC,16,26,2,4,4,ITI,ITI,216,0.009259259259259259,2,24,0.08333333333333333,Global on,Global on
HC,16,27,2,4,4,CS+,ITI,216,0.009259259259259259,2,24,0.08333333333333333,Global on,Global on
HC,2,19,2,1,3,CS-,ITI,218,0.009174311926605505,2,24,0.08333333333333333,Global off,Safety-like
HC,10,7,1,1,1,CS+,CS+,110,0.00909090909090909,1,24,0.041666666666666664,Global off,Global off
HC,10,11,1,1,1,CS-,CS-,110,0.00909090909090909,1,24,0.041666666666666664,Global off,Global off
HC,10,15,1,1,2,CS+,ITI,110,0.00909090909090909,1,24,0.041666666666666664,Global off,Threat-like
HC,10,19,1,1,3,ITI,ITI,110,0.00909090909090909,1,24,0.041666666666666664,Global off,Safety-like
HC,10,21,1,1,1,ITI,ITI,110,0.00909090909090909,1,24,0.041666666666666664,Global off,Global off
HC,10,22,1,1,4,CS+,ITI,110,0.00909090909090909,1,24,0.041666666666666664,Global off,Global on
HC,10,25,1,1,1,ITI,CS-,110,0.00909090909090909,1,24,0.041666666666666664,Global off,Global off
HC,10,28,1,1,4,ITI,ITI,110,0.00909090909090909,1,24,0.041666666666666664,Global off,Global on
HC,31,8,2,4,4,ITI,CS+,221,0.00904977375565611,2,24,0.08333333333333333,Global on,Global on
HC,31,18,2,4,3,CS-,CS-,221,0.00904977375565611,2,24,0.08333333333333333,Global on,Safety-like
HC,31,22,2,4,4,CS+,CS+,221,0.00904977375565611,2,24,0.08333333333333333,Global on,Global on
HC,15,8,1,2,4,CS-,ITI,112,0.008928571428571428,1,24,0.041666666666666664,Threat-like,Global on
HC,15,11,1,2,1,ITI,CS-,112,0.008928571428571428,1,24,0.041666666666666664,Threat-like,Global off
HC,15,21,1,2,1,CS-,ITI,112,0.008928571428571428,1,24,0.041666666666666664,Threat-like,Global off
HC,15,22,1,2,4,CS+,CS-,112,0.008928571428571428,1,24,0.041666666666666664,Threat-like,Global on
HC,15,26,1,2,4,ITI,ITI,112,0.008928571428571428,1,24,0.041666666666666664,Threat-like,Global on
HC,15,28,1,2,4,CS+,CS+,112,0.008928571428571428,1,24,0.041666666666666664,Threat-like,Global on
HC,30,5,1,4,1,ITI,ITI,118,0.00847457627118644,1,24,0.041666666666666664,Global on,Global off
HC,30,8,1,4,4,ITI,ITI,118,0.00847457627118644,1,24,0.041666666666666664,Global on,Global on
HC,30,12,1,4,4,ITI,ITI,118,0.00847457627118644,1,24,0.041666666666666664,Global on,Global on
HC,30,19,1,4,3,ITI,ITI,118,0.00847457627118644,1,24,0.041666666666666664,Global on,Safety-like
HC,30,22,1,4,4,ITI,ITI,118,0.00847457627118644,1,24,0.041666666666666664,Global on,Global on
HC,30,26,1,4,4,ITI,CS-,118,0.00847457627118644,1,24,0.041666666666666664,Global on,Global on
HC,3,6,1,1,1,ITI,ITI,121,0.008264462809917356,1,24,0.041666666666666664,Global off,Global off
HC,3,7,1,1,1,ITI,CS-,121,0.008264462809917356,1,24,0.041666666666666664,Global off,Global off
HC,3,15,1,1,2,ITI,CS+,121,0.008264462809917356,1,24,0.041666666666666664,Global off,Threat-like
HC,3,21,1,1,1,ITI,ITI,121,0.008264462809917356,1,24,0.041666666666666664,Global off,Global off
HC,3,22,1,1,4,CS-,ITI,121,0.008264462809917356,1,24,0.041666666666666664,Global off,Global on
HC,19,12,1,3,4,ITI,CS+,128,0.0078125,1,24,0.041666666666666664,Safety-like,Global on
HC,13,27,2,2,4,CS-,ITI,258,0.007751937984496124,2,24,0.08333333333333333,Threat-like,Global on
HC,20,6,2,3,1,CS-,CS-,263,0.0076045627376425855,1,24,0.041666666666666664,Safety-like,Global off
HC,20,22,2,3,4,CS+,ITI,263,0.0076045627376425855,2,24,0.08333333333333333,Safety-like,Global on
HC,32,3,3,4,1,ITI,ITI,401,0.007481296758104738,3,24,0.125,Global on,Global off
HC,9,11,1,1,1,ITI,CS+,139,0.007194244604316547,1,24,0.041666666666666664,Global off,Global off
HC,9,18,1,1,3,ITI,CS-,139,0.007194244604316547,1,24,0.041666666666666664,Global off,Safety-like
HC,9,22,1,1,4,CS+,CS+,139,0.007194244604316547,1,24,0.041666666666666664,Global off,Global on
HC,9,23,1,1,4,CS-,ITI,139,0.007194244604316547,1,24,0.041666666666666664,Global off,Global on
HC,9,27,1,1,4,CS-,ITI,139,0.007194244604316547,1,24,0.041666666666666664,Global off,Global on
HC,9,28,1,1,4,CS-,CS-,139,0.007194244604316547,1,24,0.041666666666666664,Global off,Global on
HC,1,22,3,1,4,CS+,ITI,421,0.007125890736342043,2,24,0.08333333333333333,Global off,Global on
HC,5,20,1,1,3,ITI,ITI,148,0.006756756756756757,1,24,0.041666666666666664,Global off,Safety-like
HC,5,27,1,1,4,CS-,ITI,148,0.006756756756756757,1,24,0.041666666666666664,Global off,Global on
HC,28,7,1,4,1,CS-,CS-,155,0.0064516129032258064,1,24,0.041666666666666664,Global on,Global off
HC,28,8,1,4,4,CS+,CS+,155,0.0064516129032258064,1,24,0.041666666666666664,Global on,Global on
HC,28,11,1,4,1,CS-,CS-,155,0.0064516129032258064,1,24,0.041666666666666664,Global on,Global off
HC,28,23,1,4,4,ITI,ITI,155,0.0064516129032258064,1,24,0.041666666666666664,Global on,Global on
HC,24,6,1,4,1,ITI,CS-,159,0.006289308176100629,1,24,0.041666666666666664,Global on,Global off
HC,24,22,1,4,4,ITI,ITI,159,0.006289308176100629,1,24,0.041666666666666664,Global on,Global on
HC,14,11,1,2,1,ITI,CS-,166,0.006024096385542169,1,24,0.041666666666666664,Threat-like,Global off
HC,14,12,1,2,4,CS-,CS-,166,0.006024096385542169,1,24,0.041666666666666664,Threat-like,Global on
HC,14,18,1,2,3,CS-,ITI,166,0.006024096385542169,1,24,0.041666666666666664,Threat-like,Safety-like
HC,4,11,1,3,1,CS-,CS-,182,0.005494505494505495,1,24,0.041666666666666664,Safety-like,Global off
HC,1,26,2,1,4,CS-,ITI,421,0.004750593824228029,2,24,0.08333333333333333,Global off,Global on
HC,1,27,2,1,4,ITI,CS+,421,0.004750593824228029,2,24,0.08333333333333333,Global off,Global on
HC,1,28,2,1,4,CS+,CS-,421,0.004750593824228029,2,24,0.08333333333333333,Global off,Global on
HC,17,8,1,1,4,ITI,ITI,215,0.004651162790697674,1,24,0.041666666666666664,Global off,Global on
HC,17,12,1,1,4,ITI,CS-,215,0.004651162790697674,1,24,0.041666666666666664,Global off,Global on
HC,17,14,1,1,2,ITI,ITI,215,0.004651162790697674,1,24,0.041666666666666664,Global off,Threat-like
HC,17,22,1,1,4,CS+,CS+,215,0.004651162790697674,1,24,0.041666666666666664,Global off,Global on
HC,2,22,1,1,4,ITI,CS-,218,0.0045871559633027525,1,24,0.041666666666666664,Global off,Global on
HC,2,25,1,1,1,ITI,ITI,218,0.0045871559633027525,1,24,0.041666666666666664,Global off,Global off
HC,2,26,1,1,4,ITI,ITI,218,0.0045871559633027525,1,24,0.041666666666666664,Global off,Global on
HC,2,27,1,1,4,ITI,CS+,218,0.0045871559633027525,1,24,0.041666666666666664,Global off,Global on
HC,2,28,1,1,4,ITI,CS-,218,0.0045871559633027525,1,24,0.041666666666666664,Global off,Global on
HC,31,7,1,4,1,ITI,ITI,221,0.004524886877828055,1,24,0.041666666666666664,Global on,Global off
HC,31,11,1,4,1,ITI,CS-,221,0.004524886877828055,1,24,0.041666666666666664,Global on,Global off
HC,13,8,1,2,4,ITI,ITI,258,0.003875968992248062,1,24,0.041666666666666664,Threat-like,Global on
HC,13,18,1,2,3,CS-,CS-,258,0.003875968992248062,1,24,0.041666666666666664,Threat-like,Safety-like
HC,13,22,1,2,4,ITI,ITI,258,0.003875968992248062,1,24,0.041666666666666664,Threat-like,Global on
HC,13,26,1,2,4,ITI,ITI,258,0.003875968992248062,1,24,0.041666666666666664,Threat-like,Global on
HC,20,8,1,3,4,CS-,ITI,263,0.0038022813688212928,1,24,0.041666666666666664,Safety-like,Global on
HC,20,21,1,3,1,ITI,CS-,263,0.0038022813688212928,1,24,0.041666666666666664,Safety-like,Global off
HC,32,7,1,4,1,ITI,CS+,401,0.0024937655860349127,1,24,0.041666666666666664,Global on,Global off
PTSD,31,32,48,4,4,ITI,ITI,220,0.21818181818181817,21,24,0.875,Global on,Global on
PTSD,2,1,47,1,1,ITI,ITI,229,0.2052401746724891,20,24,0.8333333333333334,Global off,Global off
PTSD,28,32,29,4,4,ITI,ITI,145,0.2,17,24,0.7083333333333334,Global on,Global on
PTSD,23,32,14,4,4,ITI,CS-,82,0.17073170731707318,10,24,0.4166666666666667,Global on,Global on
PTSD,15,32,17,2,4,ITI,CS+,100,0.17,11,24,0.4583333333333333,Threat-like,Global on
PTSD,3,1,17,1,1,ITI,ITI,102,0.16666666666666666,11,24,0.4583333333333333,Global off,Global off
PTSD,24,32,19,4,4,ITI,ITI,121,0.15702479338842976,12,24,0.5,Global on,Global on
PTSD,9,1,18,1,1,ITI,ITI,115,0.1565217391304348,13,24,0.5416666666666666,Global off,Global off
PTSD,27,32,9,4,4,CS+,ITI,58,0.15517241379310345,7,24,0.2916666666666667,Global on,Global on
PTSD,26,1,7,4,1,ITI,CS+,47,0.14893617021276595,6,24,0.25,Global on,Global off
PTSD,5,1,22,1,1,ITI,ITI,148,0.14864864864864866,13,24,0.5416666666666666,Global off,Global off
PTSD,29,32,29,2,4,ITI,ITI,196,0.14795918367346939,14,24,0.5833333333333334,Threat-like,Global on
PTSD,18,1,11,3,1,ITI,CS+,75,0.14666666666666667,7,24,0.2916666666666667,Safety-like,Global off
PTSD,11,17,6,1,1,ITI,ITI,41,0.14634146341463414,6,24,0.25,Global off,Global off
PTSD,16,32,33,4,4,ITI,ITI,226,0.14601769911504425,18,24,0.75,Global on,Global on
PTSD,7,32,7,1,4,ITI,ITI,51,0.13725490196078433,6,24,0.25,Global off,Global on
PTSD,4,1,27,3,1,CS-,ITI,204,0.1323529411764706,16,24,0.6666666666666666,Safety-like,Global off
PTSD,15,16,13,2,4,CS-,ITI,100,0.13,11,24,0.4583333333333333,Threat-like,Global on
PTSD,17,1,30,1,1,ITI,ITI,234,0.1282051282051282,15,24,0.625,Global off,Global off
PTSD,26,17,6,4,1,ITI,CS-,47,0.1276595744680851,6,24,0.25,Global on,Global off
PTSD,26,28,6,4,4,ITI,ITI,47,0.1276595744680851,4,24,0.16666666666666666,Global on,Global on
PTSD,30,32,15,4,4,ITI,ITI,120,0.125,12,24,0.5,Global on,Global on
PTSD,11,1,5,1,1,ITI,ITI,41,0.12195121951219512,4,24,0.16666666666666666,Global off,Global off
PTSD,11,2,5,1,1,ITI,CS+,41,0.12195121951219512,5,24,0.20833333333333334,Global off,Global off
PTSD,5,32,18,1,4,CS+,ITI,148,0.12162162162162163,15,24,0.625,Global off,Global on
PTSD,12,1,11,4,1,CS+,CS+,92,0.11956521739130435,8,24,0.3333333333333333,Global on,Global off
PTSD,8,2,11,4,1,ITI,ITI,93,0.11827956989247312,8,24,0.3333333333333333,Global on,Global off
PTSD,20,28,24,3,4,ITI,ITI,205,0.11707317073170732,14,24,0.5833333333333334,Safety-like,Global on
PTSD,17,2,27,1,1,ITI,ITI,234,0.11538461538461539,14,24,0.5833333333333334,Global off,Global off
PTSD,22,1,5,4,1,CS+,ITI,44,0.11363636363636363,5,24,0.20833333333333334,Global on,Global off
PTSD,13,32,23,2,4,ITI,ITI,205,0.11219512195121951,15,24,0.625,Threat-like,Global on
PTSD,13,16,22,2,4,CS+,ITI,205,0.1073170731707317,15,24,0.625,Threat-like,Global on
PTSD,19,20,15,3,3,ITI,ITI,140,0.10714285714285714,11,24,0.4583333333333333,Safety-like,Safety-like
PTSD,18,17,8,3,1,ITI,ITI,75,0.10666666666666667,5,24,0.20833333333333334,Safety-like,Global off
PTSD,16,31,24,4,4,CS+,ITI,226,0.10619469026548672,14,24,0.5833333333333334,Global on,Global on
PTSD,10,1,10,1,1,ITI,ITI,95,0.10526315789473684,9,24,0.375,Global off,Global off
PTSD,13,1,21,2,1,ITI,ITI,205,0.1024390243902439,15,24,0.625,Threat-like,Global off
PTSD,20,32,21,3,4,ITI,CS+,205,0.1024390243902439,12,24,0.5,Safety-like,Global on
PTSD,25,1,10,1,1,ITI,ITI,99,0.10101010101010101,7,24,0.2916666666666667,Global off,Global off
PTSD,1,2,41,1,1,ITI,ITI,408,0.10049019607843138,16,24,0.6666666666666666,Global off,Global off
PTSD,19,1,14,3,1,ITI,CS+,140,0.1,10,24,0.4166666666666667,Safety-like,Global off
PTSD,19,17,14,3,1,ITI,ITI,140,0.1,10,24,0.4166666666666667,Safety-like,Global off
PTSD,30,1,12,4,1,ITI,ITI,120,0.1,9,24,0.375,Global on,Global off
PTSD,7,1,5,1,1,ITI,ITI,51,0.09803921568627451,5,24,0.20833333333333334,Global off,Global off
PTSD,7,4,5,1,3,CS-,CS-,51,0.09803921568627451,5,24,0.20833333333333334,Global off,Safety-like
PTSD,12,32,9,4,4,CS+,ITI,92,0.09782608695652174,6,24,0.25,Global on,Global on
PTSD,14,1,12,2,1,ITI,ITI,124,0.0967741935483871,9,24,0.375,Threat-like,Global off
PTSD,21,29,9,1,2,CS+,ITI,93,0.0967741935483871,7,24,0.2916666666666667,Global off,Threat-like
PTSD,19,4,13,3,3,ITI,ITI,140,0.09285714285714286,9,24,0.375,Safety-like,Safety-like
PTSD,20,17,19,3,1,ITI,ITI,205,0.09268292682926829,13,24,0.5416666666666666,Safety-like,Global off
PTSD,24,20,11,4,3,ITI,ITI,121,0.09090909090909091,10,24,0.4166666666666667,Global on,Safety-like
PTSD,22,8,4,4,4,ITI,CS-,44,0.09090909090909091,4,24,0.16666666666666666,Global on,Global on
PTSD,14,16,11,2,4,ITI,ITI,124,0.08870967741935484,8,24,0.3333333333333333,Threat-like,Global on
PTSD,3,4,9,1,3,ITI,ITI,102,0.08823529411764706,6,24,0.25,Global off,Safety-like
PTSD,20,19,18,3,3,ITI,ITI,205,0.08780487804878048,11,24,0.4583333333333333,Safety-like,Safety-like
PTSD,12,2,8,4,1,CS-,ITI,92,0.08695652173913043,6,24,0.25,Global on,Global off
PTSD,29,31,17,2,4,ITI,ITI,196,0.08673469387755102,11,24,0.4583333333333333,Threat-like,Global on
PTSD,27,4,5,4,3,ITI,CS+,58,0.08620689655172414,4,24,0.16666666666666666,Global on,Safety-like
PTSD,27,17,5,4,1,ITI,ITI,58,0.08620689655172414,4,24,0.16666666666666666,Global on,Global off
PTSD,8,1,8,4,1,ITI,ITI,93,0.08602150537634409,6,24,0.25,Global on,Global off
PTSD,8,29,8,4,2,ITI,ITI,93,0.08602150537634409,6,24,0.25,Global on,Threat-like
PTSD,21,17,8,1,1,ITI,ITI,93,0.08602150537634409,4,24,0.16666666666666666,Global off,Global off
PTSD,19,32,12,3,4,ITI,ITI,140,0.08571428571428572,9,24,0.375,Safety-like,Global on
PTSD,23,17,7,4,1,ITI,ITI,82,0.08536585365853659,7,24,0.2916666666666667,Global on,Global off
PTSD,26,2,4,4,1,CS+,ITI,47,0.0851063829787234,3,24,0.125,Global on,Global off
PTSD,10,14,8,1,2,CS+,CS+,95,0.08421052631578947,6,24,0.25,Global off,Threat-like
PTSD,4,17,17,3,1,ITI,ITI,204,0.08333333333333333,11,24,0.4583333333333333,Safety-like,Global off
PTSD,30,13,10,4,2,CS+,CS+,120,0.08333333333333333,7,24,0.2916666666666667,Global on,Threat-like
PTSD,30,29,10,4,2,ITI,ITI,120,0.08333333333333333,8,24,0.3333333333333333,Global on,Threat-like
PTSD,13,31,17,2,4,CS+,ITI,205,0.08292682926829269,11,24,0.4583333333333333,Threat-like,Global on
PTSD,28,1,12,4,1,ITI,CS+,145,0.08275862068965517,10,24,0.4166666666666667,Global on,Global off
PTSD,32,31,35,4,4,ITI,ITI,425,0.08235294117647059,14,24,0.5833333333333334,Global on,Global on
PTSD,6,1,6,1,1,ITI,CS-,73,0.0821917808219178,5,24,0.20833333333333334,Global off,Global off
PTSD,6,5,6,1,1,CS+,ITI,73,0.0821917808219178,6,24,0.25,Global off,Global off
PTSD,6,16,6,1,4,CS+,ITI,73,0.0821917808219178,5,24,0.20833333333333334,Global off,Global on
PTSD,25,2,8,1,1,ITI,ITI,99,0.08080808080808081,7,24,0.2916666666666667,Global off,Global off
PTSD,14,13,10,2,2,ITI,ITI,124,0.08064516129032258,8,24,0.3333333333333333,Threat-like,Threat-like
PTSD,14,31,10,2,4,CS+,ITI,124,0.08064516129032258,7,24,0.2916666666666667,Threat-like,Global on
PTSD,14,32,10,2,4,CS+,ITI,124,0.08064516129032258,9,24,0.375,Threat-like,Global on
PTSD,15,13,8,2,2,CS+,ITI,100,0.08,5,24,0.20833333333333334,Threat-like,Threat-like
PTSD,15,31,8,2,4,ITI,ITI,100,0.08,7,24,0.2916666666666667,Threat-like,Global on
PTSD,18,2,6,3,1,ITI,ITI,75,0.08,6,24,0.25,Safety-like,Global off
PTSD,18,20,6,3,3,ITI,ITI,75,0.08,5,24,0.20833333333333334,Safety-like,Safety-like
PTSD,1,17,32,1,1,ITI,ITI,408,0.0784313725490196,17,24,0.7083333333333334,Global off,Global off
PTSD,4,2,16,3,1,ITI,ITI,204,0.0784313725490196,10,24,0.4166666666666667,Safety-like,Global off
PTSD,3,32,8,1,4,ITI,ITI,102,0.0784313725490196,6,24,0.25,Global off,Global on
PTSD,9,5,9,1,1,ITI,ITI,115,0.0782608695652174,8,24,0.3333333333333333,Global off,Global off
PTSD,1,13,31,1,2,CS+,CS+,408,0.07598039215686274,15,24,0.625,Global off,Threat-like
PTSD,8,13,7,4,2,ITI,ITI,93,0.07526881720430108,6,24,0.25,Global on,Threat-like
PTSD,8,32,7,4,4,ITI,ITI,93,0.07526881720430108,6,24,0.25,Global on,Global on
PTSD,21,16,7,1,4,ITI,ITI,93,0.07526881720430108,7,24,0.2916666666666667,Global off,Global on
PTSD,21,20,7,1,3,ITI,ITI,93,0.07526881720430108,6,24,0.25,Global off,Safety-like
PTSD,16,1,17,4,1,ITI,ITI,226,0.0752212389380531,13,24,0.5416666666666666,Global on,Global off
PTSD,24,31,9,4,4,ITI,ITI,121,0.0743801652892562,8,24,0.3333333333333333,Global on,Global on
PTSD,10,32,7,1,4,CS+,CS+,95,0.07368421052631578,6,24,0.25,Global off,Global on
PTSD,4,20,15,3,3,ITI,ITI,204,0.07352941176470588,9,24,0.375,Safety-like,Safety-like
PTSD,4,32,15,3,4,ITI,CS-,204,0.07352941176470588,10,24,0.4166666666666667,Safety-like,Global on
PTSD,23,10,6,4,1,ITI,ITI,82,0.07317073170731707,5,24,0.20833333333333334,Global on,Global off
PTSD,23,20,6,4,3,CS-,ITI,82,0.07317073170731707,5,24,0.20833333333333334,Global on,Safety-like
PTSD,11,5,3,1,1,CS+,ITI,41,0.07317073170731707,2,24,0.08333333333333333,Global off,Global off
PTSD,29,1,14,2,1,ITI,ITI,196,0.07142857142857142,11,24,0.4583333333333333,Threat-like,Global off
PTSD,25,17,7,1,1,ITI,ITI,99,0.0707070707070707,6,24,0.25,Global off,Global off
PTSD,25,20,7,1,3,ITI,ITI,99,0.0707070707070707,6,24,0.25,Global off,Safety-like
PTSD,25,29,7,1,2,CS-,ITI,99,0.0707070707070707,7,24,0.2916666666666667,Global off,Threat-like
PTSD,9,20,8,1,3,ITI,CS-,115,0.06956521739130435,5,24,0.20833333333333334,Global off,Safety-like
PTSD,28,20,10,4,3,ITI,ITI,145,0.06896551724137931,6,24,0.25,Global on,Safety-like
PTSD,27,1,4,4,1,ITI,ITI,58,0.06896551724137931,3,24,0.125,Global on,Global off
PTSD,27,13,4,4,2,CS+,CS+,58,0.06896551724137931,3,24,0.125,Global on,Threat-like
PTSD,27,19,4,4,3,ITI,ITI,58,0.06896551724137931,4,24,0.16666666666666666,Global on,Safety-like
PTSD,3,2,7,1,1,ITI,ITI,102,0.06862745098039216,4,24,0.16666666666666666,Global off,Global off
PTSD,6,32,5,1,4,CS-,ITI,73,0.0684931506849315,4,24,0.16666666666666666,Global off,Global on
PTSD,20,1,14,3,1,ITI,ITI,205,0.06829268292682927,13,24,0.5416666666666666,Safety-like,Global off
PTSD,20,4,14,3,3,ITI,ITI,205,0.06829268292682927,9,24,0.375,Safety-like,Safety-like
PTSD,32,29,29,4,2,ITI,ITI,425,0.06823529411764706,16,24,0.6666666666666666,Global on,Threat-like
PTSD,31,16,15,4,4,CS+,ITI,220,0.06818181818181818,11,24,0.4583333333333333,Global on,Global on
PTSD,22,4,3,4,3,ITI,CS-,44,0.06818181818181818,3,24,0.125,Global on,Safety-like
PTSD,22,16,3,4,4,CS+,ITI,44,0.06818181818181818,3,24,0.125,Global on,Global on
PTSD,22,17,3,4,1,CS-,CS-,44,0.06818181818181818,3,24,0.125,Global on,Global off
PTSD,22,28,3,4,4,ITI,ITI,44,0.06818181818181818,3,24,0.125,Global on,Global on
PTSD,5,15,10,1,2,ITI,ITI,148,0.06756756756756757,9,24,0.375,Global off,Threat-like
PTSD,30,17,8,4,1,ITI,ITI,120,0.06666666666666667,6,24,0.25,Global on,Global off
PTSD,1,4,27,1,3,ITI,ITI,408,0.0661764705882353,15,24,0.625,Global off,Safety-like
PTSD,1,5,27,1,1,CS+,ITI,408,0.0661764705882353,14,24,0.5833333333333334,Global off,Global off
PTSD,24,16,8,4,4,CS-,CS-,121,0.06611570247933884,7,24,0.2916666666666667,Global on,Global on
PTSD,12,13,6,4,2,ITI,CS+,92,0.06521739130434782,4,24,0.16666666666666666,Global on,Threat-like
PTSD,8,16,6,4,4,CS+,ITI,93,0.06451612903225806,6,24,0.25,Global on,Global on
PTSD,8,20,6,4,3,ITI,ITI,93,0.06451612903225806,5,24,0.20833333333333334,Global on,Safety-like
PTSD,21,1,6,1,1,ITI,ITI,93,0.06451612903225806,4,24,0.16666666666666666,Global off,Global off
PTSD,21,5,6,1,1,ITI,ITI,93,0.06451612903225806,5,24,0.20833333333333334,Global off,Global off
PTSD,21,32,6,1,4,ITI,CS-,93,0.06451612903225806,6,24,0.25,Global off,Global on
PTSD,26,5,3,4,1,ITI,CS-,47,0.06382978723404255,3,24,0.125,Global on,Global off
PTSD,26,14,3,4,2,CS+,CS+,47,0.06382978723404255,3,24,0.125,Global on,Threat-like
PTSD,31,13,14,4,2,CS+,ITI,220,0.06363636363636363,11,24,0.4583333333333333,Global on,Threat-like
PTSD,32,28,27,4,4,ITI,ITI,425,0.06352941176470588,12,24,0.5,Global on,Global on
PTSD,10,13,6,1,2,CS+,CS+,95,0.06315789473684211,5,24,0.20833333333333334,Global off,Threat-like
PTSD,28,19,9,4,3,ITI,ITI,145,0.06206896551724138,9,24,0.375,Global on,Safety-like
PTSD,32,20,26,4,3,ITI,ITI,425,0.0611764705882353,16,24,0.6666666666666666,Global on,Safety-like
PTSD,32,30,26,4,4,ITI,ITI,425,0.0611764705882353,16,24,0.6666666666666666,Global on,Global on
PTSD,23,16,5,4,4,CS+,CS+,82,0.06097560975609756,5,24,0.20833333333333334,Global on,Global on
PTSD,9,32,7,1,4,CS+,ITI,115,0.06086956521739131,4,24,0.16666666666666666,Global off,Global on
PTSD,25,3,6,1,1,CS-,ITI,99,0.06060606060606061,5,24,0.20833333333333334,Global off,Global off
PTSD,25,13,6,1,2,ITI,CS+,99,0.06060606060606061,6,24,0.25,Global off,Threat-like
PTSD,25,31,6,1,4,ITI,CS+,99,0.06060606060606061,6,24,0.25,Global off,Global on
PTSD,25,32,6,1,4,CS+,ITI,99,0.06060606060606061,6,24,0.25,Global off,Global on
PTSD,17,4,14,1,3,ITI,ITI,234,0.05982905982905983,7,24,0.2916666666666667,Global off,Safety-like
PTSD,17,19,14,1,3,ITI,ITI,234,0.05982905982905983,9,24,0.375,Global off,Safety-like
PTSD,3,16,6,1,4,CS+,CS-,102,0.058823529411764705,6,24,0.25,Global off,Global on
PTSD,7,2,3,1,1,CS+,ITI,51,0.058823529411764705,3,24,0.125,Global off,Global off
PTSD,7,14,3,1,2,ITI,ITI,51,0.058823529411764705,3,24,0.125,Global off,Threat-like
PTSD,7,16,3,1,4,CS+,ITI,51,0.058823529411764705,2,24,0.08333333333333333,Global off,Global on
PTSD,7,31,3,1,4,CS+,ITI,51,0.058823529411764705,2,24,0.08333333333333333,Global off,Global on
PTSD,13,29,12,2,2,CS+,ITI,205,0.05853658536585366,6,24,0.25,Threat-like,Threat-like
PTSD,30,31,7,4,4,CS+,CS+,120,0.058333333333333334,6,24,0.25,Global on,Global on
PTSD,24,17,7,4,1,ITI,ITI,121,0.05785123966942149,7,24,0.2916666666666667,Global on,Global off
PTSD,16,14,13,4,2,CS+,ITI,226,0.05752212389380531,10,24,0.4166666666666667,Global on,Threat-like
PTSD,16,30,13,4,4,ITI,ITI,226,0.05752212389380531,8,24,0.3333333333333333,Global on,Global on
PTSD,2,4,13,1,3,ITI,ITI,229,0.056768558951965066,8,24,0.3333333333333333,Global off,Safety-like
PTSD,32,1,24,4,1,ITI,ITI,425,0.05647058823529412,14,24,0.5833333333333334,Global on,Global off
PTSD,32,16,24,4,4,ITI,ITI,425,0.05647058823529412,13,24,0.5416666666666666,Global on,Global on
PTSD,14,29,7,2,2,CS-,ITI,124,0.056451612903225805,6,24,0.25,Threat-like,Threat-like
PTSD,6,9,4,1,1,CS+,ITI,73,0.0547945205479452,4,24,0.16666666666666666,Global off,Global off
PTSD,6,24,4,1,4,ITI,ITI,73,0.0547945205479452,4,24,0.16666666666666666,Global off,Global on
PTSD,12,9,5,4,1,ITI,CS-,92,0.05434782608695652,5,24,0.20833333333333334,Global on,Global off
PTSD,12,16,5,4,4,CS-,ITI,92,0.05434782608695652,5,24,0.20833333333333334,Global on,Global on
PTSD,12,31,5,4,4,ITI,ITI,92,0.05434782608695652,5,24,0.20833333333333334,Global on,Global on
PTSD,5,2,8,1,1,ITI,ITI,148,0.05405405405405406,7,24,0.2916666666666667,Global off,Global off
PTSD,5,4,8,1,3,ITI,ITI,148,0.05405405405405406,7,24,0.2916666666666667,Global off,Safety-like
PTSD,5,13,8,1,2,CS+,CS+,148,0.05405405405405406,8,24,0.3333333333333333,Global off,Threat-like
PTSD,1,32,22,1,4,ITI,ITI,408,0.05392156862745098,12,24,0.5,Global off,Global on
PTSD,21,4,5,1,3,ITI,ITI,93,0.053763440860215055,5,24,0.20833333333333334,Global off,Safety-like
PTSD,13,5,11,2,1,CS+,ITI,205,0.05365853658536585,6,24,0.25,Threat-like,Global off
PTSD,13,14,11,2,2,CS+,ITI,205,0.05365853658536585,10,24,0.4166666666666667,Threat-like,Threat-like
PTSD,18,10,4,3,1,ITI,CS+,75,0.05333333333333334,3,24,0.125,Safety-like,Global off
PTSD,18,27,4,3,4,ITI,ITI,75,0.05333333333333334,4,24,0.16666666666666666,Safety-like,Global on
PTSD,18,28,4,3,4,ITI,ITI,75,0.05333333333333334,3,24,0.125,Safety-like,Global on
PTSD,10,9,5,1,1,CS+,CS+,95,0.05263157894736842,4,24,0.16666666666666666,Global off,Global off
PTSD,10,16,5,1,4,CS+,CS+,95,0.05263157894736842,5,24,0.20833333333333334,Global off,Global on
PTSD,10,19,5,1,3,ITI,ITI,95,0.05263157894736842,5,24,0.20833333333333334,Global off,Safety-like
PTSD,2,5,12,1,1,CS+,ITI,229,0.05240174672489083,8,24,0.3333333333333333,Global off,Global off
PTSD,2,16,12,1,4,ITI,CS+,229,0.05240174672489083,8,24,0.3333333333333333,Global off,Global on
PTSD,9,13,6,1,2,CS-,ITI,115,0.05217391304347826,4,24,0.16666666666666666,Global off,Threat-like
PTSD,9,29,6,1,2,ITI,ITI,115,0.05217391304347826,5,24,0.20833333333333334,Global off,Threat-like
PTSD,27,2,3,4,1,ITI,CS-,58,0.05172413793103448,3,24,0.125,Global on,Global off
PTSD,27,31,3,4,4,ITI,ITI,58,0.05172413793103448,3,24,0.125,Global on,Global on
PTSD,17,20,12,1,3,ITI,ITI,234,0.05128205128205128,10,24,0.4166666666666667,Global off,Safety-like
PTSD,29,16,10,2,4,CS+,ITI,196,0.05102040816326531,7,24,0.2916666666666667,Threat-like,Global on
PTSD,25,5,5,1,1,ITI,CS-,99,0.050505050505050504,4,24,0.16666666666666666,Global off,Global off
PTSD,31,29,11,4,2,ITI,ITI,220,0.05,7,24,0.2916666666666667,Global on,Threat-like
PTSD,31,30,11,4,4,ITI,ITI,220,0.05,8,24,0.3333333333333333,Global on,Global on
PTSD,30,19,6,4,3,ITI,ITI,120,0.05,5,24,0.20833333333333334,Global on,Safety-like
PTSD,15,14,5,2,2,CS-,ITI,100,0.05,4,24,0.16666666666666666,Threat-like,Threat-like
PTSD,15,29,5,2,2,CS+,ITI,100,0.05,5,24,0.20833333333333334,Threat-like,Threat-like
PTSD,1,3,20,1,1,ITI,ITI,408,0.049019607843137254,12,24,0.5,Global off,Global off
PTSD,1,16,20,1,4,CS-,CS-,408,0.049019607843137254,13,24,0.5416666666666666,Global off,Global on
PTSD,3,5,5,1,1,CS-,CS-,102,0.049019607843137254,5,24,0.20833333333333334,Global off,Global off
PTSD,3,9,5,1,1,ITI,ITI,102,0.049019607843137254,4,24,0.16666666666666666,Global off,Global off
PTSD,23,1,4,4,1,CS-,ITI,82,0.04878048780487805,4,24,0.16666666666666666,Global on,Global off
PTSD,23,15,4,4,2,ITI,CS-,82,0.04878048780487805,4,24,0.16666666666666666,Global on,Threat-like
PTSD,11,4,2,1,3,CS-,CS+,41,0.04878048780487805,2,24,0.08333333333333333,Global off,Safety-like
PTSD,11,9,2,1,1,CS-,CS-,41,0.04878048780487805,2,24,0.08333333333333333,Global off,Global off
PTSD,11,12,2,1,4,CS+,CS+,41,0.04878048780487805,2,24,0.08333333333333333,Global off,Global on
PTSD,11,13,2,1,2,CS-,CS-,41,0.04878048780487805,2,24,0.08333333333333333,Global off,Threat-like
PTSD,11,19,2,1,3,ITI,ITI,41,0.04878048780487805,2,24,0.08333333333333333,Global off,Safety-like
PTSD,16,2,11,4,1,ITI,ITI,226,0.048672566371681415,11,24,0.4583333333333333,Global on,Global off
PTSD,16,4,11,4,3,ITI,ITI,226,0.048672566371681415,8,24,0.3333333333333333,Global on,Safety-like
PTSD,14,5,6,2,1,CS+,ITI,124,0.04838709677419355,5,24,0.20833333333333334,Threat-like,Global off
PTSD,28,17,7,4,1,ITI,CS-,145,0.04827586206896552,7,24,0.2916666666666667,Global on,Global off
PTSD,28,26,7,4,4,ITI,ITI,145,0.04827586206896552,7,24,0.2916666666666667,Global on,Global on
PTSD,2,17,11,1,1,ITI,ITI,229,0.048034934497816595,8,24,0.3333333333333333,Global off,Global off
PTSD,5,23,7,1,4,CS-,CS-,148,0.0472972972972973,6,24,0.25,Global off,Global on
PTSD,1,20,19,1,3,ITI,ITI,408,0.04656862745098039,10,24,0.4166666666666667,Global off,Safety-like
PTSD,29,4,9,2,3,ITI,ITI,196,0.04591836734693878,5,24,0.20833333333333334,Threat-like,Safety-like
PTSD,29,13,9,2,2,ITI,ITI,196,0.04591836734693878,5,24,0.20833333333333334,Threat-like,Threat-like
PTSD,31,28,10,4,4,ITI,ITI,220,0.045454545454545456,6,24,0.25,Global on,Global on
PTSD,22,2,2,4,1,CS-,CS-,44,0.045454545454545456,2,24,0.08333333333333333,Global on,Global off
PTSD,22,5,2,4,1,ITI,ITI,44,0.045454545454545456,2,24,0.08333333333333333,Global on,Global off
PTSD,22,10,2,4,1,CS+,CS-,44,0.045454545454545456,2,24,0.08333333333333333,Global on,Global off
PTSD,22,13,2,4,2,CS-,ITI,44,0.045454545454545456,2,24,0.08333333333333333,Global on,Threat-like
PTSD,22,15,2,4,2,CS-,CS+,44,0.045454545454545456,2,24,0.08333333333333333,Global on,Threat-like
PTSD,22,20,2,4,3,ITI,ITI,44,0.045454545454545456,2,24,0.08333333333333333,Global on,Safety-like
PTSD,22,21,2,4,1,CS-,CS-,44,0.045454545454545456,2,24,0.08333333333333333,Global on,Global off
PTSD,32,13,19,4,2,ITI,ITI,425,0.04470588235294118,13,24,0.5416666666666666,Global on,Threat-like
PTSD,32,24,19,4,4,CS+,ITI,425,0.04470588235294118,10,24,0.4166666666666667,Global on,Global on
PTSD,1,9,18,1,1,ITI,CS-,408,0.04411764705882353,13,24,0.5416666666666666,Global off,Global off
PTSD,4,9,9,3,1,CS-,ITI,204,0.04411764705882353,9,24,0.375,Safety-like,Global off
PTSD,4,29,9,3,2,CS+,CS+,204,0.04411764705882353,6,24,0.25,Safety-like,Threat-like
PTSD,20,13,9,3,2,ITI,CS-,205,0.04390243902439024,5,24,0.20833333333333334,Safety-like,Threat-like
PTSD,2,29,10,1,2,CS+,CS+,229,0.043668122270742356,6,24,0.25,Global off,Threat-like
PTSD,2,31,10,1,4,ITI,CS+,229,0.043668122270742356,8,24,0.3333333333333333,Global off,Global on
PTSD,2,32,10,1,4,ITI,ITI,229,0.043668122270742356,9,24,0.375,Global off,Global on
PTSD,9,12,5,1,4,ITI,ITI,115,0.043478260869565216,4,24,0.16666666666666666,Global off,Global on
PTSD,9,14,5,1,2,CS-,CS+,115,0.043478260869565216,5,24,0.20833333333333334,Global off,Threat-like
PTSD,12,4,4,4,3,ITI,ITI,92,0.043478260869565216,3,24,0.125,Global on,Safety-like
PTSD,12,20,4,4,3,ITI,ITI,92,0.043478260869565216,3,24,0.125,Global on,Safety-like
PTSD,12,28,4,4,4,CS+,ITI,92,0.043478260869565216,2,24,0.08333333333333333,Global on,Global on
PTSD,8,3,4,4,1,CS-,CS-,93,0.043010752688172046,3,24,0.125,Global on,Global off
PTSD,8,31,4,4,4,CS+,ITI,93,0.043010752688172046,4,24,0.16666666666666666,Global on,Global on
PTSD,21,12,4,1,4,ITI,CS+,93,0.043010752688172046,4,24,0.16666666666666666,Global off,Global on
PTSD,21,19,4,1,3,ITI,ITI,93,0.043010752688172046,3,24,0.125,Global off,Safety-like
PTSD,21,24,4,1,4,ITI,CS+,93,0.043010752688172046,4,24,0.16666666666666666,Global off,Global on
PTSD,19,25,6,3,1,ITI,ITI,140,0.04285714285714286,6,24,0.25,Safety-like,Global off
PTSD,17,24,10,1,4,ITI,ITI,234,0.042735042735042736,7,24,0.2916666666666667,Global off,Global on
PTSD,17,29,10,1,2,CS-,CS-,234,0.042735042735042736,6,24,0.25,Global off,Threat-like
PTSD,17,32,10,1,4,ITI,ITI,234,0.042735042735042736,7,24,0.2916666666666667,Global off,Global on
PTSD,26,7,2,4,1,CS+,CS+,47,0.0425531914893617,1,24,0.041666666666666664,Global on,Global off
PTSD,26,20,2,4,3,ITI,CS-,47,0.0425531914893617,2,24,0.08333333333333333,Global on,Safety-like
PTSD,26,30,2,4,4,CS+,CS+,47,0.0425531914893617,2,24,0.08333333333333333,Global on,Global on
PTSD,26,32,2,4,4,CS-,CS-,47,0.0425531914893617,2,24,0.08333333333333333,Global on,Global on
PTSD,10,5,4,1,1,CS+,ITI,95,0.042105263157894736,4,24,0.16666666666666666,Global off,Global off
PTSD,10,6,4,1,1,ITI,CS-,95,0.042105263157894736,4,24,0.16666666666666666,Global off,Global off
PTSD,10,25,4,1,1,ITI,ITI,95,0.042105263157894736,4,24,0.16666666666666666,Global off,Global off
PTSD,10,31,4,1,4,CS-,ITI,95,0.042105263157894736,3,24,0.125,Global off,Global on
PTSD,30,28,5,4,4,ITI,CS+,120,0.041666666666666664,5,24,0.20833333333333334,Global on,Global on
PTSD,28,9,6,4,1,CS-,ITI,145,0.041379310344827586,5,24,0.20833333333333334,Global on,Global off
PTSD,28,30,6,4,4,ITI,CS+,145,0.041379310344827586,6,24,0.25,Global on,Global on
PTSD,6,4,3,1,3,CS-,ITI,73,0.0410958904109589,2,24,0.08333333333333333,Global off,Safety-like
PTSD,6,8,3,1,4,ITI,ITI,73,0.0410958904109589,3,24,0.125,Global off,Global on
PTSD,6,12,3,1,4,CS-,ITI,73,0.0410958904109589,2,24,0.08333333333333333,Global off,Global on
PTSD,6,13,3,1,2,CS+,ITI,73,0.0410958904109589,3,24,0.125,Global off,Threat-like
PTSD,6,17,3,1,1,ITI,ITI,73,0.0410958904109589,3,24,0.125,Global off,Global off
PTSD,6,20,3,1,3,ITI,ITI,73,0.0410958904109589,3,24,0.125,Global off,Safety-like
PTSD,6,21,3,1,1,CS-,ITI,73,0.0410958904109589,3,24,0.125,Global off,Global off
PTSD,29,8,8,2,4,ITI,ITI,196,0.04081632653061224,8,24,0.3333333333333333,Threat-like,Global on
PTSD,29,12,8,2,4,ITI,ITI,196,0.04081632653061224,7,24,0.2916666666666667,Threat-like,Global on
PTSD,25,16,4,1,4,CS+,CS+,99,0.04040404040404041,3,24,0.125,Global off,Global on
PTSD,14,2,5,2,1,ITI,ITI,124,0.04032258064516129,5,24,0.20833333333333334,Threat-like,Global off
PTSD,14,8,5,2,4,CS+,ITI,124,0.04032258064516129,5,24,0.20833333333333334,Threat-like,Global on
PTSD,14,30,5,2,4,CS+,ITI,124,0.04032258064516129,4,24,0.16666666666666666,Threat-like,Global on
PTSD,32,17,17,4,1,ITI,ITI,425,0.04,8,24,0.3333333333333333,Global on,Global off
PTSD,15,21,4,2,1,ITI,ITI,100,0.04,4,24,0.16666666666666666,Threat-like,Global off
PTSD,15,28,4,2,4,CS-,CS-,100,0.04,4,24,0.16666666666666666,Threat-like,Global on
PTSD,18,12,3,3,4,ITI,ITI,75,0.04,3,24,0.125,Safety-like,Global on
PTSD,18,14,3,3,2,CS+,ITI,75,0.04,3,24,0.125,Safety-like,Threat-like
PTSD,18,16,3,3,4,CS+,CS-,75,0.04,3,24,0.125,Safety-like,Global on
PTSD,18,22,3,3,4,ITI,ITI,75,0.04,3,24,0.125,Safety-like,Global on
PTSD,18,29,3,3,2,CS+,CS+,75,0.04,3,24,0.125,Safety-like,Threat-like
PTSD,16,29,9,4,2,ITI,ITI,226,0.03982300884955752,7,24,0.2916666666666667,Global on,Threat-like
PTSD,2,10,9,1,1,CS+,CS+,229,0.039301310043668124,7,24,0.2916666666666667,Global off,Global off
PTSD,4,24,8,3,4,ITI,ITI,204,0.0392156862745098,6,24,0.25,Safety-like,Global on
PTSD,3,17,4,1,1,ITI,CS+,102,0.0392156862745098,4,24,0.16666666666666666,Global off,Global off
PTSD,3,20,4,1,3,CS-,CS-,102,0.0392156862745098,4,24,0.16666666666666666,Global off,Safety-like
PTSD,3,29,4,1,2,CS+,CS+,102,0.0392156862745098,3,24,0.125,Global off,Threat-like
PTSD,3,31,4,1,4,ITI,CS-,102,0.0392156862745098,4,24,0.16666666666666666,Global off,Global on
PTSD,7,5,2,1,1,CS+,ITI,51,0.0392156862745098,1,24,0.041666666666666664,Global off,Global off
PTSD,7,12,2,1,4,CS-,CS-,51,0.0392156862745098,2,24,0.08333333333333333,Global off,Global on
PTSD,7,24,2,1,4,CS-,CS-,51,0.0392156862745098,2,24,0.08333333333333333,Global off,Global on
PTSD,7,27,2,1,4,CS-,CS-,51,0.0392156862745098,2,24,0.08333333333333333,Global off,Global on
PTSD,7,30,2,1,4,CS+,CS+,51,0.0392156862745098,2,24,0.08333333333333333,Global off,Global on
PTSD,13,9,8,2,1,ITI,ITI,205,0.03902439024390244,6,24,0.25,Threat-like,Global off
PTSD,20,2,8,3,1,ITI,CS+,205,0.03902439024390244,7,24,0.2916666666666667,Safety-like,Global off
PTSD,20,29,8,3,2,ITI,CS+,205,0.03902439024390244,6,24,0.25,Safety-like,Threat-like
PTSD,20,31,8,3,4,ITI,CS+,205,0.03902439024390244,6,24,0.25,Safety-like,Global on
PTSD,17,18,9,1,3,ITI,ITI,234,0.038461538461538464,7,24,0.2916666666666667,Global off,Safety-like
PTSD,17,28,9,1,4,ITI,ITI,234,0.038461538461538464,7,24,0.2916666666666667,Global off,Global on
PTSD,32,14,16,4,2,CS-,ITI,425,0.03764705882352941,12,24,0.5,Global on,Threat-like
PTSD,23,8,3,4,4,CS-,CS-,82,0.036585365853658534,3,24,0.125,Global on,Global on
PTSD,23,13,3,4,2,ITI,ITI,82,0.036585365853658534,2,24,0.08333333333333333,Global on,Threat-like
PTSD,23,19,3,4,3,CS-,ITI,82,0.036585365853658534,2,24,0.08333333333333333,Global on,Safety-like
PTSD,23,29,3,4,2,CS-,ITI,82,0.036585365853658534,3,24,0.125,Global on,Threat-like
PTSD,23,31,3,4,4,ITI,ITI,82,0.036585365853658534,3,24,0.125,Global on,Global on
PTSD,31,2,8,4,1,ITI,ITI,220,0.03636363636363636,5,24,0.20833333333333334,Global on,Global off
PTSD,31,17,8,4,1,ITI,ITI,220,0.03636363636363636,7,24,0.2916666666666667,Global on,Global off
PTSD,31,23,8,4,4,CS-,ITI,220,0.03636363636363636,7,24,0.2916666666666667,Global on,Global on
PTSD,29,20,7,2,3,ITI,ITI,196,0.03571428571428571,4,24,0.16666666666666666,Threat-like,Safety-like
PTSD,29,30,7,2,4,ITI,ITI,196,0.03571428571428571,6,24,0.25,Threat-like,Global on
PTSD,19,2,5,3,1,CS-,ITI,140,0.03571428571428571,4,24,0.16666666666666666,Safety-like,Global off
PTSD,19,3,5,3,1,ITI,ITI,140,0.03571428571428571,3,24,0.125,Safety-like,Global off
PTSD,19,13,5,3,2,ITI,CS+,140,0.03571428571428571,5,24,0.20833333333333334,Safety-like,Threat-like
PTSD,19,29,5,3,2,ITI,CS+,140,0.03571428571428571,3,24,0.125,Safety-like,Threat-like
PTSD,16,13,8,4,2,ITI,ITI,226,0.035398230088495575,7,24,0.2916666666666667,Global on,Threat-like
PTSD,16,25,8,4,1,ITI,ITI,226,0.035398230088495575,5,24,0.20833333333333334,Global on,Global off
PTSD,2,19,8,1,3,ITI,ITI,229,0.034934497816593885,8,24,0.3333333333333333,Global off,Safety-like
PTSD,9,2,4,1,1,CS+,CS+,115,0.034782608695652174,4,24,0.16666666666666666,Global off,Global off
PTSD,9,3,4,1,1,CS-,ITI,115,0.034782608695652174,4,24,0.16666666666666666,Global off,Global off
PTSD,9,4,4,1,3,ITI,ITI,115,0.034782608695652174,4,24,0.16666666666666666,Global off,Safety-like
PTSD,9,10,4,1,1,ITI,ITI,115,0.034782608695652174,4,24,0.16666666666666666,Global off,Global off
PTSD,9,17,4,1,1,CS-,ITI,115,0.034782608695652174,3,24,0.125,Global off,Global off
PTSD,9,31,4,1,4,CS-,ITI,115,0.034782608695652174,4,24,0.16666666666666666,Global off,Global on
PTSD,28,10,5,4,1,ITI,ITI,145,0.034482758620689655,5,24,0.20833333333333334,Global on,Global off
PTSD,28,21,5,4,1,ITI,CS+,145,0.034482758620689655,5,24,0.20833333333333334,Global on,Global off
PTSD,27,10,2,4,1,ITI,ITI,58,0.034482758620689655,1,24,0.041666666666666664,Global on,Global off
PTSD,27,18,2,4,3,CS-,ITI,58,0.034482758620689655,2,24,0.08333333333333333,Global on,Safety-like
PTSD,27,25,2,4,1,CS-,CS+,58,0.034482758620689655,2,24,0.08333333333333333,Global on,Global off
PTSD,27,28,2,4,4,ITI,ITI,58,0.034482758620689655,2,24,0.08333333333333333,Global on,Global on
PTSD,27,29,2,4,2,CS+,CS+,58,0.034482758620689655,2,24,0.08333333333333333,Global on,Threat-like
PTSD,27,30,2,4,4,CS-,CS-,58,0.034482758620689655,2,24,0.08333333333333333,Global on,Global on
PTSD,4,3,7,3,1,ITI,ITI,204,0.03431372549019608,6,24,0.25,Safety-like,Global off
PTSD,4,12,7,3,4,CS+,CS+,204,0.03431372549019608,4,24,0.16666666666666666,Safety-like,Global on
PTSD,17,5,8,1,1,CS+,CS+,234,0.03418803418803419,7,24,0.2916666666666667,Global off,Global off
PTSD,17,21,8,1,1,ITI,CS-,234,0.03418803418803419,7,24,0.2916666666666667,Global off,Global off
PTSD,13,4,7,2,3,ITI,ITI,205,0.03414634146341464,6,24,0.25,Threat-like,Safety-like
PTSD,13,15,7,2,2,ITI,ITI,205,0.03414634146341464,4,24,0.16666666666666666,Threat-like,Threat-like
PTSD,13,17,7,2,1,ITI,ITI,205,0.03414634146341464,6,24,0.25,Threat-like,Global off
PTSD,13,24,7,2,4,ITI,ITI,205,0.03414634146341464,7,24,0.2916666666666667,Threat-like,Global on
PTSD,20,25,7,3,1,ITI,ITI,205,0.03414634146341464,5,24,0.20833333333333334,Safety-like,Global off
PTSD,5,16,5,1,4,CS-,CS-,148,0.033783783783783786,5,24,0.20833333333333334,Global off,Global on
PTSD,5,28,5,1,4,CS-,CS-,148,0.033783783783783786,3,24,0.125,Global off,Global on
PTSD,5,29,5,1,2,ITI,CS+,148,0.033783783783783786,5,24,0.20833333333333334,Global off,Threat-like
PTSD,5,31,5,1,4,CS-,CS-,148,0.033783783783783786,5,24,0.20833333333333334,Global off,Global on
PTSD,30,2,4,4,1,ITI,ITI,120,0.03333333333333333,4,24,0.16666666666666666,Global on,Global off
PTSD,30,3,4,4,1,ITI,ITI,120,0.03333333333333333,3,24,0.125,Global on,Global off
PTSD,30,16,4,4,4,ITI,ITI,120,0.03333333333333333,3,24,0.125,Global on,Global on
PTSD,30,24,4,4,4,ITI,ITI,120,0.03333333333333333,4,24,0.16666666666666666,Global on,Global on
PTSD,24,2,4,4,1,ITI,CS+,121,0.03305785123966942,4,24,0.16666666666666666,Global on,Global off
PTSD,24,4,4,4,3,ITI,CS+,121,0.03305785123966942,4,24,0.16666666666666666,Global on,Safety-like
PTSD,24,12,4,4,4,ITI,CS-,121,0.03305785123966942,4,24,0.16666666666666666,Global on,Global on
PTSD,24,13,4,4,2,ITI,CS-,121,0.03305785123966942,3,24,0.125,Global on,Threat-like
PTSD,24,19,4,4,3,ITI,CS+,121,0.03305785123966942,4,24,0.16666666666666666,Global on,Safety-like
PTSD,24,28,4,4,4,ITI,ITI,121,0.03305785123966942,4,24,0.16666666666666666,Global on,Global on
PTSD,24,29,4,4,2,CS-,ITI,121,0.03305785123966942,4,24,0.16666666666666666,Global on,Threat-like
PTSD,32,15,14,4,2,CS-,ITI,425,0.03294117647058824,8,24,0.3333333333333333,Global on,Threat-like
PTSD,12,3,3,4,1,ITI,CS-,92,0.03260869565217391,2,24,0.08333333333333333,Global on,Global off
PTSD,12,8,3,4,4,CS+,CS-,92,0.03260869565217391,3,24,0.125,Global on,Global on
PTSD,12,15,3,4,2,ITI,CS+,92,0.03260869565217391,3,24,0.125,Global on,Threat-like
PTSD,12,25,3,4,1,CS+,ITI,92,0.03260869565217391,2,24,0.08333333333333333,Global on,Global off
PTSD,12,30,3,4,4,CS+,CS-,92,0.03260869565217391,3,24,0.125,Global on,Global on
PTSD,14,4,4,2,3,CS-,ITI,124,0.03225806451612903,4,24,0.16666666666666666,Threat-like,Safety-like
PTSD,14,6,4,2,1,ITI,ITI,124,0.03225806451612903,4,24,0.16666666666666666,Threat-like,Global off
PTSD,14,15,4,2,2,CS-,ITI,124,0.03225806451612903,3,24,0.125,Threat-like,Threat-like
PTSD,8,4,3,4,3,CS-,CS-,93,0.03225806451612903,2,24,0.08333333333333333,Global on,Safety-like
PTSD,8,9,3,4,1,ITI,CS-,93,0.03225806451612903,3,24,0.125,Global on,Global off
PTSD,8,15,3,4,2,ITI,ITI,93,0.03225806451612903,3,24,0.125,Global on,Threat-like
PTSD,8,18,3,4,3,ITI,ITI,93,0.03225806451612903,2,24,0.08333333333333333,Global on,Safety-like
PTSD,8,19,3,4,3,ITI,ITI,93,0.03225806451612903,3,24,0.125,Global on,Safety-like
PTSD,21,3,3,1,1,ITI,ITI,93,0.03225806451612903,3,24,0.125,Global off,Global off
PTSD,21,9,3,1,1,ITI,CS+,93,0.03225806451612903,2,24,0.08333333333333333,Global off,Global off
PTSD,21,30,3,1,4,ITI,ITI,93,0.03225806451612903,3,24,0.125,Global off,Global on
PTSD,1,25,13,1,1,ITI,ITI,408,0.031862745098039214,9,24,0.375,Global off,Global off
PTSD,31,1,7,4,1,ITI,ITI,220,0.031818181818181815,6,24,0.25,Global on,Global off
PTSD,31,4,7,4,3,ITI,ITI,220,0.031818181818181815,4,24,0.16666666666666666,Global on,Safety-like
PTSD,31,20,7,4,3,ITI,ITI,220,0.031818181818181815,5,24,0.20833333333333334,Global on,Safety-like
PTSD,10,4,3,1,3,ITI,ITI,95,0.031578947368421054,2,24,0.08333333333333333,Global off,Safety-like
PTSD,10,7,3,1,1,ITI,CS+,95,0.031578947368421054,3,24,0.125,Global off,Global off
PTSD,10,17,3,1,1,ITI,ITI,95,0.031578947368421054,3,24,0.125,Global off,Global off
PTSD,10,29,3,1,2,CS+,CS-,95,0.031578947368421054,2,24,0.08333333333333333,Global off,Threat-like
PTSD,16,24,7,4,4,ITI,ITI,226,0.030973451327433628,5,24,0.20833333333333334,Global on,Global on
PTSD,29,17,6,2,1,ITI,ITI,196,0.030612244897959183,4,24,0.16666666666666666,Threat-like,Global off
PTSD,29,18,6,2,3,ITI,ITI,196,0.030612244897959183,5,24,0.20833333333333334,Threat-like,Safety-like
PTSD,29,21,6,2,1,ITI,ITI,196,0.030612244897959183,5,24,0.20833333333333334,Threat-like,Global off
PTSD,29,23,6,2,4,CS+,ITI,196,0.030612244897959183,5,24,0.20833333333333334,Threat-like,Global on
PTSD,29,24,6,2,4,ITI,ITI,196,0.030612244897959183,6,24,0.25,Threat-like,Global on
PTSD,29,25,6,2,1,ITI,ITI,196,0.030612244897959183,5,24,0.20833333333333334,Threat-like,Global off
PTSD,32,2,13,4,1,ITI,CS-,425,0.03058823529411765,11,24,0.4583333333333333,Global on,Global off
PTSD,32,4,13,4,3,ITI,ITI,425,0.03058823529411765,10,24,0.4166666666666667,Global on,Safety-like
PTSD,2,9,7,1,1,CS-,ITI,229,0.03056768558951965,6,24,0.25,Global off,Global off
PTSD,2,15,7,1,2,ITI,ITI,229,0.03056768558951965,7,24,0.2916666666666667,Global off,Threat-like
PTSD,2,20,7,1,3,ITI,CS-,229,0.03056768558951965,7,24,0.2916666666666667,Global off,Safety-like
PTSD,2,24,7,1,4,ITI,ITI,229,0.03056768558951965,7,24,0.2916666666666667,Global off,Global on
PTSD,25,19,3,1,3,ITI,ITI,99,0.030303030303030304,2,24,0.08333333333333333,Global off,Safety-like
PTSD,25,21,3,1,1,ITI,CS+,99,0.030303030303030304,2,24,0.08333333333333333,Global off,Global off
PTSD,15,1,3,2,1,CS+,CS+,100,0.03,3,24,0.125,Threat-like,Global off
PTSD,15,3,3,2,1,ITI,ITI,100,0.03,3,24,0.125,Threat-like,Global off
PTSD,15,6,3,2,1,ITI,ITI,100,0.03,3,24,0.125,Threat-like,Global off
PTSD,15,12,3,2,4,ITI,ITI,100,0.03,3,24,0.125,Threat-like,Global on
PTSD,15,24,3,2,4,CS+,ITI,100,0.03,3,24,0.125,Threat-like,Global on
PTSD,15,25,3,2,1,CS-,ITI,100,0.03,3,24,0.125,Threat-like,Global off
PTSD,15,30,3,2,4,CS+,CS+,100,0.03,3,24,0.125,Threat-like,Global on
PTSD,17,6,7,1,1,ITI,CS-,234,0.029914529914529916,4,24,0.16666666666666666,Global off,Global off
PTSD,17,27,7,1,4,ITI,ITI,234,0.029914529914529916,7,24,0.2916666666666667,Global off,Global on
PTSD,1,14,12,1,2,CS+,CS+,408,0.029411764705882353,7,24,0.2916666666666667,Global off,Threat-like
PTSD,4,16,6,3,4,CS-,CS+,204,0.029411764705882353,5,24,0.20833333333333334,Safety-like,Global on
PTSD,4,18,6,3,3,ITI,ITI,204,0.029411764705882353,5,24,0.20833333333333334,Safety-like,Safety-like
PTSD,4,19,6,3,3,ITI,ITI,204,0.029411764705882353,3,24,0.125,Safety-like,Safety-like
PTSD,4,31,6,3,4,ITI,CS+,204,0.029411764705882353,5,24,0.20833333333333334,Safety-like,Global on
PTSD,3,10,3,1,1,CS+,CS+,102,0.029411764705882353,3,24,0.125,Global off,Global off
PTSD,3,12,3,1,4,ITI,CS-,102,0.029411764705882353,2,24,0.08333333333333333,Global off,Global on
PTSD,3,13,3,1,2,ITI,ITI,102,0.029411764705882353,3,24,0.125,Global off,Threat-like
PTSD,3,15,3,1,2,ITI,CS-,102,0.029411764705882353,3,24,0.125,Global off,Threat-like
PTSD,3,21,3,1,1,ITI,CS+,102,0.029411764705882353,3,24,0.125,Global off,Global off
PTSD,3,24,3,1,4,ITI,ITI,102,0.029411764705882353,3,24,0.125,Global off,Global on
PTSD,13,7,6,2,1,ITI,ITI,205,0.02926829268292683,6,24,0.25,Threat-like,Global off
PTSD,19,16,4,3,4,ITI,ITI,140,0.02857142857142857,3,24,0.125,Safety-like,Global on
PTSD,19,23,4,3,4,ITI,CS+,140,0.02857142857142857,4,24,0.16666666666666666,Safety-like,Global on
PTSD,19,27,4,3,4,ITI,ITI,140,0.02857142857142857,2,24,0.08333333333333333,Safety-like,Global on
PTSD,19,28,4,3,4,CS-,ITI,140,0.02857142857142857,3,24,0.125,Safety-like,Global on
PTSD,32,19,12,4,3,ITI,ITI,425,0.02823529411764706,10,24,0.4166666666666667,Global on,Safety-like
PTSD,32,21,12,4,1,ITI,ITI,425,0.02823529411764706,9,24,0.375,Global on,Global off
PTSD,28,4,4,4,3,ITI,ITI,145,0.027586206896551724,3,24,0.125,Global on,Safety-like
PTSD,28,13,4,4,2,CS-,CS+,145,0.027586206896551724,3,24,0.125,Global on,Threat-like
PTSD,28,18,4,4,3,ITI,ITI,145,0.027586206896551724,4,24,0.16666666666666666,Global on,Safety-like
PTSD,28,29,4,4,2,ITI,ITI,145,0.027586206896551724,4,24,0.16666666666666666,Global on,Threat-like
PTSD,28,31,4,4,4,CS-,ITI,145,0.027586206896551724,4,24,0.16666666666666666,Global on,Global on
PTSD,6,2,2,1,1,CS-,CS+,73,0.0273972602739726,2,24,0.08333333333333333,Global off,Global off
PTSD,6,3,2,1,1,CS+,CS+,73,0.0273972602739726,2,24,0.08333333333333333,Global off,Global off
PTSD,6,14,2,1,2,CS-,CS-,73,0.0273972602739726,1,24,0.041666666666666664,Global off,Threat-like
PTSD,6,15,2,1,2,CS+,CS+,73,0.0273972602739726,2,24,0.08333333333333333,Global off,Threat-like
PTSD,6,18,2,1,3,CS+,ITI,73,0.0273972602739726,1,24,0.041666666666666664,Global off,Safety-like
PTSD,6,22,2,1,4,CS+,ITI,73,0.0273972602739726,2,24,0.08333333333333333,Global off,Global on
PTSD,6,25,2,1,1,CS-,ITI,73,0.0273972602739726,2,24,0.08333333333333333,Global off,Global off
PTSD,6,28,2,1,4,CS+,ITI,73,0.0273972602739726,2,24,0.08333333333333333,Global off,Global on
PTSD,31,8,6,4,4,ITI,ITI,220,0.02727272727272727,6,24,0.25,Global on,Global on
PTSD,31,14,6,4,2,CS+,CS+,220,0.02727272727272727,3,24,0.125,Global on,Threat-like
PTSD,31,24,6,4,4,ITI,CS-,220,0.02727272727272727,5,24,0.20833333333333334,Global on,Global on
PTSD,5,6,4,1,1,CS+,ITI,148,0.02702702702702703,4,24,0.16666666666666666,Global off,Global off
PTSD,5,8,4,1,4,ITI,CS-,148,0.02702702702702703,3,24,0.125,Global off,Global on
PTSD,5,10,4,1,1,CS-,ITI,148,0.02702702702702703,3,24,0.125,Global off,Global off
PTSD,5,20,4,1,3,ITI,ITI,148,0.02702702702702703,3,24,0.125,Global off,Safety-like
PTSD,5,21,4,1,1,CS+,ITI,148,0.02702702702702703,3,24,0.125,Global off,Global off
PTSD,18,3,2,3,1,ITI,ITI,75,0.02666666666666667,2,24,0.08333333333333333,Safety-like,Global off
PTSD,18,4,2,3,3,CS-,ITI,75,0.02666666666666667,2,24,0.08333333333333333,Safety-like,Safety-like
PTSD,18,19,2,3,3,ITI,CS-,75,0.02666666666666667,2,24,0.08333333333333333,Safety-like,Safety-like
PTSD,18,30,2,3,4,CS-,CS+,75,0.02666666666666667,2,24,0.08333333333333333,Safety-like,Global on
PTSD,18,31,2,3,4,CS-,CS-,75,0.02666666666666667,2,24,0.08333333333333333,Safety-like,Global on
PTSD,18,32,2,3,4,CS+,CS+,75,0.02666666666666667,2,24,0.08333333333333333,Safety-like,Global on
PTSD,16,18,6,4,3,ITI,ITI,226,0.02654867256637168,5,24,0.20833333333333334,Global on,Safety-like
PTSD,16,19,6,4,3,ITI,ITI,226,0.02654867256637168,5,24,0.20833333333333334,Global on,Safety-like
PTSD,2,6,6,1,1,ITI,CS+,229,0.026200873362445413,5,24,0.20833333333333334,Global off,Global off
PTSD,2,8,6,1,4,CS-,ITI,229,0.026200873362445413,5,24,0.20833333333333334,Global off,Global on
PTSD,2,13,6,1,2,CS+,CS+,229,0.026200873362445413,5,24,0.20833333333333334,Global off,Threat-like
PTSD,2,14,6,1,2,CS+,CS-,229,0.026200873362445413,4,24,0.16666666666666666,Global off,Threat-like
PTSD,2,25,6,1,1,CS+,ITI,229,0.026200873362445413,5,24,0.20833333333333334,Global off,Global off
PTSD,9,16,3,1,4,ITI,CS+,115,0.02608695652173913,3,24,0.125,Global off,Global on
PTSD,9,19,3,1,3,CS-,CS-,115,0.02608695652173913,3,24,0.125,Global off,Safety-like
PTSD,9,21,3,1,1,CS-,ITI,115,0.02608695652173913,3,24,0.125,Global off,Global off
PTSD,9,24,3,1,4,CS+,CS+,115,0.02608695652173913,3,24,0.125,Global off,Global on
PTSD,9,28,3,1,4,CS-,ITI,115,0.02608695652173913,3,24,0.125,Global off,Global on
PTSD,32,12,11,4,4,ITI,CS-,425,0.02588235294117647,8,24,0.3333333333333333,Global on,Global on
PTSD,17,8,6,1,4,ITI,ITI,234,0.02564102564102564,5,24,0.20833333333333334,Global off,Global on
PTSD,17,13,6,1,2,ITI,ITI,234,0.02564102564102564,6,24,0.25,Global off,Threat-like
PTSD,17,31,6,1,4,ITI,ITI,234,0.02564102564102564,5,24,0.20833333333333334,Global off,Global on
PTSD,29,14,5,2,2,CS+,CS+,196,0.025510204081632654,4,24,0.16666666666666666,Threat-like,Threat-like
PTSD,29,19,5,2,3,ITI,ITI,196,0.025510204081632654,3,24,0.125,Threat-like,Safety-like
PTSD,29,22,5,2,4,ITI,ITI,196,0.025510204081632654,4,24,0.16666666666666666,Threat-like,Global on
PTSD,30,4,3,4,3,ITI,ITI,120,0.025,3,24,0.125,Global on,Safety-like
PTSD,30,10,3,4,1,ITI,CS+,120,0.025,3,24,0.125,Global on,Global off
PTSD,30,11,3,4,1,ITI,ITI,120,0.025,2,24,0.08333333333333333,Global on,Global off
PTSD,30,14,3,4,2,CS-,CS-,120,0.025,3,24,0.125,Global on,Threat-like
PTSD,30,15,3,4,2,CS+,CS+,120,0.025,3,24,0.125,Global on,Threat-like
PTSD,24,1,3,4,1,CS+,ITI,121,0.024793388429752067,3,24,0.125,Global on,Global off
PTSD,24,5,3,4,1,ITI,ITI,121,0.024793388429752067,3,24,0.125,Global on,Global off
PTSD,24,6,3,4,1,ITI,ITI,121,0.024793388429752067,3,24,0.125,Global on,Global off
PTSD,24,8,3,4,4,CS+,CS+,121,0.024793388429752067,3,24,0.125,Global on,Global on
PTSD,24,9,3,4,1,ITI,ITI,121,0.024793388429752067,3,24,0.125,Global on,Global off
PTSD,24,10,3,4,1,CS+,CS+,121,0.024793388429752067,2,24,0.08333333333333333,Global on,Global off
PTSD,24,22,3,4,4,CS-,ITI,121,0.024793388429752067,3,24,0.125,Global on,Global on
PTSD,1,6,10,1,1,ITI,CS-,408,0.024509803921568627,7,24,0.2916666666666667,Global off,Global off
PTSD,1,23,10,1,4,ITI,ITI,408,0.024509803921568627,8,24,0.3333333333333333,Global off,Global on
PTSD,4,5,5,3,1,CS-,CS-,204,0.024509803921568627,5,24,0.20833333333333334,Safety-like,Global off
PTSD,4,23,5,3,4,ITI,CS-,204,0.024509803921568627,5,24,0.20833333333333334,Safety-like,Global on
PTSD,13,2,5,2,1,CS+,CS+,205,0.024390243902439025,3,24,0.125,Threat-like,Global off
PTSD,13,8,5,2,4,CS+,ITI,205,0.024390243902439025,3,24,0.125,Threat-like,Global on
PTSD,13,21,5,2,1,CS-,ITI,205,0.024390243902439025,5,24,0.20833333333333334,Threat-like,Global off
PTSD,20,30,5,3,4,ITI,ITI,205,0.024390243902439025,5,24,0.20833333333333334,Safety-like,Global on
PTSD,23,2,2,4,1,CS-,CS-,82,0.024390243902439025,2,24,0.08333333333333333,Global on,Global off
PTSD,23,3,2,4,1,ITI,CS-,82,0.024390243902439025,2,24,0.08333333333333333,Global on,Global off
PTSD,23,4,2,4,3,ITI,CS-,82,0.024390243902439025,2,24,0.08333333333333333,Global on,Safety-like
PTSD,23,7,2,4,1,CS+,CS+,82,0.024390243902439025,2,24,0.08333333333333333,Global on,Global off
PTSD,23,18,2,4,3,CS+,ITI,82,0.024390243902439025,2,24,0.08333333333333333,Global on,Safety-like
PTSD,23,22,2,4,4,CS-,CS-,82,0.024390243902439025,2,24,0.08333333333333333,Global on,Global on
PTSD,23,25,2,4,1,ITI,ITI,82,0.024390243902439025,2,24,0.08333333333333333,Global on,Global off
PTSD,23,28,2,4,4,ITI,ITI,82,0.024390243902439025,2,24,0.08333333333333333,Global on,Global on
PTSD,11,3,1,1,1,ITI,ITI,41,0.024390243902439025,1,24,0.041666666666666664,Global off,Global off
PTSD,11,8,1,1,4,CS-,ITI,41,0.024390243902439025,1,24,0.041666666666666664,Global off,Global on
PTSD,11,10,1,1,1,ITI,ITI,41,0.024390243902439025,1,24,0.041666666666666664,Global off,Global off
PTSD,11,15,1,1,2,CS+,ITI,41,0.024390243902439025,1,24,0.041666666666666664,Global off,Threat-like
PTSD,11,16,1,1,4,CS-,ITI,41,0.024390243902439025,1,24,0.041666666666666664,Global off,Global on
PTSD,11,18,1,1,3,CS-,CS-,41,0.024390243902439025,1,24,0.041666666666666664,Global off,Safety-like
PTSD,11,20,1,1,3,ITI,ITI,41,0.024390243902439025,1,24,0.041666666666666664,Global off,Safety-like
PTSD,11,21,1,1,1,ITI,ITI,41,0.024390243902439025,1,24,0.041666666666666664,Global off,Global off
PTSD,11,22,1,1,4,ITI,CS-,41,0.024390243902439025,1,24,0.041666666666666664,Global off,Global on
PTSD,11,30,1,1,4,CS+,ITI,41,0.024390243902439025,1,24,0.041666666666666664,Global off,Global on
PTSD,11,31,1,1,4,ITI,ITI,41,0.024390243902439025,1,24,0.041666666666666664,Global off,Global on
PTSD,11,32,1,1,4,CS-,CS-,41,0.024390243902439025,1,24,0.041666666666666664,Global off,Global on
PTSD,14,3,3,2,1,ITI,ITI,124,0.024193548387096774,3,24,0.125,Threat-like,Global off
PTSD,14,9,3,2,1,ITI,ITI,124,0.024193548387096774,2,24,0.08333333333333333,Threat-like,Global off
PTSD,14,10,3,2,1,ITI,ITI,124,0.024193548387096774,3,24,0.125,Threat-like,Global off
PTSD,14,12,3,2,4,CS+,ITI,124,0.024193548387096774,3,24,0.125,Threat-like,Global on
PTSD,14,21,3,2,1,ITI,ITI,124,0.024193548387096774,3,24,0.125,Threat-like,Global off
PTSD,14,25,3,2,1,CS-,CS+,124,0.024193548387096774,3,24,0.125,Threat-like,Global off
PTSD,32,25,10,4,1,ITI,ITI,425,0.023529411764705882,9,24,0.375,Global on,Global off
PTSD,32,27,10,4,4,ITI,ITI,425,0.023529411764705882,8,24,0.3333333333333333,Global on,Global on
PTSD,31,10,5,4,1,ITI,ITI,220,0.022727272727272728,5,24,0.20833333333333334,Global on,Global off
PTSD,31,12,5,4,4,ITI,ITI,220,0.022727272727272728,4,24,0.16666666666666666,Global on,Global on
PTSD,31,19,5,4,3,ITI,ITI,220,0.022727272727272728,3,24,0.125,Global on,Safety-like
PTSD,31,25,5,4,1,ITI,ITI,220,0.022727272727272728,4,24,0.16666666666666666,Global on,Global off
PTSD,31,27,5,4,4,ITI,ITI,220,0.022727272727272728,5,24,0.20833333333333334,Global on,Global on
PTSD,22,3,1,4,1,ITI,ITI,44,0.022727272727272728,1,24,0.041666666666666664,Global on,Global off
PTSD,22,7,1,4,1,ITI,CS+,44,0.022727272727272728,1,24,0.041666666666666664,Global on,Global off
PTSD,22,9,1,4,1,ITI,CS-,44,0.022727272727272728,1,24,0.041666666666666664,Global on,Global off
PTSD,22,19,1,4,3,ITI,ITI,44,0.022727272727272728,1,24,0.041666666666666664,Global on,Safety-like
PTSD,22,23,1,4,4,ITI,ITI,44,0.022727272727272728,1,24,0.041666666666666664,Global on,Global on
PTSD,22,24,1,4,4,ITI,ITI,44,0.022727272727272728,1,24,0.041666666666666664,Global on,Global on
PTSD,22,29,1,4,2,ITI,CS-,44,0.022727272727272728,1,24,0.041666666666666664,Global on,Threat-like
PTSD,22,30,1,4,4,ITI,ITI,44,0.022727272727272728,1,24,0.041666666666666664,Global on,Global on
PTSD,22,31,1,4,4,CS-,CS-,44,0.022727272727272728,1,24,0.041666666666666664,Global on,Global on
PTSD,16,5,5,4,1,ITI,ITI,226,0.022123893805309734,4,24,0.16666666666666666,Global on,Global off
PTSD,16,10,5,4,1,ITI,ITI,226,0.022123893805309734,4,24,0.16666666666666666,Global on,Global off
PTSD,16,17,5,4,1,ITI,ITI,226,0.022123893805309734,4,24,0.16666666666666666,Global on,Global off
PTSD,16,20,5,4,3,CS-,ITI,226,0.022123893805309734,4,24,0.16666666666666666,Global on,Safety-like
PTSD,16,21,5,4,1,CS-,ITI,226,0.022123893805309734,4,24,0.16666666666666666,Global on,Global off
PTSD,16,28,5,4,4,ITI,ITI,226,0.022123893805309734,4,24,0.16666666666666666,Global on,Global on
PTSD,1,8,9,1,4,ITI,ITI,408,0.022058823529411766,8,24,0.3333333333333333,Global off,Global on
PTSD,1,15,9,1,2,ITI,CS+,408,0.022058823529411766,6,24,0.25,Global off,Threat-like
PTSD,1,19,9,1,3,ITI,ITI,408,0.022058823529411766,7,24,0.2916666666666667,Global off,Safety-like
PTSD,1,29,9,1,2,ITI,ITI,408,0.022058823529411766,8,24,0.3333333333333333,Global off,Threat-like
PTSD,1,31,9,1,4,CS+,CS+,408,0.022058823529411766,8,24,0.3333333333333333,Global off,Global on
PTSD,2,3,5,1,1,ITI,CS+,229,0.021834061135371178,4,24,0.16666666666666666,Global off,Global off
PTSD,2,18,5,1,3,ITI,ITI,229,0.021834061135371178,5,24,0.20833333333333334,Global off,Safety-like
PTSD,2,30,5,1,4,CS-,ITI,229,0.021834061135371178,4,24,0.16666666666666666,Global off,Global on
PTSD,12,10,2,4,1,ITI,CS+,92,0.021739130434782608,2,24,0.08333333333333333,Global on,Global off
PTSD,12,11,2,4,1,CS-,CS-,92,0.021739130434782608,1,24,0.041666666666666664,Global on,Global off
PTSD,12,19,2,4,3,ITI,CS-,92,0.021739130434782608,2,24,0.08333333333333333,Global on,Safety-like
PTSD,12,24,2,4,4,ITI,CS+,92,0.021739130434782608,2,24,0.08333333333333333,Global on,Global on
PTSD,8,6,2,4,1,CS-,CS-,93,0.021505376344086023,2,24,0.08333333333333333,Global on,Global off
PTSD,8,12,2,4,4,CS-,CS+,93,0.021505376344086023,2,24,0.08333333333333333,Global on,Global on
PTSD,8,14,2,4,2,ITI,ITI,93,0.021505376344086023,2,24,0.08333333333333333,Global on,Threat-like
PTSD,8,17,2,4,1,CS-,CS-,93,0.021505376344086023,2,24,0.08333333333333333,Global on,Global off
PTSD,21,8,2,1,4,CS+,CS+,93,0.021505376344086023,2,24,0.08333333333333333,Global off,Global on
PTSD,21,13,2,1,2,ITI,CS+,93,0.021505376344086023,2,24,0.08333333333333333,Global off,Threat-like
PTSD,21,14,2,1,2,ITI,CS+,93,0.021505376344086023,2,24,0.08333333333333333,Global off,Threat-like
PTSD,21,15,2,1,2,CS-,CS-,93,0.021505376344086023,2,24,0.08333333333333333,Global off,Threat-like
PTSD,21,28,2,1,4,CS-,ITI,93,0.021505376344086023,2,24,0.08333333333333333,Global off,Global on
PTSD,21,31,2,1,4,CS-,CS-,93,0.021505376344086023,2,24,0.08333333333333333,Global off,Global on
PTSD,19,5,3,3,1,ITI,CS+,140,0.02142857142857143,3,24,0.125,Safety-like,Global off
PTSD,19,11,3,3,1,ITI,CS-,140,0.02142857142857143,3,24,0.125,Safety-like,Global off
PTSD,19,12,3,3,4,ITI,ITI,140,0.02142857142857143,2,24,0.08333333333333333,Safety-like,Global on
PTSD,19,18,3,3,3,ITI,ITI,140,0.02142857142857143,3,24,0.125,Safety-like,Safety-like
PTSD,19,24,3,3,4,ITI,CS+,140,0.02142857142857143,3,24,0.125,Safety-like,Global on
PTSD,19,30,3,3,4,ITI,CS+,140,0.02142857142857143,3,24,0.125,Safety-like,Global on
PTSD,17,25,5,1,1,ITI,CS-,234,0.021367521367521368,4,24,0.16666666666666666,Global off,Global off
PTSD,26,4,1,4,3,ITI,ITI,47,0.02127659574468085,1,24,0.041666666666666664,Global on,Safety-like
PTSD,26,9,1,4,1,ITI,CS-,47,0.02127659574468085,1,24,0.041666666666666664,Global on,Global off
PTSD,26,10,1,4,1,ITI,ITI,47,0.02127659574468085,1,24,0.041666666666666664,Global on,Global off
PTSD,26,12,1,4,4,CS+,CS+,47,0.02127659574468085,1,24,0.041666666666666664,Global on,Global on
PTSD,26,16,1,4,4,CS-,CS-,47,0.02127659574468085,1,24,0.041666666666666664,Global on,Global on
PTSD,26,18,1,4,3,ITI,CS+,47,0.02127659574468085,1,24,0.041666666666666664,Global on,Safety-like
PTSD,26,22,1,4,4,ITI,CS-,47,0.02127659574468085,1,24,0.041666666666666664,Global on,Global on
PTSD,26,24,1,4,4,ITI,ITI,47,0.02127659574468085,1,24,0.041666666666666664,Global on,Global on
PTSD,26,27,1,4,4,ITI,ITI,47,0.02127659574468085,1,24,0.041666666666666664,Global on,Global on
PTSD,26,29,1,4,2,ITI,CS-,47,0.02127659574468085,1,24,0.041666666666666664,Global on,Threat-like
PTSD,32,10,9,4,1,ITI,ITI,425,0.021176470588235293,8,24,0.3333333333333333,Global on,Global off
PTSD,32,26,9,4,4,ITI,ITI,425,0.021176470588235293,7,24,0.2916666666666667,Global on,Global on
PTSD,10,2,2,1,1,ITI,ITI,95,0.021052631578947368,2,24,0.08333333333333333,Global off,Global off
PTSD,10,3,2,1,1,ITI,ITI,95,0.021052631578947368,2,24,0.08333333333333333,Global off,Global off
PTSD,10,8,2,1,4,ITI,CS+,95,0.021052631578947368,2,24,0.08333333333333333,Global off,Global on
PTSD,10,12,2,1,4,ITI,CS-,95,0.021052631578947368,2,24,0.08333333333333333,Global off,Global on
PTSD,10,20,2,1,3,CS-,CS-,95,0.021052631578947368,2,24,0.08333333333333333,Global off,Safety-like
PTSD,10,22,2,1,4,CS-,CS-,95,0.021052631578947368,2,24,0.08333333333333333,Global off,Global on
PTSD,10,23,2,1,4,CS+,ITI,95,0.021052631578947368,1,24,0.041666666666666664,Global off,Global on
PTSD,10,24,2,1,4,CS-,ITI,95,0.021052631578947368,1,24,0.041666666666666664,Global off,Global on
PTSD,28,5,3,4,1,ITI,ITI,145,0.020689655172413793,3,24,0.125,Global on,Global off
PTSD,28,12,3,4,4,ITI,CS+,145,0.020689655172413793,3,24,0.125,Global on,Global on
PTSD,28,15,3,4,2,ITI,CS+,145,0.020689655172413793,3,24,0.125,Global on,Threat-like
PTSD,28,24,3,4,4,ITI,CS+,145,0.020689655172413793,3,24,0.125,Global on,Global on
PTSD,28,25,3,4,1,ITI,ITI,145,0.020689655172413793,3,24,0.125,Global on,Global off
PTSD,28,27,3,4,4,ITI,ITI,145,0.020689655172413793,3,24,0.125,Global on,Global on
PTSD,29,28,4,2,4,ITI,ITI,196,0.02040816326530612,3,24,0.125,Threat-like,Global on
PTSD,5,7,3,1,1,CS+,CS+,148,0.02027027027027027,3,24,0.125,Global off,Global off
PTSD,5,17,3,1,1,ITI,ITI,148,0.02027027027027027,3,24,0.125,Global off,Global off
PTSD,5,22,3,1,4,CS+,ITI,148,0.02027027027027027,3,24,0.125,Global off,Global on
PTSD,5,24,3,1,4,ITI,ITI,148,0.02027027027027027,2,24,0.08333333333333333,Global off,Global on
PTSD,25,4,2,1,3,ITI,CS-,99,0.020202020202020204,2,24,0.08333333333333333,Global off,Safety-like
PTSD,25,6,2,1,1,ITI,ITI,99,0.020202020202020204,2,24,0.08333333333333333,Global off,Global off
PTSD,25,9,2,1,1,ITI,CS-,99,0.020202020202020204,2,24,0.08333333333333333,Global off,Global off
PTSD,25,10,2,1,1,CS-,CS-,99,0.020202020202020204,2,24,0.08333333333333333,Global off,Global off
PTSD,25,14,2,1,2,CS-,CS-,99,0.020202020202020204,2,24,0.08333333333333333,Global off,Threat-like
PTSD,25,23,2,1,4,ITI,CS-,99,0.020202020202020204,2,24,0.08333333333333333,Global off,Global on
PTSD,25,24,2,1,4,CS-,CS-,99,0.020202020202020204,2,24,0.08333333333333333,Global off,Global on
PTSD,25,27,2,1,4,ITI,ITI,99,0.020202020202020204,2,24,0.08333333333333333,Global off,Global on
PTSD,15,8,2,2,4,CS-,CS-,100,0.02,2,24,0.08333333333333333,Threat-like,Global on
PTSD,15,9,2,2,1,CS-,CS-,100,0.02,2,24,0.08333333333333333,Threat-like,Global off
PTSD,15,20,2,2,3,CS-,ITI,100,0.02,2,24,0.08333333333333333,Threat-like,Safety-like
PTSD,1,10,8,1,1,CS+,CS+,408,0.0196078431372549,7,24,0.2916666666666667,Global off,Global off
PTSD,1,21,8,1,1,ITI,ITI,408,0.0196078431372549,7,24,0.2916666666666667,Global off,Global off
PTSD,4,8,4,3,4,ITI,ITI,204,0.0196078431372549,4,24,0.16666666666666666,Safety-like,Global on
PTSD,4,13,4,3,2,ITI,ITI,204,0.0196078431372549,4,24,0.16666666666666666,Safety-like,Threat-like
PTSD,4,21,4,3,1,ITI,ITI,204,0.0196078431372549,3,24,0.125,Safety-like,Global off
PTSD,3,7,2,1,1,CS+,CS+,102,0.0196078431372549,2,24,0.08333333333333333,Global off,Global off
PTSD,3,23,2,1,4,CS-,CS-,102,0.0196078431372549,2,24,0.08333333333333333,Global off,Global on
PTSD,3,26,2,1,4,ITI,CS-,102,0.0196078431372549,2,24,0.08333333333333333,Global off,Global on
PTSD,3,28,2,1,4,CS-,CS-,102,0.0196078431372549,2,24,0.08333333333333333,Global off,Global on
PTSD,7,6,1,1,1,CS+,CS+,51,0.0196078431372549,1,24,0.041666666666666664,Global off,Global off
PTSD,7,9,1,1,1,ITI,CS+,51,0.0196078431372549,1,24,0.041666666666666664,Global off,Global off
PTSD,7,10,1,1,1,ITI,CS+,51,0.0196078431372549,1,24,0.041666666666666664,Global off,Global off
PTSD,7,13,1,1,2,CS+,ITI,51,0.0196078431372549,1,24,0.041666666666666664,Global off,Threat-like
PTSD,7,17,1,1,1,ITI,ITI,51,0.0196078431372549,1,24,0.041666666666666664,Global off,Global off
PTSD,7,18,1,1,3,ITI,ITI,51,0.0196078431372549,1,24,0.041666666666666664,Global off,Safety-like
PTSD,7,20,1,1,3,ITI,ITI,51,0.0196078431372549,1,24,0.041666666666666664,Global off,Safety-like
PTSD,7,22,1,1,4,CS+,ITI,51,0.0196078431372549,1,24,0.041666666666666664,Global off,Global on
PTSD,7,23,1,1,4,ITI,ITI,51,0.0196078431372549,1,24,0.041666666666666664,Global off,Global on
PTSD,7,25,1,1,1,ITI,ITI,51,0.0196078431372549,1,24,0.041666666666666664,Global off,Global off
PTSD,7,28,1,1,4,CS+,ITI,51,0.0196078431372549,1,24,0.041666666666666664,Global off,Global on
PTSD,7,29,1,1,2,CS-,ITI,51,0.0196078431372549,1,24,0.041666666666666664,Global off,Threat-like
PTSD,13,10,4,2,1,ITI,CS+,205,0.01951219512195122,4,24,0.16666666666666666,Threat-like,Global off
PTSD,13,11,4,2,1,ITI,ITI,205,0.01951219512195122,3,24,0.125,Threat-like,Global off
PTSD,13,23,4,2,4,CS-,ITI,205,0.01951219512195122,3,24,0.125,Threat-like,Global on
PTSD,13,30,4,2,4,ITI,ITI,205,0.01951219512195122,4,24,0.16666666666666666,Threat-like,Global on
PTSD,20,3,4,3,1,ITI,ITI,205,0.01951219512195122,3,24,0.125,Safety-like,Global off
PTSD,20,5,4,3,1,ITI,ITI,205,0.01951219512195122,3,24,0.125,Safety-like,Global off
PTSD,20,9,4,3,1,CS+,ITI,205,0.01951219512195122,1,24,0.041666666666666664,Safety-like,Global off
PTSD,20,16,4,3,4,ITI,ITI,205,0.01951219512195122,4,24,0.16666666666666666,Safety-like,Global on
PTSD,20,18,4,3,3,ITI,CS-,205,0.01951219512195122,4,24,0.16666666666666666,Safety-like,Safety-like
PTSD,20,21,4,3,1,ITI,ITI,205,0.01951219512195122,4,24,0.16666666666666666,Safety-like,Global off
PTSD,32,9,8,4,1,ITI,CS-,425,0.018823529411764704,6,24,0.25,Global on,Global off
PTSD,31,15,4,4,2,ITI,ITI,220,0.01818181818181818,3,24,0.125,Global on,Threat-like
PTSD,16,12,4,4,4,ITI,ITI,226,0.017699115044247787,3,24,0.125,Global on,Global on
PTSD,16,15,4,4,2,CS-,ITI,226,0.017699115044247787,4,24,0.16666666666666666,Global on,Threat-like
PTSD,16,23,4,4,4,CS-,CS-,226,0.017699115044247787,3,24,0.125,Global on,Global on
PTSD,16,27,4,4,4,ITI,ITI,226,0.017699115044247787,3,24,0.125,Global on,Global on
PTSD,2,23,4,1,4,ITI,CS-,229,0.017467248908296942,3,24,0.125,Global off,Global on
PTSD,9,15,2,1,2,CS-,CS-,115,0.017391304347826087,2,24,0.08333333333333333,Global off,Threat-like
PTSD,9,30,2,1,4,ITI,ITI,115,0.017391304347826087,2,24,0.08333333333333333,Global off,Global on
PTSD,27,5,1,4,1,CS-,CS-,58,0.017241379310344827,1,24,0.041666666666666664,Global on,Global off
PTSD,27,6,1,4,1,ITI,ITI,58,0.017241379310344827,1,24,0.041666666666666664,Global on,Global off
PTSD,27,9,1,4,1,ITI,CS-,58,0.017241379310344827,1,24,0.041666666666666664,Global on,Global off
PTSD,27,11,1,4,1,ITI,CS-,58,0.017241379310344827,1,24,0.041666666666666664,Global on,Global off
PTSD,27,15,1,4,2,ITI,CS-,58,0.017241379310344827,1,24,0.041666666666666664,Global on,Threat-like
PTSD,27,16,1,4,4,CS-,CS-,58,0.017241379310344827,1,24,0.041666666666666664,Global on,Global on
PTSD,27,20,1,4,3,ITI,ITI,58,0.017241379310344827,1,24,0.041666666666666664,Global on,Safety-like
PTSD,27,23,1,4,4,CS-,CS-,58,0.017241379310344827,1,24,0.041666666666666664,Global on,Global on
PTSD,27,26,1,4,4,CS-,ITI,58,0.017241379310344827,1,24,0.041666666666666664,Global on,Global on
PTSD,1,24,7,1,4,CS-,ITI,408,0.01715686274509804,5,24,0.20833333333333334,Global off,Global on
PTSD,17,3,4,1,1,ITI,CS-,234,0.017094017094017096,3,24,0.125,Global off,Global off
PTSD,17,16,4,1,4,CS+,CS+,234,0.017094017094017096,4,24,0.16666666666666666,Global off,Global on
PTSD,17,23,4,1,4,ITI,CS+,234,0.017094017094017096,3,24,0.125,Global off,Global on
PTSD,17,26,4,1,4,ITI,ITI,234,0.017094017094017096,2,24,0.08333333333333333,Global off,Global on
PTSD,30,12,2,4,4,ITI,CS+,120,0.016666666666666666,2,24,0.08333333333333333,Global on,Global on
PTSD,30,20,2,4,3,CS-,ITI,120,0.016666666666666666,2,24,0.08333333333333333,Global on,Safety-like
PTSD,30,21,2,4,1,ITI,CS-,120,0.016666666666666666,2,24,0.08333333333333333,Global on,Global off
PTSD,30,26,2,4,4,CS+,CS+,120,0.016666666666666666,2,24,0.08333333333333333,Global on,Global on
PTSD,24,3,2,4,1,ITI,CS+,121,0.01652892561983471,1,24,0.041666666666666664,Global on,Global off
PTSD,24,14,2,4,2,CS+,CS+,121,0.01652892561983471,2,24,0.08333333333333333,Global on,Threat-like
PTSD,24,15,2,4,2,CS+,CS+,121,0.01652892561983471,2,24,0.08333333333333333,Global on,Threat-like
PTSD,24,18,2,4,3,CS-,ITI,121,0.01652892561983471,2,24,0.08333333333333333,Global on,Safety-like
PTSD,24,21,2,4,1,ITI,ITI,121,0.01652892561983471,2,24,0.08333333333333333,Global on,Global off
PTSD,24,23,2,4,4,ITI,ITI,121,0.01652892561983471,2,24,0.08333333333333333,Global on,Global on
PTSD,24,30,2,4,4,ITI,ITI,121,0.01652892561983471,2,24,0.08333333333333333,Global on,Global on
PTSD,14,7,2,2,1,CS+,CS+,124,0.016129032258064516,2,24,0.08333333333333333,Threat-like,Global off
PTSD,14,17,2,2,1,ITI,ITI,124,0.016129032258064516,2,24,0.08333333333333333,Threat-like,Global off
PTSD,14,27,2,2,4,CS+,CS-,124,0.016129032258064516,2,24,0.08333333333333333,Threat-like,Global on
PTSD,14,28,2,2,4,CS+,ITI,124,0.016129032258064516,2,24,0.08333333333333333,Threat-like,Global on
PTSD,29,2,3,2,1,ITI,ITI,196,0.015306122448979591,3,24,0.125,Threat-like,Global off
PTSD,29,5,3,2,1,CS+,ITI,196,0.015306122448979591,2,24,0.08333333333333333,Threat-like,Global off
PTSD,29,7,3,2,1,CS+,ITI,196,0.015306122448979591,2,24,0.08333333333333333,Threat-like,Global off
PTSD,29,9,3,2,1,ITI,ITI,196,0.015306122448979591,3,24,0.125,Threat-like,Global off
PTSD,1,7,6,1,1,ITI,ITI,408,0.014705882352941176,5,24,0.20833333333333334,Global off,Global off
PTSD,1,12,6,1,4,ITI,ITI,408,0.014705882352941176,5,24,0.20833333333333334,Global off,Global on
PTSD,4,6,3,3,1,CS+,CS+,204,0.014705882352941176,3,24,0.125,Safety-like,Global off
PTSD,4,14,3,3,2,CS+,CS+,204,0.014705882352941176,2,24,0.08333333333333333,Safety-like,Threat-like
PTSD,4,22,3,3,4,ITI,ITI,204,0.014705882352941176,2,24,0.08333333333333333,Safety-like,Global on
PTSD,4,25,3,3,1,ITI,ITI,204,0.014705882352941176,3,24,0.125,Safety-like,Global off
PTSD,4,28,3,3,4,CS+,CS-,204,0.014705882352941176,3,24,0.125,Safety-like,Global on
PTSD,13,3,3,2,1,CS+,ITI,205,0.014634146341463415,3,24,0.125,Threat-like,Global off
PTSD,13,18,3,2,3,ITI,ITI,205,0.014634146341463415,3,24,0.125,Threat-like,Safety-like
PTSD,13,20,3,2,3,CS+,CS+,205,0.014634146341463415,3,24,0.125,Threat-like,Safety-like
PTSD,20,8,3,3,4,ITI,ITI,205,0.014634146341463415,3,24,0.125,Safety-like,Global on
PTSD,20,14,3,3,2,ITI,ITI,205,0.014634146341463415,3,24,0.125,Safety-like,Threat-like
PTSD,20,24,3,3,4,ITI,ITI,205,0.014634146341463415,3,24,0.125,Safety-like,Global on
PTSD,20,26,3,3,4,ITI,CS+,205,0.014634146341463415,3,24,0.125,Safety-like,Global on
PTSD,20,27,3,3,4,ITI,ITI,205,0.014634146341463415,3,24,0.125,Safety-like,Global on
PTSD,19,6,2,3,1,CS-,CS-,140,0.014285714285714285,2,24,0.08333333333333333,Safety-like,Global off
PTSD,19,9,2,3,1,CS-,CS-,140,0.014285714285714285,2,24,0.08333333333333333,Safety-like,Global off
PTSD,19,21,2,3,1,CS-,CS-,140,0.014285714285714285,2,24,0.08333333333333333,Safety-like,Global off
PTSD,32,5,6,4,1,CS+,ITI,425,0.01411764705882353,5,24,0.20833333333333334,Global on,Global off
PTSD,32,23,6,4,4,CS+,ITI,425,0.01411764705882353,5,24,0.20833333333333334,Global on,Global on
PTSD,28,2,2,4,1,CS-,ITI,145,0.013793103448275862,2,24,0.08333333333333333,Global on,Global off
PTSD,28,6,2,4,1,CS-,CS+,145,0.013793103448275862,2,24,0.08333333333333333,Global on,Global off
PTSD,28,16,2,4,4,CS+,CS+,145,0.013793103448275862,1,24,0.041666666666666664,Global on,Global on
PTSD,6,7,1,1,1,CS-,CS-,73,0.0136986301369863,1,24,0.041666666666666664,Global off,Global off
PTSD,6,11,1,1,1,ITI,ITI,73,0.0136986301369863,1,24,0.041666666666666664,Global off,Global off
PTSD,6,19,1,1,3,CS-,ITI,73,0.0136986301369863,1,24,0.041666666666666664,Global off,Safety-like
PTSD,6,29,1,1,2,CS-,ITI,73,0.0136986301369863,1,24,0.041666666666666664,Global off,Threat-like
PTSD,6,31,1,1,4,ITI,ITI,73,0.0136986301369863,1,24,0.041666666666666664,Global off,Global on
PTSD,31,3,3,4,1,ITI,CS-,220,0.013636363636363636,2,24,0.08333333333333333,Global on,Global off
PTSD,31,6,3,4,1,ITI,CS+,220,0.013636363636363636,2,24,0.08333333333333333,Global on,Global off
PTSD,5,9,2,1,1,ITI,CS-,148,0.013513513513513514,2,24,0.08333333333333333,Global off,Global off
PTSD,5,11,2,1,1,CS-,CS-,148,0.013513513513513514,2,24,0.08333333333333333,Global off,Global off
PTSD,5,14,2,1,2,CS+,CS-,148,0.013513513513513514,2,24,0.08333333333333333,Global off,Threat-like
PTSD,5,19,2,1,3,ITI,ITI,148,0.013513513513513514,2,24,0.08333333333333333,Global off,Safety-like
PTSD,5,25,2,1,1,CS-,ITI,148,0.013513513513513514,2,24,0.08333333333333333,Global off,Global off
PTSD,18,5,1,3,1,CS+,ITI,75,0.013333333333333334,1,24,0.041666666666666664,Safety-like,Global off
PTSD,18,6,1,3,1,ITI,ITI,75,0.013333333333333334,1,24,0.041666666666666664,Safety-like,Global off
PTSD,18,15,1,3,2,CS+,CS+,75,0.013333333333333334,1,24,0.041666666666666664,Safety-like,Threat-like
PTSD,18,25,1,3,1,ITI,ITI,75,0.013333333333333334,1,24,0.041666666666666664,Safety-like,Global off
PTSD,18,26,1,3,4,ITI,ITI,75,0.013333333333333334,1,24,0.041666666666666664,Safety-like,Global on
PTSD,16,8,3,4,4,ITI,ITI,226,0.01327433628318584,3,24,0.125,Global on,Global on
PTSD,16,26,3,4,4,ITI,CS+,226,0.01327433628318584,3,24,0.125,Global on,Global on
PTSD,2,28,3,1,4,ITI,ITI,229,0.013100436681222707,3,24,0.125,Global off,Global on
PTSD,17,9,3,1,1,CS-,ITI,234,0.01282051282051282,3,24,0.125,Global off,Global off
PTSD,17,14,3,1,2,ITI,CS+,234,0.01282051282051282,3,24,0.125,Global off,Threat-like
PTSD,17,15,3,1,2,CS+,CS+,234,0.01282051282051282,2,24,0.08333333333333333,Global off,Threat-like
PTSD,1,18,5,1,3,ITI,ITI,408,0.012254901960784314,5,24,0.20833333333333334,Global off,Safety-like
PTSD,23,5,1,4,1,ITI,CS-,82,0.012195121951219513,1,24,0.041666666666666664,Global on,Global off
PTSD,23,6,1,4,1,CS+,CS+,82,0.012195121951219513,1,24,0.041666666666666664,Global on,Global off
PTSD,23,14,1,4,2,CS+,CS+,82,0.012195121951219513,1,24,0.041666666666666664,Global on,Threat-like
PTSD,23,24,1,4,4,ITI,ITI,82,0.012195121951219513,1,24,0.041666666666666664,Global on,Global on
PTSD,23,27,1,4,4,ITI,ITI,82,0.012195121951219513,1,24,0.041666666666666664,Global on,Global on
PTSD,32,3,5,4,1,ITI,ITI,425,0.011764705882352941,5,24,0.20833333333333334,Global on,Global off
PTSD,32,6,5,4,1,ITI,ITI,425,0.011764705882352941,4,24,0.16666666666666666,Global on,Global off
PTSD,32,8,5,4,4,ITI,ITI,425,0.011764705882352941,5,24,0.20833333333333334,Global on,Global on
PTSD,32,22,5,4,4,CS+,ITI,425,0.011764705882352941,4,24,0.16666666666666666,Global on,Global on
PTSD,12,7,1,4,1,ITI,CS-,92,0.010869565217391304,1,24,0.041666666666666664,Global on,Global off
PTSD,12,14,1,4,2,ITI,CS-,92,0.010869565217391304,1,24,0.041666666666666664,Global on,Threat-like
PTSD,12,17,1,4,1,ITI,ITI,92,0.010869565217391304,1,24,0.041666666666666664,Global on,Global off
PTSD,12,18,1,4,3,CS-,ITI,92,0.010869565217391304,1,24,0.041666666666666664,Global on,Safety-like
PTSD,12,21,1,4,1,CS-,CS-,92,0.010869565217391304,1,24,0.041666666666666664,Global on,Global off
PTSD,12,26,1,4,4,CS-,ITI,92,0.010869565217391304,1,24,0.041666666666666664,Global on,Global on
PTSD,12,27,1,4,4,CS-,CS-,92,0.010869565217391304,1,24,0.041666666666666664,Global on,Global on
PTSD,12,29,1,4,2,CS-,CS-,92,0.010869565217391304,1,24,0.041666666666666664,Global on,Threat-like
PTSD,8,7,1,4,1,ITI,ITI,93,0.010752688172043012,1,24,0.041666666666666664,Global on,Global off
PTSD,8,10,1,4,1,ITI,ITI,93,0.010752688172043012,1,24,0.041666666666666664,Global on,Global off
PTSD,8,11,1,4,1,CS+,CS+,93,0.010752688172043012,1,24,0.041666666666666664,Global on,Global off
PTSD,8,22,1,4,4,ITI,CS-,93,0.010752688172043012,1,24,0.041666666666666664,Global on,Global on
PTSD,8,23,1,4,4,CS+,ITI,93,0.010752688172043012,1,24,0.041666666666666664,Global on,Global on
PTSD,8,24,1,4,4,CS+,ITI,93,0.010752688172043012,1,24,0.041666666666666664,Global on,Global on
PTSD,8,25,1,4,1,ITI,CS-,93,0.010752688172043012,1,24,0.041666666666666664,Global on,Global off
PTSD,8,28,1,4,4,ITI,ITI,93,0.010752688172043012,1,24,0.041666666666666664,Global on,Global on
PTSD,8,30,1,4,4,ITI,CS+,93,0.010752688172043012,1,24,0.041666666666666664,Global on,Global on
PTSD,21,2,1,1,1,ITI,ITI,93,0.010752688172043012,1,24,0.041666666666666664,Global off,Global off
PTSD,21,11,1,1,1,CS-,CS-,93,0.010752688172043012,1,24,0.041666666666666664,Global off,Global off
PTSD,21,22,1,1,4,CS+,CS+,93,0.010752688172043012,1,24,0.041666666666666664,Global off,Global on
PTSD,21,23,1,1,4,CS-,CS-,93,0.010752688172043012,1,24,0.041666666666666664,Global off,Global on
PTSD,21,25,1,1,1,ITI,ITI,93,0.010752688172043012,1,24,0.041666666666666664,Global off,Global off
PTSD,21,27,1,1,4,ITI,ITI,93,0.010752688172043012,1,24,0.041666666666666664,Global off,Global on
PTSD,10,15,1,1,2,CS+,CS+,95,0.010526315789473684,1,24,0.041666666666666664,Global off,Threat-like
PTSD,10,18,1,1,3,ITI,ITI,95,0.010526315789473684,1,24,0.041666666666666664,Global off,Safety-like
PTSD,10,26,1,1,4,CS-,CS-,95,0.010526315789473684,1,24,0.041666666666666664,Global off,Global on
PTSD,10,28,1,1,4,CS+,CS+,95,0.010526315789473684,1,24,0.041666666666666664,Global off,Global on
PTSD,10,30,1,1,4,ITI,ITI,95,0.010526315789473684,1,24,0.041666666666666664,Global off,Global on
PTSD,29,3,2,2,1,CS-,CS-,196,0.01020408163265306,2,24,0.08333333333333333,Threat-like,Global off
PTSD,29,6,2,2,1,CS+,CS+,196,0.01020408163265306,2,24,0.08333333333333333,Threat-like,Global off
PTSD,29,10,2,2,1,ITI,CS-,196,0.01020408163265306,2,24,0.08333333333333333,Threat-like,Global off
PTSD,29,11,2,2,1,CS+,ITI,196,0.01020408163265306,2,24,0.08333333333333333,Threat-like,Global off
PTSD,29,26,2,2,4,ITI,ITI,196,0.01020408163265306,2,24,0.08333333333333333,Threat-like,Global on
PTSD,25,8,1,1,4,CS-,ITI,99,0.010101010101010102,1,24,0.041666666666666664,Global off,Global on
PTSD,25,15,1,1,2,ITI,CS+,99,0.010101010101010102,1,24,0.041666666666666664,Global off,Threat-like
PTSD,25,26,1,1,4,ITI,ITI,99,0.010101010101010102,1,24,0.041666666666666664,Global off,Global on
PTSD,25,28,1,1,4,ITI,CS-,99,0.010101010101010102,1,24,0.041666666666666664,Global off,Global on
PTSD,25,30,1,1,4,ITI,ITI,99,0.010101010101010102,1,24,0.041666666666666664,Global off,Global on
PTSD,15,2,1,2,1,CS-,CS-,100,0.01,1,24,0.041666666666666664,Threat-like,Global off
PTSD,15,4,1,2,3,CS+,ITI,100,0.01,1,24,0.041666666666666664,Threat-like,Safety-like
PTSD,15,5,1,2,1,CS-,ITI,100,0.01,1,24,0.041666666666666664,Threat-like,Global off
PTSD,15,10,1,2,1,ITI,ITI,100,0.01,1,24,0.041666666666666664,Threat-like,Global off
PTSD,15,11,1,2,1,CS-,ITI,100,0.01,1,24,0.041666666666666664,Threat-like,Global off
PTSD,15,17,1,2,1,ITI,ITI,100,0.01,1,24,0.041666666666666664,Threat-like,Global off
PTSD,15,19,1,2,3,ITI,ITI,100,0.01,1,24,0.041666666666666664,Threat-like,Safety-like
PTSD,15,23,1,2,4,ITI,ITI,100,0.01,1,24,0.041666666666666664,Threat-like,Global on
PTSD,15,27,1,2,4,CS+,CS+,100,0.01,1,24,0.041666666666666664,Threat-like,Global on
PTSD,1,11,4,1,1,ITI,CS-,408,0.00980392156862745,3,24,0.125,Global off,Global off
PTSD,1,26,4,1,4,ITI,ITI,408,0.00980392156862745,4,24,0.16666666666666666,Global off,Global on
PTSD,1,28,4,1,4,ITI,ITI,408,0.00980392156862745,3,24,0.125,Global off,Global on
PTSD,1,30,4,1,4,CS+,CS+,408,0.00980392156862745,4,24,0.16666666666666666,Global off,Global on
PTSD,4,7,2,3,1,ITI,CS+,204,0.00980392156862745,2,24,0.08333333333333333,Safety-like,Global off
PTSD,4,10,2,3,1,CS+,CS+,204,0.00980392156862745,2,24,0.08333333333333333,Safety-like,Global off
PTSD,4,11,2,3,1,CS-,CS-,204,0.00980392156862745,2,24,0.08333333333333333,Safety-like,Global off
PTSD,4,15,2,3,2,ITI,CS+,204,0.00980392156862745,2,24,0.08333333333333333,Safety-like,Threat-like
PTSD,4,26,2,3,4,ITI,ITI,204,0.00980392156862745,2,24,0.08333333333333333,Safety-like,Global on
PTSD,4,30,2,3,4,ITI,CS+,204,0.00980392156862745,2,24,0.08333333333333333,Safety-like,Global on
PTSD,3,6,1,1,1,CS-,ITI,102,0.00980392156862745,1,24,0.041666666666666664,Global off,Global off
PTSD,3,19,1,1,3,ITI,ITI,102,0.00980392156862745,1,24,0.041666666666666664,Global off,Safety-like
PTSD,3,27,1,1,4,ITI,ITI,102,0.00980392156862745,1,24,0.041666666666666664,Global off,Global on
PTSD,13,6,2,2,1,ITI,CS-,205,0.00975609756097561,2,24,0.08333333333333333,Threat-like,Global off
PTSD,20,7,2,3,1,ITI,ITI,205,0.00975609756097561,2,24,0.08333333333333333,Safety-like,Global off
PTSD,20,12,2,3,4,ITI,CS+,205,0.00975609756097561,2,24,0.08333333333333333,Safety-like,Global on
PTSD,20,15,2,3,2,CS+,CS-,205,0.00975609756097561,1,24,0.041666666666666664,Safety-like,Threat-like
PTSD,20,22,2,3,4,ITI,CS-,205,0.00975609756097561,2,24,0.08333333333333333,Safety-like,Global on
PTSD,20,23,2,3,4,CS-,ITI,205,0.00975609756097561,2,24,0.08333333333333333,Safety-like,Global on
PTSD,32,11,4,4,1,CS-,ITI,425,0.009411764705882352,4,24,0.16666666666666666,Global on,Global off
PTSD,32,18,4,4,3,CS-,CS-,425,0.009411764705882352,4,24,0.16666666666666666,Global on,Safety-like
PTSD,31,7,2,4,1,CS+,ITI,220,0.00909090909090909,1,24,0.041666666666666664,Global on,Global off
PTSD,31,9,2,4,1,CS+,CS+,220,0.00909090909090909,2,24,0.08333333333333333,Global on,Global off
PTSD,31,11,2,4,1,CS+,CS+,220,0.00909090909090909,2,24,0.08333333333333333,Global on,Global off
PTSD,31,18,2,4,3,CS-,CS-,220,0.00909090909090909,2,24,0.08333333333333333,Global on,Safety-like
PTSD,31,22,2,4,4,ITI,CS-,220,0.00909090909090909,2,24,0.08333333333333333,Global on,Global on
PTSD,16,3,2,4,1,ITI,ITI,226,0.008849557522123894,2,24,0.08333333333333333,Global on,Global off
PTSD,16,6,2,4,1,CS+,ITI,226,0.008849557522123894,2,24,0.08333333333333333,Global on,Global off
PTSD,16,7,2,4,1,CS+,CS+,226,0.008849557522123894,2,24,0.08333333333333333,Global on,Global off
PTSD,2,7,2,1,1,ITI,ITI,229,0.008733624454148471,2,24,0.08333333333333333,Global off,Global off
PTSD,2,11,2,1,1,ITI,CS+,229,0.008733624454148471,2,24,0.08333333333333333,Global off,Global off
PTSD,9,6,1,1,1,CS-,ITI,115,0.008695652173913044,1,24,0.041666666666666664,Global off,Global off
PTSD,9,7,1,1,1,CS-,ITI,115,0.008695652173913044,1,24,0.041666666666666664,Global off,Global off
PTSD,9,8,1,1,4,CS-,CS-,115,0.008695652173913044,1,24,0.041666666666666664,Global off,Global on
PTSD,9,11,1,1,1,ITI,CS+,115,0.008695652173913044,1,24,0.041666666666666664,Global off,Global off
PTSD,9,18,1,1,3,ITI,CS+,115,0.008695652173913044,1,24,0.041666666666666664,Global off,Safety-like
PTSD,9,23,1,1,4,ITI,ITI,115,0.008695652173913044,1,24,0.041666666666666664,Global off,Global on
PTSD,9,25,1,1,1,ITI,ITI,115,0.008695652173913044,1,24,0.041666666666666664,Global off,Global off
PTSD,9,27,1,1,4,ITI,ITI,115,0.008695652173913044,1,24,0.041666666666666664,Global off,Global on
PTSD,17,7,2,1,1,CS+,CS+,234,0.008547008547008548,2,24,0.08333333333333333,Global off,Global off
PTSD,17,11,2,1,1,CS-,CS-,234,0.008547008547008548,2,24,0.08333333333333333,Global off,Global off
PTSD,17,12,2,1,4,ITI,CS+,234,0.008547008547008548,2,24,0.08333333333333333,Global off,Global on
PTSD,17,22,2,1,4,CS-,ITI,234,0.008547008547008548,2,24,0.08333333333333333,Global off,Global on
PTSD,17,30,2,1,4,CS+,CS-,234,0.008547008547008548,2,24,0.08333333333333333,Global off,Global on
PTSD,30,5,1,4,1,CS-,CS-,120,0.008333333333333333,1,24,0.041666666666666664,Global on,Global off
PTSD,30,6,1,4,1,CS-,ITI,120,0.008333333333333333,1,24,0.041666666666666664,Global on,Global off
PTSD,30,7,1,4,1,CS-,CS-,120,0.008333333333333333,1,24,0.041666666666666664,Global on,Global off
PTSD,30,8,1,4,4,CS-,CS-,120,0.008333333333333333,1,24,0.041666666666666664,Global on,Global on
PTSD,30,9,1,4,1,ITI,CS+,120,0.008333333333333333,1,24,0.041666666666666664,Global on,Global off
PTSD,30,22,1,4,4,ITI,CS-,120,0.008333333333333333,1,24,0.041666666666666664,Global on,Global on
PTSD,30,23,1,4,4,ITI,ITI,120,0.008333333333333333,1,24,0.041666666666666664,Global on,Global on
PTSD,30,25,1,4,1,ITI,ITI,120,0.008333333333333333,1,24,0.041666666666666664,Global on,Global off
PTSD,24,7,1,4,1,ITI,CS+,121,0.008264462809917356,1,24,0.041666666666666664,Global on,Global off
PTSD,24,25,1,4,1,CS+,ITI,121,0.008264462809917356,1,24,0.041666666666666664,Global on,Global off
PTSD,24,26,1,4,4,ITI,ITI,121,0.008264462809917356,1,24,0.041666666666666664,Global on,Global on
PTSD,24,27,1,4,4,ITI,CS+,121,0.008264462809917356,1,24,0.041666666666666664,Global on,Global on
PTSD,14,11,1,2,1,CS+,ITI,124,0.008064516129032258,1,24,0.041666666666666664,Threat-like,Global off
PTSD,14,19,1,2,3,CS-,ITI,124,0.008064516129032258,1,24,0.041666666666666664,Threat-like,Safety-like
PTSD,14,22,1,2,4,ITI,CS-,124,0.008064516129032258,1,24,0.041666666666666664,Threat-like,Global on
PTSD,14,23,1,2,4,ITI,CS+,124,0.008064516129032258,1,24,0.041666666666666664,Threat-like,Global on
PTSD,14,24,1,2,4,CS+,ITI,124,0.008064516129032258,1,24,0.041666666666666664,Threat-like,Global on
PTSD,1,27,3,1,4,ITI,ITI,408,0.007352941176470588,2,24,0.08333333333333333,Global off,Global on
PTSD,19,7,1,3,1,ITI,CS-,140,0.007142857142857143,1,24,0.041666666666666664,Safety-like,Global off
PTSD,19,8,1,3,4,ITI,ITI,140,0.007142857142857143,1,24,0.041666666666666664,Safety-like,Global on
PTSD,19,10,1,3,1,CS-,ITI,140,0.007142857142857143,1,24,0.041666666666666664,Safety-like,Global off
PTSD,19,14,1,3,2,ITI,ITI,140,0.007142857142857143,1,24,0.041666666666666664,Safety-like,Threat-like
PTSD,19,26,1,3,4,CS+,CS+,140,0.007142857142857143,1,24,0.041666666666666664,Safety-like,Global on
PTSD,19,31,1,3,4,CS-,ITI,140,0.007142857142857143,1,24,0.041666666666666664,Safety-like,Global on
PTSD,28,3,1,4,1,CS+,CS-,145,0.006896551724137931,1,24,0.041666666666666664,Global on,Global off
PTSD,28,7,1,4,1,ITI,ITI,145,0.006896551724137931,1,24,0.041666666666666664,Global on,Global off
PTSD,28,8,1,4,4,ITI,ITI,145,0.006896551724137931,1,24,0.041666666666666664,Global on,Global on
PTSD,28,11,1,4,1,ITI,ITI,145,0.006896551724137931,1,24,0.041666666666666664,Global on,Global off
PTSD,28,23,1,4,4,CS-,ITI,145,0.006896551724137931,1,24,0.041666666666666664,Global on,Global on
PTSD,5,3,1,1,1,CS-,ITI,148,0.006756756756756757,1,24,0.041666666666666664,Global off,Global off
PTSD,5,12,1,1,4,ITI,ITI,148,0.006756756756756757,1,24,0.041666666666666664,Global off,Global on
PTSD,5,18,1,1,3,ITI,ITI,148,0.006756756756756757,1,24,0.041666666666666664,Global off,Safety-like
PTSD,5,26,1,1,4,ITI,ITI,148,0.006756756756756757,1,24,0.041666666666666664,Global off,Global on
PTSD,5,30,1,1,4,CS+,ITI,148,0.006756756756756757,1,24,0.041666666666666664,Global off,Global on
PTSD,29,27,1,2,4,ITI,CS-,196,0.00510204081632653,1,24,0.041666666666666664,Threat-like,Global on
PTSD,1,22,2,1,4,ITI,ITI,408,0.004901960784313725,2,24,0.08333333333333333,Global off,Global on
PTSD,4,27,1,3,4,ITI,ITI,204,0.004901960784313725,1,24,0.041666666666666664,Safety-like,Global on
PTSD,13,12,1,2,4,CS-,ITI,205,0.004878048780487805,1,24,0.041666666666666664,Threat-like,Global on
PTSD,13,19,1,2,3,ITI,ITI,205,0.004878048780487805,1,24,0.041666666666666664,Threat-like,Safety-like
PTSD,13,27,1,2,4,ITI,CS-,205,0.004878048780487805,1,24,0.041666666666666664,Threat-like,Global on
PTSD,13,28,1,2,4,ITI,ITI,205,0.004878048780487805,1,24,0.041666666666666664,Threat-like,Global on
PTSD,20,10,1,3,1,ITI,CS+,205,0.004878048780487805,1,24,0.041666666666666664,Safety-like,Global off
PTSD,32,7,2,4,1,CS+,CS+,425,0.004705882352941176,2,24,0.08333333333333333,Global on,Global off
PTSD,31,5,1,4,1,ITI,CS-,220,0.004545454545454545,1,24,0.041666666666666664,Global on,Global off
PTSD,31,21,1,4,1,ITI,ITI,220,0.004545454545454545,1,24,0.041666666666666664,Global on,Global off
PTSD,31,26,1,4,4,ITI,CS-,220,0.004545454545454545,1,24,0.041666666666666664,Global on,Global on
PTSD,16,9,1,4,1,ITI,ITI,226,0.004424778761061947,1,24,0.041666666666666664,Global on,Global off
PTSD,16,11,1,4,1,CS-,ITI,226,0.004424778761061947,1,24,0.041666666666666664,Global on,Global off
PTSD,2,21,1,1,1,ITI,ITI,229,0.004366812227074236,1,24,0.041666666666666664,Global off,Global off
PTSD,2,22,1,1,4,CS-,ITI,229,0.004366812227074236,1,24,0.041666666666666664,Global off,Global on
PTSD,2,26,1,1,4,ITI,ITI,229,0.004366812227074236,1,24,0.041666666666666664,Global off,Global on
PTSD,17,10,1,1,1,ITI,CS-,234,0.004273504273504274,1,24,0.041666666666666664,Global off,Global off
